Date,Open,High,Low,Close,Volume,Dividends,Stock Splits
2010-02-09,4534.0,4570.7001953125,4498.89990234375,4513.39990234375,0,0.0,0.0
2010-02-10,4512.10009765625,4565.2998046875,4510.89990234375,4554.2998046875,0,0.0,0.0
2010-02-11,4566.10009765625,4593.2998046875,4545.0,4562.10009765625,0,0.0,0.0
2010-02-14,4558.5,4568.7001953125,4537.89990234375,4545.5,0,0.0,0.0
2010-02-15,4550.39990234375,4598.2001953125,4550.39990234375,4567.7998046875,0,0.0,0.0
2010-02-16,4586.2001953125,4672.89990234375,4585.39990234375,4667.89990234375,0,0.0,0.0
2010-02-17,4672.7001953125,4673.10009765625,4633.39990234375,4654.89990234375,0,0.0,0.0
2010-02-18,4662.5,4672.2001953125,4609.60009765625,4635.10009765625,0,0.0,0.0
2010-02-21,4654.7001953125,4717.5,4654.7001953125,4717.5,0,0.0,0.0
2010-02-22,4705.60009765625,4718.2998046875,4688.2001953125,4718.2998046875,0,0.0,0.0
2010-02-23,4702.39990234375,4702.39990234375,4641.0,4648.5,0,0.0,0.0
2010-02-24,4656.39990234375,4689.89990234375,4589.89990234375,4594.10009765625,0,0.0,0.0
2010-02-25,4607.2001953125,4637.7001953125,4593.2998046875,4637.7001953125,0,0.0,0.0
2010-02-28,4633.10009765625,4686.5,4633.10009765625,4686.5,0,0.0,0.0
2010-03-01,4694.39990234375,4716.2001953125,4683.5,4701.89990234375,0,0.0,0.0
2010-03-02,4708.7998046875,4745.7001953125,4706.2998046875,4735.7001953125,0,0.0,0.0
2010-03-03,4743.2001953125,4750.7001953125,4724.7998046875,4750.5,0,0.0,0.0
2010-03-04,4753.39990234375,4780.39990234375,4750.2001953125,4767.2001953125,0,0.0,0.0
2010-03-07,4787.7998046875,4828.5,4787.7998046875,4807.89990234375,0,0.0,0.0
2010-03-08,4806.10009765625,4828.10009765625,4791.10009765625,4820.10009765625,0,0.0,0.0
2010-03-09,4818.60009765625,4837.60009765625,4804.2998046875,4820.0,0,0.0,0.0
2010-03-10,4821.39990234375,4840.10009765625,4805.39990234375,4814.2001953125,0,0.0,0.0
2010-03-11,4814.2998046875,4835.89990234375,4812.2001953125,4818.10009765625,0,0.0,0.0
2010-03-14,4820.60009765625,4836.0,4784.10009765625,4784.10009765625,0,0.0,0.0
2010-03-15,4785.60009765625,4806.39990234375,4781.10009765625,4797.2001953125,0,0.0,0.0
2010-03-16,4806.0,4853.2001953125,4806.0,4853.2001953125,0,0.0,0.0
2010-03-17,4860.60009765625,4874.39990234375,4846.7998046875,4863.10009765625,0,0.0,0.0
2010-03-18,4862.60009765625,4875.7998046875,4854.60009765625,4872.2001953125,0,0.0,0.0
2010-03-21,4857.2001953125,4857.5,4826.89990234375,4830.2001953125,0,0.0,0.0
2010-03-22,4839.60009765625,4882.39990234375,4839.2001953125,4874.7998046875,0,0.0,0.0
2010-03-23,4885.39990234375,4911.10009765625,4885.39990234375,4891.5,0,0.0,0.0
2010-03-24,4883.0,4890.7998046875,4871.89990234375,4885.39990234375,0,0.0,0.0
2010-03-25,4878.60009765625,4896.89990234375,4834.7998046875,4896.89990234375,0,0.0,0.0
2010-03-28,4902.5,4912.0,4890.39990234375,4897.2998046875,0,0.0,0.0
2010-03-29,4908.2998046875,4924.2001953125,4904.39990234375,4916.7998046875,0,0.0,0.0
2010-03-30,4911.60009765625,4928.89990234375,4875.5,4875.5,0,0.0,0.0
2010-03-31,4880.0,4907.7001953125,4879.5,4907.7001953125,0,0.0,0.0
2010-04-05,4924.7001953125,4956.60009765625,4924.7001953125,4953.7001953125,0,0.0,0.0
2010-04-06,4953.7998046875,4971.2998046875,4953.60009765625,4960.89990234375,0,0.0,0.0
2010-04-07,4944.2998046875,4944.89990234375,4930.7998046875,4937.89990234375,0,0.0,0.0
2010-04-08,4943.7001953125,4958.39990234375,4940.7998046875,4948.10009765625,0,0.0,0.0
2010-04-11,4957.5,4986.10009765625,4957.5,4984.2998046875,0,0.0,0.0
2010-04-12,4978.60009765625,4978.60009765625,4944.5,4951.60009765625,0,0.0,0.0
2010-04-13,4958.2998046875,4996.7998046875,4957.60009765625,4994.7001953125,0,0.0,0.0
2010-04-14,5003.2998046875,5025.10009765625,5000.7998046875,5001.89990234375,0,0.0,0.0
2010-04-15,4999.0,5002.2001953125,4973.39990234375,4984.7001953125,0,0.0,0.0
2010-04-18,4965.39990234375,4965.39990234375,4909.39990234375,4915.10009765625,0,0.0,0.0
2010-04-19,4914.2001953125,4944.89990234375,4914.2001953125,4925.7998046875,0,0.0,0.0
2010-04-20,4926.89990234375,4970.2001953125,4926.2001953125,4954.2998046875,0,0.0,0.0
2010-04-21,4942.60009765625,4942.60009765625,4887.7998046875,4907.39990234375,0,0.0,0.0
2010-04-22,4903.7998046875,4903.89990234375,4875.7998046875,4881.5,896401500,0.0,0.0
2010-04-26,4886.7998046875,4911.89990234375,4872.39990234375,4880.0,0,0.0,0.0
2010-04-27,4849.10009765625,4851.2001953125,4785.39990234375,4822.7998046875,0,0.0,0.0
2010-04-28,4817.7001953125,4818.7001953125,4779.2998046875,4785.60009765625,0,0.0,0.0
2010-04-29,4793.2998046875,4822.7001953125,4792.5,4807.39990234375,0,0.0,0.0
2010-05-02,4782.7998046875,4788.7998046875,4753.39990234375,4785.5,0,0.0,0.0
2010-05-03,4779.0,4804.5,4737.10009765625,4737.10009765625,0,0.0,0.0
2010-05-04,4713.2998046875,4713.2998046875,4641.39990234375,4674.0,0,0.0,0.0
2010-05-05,4654.39990234375,4654.39990234375,4570.60009765625,4573.2001953125,0,0.0,0.0
2010-05-06,4542.0,4551.0,4427.2998046875,4480.7001953125,0,0.0,0.0
2010-05-09,4497.2001953125,4599.7998046875,4497.2001953125,4599.7998046875,0,0.0,0.0
2010-05-10,4607.7001953125,4630.7001953125,4548.0,4548.0,0,0.0,0.0
2010-05-11,4555.2001953125,4612.7998046875,4550.89990234375,4573.0,0,0.0,0.0
2010-05-12,4588.7998046875,4652.7998046875,4588.2998046875,4652.7998046875,0,0.0,0.0
2010-05-13,4639.60009765625,4639.7998046875,4596.2001953125,4611.10009765625,0,0.0,0.0
2010-05-16,4587.60009765625,4587.60009765625,4467.2001953125,4467.2001953125,0,0.0,0.0
2010-05-17,4479.60009765625,4503.2998046875,4445.89990234375,4470.7001953125,0,0.0,0.0
2010-05-18,4456.39990234375,4458.39990234375,4387.10009765625,4387.10009765625,0,0.0,0.0
2010-05-19,4391.5,4404.60009765625,4316.5,4316.5,0,0.0,0.0
2010-05-20,4287.60009765625,4308.0,4175.7001953125,4305.39990234375,0,0.0,0.0
2010-05-23,4319.89990234375,4395.39990234375,4303.10009765625,4395.39990234375,0,0.0,0.0
2010-05-24,4375.2998046875,4375.2998046875,4265.2998046875,4265.2998046875,0,0.0,0.0
2010-05-25,4295.2001953125,4365.60009765625,4295.2001953125,4307.2001953125,0,0.0,0.0
2010-05-26,4313.7998046875,4379.2001953125,4293.0,4379.2001953125,0,0.0,0.0
2010-05-27,4397.2001953125,4460.7998046875,4397.2001953125,4457.5,0,0.0,0.0
2010-05-30,4447.7001953125,4453.39990234375,4427.5,4429.7001953125,0,0.0,0.0
2010-05-31,4430.60009765625,4430.60009765625,4383.7998046875,4413.10009765625,0,0.0,0.0
2010-06-01,4403.2001953125,4428.7001953125,4374.2001953125,4381.0,0,0.0,0.0
2010-06-02,4404.10009765625,4489.10009765625,4403.89990234375,4486.0,0,0.0,0.0
2010-06-03,4471.0,4471.0,4430.7001953125,4449.39990234375,0,0.0,0.0
2010-06-06,4410.39990234375,4410.39990234375,4299.7998046875,4325.89990234375,0,0.0,0.0
2010-06-07,4323.2998046875,4385.5,4323.0,4381.2001953125,0,0.0,0.0
2010-06-08,4386.39990234375,4390.0,4354.60009765625,4385.2998046875,0,0.0,0.0
2010-06-09,4385.60009765625,4445.89990234375,4385.60009765625,4435.2998046875,0,0.0,0.0
2010-06-10,4457.39990234375,4506.7001953125,4457.39990234375,4505.5,0,0.0,0.0
2010-06-14,4505.39990234375,4517.2001953125,4490.89990234375,4505.0,0,0.0,0.0
2010-06-16,4556.39990234375,4563.2998046875,4514.89990234375,4527.2998046875,0,0.0,0.0
2010-06-17,4526.7001953125,4561.5,4526.0,4551.89990234375,0,0.0,0.0
2010-06-20,4568.0,4622.0,4566.89990234375,4612.60009765625,0,0.0,0.0
2010-06-21,4604.2001953125,4604.2001953125,4557.7001953125,4558.2998046875,0,0.0,0.0
2010-06-22,4543.39990234375,4544.5,4486.10009765625,4486.10009765625,0,0.0,0.0
2010-06-23,4503.7001953125,4519.2001953125,4478.7998046875,4479.7001953125,0,0.0,0.0
2010-06-24,4467.2001953125,4467.2001953125,4409.2998046875,4413.0,0,0.0,0.0
2010-06-27,4419.7001953125,4433.39990234375,4369.60009765625,4384.5,0,0.0,0.0
2010-06-28,4380.7998046875,4410.5,4343.39990234375,4345.7001953125,0,0.0,0.0
2010-06-29,4318.7001953125,4319.0,4249.5,4301.5,0,0.0,0.0
2010-06-30,4284.60009765625,4285.7998046875,4214.7001953125,4237.5,0,0.0,0.0
2010-07-01,4249.7001953125,4281.60009765625,4222.7001953125,4238.7001953125,0,0.0,0.0
2010-07-04,4239.7001953125,4260.10009765625,4217.10009765625,4222.10009765625,0,0.0,0.0
2010-07-05,4215.10009765625,4276.10009765625,4182.2998046875,4276.10009765625,0,0.0,0.0
2010-07-06,4280.39990234375,4290.7998046875,4234.2998046875,4254.60009765625,0,0.0,0.0
2010-07-07,4278.0,4356.89990234375,4277.7001953125,4356.89990234375,0,0.0,0.0
2010-07-08,4359.7998046875,4397.5,4350.2998046875,4396.2998046875,0,0.0,0.0
2010-07-11,4396.7001953125,4419.7001953125,4386.2001953125,4409.89990234375,0,0.0,0.0
2010-07-12,4402.7001953125,4429.10009765625,4380.2998046875,4380.2998046875,0,0.0,0.0
2010-07-13,4401.2998046875,4462.39990234375,4400.2001953125,4462.39990234375,0,0.0,0.0
2010-07-14,4456.60009765625,4465.60009765625,4427.10009765625,4442.60009765625,0,0.0,0.0
2010-07-15,4443.5,4458.7001953125,4413.5,4422.7001953125,0,0.0,0.0
2010-07-18,4404.2001953125,4404.2001953125,4345.2001953125,4358.2998046875,0,0.0,0.0
2010-07-19,4363.7001953125,4416.0,4361.10009765625,4403.60009765625,0,0.0,0.0
2010-07-20,4416.60009765625,4435.60009765625,4402.10009765625,4412.7001953125,0,0.0,0.0
2010-07-21,4410.2001953125,4414.2998046875,4374.7001953125,4374.7001953125,0,0.0,0.0
2010-07-22,4394.39990234375,4472.2998046875,4394.2001953125,4458.39990234375,0,0.0,0.0
2010-07-25,4466.7001953125,4503.10009765625,4466.60009765625,4486.10009765625,0,0.0,0.0
2010-07-26,4489.7998046875,4520.2998046875,4486.7998046875,4497.39990234375,0,0.0,0.0
2010-07-27,4497.89990234375,4530.60009765625,4487.2001953125,4529.89990234375,0,0.0,0.0
2010-07-28,4528.89990234375,4531.60009765625,4503.60009765625,4524.10009765625,0,0.0,0.0
2010-07-29,4518.10009765625,4519.0,4480.60009765625,4493.5,0,0.0,0.0
2010-08-01,4495.10009765625,4541.60009765625,4494.2998046875,4541.60009765625,0,0.0,0.0
2010-08-02,4558.10009765625,4584.10009765625,4554.0,4571.60009765625,0,0.0,0.0
2010-08-03,4568.89990234375,4569.0,4541.60009765625,4542.10009765625,0,0.0,0.0
2010-08-04,4550.10009765625,4580.5,4549.7998046875,4566.5,0,0.0,0.0
2010-08-05,4564.0,4566.10009765625,4545.2001953125,4566.10009765625,0,0.0,0.0
2010-08-08,4559.5,4598.7001953125,4540.10009765625,4594.89990234375,0,0.0,0.0
2010-08-09,4592.7998046875,4597.0,4538.39990234375,4540.7001953125,0,0.0,0.0
2010-08-10,4531.2001953125,4531.89990234375,4455.5,4455.5,0,0.0,0.0
2010-08-11,4436.7998046875,4436.7998046875,4382.10009765625,4400.89990234375,0,0.0,0.0
2010-08-12,4401.7001953125,4459.60009765625,4393.2998046875,4459.60009765625,0,0.0,0.0
2010-08-15,4448.7001953125,4450.7998046875,4402.60009765625,4438.5,0,0.0,0.0
2010-08-16,4438.39990234375,4486.10009765625,4423.89990234375,4477.0,0,0.0,0.0
2010-08-17,4460.7998046875,4494.89990234375,4459.7001953125,4474.89990234375,0,0.0,0.0
2010-08-18,4467.2998046875,4479.0,4454.89990234375,4479.0,0,0.0,0.0
2010-08-19,4466.39990234375,4467.2998046875,4409.5,4430.89990234375,0,0.0,0.0
2010-08-22,4433.0,4439.39990234375,4418.2001953125,4429.0,0,0.0,0.0
2010-08-23,4421.89990234375,4421.89990234375,4378.0,4381.2998046875,0,0.0,0.0
2010-08-24,4369.0,4369.10009765625,4313.89990234375,4320.10009765625,0,0.0,0.0
2010-08-25,4324.5,4356.0,4320.2998046875,4356.0,0,0.0,0.0
2010-08-26,4348.0,4379.0,4330.2001953125,4370.10009765625,0,0.0,0.0
2010-08-29,4381.2001953125,4456.39990234375,4379.5,4452.7001953125,0,0.0,0.0
2010-08-30,4438.7998046875,4442.5,4403.89990234375,4404.2001953125,0,0.0,0.0
2010-08-31,4413.2998046875,4501.7998046875,4413.2998046875,4495.7001953125,0,0.0,0.0
2010-09-01,4513.39990234375,4552.7001953125,4513.39990234375,4532.7001953125,0,0.0,0.0
2010-09-02,4536.89990234375,4558.7001953125,4527.2998046875,4541.2001953125,0,0.0,0.0
2010-09-05,4547.2001953125,4575.5,4544.2001953125,4575.5,0,0.0,0.0
2010-09-06,4570.2998046875,4588.7998046875,4555.2998046875,4573.2001953125,0,0.0,0.0
2010-09-07,4560.60009765625,4568.0,4532.60009765625,4537.2001953125,0,0.0,0.0
2010-09-08,4542.7001953125,4593.0,4542.2998046875,4582.2001953125,0,0.0,0.0
2010-09-09,4583.2001953125,4598.5,4560.2998046875,4560.2998046875,0,0.0,0.0
2010-09-12,4575.2001953125,4622.7001953125,4574.0,4614.89990234375,0,0.0,0.0
2010-09-13,4623.10009765625,4649.10009765625,4622.7001953125,4626.5,0,0.0,0.0
2010-09-14,4627.2001953125,4670.10009765625,4627.10009765625,4661.5,0,0.0,0.0
2010-09-15,4661.7998046875,4667.60009765625,4603.60009765625,4605.2998046875,0,0.0,0.0
2010-09-16,4614.2998046875,4648.2001953125,4614.2998046875,4638.89990234375,0,0.0,0.0
2010-09-19,4633.39990234375,4633.39990234375,4604.7998046875,4631.2998046875,0,0.0,0.0
2010-09-20,4639.2998046875,4664.5,4617.5,4617.5,0,0.0,0.0
2010-09-21,4616.2001953125,4641.2001953125,4616.2001953125,4625.2001953125,0,0.0,0.0
2010-09-22,4623.0,4634.7998046875,4609.60009765625,4633.60009765625,0,0.0,0.0
2010-09-23,4622.10009765625,4622.10009765625,4585.10009765625,4601.89990234375,0,0.0,0.0
2010-09-26,4620.0,4681.10009765625,4619.60009765625,4675.39990234375,0,0.0,0.0
2010-09-27,4670.2998046875,4682.2998046875,4657.2001953125,4669.7998046875,0,0.0,0.0
2010-09-28,4675.89990234375,4698.0,4643.0,4645.0,0,0.0,0.0
2010-09-29,4645.60009765625,4649.10009765625,4582.89990234375,4582.89990234375,0,0.0,0.0
2010-09-30,4593.10009765625,4617.39990234375,4559.0,4579.2001953125,0,0.0,0.0
2010-10-03,4587.10009765625,4643.89990234375,4587.0,4625.2998046875,0,0.0,0.0
2010-10-04,4612.7998046875,4620.60009765625,4559.2001953125,4606.89990234375,0,0.0,0.0
2010-10-05,4621.60009765625,4693.2998046875,4621.60009765625,4686.7998046875,0,0.0,0.0
2010-10-06,4689.7998046875,4697.2998046875,4668.2998046875,4691.2998046875,0,0.0,0.0
2010-10-07,4684.7001953125,4690.7001953125,4666.7998046875,4681.39990234375,0,0.0,0.0
2010-10-10,4686.7998046875,4713.0,4686.7998046875,4697.5,0,0.0,0.0
2010-10-11,4690.60009765625,4690.7998046875,4617.39990234375,4618.2001953125,0,0.0,0.0
2010-10-12,4626.2998046875,4656.7998046875,4619.60009765625,4619.89990234375,0,0.0,0.0
2010-10-13,4635.7001953125,4700.39990234375,4635.5,4699.10009765625,0,0.0,0.0
2010-10-14,4691.5,4696.2998046875,4660.60009765625,4689.0,0,0.0,0.0
2010-10-17,4688.7998046875,4688.7998046875,4638.7001953125,4651.89990234375,0,0.0,0.0
2010-10-18,4658.2998046875,4681.89990234375,4655.7001953125,4655.7001953125,0,0.0,0.0
2010-10-19,4641.7998046875,4641.7998046875,4583.0,4624.89990234375,0,0.0,0.0
2010-10-20,4636.7001953125,4661.39990234375,4622.0,4622.89990234375,0,0.0,0.0
2010-10-21,4627.5,4648.2001953125,4622.2998046875,4648.2001953125,0,0.0,0.0
2010-10-24,4644.39990234375,4725.89990234375,4641.10009765625,4710.0,0,0.0,0.0
2010-10-25,4709.39990234375,4711.10009765625,4684.60009765625,4687.7998046875,0,0.0,0.0
2010-10-26,4684.7998046875,4698.0,4641.0,4648.10009765625,0,0.0,0.0
2010-10-27,4657.0,4700.7001953125,4656.2998046875,4684.89990234375,0,0.0,0.0
2010-10-28,4689.2998046875,4691.7001953125,4655.60009765625,4661.60009765625,0,0.0,0.0
2010-10-31,4665.7001953125,4705.39990234375,4664.7998046875,4698.5,753375400,0.0,0.0
2010-11-01,4696.10009765625,4706.5,4676.7001953125,4701.39990234375,651733200,0.0,0.0
2010-11-02,4705.0,4734.89990234375,4701.7001953125,4722.60009765625,0,0.0,0.0
2010-11-03,4716.5,4756.89990234375,4715.10009765625,4745.2998046875,0,0.0,0.0
2010-11-04,4770.10009765625,4815.0,4769.2001953125,4800.60009765625,0,0.0,0.0
2010-11-07,4802.2998046875,4810.5,4774.5,4778.39990234375,0,0.0,0.0
2010-11-08,4769.7998046875,4775.10009765625,4731.0,4740.7001953125,0,0.0,0.0
2010-11-09,4740.89990234375,4753.7998046875,4686.10009765625,4699.7998046875,0,0.0,0.0
2010-11-10,4704.7998046875,4740.2001953125,4704.2001953125,4728.60009765625,0,0.0,0.0
2010-11-11,4728.0,4732.39990234375,4681.60009765625,4692.7001953125,0,0.0,0.0
2010-11-14,4694.60009765625,4714.2001953125,4681.2998046875,4688.0,0,0.0,0.0
2010-11-15,4697.7998046875,4709.5,4670.5,4700.2998046875,0,0.0,0.0
2010-11-16,4678.10009765625,4678.10009765625,4622.2998046875,4624.2998046875,0,0.0,0.0
2010-11-17,4624.39990234375,4644.10009765625,4612.0,4640.2001953125,0,0.0,0.0
2010-11-18,4650.2998046875,4673.7998046875,4615.5,4629.2001953125,0,0.0,0.0
2010-11-21,4639.2001953125,4672.0,4636.7001953125,4643.5,0,0.0,0.0
2010-11-22,4638.89990234375,4640.2001953125,4586.7998046875,4589.10009765625,0,0.0,0.0
2010-11-23,4580.5,4586.7001953125,4551.2001953125,4584.60009765625,0,0.0,0.0
2010-11-24,4595.5,4607.2001953125,4583.2001953125,4593.39990234375,0,0.0,0.0
2010-11-25,4599.10009765625,4616.5,4594.0,4598.2998046875,0,0.0,0.0
2010-11-28,4594.2998046875,4623.5,4557.2998046875,4618.5,0,0.0,0.0
2010-11-29,4616.39990234375,4616.39990234375,4584.2998046875,4584.39990234375,0,0.0,0.0
2010-11-30,4581.39990234375,4586.7998046875,4557.0,4586.60009765625,0,0.0,0.0
2010-12-01,4604.7001953125,4686.0,4604.10009765625,4676.2001953125,0,0.0,0.0
2010-12-02,4687.89990234375,4717.10009765625,4682.2998046875,4694.2001953125,0,0.0,0.0
2010-12-05,4696.2998046875,4706.7998046875,4688.0,4688.60009765625,0,0.0,0.0
2010-12-06,4692.10009765625,4737.60009765625,4690.89990234375,4726.7998046875,0,0.0,0.0
2010-12-07,4726.7001953125,4726.7001953125,4694.89990234375,4699.89990234375,0,0.0,0.0
2010-12-08,4702.7998046875,4747.10009765625,4702.2001953125,4741.2998046875,0,0.0,0.0
2010-12-09,4739.89990234375,4750.0,4732.5,4745.89990234375,0,0.0,0.0
2010-12-12,4750.10009765625,4775.7001953125,4749.60009765625,4757.10009765625,0,0.0,0.0
2010-12-13,4760.7998046875,4773.0,4755.7998046875,4766.89990234375,0,0.0,0.0
2010-12-14,4766.89990234375,4781.89990234375,4757.10009765625,4767.7998046875,0,0.0,0.0
2010-12-15,4764.7001953125,4784.2998046875,4754.7001953125,4784.0,0,0.0,0.0
2010-12-16,4783.7001953125,4783.7001953125,4763.10009765625,4763.10009765625,0,0.0,0.0
2010-12-19,4763.60009765625,4778.5,4736.60009765625,4736.60009765625,0,0.0,0.0
2010-12-20,4742.10009765625,4782.39990234375,4741.89990234375,4771.89990234375,0,0.0,0.0
2010-12-21,4776.2001953125,4786.0,4768.39990234375,4778.39990234375,0,0.0,0.0
2010-12-22,4779.60009765625,4811.89990234375,4778.2998046875,4799.0,0,0.0,0.0
2010-12-23,4792.5,4797.10009765625,4767.10009765625,4777.2998046875,0,0.0,0.0
2010-12-28,4768.39990234375,4784.89990234375,4754.7998046875,4775.2001953125,0,0.0,0.0
2010-12-29,4777.60009765625,4799.89990234375,4776.7998046875,4790.39990234375,505126600,0.0,0.0
2010-12-30,4787.5,4787.89990234375,4745.2001953125,4745.2001953125,313237300,0.0,0.0
2011-01-03,4758.2998046875,4775.0,4729.5,4742.5,0,0.0,0.0
2011-01-04,4738.60009765625,4748.89990234375,4703.60009765625,4714.89990234375,0,0.0,0.0
2011-01-05,4717.7001953125,4731.60009765625,4696.2001953125,4725.0,0,0.0,0.0
2011-01-06,4717.7998046875,4718.5,4690.2998046875,4705.0,0,0.0,0.0
2011-01-09,4702.2001953125,4714.60009765625,4686.5,4712.2998046875,0,0.0,0.0
2011-01-10,4709.2998046875,4714.0,4692.2001953125,4710.7001953125,0,0.0,0.0
2011-01-11,4718.7998046875,4724.2001953125,4707.5,4724.2001953125,0,0.0,0.0
2011-01-12,4736.89990234375,4795.2001953125,4736.60009765625,4795.2001953125,0,0.0,0.0
2011-01-13,4789.39990234375,4802.7998046875,4784.2998046875,4801.5,0,0.0,0.0
2011-01-16,4802.7001953125,4805.7998046875,4755.0,4763.10009765625,0,0.0,0.0
2011-01-17,4762.39990234375,4809.2998046875,4761.0,4801.7998046875,0,0.0,0.0
2011-01-18,4804.39990234375,4839.2001953125,4789.60009765625,4834.60009765625,0,0.0,0.0
2011-01-19,4822.10009765625,4822.60009765625,4780.0,4783.7001953125,0,0.0,0.0
2011-01-20,4777.2998046875,4795.5,4740.5,4755.7001953125,0,0.0,0.0
2011-01-23,4755.39990234375,4792.89990234375,4750.2001953125,4786.0,0,0.0,0.0
2011-01-24,4789.5,4825.39990234375,4789.5,4807.7998046875,826601000,0.0,0.0
2011-01-26,4812.2001953125,4815.2998046875,4797.60009765625,4806.10009765625,0,0.0,0.0
2011-01-27,4803.39990234375,4805.60009765625,4755.7998046875,4774.89990234375,0,0.0,0.0
2011-01-30,4757.89990234375,4758.10009765625,4717.60009765625,4753.89990234375,0,0.0,0.0
2011-01-31,4759.10009765625,4767.10009765625,4751.7998046875,4752.10009765625,0,0.0,0.0
2011-02-01,4768.60009765625,4807.60009765625,4768.60009765625,4796.5,0,0.0,0.0
2011-02-02,4803.10009765625,4824.7001953125,4792.0,4820.60009765625,0,0.0,0.0
2011-02-03,4826.0,4870.2001953125,4825.2001953125,4862.7001953125,0,0.0,0.0
2011-02-06,4860.10009765625,4869.60009765625,4859.5,4868.5,0,0.0,0.0
2011-02-07,4876.10009765625,4892.89990234375,4875.2998046875,4890.39990234375,0,0.0,0.0
2011-02-08,4900.0,4931.2001953125,4899.2001953125,4904.7998046875,0,0.0,0.0
2011-02-09,4901.60009765625,4915.0,4901.39990234375,4914.39990234375,0,0.0,0.0
2011-02-10,4914.39990234375,4914.39990234375,4880.89990234375,4880.89990234375,0,0.0,0.0
2011-02-13,4891.60009765625,4938.2001953125,4885.10009765625,4935.7998046875,794180000,0.0,0.0
2011-02-14,4936.5,4938.89990234375,4919.2001953125,4931.0,743563600,0.0,0.0
2011-02-15,4924.0,4939.7001953125,4918.2001953125,4930.2001953125,0,0.0,0.0
2011-02-16,4934.0,4944.39990234375,4932.39990234375,4938.39990234375,0,0.0,0.0
2011-02-17,4929.0,4938.7998046875,4925.0,4936.7001953125,0,0.0,0.0
2011-02-20,4923.39990234375,4924.2998046875,4881.60009765625,4900.0,0,0.0,0.0
2011-02-21,4914.2001953125,4917.10009765625,4853.0,4856.7001953125,0,0.0,0.0
2011-02-22,4848.2001953125,4854.39990234375,4831.5,4845.89990234375,0,0.0,0.0
2011-02-23,4839.39990234375,4839.7001953125,4803.39990234375,4809.2998046875,0,0.0,0.0
2011-02-24,4803.5,4845.89990234375,4799.2001953125,4836.5,0,0.0,0.0
2011-02-27,4839.7001953125,4840.39990234375,4815.39990234375,4831.7001953125,0,0.0,0.0
2011-02-28,4839.7001953125,4856.7001953125,4826.39990234375,4826.39990234375,0,0.0,0.0
2011-03-01,4817.39990234375,4817.7001953125,4779.39990234375,4803.2001953125,0,0.0,0.0
2011-03-02,4806.39990234375,4814.0,4791.39990234375,4806.39990234375,0,0.0,0.0
2011-03-03,4821.5,4864.2998046875,4821.2001953125,4864.2998046875,0,0.0,0.0
2011-03-06,4850.7001953125,4852.39990234375,4792.2998046875,4797.89990234375,0,0.0,0.0
2011-03-07,4795.39990234375,4814.10009765625,4772.5,4808.2001953125,0,0.0,0.0
2011-03-08,4806.7001953125,4808.0,4758.60009765625,4767.7998046875,0,0.0,0.0
2011-03-09,4761.5,4773.2998046875,4697.10009765625,4699.7001953125,0,0.0,0.0
2011-03-10,4685.89990234375,4686.7001953125,4630.7001953125,4644.7998046875,0,0.0,0.0
2011-03-14,4624.0,4626.10009765625,4479.7001953125,4528.7001953125,0,0.0,0.0
2011-03-15,4532.7001953125,4582.2001953125,4528.2998046875,4558.2001953125,0,0.0,0.0
2011-03-16,4546.60009765625,4560.89990234375,4477.39990234375,4555.2998046875,0,0.0,0.0
2011-03-17,4571.39990234375,4633.7998046875,4563.39990234375,4626.39990234375,0,0.0,0.0
2011-03-20,4625.2998046875,4643.10009765625,4606.39990234375,4642.7998046875,0,0.0,0.0
2011-03-21,4648.89990234375,4677.0,4636.7001953125,4643.39990234375,0,0.0,0.0
2011-03-22,4640.7998046875,4665.7001953125,4637.5,4652.39990234375,0,0.0,0.0
2011-03-23,4660.0,4699.60009765625,4660.0,4699.60009765625,0,0.0,0.0
2011-03-24,4705.39990234375,4763.0,4705.39990234375,4742.60009765625,0,0.0,0.0
2011-03-27,4733.39990234375,4743.2998046875,4723.7001953125,4733.60009765625,0,0.0,0.0
2011-03-28,4730.60009765625,4758.2998046875,4721.5,4755.7998046875,0,0.0,0.0
2011-03-29,4763.2001953125,4839.2001953125,4763.2001953125,4822.2001953125,0,0.0,0.0
2011-03-30,4828.7001953125,4845.7998046875,4813.0,4837.89990234375,0,0.0,0.0
2011-03-31,4836.10009765625,4878.7998046875,4836.10009765625,4861.7998046875,0,0.0,0.0
2011-04-03,4868.60009765625,4902.39990234375,4868.60009765625,4886.7998046875,0,0.0,0.0
2011-04-04,4892.7001953125,4905.39990234375,4891.5,4900.10009765625,0,0.0,0.0
2011-04-05,4898.7998046875,4913.2001953125,4890.2001953125,4912.89990234375,0,0.0,0.0
2011-04-06,4914.39990234375,4924.0,4899.7998046875,4908.10009765625,0,0.0,0.0
2011-04-07,4904.0,4941.60009765625,4902.10009765625,4940.60009765625,0,0.0,0.0
2011-04-10,4943.2998046875,4976.39990234375,4940.7001953125,4971.2001953125,0,0.0,0.0
2011-04-11,4961.10009765625,4966.5,4889.7001953125,4898.7001953125,0,0.0,0.0
2011-04-12,4886.7001953125,4919.5,4876.2001953125,4911.0,0,0.0,0.0
2011-04-13,4897.7001953125,4902.39990234375,4860.39990234375,4884.2001953125,0,0.0,0.0
2011-04-14,4880.7001953125,4890.2001953125,4852.10009765625,4852.10009765625,0,0.0,0.0
2011-04-17,4852.60009765625,4881.2001953125,4840.2001953125,4861.89990234375,0,0.0,0.0
2011-04-18,4845.60009765625,4845.60009765625,4788.60009765625,4793.2998046875,0,0.0,0.0
2011-04-19,4802.10009765625,4859.0,4802.10009765625,4859.0,0,0.0,0.0
2011-04-20,4871.5,4915.5,4870.2998046875,4913.7998046875,723050600,0.0,0.0
2011-04-26,4919.2998046875,4930.60009765625,4869.7001953125,4872.89990234375,0,0.0,0.0
2011-04-27,4877.89990234375,4910.2001953125,4871.7998046875,4873.0,0,0.0,0.0
2011-04-28,4875.10009765625,4875.2001953125,4794.7998046875,4823.2001953125,0,0.0,0.0
2011-05-01,4826.2998046875,4835.5,4765.10009765625,4825.2998046875,0,0.0,0.0
2011-05-02,4811.10009765625,4811.10009765625,4769.7001953125,4784.60009765625,0,0.0,0.0
2011-05-03,4780.10009765625,4780.10009765625,4730.2001953125,4740.10009765625,0,0.0,0.0
2011-05-04,4736.10009765625,4756.2998046875,4716.89990234375,4753.7001953125,0,0.0,0.0
2011-05-05,4734.0,4761.7001953125,4713.39990234375,4743.0,0,0.0,0.0
2011-05-08,4752.89990234375,4795.89990234375,4752.7001953125,4756.7998046875,0,0.0,0.0
2011-05-09,4761.2998046875,4782.60009765625,4725.7998046875,4725.7998046875,0,0.0,0.0
2011-05-10,4739.60009765625,4784.60009765625,4739.60009765625,4780.2001953125,0,0.0,0.0
2011-05-11,4755.2001953125,4755.39990234375,4696.10009765625,4696.10009765625,0,0.0,0.0
2011-05-12,4699.2001953125,4714.0,4675.39990234375,4711.39990234375,0,0.0,0.0
2011-05-15,4692.5,4693.10009765625,4641.39990234375,4650.0,0,0.0,0.0
2011-05-16,4658.5,4685.39990234375,4650.2001953125,4683.89990234375,0,0.0,0.0
2011-05-17,4680.7998046875,4706.2998046875,4677.60009765625,4693.7001953125,0,0.0,0.0
2011-05-18,4705.0,4763.89990234375,4704.7998046875,4756.39990234375,0,0.0,0.0
2011-05-19,4744.89990234375,4745.2001953125,4726.60009765625,4732.2001953125,0,0.0,0.0
2011-05-22,4720.2998046875,4720.2998046875,4643.0,4643.0,0,0.0,0.0
2011-05-23,4638.10009765625,4639.89990234375,4595.7001953125,4628.7998046875,0,0.0,0.0
2011-05-24,4633.5,4633.5,4582.7001953125,4584.7001953125,0,0.0,0.0
2011-05-25,4600.89990234375,4660.2001953125,4600.10009765625,4660.2001953125,0,0.0,0.0
2011-05-26,4659.2001953125,4688.0,4650.10009765625,4684.0,0,0.0,0.0
2011-05-29,4684.60009765625,4685.10009765625,4660.39990234375,4667.5,0,0.0,0.0
2011-05-30,4672.2998046875,4717.39990234375,4671.2998046875,4708.2998046875,0,0.0,0.0
2011-05-31,4711.2998046875,4724.7998046875,4694.39990234375,4707.2998046875,0,0.0,0.0
2011-06-01,4687.0,4687.7001953125,4591.7998046875,4600.39990234375,0,0.0,0.0
2011-06-02,4602.2998046875,4612.7998046875,4578.0,4583.10009765625,0,0.0,0.0
2011-06-05,4577.2998046875,4577.2998046875,4550.39990234375,4569.10009765625,0,0.0,0.0
2011-06-06,4560.7001953125,4576.0,4531.60009765625,4566.2998046875,0,0.0,0.0
2011-06-07,4572.2998046875,4575.5,4518.10009765625,4536.7998046875,0,0.0,0.0
2011-06-08,4534.7001953125,4557.2998046875,4519.10009765625,4549.60009765625,0,0.0,0.0
2011-06-09,4557.10009765625,4589.2001953125,4552.60009765625,4562.10009765625,0,0.0,0.0
2011-06-13,4549.7001953125,4593.2998046875,4511.7001953125,4585.0,0,0.0,0.0
2011-06-14,4584.39990234375,4588.2998046875,4553.39990234375,4566.7998046875,0,0.0,0.0
2011-06-15,4547.5,4549.0,4479.10009765625,4479.2001953125,0,0.0,0.0
2011-06-16,4486.39990234375,4524.89990234375,4465.89990234375,4484.89990234375,0,0.0,0.0
2011-06-19,4487.2001953125,4520.60009765625,4451.7001953125,4451.7001953125,0,0.0,0.0
2011-06-20,4465.60009765625,4509.7998046875,4464.60009765625,4508.2001953125,0,0.0,0.0
2011-06-21,4523.7998046875,4565.89990234375,4523.60009765625,4532.60009765625,0,0.0,0.0
2011-06-22,4526.89990234375,4540.5,4500.2001953125,4500.5,0,0.0,0.0
2011-06-23,4502.10009765625,4521.5,4490.2001953125,4508.10009765625,0,0.0,0.0
2011-06-26,4502.10009765625,4502.39990234375,4453.7001953125,4461.7998046875,0,0.0,0.0
2011-06-27,4476.89990234375,4503.2998046875,4463.39990234375,4474.2998046875,0,0.0,0.0
2011-06-28,4490.7998046875,4534.0,4490.7998046875,4529.5,0,0.0,0.0
2011-06-29,4536.39990234375,4609.2001953125,4536.2998046875,4608.0,0,0.0,0.0
2011-06-30,4612.2001953125,4622.0,4577.7998046875,4591.2001953125,0,0.0,0.0
2011-07-03,4602.7001953125,4640.10009765625,4602.7001953125,4610.7001953125,0,0.0,0.0
2011-07-04,4617.89990234375,4626.7998046875,4592.2001953125,4598.10009765625,0,0.0,0.0
2011-07-05,4601.60009765625,4614.2001953125,4582.5,4605.0,0,0.0,0.0
2011-07-06,4601.7998046875,4617.2001953125,4584.5,4605.5,0,0.0,0.0
2011-07-07,4615.2998046875,4657.39990234375,4615.2001953125,4654.7001953125,0,0.0,0.0
2011-07-10,4641.5,4641.5,4579.7001953125,4582.2998046875,0,0.0,0.0
2011-07-11,4570.89990234375,4571.0,4491.7001953125,4495.39990234375,0,0.0,0.0
2011-07-12,4499.39990234375,4528.2998046875,4487.0,4514.7998046875,0,0.0,0.0
2011-07-13,4515.2001953125,4515.2001953125,4464.89990234375,4490.7001953125,0,0.0,0.0
2011-07-14,4474.7998046875,4484.10009765625,4454.2998046875,4473.5,0,0.0,0.0
2011-07-17,4473.10009765625,4477.60009765625,4450.60009765625,4472.0,0,0.0,0.0
2011-07-18,4461.2001953125,4480.89990234375,4445.0,4468.10009765625,0,0.0,0.0
2011-07-19,4486.0,4549.7001953125,4485.10009765625,4549.7001953125,0,0.0,0.0
2011-07-20,4551.2998046875,4576.10009765625,4551.2998046875,4556.0,0,0.0,0.0
2011-07-21,4565.2998046875,4612.2001953125,4565.2998046875,4602.89990234375,0,0.0,0.0
2011-07-24,4595.2998046875,4595.39990234375,4529.2001953125,4530.39990234375,0,0.0,0.0
2011-07-25,4536.2998046875,4582.7001953125,4536.2001953125,4573.2998046875,0,0.0,0.0
2011-07-26,4564.60009765625,4570.5,4536.60009765625,4537.39990234375,0,0.0,0.0
2011-07-27,4517.89990234375,4518.10009765625,4463.7998046875,4463.7998046875,0,0.0,0.0
2011-07-28,4466.5,4468.7998046875,4421.10009765625,4424.60009765625,0,0.0,0.0
2011-08-01,4479.2998046875,4479.5,4428.7001953125,4433.60009765625,0,0.0,0.0
2011-08-02,4404.10009765625,4404.10009765625,4326.2998046875,4332.7998046875,0,0.0,0.0
2011-08-03,4337.5,4359.5,4276.2001953125,4276.5,0,0.0,0.0
2011-08-04,4222.89990234375,4222.89990234375,4087.699951171875,4105.39990234375,0,0.0,0.0
2011-08-07,4078.60009765625,4079.89990234375,3982.800048828125,3986.10009765625,0,0.0,0.0
2011-08-08,3948.800048828125,4044.10009765625,3765.89990234375,4034.800048828125,0,0.0,0.0
2011-08-09,4073.10009765625,4162.0,4073.10009765625,4141.2998046875,0,0.0,0.0
2011-08-10,4107.5,4167.39990234375,4058.39990234375,4140.7998046875,0,0.0,0.0
2011-08-11,4155.89990234375,4216.10009765625,4151.60009765625,4172.60009765625,0,0.0,0.0
2011-08-14,4193.5,4282.89990234375,4189.39990234375,4282.89990234375,0,0.0,0.0
2011-08-15,4285.0,4298.89990234375,4238.5,4247.2998046875,0,0.0,0.0
2011-08-16,4250.2001953125,4324.7001953125,4246.7998046875,4303.89990234375,0,0.0,0.0
2011-08-17,4301.60009765625,4305.60009765625,4243.0,4251.2001953125,0,0.0,0.0
2011-08-18,4209.7001953125,4211.39990234375,4099.39990234375,4101.89990234375,0,0.0,0.0
2011-08-21,4099.0,4160.89990234375,4075.10009765625,4082.300048828125,0,0.0,0.0
2011-08-22,4085.5,4173.39990234375,4085.5,4173.39990234375,0,0.0,0.0
2011-08-23,4186.5,4238.60009765625,4160.39990234375,4167.60009765625,0,0.0,0.0
2011-08-24,4182.7001953125,4233.39990234375,4182.60009765625,4212.7998046875,0,0.0,0.0
2011-08-25,4206.7001953125,4229.0,4197.7998046875,4200.0,0,0.0,0.0
2011-08-28,4209.5,4284.60009765625,4209.5,4263.2998046875,0,0.0,0.0
2011-08-29,4275.0,4308.0,4262.7998046875,4269.2001953125,0,0.0,0.0
2011-08-30,4269.2001953125,4296.5,4254.10009765625,4296.5,0,0.0,0.0
2011-08-31,4297.89990234375,4354.60009765625,4297.89990234375,4307.5,0,0.0,0.0
2011-09-01,4295.2001953125,4295.2001953125,4225.89990234375,4242.89990234375,0,0.0,0.0
2011-09-04,4221.2001953125,4222.10009765625,4135.89990234375,4141.89990234375,0,0.0,0.0
2011-09-05,4122.7001953125,4122.7001953125,4072.699951171875,4075.5,0,0.0,0.0
2011-09-06,4097.5,4183.39990234375,4097.5,4183.39990234375,0,0.0,0.0
2011-09-07,4196.2001953125,4218.89990234375,4161.2001953125,4188.0,0,0.0,0.0
2011-09-08,4186.10009765625,4232.0,4182.39990234375,4194.7001953125,0,0.0,0.0
2011-09-11,4169.2998046875,4170.0,4038.5,4038.5,0,0.0,0.0
2011-09-12,4052.300048828125,4094.199951171875,4050.800048828125,4072.699951171875,0,0.0,0.0
2011-09-13,4076.699951171875,4110.0,3997.60009765625,4005.800048828125,0,0.0,0.0
2011-09-14,4030.800048828125,4101.2998046875,4026.300048828125,4071.699951171875,0,0.0,0.0
2011-09-15,4085.300048828125,4160.0,4085.300048828125,4149.39990234375,0,0.0,0.0
2011-09-18,4140.10009765625,4141.39990234375,4070.5,4081.5,0,0.0,0.0
2011-09-19,4077.199951171875,4083.800048828125,4029.199951171875,4040.199951171875,0,0.0,0.0
2011-09-20,4049.89990234375,4073.5,4026.10009765625,4071.800048828125,0,0.0,0.0
2011-09-21,4044.60009765625,4044.60009765625,3953.60009765625,3964.89990234375,0,0.0,0.0
2011-09-22,3944.89990234375,3968.300048828125,3882.199951171875,3903.199951171875,0,0.0,0.0
2011-09-25,3917.800048828125,3956.39990234375,3862.39990234375,3863.89990234375,0,0.0,0.0
2011-09-26,3890.199951171875,4004.60009765625,3888.10009765625,4004.60009765625,0,0.0,0.0
2011-09-27,4012.10009765625,4053.800048828125,4009.39990234375,4039.5,0,0.0,0.0
2011-09-28,4021.800048828125,4024.0,3965.199951171875,4008.300048828125,0,0.0,0.0
2011-09-29,4014.800048828125,4035.300048828125,3980.5,4008.60009765625,0,0.0,0.0
2011-10-03,3891.60009765625,3904.10009765625,3840.199951171875,3872.10009765625,0,0.0,0.0
2011-10-04,3897.0,3951.800048828125,3888.699951171875,3926.5,0,0.0,0.0
2011-10-05,3942.89990234375,4069.89990234375,3942.89990234375,4069.89990234375,0,0.0,0.0
2011-10-06,4083.300048828125,4182.0,4083.199951171875,4162.89990234375,0,0.0,0.0
2011-10-10,4215.10009765625,4245.39990234375,4204.39990234375,4227.60009765625,0,0.0,0.0
2011-10-11,4214.5,4214.7998046875,4167.7998046875,4204.2998046875,0,0.0,0.0
2011-10-12,4216.60009765625,4256.10009765625,4206.39990234375,4244.5,0,0.0,0.0
2011-10-13,4232.7998046875,4232.7998046875,4196.2001953125,4205.60009765625,0,0.0,0.0
2011-10-16,4221.7001953125,4287.7001953125,4220.89990234375,4275.39990234375,0,0.0,0.0
2011-10-17,4254.89990234375,4254.89990234375,4186.5,4186.89990234375,0,0.0,0.0
2011-10-18,4196.0,4232.60009765625,4194.0,4213.7001953125,0,0.0,0.0
2011-10-19,4201.10009765625,4201.39990234375,4135.39990234375,4144.89990234375,0,0.0,0.0
2011-10-20,4145.7001953125,4168.60009765625,4131.89990234375,4141.89990234375,0,0.0,0.0
2011-10-23,4155.2001953125,4265.39990234375,4155.0,4255.0,0,0.0,0.0
2011-10-24,4268.39990234375,4268.39990234375,4212.2998046875,4227.89990234375,0,0.0,0.0
2011-10-25,4213.10009765625,4257.89990234375,4173.5,4242.5,0,0.0,0.0
2011-10-26,4247.39990234375,4353.0,4242.2001953125,4348.2001953125,0,0.0,0.0
2011-10-27,4366.39990234375,4417.60009765625,4339.60009765625,4353.2998046875,0,0.0,0.0
2011-10-30,4348.89990234375,4358.2001953125,4298.10009765625,4298.10009765625,0,0.0,0.0
2011-11-01,4216.10009765625,4217.0,4141.2998046875,4184.60009765625,0,0.0,0.0
2011-11-02,4192.2998046875,4212.10009765625,4145.2001953125,4171.7998046875,0,0.0,0.0
2011-11-03,4200.60009765625,4282.5,4200.60009765625,4281.10009765625,0,0.0,0.0
2011-11-06,4281.89990234375,4288.0,4252.2998046875,4273.39990234375,0,0.0,0.0
2011-11-07,4282.5,4301.5,4274.10009765625,4293.7998046875,0,0.0,0.0
2011-11-08,4311.10009765625,4365.0,4311.10009765625,4346.10009765625,0,0.0,0.0
2011-11-09,4306.10009765625,4306.10009765625,4205.0,4244.10009765625,0,0.0,0.0
2011-11-10,4245.2998046875,4296.5,4244.2998046875,4296.5,0,0.0,0.0
2011-11-13,4310.5,4363.10009765625,4304.60009765625,4304.60009765625,0,0.0,0.0
2011-11-14,4299.7001953125,4303.0,4276.5,4285.60009765625,0,0.0,0.0
2011-11-15,4291.2998046875,4307.5,4247.39990234375,4247.39990234375,0,0.0,0.0
2011-11-16,4246.2998046875,4277.7001953125,4227.0,4258.2001953125,0,0.0,0.0
2011-11-17,4238.2001953125,4239.10009765625,4172.60009765625,4177.0,0,0.0,0.0
2011-11-20,4172.10009765625,4181.39990234375,4140.39990234375,4163.0,0,0.0,0.0
2011-11-21,4147.10009765625,4152.60009765625,4093.89990234375,4133.0,0,0.0,0.0
2011-11-22,4125.10009765625,4126.0,4051.0,4051.0,0,0.0,0.0
2011-11-23,4049.39990234375,4072.60009765625,4029.5,4044.199951171875,0,0.0,0.0
2011-11-24,4042.89990234375,4042.89990234375,3973.800048828125,3984.300048828125,0,0.0,0.0
2011-11-27,3997.10009765625,4072.199951171875,3996.800048828125,4058.199951171875,0,0.0,0.0
2011-11-28,4065.199951171875,4102.10009765625,4040.39990234375,4102.10009765625,0,0.0,0.0
2011-11-29,4098.10009765625,4119.7998046875,4078.89990234375,4119.7998046875,0,0.0,0.0
2011-11-30,4157.5,4240.39990234375,4157.5,4228.60009765625,0,0.0,0.0
2011-12-01,4225.2998046875,4288.0,4225.2998046875,4288.0,0,0.0,0.0
2011-12-04,4292.7998046875,4335.2001953125,4292.7998046875,4321.2998046875,0,0.0,0.0
2011-12-05,4317.0,4317.89990234375,4257.2001953125,4262.0,0,0.0,0.0
2011-12-06,4272.60009765625,4316.2998046875,4272.5,4292.5,0,0.0,0.0
2011-12-07,4288.7998046875,4290.89990234375,4271.2998046875,4280.7001953125,0,0.0,0.0
2011-12-08,4259.60009765625,4260.2001953125,4186.10009765625,4203.0,0,0.0,0.0
2011-12-11,4222.2998046875,4271.89990234375,4221.89990234375,4252.7998046875,0,0.0,0.0
2011-12-12,4235.60009765625,4235.60009765625,4181.2001953125,4193.39990234375,0,0.0,0.0
2011-12-13,4184.5,4202.10009765625,4168.10009765625,4190.5,0,0.0,0.0
2011-12-14,4179.39990234375,4179.39990234375,4115.2001953125,4139.7998046875,0,0.0,0.0
2011-12-15,4141.7998046875,4166.10009765625,4140.0,4159.2001953125,0,0.0,0.0
2011-12-18,4148.0,4148.2001953125,4058.800048828125,4060.39990234375,0,0.0,0.0
2011-12-19,4060.60009765625,4076.300048828125,4050.300048828125,4053.10009765625,0,0.0,0.0
2011-12-20,4074.0,4147.39990234375,4073.89990234375,4139.5,0,0.0,0.0
2011-12-21,4133.5,4134.2001953125,4084.800048828125,4090.800048828125,0,0.0,0.0
2011-12-22,4103.0,4140.39990234375,4103.0,4140.39990234375,0,0.0,0.0
2011-12-27,4139.39990234375,4142.60009765625,4086.199951171875,4088.800048828125,0,0.0,0.0
2011-12-28,4081.800048828125,4081.800048828125,4038.10009765625,4071.10009765625,0,0.0,0.0
2011-12-29,4076.89990234375,4088.699951171875,4054.800048828125,4056.60009765625,0,0.0,0.0
2012-01-02,4069.89990234375,4108.10009765625,4069.10009765625,4101.2001953125,0,0.0,0.0
2012-01-03,4124.10009765625,4202.39990234375,4123.89990234375,4187.7998046875,0,0.0,0.0
2012-01-04,4179.39990234375,4179.39990234375,4131.7001953125,4142.7001953125,0,0.0,0.0
2012-01-05,4140.2998046875,4144.10009765625,4107.7998046875,4108.5,0,0.0,0.0
2012-01-08,4115.39990234375,4129.0,4088.699951171875,4105.39990234375,0,0.0,0.0
2012-01-09,4114.2001953125,4154.2998046875,4114.2001953125,4152.2001953125,0,0.0,0.0
2012-01-10,4160.89990234375,4202.2998046875,4160.89990234375,4187.5,0,0.0,0.0
2012-01-11,4190.5,4196.5,4167.10009765625,4181.0,0,0.0,0.0
2012-01-12,4190.39990234375,4203.60009765625,4185.2998046875,4195.89990234375,0,0.0,0.0
2012-01-16,4159.60009765625,4215.60009765625,4158.7998046875,4215.60009765625,0,0.0,0.0
2012-01-17,4216.7998046875,4228.7001953125,4200.60009765625,4217.89990234375,0,0.0,0.0
2012-01-18,4228.2001953125,4258.39990234375,4214.7998046875,4214.7998046875,0,0.0,0.0
2012-01-19,4222.2001953125,4250.60009765625,4220.10009765625,4239.60009765625,0,0.0,0.0
2012-01-22,4236.2998046875,4238.60009765625,4223.89990234375,4225.10009765625,0,0.0,0.0
2012-01-23,4228.39990234375,4249.39990234375,4218.39990234375,4224.2001953125,0,0.0,0.0
2012-01-24,4227.7001953125,4271.5,4227.2998046875,4271.2998046875,0,0.0,0.0
2012-01-26,4276.7001953125,4315.60009765625,4276.7001953125,4288.39990234375,0,0.0,0.0
2012-01-29,4286.7001953125,4294.7001953125,4264.5,4272.7001953125,0,0.0,0.0
2012-01-30,4270.7001953125,4287.39990234375,4261.10009765625,4262.7001953125,0,0.0,0.0
2012-01-31,4258.89990234375,4264.39990234375,4225.7001953125,4225.7001953125,0,0.0,0.0
2012-02-01,4242.5,4284.7998046875,4241.10009765625,4267.7998046875,0,0.0,0.0
2012-02-02,4271.60009765625,4275.5,4248.89990234375,4251.2001953125,0,0.0,0.0
2012-02-05,4267.0,4310.5,4265.7998046875,4296.0,0,0.0,0.0
2012-02-06,4290.5,4312.0,4269.2998046875,4274.2001953125,0,0.0,0.0
2012-02-07,4268.7998046875,4294.2998046875,4268.7998046875,4290.7001953125,0,0.0,0.0
2012-02-08,4283.39990234375,4283.7001953125,4244.89990234375,4282.89990234375,0,0.0,0.0
2012-02-09,4280.2998046875,4288.60009765625,4245.2998046875,4245.2998046875,0,0.0,0.0
2012-02-12,4244.89990234375,4289.7001953125,4244.89990234375,4285.10009765625,0,0.0,0.0
2012-02-13,4279.2998046875,4280.60009765625,4234.0,4242.7998046875,0,0.0,0.0
2012-02-14,4242.0,4258.89990234375,4225.10009765625,4253.39990234375,0,0.0,0.0
2012-02-15,4243.2001953125,4243.2001953125,4170.2001953125,4181.89990234375,0,0.0,0.0
2012-02-16,4192.7001953125,4214.5,4187.7998046875,4195.89990234375,0,0.0,0.0
2012-02-19,4213.7001953125,4256.10009765625,4209.60009765625,4256.10009765625,0,0.0,0.0
2012-02-20,4258.60009765625,4298.5,4245.39990234375,4291.2001953125,0,0.0,0.0
2012-02-21,4288.39990234375,4305.5,4274.7998046875,4293.10009765625,0,0.0,0.0
2012-02-22,4291.89990234375,4293.2001953125,4265.89990234375,4286.2001953125,0,0.0,0.0
2012-02-23,4288.0,4307.5,4283.7998046875,4306.7998046875,0,0.0,0.0
2012-02-26,4296.2998046875,4300.10009765625,4257.7998046875,4267.39990234375,0,0.0,0.0
2012-02-27,4268.0,4285.2001953125,4257.2998046875,4262.7001953125,0,0.0,0.0
2012-02-28,4269.2001953125,4318.7998046875,4269.2001953125,4298.5,0,0.0,0.0
2012-02-29,4291.0,4291.0,4248.0,4255.5,0,0.0,0.0
2012-03-01,4264.2001953125,4290.0,4263.7001953125,4273.10009765625,0,0.0,0.0
2012-03-04,4268.39990234375,4273.60009765625,4250.7001953125,4263.0,0,0.0,0.0
2012-03-05,4253.39990234375,4253.7998046875,4201.89990234375,4204.7001953125,0,0.0,0.0
2012-03-06,4193.2001953125,4193.2001953125,4143.7001953125,4143.7001953125,0,0.0,0.0
2012-03-07,4152.10009765625,4177.10009765625,4146.39990234375,4171.0,0,0.0,0.0
2012-03-08,4180.2001953125,4215.89990234375,4180.0,4212.0,0,0.0,0.0
2012-03-11,4214.7998046875,4215.2998046875,4193.89990234375,4196.7001953125,0,0.0,0.0
2012-03-12,4203.39990234375,4253.39990234375,4202.89990234375,4247.60009765625,0,0.0,0.0
2012-03-13,4260.7998046875,4294.89990234375,4260.39990234375,4287.2001953125,0,0.0,0.0
2012-03-14,4282.10009765625,4282.39990234375,4264.7998046875,4277.7998046875,0,0.0,0.0
2012-03-15,4278.2998046875,4283.60009765625,4263.7998046875,4276.2001953125,0,0.0,0.0
2012-03-18,4282.39990234375,4309.0,4281.39990234375,4290.7998046875,0,0.0,0.0
2012-03-19,4292.39990234375,4292.7001953125,4263.10009765625,4275.0,0,0.0,0.0
2012-03-20,4265.5,4275.2001953125,4242.7998046875,4254.2998046875,0,0.0,0.0
2012-03-21,4251.60009765625,4282.7001953125,4250.7998046875,4273.7001953125,0,0.0,0.0
2012-03-22,4262.2998046875,4277.7998046875,4238.39990234375,4270.39990234375,0,0.0,0.0
2012-03-25,4269.7001953125,4289.7998046875,4262.7998046875,4262.7998046875,0,0.0,0.0
2012-03-26,4273.5,4308.39990234375,4273.39990234375,4301.2998046875,0,0.0,0.0
2012-03-27,4297.7998046875,4346.89990234375,4294.7998046875,4343.5,0,0.0,0.0
2012-03-28,4339.39990234375,4351.10009765625,4328.7001953125,4337.89990234375,0,0.0,0.0
2012-03-29,4340.2998046875,4361.10009765625,4335.2001953125,4335.2001953125,0,0.0,0.0
2012-04-01,4349.39990234375,4377.5,4327.7998046875,4329.2998046875,0,0.0,0.0
2012-04-02,4336.2998046875,4351.7998046875,4327.7001953125,4337.0,0,0.0,0.0
2012-04-03,4328.10009765625,4341.5,4316.39990234375,4333.89990234375,0,0.0,0.0
2012-04-04,4322.5,4323.10009765625,4286.2998046875,4319.7998046875,0,0.0,0.0
2012-04-09,4309.7998046875,4310.0,4274.5,4292.2998046875,0,0.0,0.0
2012-04-11,4248.89990234375,4280.60009765625,4248.89990234375,4280.60009765625,0,0.0,0.0
2012-04-12,4294.39990234375,4330.5,4294.39990234375,4323.2998046875,0,0.0,0.0
2012-04-15,4312.5,4312.7001953125,4288.0,4302.2998046875,0,0.0,0.0
2012-04-16,4302.0,4321.39990234375,4286.39990234375,4288.7998046875,0,0.0,0.0
2012-04-17,4301.60009765625,4349.39990234375,4301.39990234375,4348.7001953125,0,0.0,0.0
2012-04-18,4349.89990234375,4377.10009765625,4347.39990234375,4362.7001953125,0,0.0,0.0
2012-04-19,4359.2998046875,4368.10009765625,4353.5,4366.5,0,0.0,0.0
2012-04-22,4364.2998046875,4364.60009765625,4351.0,4352.39990234375,0,0.0,0.0
2012-04-23,4344.7998046875,4373.39990234375,4337.7001953125,4360.39990234375,0,0.0,0.0
2012-04-25,4369.10009765625,4393.7998046875,4367.0,4375.2001953125,0,0.0,0.0
2012-04-26,4376.7001953125,4386.10009765625,4362.10009765625,4362.10009765625,0,0.0,0.0
2012-04-29,4373.39990234375,4397.89990234375,4373.0,4396.60009765625,0,0.0,0.0
2012-04-30,4398.60009765625,4448.5,4398.60009765625,4429.5,0,0.0,0.0
2012-05-01,4435.89990234375,4445.89990234375,4428.5,4435.89990234375,0,0.0,0.0
2012-05-02,4434.89990234375,4443.5,4429.0,4429.0,0,0.0,0.0
2012-05-03,4421.7998046875,4421.7998046875,4389.2001953125,4396.0,0,0.0,0.0
2012-05-06,4375.39990234375,4375.39990234375,4299.0,4301.2998046875,0,0.0,0.0
2012-05-07,4310.2998046875,4327.2001953125,4297.39990234375,4314.39990234375,0,0.0,0.0
2012-05-08,4310.7998046875,4312.2001953125,4257.89990234375,4275.10009765625,0,0.0,0.0
2012-05-09,4269.89990234375,4296.10009765625,4269.89990234375,4295.60009765625,0,0.0,0.0
2012-05-10,4296.0,4302.2001953125,4274.39990234375,4285.10009765625,0,0.0,0.0
2012-05-13,4287.5,4304.39990234375,4284.2001953125,4297.0,0,0.0,0.0
2012-05-14,4285.7998046875,4285.7998046875,4251.7998046875,4266.2998046875,0,0.0,0.0
2012-05-15,4252.7998046875,4252.7998046875,4165.5,4165.5,0,0.0,0.0
2012-05-16,4169.2001953125,4183.89990234375,4136.89990234375,4157.39990234375,0,0.0,0.0
2012-05-17,4141.7998046875,4141.7998046875,4026.5,4046.5,0,0.0,0.0
2012-05-20,4053.199951171875,4088.699951171875,4043.699951171875,4073.60009765625,0,0.0,0.0
2012-05-21,4083.5,4122.60009765625,4083.5,4121.0,0,0.0,0.0
2012-05-22,4117.5,4117.5,4065.800048828125,4067.0,0,0.0,0.0
2012-05-23,4068.199951171875,4089.699951171875,4050.60009765625,4055.800048828125,0,0.0,0.0
2012-05-24,4057.300048828125,4071.300048828125,4024.800048828125,4029.199951171875,0,0.0,0.0
2012-05-27,4029.199951171875,4070.800048828125,4029.199951171875,4068.0,0,0.0,0.0
2012-05-28,4068.0,4118.0,4037.89990234375,4114.39990234375,0,0.0,0.0
2012-05-29,4114.39990234375,4114.39990234375,4070.5,4094.199951171875,0,0.0,0.0
2012-05-30,4094.199951171875,4094.199951171875,4035.89990234375,4076.300048828125,0,0.0,0.0
2012-05-31,4076.300048828125,4076.300048828125,4030.39990234375,4063.89990234375,0,0.0,0.0
2012-06-03,4063.89990234375,4063.89990234375,3985.0,3985.0,0,0.0,0.0
2012-06-04,3985.0,4047.199951171875,3985.0,4043.699951171875,0,0.0,0.0
2012-06-05,4043.699951171875,4063.699951171875,4035.0,4055.300048828125,0,0.0,0.0
2012-06-06,4055.300048828125,4118.2001953125,4055.300048828125,4108.60009765625,0,0.0,0.0
2012-06-07,4108.60009765625,4121.39990234375,4054.800048828125,4063.699951171875,0,0.0,0.0
2012-06-11,4063.699951171875,4085.60009765625,4060.800048828125,4072.89990234375,0,0.0,0.0
2012-06-12,4072.89990234375,4087.800048828125,4048.5,4063.800048828125,0,0.0,0.0
2012-06-13,4063.800048828125,4063.800048828125,4026.5,4042.199951171875,0,0.0,0.0
2012-06-14,4042.199951171875,4064.199951171875,4035.0,4057.300048828125,0,0.0,0.0
2012-06-17,4057.300048828125,4138.7998046875,4057.300048828125,4136.89990234375,0,0.0,0.0
2012-06-18,4136.89990234375,4136.89990234375,4103.5,4123.2998046875,0,0.0,0.0
2012-06-19,4123.2998046875,4159.2998046875,4123.2998046875,4132.39990234375,0,0.0,0.0
2012-06-20,4132.39990234375,4136.39990234375,4084.800048828125,4087.60009765625,0,0.0,0.0
2012-06-21,4087.60009765625,4087.60009765625,4038.60009765625,4048.199951171875,0,0.0,0.0
2012-06-24,4048.199951171875,4048.199951171875,3993.800048828125,4027.800048828125,0,0.0,0.0
2012-06-25,4027.800048828125,4027.800048828125,4002.300048828125,4013.300048828125,0,0.0,0.0
2012-06-26,4013.300048828125,4044.699951171875,4013.10009765625,4043.199951171875,0,0.0,0.0
2012-06-27,4043.199951171875,4074.10009765625,4041.300048828125,4044.800048828125,0,0.0,0.0
2012-06-28,4044.800048828125,4117.0,4032.39990234375,4094.60009765625,0,0.0,0.0
2012-07-01,4094.60009765625,4151.5,4094.60009765625,4133.0,0,0.0,0.0
2012-07-02,4133.0,4141.7998046875,4119.89990234375,4127.2001953125,0,0.0,0.0
2012-07-03,4127.2001953125,4172.5,4127.2001953125,4172.2001953125,0,0.0,0.0
2012-07-04,4172.2001953125,4175.7998046875,4157.0,4169.2001953125,0,0.0,0.0
2012-07-05,4169.2001953125,4169.39990234375,4145.0,4157.7998046875,0,0.0,0.0
2012-07-08,4157.7998046875,4157.7998046875,4111.0,4118.2998046875,0,0.0,0.0
2012-07-09,4118.2998046875,4135.89990234375,4088.699951171875,4098.0,0,0.0,0.0
2012-07-10,4098.0,4102.39990234375,4076.39990234375,4096.5,0,0.0,0.0
2012-07-11,4096.5,4108.7001953125,4062.5,4068.0,0,0.0,0.0
2012-07-12,4068.0,4103.0,4062.300048828125,4082.199951171875,0,0.0,0.0
2012-07-15,4082.199951171875,4126.89990234375,4082.199951171875,4105.10009765625,0,0.0,0.0
2012-07-16,4105.10009765625,4153.60009765625,4102.7001953125,4140.7998046875,0,0.0,0.0
2012-07-17,4140.7998046875,4144.2001953125,4120.7001953125,4123.60009765625,0,0.0,0.0
2012-07-18,4123.60009765625,4206.7001953125,4123.60009765625,4206.7001953125,0,0.0,0.0
2012-07-19,4206.7001953125,4215.60009765625,4186.10009765625,4199.10009765625,0,0.0,0.0
2012-07-22,4199.10009765625,4199.10009765625,4127.2998046875,4128.89990234375,0,0.0,0.0
2012-07-23,4128.89990234375,4140.7998046875,4113.7998046875,4133.2001953125,0,0.0,0.0
2012-07-24,4133.2001953125,4133.2001953125,4084.39990234375,4123.89990234375,0,0.0,0.0
2012-07-25,4123.89990234375,4150.89990234375,4122.39990234375,4147.7001953125,0,0.0,0.0
2012-07-26,4147.7001953125,4209.7998046875,4147.7001953125,4209.7998046875,0,0.0,0.0
2012-07-29,4209.7998046875,4256.2001953125,4209.7998046875,4245.7001953125,0,0.0,0.0
2012-07-30,4245.7001953125,4288.10009765625,4245.7001953125,4269.2001953125,0,0.0,0.0
2012-07-31,4269.2001953125,4269.2001953125,4253.7001953125,4262.7998046875,0,0.0,0.0
2012-08-01,4262.7998046875,4281.2001953125,4256.2998046875,4269.5,0,0.0,0.0
2012-08-02,4269.5,4269.5,4212.7001953125,4221.5,0,0.0,0.0
2012-08-05,4221.5,4288.2001953125,4221.5,4272.60009765625,0,0.0,0.0
2012-08-06,4272.60009765625,4294.39990234375,4272.60009765625,4291.60009765625,0,0.0,0.0
2012-08-07,4291.60009765625,4323.7998046875,4291.60009765625,4312.60009765625,0,0.0,0.0
2012-08-08,4312.60009765625,4330.39990234375,4308.2998046875,4308.2998046875,0,0.0,0.0
2012-08-09,4308.2998046875,4313.2001953125,4277.10009765625,4277.2998046875,0,0.0,0.0
2012-08-12,4277.2998046875,4314.7001953125,4277.2998046875,4283.2998046875,0,0.0,0.0
2012-08-13,4283.2998046875,4300.7998046875,4271.7998046875,4292.2001953125,0,0.0,0.0
2012-08-14,4292.2001953125,4312.39990234375,4267.10009765625,4281.2001953125,0,0.0,0.0
2012-08-15,4281.2001953125,4330.2001953125,4281.2001953125,4330.2001953125,0,0.0,0.0
2012-08-16,4330.2001953125,4370.10009765625,4329.2998046875,4370.10009765625,0,0.0,0.0
2012-08-19,4370.10009765625,4374.7001953125,4344.2001953125,4364.2998046875,0,0.0,0.0
2012-08-20,4364.2998046875,4402.7001953125,4359.5,4383.39990234375,0,0.0,0.0
2012-08-21,4383.39990234375,4384.2001953125,4367.2001953125,4376.0,0,0.0,0.0
2012-08-22,4376.0,4403.89990234375,4372.0,4383.7001953125,0,0.0,0.0
2012-08-23,4383.7001953125,4383.7001953125,4339.10009765625,4349.0,0,0.0,0.0
2012-08-26,4351.39990234375,4375.7998046875,4341.0,4343.7001953125,0,0.0,0.0
2012-08-27,4344.2001953125,4365.10009765625,4339.89990234375,4359.39990234375,0,0.0,0.0
2012-08-28,4359.39990234375,4360.10009765625,4346.39990234375,4356.39990234375,0,0.0,0.0
2012-08-29,4356.39990234375,4356.39990234375,4302.5,4315.7001953125,0,0.0,0.0
2012-08-30,4315.7001953125,4328.7998046875,4305.89990234375,4316.10009765625,0,0.0,0.0
2012-09-02,4310.0,4337.60009765625,4287.39990234375,4329.7001953125,0,0.0,0.0
2012-09-03,4329.7001953125,4334.5,4293.89990234375,4303.5,0,0.0,0.0
2012-09-04,4303.5,4303.5,4261.2001953125,4278.7998046875,0,0.0,0.0
2012-09-05,4278.7998046875,4327.10009765625,4278.7998046875,4312.89990234375,0,0.0,0.0
2012-09-06,4312.89990234375,4358.2998046875,4312.89990234375,4325.7998046875,0,0.0,0.0
2012-09-09,4325.7998046875,4342.2998046875,4317.2998046875,4333.7998046875,0,0.0,0.0
2012-09-10,4333.7001953125,4333.7001953125,4316.7001953125,4325.7998046875,0,0.0,0.0
2012-09-11,4325.7998046875,4364.7998046875,4325.7998046875,4361.2998046875,0,0.0,0.0
2012-09-12,4361.2998046875,4361.2998046875,4337.2001953125,4339.39990234375,0,0.0,0.0
2012-09-13,4353.7001953125,4398.2998046875,4353.7001953125,4390.0,0,0.0,0.0
2012-09-16,4404.2001953125,4412.2001953125,4392.10009765625,4402.5,0,0.0,0.0
2012-09-17,4402.5,4404.39990234375,4383.2998046875,4394.7001953125,0,0.0,0.0
2012-09-18,4394.7001953125,4421.0,4386.2001953125,4418.39990234375,0,0.0,0.0
2012-09-19,4413.2998046875,4414.2998046875,4394.39990234375,4397.2001953125,0,0.0,0.0
2012-09-20,4397.7998046875,4418.39990234375,4396.7998046875,4408.2998046875,0,0.0,0.0
2012-09-23,4408.2998046875,4408.2998046875,4375.0,4385.5,0,0.0,0.0
2012-09-24,4385.5,4385.5,4367.2998046875,4372.89990234375,0,0.0,0.0
2012-09-25,4363.7001953125,4365.89990234375,4348.7998046875,4361.60009765625,0,0.0,0.0
2012-09-26,4357.5,4384.7001953125,4336.89990234375,4384.2001953125,0,0.0,0.0
2012-09-27,4383.39990234375,4394.60009765625,4368.5,4387.0,0,0.0,0.0
2012-09-30,4387.0,4411.39990234375,4375.0,4388.60009765625,0,0.0,0.0
2012-10-01,4393.60009765625,4438.2998046875,4393.60009765625,4433.0,0,0.0,0.0
2012-10-02,4433.0,4454.60009765625,4432.5,4438.60009765625,0,0.0,0.0
2012-10-03,4438.60009765625,4457.39990234375,4436.7001953125,4452.39990234375,0,0.0,0.0
2012-10-04,4452.39990234375,4495.7998046875,4452.39990234375,4494.39990234375,0,0.0,0.0
2012-10-07,4494.39990234375,4495.7998046875,4476.7001953125,4481.89990234375,0,0.0,0.0
2012-10-08,4483.89990234375,4512.7998046875,4482.7998046875,4505.2998046875,0,0.0,0.0
2012-10-09,4498.2998046875,4499.0,4476.0,4490.7001953125,0,0.0,0.0
2012-10-10,4490.7001953125,4492.7998046875,4460.39990234375,4483.5,0,0.0,0.0
2012-10-11,4483.5,4496.10009765625,4482.7001953125,4486.60009765625,0,0.0,0.0
2012-10-14,4486.60009765625,4492.7001953125,4479.2001953125,4483.39990234375,0,0.0,0.0
2012-10-15,4483.39990234375,4516.89990234375,4483.39990234375,4491.5,0,0.0,0.0
2012-10-16,4491.5,4536.7998046875,4491.5,4528.2001953125,0,0.0,0.0
2012-10-17,4567.7001953125,4581.7998046875,4547.10009765625,4559.39990234375,0,0.0,0.0
2012-10-18,4559.39990234375,4571.7998046875,4538.0,4571.10009765625,0,0.0,0.0
2012-10-21,4558.5,4559.2001953125,4522.7001953125,4541.0,0,0.0,0.0
2012-10-22,4539.0,4565.0,4537.2001953125,4543.10009765625,0,0.0,0.0
2012-10-23,4543.10009765625,4543.10009765625,4501.7001953125,4505.7998046875,0,0.0,0.0
2012-10-24,4504.7998046875,4518.7998046875,4502.7001953125,4510.5,0,0.0,0.0
2012-10-25,4513.2998046875,4526.0,4472.10009765625,4472.39990234375,0,0.0,0.0
2012-10-28,4475.39990234375,4501.89990234375,4475.2001953125,4476.89990234375,0,0.0,0.0
2012-10-29,4477.39990234375,4498.89990234375,4472.7998046875,4485.7001953125,0,0.0,0.0
2012-10-30,4492.39990234375,4524.7998046875,4492.10009765625,4517.0,0,0.0,0.0
2012-10-31,4517.0,4517.0,4457.60009765625,4457.60009765625,0,0.0,0.0
2012-11-01,4470.10009765625,4486.39990234375,4457.2998046875,4460.10009765625,0,0.0,0.0
2012-11-04,4457.39990234375,4478.0,4436.2001953125,4474.10009765625,0,0.0,0.0
2012-11-05,4473.0,4490.0,4470.39990234375,4484.7998046875,0,0.0,0.0
2012-11-06,4484.7998046875,4519.2998046875,4482.7998046875,4516.5,0,0.0,0.0
2012-11-07,4516.5,4516.5,4459.89990234375,4483.7998046875,0,0.0,0.0
2012-11-08,4483.7998046875,4483.7998046875,4436.60009765625,4462.0,0,0.0,0.0
2012-11-11,4458.5,4465.2001953125,4442.89990234375,4448.0,0,0.0,0.0
2012-11-12,4446.10009765625,4447.10009765625,4379.7998046875,4379.7998046875,0,0.0,0.0
2012-11-13,4379.7998046875,4395.60009765625,4372.0,4388.39990234375,0,0.0,0.0
2012-11-14,4388.39990234375,4388.39990234375,4339.0,4349.2998046875,0,0.0,0.0
2012-11-15,4350.5,4351.7998046875,4334.2998046875,4336.7998046875,0,0.0,0.0
2012-11-18,4345.10009765625,4364.39990234375,4340.0,4361.39990234375,0,0.0,0.0
2012-11-19,4361.39990234375,4391.0,4361.39990234375,4385.7001953125,0,0.0,0.0
2012-11-20,4387.5,4389.0,4366.7998046875,4369.5,0,0.0,0.0
2012-11-21,4376.2001953125,4428.60009765625,4374.0,4413.10009765625,0,0.0,0.0
2012-11-22,4413.10009765625,4413.2001953125,4397.89990234375,4413.0,0,0.0,0.0
2012-11-25,4413.0,4426.0,4413.0,4424.2001953125,0,0.0,0.0
2012-11-26,4424.2001953125,4461.7001953125,4424.0,4456.7998046875,0,0.0,0.0
2012-11-27,4453.2001953125,4453.2001953125,4433.0,4447.2998046875,0,0.0,0.0
2012-11-28,4447.10009765625,4477.7001953125,4445.5,4477.7001953125,0,0.0,0.0
2012-11-29,4477.7001953125,4514.2001953125,4477.7001953125,4506.0,0,0.0,0.0
2012-12-02,4506.0,4538.60009765625,4506.0,4531.5,0,0.0,0.0
2012-12-03,4531.5,4537.0,4502.10009765625,4503.60009765625,0,0.0,0.0
2012-12-04,4503.60009765625,4525.10009765625,4500.2001953125,4520.39990234375,0,0.0,0.0
2012-12-05,4520.39990234375,4528.7998046875,4504.89990234375,4509.2998046875,0,0.0,0.0
2012-12-06,4516.10009765625,4554.10009765625,4515.60009765625,4551.7998046875,0,0.0,0.0
2012-12-09,4552.2001953125,4571.7001953125,4552.2001953125,4557.89990234375,0,0.0,0.0
2012-12-10,4557.89990234375,4581.0,4557.89990234375,4576.0,0,0.0,0.0
2012-12-11,4576.0,4603.5,4576.0,4583.7998046875,0,0.0,0.0
2012-12-12,4583.7998046875,4592.2001953125,4577.7001953125,4582.7998046875,0,0.0,0.0
2012-12-13,4582.7998046875,4598.2998046875,4579.7998046875,4583.10009765625,0,0.0,0.0
2012-12-16,4583.10009765625,4586.2001953125,4569.39990234375,4573.39990234375,0,0.0,0.0
2012-12-17,4579.10009765625,4610.2998046875,4579.10009765625,4595.2001953125,0,0.0,0.0
2012-12-18,4604.2998046875,4627.10009765625,4603.2998046875,4617.7998046875,0,0.0,0.0
2012-12-19,4619.7001953125,4643.5,4610.2998046875,4634.10009765625,0,0.0,0.0
2012-12-20,4634.10009765625,4658.7001953125,4611.2001953125,4623.60009765625,0,0.0,0.0
2012-12-23,4625.7001953125,4645.5,4625.7001953125,4635.2001953125,0,0.0,0.0
2012-12-26,4635.2001953125,4653.0,4629.7001953125,4648.0,0,0.0,0.0
2012-12-27,4651.7998046875,4688.60009765625,4651.7001953125,4671.2998046875,0,0.0,0.0
2012-12-30,4666.0,4666.0,4644.7998046875,4649.0,0,0.0,0.0
2013-01-01,4648.89990234375,4710.2998046875,4648.89990234375,4705.89990234375,0,0.0,0.0
2013-01-02,4705.89990234375,4743.39990234375,4705.89990234375,4740.7001953125,0,0.0,0.0
2013-01-03,4740.7001953125,4740.7001953125,4716.7998046875,4723.7998046875,0,0.0,0.0
2013-01-06,4726.7998046875,4750.7001953125,4714.7001953125,4717.2998046875,0,0.0,0.0
2013-01-07,4721.39990234375,4736.5,4689.7998046875,4690.2998046875,0,0.0,0.0
2013-01-08,4690.7998046875,4711.2998046875,4690.7998046875,4708.10009765625,0,0.0,0.0
2013-01-09,4708.10009765625,4728.7001953125,4700.7001953125,4723.0,0,0.0,0.0
2013-01-10,4723.5,4734.60009765625,4704.2001953125,4709.5,0,0.0,0.0
2013-01-13,4709.5,4731.0,4708.7998046875,4719.7001953125,0,0.0,0.0
2013-01-14,4720.89990234375,4731.5,4706.39990234375,4716.60009765625,0,0.0,0.0
2013-01-15,4715.2998046875,4739.7998046875,4714.5,4738.39990234375,0,0.0,0.0
2013-01-16,4738.39990234375,4787.2001953125,4738.39990234375,4756.60009765625,0,0.0,0.0
2013-01-17,4756.60009765625,4782.60009765625,4756.60009765625,4771.2001953125,0,0.0,0.0
2013-01-20,4773.2998046875,4779.7001953125,4762.60009765625,4777.5,0,0.0,0.0
2013-01-21,4777.5,4801.7001953125,4767.2998046875,4779.10009765625,0,0.0,0.0
2013-01-22,4788.60009765625,4802.2001953125,4787.7998046875,4787.7998046875,0,0.0,0.0
2013-01-23,4783.7001953125,4814.2001953125,4779.2001953125,4810.2001953125,0,0.0,0.0
2013-01-24,4810.2001953125,4835.2001953125,4810.2001953125,4835.2001953125,0,0.0,0.0
2013-01-28,4842.39990234375,4896.60009765625,4841.60009765625,4889.0,0,0.0,0.0
2013-01-29,4889.10009765625,4906.2001953125,4886.2998046875,4896.7001953125,0,0.0,0.0
2013-01-30,4896.7001953125,4906.2001953125,4866.5,4878.7998046875,0,0.0,0.0
2013-01-31,4878.7998046875,4922.60009765625,4878.7998046875,4921.10009765625,0,0.0,0.0
2013-02-03,4921.10009765625,4951.2998046875,4907.5,4907.5,0,0.0,0.0
2013-02-04,4896.0,4897.39990234375,4869.5,4882.7001953125,0,0.0,0.0
2013-02-05,4882.7001953125,4931.2001953125,4882.7001953125,4921.0,0,0.0,0.0
2013-02-06,4914.89990234375,4938.2001953125,4907.89990234375,4935.7001953125,0,0.0,0.0
2013-02-07,4932.89990234375,4971.2998046875,4928.5,4971.2998046875,0,0.0,0.0
2013-02-10,4971.2998046875,4977.7998046875,4959.5,4959.5,0,0.0,0.0
2013-02-11,4959.5,4981.5,4959.0,4959.0,0,0.0,0.0
2013-02-12,4959.0,5013.60009765625,4959.0,5003.7001953125,0,0.0,0.0
2013-02-13,5003.7001953125,5045.39990234375,4998.2998046875,5036.89990234375,0,0.0,0.0
2013-02-14,5031.89990234375,5044.39990234375,5021.0,5033.89990234375,0,0.0,0.0
2013-02-17,5041.2001953125,5070.5,5030.89990234375,5063.39990234375,0,0.0,0.0
2013-02-18,5063.39990234375,5081.89990234375,5045.7998046875,5081.89990234375,0,0.0,0.0
2013-02-19,5081.89990234375,5106.60009765625,5081.89990234375,5098.7001953125,0,0.0,0.0
2013-02-20,5069.2001953125,5076.0,4980.10009765625,4980.10009765625,0,0.0,0.0
2013-02-21,4980.10009765625,5055.2998046875,4975.89990234375,5018.10009765625,0,0.0,0.0
2013-02-24,5016.7998046875,5064.2998046875,5016.7998046875,5055.7998046875,0,0.0,0.0
2013-02-25,5036.7998046875,5038.60009765625,4978.39990234375,5003.60009765625,0,0.0,0.0
2013-02-26,5011.60009765625,5043.2001953125,5011.60009765625,5036.60009765625,0,0.0,0.0
2013-02-27,5036.60009765625,5112.5,5036.60009765625,5104.10009765625,0,0.0,0.0
2013-02-28,5104.10009765625,5104.10009765625,5062.10009765625,5086.10009765625,0,0.0,0.0
2013-03-03,5086.10009765625,5086.10009765625,5009.60009765625,5010.5,0,0.0,0.0
2013-03-04,5010.5,5095.0,5010.5,5075.39990234375,0,0.0,0.0
2013-03-05,5075.39990234375,5131.60009765625,5075.39990234375,5116.7998046875,0,0.0,0.0
2013-03-06,5120.0,5135.7001953125,5086.5,5109.2001953125,0,0.0,0.0
2013-03-07,5109.2001953125,5131.2001953125,5102.0,5123.39990234375,0,0.0,0.0
2013-03-10,5120.7998046875,5148.39990234375,5115.0,5146.89990234375,0,0.0,0.0
2013-03-11,5150.5,5163.5,5117.89990234375,5117.89990234375,0,0.0,0.0
2013-03-12,5120.7998046875,5121.7998046875,5079.89990234375,5092.39990234375,0,0.0,0.0
2013-03-13,5089.7001953125,5103.39990234375,5032.2001953125,5032.2001953125,0,0.0,0.0
2013-03-14,5032.2001953125,5120.2001953125,5032.2001953125,5120.2001953125,0,0.0,0.0
2013-03-17,5101.7001953125,5101.7001953125,5014.7001953125,5015.39990234375,0,0.0,0.0
2013-03-18,5023.10009765625,5057.39990234375,4987.39990234375,4987.39990234375,0,0.0,0.0
2013-03-19,4987.39990234375,4988.10009765625,4937.5,4967.39990234375,0,0.0,0.0
2013-03-20,4967.2998046875,4998.89990234375,4947.7998046875,4959.39990234375,0,0.0,0.0
2013-03-21,4956.2998046875,4983.60009765625,4927.89990234375,4967.2998046875,0,0.0,0.0
2013-03-24,4968.7998046875,5023.2001953125,4968.7998046875,4990.2001953125,0,0.0,0.0
2013-03-25,4981.0,4981.0,4942.5,4950.2001953125,0,0.0,0.0
2013-03-26,4959.2001953125,4995.0,4956.7998046875,4995.0,0,0.0,0.0
2013-03-27,4995.0,4995.0,4966.5,4966.5,0,0.0,0.0
2013-04-01,4966.5,5005.60009765625,4964.7998046875,4985.5,0,0.0,0.0
2013-04-02,4989.7998046875,5011.89990234375,4934.60009765625,4957.7001953125,0,0.0,0.0
2013-04-03,4949.89990234375,4949.89990234375,4902.2001953125,4913.5,0,0.0,0.0
2013-04-04,4919.89990234375,4924.0,4883.7001953125,4891.39990234375,0,0.0,0.0
2013-04-07,4891.39990234375,4914.0,4889.60009765625,4905.5,0,0.0,0.0
2013-04-08,4905.5,4976.89990234375,4905.5,4976.7998046875,0,0.0,0.0
2013-04-09,4987.2001953125,4991.89990234375,4956.2998046875,4968.0,0,0.0,0.0
2013-04-10,4968.0,5013.2001953125,4968.0,5007.10009765625,0,0.0,0.0
2013-04-11,5006.5,5023.0,5006.10009765625,5013.5,0,0.0,0.0
2013-04-14,5005.2998046875,5005.2998046875,4933.2998046875,4967.89990234375,0,0.0,0.0
2013-04-15,4967.89990234375,4967.89990234375,4914.0,4950.7998046875,0,0.0,0.0
2013-04-16,4950.7998046875,5006.10009765625,4950.7998046875,5004.60009765625,0,0.0,0.0
2013-04-17,4988.5,4992.60009765625,4924.39990234375,4924.39990234375,0,0.0,0.0
2013-04-18,4924.39990234375,4960.39990234375,4918.39990234375,4931.89990234375,0,0.0,0.0
2013-04-21,4931.89990234375,4966.60009765625,4931.89990234375,4966.60009765625,0,0.0,0.0
2013-04-22,4966.60009765625,5036.5,4966.60009765625,5016.2001953125,0,0.0,0.0
2013-04-23,5022.89990234375,5103.60009765625,5022.89990234375,5102.39990234375,0,0.0,0.0
2013-04-25,5113.89990234375,5135.0,5097.39990234375,5097.5,0,0.0,0.0
2013-04-28,5097.5,5130.2998046875,5097.5,5125.7998046875,0,0.0,0.0
2013-04-29,5125.7998046875,5195.10009765625,5125.7998046875,5191.2001953125,0,0.0,0.0
2013-04-30,5187.2998046875,5188.10009765625,5159.60009765625,5166.2001953125,0,0.0,0.0
2013-05-01,5166.2001953125,5166.2001953125,5117.39990234375,5130.0,0,0.0,0.0
2013-05-02,5130.0,5183.2001953125,5126.5,5129.5,0,0.0,0.0
2013-05-05,5146.7001953125,5201.2998046875,5145.5,5156.2001953125,0,0.0,0.0
2013-05-06,5162.7001953125,5166.7001953125,5118.89990234375,5143.7001953125,0,0.0,0.0
2013-05-07,5152.39990234375,5201.89990234375,5150.39990234375,5199.7998046875,0,0.0,0.0
2013-05-08,5194.2001953125,5211.5,5182.2998046875,5198.39990234375,0,0.0,0.0
2013-05-09,5200.0,5242.5,5198.2001953125,5206.10009765625,0,0.0,0.0
2013-05-12,5203.5,5219.2001953125,5190.2001953125,5210.2998046875,0,0.0,0.0
2013-05-13,5210.2998046875,5227.10009765625,5207.10009765625,5221.0,0,0.0,0.0
2013-05-14,5222.2998046875,5249.60009765625,5168.5,5191.7001953125,0,0.0,0.0
2013-05-15,5191.7001953125,5211.60009765625,5156.7998046875,5165.7001953125,0,0.0,0.0
2013-05-16,5175.60009765625,5194.89990234375,5168.60009765625,5180.7998046875,0,0.0,0.0
2013-05-19,5187.2001953125,5246.89990234375,5187.2001953125,5209.0,0,0.0,0.0
2013-05-20,5207.7998046875,5207.7998046875,5160.60009765625,5180.10009765625,0,0.0,0.0
2013-05-21,5187.5,5203.39990234375,5154.0,5165.39990234375,0,0.0,0.0
2013-05-22,5160.2001953125,5160.2001953125,5058.60009765625,5062.39990234375,0,0.0,0.0
2013-05-23,5062.39990234375,5083.5,4954.89990234375,4983.5,0,0.0,0.0
2013-05-26,4983.7998046875,4983.89990234375,4931.2001953125,4959.89990234375,0,0.0,0.0
2013-05-27,4959.10009765625,4981.2998046875,4950.10009765625,4970.7001953125,0,0.0,0.0
2013-05-28,4970.7001953125,4993.2001953125,4960.2998046875,4974.7001953125,0,0.0,0.0
2013-05-29,4974.7001953125,4974.7001953125,4897.89990234375,4930.7001953125,0,0.0,0.0
2013-05-30,4942.2001953125,4962.89990234375,4922.7998046875,4926.60009765625,0,0.0,0.0
2013-06-02,4926.60009765625,4933.2998046875,4888.2998046875,4888.2998046875,0,0.0,0.0
2013-06-03,4888.2998046875,4907.2001953125,4864.7001953125,4900.7998046875,0,0.0,0.0
2013-06-04,4900.7998046875,4900.7998046875,4831.10009765625,4835.2001953125,0,0.0,0.0
2013-06-05,4832.0,4832.0,4778.10009765625,4781.2001953125,0,0.0,0.0
2013-06-06,4781.2001953125,4783.2998046875,4732.2998046875,4737.7001953125,0,0.0,0.0
2013-06-10,4737.7001953125,4758.39990234375,4735.39990234375,4757.10009765625,0,0.0,0.0
2013-06-11,4757.10009765625,4757.10009765625,4710.0,4724.5,0,0.0,0.0
2013-06-12,4724.5,4724.5,4658.60009765625,4695.7998046875,0,0.0,0.0
2013-06-13,4695.7998046875,4792.60009765625,4695.7998046875,4791.7998046875,0,0.0,0.0
2013-06-16,4773.2001953125,4825.89990234375,4743.2998046875,4825.89990234375,0,0.0,0.0
2013-06-17,4825.89990234375,4825.89990234375,4767.5,4814.39990234375,0,0.0,0.0
2013-06-18,4814.39990234375,4861.39990234375,4814.39990234375,4861.39990234375,0,0.0,0.0
2013-06-19,4861.39990234375,4861.39990234375,4729.0,4758.39990234375,0,0.0,0.0
2013-06-20,4758.10009765625,4758.10009765625,4683.2998046875,4738.7998046875,0,0.0,0.0
2013-06-23,4738.7998046875,4738.7998046875,4662.2998046875,4669.10009765625,0,0.0,0.0
2013-06-24,4669.10009765625,4688.2001953125,4632.2998046875,4656.0,0,0.0,0.0
2013-06-25,4656.0,4749.7001953125,4656.0,4731.7001953125,0,0.0,0.0
2013-06-26,4731.7001953125,4830.5,4731.7001953125,4811.2998046875,0,0.0,0.0
2013-06-27,4811.2998046875,4833.39990234375,4795.60009765625,4802.60009765625,0,0.0,0.0
2013-06-30,4802.60009765625,4802.60009765625,4702.7001953125,4710.2998046875,0,0.0,0.0
2013-07-01,4710.2998046875,4834.0,4710.2998046875,4834.0,0,0.0,0.0
2013-07-02,4834.0,4834.0,4720.2001953125,4744.10009765625,0,0.0,0.0
2013-07-03,4744.10009765625,4801.10009765625,4744.10009765625,4794.7001953125,0,0.0,0.0
2013-07-04,4794.7001953125,4853.39990234375,4794.7001953125,4841.7001953125,564258800,0.0,0.0
2013-07-07,4841.7001953125,4853.5,4786.10009765625,4809.5,0,0.0,0.0
2013-07-08,4809.5,4894.89990234375,4809.5,4881.7001953125,0,0.0,0.0
2013-07-09,4881.7001953125,4950.7998046875,4881.7001953125,4901.39990234375,0,0.0,0.0
2013-07-10,4901.39990234375,4965.7001953125,4901.39990234375,4965.7001953125,0,0.0,0.0
2013-07-11,4965.7001953125,5012.5,4965.7001953125,4973.89990234375,0,0.0,0.0
2013-07-14,4973.89990234375,4995.7998046875,4960.10009765625,4981.10009765625,0,0.0,0.0
2013-07-15,4981.10009765625,4999.2998046875,4973.7001953125,4986.0,0,0.0,0.0
2013-07-16,4986.0,4996.10009765625,4978.89990234375,4981.7001953125,0,0.0,0.0
2013-07-17,4981.7001953125,5008.7998046875,4981.7001953125,4993.39990234375,0,0.0,0.0
2013-07-18,4993.39990234375,5010.10009765625,4962.10009765625,4972.10009765625,0,0.0,0.0
2013-07-21,4974.89990234375,5026.7001953125,4974.89990234375,5001.89990234375,0,0.0,0.0
2013-07-22,5001.89990234375,5027.60009765625,5001.89990234375,5017.10009765625,0,0.0,0.0
2013-07-23,5017.10009765625,5053.7998046875,5017.10009765625,5035.10009765625,0,0.0,0.0
2013-07-24,5035.10009765625,5038.0,5007.39990234375,5035.60009765625,0,0.0,0.0
2013-07-25,5035.60009765625,5062.60009765625,5026.5,5042.0,0,0.0,0.0
2013-07-28,5042.0,5059.5,5035.0,5046.2998046875,0,0.0,0.0
2013-07-29,5046.2998046875,5055.2001953125,5025.60009765625,5047.2001953125,668395100,0.0,0.0
2013-07-30,5047.2001953125,5098.5,5047.2001953125,5052.0,632579400,0.0,0.0
2013-07-31,5052.0,5092.2998046875,5030.10009765625,5061.5,679430900,0.0,0.0
2013-08-01,5061.5,5116.7998046875,5061.5,5116.7998046875,627316300,0.0,0.0
2013-08-04,5116.7998046875,5116.7998046875,5100.39990234375,5111.2998046875,408365500,0.0,0.0
2013-08-05,5111.2998046875,5117.7001953125,5087.10009765625,5105.60009765625,581265900,0.0,0.0
2013-08-06,5105.60009765625,5105.60009765625,5007.89990234375,5011.2998046875,707458900,0.0,0.0
2013-08-07,5011.2998046875,5082.89990234375,5011.2998046875,5064.7998046875,735128900,0.0,0.0
2013-08-08,5064.7998046875,5076.7001953125,5023.10009765625,5055.2001953125,574094300,0.0,0.0
2013-08-11,5055.2001953125,5109.7998046875,5048.10009765625,5108.7001953125,600345300,0.0,0.0
2013-08-12,5108.7001953125,5160.89990234375,5108.7001953125,5157.7001953125,688770300,0.0,0.0
2013-08-13,5157.7001953125,5168.2001953125,5143.0,5157.39990234375,636855800,0.0,0.0
2013-08-14,5157.39990234375,5165.10009765625,5141.60009765625,5152.39990234375,770522000,0.0,0.0
2013-08-15,5152.39990234375,5152.39990234375,5101.2998046875,5113.89990234375,699263800,0.0,0.0
2013-08-18,5113.89990234375,5127.39990234375,5098.7998046875,5112.5,650716900,0.0,0.0
2013-08-19,5112.5,5112.5,5057.39990234375,5078.2001953125,635173200,0.0,0.0
2013-08-20,5078.2001953125,5106.7001953125,5069.5,5100.0,621735000,0.0,0.0
2013-08-21,5100.0,5100.0,5028.0,5075.7001953125,843953500,0.0,0.0
2013-08-22,5078.10009765625,5142.10009765625,5078.10009765625,5123.39990234375,867507200,0.0,0.0
2013-08-25,5123.39990234375,5157.10009765625,5123.39990234375,5135.39990234375,619820800,0.0,0.0
2013-08-26,5135.0,5143.7998046875,5108.89990234375,5141.2001953125,577509000,0.0,0.0
2013-08-27,5141.2001953125,5141.2001953125,5076.39990234375,5087.2001953125,730863800,0.0,0.0
2013-08-28,5087.2001953125,5098.7998046875,5064.10009765625,5092.39990234375,781007200,0.0,0.0
2013-08-29,5092.39990234375,5135.0,5075.89990234375,5135.0,871891200,0.0,0.0
2013-09-01,5135.0,5191.10009765625,5126.60009765625,5188.2998046875,0,0.0,0.0
2013-09-02,5188.2998046875,5207.7001953125,5187.7001953125,5196.60009765625,724788600,0.0,0.0
2013-09-03,5196.60009765625,5196.60009765625,5152.7001953125,5161.60009765625,702483700,0.0,0.0
2013-09-04,5161.60009765625,5172.10009765625,5116.39990234375,5142.5,650101900,0.0,0.0
2013-09-05,5142.5,5156.89990234375,5115.10009765625,5145.0,628791400,0.0,0.0
2013-09-08,5145.0,5181.5,5145.0,5181.5,543698100,0.0,0.0
2013-09-09,5181.5,5212.39990234375,5181.5,5201.2001953125,549095900,0.0,0.0
2013-09-10,5201.2001953125,5234.39990234375,5201.2001953125,5234.39990234375,693858800,0.0,0.0
2013-09-11,5234.39990234375,5252.10009765625,5228.89990234375,5242.5,745320700,0.0,0.0
2013-09-12,5242.5,5242.5,5208.2001953125,5219.60009765625,655170400,0.0,0.0
2013-09-15,5219.60009765625,5266.10009765625,5219.60009765625,5248.0,499429400,0.0,0.0
2013-09-16,5248.0,5263.39990234375,5227.60009765625,5251.2001953125,585161000,0.0,0.0
2013-09-17,5251.2001953125,5254.5,5227.7001953125,5238.10009765625,655820800,0.0,0.0
2013-09-18,5238.2001953125,5300.10009765625,5238.2001953125,5295.60009765625,1119779800,0.0,0.0
2013-09-19,5295.5,5295.5,5268.7998046875,5276.7001953125,1202889300,0.0,0.0
2013-09-22,5276.7001953125,5276.7001953125,5227.39990234375,5252.5,509901900,0.0,0.0
2013-09-23,5252.5,5252.5,5217.89990234375,5234.2001953125,491863600,0.0,0.0
2013-09-24,5234.2001953125,5283.7998046875,5230.5,5275.89990234375,558598200,0.0,0.0
2013-09-25,5275.89990234375,5294.5,5249.2998046875,5294.5,471279100,0.0,0.0
2013-09-26,5294.5,5314.2998046875,5294.5,5307.10009765625,567079100,0.0,0.0
2013-09-29,5307.10009765625,5307.10009765625,5218.89990234375,5218.89990234375,561519700,0.0,0.0
2013-09-30,5218.89990234375,5243.10009765625,5201.7998046875,5206.7998046875,504449900,0.0,0.0
2013-10-01,5206.7998046875,5231.10009765625,5206.7998046875,5215.60009765625,510555600,0.0,0.0
2013-10-02,5215.60009765625,5260.2998046875,5213.7998046875,5234.89990234375,453704500,0.0,0.0
2013-10-03,5234.89990234375,5234.89990234375,5197.7001953125,5208.0,412505200,0.0,0.0
2013-10-06,5208.0,5214.2001953125,5146.10009765625,5161.10009765625,0,0.0,0.0
2013-10-07,5161.10009765625,5165.60009765625,5126.7001953125,5149.39990234375,587783600,0.0,0.0
2013-10-08,5144.7998046875,5157.89990234375,5118.89990234375,5153.0,479794200,0.0,0.0
2013-10-09,5153.0,5153.0,5126.7998046875,5147.10009765625,529167600,0.0,0.0
2013-10-10,5147.10009765625,5239.60009765625,5147.10009765625,5230.89990234375,571839000,0.0,0.0
2013-10-13,5230.89990234375,5230.89990234375,5186.7998046875,5207.89990234375,0,0.0,0.0
2013-10-14,5207.89990234375,5266.89990234375,5207.89990234375,5259.10009765625,0,0.0,0.0
2013-10-15,5259.10009765625,5269.89990234375,5230.5,5262.89990234375,566346400,0.0,0.0
2013-10-16,5262.89990234375,5294.10009765625,5262.89990234375,5283.10009765625,709873700,0.0,0.0
2013-10-17,5283.2001953125,5326.5,5283.2001953125,5321.5,629824100,0.0,0.0
2013-10-20,5321.5,5366.10009765625,5321.5,5351.7998046875,536170100,0.0,0.0
2013-10-21,5351.7998046875,5380.39990234375,5351.7998046875,5373.10009765625,675367000,0.0,0.0
2013-10-22,5373.10009765625,5402.39990234375,5355.0,5356.10009765625,682840900,0.0,0.0
2013-10-23,5356.10009765625,5384.5,5353.60009765625,5372.89990234375,525110300,0.0,0.0
2013-10-24,5372.89990234375,5397.10009765625,5372.89990234375,5386.2998046875,708908100,0.0,0.0
2013-10-27,5386.2998046875,5457.2998046875,5386.2998046875,5441.39990234375,839390600,0.0,0.0
2013-10-28,5441.39990234375,5444.2998046875,5408.39990234375,5415.5,588199400,0.0,0.0
2013-10-29,5415.5,5444.10009765625,5415.5,5430.89990234375,590433600,0.0,0.0
2013-10-30,5430.89990234375,5446.10009765625,5398.60009765625,5425.5,678068200,0.0,0.0
2013-10-31,5425.5,5425.89990234375,5405.39990234375,5411.10009765625,461718100,0.0,0.0
2013-11-03,5411.10009765625,5430.5,5388.7998046875,5390.5,480767600,0.0,0.0
2013-11-04,5390.5,5438.39990234375,5390.5,5432.0,410162500,0.0,0.0
2013-11-05,5432.0,5433.7998046875,5406.0,5433.7998046875,596994900,0.0,0.0
2013-11-06,5420.60009765625,5427.2001953125,5409.10009765625,5422.0,649144300,0.0,0.0
2013-11-07,5422.0,5422.0,5379.89990234375,5400.7001953125,596859000,0.0,0.0
2013-11-10,5400.7001953125,5439.2001953125,5372.60009765625,5387.10009765625,618963900,0.0,0.0
2013-11-11,5387.10009765625,5420.89990234375,5386.10009765625,5393.10009765625,593552500,0.0,0.0
2013-11-12,5393.10009765625,5393.10009765625,5308.5,5319.2001953125,712534700,0.0,0.0
2013-11-13,5319.2001953125,5377.7998046875,5319.2001953125,5355.39990234375,604708200,0.0,0.0
2013-11-14,5355.39990234375,5406.10009765625,5340.60009765625,5401.7001953125,567465400,0.0,0.0
2013-11-17,5401.7001953125,5404.0,5357.39990234375,5384.7001953125,452285100,0.0,0.0
2013-11-18,5384.7001953125,5384.7001953125,5345.0,5352.89990234375,578273800,0.0,0.0
2013-11-19,5352.89990234375,5352.89990234375,5296.2001953125,5307.7001953125,569291500,0.0,0.0
2013-11-20,5307.7001953125,5307.7001953125,5284.89990234375,5288.2998046875,725624300,0.0,0.0
2013-11-21,5288.2998046875,5352.60009765625,5288.2998046875,5335.89990234375,549508600,0.0,0.0
2013-11-24,5335.89990234375,5374.10009765625,5335.89990234375,5352.7998046875,581379600,0.0,0.0
2013-11-25,5352.7998046875,5375.10009765625,5345.0,5357.0,950858000,0.0,0.0
2013-11-26,5357.0,5362.39990234375,5332.89990234375,5332.89990234375,500314700,0.0,0.0
2013-11-27,5332.89990234375,5367.10009765625,5332.89990234375,5334.2998046875,628909300,0.0,0.0
2013-11-28,5334.2998046875,5339.2001953125,5308.10009765625,5320.10009765625,626814500,0.0,0.0
2013-12-01,5320.0,5332.7001953125,5269.5,5279.5,579714100,0.0,0.0
2013-12-02,5279.5,5283.7998046875,5253.2001953125,5256.10009765625,692546800,0.0,0.0
2013-12-03,5256.10009765625,5278.2998046875,5227.60009765625,5273.7998046875,693041600,0.0,0.0
2013-12-04,5273.7998046875,5276.7001953125,5198.0,5198.0,895804100,0.0,0.0
2013-12-05,5198.0,5198.60009765625,5154.60009765625,5186.0,533060500,0.0,0.0
2013-12-08,5186.0,5207.60009765625,5133.5,5144.39990234375,603803800,0.0,0.0
2013-12-09,5144.39990234375,5185.39990234375,5140.7001953125,5143.60009765625,751937300,0.0,0.0
2013-12-10,5137.89990234375,5142.0,5104.2001953125,5104.2998046875,612009600,0.0,0.0
2013-12-11,5104.2998046875,5115.7001953125,5028.2001953125,5062.5,919772900,0.0,0.0
2013-12-12,5062.5,5098.39990234375,5047.5,5098.39990234375,654104400,0.0,0.0
2013-12-15,5098.39990234375,5101.2001953125,5059.7001953125,5089.60009765625,498762400,0.0,0.0
2013-12-16,5089.60009765625,5134.7001953125,5084.2998046875,5103.2001953125,626687600,0.0,0.0
2013-12-17,5103.2001953125,5115.60009765625,5093.2998046875,5096.10009765625,657348800,0.0,0.0
2013-12-18,5096.10009765625,5202.2001953125,5096.10009765625,5202.2001953125,824137800,0.0,0.0
2013-12-19,5202.2001953125,5265.2001953125,5202.2001953125,5265.2001953125,1353735400,0.0,0.0
2013-12-22,5265.2001953125,5293.5,5257.39990234375,5291.89990234375,479644900,0.0,0.0
2013-12-23,5291.89990234375,5329.7001953125,5291.89990234375,5327.2001953125,246763400,0.0,0.0
2013-12-26,5327.2001953125,5365.2998046875,5319.7001953125,5324.10009765625,228752700,0.0,0.0
2013-12-29,5324.10009765625,5356.7998046875,5324.10009765625,5356.7998046875,311508400,0.0,0.0
2013-12-30,5356.7998046875,5367.39990234375,5338.89990234375,5352.2001953125,265897600,0.0,0.0
2014-01-01,5352.2001953125,5383.39990234375,5352.2001953125,5367.89990234375,279295800,0.0,0.0
2014-01-02,5367.89990234375,5367.89990234375,5325.7998046875,5350.10009765625,314718600,0.0,0.0
2014-01-05,5350.10009765625,5362.0,5317.39990234375,5324.89990234375,345323100,0.0,0.0
2014-01-06,5324.89990234375,5346.2998046875,5314.2998046875,5317.0,499191400,0.0,0.0
2014-01-07,5317.0,5353.0,5303.7001953125,5316.0,501838300,0.0,0.0
2014-01-08,5316.0,5324.39990234375,5295.39990234375,5324.39990234375,459116400,0.0,0.0
2014-01-09,5324.39990234375,5324.39990234375,5306.2998046875,5312.39990234375,470881200,0.0,0.0
2014-01-12,5312.39990234375,5318.0,5288.10009765625,5292.10009765625,394518800,0.0,0.0
2014-01-13,5292.10009765625,5292.10009765625,5207.5,5212.0,604656400,0.0,0.0
2014-01-14,5212.0,5256.10009765625,5212.0,5245.39990234375,536087300,0.0,0.0
2014-01-15,5245.39990234375,5309.10009765625,5245.39990234375,5309.10009765625,612858300,0.0,0.0
2014-01-16,5309.10009765625,5319.2998046875,5283.89990234375,5305.89990234375,548867400,0.0,0.0
2014-01-19,5305.89990234375,5306.39990234375,5259.89990234375,5295.0,0,0.0,0.0
2014-01-20,5295.0,5331.5,5276.10009765625,5331.5,450256100,0.0,0.0
2014-01-21,5331.5,5331.5,5285.39990234375,5319.7998046875,496237000,0.0,0.0
2014-01-22,5319.7998046875,5320.60009765625,5252.7998046875,5263.0,603622800,0.0,0.0
2014-01-23,5263.0,5278.60009765625,5240.89990234375,5240.89990234375,614734800,0.0,0.0
2014-01-27,5240.89990234375,5240.89990234375,5158.89990234375,5175.10009765625,715211000,0.0,0.0
2014-01-28,5175.10009765625,5229.0,5175.10009765625,5229.0,606921800,0.0,0.0
2014-01-29,5229.10009765625,5229.10009765625,5161.5,5188.10009765625,654072200,0.0,0.0
2014-01-30,5188.10009765625,5196.7001953125,5169.89990234375,5190.0,602911200,0.0,0.0
2014-02-02,5190.0,5198.2998046875,5163.39990234375,5187.89990234375,438428700,0.0,0.0
2014-02-03,5187.89990234375,5187.89990234375,5092.0,5097.10009765625,795704900,0.0,0.0
2014-02-04,5097.10009765625,5111.2998046875,5052.2001953125,5070.2998046875,671930900,0.0,0.0
2014-02-05,5070.2998046875,5131.39990234375,5070.2998046875,5131.39990234375,563186900,0.0,0.0
2014-02-06,5131.39990234375,5168.60009765625,5131.39990234375,5166.5,662850400,0.0,0.0
2014-02-09,5166.5,5222.10009765625,5166.5,5222.10009765625,522475700,0.0,0.0
2014-02-10,5222.10009765625,5261.89990234375,5204.7998046875,5254.5,496460700,0.0,0.0
2014-02-11,5254.5,5310.10009765625,5254.5,5310.10009765625,722016500,0.0,0.0
2014-02-12,5309.7001953125,5332.5,5303.39990234375,5308.10009765625,628083200,0.0,0.0
2014-02-13,5308.10009765625,5356.2998046875,5308.10009765625,5356.2998046875,598877100,0.0,0.0
2014-02-17,5382.89990234375,5396.60009765625,5379.7001953125,5392.7998046875,603902500,0.0,0.0
2014-02-18,5395.5,5421.0,5394.2001953125,5408.2001953125,805964000,0.0,0.0
2014-02-19,5408.2001953125,5441.5,5400.0,5412.2998046875,975732400,0.0,0.0
2014-02-20,5412.2998046875,5452.39990234375,5412.2998046875,5438.7001953125,756673200,0.0,0.0
2014-02-23,5438.7001953125,5455.5,5425.10009765625,5440.2001953125,745483200,0.0,0.0
2014-02-24,5440.2001953125,5461.7001953125,5427.2998046875,5433.7998046875,667759500,0.0,0.0
2014-02-25,5433.7998046875,5452.7001953125,5422.39990234375,5437.0,723598800,0.0,0.0
2014-02-26,5437.0,5437.0,5406.2001953125,5411.39990234375,731139000,0.0,0.0
2014-02-27,5411.39990234375,5441.0,5401.60009765625,5404.7998046875,1005022500,0.0,0.0
2014-03-02,5404.7998046875,5404.7998046875,5340.2998046875,5384.2998046875,675589600,0.0,0.0
2014-03-03,5382.7001953125,5408.2001953125,5369.5,5400.2001953125,687294300,0.0,0.0
2014-03-04,5406.2001953125,5453.10009765625,5406.2001953125,5446.2001953125,830836600,0.0,0.0
2014-03-05,5446.2001953125,5446.2001953125,5422.7001953125,5445.89990234375,654488400,0.0,0.0
2014-03-06,5445.89990234375,5462.2998046875,5444.2998046875,5462.2998046875,596034100,0.0,0.0
2014-03-09,5462.2998046875,5462.2998046875,5409.5,5411.5,608548800,0.0,0.0
2014-03-10,5411.39990234375,5433.39990234375,5404.39990234375,5413.7998046875,801106200,0.0,0.0
2014-03-11,5413.7998046875,5413.7998046875,5345.89990234375,5384.2001953125,702200200,0.0,0.0
2014-03-12,5384.2001953125,5425.5,5384.2001953125,5412.60009765625,653265800,0.0,0.0
2014-03-13,5412.60009765625,5412.60009765625,5329.39990234375,5329.39990234375,601098600,0.0,0.0
2014-03-16,5329.39990234375,5331.10009765625,5311.39990234375,5317.60009765625,580294700,0.0,0.0
2014-03-17,5317.60009765625,5362.2001953125,5317.60009765625,5344.60009765625,629180000,0.0,0.0
2014-03-18,5344.60009765625,5356.89990234375,5334.39990234375,5355.60009765625,0,0.0,0.0
2014-03-19,5355.60009765625,5355.60009765625,5288.5,5294.0,1040611700,0.0,0.0
2014-03-20,5294.0,5338.10009765625,5294.0,5338.10009765625,1206543900,0.0,0.0
2014-03-23,5338.10009765625,5346.89990234375,5301.39990234375,5346.89990234375,561647600,0.0,0.0
2014-03-24,5346.89990234375,5346.89990234375,5310.7001953125,5336.60009765625,667344800,0.0,0.0
2014-03-25,5336.60009765625,5394.2001953125,5336.60009765625,5376.7998046875,701665500,0.0,0.0
2014-03-26,5376.7998046875,5376.7998046875,5322.2001953125,5350.10009765625,638887700,0.0,0.0
2014-03-27,5350.10009765625,5372.5,5342.7001953125,5366.89990234375,709931000,0.0,0.0
2014-03-30,5366.89990234375,5416.0,5366.89990234375,5394.7998046875,611515200,0.0,0.0
2014-03-31,5394.7998046875,5400.60009765625,5350.5,5389.2001953125,631791100,0.0,0.0
2014-04-01,5389.2001953125,5409.7998046875,5389.2001953125,5403.2998046875,614781900,0.0,0.0
2014-04-02,5403.2998046875,5419.2998046875,5403.2998046875,5409.89990234375,564013300,0.0,0.0
2014-04-03,5409.89990234375,5422.7998046875,5398.10009765625,5422.7998046875,483970700,0.0,0.0
2014-04-06,5422.7998046875,5422.7998046875,5391.2998046875,5413.7001953125,409277000,0.0,0.0
2014-04-07,5413.7001953125,5419.2001953125,5392.2998046875,5410.60009765625,480871800,0.0,0.0
2014-04-08,5410.60009765625,5477.39990234375,5410.60009765625,5463.7998046875,700599500,0.0,0.0
2014-04-09,5463.7998046875,5503.5,5463.7998046875,5480.7998046875,655655700,0.0,0.0
2014-04-10,5480.7998046875,5480.7998046875,5423.89990234375,5428.60009765625,565352600,0.0,0.0
2014-04-13,5428.60009765625,5428.60009765625,5358.89990234375,5358.89990234375,530090900,0.0,0.0
2014-04-14,5360.5,5407.89990234375,5360.5,5388.2001953125,512367100,0.0,0.0
2014-04-15,5388.2001953125,5424.7998046875,5386.7998046875,5420.2998046875,502673300,0.0,0.0
2014-04-16,5420.2998046875,5459.39990234375,5420.2998046875,5454.2001953125,532703200,0.0,0.0
2014-04-21,5454.2001953125,5482.7001953125,5452.39990234375,5479.2998046875,413499100,0.0,0.0
2014-04-22,5479.2998046875,5521.39990234375,5479.2998046875,5517.7998046875,486651400,0.0,0.0
2014-04-23,5517.7998046875,5537.7998046875,5517.7998046875,5531.0,610749400,0.0,0.0
2014-04-27,5531.0,5548.39990234375,5518.7998046875,5536.10009765625,542964500,0.0,0.0
2014-04-28,5536.10009765625,5554.5,5469.2998046875,5486.60009765625,674160400,0.0,0.0
2014-04-29,5486.60009765625,5507.60009765625,5463.60009765625,5489.10009765625,630030900,0.0,0.0
2014-04-30,5489.10009765625,5500.7001953125,5439.2998046875,5448.7998046875,532032100,0.0,0.0
2014-05-01,5448.7998046875,5458.7001953125,5430.39990234375,5458.10009765625,533780800,0.0,0.0
2014-05-04,5464.10009765625,5486.39990234375,5442.5,5462.2001953125,435416400,0.0,0.0
2014-05-05,5462.2001953125,5493.0,5462.2001953125,5481.39990234375,418272900,0.0,0.0
2014-05-06,5481.39990234375,5481.39990234375,5417.39990234375,5435.7998046875,577690000,0.0,0.0
2014-05-07,5435.7998046875,5484.10009765625,5435.7998046875,5476.7998046875,552612200,0.0,0.0
2014-05-08,5476.7998046875,5476.7998046875,5431.5,5460.7998046875,515920400,0.0,0.0
2014-05-11,5460.7998046875,5480.7998046875,5432.0,5448.39990234375,434238000,0.0,0.0
2014-05-12,5448.39990234375,5504.60009765625,5448.39990234375,5498.2001953125,735278900,0.0,0.0
2014-05-13,5498.2001953125,5506.0,5474.0,5496.5,522418800,0.0,0.0
2014-05-14,5497.0,5510.7998046875,5471.5,5510.7998046875,591494900,0.0,0.0
2014-05-15,5509.7001953125,5509.7001953125,5471.39990234375,5479.0,532092800,0.0,0.0
2014-05-18,5479.0,5479.0,5409.0,5409.0,646248200,0.0,0.0
2014-05-19,5409.0,5433.39990234375,5384.39990234375,5420.39990234375,552053800,0.0,0.0
2014-05-20,5420.39990234375,5424.60009765625,5372.10009765625,5424.60009765625,644271400,0.0,0.0
2014-05-21,5424.60009765625,5491.0,5424.60009765625,5479.89990234375,610922300,0.0,0.0
2014-05-22,5479.89990234375,5507.39990234375,5479.89990234375,5492.7998046875,586860000,0.0,0.0
2014-05-25,5492.7998046875,5512.89990234375,5492.7998046875,5512.7998046875,437616700,0.0,0.0
2014-05-26,5512.7998046875,5529.5,5506.7001953125,5511.7001953125,466450000,0.0,0.0
2014-05-27,5511.7001953125,5541.7001953125,5511.7001953125,5527.2001953125,523145200,0.0,0.0
2014-05-28,5527.2001953125,5528.5,5503.60009765625,5519.5,445007400,0.0,0.0
2014-05-29,5519.5,5525.10009765625,5492.5,5492.5,1072302700,0.0,0.0
2014-06-01,5484.10009765625,5522.60009765625,5482.0,5518.5,553317500,0.0,0.0
2014-06-02,5518.5,5526.0,5478.5,5479.7001953125,670402100,0.0,0.0
2014-06-03,5479.7001953125,5483.2001953125,5442.2998046875,5444.7998046875,553509500,0.0,0.0
2014-06-04,5444.7998046875,5455.2998046875,5416.7998046875,5436.89990234375,583526000,0.0,0.0
2014-06-05,5436.89990234375,5472.7998046875,5436.89990234375,5464.0,538557500,0.0,0.0
2014-06-09,5464.0,5496.2998046875,5463.2001953125,5469.7001953125,476969000,0.0,0.0
2014-06-10,5469.7001953125,5469.7001953125,5444.7998046875,5454.0,496644400,0.0,0.0
2014-06-11,5454.0,5454.0,5423.0,5428.7998046875,535681400,0.0,0.0
2014-06-12,5428.7998046875,5428.7998046875,5373.60009765625,5405.10009765625,686155800,0.0,0.0
2014-06-15,5405.10009765625,5412.2998046875,5380.2998046875,5412.2998046875,596455100,0.0,0.0
2014-06-16,5412.2998046875,5417.0,5389.0,5400.7001953125,601521100,0.0,0.0
2014-06-17,5400.7001953125,5404.7998046875,5382.7001953125,5382.7001953125,662896300,0.0,0.0
2014-06-18,5382.7001953125,5468.2001953125,5382.7001953125,5468.2001953125,884747700,0.0,0.0
2014-06-19,5468.2001953125,5468.2001953125,5418.0,5419.5,897196400,0.0,0.0
2014-06-22,5419.5,5468.5,5419.5,5453.2998046875,565090900,0.0,0.0
2014-06-23,5453.2998046875,5454.60009765625,5425.0,5432.7998046875,569792300,0.0,0.0
2014-06-24,5432.7998046875,5432.7998046875,5378.7998046875,5402.0,648643100,0.0,0.0
2014-06-25,5402.0,5464.2998046875,5402.0,5464.2998046875,597157500,0.0,0.0
2014-06-26,5464.2998046875,5480.10009765625,5440.7001953125,5445.10009765625,767866900,0.0,0.0
2014-06-29,5444.7998046875,5445.89990234375,5395.7001953125,5395.7001953125,539195000,0.0,0.0
2014-06-30,5395.7001953125,5414.89990234375,5370.89990234375,5375.89990234375,621650800,0.0,0.0
2014-07-01,5375.89990234375,5455.39990234375,5375.89990234375,5455.39990234375,593547400,0.0,0.0
2014-07-02,5457.10009765625,5499.7998046875,5457.10009765625,5491.2001953125,575606900,0.0,0.0
2014-07-03,5491.2001953125,5531.7001953125,5491.2001953125,5525.0,501965200,0.0,0.0
2014-07-06,5525.0,5535.89990234375,5514.2001953125,5518.89990234375,405926900,0.0,0.0
2014-07-07,5518.89990234375,5520.0,5500.89990234375,5510.89990234375,495336900,0.0,0.0
2014-07-08,5510.89990234375,5510.89990234375,5439.5,5452.5,513123900,0.0,0.0
2014-07-09,5452.5,5468.60009765625,5448.5,5464.39990234375,495169600,0.0,0.0
2014-07-10,5464.39990234375,5503.10009765625,5441.7001953125,5486.7998046875,492376400,0.0,0.0
2014-07-13,5486.7998046875,5518.60009765625,5486.7998046875,5511.39990234375,416035600,0.0,0.0
2014-07-14,5511.39990234375,5536.2001953125,5493.89990234375,5511.2998046875,492944500,0.0,0.0
2014-07-15,5511.2998046875,5527.2998046875,5499.7001953125,5518.89990234375,520190800,0.0,0.0
2014-07-16,5518.89990234375,5561.10009765625,5518.89990234375,5522.39990234375,671124300,0.0,0.0
2014-07-17,5522.39990234375,5531.7001953125,5484.10009765625,5531.7001953125,561305200,0.0,0.0
2014-07-20,5531.7001953125,5552.89990234375,5530.10009765625,5539.89990234375,425987000,0.0,0.0
2014-07-21,5539.89990234375,5545.5,5530.39990234375,5543.2998046875,505887400,0.0,0.0
2014-07-22,5543.2998046875,5598.2001953125,5543.2998046875,5576.7001953125,572997500,0.0,0.0
2014-07-23,5576.7001953125,5592.89990234375,5572.7001953125,5587.7998046875,550313700,0.0,0.0
2014-07-24,5587.7998046875,5588.7001953125,5568.60009765625,5583.5,573630000,0.0,0.0
2014-07-27,5583.5,5587.5,5558.89990234375,5577.39990234375,477877000,0.0,0.0
2014-07-28,5577.39990234375,5594.2001953125,5565.60009765625,5588.39990234375,489979800,0.0,0.0
2014-07-29,5588.39990234375,5631.10009765625,5588.39990234375,5622.89990234375,571085800,0.0,0.0
2014-07-30,5622.89990234375,5644.2001953125,5618.0,5632.89990234375,567312600,0.0,0.0
2014-07-31,5632.89990234375,5632.89990234375,5544.0,5556.39990234375,630726500,0.0,0.0
2014-08-03,5556.39990234375,5556.39990234375,5524.60009765625,5540.89990234375,362979700,0.0,0.0
2014-08-04,5540.89990234375,5548.7001953125,5509.89990234375,5518.60009765625,545347700,0.0,0.0
2014-08-05,5518.7001953125,5518.7001953125,5495.10009765625,5512.0,527827800,0.0,0.0
2014-08-06,5512.0,5522.0,5490.10009765625,5509.0,628013900,0.0,0.0
2014-08-07,5509.0,5509.0,5425.2001953125,5435.2998046875,690349600,0.0,0.0
2014-08-10,5435.2998046875,5475.89990234375,5435.2998046875,5457.0,435696100,0.0,0.0
2014-08-11,5457.0,5533.60009765625,5457.0,5530.2998046875,557253900,0.0,0.0
2014-08-12,5530.2998046875,5530.2998046875,5503.2998046875,5514.7001953125,527649700,0.0,0.0
2014-08-13,5514.7001953125,5558.39990234375,5514.7001953125,5548.5,659992600,0.0,0.0
2014-08-14,5548.5,5578.5,5545.0,5566.5,489602300,0.0,0.0
2014-08-17,5566.5,5587.10009765625,5566.5,5587.10009765625,404133400,0.0,0.0
2014-08-18,5587.10009765625,5626.60009765625,5582.5,5623.7998046875,652271400,0.0,0.0
2014-08-19,5623.7998046875,5639.39990234375,5604.2001953125,5634.60009765625,602845400,0.0,0.0
2014-08-20,5634.60009765625,5679.5,5634.60009765625,5638.89990234375,761011000,0.0,0.0
2014-08-21,5638.89990234375,5662.7001953125,5638.89990234375,5645.60009765625,569739100,0.0,0.0
2014-08-24,5645.60009765625,5650.2001953125,5625.0,5634.89990234375,534549000,0.0,0.0
2014-08-25,5634.89990234375,5646.60009765625,5625.89990234375,5637.60009765625,622225300,0.0,0.0
2014-08-26,5637.7001953125,5652.2998046875,5637.5,5651.2001953125,666083100,0.0,0.0
2014-08-27,5651.2001953125,5651.2998046875,5619.89990234375,5624.39990234375,871790500,0.0,0.0
2014-08-28,5624.39990234375,5630.60009765625,5614.2998046875,5625.89990234375,886315300,0.0,0.0
2014-08-31,5625.89990234375,5654.0,5625.89990234375,5629.7998046875,459817200,0.0,0.0
2014-09-01,5629.7998046875,5658.5,5617.89990234375,5658.5,491520600,0.0,0.0
2014-09-02,5658.5,5672.7001953125,5643.60009765625,5656.10009765625,606648700,0.0,0.0
2014-09-03,5656.10009765625,5657.5,5618.7998046875,5631.2998046875,513661200,0.0,0.0
2014-09-04,5631.2998046875,5631.2998046875,5592.89990234375,5598.7001953125,486214600,0.0,0.0
2014-09-07,5598.7001953125,5601.89990234375,5569.0,5577.0,409453600,0.0,0.0
2014-09-08,5577.0,5607.89990234375,5575.2001953125,5607.89990234375,489494600,0.0,0.0
2014-09-09,5607.89990234375,5607.89990234375,5557.39990234375,5574.2998046875,561743200,0.0,0.0
2014-09-10,5574.2998046875,5597.39990234375,5543.5,5546.10009765625,540835100,0.0,0.0
2014-09-11,5546.10009765625,5548.7001953125,5509.7998046875,5531.10009765625,544595600,0.0,0.0
2014-09-14,5531.10009765625,5531.10009765625,5473.5,5473.5,596340100,0.0,0.0
2014-09-15,5468.2001953125,5484.5,5440.5,5445.39990234375,627043900,0.0,0.0
2014-09-16,5445.39990234375,5462.10009765625,5400.2001953125,5407.2998046875,705714300,0.0,0.0
2014-09-17,5407.2998046875,5431.7001953125,5373.39990234375,5415.7998046875,830242100,0.0,0.0
2014-09-18,5415.7998046875,5443.2001953125,5415.5,5433.10009765625,974436600,0.0,0.0
2014-09-21,5433.2001953125,5434.0,5351.10009765625,5363.0,628233500,0.0,0.0
2014-09-22,5363.0,5423.2001953125,5338.0,5415.7001953125,629951400,0.0,0.0
2014-09-23,5415.7001953125,5415.7001953125,5356.89990234375,5375.7998046875,571805300,0.0,0.0
2014-09-24,5375.7998046875,5412.89990234375,5373.2998046875,5382.2001953125,535408100,0.0,0.0
2014-09-25,5382.2001953125,5382.2001953125,5309.7998046875,5313.39990234375,624443300,0.0,0.0
2014-09-28,5313.39990234375,5313.39990234375,5259.89990234375,5264.2001953125,545039800,0.0,0.0
2014-09-29,5264.2001953125,5292.7998046875,5253.10009765625,5292.7998046875,647245100,0.0,0.0
2014-09-30,5292.7998046875,5337.2001953125,5244.0,5334.10009765625,606397100,0.0,0.0
2014-10-01,5334.10009765625,5334.10009765625,5283.0,5297.7001953125,541554500,0.0,0.0
2014-10-02,5297.7001953125,5318.60009765625,5281.2001953125,5318.2001953125,488425500,0.0,0.0
2014-10-05,5318.2001953125,5320.89990234375,5277.89990234375,5292.89990234375,327021400,0.0,0.0
2014-10-06,5292.89990234375,5319.60009765625,5208.2998046875,5284.2001953125,678518900,0.0,0.0
2014-10-07,5284.2001953125,5284.2001953125,5209.7001953125,5241.2998046875,528201500,0.0,0.0
2014-10-08,5241.2998046875,5324.60009765625,5241.2998046875,5296.7001953125,626015400,0.0,0.0
2014-10-09,5295.7001953125,5295.7001953125,5187.60009765625,5188.2998046875,710522700,0.0,0.0
2014-10-12,5188.2998046875,5188.2998046875,5122.0,5155.5,638876300,0.0,0.0
2014-10-13,5155.5,5217.7001953125,5130.7001953125,5207.39990234375,817870000,0.0,0.0
2014-10-14,5207.39990234375,5252.7998046875,5206.10009765625,5245.60009765625,649120000,0.0,0.0
2014-10-15,5245.60009765625,5258.60009765625,5162.39990234375,5254.89990234375,835001500,0.0,0.0
2014-10-16,5254.89990234375,5308.5,5254.89990234375,5271.7001953125,736385900,0.0,0.0
2014-10-19,5271.7001953125,5342.0,5271.7001953125,5319.39990234375,462719200,0.0,0.0
2014-10-20,5319.39990234375,5344.5,5312.10009765625,5325.0,745617900,0.0,0.0
2014-10-21,5325.0,5388.0,5325.0,5385.89990234375,575533300,0.0,0.0
2014-10-22,5385.89990234375,5389.2001953125,5364.5,5383.10009765625,593525900,0.0,0.0
2014-10-23,5383.10009765625,5425.7001953125,5383.10009765625,5412.2001953125,600455400,0.0,0.0
2014-10-26,5412.2001953125,5462.2998046875,5412.2001953125,5459.0,566298000,0.0,0.0
2014-10-27,5459.0,5459.0,5433.10009765625,5452.60009765625,609644400,0.0,0.0
2014-10-28,5452.60009765625,5481.60009765625,5441.2998046875,5447.7001953125,688817500,0.0,0.0
2014-10-29,5447.60009765625,5476.89990234375,5447.60009765625,5476.2001953125,658927600,0.0,0.0
2014-10-30,5476.2001953125,5526.60009765625,5476.2001953125,5526.60009765625,726033900,0.0,0.0
2014-11-02,5526.60009765625,5535.7001953125,5499.10009765625,5506.89990234375,514872500,0.0,0.0
2014-11-03,5506.89990234375,5530.89990234375,5503.7998046875,5519.89990234375,445344300,0.0,0.0
2014-11-04,5519.89990234375,5519.89990234375,5481.0,5517.89990234375,577623800,0.0,0.0
2014-11-05,5517.89990234375,5547.5,5493.0,5506.10009765625,610609500,0.0,0.0
2014-11-06,5506.10009765625,5549.10009765625,5500.2998046875,5549.10009765625,729595000,0.0,0.0
2014-11-09,5549.10009765625,5550.2998046875,5501.39990234375,5524.0,583270400,0.0,0.0
2014-11-10,5524.0,5533.7998046875,5508.39990234375,5517.10009765625,612622700,0.0,0.0
2014-11-11,5517.10009765625,5517.10009765625,5459.5,5463.10009765625,563221800,0.0,0.0
2014-11-12,5463.10009765625,5470.60009765625,5433.60009765625,5442.7001953125,554020700,0.0,0.0
2014-11-13,5442.7001953125,5457.39990234375,5419.2998046875,5454.2998046875,447174700,0.0,0.0
2014-11-16,5454.2998046875,5460.2998046875,5406.2001953125,5412.5,471435800,0.0,0.0
2014-11-17,5412.5,5431.5,5388.2001953125,5399.7001953125,470010700,0.0,0.0
2014-11-18,5399.7001953125,5399.7001953125,5366.7998046875,5368.7998046875,566452100,0.0,0.0
2014-11-19,5368.7998046875,5368.7998046875,5315.7998046875,5316.2001953125,632223200,0.0,0.0
2014-11-20,5316.2001953125,5327.2001953125,5292.89990234375,5304.2998046875,569498700,0.0,0.0
2014-11-23,5304.2998046875,5378.0,5304.2998046875,5361.7998046875,501493500,0.0,0.0
2014-11-24,5361.7998046875,5361.7998046875,5296.7998046875,5334.7998046875,883546700,0.0,0.0
2014-11-25,5334.7998046875,5396.2001953125,5334.7998046875,5396.2001953125,537504600,0.0,0.0
2014-11-26,5391.10009765625,5391.10009765625,5328.0,5332.39990234375,0,0.0,0.0
2014-11-27,5400.89990234375,5400.89990234375,5313.0,5313.0,660919200,0.0,0.0
2014-11-30,5313.0,5317.39990234375,5207.7001953125,5207.7001953125,694460000,0.0,0.0
2014-12-01,5207.7001953125,5284.89990234375,5207.7001953125,5281.2998046875,724275400,0.0,0.0
2014-12-02,5281.2998046875,5331.60009765625,5261.5,5321.7998046875,645934200,0.0,0.0
2014-12-03,5321.7998046875,5373.5,5321.7998046875,5368.7998046875,631944200,0.0,0.0
2014-12-04,5368.7998046875,5389.39990234375,5308.2001953125,5335.2998046875,639346700,0.0,0.0
2014-12-07,5372.7001953125,5372.7001953125,5333.89990234375,5338.60009765625,58080600,0.0,0.0
2014-12-08,5372.7001953125,5372.7001953125,5282.7001953125,5282.7001953125,776687400,0.0,0.0
2014-12-09,5282.7001953125,5288.39990234375,5222.39990234375,5259.0,0,0.0,0.0
2014-12-10,5259.0,5259.0,5188.0,5231.0,736331100,0.0,0.0
2014-12-11,5231.0,5241.5,5204.0,5219.60009765625,641041100,0.0,0.0
2014-12-14,5219.60009765625,5219.60009765625,5146.10009765625,5186.10009765625,552911500,0.0,0.0
2014-12-15,5186.10009765625,5186.10009765625,5142.7998046875,5152.2998046875,617065900,0.0,0.0
2014-12-16,5152.2998046875,5191.2998046875,5150.2001953125,5161.89990234375,603274700,0.0,0.0
2014-12-17,5161.89990234375,5265.0,5161.89990234375,5210.7998046875,862033700,0.0,0.0
2014-12-18,5210.7998046875,5343.10009765625,5210.7998046875,5338.60009765625,0,0.0,0.0
2014-12-21,5338.60009765625,5442.0,5338.60009765625,5442.0,0,0.0,0.0
2014-12-22,5442.0,5442.0,5380.89990234375,5380.89990234375,0,0.0,0.0
2014-12-23,5380.89990234375,5398.2001953125,5366.5,5394.5,0,0.0,0.0
2014-12-28,5394.5,5479.89990234375,5394.5,5473.7998046875,0,0.0,0.0
2014-12-29,5473.7998046875,5486.7001953125,5416.2001953125,5416.60009765625,0,0.0,0.0
2014-12-30,5416.60009765625,5437.2001953125,5400.0,5411.0,0,0.0,0.0
2015-01-01,5411.0,5436.2998046875,5387.0,5435.89990234375,0,0.0,0.0
2015-01-04,5435.89990234375,5470.39990234375,5429.60009765625,5450.2998046875,0,0.0,0.0
2015-01-05,5450.2998046875,5450.2998046875,5338.60009765625,5364.7998046875,0,0.0,0.0
2015-01-06,5364.7998046875,5369.7998046875,5318.7001953125,5353.60009765625,0,0.0,0.0
2015-01-07,5353.60009765625,5395.7998046875,5353.60009765625,5381.5,0,0.0,0.0
2015-01-08,5381.5,5465.60009765625,5381.5,5465.60009765625,0,0.0,0.0
2015-01-11,5465.60009765625,5465.60009765625,5419.39990234375,5422.7001953125,0,0.0,0.0
2015-01-12,5422.7001953125,5422.7001953125,5373.7001953125,5404.7001953125,0,0.0,0.0
2015-01-13,5404.7001953125,5405.7001953125,5346.60009765625,5353.60009765625,0,0.0,0.0
2015-01-14,5353.60009765625,5353.60009765625,5303.7001953125,5331.39990234375,0,0.0,0.0
2015-01-15,5331.39990234375,5333.89990234375,5267.39990234375,5299.2001953125,0,0.0,0.0
2015-01-18,5299.2001953125,5372.39990234375,5299.2001953125,5309.10009765625,0,0.0,0.0
2015-01-19,5309.10009765625,5313.89990234375,5282.39990234375,5307.7001953125,0,0.0,0.0
2015-01-20,5307.7001953125,5393.39990234375,5307.7001953125,5393.39990234375,0,0.0,0.0
2015-01-21,5393.39990234375,5432.39990234375,5393.39990234375,5419.89990234375,0,0.0,0.0
2015-01-22,5419.89990234375,5501.7998046875,5419.89990234375,5501.7998046875,0,0.0,0.0
2015-01-26,5501.7998046875,5547.2001953125,5497.2998046875,5547.2001953125,0,0.0,0.0
2015-01-27,5547.2001953125,5559.10009765625,5521.2001953125,5552.7998046875,0,0.0,0.0
2015-01-28,5552.7998046875,5576.2001953125,5518.60009765625,5569.5,0,0.0,0.0
2015-01-29,5569.5,5619.5,5569.5,5588.2998046875,0,0.0,0.0
2015-02-01,5588.2998046875,5639.39990234375,5588.2998046875,5625.2998046875,0,0.0,0.0
2015-02-02,5625.2998046875,5717.5,5625.2998046875,5707.39990234375,0,0.0,0.0
2015-02-03,5707.39990234375,5805.10009765625,5707.39990234375,5777.2998046875,0,0.0,0.0
2015-02-04,5777.2998046875,5819.10009765625,5757.89990234375,5811.0,0,0.0,0.0
2015-02-05,5811.0,5850.89990234375,5809.5,5820.2001953125,0,0.0,0.0
2015-02-08,5820.2001953125,5820.2001953125,5779.60009765625,5814.89990234375,0,0.0,0.0
2015-02-09,5814.89990234375,5819.39990234375,5781.2001953125,5800.60009765625,0,0.0,0.0
2015-02-10,5800.60009765625,5818.89990234375,5757.39990234375,5769.10009765625,0,0.0,0.0
2015-02-11,5769.10009765625,5790.5,5739.7998046875,5743.60009765625,0,0.0,0.0
2015-02-12,5743.60009765625,5893.5,5743.60009765625,5877.5,0,0.0,0.0
2015-02-15,5877.5,5893.39990234375,5841.89990234375,5888.7001953125,0,0.0,0.0
2015-02-16,5888.7001953125,5888.7001953125,5844.7998046875,5858.2001953125,0,0.0,0.0
2015-02-17,5858.2001953125,5915.7001953125,5845.60009765625,5915.7001953125,0,0.0,0.0
2015-02-18,5915.7001953125,5946.7998046875,5889.5,5904.2001953125,0,0.0,0.0
2015-02-19,5904.2001953125,5910.7998046875,5872.89990234375,5881.5,0,0.0,0.0
2015-02-22,5881.5,5915.7998046875,5869.2001953125,5908.0,0,0.0,0.0
2015-02-23,5908.0,5930.39990234375,5884.7998046875,5927.0,0,0.0,0.0
2015-02-24,5927.0,5955.5,5914.5,5944.89990234375,0,0.0,0.0
2015-02-25,5944.89990234375,5944.89990234375,5900.0,5908.5,0,0.0,0.0
2015-02-26,5908.5,5944.7998046875,5874.7998046875,5928.7998046875,0,0.0,0.0
2015-03-01,5928.7998046875,5983.60009765625,5928.7998046875,5958.89990234375,0,0.0,0.0
2015-03-02,5958.89990234375,5996.89990234375,5903.2001953125,5933.89990234375,0,0.0,0.0
2015-03-03,5933.89990234375,5947.7001953125,5898.10009765625,5901.60009765625,0,0.0,0.0
2015-03-04,5901.60009765625,5904.2001953125,5869.2001953125,5904.2001953125,0,0.0,0.0
2015-03-05,5904.2001953125,5916.39990234375,5870.7001953125,5898.89990234375,0,0.0,0.0
2015-03-08,5898.89990234375,5898.89990234375,5814.7001953125,5821.2998046875,0,0.0,0.0
2015-03-09,5821.2998046875,5856.7001953125,5811.7001953125,5824.2001953125,0,0.0,0.0
2015-03-10,5824.2001953125,5824.2001953125,5748.7001953125,5793.2001953125,0,0.0,0.0
2015-03-11,5793.2001953125,5855.2998046875,5786.2998046875,5850.2001953125,0,0.0,0.0
2015-03-12,5850.2001953125,5855.10009765625,5799.0,5814.5,0,0.0,0.0
2015-03-15,5814.5,5814.5,5761.60009765625,5797.7001953125,0,0.0,0.0
2015-03-16,5797.7001953125,5863.39990234375,5797.7001953125,5842.10009765625,0,0.0,0.0
2015-03-17,5842.10009765625,5845.2998046875,5788.60009765625,5842.2998046875,0,0.0,0.0
2015-03-18,5842.2998046875,5953.2998046875,5842.2998046875,5950.7998046875,0,0.0,0.0
2015-03-19,5950.7998046875,5979.7998046875,5927.89990234375,5975.5,0,0.0,0.0
2015-03-22,5975.5,5995.0,5951.5,5956.10009765625,0,0.0,0.0
2015-03-23,5956.10009765625,5979.89990234375,5956.10009765625,5969.10009765625,0,0.0,0.0
2015-03-24,5969.10009765625,5988.7001953125,5961.5,5973.2998046875,0,0.0,0.0
2015-03-25,5973.2998046875,5973.2998046875,5879.10009765625,5879.10009765625,0,0.0,0.0
2015-03-26,5879.10009765625,5933.2001953125,5877.10009765625,5919.89990234375,0,0.0,0.0
2015-03-29,5919.89990234375,5919.89990234375,5828.10009765625,5846.10009765625,0,0.0,0.0
2015-03-30,5846.10009765625,5931.5,5846.10009765625,5891.5,0,0.0,0.0
2015-03-31,5891.5,5891.5,5843.89990234375,5860.7998046875,0,0.0,0.0
2015-04-01,5860.7998046875,5907.39990234375,5860.7998046875,5898.60009765625,0,0.0,0.0
2015-04-06,5898.60009765625,5981.7001953125,5898.60009765625,5926.0,0,0.0,0.0
2015-04-07,5926.0,5974.60009765625,5926.0,5960.7001953125,0,0.0,0.0
2015-04-08,5960.7001953125,5964.60009765625,5930.5,5932.2001953125,0,0.0,0.0
2015-04-09,5932.2001953125,5968.39990234375,5926.0,5968.39990234375,0,0.0,0.0
2015-04-12,5968.39990234375,5996.39990234375,5959.5,5960.2998046875,0,0.0,0.0
2015-04-13,5960.2998046875,5960.2998046875,5929.2001953125,5946.60009765625,0,0.0,0.0
2015-04-14,5946.60009765625,5958.89990234375,5893.7001953125,5908.39990234375,0,0.0,0.0
2015-04-15,5908.39990234375,5970.7998046875,5908.39990234375,5947.5,0,0.0,0.0
2015-04-16,5947.5,5947.5,5869.5,5877.89990234375,0,0.0,0.0
2015-04-19,5877.89990234375,5877.89990234375,5807.7998046875,5833.10009765625,0,0.0,0.0
2015-04-20,5833.10009765625,5888.5,5833.10009765625,5872.2998046875,0,0.0,0.0
2015-04-21,5872.2998046875,5873.7998046875,5818.2998046875,5837.5,0,0.0,0.0
2015-04-22,5837.5,5849.10009765625,5825.89990234375,5844.7998046875,0,0.0,0.0
2015-04-23,5844.7998046875,5935.0,5844.7998046875,5933.2998046875,0,0.0,0.0
2015-04-26,5933.2998046875,5985.60009765625,5933.2998046875,5982.7001953125,0,0.0,0.0
2015-04-27,5982.7001953125,5984.2001953125,5948.5,5948.5,0,0.0,0.0
2015-04-28,5948.5,5948.5,5838.60009765625,5838.60009765625,0,0.0,0.0
2015-04-29,5838.60009765625,5838.60009765625,5749.89990234375,5790.0,0,0.0,0.0
2015-04-30,5790.0,5825.10009765625,5769.60009765625,5814.39990234375,0,0.0,0.0
2015-05-03,5814.39990234375,5846.60009765625,5793.0,5827.5,0,0.0,0.0
2015-05-04,5827.5,5901.7998046875,5802.2001953125,5826.5,0,0.0,0.0
2015-05-05,5826.5,5826.5,5692.2001953125,5692.2001953125,0,0.0,0.0
2015-05-06,5692.2001953125,5692.2001953125,5606.7001953125,5645.7001953125,0,0.0,0.0
2015-05-07,5645.7001953125,5689.10009765625,5634.60009765625,5634.60009765625,0,0.0,0.0
2015-05-10,5634.60009765625,5698.7001953125,5622.7998046875,5625.2001953125,0,0.0,0.0
2015-05-11,5625.2001953125,5685.0,5616.0,5674.7001953125,0,0.0,0.0
2015-05-12,5674.7001953125,5717.10009765625,5668.60009765625,5715.10009765625,0,0.0,0.0
2015-05-13,5715.10009765625,5715.10009765625,5663.5,5696.60009765625,0,0.0,0.0
2015-05-14,5696.60009765625,5747.0,5696.60009765625,5735.5,0,0.0,0.0
2015-05-17,5735.5,5735.5,5659.2001953125,5659.2001953125,0,0.0,0.0
2015-05-18,5659.2001953125,5673.2998046875,5611.2001953125,5615.5,0,0.0,0.0
2015-05-19,5615.5,5625.60009765625,5574.60009765625,5610.2998046875,0,0.0,0.0
2015-05-20,5610.2998046875,5665.7998046875,5610.2998046875,5662.2998046875,0,0.0,0.0
2015-05-21,5662.2998046875,5692.10009765625,5655.10009765625,5664.7001953125,0,0.0,0.0
2015-05-24,5664.7001953125,5733.2998046875,5664.7001953125,5721.5,0,0.0,0.0
2015-05-25,5721.5,5775.2998046875,5721.5,5773.39990234375,0,0.0,0.0
2015-05-26,5773.39990234375,5773.39990234375,5716.0,5725.2998046875,0,0.0,0.0
2015-05-27,5725.2998046875,5745.7998046875,5691.89990234375,5713.10009765625,0,0.0,0.0
2015-05-28,5713.10009765625,5803.0,5713.10009765625,5777.2001953125,0,0.0,0.0
2015-05-31,5777.2001953125,5777.2001953125,5682.10009765625,5735.39990234375,0,0.0,0.0
2015-06-01,5735.39990234375,5753.2998046875,5636.0,5636.0,0,0.0,0.0
2015-06-02,5636.0,5640.5,5575.2001953125,5583.60009765625,0,0.0,0.0
2015-06-03,5583.60009765625,5603.2001953125,5504.2998046875,5504.2998046875,0,0.0,0.0
2015-06-04,5504.2998046875,5529.89990234375,5470.0,5498.5,0,0.0,0.0
2015-06-08,5498.5,5523.89990234375,5468.5,5471.2998046875,0,0.0,0.0
2015-06-09,5471.2998046875,5485.10009765625,5453.10009765625,5478.60009765625,0,0.0,0.0
2015-06-10,5478.60009765625,5556.7001953125,5478.60009765625,5556.7001953125,0,0.0,0.0
2015-06-11,5556.7001953125,5556.7001953125,5528.89990234375,5545.2998046875,0,0.0,0.0
2015-06-14,5545.2998046875,5545.2998046875,5492.10009765625,5538.7998046875,0,0.0,0.0
2015-06-15,5538.7998046875,5574.2001953125,5527.7001953125,5535.7998046875,0,0.0,0.0
2015-06-16,5535.7998046875,5607.10009765625,5535.7998046875,5595.39990234375,0,0.0,0.0
2015-06-17,5595.39990234375,5595.39990234375,5502.89990234375,5524.89990234375,0,0.0,0.0
2015-06-18,5524.89990234375,5612.2001953125,5524.89990234375,5597.0,0,0.0,0.0
2015-06-21,5597.0,5612.60009765625,5568.2001953125,5610.2001953125,0,0.0,0.0
2015-06-22,5610.2001953125,5690.39990234375,5610.2001953125,5684.2998046875,0,0.0,0.0
2015-06-23,5684.2998046875,5705.7998046875,5679.5,5686.7998046875,0,0.0,0.0
2015-06-24,5686.7998046875,5686.7998046875,5632.7001953125,5632.7001953125,0,0.0,0.0
2015-06-25,5632.7001953125,5632.7001953125,5524.10009765625,5545.89990234375,0,0.0,0.0
2015-06-28,5545.89990234375,5545.89990234375,5414.2998046875,5422.5,0,0.0,0.0
2015-06-29,5422.5,5466.60009765625,5390.5,5459.0,0,0.0,0.0
2015-06-30,5459.0,5515.7001953125,5452.7998046875,5515.7001953125,0,0.0,0.0
2015-07-01,5515.7001953125,5609.89990234375,5513.39990234375,5599.7998046875,0,0.0,0.0
2015-07-02,5599.7998046875,5599.7998046875,5491.10009765625,5538.2998046875,0,0.0,0.0
2015-07-05,5538.2998046875,5538.2998046875,5436.39990234375,5475.0,0,0.0,0.0
2015-07-06,5475.0,5586.2001953125,5475.0,5581.39990234375,0,0.0,0.0
2015-07-07,5581.39990234375,5581.39990234375,5469.5,5469.5,0,0.0,0.0
2015-07-08,5469.5,5491.2001953125,5383.7001953125,5471.0,0,0.0,0.0
2015-07-09,5471.0,5528.39990234375,5471.0,5492.0,0,0.0,0.0
2015-07-12,5492.0,5543.2998046875,5451.10009765625,5473.2001953125,0,0.0,0.0
2015-07-13,5473.2001953125,5587.10009765625,5473.2001953125,5577.39990234375,0,0.0,0.0
2015-07-14,5577.39990234375,5637.60009765625,5576.89990234375,5636.2001953125,0,0.0,0.0
2015-07-15,5636.2001953125,5691.2001953125,5636.2001953125,5669.60009765625,0,0.0,0.0
2015-07-16,5669.60009765625,5688.89990234375,5647.7001953125,5670.10009765625,0,0.0,0.0
2015-07-19,5670.10009765625,5688.2998046875,5651.60009765625,5686.89990234375,0,0.0,0.0
2015-07-20,5686.89990234375,5718.89990234375,5686.7998046875,5706.7001953125,0,0.0,0.0
2015-07-21,5706.7001953125,5706.7001953125,5614.0,5614.60009765625,0,0.0,0.0
2015-07-22,5614.60009765625,5617.5,5586.2001953125,5590.2998046875,0,0.0,0.0
2015-07-23,5590.2998046875,5607.2001953125,5548.0,5566.10009765625,0,0.0,0.0
2015-07-26,5566.10009765625,5589.89990234375,5538.0,5589.89990234375,0,0.0,0.0
2015-07-27,5589.89990234375,5607.10009765625,5530.89990234375,5584.7001953125,0,0.0,0.0
2015-07-28,5584.7001953125,5650.5,5584.7001953125,5624.2001953125,0,0.0,0.0
2015-07-29,5624.2001953125,5676.5,5624.2001953125,5669.5,0,0.0,0.0
2015-07-30,5669.5,5699.5,5669.5,5699.2001953125,0,0.0,0.0
2015-08-02,5699.2001953125,5703.89990234375,5670.2001953125,5679.2998046875,0,0.0,0.0
2015-08-03,5679.2998046875,5727.7001953125,5659.39990234375,5697.89990234375,0,0.0,0.0
2015-08-04,5697.89990234375,5700.60009765625,5640.0,5674.0,0,0.0,0.0
2015-08-05,5674.0,5674.0,5588.39990234375,5610.10009765625,0,0.0,0.0
2015-08-06,5610.10009765625,5610.10009765625,5474.7998046875,5474.7998046875,0,0.0,0.0
2015-08-09,5474.7998046875,5513.0,5458.2001953125,5509.2001953125,0,0.0,0.0
2015-08-10,5509.2001953125,5543.2001953125,5463.0,5473.2001953125,0,0.0,0.0
2015-08-11,5473.2001953125,5480.5,5364.7001953125,5382.10009765625,0,0.0,0.0
2015-08-12,5382.10009765625,5426.2001953125,5382.10009765625,5387.89990234375,0,0.0,0.0
2015-08-13,5387.89990234375,5401.89990234375,5351.5,5356.5,0,0.0,0.0
2015-08-16,5356.5,5397.0,5356.5,5367.7001953125,0,0.0,0.0
2015-08-17,5367.7001953125,5387.7998046875,5303.10009765625,5303.10009765625,0,0.0,0.0
2015-08-18,5303.10009765625,5383.2001953125,5303.10009765625,5380.2001953125,0,0.0,0.0
2015-08-19,5380.2001953125,5380.2001953125,5276.2001953125,5288.60009765625,0,0.0,0.0
2015-08-20,5288.60009765625,5288.60009765625,5171.5,5214.60009765625,0,0.0,0.0
2015-08-23,5214.60009765625,5214.60009765625,5001.2998046875,5001.2998046875,0,0.0,0.0
2015-08-24,5001.2998046875,5151.7001953125,4928.2998046875,5137.2998046875,0,0.0,0.0
2015-08-25,5137.2998046875,5179.2001953125,5051.39990234375,5172.7998046875,0,0.0,0.0
2015-08-26,5172.7998046875,5268.7998046875,5172.7998046875,5233.2998046875,0,0.0,0.0
2015-08-27,5233.2998046875,5305.0,5228.60009765625,5263.60009765625,0,0.0,0.0
2015-08-30,5263.60009765625,5263.60009765625,5159.39990234375,5207.0,0,0.0,0.0
2015-08-31,5207.0,5214.0,5091.0,5096.39990234375,0,0.0,0.0
2015-09-01,5096.39990234375,5103.89990234375,5015.0,5101.5,0,0.0,0.0
2015-09-02,5101.5,5175.2998046875,5027.7998046875,5027.7998046875,0,0.0,0.0
2015-09-03,5036.2998046875,5069.2001953125,4995.60009765625,5040.60009765625,760640100,0.0,0.0
2015-09-06,5040.60009765625,5046.2998046875,4973.39990234375,5030.39990234375,0,0.0,0.0
2015-09-07,5030.39990234375,5115.2001953125,5030.39990234375,5115.2001953125,0,0.0,0.0
2015-09-08,5115.2001953125,5221.10009765625,5115.2001953125,5221.10009765625,0,0.0,0.0
2015-09-09,5221.10009765625,5221.10009765625,5088.7001953125,5095.0,0,0.0,0.0
2015-09-10,5095.0,5116.10009765625,5053.7001953125,5071.10009765625,0,0.0,0.0
2015-09-13,5071.10009765625,5132.39990234375,5068.89990234375,5096.5,0,0.0,0.0
2015-09-14,5096.5,5103.5,5017.7998046875,5018.39990234375,0,0.0,0.0
2015-09-15,5018.39990234375,5099.0,5018.39990234375,5098.89990234375,0,0.0,0.0
2015-09-16,5098.89990234375,5194.0,5098.89990234375,5146.7998046875,0,0.0,0.0
2015-09-17,5146.7998046875,5195.0,5093.2001953125,5170.5,0,0.0,0.0
2015-09-20,5170.5,5170.5,5027.39990234375,5066.2001953125,0,0.0,0.0
2015-09-21,5066.2001953125,5125.0,5066.2001953125,5103.60009765625,0,0.0,0.0
2015-09-22,5103.60009765625,5103.60009765625,4988.7998046875,4998.10009765625,0,0.0,0.0
2015-09-23,4998.10009765625,5071.7001953125,4998.10009765625,5071.7001953125,0,0.0,0.0
2015-09-24,5071.7001953125,5116.2998046875,5036.10009765625,5042.10009765625,0,0.0,0.0
2015-09-27,5042.10009765625,5113.5,5031.7998046875,5113.5,0,0.0,0.0
2015-09-28,5098.7998046875,5098.7998046875,4918.39990234375,4918.39990234375,0,0.0,0.0
2015-09-29,4918.39990234375,5022.0,4918.39990234375,5021.60009765625,0,0.0,0.0
2015-09-30,5021.7001953125,5116.7001953125,5021.7001953125,5112.10009765625,0,0.0,0.0
2015-10-01,5112.10009765625,5119.2001953125,5042.7998046875,5052.0,0,0.0,0.0
2015-10-04,5052.0,5153.60009765625,5052.0,5150.5,0,0.0,0.0
2015-10-05,5151.10009765625,5220.0,5151.10009765625,5167.39990234375,0,0.0,0.0
2015-10-06,5167.39990234375,5197.89990234375,5136.2998046875,5197.89990234375,0,0.0,0.0
2015-10-07,5197.89990234375,5256.0,5197.89990234375,5210.39990234375,0,0.0,0.0
2015-10-08,5210.39990234375,5284.0,5210.39990234375,5279.7001953125,0,0.0,0.0
2015-10-11,5279.7001953125,5279.7998046875,5225.2998046875,5232.89990234375,0,0.0,0.0
2015-10-12,5232.89990234375,5232.89990234375,5173.2998046875,5202.89990234375,0,0.0,0.0
2015-10-13,5202.89990234375,5202.89990234375,5164.2001953125,5197.2998046875,0,0.0,0.0
2015-10-14,5197.2998046875,5238.89990234375,5197.2998046875,5230.0,0,0.0,0.0
2015-10-15,5230.0,5294.2998046875,5230.0,5268.2001953125,0,0.0,0.0
2015-10-18,5268.2001953125,5294.0,5254.89990234375,5269.7001953125,0,0.0,0.0
2015-10-19,5269.7001953125,5269.7001953125,5228.7001953125,5235.60009765625,0,0.0,0.0
2015-10-20,5235.60009765625,5260.0,5195.39990234375,5248.2998046875,0,0.0,0.0
2015-10-21,5248.2998046875,5264.7001953125,5217.60009765625,5263.7998046875,0,0.0,0.0
2015-10-22,5263.7998046875,5374.5,5263.7998046875,5351.60009765625,0,0.0,0.0
2015-10-25,5351.60009765625,5384.7998046875,5346.5,5348.0,0,0.0,0.0
2015-10-26,5348.0,5355.7998046875,5339.7001953125,5346.2001953125,0,0.0,0.0
2015-10-27,5346.2001953125,5354.89990234375,5319.39990234375,5335.2001953125,0,0.0,0.0
2015-10-28,5335.2001953125,5353.5,5257.10009765625,5266.89990234375,0,0.0,0.0
2015-10-29,5266.89990234375,5266.89990234375,5204.0,5239.39990234375,0,0.0,0.0
2015-11-01,5239.39990234375,5249.2998046875,5162.7001953125,5165.7998046875,0,0.0,0.0
2015-11-02,5165.7998046875,5246.39990234375,5165.7998046875,5239.2001953125,0,0.0,0.0
2015-11-03,5239.2001953125,5313.7001953125,5235.60009765625,5242.2998046875,0,0.0,0.0
2015-11-04,5242.2998046875,5247.60009765625,5167.39990234375,5193.0,0,0.0,0.0
2015-11-05,5171.2001953125,5216.60009765625,5152.7998046875,5215.0,0,0.0,0.0
2015-11-08,5215.0,5215.0,5102.7998046875,5119.5,0,0.0,0.0
2015-11-09,5119.5,5119.5,5047.0,5099.2001953125,0,0.0,0.0
2015-11-10,5099.2001953125,5130.89990234375,5092.60009765625,5122.60009765625,0,0.0,0.0
2015-11-11,5122.60009765625,5150.10009765625,5083.2001953125,5125.7001953125,0,0.0,0.0
2015-11-12,5125.7001953125,5125.7001953125,5010.39990234375,5051.2998046875,0,0.0,0.0
2015-11-15,5051.2998046875,5051.2998046875,4979.2001953125,5003.7998046875,0,0.0,0.0
2015-11-16,5003.7998046875,5118.2001953125,5003.7998046875,5118.2001953125,0,0.0,0.0
2015-11-17,5118.2001953125,5145.5,5082.7001953125,5133.10009765625,0,0.0,0.0
2015-11-18,5133.10009765625,5242.60009765625,5133.10009765625,5242.60009765625,0,0.0,0.0
2015-11-19,5242.60009765625,5272.0,5231.0,5256.10009765625,0,0.0,0.0
2015-11-22,5256.10009765625,5285.5,5244.0,5276.39990234375,0,0.0,0.0
2015-11-23,5276.39990234375,5276.39990234375,5226.39990234375,5226.39990234375,0,0.0,0.0
2015-11-24,5226.39990234375,5231.2001953125,5192.10009765625,5193.7001953125,0,0.0,0.0
2015-11-25,5193.7001953125,5253.60009765625,5185.7998046875,5210.7001953125,0,0.0,0.0
2015-11-26,5210.7001953125,5258.60009765625,5195.39990234375,5202.60009765625,0,0.0,0.0
2015-11-29,5202.60009765625,5213.10009765625,5166.2001953125,5166.5,0,0.0,0.0
2015-11-30,5166.5,5279.2998046875,5166.5,5266.10009765625,0,0.0,0.0
2015-12-01,5266.10009765625,5269.2998046875,5237.5,5258.2998046875,0,0.0,0.0
2015-12-02,5258.2998046875,5258.2998046875,5200.39990234375,5227.7001953125,0,0.0,0.0
2015-12-03,5227.7001953125,5227.7001953125,5117.60009765625,5151.60009765625,0,0.0,0.0
2015-12-06,5151.60009765625,5229.89990234375,5151.60009765625,5155.7001953125,0,0.0,0.0
2015-12-07,5155.7001953125,5155.7001953125,5096.7001953125,5108.60009765625,0,0.0,0.0
2015-12-08,5108.60009765625,5119.5,5069.60009765625,5080.5,0,0.0,0.0
2015-12-09,5080.7001953125,5083.7998046875,4995.60009765625,5037.7001953125,0,0.0,0.0
2015-12-10,5037.7001953125,5067.39990234375,5015.2998046875,5029.5,0,0.0,0.0
2015-12-13,5029.5,5029.5,4928.0,4928.60009765625,0,0.0,0.0
2015-12-14,4928.60009765625,4969.39990234375,4909.60009765625,4909.60009765625,0,0.0,0.0
2015-12-15,4909.60009765625,5028.39990234375,4909.60009765625,5028.39990234375,0,0.0,0.0
2015-12-16,5028.39990234375,5129.10009765625,5028.39990234375,5102.0,0,0.0,0.0
2015-12-17,5102.0,5112.7001953125,5026.60009765625,5106.7001953125,0,0.0,0.0
2015-12-20,5106.7001953125,5126.2998046875,5075.2001953125,5109.0,0,0.0,0.0
2015-12-21,5109.0,5159.89990234375,5103.10009765625,5116.7001953125,0,0.0,0.0
2015-12-22,5116.7001953125,5168.60009765625,5116.7001953125,5141.7998046875,0,0.0,0.0
2015-12-23,5141.7998046875,5211.5,5141.7998046875,5207.60009765625,0,0.0,0.0
2015-12-28,5207.60009765625,5267.2998046875,5189.10009765625,5267.2998046875,0,0.0,0.0
2015-12-29,5267.2998046875,5324.2998046875,5267.2998046875,5319.89990234375,0,0.0,0.0
2015-12-30,5319.89990234375,5325.7998046875,5295.89990234375,5295.89990234375,0,0.0,0.0
2016-01-03,5295.89990234375,5331.39990234375,5263.7998046875,5270.5,0,0.0,0.0
2016-01-04,5270.5,5270.5,5183.7001953125,5184.39990234375,0,0.0,0.0
2016-01-05,5184.39990234375,5191.10009765625,5094.7998046875,5123.10009765625,0,0.0,0.0
2016-01-06,5123.10009765625,5124.10009765625,4996.5,5010.2998046875,0,0.0,0.0
2016-01-07,5010.2998046875,5034.2998046875,4940.2998046875,4990.7998046875,0,0.0,0.0
2016-01-10,4990.7998046875,4990.7998046875,4880.10009765625,4932.2001953125,0,0.0,0.0
2016-01-11,4932.2001953125,4983.7001953125,4910.7001953125,4925.10009765625,0,0.0,0.0
2016-01-12,4925.10009765625,4992.39990234375,4925.10009765625,4987.39990234375,0,0.0,0.0
2016-01-13,4987.39990234375,4987.39990234375,4865.0,4909.39990234375,0,0.0,0.0
2016-01-14,4929.7998046875,4997.10009765625,4870.2998046875,4892.7998046875,0,0.0,0.0
2016-01-17,4869.2001953125,4892.7998046875,4803.89990234375,4858.7001953125,0,0.0,0.0
2016-01-18,4857.2998046875,4903.10009765625,4840.2001953125,4903.10009765625,0,0.0,0.0
2016-01-19,4903.10009765625,4930.10009765625,4836.7998046875,4841.5,0,0.0,0.0
2016-01-20,4841.5,4928.10009765625,4841.5,4864.0,0,0.0,0.0
2016-01-21,4883.60009765625,4932.10009765625,4864.0,4916.0,0,0.0,0.0
2016-01-24,4916.0,5006.60009765625,4916.0,5006.60009765625,0,0.0,0.0
2016-01-26,5006.60009765625,5009.5,4937.89990234375,4946.39990234375,0,0.0,0.0
2016-01-27,4946.39990234375,4988.89990234375,4909.39990234375,4976.2001953125,0,0.0,0.0
2016-01-28,4976.2001953125,5008.5,4947.60009765625,5005.5,0,0.0,0.0
2016-01-31,5005.5,5073.0,5005.5,5043.60009765625,0,0.0,0.0
2016-02-01,5043.60009765625,5045.39990234375,4982.2001953125,4993.2998046875,0,0.0,0.0
2016-02-02,4993.2998046875,4993.2998046875,4873.60009765625,4876.7998046875,0,0.0,0.0
2016-02-03,4876.7998046875,4989.39990234375,4876.7998046875,4980.39990234375,0,0.0,0.0
2016-02-04,4980.39990234375,4983.2998046875,4932.89990234375,4976.2001953125,0,0.0,0.0
2016-02-07,4976.2001953125,4980.0,4925.7998046875,4975.39990234375,0,0.0,0.0
2016-02-08,4975.39990234375,4975.39990234375,4826.89990234375,4832.10009765625,0,0.0,0.0
2016-02-09,4832.10009765625,4852.39990234375,4706.7001953125,4775.7001953125,0,0.0,0.0
2016-02-10,4775.7001953125,4821.10009765625,4770.7001953125,4821.10009765625,0,0.0,0.0
2016-02-11,4821.10009765625,4821.10009765625,4760.2998046875,4765.2998046875,0,0.0,0.0
2016-02-14,4765.2998046875,4853.89990234375,4765.2998046875,4843.5,0,0.0,0.0
2016-02-15,4843.5,4910.0,4814.10009765625,4910.0,0,0.0,0.0
2016-02-16,4910.0,4926.2998046875,4869.7001953125,4882.10009765625,0,0.0,0.0
2016-02-17,4882.10009765625,4992.60009765625,4882.10009765625,4992.0,0,0.0,0.0
2016-02-18,4992.0,4992.0,4937.0,4952.7998046875,0,0.0,0.0
2016-02-21,4952.7998046875,5007.39990234375,4949.2001953125,5001.2001953125,0,0.0,0.0
2016-02-22,5001.2001953125,5035.60009765625,4969.39990234375,4979.60009765625,0,0.0,0.0
2016-02-23,4979.60009765625,4979.60009765625,4861.89990234375,4875.0,0,0.0,0.0
2016-02-24,4875.0,4902.0,4844.2998046875,4881.2001953125,0,0.0,0.0
2016-02-25,4881.2001953125,4897.10009765625,4838.2998046875,4880.0,0,0.0,0.0
2016-02-28,4880.0,4925.7001953125,4878.7998046875,4880.89990234375,0,0.0,0.0
2016-02-29,4880.89990234375,4931.7001953125,4868.10009765625,4922.2998046875,0,0.0,0.0
2016-03-01,4922.2998046875,5047.0,4922.2998046875,5021.2001953125,0,0.0,0.0
2016-03-02,5021.2001953125,5081.10009765625,5021.2001953125,5081.10009765625,0,0.0,0.0
2016-03-03,5081.10009765625,5105.0,5081.10009765625,5090.0,0,0.0,0.0
2016-03-06,5090.0,5151.7001953125,5090.0,5142.7998046875,0,0.0,0.0
2016-03-07,5142.7998046875,5182.5,5103.39990234375,5108.0,0,0.0,0.0
2016-03-08,5108.0,5157.2001953125,5081.89990234375,5157.2001953125,0,0.0,0.0
2016-03-09,5157.2001953125,5177.2001953125,5149.7001953125,5150.10009765625,0,0.0,0.0
2016-03-10,5150.10009765625,5181.60009765625,5118.5,5166.39990234375,0,0.0,0.0
2016-03-13,5166.39990234375,5214.0,5166.39990234375,5185.5,0,0.0,0.0
2016-03-14,5185.5,5185.5,5106.5,5111.39990234375,0,0.0,0.0
2016-03-15,5111.39990234375,5122.39990234375,5088.2001953125,5119.0,0,0.0,0.0
2016-03-16,5119.0,5193.5,5119.0,5168.2001953125,0,0.0,0.0
2016-03-17,5168.2001953125,5216.2001953125,5168.2001953125,5183.10009765625,0,0.0,0.0
2016-03-20,5183.10009765625,5195.7001953125,5148.60009765625,5166.60009765625,0,0.0,0.0
2016-03-21,5161.5,5181.60009765625,5152.60009765625,5166.60009765625,0,0.0,0.0
2016-03-22,5166.60009765625,5166.60009765625,5124.0,5142.2998046875,0,0.0,0.0
2016-03-23,5142.2998046875,5142.2998046875,5069.2001953125,5084.2001953125,0,0.0,0.0
2016-03-28,5084.2001953125,5095.7001953125,4998.5,5004.5,0,0.0,0.0
2016-03-29,5004.5,5058.7998046875,4989.89990234375,5010.2998046875,0,0.0,0.0
2016-03-30,5010.2998046875,5098.2001953125,5010.2998046875,5082.7998046875,0,0.0,0.0
2016-03-31,5082.7998046875,5082.7998046875,4976.2998046875,4999.39990234375,0,0.0,0.0
2016-04-03,4999.39990234375,5046.2998046875,4995.2998046875,4995.2998046875,0,0.0,0.0
2016-04-04,4995.2998046875,4995.2998046875,4909.10009765625,4924.39990234375,0,0.0,0.0
2016-04-05,4924.39990234375,4958.2001953125,4906.2998046875,4945.89990234375,0,0.0,0.0
2016-04-06,4945.89990234375,4984.89990234375,4945.10009765625,4964.10009765625,0,0.0,0.0
2016-04-07,4960.89990234375,4960.89990234375,4893.5,4937.60009765625,0,0.0,0.0
2016-04-10,4937.60009765625,4943.2001953125,4910.7998046875,4931.5,0,0.0,0.0
2016-04-11,4931.5,4977.2001953125,4927.2998046875,4975.60009765625,0,0.0,0.0
2016-04-12,4975.60009765625,5054.7001953125,4975.60009765625,5054.7001953125,0,0.0,0.0
2016-04-13,5054.7001953125,5118.60009765625,5054.7001953125,5118.60009765625,0,0.0,0.0
2016-04-14,5118.5,5157.5,5111.7001953125,5157.5,0,0.0,0.0
2016-04-17,5157.5,5157.60009765625,5118.5,5137.10009765625,0,0.0,0.0
2016-04-18,5137.10009765625,5219.0,5137.10009765625,5188.7998046875,0,0.0,0.0
2016-04-19,5188.7998046875,5232.7001953125,5188.7998046875,5216.0,0,0.0,0.0
2016-04-20,5216.0,5279.89990234375,5216.0,5272.7001953125,0,0.0,0.0
2016-04-21,5272.7001953125,5273.5,5226.2001953125,5236.39990234375,0,0.0,0.0
2016-04-25,5236.39990234375,5247.2998046875,5211.39990234375,5220.60009765625,0,0.0,0.0
2016-04-26,5220.60009765625,5281.60009765625,5179.5,5187.7001953125,0,0.0,0.0
2016-04-27,5187.7001953125,5239.2998046875,5187.7001953125,5225.39990234375,0,0.0,0.0
2016-04-28,5225.39990234375,5257.10009765625,5210.5,5252.2001953125,0,0.0,0.0
2016-05-01,5252.2001953125,5252.2001953125,5182.2001953125,5243.0,0,0.0,0.0
2016-05-02,5243.0,5357.0,5217.39990234375,5353.7998046875,0,0.0,0.0
2016-05-03,5353.7998046875,5353.7998046875,5271.10009765625,5271.10009765625,0,0.0,0.0
2016-05-04,5271.10009765625,5294.10009765625,5249.7998046875,5279.10009765625,0,0.0,0.0
2016-05-05,5281.60009765625,5292.0,5200.2998046875,5292.0,0,0.0,0.0
2016-05-08,5292.0,5321.39990234375,5264.39990234375,5320.7001953125,0,0.0,0.0
2016-05-09,5320.7001953125,5343.2001953125,5288.39990234375,5342.7998046875,0,0.0,0.0
2016-05-10,5342.7998046875,5425.2001953125,5342.7998046875,5372.2998046875,0,0.0,0.0
2016-05-11,5372.2998046875,5372.2998046875,5337.60009765625,5359.2998046875,0,0.0,0.0
2016-05-12,5359.2998046875,5371.7001953125,5309.0,5329.0,0,0.0,0.0
2016-05-15,5329.0,5371.10009765625,5319.7998046875,5358.89990234375,0,0.0,0.0
2016-05-16,5358.89990234375,5395.89990234375,5358.89990234375,5395.89990234375,0,0.0,0.0
2016-05-17,5395.89990234375,5395.89990234375,5347.10009765625,5356.2001953125,0,0.0,0.0
2016-05-18,5356.2001953125,5371.10009765625,5303.10009765625,5323.2998046875,0,0.0,0.0
2016-05-19,5323.2998046875,5366.0,5320.2998046875,5351.2998046875,0,0.0,0.0
2016-05-22,5351.2998046875,5364.60009765625,5297.5,5318.89990234375,0,0.0,0.0
2016-05-23,5318.89990234375,5324.0,5295.60009765625,5295.60009765625,0,0.0,0.0
2016-05-24,5295.60009765625,5394.39990234375,5295.60009765625,5372.5,0,0.0,0.0
2016-05-25,5372.5,5402.7001953125,5354.10009765625,5388.10009765625,0,0.0,0.0
2016-05-26,5388.10009765625,5427.7001953125,5388.10009765625,5405.89990234375,0,0.0,0.0
2016-05-29,5405.89990234375,5415.0,5391.5,5408.0,0,0.0,0.0
2016-05-30,5408.0,5408.0,5365.2998046875,5378.60009765625,0,0.0,0.0
2016-05-31,5378.60009765625,5378.60009765625,5306.2998046875,5323.2001953125,0,0.0,0.0
2016-06-01,5323.2001953125,5327.7998046875,5270.89990234375,5278.89990234375,0,0.0,0.0
2016-06-02,5278.89990234375,5324.2998046875,5278.89990234375,5318.89990234375,0,0.0,0.0
2016-06-05,5318.89990234375,5374.89990234375,5317.10009765625,5360.39990234375,0,0.0,0.0
2016-06-06,5360.10009765625,5392.5,5360.10009765625,5371.0,0,0.0,0.0
2016-06-07,5371.0,5375.5,5335.2001953125,5370.0,0,0.0,0.0
2016-06-08,5370.0,5386.0,5336.0,5361.89990234375,0,0.0,0.0
2016-06-09,5361.89990234375,5361.89990234375,5294.2001953125,5312.60009765625,0,0.0,0.0
2016-06-13,5312.60009765625,5312.60009765625,5197.39990234375,5203.2998046875,0,0.0,0.0
2016-06-14,5203.2998046875,5203.2998046875,5147.10009765625,5147.10009765625,0,0.0,0.0
2016-06-15,5147.10009765625,5198.89990234375,5141.0,5146.0,0,0.0,0.0
2016-06-16,5146.0,5178.39990234375,5146.0,5162.7001953125,0,0.0,0.0
2016-06-19,5162.7001953125,5256.7998046875,5162.7001953125,5256.7998046875,0,0.0,0.0
2016-06-20,5256.7998046875,5290.0,5252.2998046875,5274.39990234375,0,0.0,0.0
2016-06-21,5274.39990234375,5297.7998046875,5259.2998046875,5270.89990234375,0,0.0,0.0
2016-06-22,5271.0,5292.7998046875,5269.39990234375,5280.7001953125,0,0.0,0.0
2016-06-23,5280.7001953125,5325.39990234375,5080.0,5113.2001953125,0,0.0,0.0
2016-06-26,5113.2001953125,5154.89990234375,5051.0,5137.2001953125,0,0.0,0.0
2016-06-27,5137.2001953125,5137.2001953125,5051.10009765625,5103.2998046875,0,0.0,0.0
2016-06-28,5103.2998046875,5156.5,5103.2998046875,5142.39990234375,0,0.0,0.0
2016-06-29,5142.39990234375,5247.60009765625,5142.39990234375,5233.39990234375,0,0.0,0.0
2016-06-30,5233.39990234375,5278.89990234375,5233.39990234375,5246.60009765625,0,0.0,0.0
2016-07-03,5246.60009765625,5281.7998046875,5218.5,5281.7998046875,0,0.0,0.0
2016-07-04,5281.7998046875,5282.2998046875,5221.10009765625,5228.0,0,0.0,0.0
2016-07-05,5228.0,5228.0,5148.7001953125,5197.5,0,0.0,0.0
2016-07-06,5197.5,5244.10009765625,5197.5,5227.89990234375,0,0.0,0.0
2016-07-07,5227.89990234375,5238.2998046875,5217.39990234375,5230.5,0,0.0,0.0
2016-07-10,5230.5,5337.10009765625,5230.5,5337.10009765625,0,0.0,0.0
2016-07-11,5337.10009765625,5391.89990234375,5337.10009765625,5353.2001953125,0,0.0,0.0
2016-07-12,5353.2001953125,5391.7001953125,5353.2001953125,5388.5,0,0.0,0.0
2016-07-13,5388.5,5416.0,5386.0,5411.60009765625,0,0.0,0.0
2016-07-14,5411.60009765625,5452.7001953125,5411.60009765625,5429.60009765625,0,0.0,0.0
2016-07-17,5429.60009765625,5462.2998046875,5428.89990234375,5458.5,0,0.0,0.0
2016-07-18,5458.5,5466.39990234375,5432.7998046875,5451.2998046875,0,0.0,0.0
2016-07-19,5451.2998046875,5488.7001953125,5439.7998046875,5488.7001953125,0,0.0,0.0
2016-07-20,5488.7001953125,5531.89990234375,5488.7001953125,5512.39990234375,0,0.0,0.0
2016-07-21,5512.60009765625,5512.60009765625,5477.89990234375,5498.2001953125,0,0.0,0.0
2016-07-24,5498.2001953125,5548.5,5498.2001953125,5533.60009765625,0,0.0,0.0
2016-07-25,5530.2001953125,5537.5,5498.2001953125,5537.5,0,0.0,0.0
2016-07-26,5537.5,5564.60009765625,5530.0,5539.7001953125,0,0.0,0.0
2016-07-27,5539.7001953125,5564.0,5538.7998046875,5556.60009765625,0,0.0,0.0
2016-07-28,5556.60009765625,5570.39990234375,5536.89990234375,5562.2998046875,0,0.0,0.0
2016-07-31,5562.39990234375,5611.2001953125,5562.39990234375,5587.39990234375,0,0.0,0.0
2016-08-01,5587.39990234375,5592.10009765625,5539.2998046875,5540.5,0,0.0,0.0
2016-08-02,5539.2998046875,5539.2998046875,5465.7001953125,5465.7001953125,0,0.0,0.0
2016-08-03,5465.7001953125,5509.2001953125,5465.7001953125,5475.7998046875,0,0.0,0.0
2016-08-04,5475.7998046875,5512.5,5475.7998046875,5497.39990234375,0,0.0,0.0
2016-08-07,5497.39990234375,5549.60009765625,5497.39990234375,5537.7998046875,0,0.0,0.0
2016-08-08,5537.7998046875,5553.7998046875,5536.2001953125,5552.5,0,0.0,0.0
2016-08-09,5552.5,5552.5,5513.2001953125,5543.7001953125,0,0.0,0.0
2016-08-10,5543.7001953125,5543.7001953125,5483.7001953125,5508.0,0,0.0,0.0
2016-08-11,5508.0,5549.10009765625,5506.2001953125,5530.89990234375,0,0.0,0.0
2016-08-14,5530.89990234375,5545.2001953125,5510.7998046875,5540.0,0,0.0,0.0
2016-08-15,5540.0,5549.7998046875,5530.10009765625,5532.0,0,0.0,0.0
2016-08-16,5532.0,5537.89990234375,5506.7001953125,5535.0,0,0.0,0.0
2016-08-17,5535.0,5546.0,5498.7001953125,5507.7998046875,0,0.0,0.0
2016-08-18,5507.7998046875,5533.10009765625,5504.5,5526.7001953125,0,0.0,0.0
2016-08-21,5526.7001953125,5537.39990234375,5508.7001953125,5515.10009765625,0,0.0,0.0
2016-08-22,5515.10009765625,5574.0,5515.10009765625,5553.7998046875,0,0.0,0.0
2016-08-23,5553.7998046875,5569.10009765625,5552.5,5561.7001953125,0,0.0,0.0
2016-08-24,5561.7001953125,5562.39990234375,5535.39990234375,5541.89990234375,0,0.0,0.0
2016-08-25,5541.89990234375,5544.39990234375,5513.7001953125,5515.5,0,0.0,0.0
2016-08-28,5515.5,5516.7001953125,5452.2998046875,5469.2001953125,0,0.0,0.0
2016-08-29,5469.2001953125,5504.0,5469.2001953125,5478.2998046875,0,0.0,0.0
2016-08-30,5478.2998046875,5478.2998046875,5412.60009765625,5433.0,0,0.0,0.0
2016-08-31,5433.0,5433.0,5405.7001953125,5415.60009765625,0,0.0,0.0
2016-09-01,5415.60009765625,5418.89990234375,5361.7001953125,5372.7998046875,0,0.0,0.0
2016-09-04,5372.7998046875,5431.10009765625,5372.7998046875,5429.60009765625,0,0.0,0.0
2016-09-05,5429.60009765625,5430.2998046875,5404.39990234375,5413.60009765625,0,0.0,0.0
2016-09-06,5413.60009765625,5440.2001953125,5410.60009765625,5424.2001953125,0,0.0,0.0
2016-09-07,5424.2001953125,5424.2001953125,5358.0,5385.7998046875,0,0.0,0.0
2016-09-08,5385.7998046875,5385.7998046875,5332.39990234375,5339.2001953125,0,0.0,0.0
2016-09-11,5339.2001953125,5339.2001953125,5215.0,5219.60009765625,0,0.0,0.0
2016-09-12,5219.60009765625,5276.10009765625,5207.7998046875,5207.7998046875,0,0.0,0.0
2016-09-13,5207.7998046875,5230.60009765625,5192.2001953125,5227.7001953125,0,0.0,0.0
2016-09-14,5227.7001953125,5242.5,5204.0,5239.89990234375,0,0.0,0.0
2016-09-15,5239.89990234375,5306.10009765625,5239.89990234375,5296.7001953125,0,0.0,0.0
2016-09-18,5296.7001953125,5301.2001953125,5273.0,5294.7998046875,0,0.0,0.0
2016-09-19,5294.7998046875,5307.60009765625,5276.2998046875,5303.60009765625,0,0.0,0.0
2016-09-20,5303.60009765625,5345.5,5303.10009765625,5339.60009765625,0,0.0,0.0
2016-09-21,5339.60009765625,5391.89990234375,5339.60009765625,5374.5,0,0.0,0.0
2016-09-22,5374.5,5434.2998046875,5373.89990234375,5431.2998046875,0,0.0,0.0
2016-09-25,5431.2998046875,5436.10009765625,5407.60009765625,5431.39990234375,0,0.0,0.0
2016-09-26,5431.39990234375,5431.39990234375,5372.2998046875,5405.89990234375,0,0.0,0.0
2016-09-27,5405.89990234375,5435.0,5399.10009765625,5412.39990234375,0,0.0,0.0
2016-09-28,5412.39990234375,5473.2998046875,5412.39990234375,5471.2998046875,0,0.0,0.0
2016-09-29,5471.2998046875,5471.2998046875,5417.7001953125,5435.89990234375,0,0.0,0.0
2016-10-02,5435.89990234375,5492.10009765625,5435.89990234375,5478.5,0,0.0,0.0
2016-10-03,5478.5,5484.0,5448.2998046875,5484.0,0,0.0,0.0
2016-10-04,5484.0,5484.0,5439.7998046875,5452.89990234375,0,0.0,0.0
2016-10-05,5452.89990234375,5485.7998046875,5452.89990234375,5483.0,0,0.0,0.0
2016-10-06,5483.0,5493.10009765625,5457.2001953125,5467.39990234375,0,0.0,0.0
2016-10-09,5467.39990234375,5494.7001953125,5467.39990234375,5475.39990234375,0,0.0,0.0
2016-10-10,5475.39990234375,5498.0,5474.39990234375,5479.7998046875,0,0.0,0.0
2016-10-11,5479.7998046875,5479.7998046875,5433.60009765625,5474.60009765625,0,0.0,0.0
2016-10-12,5474.60009765625,5474.60009765625,5420.7998046875,5435.5,0,0.0,0.0
2016-10-13,5435.5,5447.2001953125,5430.2998046875,5434.0,0,0.0,0.0
2016-10-16,5434.0,5441.2001953125,5388.7001953125,5388.7001953125,0,0.0,0.0
2016-10-17,5388.7001953125,5417.5,5386.10009765625,5410.7998046875,0,0.0,0.0
2016-10-18,5410.7998046875,5438.60009765625,5410.7998046875,5435.39990234375,0,0.0,0.0
2016-10-19,5435.39990234375,5457.89990234375,5433.10009765625,5442.10009765625,0,0.0,0.0
2016-10-20,5442.10009765625,5446.89990234375,5410.7998046875,5430.2998046875,0,0.0,0.0
2016-10-23,5430.2998046875,5430.2998046875,5377.39990234375,5408.5,0,0.0,0.0
2016-10-24,5408.5,5455.7001953125,5407.7001953125,5442.7998046875,0,0.0,0.0
2016-10-25,5442.7998046875,5442.7998046875,5340.7001953125,5359.7998046875,0,0.0,0.0
2016-10-26,5359.7998046875,5374.2001953125,5295.5,5295.5,0,0.0,0.0
2016-10-27,5295.5,5311.39990234375,5261.39990234375,5283.7998046875,0,0.0,0.0
2016-10-30,5283.7998046875,5329.10009765625,5277.7001953125,5317.7001953125,0,0.0,0.0
2016-10-31,5317.7001953125,5317.7001953125,5271.7001953125,5290.5,0,0.0,0.0
2016-11-01,5290.5,5290.5,5207.7001953125,5229.0,0,0.0,0.0
2016-11-02,5229.0,5241.2001953125,5201.5,5225.60009765625,0,0.0,0.0
2016-11-03,5225.60009765625,5225.60009765625,5178.0,5180.7998046875,0,0.0,0.0
2016-11-06,5180.7998046875,5251.89990234375,5180.7998046875,5250.7998046875,0,0.0,0.0
2016-11-07,5250.7998046875,5282.39990234375,5244.2998046875,5257.7998046875,0,0.0,0.0
2016-11-08,5257.7998046875,5314.10009765625,5052.10009765625,5156.60009765625,0,0.0,0.0
2016-11-09,5156.60009765625,5328.7998046875,5156.60009765625,5328.7998046875,0,0.0,0.0
2016-11-10,5328.7998046875,5370.7001953125,5328.7998046875,5370.7001953125,0,0.0,0.0
2016-11-13,5370.7001953125,5370.7001953125,5315.2998046875,5345.7001953125,0,0.0,0.0
2016-11-14,5345.7001953125,5345.7001953125,5303.2998046875,5326.2001953125,0,0.0,0.0
2016-11-15,5326.2001953125,5346.7001953125,5320.2998046875,5327.7001953125,0,0.0,0.0
2016-11-16,5327.7001953125,5344.7001953125,5286.2001953125,5338.5,0,0.0,0.0
2016-11-17,5338.5,5366.39990234375,5338.5,5359.39990234375,0,0.0,0.0
2016-11-20,5359.39990234375,5364.0,5334.89990234375,5351.2998046875,0,0.0,0.0
2016-11-21,5351.2998046875,5425.5,5351.2998046875,5413.2998046875,0,0.0,0.0
2016-11-22,5413.2998046875,5488.5,5413.2998046875,5484.39990234375,0,0.0,0.0
2016-11-23,5484.39990234375,5503.2998046875,5471.7998046875,5485.10009765625,0,0.0,0.0
2016-11-24,5485.10009765625,5520.89990234375,5478.89990234375,5507.7998046875,0,0.0,0.0
2016-11-27,5507.7998046875,5507.7998046875,5464.39990234375,5464.39990234375,0,0.0,0.0
2016-11-28,5464.39990234375,5486.60009765625,5453.2998046875,5457.5,0,0.0,0.0
2016-11-29,5457.5,5458.10009765625,5423.2001953125,5440.5,0,0.0,0.0
2016-11-30,5440.5,5500.2001953125,5440.5,5500.2001953125,0,0.0,0.0
2016-12-01,5500.2001953125,5500.2001953125,5444.0,5444.0,0,0.0,0.0
2016-12-04,5444.0,5444.0,5383.7998046875,5400.39990234375,0,0.0,0.0
2016-12-05,5400.39990234375,5451.2998046875,5400.39990234375,5428.7001953125,0,0.0,0.0
2016-12-06,5428.7001953125,5478.10009765625,5428.7001953125,5478.10009765625,0,0.0,0.0
2016-12-07,5478.10009765625,5550.2001953125,5478.10009765625,5543.60009765625,0,0.0,0.0
2016-12-08,5543.60009765625,5566.10009765625,5541.2998046875,5560.60009765625,0,0.0,0.0
2016-12-11,5560.60009765625,5583.2001953125,5552.5,5562.7998046875,0,0.0,0.0
2016-12-12,5562.7998046875,5573.7001953125,5543.5,5545.0,0,0.0,0.0
2016-12-13,5545.0,5595.7001953125,5545.0,5584.60009765625,0,0.0,0.0
2016-12-14,5584.60009765625,5584.60009765625,5517.89990234375,5538.60009765625,0,0.0,0.0
2016-12-15,5538.60009765625,5549.89990234375,5510.0,5532.89990234375,0,0.0,0.0
2016-12-18,5532.89990234375,5577.89990234375,5530.89990234375,5562.10009765625,0,0.0,0.0
2016-12-19,5562.10009765625,5606.7998046875,5557.10009765625,5591.10009765625,0,0.0,0.0
2016-12-20,5591.10009765625,5628.0,5591.10009765625,5613.5,0,0.0,0.0
2016-12-21,5613.5,5644.2001953125,5603.39990234375,5643.89990234375,0,0.0,0.0
2016-12-22,5643.89990234375,5649.7998046875,5619.10009765625,5627.89990234375,0,0.0,0.0
2016-12-27,5627.89990234375,5693.7998046875,5627.89990234375,5685.0,0,0.0,0.0
2016-12-28,5685.0,5699.10009765625,5659.0,5699.10009765625,0,0.0,0.0
2016-12-29,5699.10009765625,5699.10009765625,5665.7998046875,5665.7998046875,0,0.0,0.0
2017-01-02,5667.39990234375,5736.89990234375,5667.39990234375,5733.2001953125,0,0.0,0.0
2017-01-03,5733.2001953125,5741.7001953125,5728.60009765625,5736.39990234375,0,0.0,0.0
2017-01-04,5736.39990234375,5759.5,5736.39990234375,5753.2998046875,0,0.0,0.0
2017-01-05,5753.2998046875,5765.2001953125,5747.0,5755.60009765625,0,0.0,0.0
2017-01-08,5755.60009765625,5827.5,5754.60009765625,5807.39990234375,0,0.0,0.0
2017-01-09,5807.39990234375,5807.39990234375,5746.7001953125,5760.7001953125,0,0.0,0.0
2017-01-10,5760.7001953125,5791.60009765625,5760.7001953125,5771.5,0,0.0,0.0
2017-01-11,5771.5,5801.2001953125,5758.7998046875,5766.89990234375,0,0.0,0.0
2017-01-12,5766.89990234375,5770.10009765625,5710.0,5721.10009765625,0,0.0,0.0
2017-01-15,5721.10009765625,5763.39990234375,5721.10009765625,5748.39990234375,0,0.0,0.0
2017-01-16,5748.39990234375,5748.39990234375,5695.2001953125,5699.39990234375,0,0.0,0.0
2017-01-17,5699.39990234375,5699.39990234375,5657.0,5678.7998046875,0,0.0,0.0
2017-01-18,5678.7998046875,5720.89990234375,5676.39990234375,5692.2001953125,0,0.0,0.0
2017-01-19,5692.2001953125,5692.2001953125,5646.60009765625,5654.7998046875,0,0.0,0.0
2017-01-22,5654.7998046875,5686.89990234375,5604.2998046875,5611.0,0,0.0,0.0
2017-01-23,5611.0,5653.7998046875,5611.0,5650.10009765625,0,0.0,0.0
2017-01-24,5650.10009765625,5690.5,5650.10009765625,5671.5,0,0.0,0.0
2017-01-26,5671.5,5714.2001953125,5668.5,5714.0,0,0.0,0.0
2017-01-29,5714.0,5714.0,5643.5,5661.5,0,0.0,0.0
2017-01-30,5661.5,5661.5,5606.2001953125,5620.89990234375,0,0.0,0.0
2017-01-31,5620.89990234375,5653.5,5611.39990234375,5653.2001953125,0,0.0,0.0
2017-02-01,5653.2001953125,5670.60009765625,5630.5,5645.39990234375,0,0.0,0.0
2017-02-02,5645.2998046875,5662.7998046875,5617.2001953125,5621.60009765625,0,0.0,0.0
2017-02-05,5621.60009765625,5659.10009765625,5609.39990234375,5615.60009765625,0,0.0,0.0
2017-02-06,5615.60009765625,5621.89990234375,5582.7001953125,5621.89990234375,0,0.0,0.0
2017-02-07,5621.89990234375,5655.60009765625,5620.39990234375,5651.39990234375,0,0.0,0.0
2017-02-08,5651.39990234375,5671.39990234375,5635.0,5664.60009765625,0,0.0,0.0
2017-02-09,5664.60009765625,5721.39990234375,5664.60009765625,5720.60009765625,0,0.0,0.0
2017-02-12,5720.60009765625,5764.10009765625,5720.60009765625,5760.7001953125,0,0.0,0.0
2017-02-13,5760.7001953125,5794.89990234375,5754.5,5755.2001953125,0,0.0,0.0
2017-02-14,5755.2001953125,5817.2998046875,5755.2001953125,5809.10009765625,0,0.0,0.0
2017-02-15,5809.10009765625,5833.2001953125,5789.7998046875,5816.2998046875,0,0.0,0.0
2017-02-16,5816.2998046875,5819.89990234375,5799.60009765625,5805.7998046875,0,0.0,0.0
2017-02-19,5805.7998046875,5810.10009765625,5778.89990234375,5795.10009765625,0,0.0,0.0
2017-02-20,5795.10009765625,5795.10009765625,5774.10009765625,5791.0,0,0.0,0.0
2017-02-21,5791.0,5805.10009765625,5780.39990234375,5805.10009765625,0,0.0,0.0
2017-02-22,5805.10009765625,5805.10009765625,5764.2998046875,5784.7001953125,0,0.0,0.0
2017-02-23,5784.7001953125,5784.7001953125,5729.89990234375,5739.0,0,0.0,0.0
2017-02-26,5739.0,5743.5,5710.10009765625,5724.2001953125,0,0.0,0.0
2017-02-27,5724.2001953125,5755.60009765625,5712.2001953125,5712.2001953125,0,0.0,0.0
2017-02-28,5712.2001953125,5712.2001953125,5675.0,5704.7998046875,0,0.0,0.0
2017-03-01,5704.7998046875,5776.60009765625,5704.7998046875,5776.60009765625,0,0.0,0.0
2017-03-02,5776.60009765625,5776.60009765625,5712.39990234375,5729.60009765625,0,0.0,0.0
2017-03-05,5729.60009765625,5747.10009765625,5715.5,5746.5,0,0.0,0.0
2017-03-06,5746.5,5774.7998046875,5719.60009765625,5761.39990234375,0,0.0,0.0
2017-03-07,5761.39990234375,5761.39990234375,5738.7001953125,5759.7001953125,0,0.0,0.0
2017-03-08,5759.7001953125,5760.7001953125,5729.0,5741.2001953125,0,0.0,0.0
2017-03-09,5741.2001953125,5781.2001953125,5741.2001953125,5775.60009765625,0,0.0,0.0
2017-03-12,5775.60009765625,5775.60009765625,5744.7001953125,5757.2998046875,0,0.0,0.0
2017-03-13,5757.2998046875,5783.60009765625,5743.89990234375,5759.10009765625,0,0.0,0.0
2017-03-14,5759.10009765625,5774.39990234375,5727.7001953125,5774.0,0,0.0,0.0
2017-03-15,5774.0,5801.10009765625,5765.60009765625,5785.7998046875,0,0.0,0.0
2017-03-16,5785.7998046875,5815.0,5777.89990234375,5799.60009765625,0,0.0,0.0
2017-03-19,5799.60009765625,5799.60009765625,5764.39990234375,5778.89990234375,0,0.0,0.0
2017-03-20,5778.89990234375,5779.2998046875,5760.2001953125,5774.60009765625,0,0.0,0.0
2017-03-21,5774.60009765625,5774.60009765625,5681.0,5684.5,0,0.0,0.0
2017-03-22,5684.5,5708.0,5684.5,5708.0,0,0.0,0.0
2017-03-23,5708.0,5768.39990234375,5706.2998046875,5753.5,0,0.0,0.0
2017-03-26,5753.5,5753.5,5698.10009765625,5746.7001953125,0,0.0,0.0
2017-03-27,5746.7001953125,5821.2001953125,5746.7001953125,5821.2001953125,0,0.0,0.0
2017-03-28,5821.2001953125,5876.39990234375,5821.2001953125,5873.5,0,0.0,0.0
2017-03-29,5873.5,5899.2001953125,5873.5,5896.2001953125,0,0.0,0.0
2017-03-30,5896.2001953125,5901.5,5864.89990234375,5864.89990234375,0,0.0,0.0
2017-04-02,5864.89990234375,5873.39990234375,5840.89990234375,5872.7001953125,0,0.0,0.0
2017-04-03,5872.7001953125,5874.0,5849.2001953125,5856.60009765625,0,0.0,0.0
2017-04-04,5856.60009765625,5881.0,5846.2001953125,5876.2001953125,0,0.0,0.0
2017-04-05,5876.2001953125,5876.2001953125,5833.0,5856.2998046875,0,0.0,0.0
2017-04-06,5856.2998046875,5888.60009765625,5838.2998046875,5862.5,0,0.0,0.0
2017-04-09,5862.5,5912.89990234375,5862.5,5912.89990234375,0,0.0,0.0
2017-04-10,5912.89990234375,5950.10009765625,5898.10009765625,5929.2998046875,0,0.0,0.0
2017-04-11,5929.2998046875,5944.2001953125,5913.60009765625,5934.0,0,0.0,0.0
2017-04-12,5934.0,5934.0,5881.2998046875,5889.89990234375,0,0.0,0.0
2017-04-17,5889.89990234375,5889.89990234375,5820.39990234375,5836.7001953125,0,0.0,0.0
2017-04-18,5836.7001953125,5836.7001953125,5790.60009765625,5804.0,0,0.0,0.0
2017-04-19,5804.0,5826.10009765625,5801.2001953125,5821.39990234375,0,0.0,0.0
2017-04-20,5821.39990234375,5870.39990234375,5821.39990234375,5854.10009765625,0,0.0,0.0
2017-04-23,5854.10009765625,5894.7001953125,5853.7998046875,5871.7998046875,0,0.0,0.0
2017-04-25,5871.7998046875,5923.89990234375,5871.7998046875,5912.0,0,0.0,0.0
2017-04-26,5912.0,5924.2001953125,5906.39990234375,5921.5,0,0.0,0.0
2017-04-27,5921.5,5924.10009765625,5894.7998046875,5924.10009765625,0,0.0,0.0
2017-04-30,5924.10009765625,5956.5,5916.7001953125,5956.39990234375,0,0.0,0.0
2017-05-01,5956.5,5956.5,5919.0,5950.39990234375,0,0.0,0.0
2017-05-02,5950.39990234375,5950.39990234375,5882.2001953125,5892.2998046875,0,0.0,0.0
2017-05-03,5892.2998046875,5893.60009765625,5856.39990234375,5876.39990234375,0,0.0,0.0
2017-05-04,5876.39990234375,5885.7998046875,5827.2001953125,5836.60009765625,0,0.0,0.0
2017-05-07,5836.60009765625,5885.39990234375,5836.60009765625,5870.89990234375,0,0.0,0.0
2017-05-08,5870.89990234375,5870.89990234375,5830.5,5839.89990234375,0,0.0,0.0
2017-05-09,5839.89990234375,5888.10009765625,5816.5,5875.39990234375,0,0.0,0.0
2017-05-10,5875.39990234375,5922.5,5873.39990234375,5878.2998046875,0,0.0,0.0
2017-05-11,5878.2998046875,5878.7001953125,5815.60009765625,5836.89990234375,0,0.0,0.0
2017-05-14,5836.89990234375,5847.0,5805.89990234375,5838.39990234375,0,0.0,0.0
2017-05-15,5838.39990234375,5871.60009765625,5835.7001953125,5850.5,0,0.0,0.0
2017-05-16,5850.5,5850.5,5784.5,5786.0,0,0.0,0.0
2017-05-17,5786.0,5786.0,5697.60009765625,5738.2998046875,0,0.0,0.0
2017-05-18,5738.2998046875,5740.5,5707.39990234375,5727.39990234375,0,0.0,0.0
2017-05-21,5727.39990234375,5778.10009765625,5727.39990234375,5771.2001953125,0,0.0,0.0
2017-05-22,5771.2001953125,5795.7001953125,5753.10009765625,5760.2001953125,0,0.0,0.0
2017-05-23,5760.2001953125,5776.0,5754.39990234375,5769.0,0,0.0,0.0
2017-05-24,5769.0,5790.5,5749.2998046875,5789.60009765625,0,0.0,0.0
2017-05-25,5789.60009765625,5789.60009765625,5738.60009765625,5751.7001953125,0,0.0,0.0
2017-05-28,5751.2001953125,5758.2001953125,5707.10009765625,5707.10009765625,0,0.0,0.0
2017-05-29,5707.0,5726.60009765625,5679.7998046875,5717.89990234375,0,0.0,0.0
2017-05-30,5717.89990234375,5740.10009765625,5708.5,5724.60009765625,0,0.0,0.0
2017-05-31,5724.60009765625,5738.60009765625,5709.39990234375,5738.10009765625,0,0.0,0.0
2017-06-01,5738.10009765625,5793.7001953125,5738.10009765625,5788.10009765625,0,0.0,0.0
2017-06-04,5788.10009765625,5788.10009765625,5737.39990234375,5754.89990234375,0,0.0,0.0
2017-06-05,5754.89990234375,5754.89990234375,5667.5,5667.5,0,0.0,0.0
2017-06-06,5667.5,5682.5,5642.60009765625,5667.2001953125,0,0.0,0.0
2017-06-07,5667.2001953125,5679.10009765625,5629.7998046875,5676.60009765625,0,0.0,0.0
2017-06-08,5676.60009765625,5691.7998046875,5649.7001953125,5677.7998046875,0,0.0,0.0
2017-06-12,5677.7998046875,5772.7998046875,5677.7998046875,5772.7998046875,0,0.0,0.0
2017-06-13,5772.7998046875,5836.39990234375,5772.7998046875,5833.89990234375,0,0.0,0.0
2017-06-14,5833.89990234375,5833.89990234375,5752.2001953125,5763.2001953125,0,0.0,0.0
2017-06-15,5760.7998046875,5794.5,5760.7998046875,5774.0,0,0.0,0.0
2017-06-18,5774.0,5806.39990234375,5769.39990234375,5805.2001953125,0,0.0,0.0
2017-06-19,5805.2001953125,5809.2998046875,5757.2998046875,5757.2998046875,0,0.0,0.0
2017-06-20,5757.2998046875,5757.2998046875,5665.2998046875,5665.7001953125,0,0.0,0.0
2017-06-21,5665.7001953125,5723.89990234375,5665.7001953125,5706.0,0,0.0,0.0
2017-06-22,5706.0,5723.2998046875,5692.89990234375,5715.89990234375,0,0.0,0.0
2017-06-25,5715.89990234375,5749.0,5711.0,5720.2001953125,0,0.0,0.0
2017-06-26,5720.2001953125,5721.10009765625,5685.2001953125,5714.2001953125,0,0.0,0.0
2017-06-27,5714.2001953125,5757.2998046875,5702.7001953125,5755.7001953125,0,0.0,0.0
2017-06-28,5755.7001953125,5819.7001953125,5755.7001953125,5818.10009765625,0,0.0,0.0
2017-06-29,5818.10009765625,5818.10009765625,5718.10009765625,5721.5,0,0.0,0.0
2017-07-02,5721.5,5729.60009765625,5682.89990234375,5684.5,0,0.0,0.0
2017-07-03,5684.5,5792.0,5684.5,5783.7998046875,0,0.0,0.0
2017-07-04,5783.7998046875,5790.39990234375,5755.2001953125,5763.2998046875,0,0.0,0.0
2017-07-05,5763.2998046875,5771.60009765625,5741.7001953125,5758.7998046875,0,0.0,0.0
2017-07-06,5758.7998046875,5758.7998046875,5676.0,5703.60009765625,0,0.0,0.0
2017-07-09,5703.60009765625,5747.5,5703.60009765625,5724.39990234375,0,0.0,0.0
2017-07-10,5724.39990234375,5744.5,5700.7001953125,5728.89990234375,0,0.0,0.0
2017-07-11,5728.89990234375,5730.2998046875,5665.60009765625,5673.7998046875,0,0.0,0.0
2017-07-12,5673.7998046875,5742.7001953125,5673.7998046875,5736.7998046875,0,0.0,0.0
2017-07-13,5736.7998046875,5778.7998046875,5736.7998046875,5765.10009765625,0,0.0,0.0
2017-07-16,5765.10009765625,5773.7001953125,5735.5,5755.5,0,0.0,0.0
2017-07-17,5755.5,5761.60009765625,5678.7001953125,5687.39990234375,0,0.0,0.0
2017-07-18,5687.39990234375,5743.7998046875,5687.39990234375,5732.10009765625,0,0.0,0.0
2017-07-19,5732.10009765625,5770.7998046875,5732.10009765625,5761.5,0,0.0,0.0
2017-07-20,5761.5,5761.5,5709.5,5722.7998046875,0,0.0,0.0
2017-07-23,5722.7998046875,5722.7998046875,5653.2998046875,5688.10009765625,0,0.0,0.0
2017-07-24,5688.10009765625,5742.7998046875,5688.10009765625,5726.60009765625,0,0.0,0.0
2017-07-25,5726.60009765625,5787.60009765625,5726.60009765625,5776.60009765625,0,0.0,0.0
2017-07-26,5776.60009765625,5799.60009765625,5776.60009765625,5785.0,0,0.0,0.0
2017-07-27,5785.0,5785.0,5692.7998046875,5702.7998046875,0,0.0,0.0
2017-07-30,5702.7998046875,5745.2001953125,5701.7998046875,5720.60009765625,0,0.0,0.0
2017-07-31,5720.60009765625,5774.5,5720.60009765625,5772.39990234375,0,0.0,0.0
2017-08-01,5772.39990234375,5779.60009765625,5738.10009765625,5744.2001953125,0,0.0,0.0
2017-08-02,5744.2001953125,5744.60009765625,5706.2001953125,5735.10009765625,0,0.0,0.0
2017-08-03,5735.10009765625,5738.60009765625,5709.2998046875,5720.60009765625,0,0.0,0.0
2017-08-06,5720.60009765625,5781.60009765625,5720.60009765625,5773.60009765625,0,0.0,0.0
2017-08-07,5773.60009765625,5792.0,5722.10009765625,5743.7998046875,0,0.0,0.0
2017-08-08,5743.7998046875,5777.2001953125,5742.7998046875,5765.7001953125,0,0.0,0.0
2017-08-09,5765.7001953125,5795.5,5747.0,5760.89990234375,0,0.0,0.0
2017-08-10,5760.89990234375,5760.89990234375,5674.0,5693.10009765625,0,0.0,0.0
2017-08-13,5693.10009765625,5735.7001953125,5693.10009765625,5730.39990234375,0,0.0,0.0
2017-08-14,5730.39990234375,5777.2001953125,5730.39990234375,5757.5,0,0.0,0.0
2017-08-15,5757.5,5785.10009765625,5728.7998046875,5785.10009765625,0,0.0,0.0
2017-08-16,5785.10009765625,5806.2998046875,5765.7998046875,5779.2001953125,0,0.0,0.0
2017-08-17,5779.2001953125,5779.2001953125,5711.0,5747.10009765625,0,0.0,0.0
2017-08-20,5747.10009765625,5747.10009765625,5699.0,5725.89990234375,0,0.0,0.0
2017-08-21,5725.89990234375,5750.89990234375,5725.89990234375,5750.10009765625,0,0.0,0.0
2017-08-22,5750.10009765625,5781.39990234375,5723.5,5737.2001953125,0,0.0,0.0
2017-08-23,5737.2001953125,5753.7001953125,5716.89990234375,5745.5,0,0.0,0.0
2017-08-24,5745.5,5750.5,5721.2998046875,5743.89990234375,0,0.0,0.0
2017-08-27,5743.89990234375,5746.2998046875,5699.60009765625,5709.89990234375,0,0.0,0.0
2017-08-28,5709.7001953125,5709.7001953125,5645.7998046875,5669.0,0,0.0,0.0
2017-08-29,5669.0,5691.2998046875,5654.89990234375,5669.7001953125,0,0.0,0.0
2017-08-30,5669.7001953125,5714.5,5669.7001953125,5714.5,0,0.0,0.0
2017-08-31,5714.5,5734.89990234375,5700.7998046875,5724.60009765625,0,0.0,0.0
2017-09-04,5702.0,5706.2001953125,5666.2001953125,5706.2001953125,0,0.0,0.0
2017-09-05,5706.2001953125,5706.2001953125,5662.7001953125,5689.7001953125,0,0.0,0.0
2017-09-06,5689.7001953125,5718.10009765625,5679.2998046875,5689.89990234375,0,0.0,0.0
2017-09-07,5689.89990234375,5694.2001953125,5661.39990234375,5672.60009765625,0,0.0,0.0
2017-09-10,5672.7998046875,5723.0,5669.7998046875,5713.10009765625,0,0.0,0.0
2017-09-11,5713.10009765625,5764.60009765625,5713.10009765625,5746.39990234375,0,0.0,0.0
2017-09-12,5746.39990234375,5777.7001953125,5744.2998046875,5744.2998046875,0,0.0,0.0
2017-09-13,5744.2998046875,5749.0,5726.2998046875,5738.7001953125,0,0.0,0.0
2017-09-14,5738.7001953125,5738.7001953125,5686.39990234375,5695.0,0,0.0,0.0
2017-09-17,5695.0,5731.5,5695.0,5720.60009765625,0,0.0,0.0
2017-09-18,5720.60009765625,5742.2001953125,5713.60009765625,5713.60009765625,0,0.0,0.0
2017-09-19,5713.60009765625,5713.60009765625,5680.5,5709.10009765625,0,0.0,0.0
2017-09-20,5709.10009765625,5709.10009765625,5639.39990234375,5655.39990234375,0,0.0,0.0
2017-09-21,5655.39990234375,5688.2001953125,5655.39990234375,5682.10009765625,0,0.0,0.0
2017-09-24,5682.10009765625,5710.39990234375,5679.2001953125,5683.7001953125,0,0.0,0.0
2017-09-25,5683.7001953125,5698.5,5666.60009765625,5671.0,0,0.0,0.0
2017-09-26,5671.0,5672.60009765625,5649.10009765625,5664.2998046875,0,0.0,0.0
2017-09-27,5664.2998046875,5685.89990234375,5664.2998046875,5670.39990234375,0,0.0,0.0
2017-09-28,5670.39990234375,5688.5,5651.89990234375,5681.60009765625,0,0.0,0.0
2017-10-01,5681.60009765625,5751.0,5681.60009765625,5729.2998046875,0,0.0,0.0
2017-10-02,5729.2998046875,5736.39990234375,5692.7001953125,5701.39990234375,0,0.0,0.0
2017-10-03,5701.39990234375,5702.7998046875,5651.10009765625,5652.10009765625,0,0.0,0.0
2017-10-04,5652.10009765625,5673.60009765625,5650.89990234375,5651.7998046875,0,0.0,0.0
2017-10-05,5651.7998046875,5710.7001953125,5651.7998046875,5710.7001953125,0,0.0,0.0
2017-10-08,5710.7998046875,5759.2001953125,5710.7998046875,5739.2998046875,0,0.0,0.0
2017-10-09,5739.2998046875,5750.2998046875,5720.39990234375,5738.10009765625,0,0.0,0.0
2017-10-10,5738.10009765625,5778.10009765625,5738.10009765625,5772.10009765625,0,0.0,0.0
2017-10-11,5772.10009765625,5794.5,5763.7001953125,5794.5,0,0.0,0.0
2017-10-12,5794.5,5825.2001953125,5792.7001953125,5814.2001953125,0,0.0,0.0
2017-10-15,5814.2001953125,5856.2998046875,5814.2001953125,5846.7998046875,0,0.0,0.0
2017-10-16,5846.7998046875,5896.2998046875,5846.7998046875,5889.60009765625,0,0.0,0.0
2017-10-17,5889.60009765625,5906.10009765625,5886.7001953125,5890.5,0,0.0,0.0
2017-10-18,5890.5,5910.2001953125,5884.89990234375,5896.10009765625,0,0.0,0.0
2017-10-19,5896.10009765625,5924.89990234375,5868.60009765625,5907.0,0,0.0,0.0
2017-10-22,5907.0,5925.2998046875,5892.2998046875,5894.0,0,0.0,0.0
2017-10-23,5894.0,5908.7998046875,5885.39990234375,5897.60009765625,0,0.0,0.0
2017-10-24,5897.60009765625,5919.89990234375,5895.10009765625,5905.60009765625,0,0.0,0.0
2017-10-25,5905.60009765625,5916.2998046875,5884.60009765625,5916.2998046875,0,0.0,0.0
2017-10-26,5916.2998046875,5938.10009765625,5859.2001953125,5903.2001953125,0,0.0,0.0
2017-10-29,5903.60009765625,5927.7001953125,5903.60009765625,5919.10009765625,0,0.0,0.0
2017-10-30,5919.10009765625,5934.5,5908.2998046875,5909.0,0,0.0,0.0
2017-10-31,5909.0,5952.39990234375,5909.0,5937.7998046875,0,0.0,0.0
2017-11-01,5937.7998046875,5961.5,5929.10009765625,5931.7001953125,0,0.0,0.0
2017-11-02,5931.7001953125,5968.2001953125,5931.7001953125,5959.89990234375,0,0.0,0.0
2017-11-05,5959.89990234375,5966.2998046875,5945.7001953125,5953.7998046875,0,0.0,0.0
2017-11-06,5953.7998046875,6017.39990234375,5953.7998046875,6014.2998046875,0,0.0,0.0
2017-11-07,6014.2998046875,6022.7998046875,5996.2001953125,6016.2998046875,0,0.0,0.0
2017-11-08,6016.2998046875,6052.10009765625,6016.2998046875,6049.39990234375,0,0.0,0.0
2017-11-09,6049.39990234375,6049.39990234375,6020.7001953125,6029.39990234375,0,0.0,0.0
2017-11-12,6029.39990234375,6029.39990234375,6010.7001953125,6021.7998046875,0,0.0,0.0
2017-11-13,6021.7998046875,6021.7998046875,5957.10009765625,5966.0,0,0.0,0.0
2017-11-14,5968.7001953125,5968.7001953125,5934.2001953125,5934.2001953125,0,0.0,0.0
2017-11-15,5934.2001953125,5953.60009765625,5916.10009765625,5943.5,0,0.0,0.0
2017-11-16,5943.5,5978.7001953125,5943.5,5957.2998046875,0,0.0,0.0
2017-11-19,5957.2998046875,5957.2998046875,5922.60009765625,5945.7001953125,0,0.0,0.0
2017-11-20,5945.7001953125,5969.10009765625,5945.2001953125,5963.5,0,0.0,0.0
2017-11-21,5963.5,5998.10009765625,5963.5,5986.39990234375,0,0.0,0.0
2017-11-22,5986.2998046875,5986.2998046875,5958.10009765625,5960.60009765625,78246200,0.0,0.0
2017-11-23,5986.2998046875,5986.2998046875,5951.39990234375,5982.60009765625,0,0.0,0.0
2017-11-26,5982.60009765625,6009.0,5978.10009765625,5988.7998046875,0,0.0,0.0
2017-11-27,5988.7998046875,6004.2998046875,5976.2998046875,5984.2998046875,0,0.0,0.0
2017-11-28,5984.2998046875,6031.39990234375,5984.2998046875,6011.10009765625,0,0.0,0.0
2017-11-29,6011.10009765625,6011.10009765625,5949.2001953125,5969.89990234375,0,0.0,0.0
2017-11-30,5969.89990234375,6011.39990234375,5969.89990234375,5989.7998046875,0,0.0,0.0
2017-12-03,5989.7998046875,6000.5,5979.0,5985.60009765625,0,0.0,0.0
2017-12-04,5985.60009765625,5985.60009765625,5948.7001953125,5971.7001953125,0,0.0,0.0
2017-12-05,5971.7998046875,5971.7998046875,5938.7001953125,5946.10009765625,0,0.0,0.0
2017-12-06,5945.7001953125,5987.2001953125,5944.2998046875,5977.7001953125,0,0.0,0.0
2017-12-07,5977.7001953125,6012.0,5977.7001953125,5994.39990234375,0,0.0,0.0
2017-12-10,5994.39990234375,6015.0,5990.0,5998.2998046875,0,0.0,0.0
2017-12-11,5998.2998046875,6015.7998046875,5998.2998046875,6013.2001953125,0,0.0,0.0
2017-12-12,6013.2001953125,6027.2001953125,6003.10009765625,6021.7998046875,0,0.0,0.0
2017-12-13,6021.7998046875,6043.39990234375,6011.2998046875,6011.2998046875,0,0.0,0.0
2017-12-14,6011.2998046875,6011.2998046875,5989.7998046875,5997.0,0,0.0,0.0
2017-12-17,5997.0,6040.89990234375,5997.0,6038.89990234375,0,0.0,0.0
2017-12-18,6038.89990234375,6080.60009765625,6038.89990234375,6071.7998046875,0,0.0,0.0
2017-12-19,6071.7998046875,6083.2998046875,6057.0,6075.60009765625,0,0.0,0.0
2017-12-20,6075.60009765625,6082.0,6054.7998046875,6060.39990234375,0,0.0,0.0
2017-12-21,6060.39990234375,6087.2001953125,6060.39990234375,6069.7001953125,0,0.0,0.0
2017-12-26,6069.7001953125,6092.7998046875,6069.0,6069.89990234375,0,0.0,0.0
2017-12-27,6069.89990234375,6088.10009765625,6063.2001953125,6088.10009765625,0,0.0,0.0
2017-12-28,6088.10009765625,6091.60009765625,6051.60009765625,6065.10009765625,0,0.0,0.0
2018-01-01,6065.10009765625,6074.10009765625,6035.7998046875,6061.2998046875,0,0.0,0.0
2018-01-02,6061.2998046875,6082.2998046875,6060.7998046875,6070.39990234375,0,0.0,0.0
2018-01-03,6070.39990234375,6102.2001953125,6068.7998046875,6077.10009765625,0,0.0,0.0
2018-01-04,6077.10009765625,6124.7998046875,6077.10009765625,6122.2998046875,0,0.0,0.0
2018-01-07,6122.2998046875,6143.0,6122.2998046875,6130.39990234375,0,0.0,0.0
2018-01-08,6130.39990234375,6149.60009765625,6130.39990234375,6135.7998046875,0,0.0,0.0
2018-01-09,6135.7998046875,6150.0,6096.5,6096.7001953125,0,0.0,0.0
2018-01-10,6096.7001953125,6097.10009765625,6053.89990234375,6067.60009765625,0,0.0,0.0
2018-01-11,6067.60009765625,6086.0,6067.60009765625,6070.10009765625,0,0.0,0.0
2018-01-14,6070.10009765625,6103.60009765625,6070.10009765625,6077.10009765625,0,0.0,0.0
2018-01-15,6077.10009765625,6077.7998046875,6042.0,6048.60009765625,0,0.0,0.0
2018-01-16,6048.60009765625,6048.60009765625,6012.89990234375,6015.7998046875,0,0.0,0.0
2018-01-17,6015.7998046875,6035.60009765625,6014.60009765625,6014.60009765625,0,0.0,0.0
2018-01-18,6014.60009765625,6028.7001953125,6002.2001953125,6005.7998046875,0,0.0,0.0
2018-01-21,6005.7998046875,6017.7998046875,5991.89990234375,5991.89990234375,0,0.0,0.0
2018-01-22,5991.89990234375,6041.0,5991.89990234375,6037.0,0,0.0,0.0
2018-01-23,6037.0,6066.2998046875,6036.2001953125,6054.7001953125,0,0.0,0.0
2018-01-24,6054.7001953125,6056.0,6029.10009765625,6050.0,0,0.0,0.0
2018-01-28,6050.0,6090.2001953125,6050.0,6075.39990234375,0,0.0,0.0
2018-01-29,6075.39990234375,6075.39990234375,6016.5,6022.7998046875,0,0.0,0.0
2018-01-30,6022.7998046875,6043.7001953125,5993.60009765625,6037.7001953125,0,0.0,0.0
2018-01-31,6037.7001953125,6093.60009765625,6037.7001953125,6090.10009765625,0,0.0,0.0
2018-02-01,6090.10009765625,6121.39990234375,6077.7998046875,6121.39990234375,0,0.0,0.0
2018-02-04,6121.39990234375,6121.39990234375,6013.2001953125,6026.2001953125,0,0.0,0.0
2018-02-05,6026.2001953125,6026.2001953125,5795.89990234375,5833.2998046875,0,0.0,0.0
2018-02-06,5833.2998046875,5938.60009765625,5833.2998046875,5876.7998046875,0,0.0,0.0
2018-02-07,5876.7998046875,5893.60009765625,5838.10009765625,5890.7001953125,0,0.0,0.0
2018-02-08,5890.7001953125,5890.7001953125,5786.7998046875,5838.0,0,0.0,0.0
2018-02-11,5838.0,5840.5,5791.2998046875,5820.7001953125,0,0.0,0.0
2018-02-12,5820.7001953125,5860.2001953125,5814.89990234375,5855.89990234375,0,0.0,0.0
2018-02-13,5855.89990234375,5868.10009765625,5830.7998046875,5841.2001953125,0,0.0,0.0
2018-02-14,5841.2001953125,5913.10009765625,5841.2001953125,5909.0,0,0.0,0.0
2018-02-15,5909.0,5938.10009765625,5902.2998046875,5904.0,0,0.0,0.0
2018-02-18,5904.39990234375,5949.60009765625,5890.2001953125,5941.60009765625,7891300,0.0,0.0
2018-02-19,5941.60009765625,5942.2998046875,5912.7001953125,5940.89990234375,0,0.0,0.0
2018-02-20,5940.89990234375,5955.2001953125,5920.2001953125,5943.7001953125,0,0.0,0.0
2018-02-21,5943.7001953125,5973.10009765625,5928.2998046875,5950.89990234375,0,0.0,0.0
2018-02-22,5950.89990234375,6003.39990234375,5950.89990234375,5999.7998046875,0,0.0,0.0
2018-02-25,5999.7998046875,6042.2001953125,5999.7998046875,6042.2001953125,0,0.0,0.0
2018-02-26,6042.2001953125,6083.0,6042.2001953125,6056.89990234375,0,0.0,0.0
2018-02-27,6056.89990234375,6056.89990234375,6012.60009765625,6016.0,0,0.0,0.0
2018-02-28,6016.0,6016.0,5957.5,5973.2998046875,0,0.0,0.0
2018-03-01,5973.2998046875,5973.2998046875,5902.2001953125,5928.89990234375,0,0.0,0.0
2018-03-04,5895.0,5960.2001953125,5895.0,5959.5,34463900,0.0,0.0
2018-03-05,5895.0,5979.5,5895.0,5962.39990234375,0,0.0,0.0
2018-03-06,5962.39990234375,5962.39990234375,5895.2998046875,5902.0,0,0.0,0.0
2018-03-07,5902.0,5942.89990234375,5895.60009765625,5942.89990234375,0,0.0,0.0
2018-03-08,5942.89990234375,5978.39990234375,5942.10009765625,5963.2001953125,0,0.0,0.0
2018-03-11,5971.2998046875,6026.10009765625,5971.2998046875,5996.10009765625,0,0.0,0.0
2018-03-12,5996.10009765625,5996.10009765625,5949.60009765625,5974.7001953125,0,0.0,0.0
2018-03-13,5974.7001953125,5974.7001953125,5922.7998046875,5935.2998046875,0,0.0,0.0
2018-03-14,5935.2998046875,5935.2998046875,5906.10009765625,5920.7998046875,0,0.0,0.0
2018-03-15,5920.89990234375,5952.7001953125,5920.89990234375,5949.39990234375,0,0.0,0.0
2018-03-18,5949.39990234375,5982.5,5933.5,5959.39990234375,0,0.0,0.0
2018-03-19,5959.39990234375,5959.39990234375,5915.60009765625,5936.39990234375,0,0.0,0.0
2018-03-20,5936.39990234375,5963.0,5934.7001953125,5950.2998046875,0,0.0,0.0
2018-03-21,5950.2998046875,5958.2998046875,5909.10009765625,5937.2001953125,0,0.0,0.0
2018-03-22,5937.2001953125,5937.2001953125,5808.10009765625,5820.7001953125,0,0.0,0.0
2018-03-25,5820.7001953125,5820.7001953125,5773.2998046875,5790.5,0,0.0,0.0
2018-03-26,5790.5,5837.5,5790.5,5832.2998046875,0,0.0,0.0
2018-03-27,5832.2998046875,5832.2998046875,5781.60009765625,5789.5,0,0.0,0.0
2018-03-28,5789.5,5804.2998046875,5752.7001953125,5759.39990234375,0,0.0,0.0
2018-04-02,5759.39990234375,5766.0,5724.7998046875,5751.89990234375,0,0.0,0.0
2018-04-03,5751.89990234375,5764.2998046875,5728.7998046875,5761.39990234375,0,0.0,0.0
2018-04-04,5761.39990234375,5806.0,5761.39990234375,5788.7998046875,0,0.0,0.0
2018-04-05,5788.7998046875,5799.2001953125,5761.89990234375,5788.7001953125,0,0.0,0.0
2018-04-08,5788.7001953125,5816.60009765625,5771.10009765625,5808.7001953125,0,0.0,0.0
2018-04-09,5808.7001953125,5857.7998046875,5785.7001953125,5857.0,0,0.0,0.0
2018-04-10,5857.0,5864.0,5825.2998046875,5828.7001953125,0,0.0,0.0
2018-04-11,5828.7001953125,5837.89990234375,5801.5,5815.5,0,0.0,0.0
2018-04-12,5815.5,5844.7001953125,5815.5,5829.10009765625,0,0.0,0.0
2018-04-15,5829.10009765625,5867.60009765625,5829.10009765625,5841.2998046875,0,0.0,0.0
2018-04-16,5841.2998046875,5871.10009765625,5841.2998046875,5841.5,0,0.0,0.0
2018-04-17,5841.5,5864.7998046875,5841.5,5861.39990234375,0,0.0,0.0
2018-04-18,5861.39990234375,5902.89990234375,5861.39990234375,5881.0,0,0.0,0.0
2018-04-19,5881.0,5887.0,5862.7001953125,5868.7998046875,0,0.0,0.0
2018-04-22,5868.7998046875,5894.7001953125,5868.7998046875,5886.0,0,0.0,0.0
2018-04-23,5886.0,5928.7998046875,5879.60009765625,5921.60009765625,0,0.0,0.0
2018-04-25,5921.60009765625,5938.7998046875,5903.10009765625,5910.7998046875,0,0.0,0.0
2018-04-26,5910.7998046875,5953.60009765625,5910.7998046875,5953.60009765625,0,0.0,0.0
2018-04-29,5953.60009765625,5991.10009765625,5945.60009765625,5982.7001953125,0,0.0,0.0
2018-04-30,5982.7001953125,6022.10009765625,5978.5,6015.2001953125,0,0.0,0.0
2018-05-01,6015.2001953125,6053.60009765625,6009.5,6050.2001953125,0,0.0,0.0
2018-05-02,6050.2001953125,6109.7001953125,6050.2001953125,6098.2998046875,0,0.0,0.0
2018-05-03,6098.2998046875,6109.7001953125,6061.2998046875,6062.89990234375,0,0.0,0.0
2018-05-06,6063.2001953125,6110.2001953125,6063.2001953125,6084.5,0,0.0,0.0
2018-05-07,6084.5,6111.2001953125,6084.5,6091.89990234375,0,0.0,0.0
2018-05-08,6091.89990234375,6111.5,6083.2998046875,6108.0,0,0.0,0.0
2018-05-09,6108.0,6145.2001953125,6108.0,6118.7001953125,0,0.0,0.0
2018-05-10,6118.7001953125,6140.89990234375,6116.2001953125,6116.2001953125,0,0.0,0.0
2018-05-13,6116.2001953125,6135.5,6109.2998046875,6135.2998046875,0,0.0,0.0
2018-05-14,6135.2998046875,6146.7998046875,6097.7998046875,6097.7998046875,0,0.0,0.0
2018-05-15,6097.7998046875,6129.7001953125,6094.5,6107.0,0,0.0,0.0
2018-05-16,6107.0,6120.2001953125,6077.60009765625,6094.2998046875,0,0.0,0.0
2018-05-17,6094.2998046875,6110.60009765625,6079.5,6087.39990234375,0,0.0,0.0
2018-05-20,6087.39990234375,6094.89990234375,6070.2998046875,6084.5,0,0.0,0.0
2018-05-21,6084.5,6084.5,6028.5,6041.89990234375,0,0.0,0.0
2018-05-22,6041.89990234375,6056.60009765625,6026.10009765625,6032.5,0,0.0,0.0
2018-05-23,6032.5,6039.2998046875,6011.89990234375,6037.10009765625,0,0.0,0.0
2018-05-24,6037.10009765625,6038.89990234375,6016.60009765625,6032.7998046875,0,0.0,0.0
2018-05-27,6032.7998046875,6032.7998046875,5993.7998046875,6004.0,0,0.0,0.0
2018-05-28,6004.0,6025.2001953125,5995.60009765625,6013.60009765625,0,0.0,0.0
2018-05-29,6013.60009765625,6013.60009765625,5964.10009765625,5984.7001953125,0,0.0,0.0
2018-05-30,5984.7001953125,6024.39990234375,5984.7001953125,6011.89990234375,0,0.0,0.0
2018-05-31,6011.89990234375,6011.89990234375,5972.0,5990.39990234375,0,0.0,0.0
2018-06-03,5990.39990234375,6038.5,5990.39990234375,6025.5,0,0.0,0.0
2018-06-04,6025.5,6025.5,5982.2001953125,5994.89990234375,0,0.0,0.0
2018-06-05,5994.89990234375,6026.10009765625,5994.89990234375,6025.10009765625,0,0.0,0.0
2018-06-06,6025.10009765625,6070.7001953125,6025.10009765625,6057.2998046875,0,0.0,0.0
2018-06-07,6057.2998046875,6060.7998046875,6041.39990234375,6045.2001953125,0,0.0,0.0
2018-06-11,6045.2001953125,6063.89990234375,6040.7998046875,6054.39990234375,0,0.0,0.0
2018-06-12,6054.39990234375,6054.39990234375,6010.7001953125,6023.5,0,0.0,0.0
2018-06-13,6023.5,6033.7001953125,6007.5,6016.60009765625,0,0.0,0.0
2018-06-14,6016.60009765625,6100.10009765625,6016.60009765625,6094.0,0,0.0,0.0
2018-06-17,6094.0,6114.89990234375,6085.2001953125,6104.10009765625,0,0.0,0.0
2018-06-18,6104.10009765625,6147.60009765625,6102.10009765625,6102.10009765625,0,0.0,0.0
2018-06-19,6102.10009765625,6172.60009765625,6102.10009765625,6172.60009765625,0,0.0,0.0
2018-06-20,6172.60009765625,6249.2998046875,6172.60009765625,6232.10009765625,0,0.0,0.0
2018-06-21,6232.10009765625,6243.39990234375,6217.0,6225.2001953125,0,0.0,0.0
2018-06-24,6225.7001953125,6250.7998046875,6204.2998046875,6210.39990234375,0,0.0,0.0
2018-06-25,6210.39990234375,6210.39990234375,6161.10009765625,6197.60009765625,0,0.0,0.0
2018-06-26,6197.60009765625,6216.2998046875,6189.39990234375,6195.89990234375,0,0.0,0.0
2018-06-27,6195.89990234375,6218.89990234375,6178.39990234375,6215.39990234375,0,0.0,0.0
2018-06-28,6215.39990234375,6232.60009765625,6194.60009765625,6194.60009765625,0,0.0,0.0
2018-07-01,6194.60009765625,6220.10009765625,6177.5,6177.7998046875,0,0.0,0.0
2018-07-02,6177.7998046875,6218.2998046875,6177.7998046875,6210.2001953125,0,0.0,0.0
2018-07-03,6210.2001953125,6213.7998046875,6174.39990234375,6183.39990234375,0,0.0,0.0
2018-07-04,6183.39990234375,6218.5,6182.0,6215.5,0,0.0,0.0
2018-07-05,6215.5,6273.5,6215.5,6272.2998046875,0,0.0,0.0
2018-07-08,6272.2998046875,6301.5,6272.2998046875,6286.0,0,0.0,0.0
2018-07-09,6286.0,6306.10009765625,6257.89990234375,6258.10009765625,0,0.0,0.0
2018-07-10,6258.10009765625,6258.10009765625,6209.60009765625,6215.60009765625,0,0.0,0.0
2018-07-11,6215.60009765625,6279.7998046875,6209.89990234375,6268.2998046875,0,0.0,0.0
2018-07-12,6268.2998046875,6287.10009765625,6251.10009765625,6268.39990234375,0,0.0,0.0
2018-07-15,6267.60009765625,6275.7001953125,6235.5,6241.5,0,0.0,0.0
2018-07-16,6241.5,6241.5,6199.89990234375,6203.60009765625,0,0.0,0.0
2018-07-17,6203.60009765625,6256.7998046875,6203.60009765625,6245.10009765625,0,0.0,0.0
2018-07-18,6245.10009765625,6274.2001953125,6243.10009765625,6262.7001953125,0,0.0,0.0
2018-07-19,6262.7001953125,6297.89990234375,6254.7998046875,6285.89990234375,0,0.0,0.0
2018-07-22,6285.89990234375,6285.89990234375,6224.89990234375,6227.60009765625,0,0.0,0.0
2018-07-23,6227.60009765625,6269.2001953125,6227.60009765625,6265.7998046875,0,0.0,0.0
2018-07-24,6265.7998046875,6277.2998046875,6239.7001953125,6247.60009765625,0,0.0,0.0
2018-07-25,6247.60009765625,6252.10009765625,6214.5,6244.5,0,0.0,0.0
2018-07-26,6244.5,6302.2998046875,6244.5,6300.2001953125,0,0.0,0.0
2018-07-29,6297.0,6300.2001953125,6260.0,6278.39990234375,0,0.0,0.0
2018-07-30,6278.39990234375,6298.60009765625,6271.89990234375,6280.2001953125,0,0.0,0.0
2018-07-31,6280.2001953125,6293.2998046875,6269.10009765625,6275.7001953125,0,0.0,0.0
2018-08-01,6275.7001953125,6277.5,6240.89990234375,6240.89990234375,0,0.0,0.0
2018-08-02,6240.89990234375,6269.89990234375,6231.2001953125,6234.7998046875,0,0.0,0.0
2018-08-05,6234.7998046875,6284.2998046875,6234.7998046875,6273.0,0,0.0,0.0
2018-08-06,6273.0,6273.0,6244.39990234375,6253.89990234375,0,0.0,0.0
2018-08-07,6253.89990234375,6279.0,6253.89990234375,6268.5,0,0.0,0.0
2018-08-08,6268.5,6313.60009765625,6258.39990234375,6297.7001953125,0,0.0,0.0
2018-08-09,6297.7001953125,6307.2001953125,6277.39990234375,6278.39990234375,0,0.0,0.0
2018-08-12,6278.10009765625,6279.7001953125,6239.60009765625,6252.2001953125,0,0.0,0.0
2018-08-13,6252.2001953125,6307.7998046875,6252.2001953125,6299.60009765625,0,0.0,0.0
2018-08-14,6299.60009765625,6329.0,6274.7001953125,6329.0,0,0.0,0.0
2018-08-15,6329.0,6331.0,6282.39990234375,6328.2998046875,0,0.0,0.0
2018-08-16,6328.2998046875,6348.10009765625,6316.60009765625,6339.2001953125,0,0.0,0.0
2018-08-19,6338.39990234375,6358.0,6338.39990234375,6345.0,0,0.0,0.0
2018-08-20,6345.0,6345.39990234375,6275.89990234375,6284.39990234375,0,0.0,0.0
2018-08-21,6284.39990234375,6284.39990234375,6248.7998046875,6266.0,0,0.0,0.0
2018-08-22,6266.0,6275.7001953125,6242.5,6244.39990234375,0,0.0,0.0
2018-08-23,6244.39990234375,6273.7001953125,6238.0,6247.2998046875,0,0.0,0.0
2018-08-26,6247.5,6269.60009765625,6230.89990234375,6268.89990234375,0,0.0,0.0
2018-08-27,6268.89990234375,6318.89990234375,6268.89990234375,6304.7001953125,0,0.0,0.0
2018-08-28,6304.7001953125,6352.2001953125,6303.0,6352.2001953125,0,0.0,0.0
2018-08-29,6352.2001953125,6373.5,6348.2001953125,6351.7998046875,0,0.0,0.0
2018-08-30,6351.7998046875,6355.2001953125,6319.5,6319.5,0,0.0,0.0
2018-09-02,6319.5,6333.7001953125,6310.89990234375,6310.89990234375,0,0.0,0.0
2018-09-03,6310.89990234375,6314.89990234375,6276.2998046875,6293.10009765625,0,0.0,0.0
2018-09-04,6293.10009765625,6293.10009765625,6230.39990234375,6230.39990234375,0,0.0,0.0
2018-09-05,6230.39990234375,6230.39990234375,6150.7001953125,6160.39990234375,0,0.0,0.0
2018-09-06,6160.39990234375,6160.39990234375,6102.0,6143.7998046875,0,0.0,0.0
2018-09-09,6143.7998046875,6152.7001953125,6123.7998046875,6141.7001953125,0,0.0,0.0
2018-09-10,6141.7001953125,6181.5,6139.2998046875,6179.7001953125,0,0.0,0.0
2018-09-11,6179.7001953125,6181.10009765625,6152.39990234375,6175.89990234375,0,0.0,0.0
2018-09-12,6175.89990234375,6175.89990234375,6126.7001953125,6128.7001953125,0,0.0,0.0
2018-09-13,6128.7001953125,6173.2998046875,6128.7001953125,6165.2998046875,0,0.0,0.0
2018-09-16,6165.2998046875,6192.60009765625,6142.2998046875,6185.0,0,0.0,0.0
2018-09-17,6185.0,6185.0,6149.10009765625,6161.5,0,0.0,0.0
2018-09-18,6161.5,6197.5,6161.5,6190.0,0,0.0,0.0
2018-09-19,6190.0,6196.7001953125,6163.7001953125,6169.5,0,0.0,0.0
2018-09-20,6169.5,6209.60009765625,6169.5,6194.60009765625,0,0.0,0.0
2018-09-23,6194.60009765625,6195.2001953125,6167.7001953125,6186.89990234375,0,0.0,0.0
2018-09-24,6186.89990234375,6192.2001953125,6166.7998046875,6185.89990234375,0,0.0,0.0
2018-09-25,6185.89990234375,6210.5,6182.5,6192.2998046875,0,0.0,0.0
2018-09-26,6192.2998046875,6197.10009765625,6179.7998046875,6181.2001953125,0,0.0,0.0
2018-09-27,6181.2001953125,6234.39990234375,6181.2001953125,6207.60009765625,0,0.0,0.0
2018-09-30,6207.60009765625,6207.60009765625,6154.2998046875,6172.2998046875,0,0.0,0.0
2018-10-01,6172.2998046875,6180.2998046875,6118.39990234375,6126.2001953125,0,0.0,0.0
2018-10-02,6126.2001953125,6151.39990234375,6126.2001953125,6146.10009765625,0,0.0,0.0
2018-10-03,6146.10009765625,6195.2001953125,6146.10009765625,6176.2998046875,0,0.0,0.0
2018-10-04,6176.2998046875,6199.2001953125,6160.60009765625,6185.5,0,0.0,0.0
2018-10-07,6177.39990234375,6177.39990234375,6100.2998046875,6100.2998046875,0,0.0,0.0
2018-10-08,6100.2998046875,6101.7998046875,6033.60009765625,6041.10009765625,0,0.0,0.0
2018-10-09,6041.10009765625,6057.7998046875,6022.7001953125,6049.7998046875,0,0.0,0.0
2018-10-10,6049.7998046875,6049.7998046875,5883.7998046875,5883.7998046875,0,0.0,0.0
2018-10-11,5883.7998046875,5904.0,5846.7001953125,5895.7001953125,0,0.0,0.0
2018-10-14,5895.7001953125,5895.7001953125,5796.0,5837.10009765625,0,0.0,0.0
2018-10-15,5869.89990234375,5884.7001953125,5837.10009765625,5869.89990234375,0,0.0,0.0
2018-10-16,5869.89990234375,5940.2001953125,5869.89990234375,5939.10009765625,0,0.0,0.0
2018-10-17,5939.10009765625,5942.7998046875,5914.89990234375,5942.39990234375,0,0.0,0.0
2018-10-18,5942.39990234375,5942.39990234375,5883.2998046875,5939.5,0,0.0,0.0
2018-10-21,5939.5,5939.5,5887.7001953125,5904.89990234375,0,0.0,0.0
2018-10-22,5904.89990234375,5905.39990234375,5843.10009765625,5843.10009765625,0,0.0,0.0
2018-10-23,5843.10009765625,5857.10009765625,5819.39990234375,5829.0,0,0.0,0.0
2018-10-24,5829.0,5829.0,5664.10009765625,5664.10009765625,0,0.0,0.0
2018-10-25,5664.10009765625,5700.2001953125,5624.60009765625,5665.2001953125,0,0.0,0.0
2018-10-28,5665.2001953125,5737.60009765625,5665.2001953125,5728.2001953125,0,0.0,0.0
2018-10-29,5728.2001953125,5805.10009765625,5691.7001953125,5805.10009765625,0,0.0,0.0
2018-10-30,5805.10009765625,5830.2998046875,5789.5,5830.2998046875,0,0.0,0.0
2018-10-31,5830.2998046875,5877.2001953125,5820.7001953125,5840.7998046875,0,0.0,0.0
2018-11-01,5840.7998046875,5849.2001953125,5809.2001953125,5849.2001953125,0,0.0,0.0
2018-11-04,5849.2001953125,5857.39990234375,5817.7001953125,5818.10009765625,0,0.0,0.0
2018-11-05,5818.10009765625,5877.2001953125,5818.10009765625,5875.2001953125,0,0.0,0.0
2018-11-06,5875.2001953125,5896.89990234375,5844.60009765625,5896.89990234375,0,0.0,0.0
2018-11-07,5896.89990234375,5935.5,5896.89990234375,5928.2001953125,0,0.0,0.0
2018-11-08,5928.2001953125,5933.5,5896.39990234375,5921.7998046875,0,0.0,0.0
2018-11-11,5921.7998046875,5941.2998046875,5884.60009765625,5941.2998046875,0,0.0,0.0
2018-11-12,5941.2998046875,5941.2998046875,5824.39990234375,5834.2001953125,0,0.0,0.0
2018-11-13,5834.2001953125,5837.2998046875,5728.60009765625,5732.7998046875,0,0.0,0.0
2018-11-14,5732.7998046875,5753.5,5686.7998046875,5736.0,0,0.0,0.0
2018-11-15,5736.0,5757.89990234375,5726.5,5730.60009765625,0,0.0,0.0
2018-11-18,5730.60009765625,5731.2998046875,5682.39990234375,5693.7001953125,0,0.0,0.0
2018-11-19,5693.7001953125,5693.7001953125,5635.5,5671.7998046875,0,0.0,0.0
2018-11-20,5671.7998046875,5671.7998046875,5594.0,5642.7998046875,0,0.0,0.0
2018-11-21,5642.7998046875,5695.39990234375,5642.7998046875,5691.2998046875,0,0.0,0.0
2018-11-22,5691.2998046875,5724.2998046875,5678.2998046875,5716.2001953125,0,0.0,0.0
2018-11-25,5716.2001953125,5716.2001953125,5655.60009765625,5671.60009765625,0,0.0,0.0
2018-11-26,5671.60009765625,5728.2998046875,5670.7001953125,5728.2998046875,0,0.0,0.0
2018-11-27,5728.2998046875,5737.60009765625,5706.7001953125,5725.10009765625,0,0.0,0.0
2018-11-28,5725.10009765625,5778.7001953125,5725.10009765625,5758.39990234375,0,0.0,0.0
2018-11-29,5758.39990234375,5758.39990234375,5667.2001953125,5667.2001953125,0,0.0,0.0
2018-12-02,5667.2001953125,5771.2001953125,5667.2001953125,5771.2001953125,0,0.0,0.0
2018-12-03,5771.2001953125,5771.2001953125,5713.10009765625,5713.10009765625,0,0.0,0.0
2018-12-04,5713.10009765625,5713.10009765625,5610.0,5668.39990234375,0,0.0,0.0
2018-12-05,5668.39990234375,5668.39990234375,5621.39990234375,5657.60009765625,0,0.0,0.0
2018-12-06,5657.7001953125,5706.39990234375,5653.5,5681.5,0,0.0,0.0
2018-12-09,5681.5,5681.5,5549.2998046875,5552.5,0,0.0,0.0
2018-12-10,5555.2998046875,5587.7001953125,5551.5,5575.89990234375,0,0.0,0.0
2018-12-11,5575.89990234375,5654.89990234375,5575.89990234375,5653.5,0,0.0,0.0
2018-12-12,5653.5,5682.10009765625,5636.89990234375,5661.60009765625,0,0.0,0.0
2018-12-13,5661.60009765625,5665.2001953125,5588.60009765625,5602.0,0,0.0,0.0
2018-12-16,5602.0,5665.60009765625,5585.10009765625,5658.2998046875,0,0.0,0.0
2018-12-17,5658.2998046875,5658.2998046875,5576.7998046875,5589.5,0,0.0,0.0
2018-12-18,5589.5,5589.5,5555.2001953125,5580.60009765625,0,0.0,0.0
2018-12-19,5580.60009765625,5587.60009765625,5505.7998046875,5505.7998046875,0,0.0,0.0
2018-12-20,5505.7998046875,5543.10009765625,5426.60009765625,5467.60009765625,0,0.0,0.0
2018-12-23,5467.60009765625,5496.7001953125,5410.2001953125,5493.7998046875,0,0.0,0.0
2018-12-26,5493.7998046875,5597.2001953125,5493.7998046875,5597.2001953125,0,0.0,0.0
2018-12-27,5597.2001953125,5654.2998046875,5590.7001953125,5654.2998046875,0,0.0,0.0
2018-12-30,5654.2998046875,5700.60009765625,5646.39990234375,5646.39990234375,0,0.0,0.0
2019-01-01,5646.39990234375,5652.5,5552.0,5557.7998046875,350200,0.0,0.0
2019-01-02,5557.7998046875,5646.5,5557.7998046875,5633.39990234375,451300,0.0,0.0
2019-01-03,5633.39990234375,5633.39990234375,5568.7001953125,5619.39990234375,475800,0.0,0.0
2019-01-06,5619.39990234375,5716.2001953125,5619.39990234375,5683.2001953125,439600,0.0,0.0
2019-01-07,5683.2001953125,5733.7001953125,5666.60009765625,5722.39990234375,548900,0.0,0.0
2019-01-08,5722.39990234375,5781.39990234375,5722.39990234375,5778.2998046875,554100,0.0,0.0
2019-01-09,5778.2998046875,5795.2998046875,5755.39990234375,5795.2998046875,528300,0.0,0.0
2019-01-10,5795.2998046875,5808.60009765625,5774.60009765625,5774.60009765625,398500,0.0,0.0
2019-01-13,5774.60009765625,5801.5,5756.89990234375,5773.39990234375,374100,0.0,0.0
2019-01-14,5773.39990234375,5814.60009765625,5773.39990234375,5814.60009765625,435700,0.0,0.0
2019-01-15,5814.60009765625,5835.2001953125,5805.0,5835.2001953125,549000,0.0,0.0
2019-01-16,5835.2001953125,5856.39990234375,5831.0,5850.10009765625,486000,0.0,0.0
2019-01-17,5850.10009765625,5888.10009765625,5850.10009765625,5879.60009765625,450700,0.0,0.0
2019-01-20,5879.60009765625,5911.7998046875,5879.60009765625,5890.39990234375,376400,0.0,0.0
2019-01-21,5890.39990234375,5890.39990234375,5851.2998046875,5858.7998046875,361000,0.0,0.0
2019-01-22,5858.7998046875,5862.0,5831.39990234375,5843.7001953125,518400,0.0,0.0
2019-01-23,5844.39990234375,5865.7001953125,5839.7001953125,5865.7001953125,540700,0.0,0.0
2019-01-24,5865.7001953125,5915.2001953125,5864.0,5905.60009765625,658300,0.0,0.0
2019-01-28,5905.60009765625,5907.60009765625,5861.60009765625,5874.2001953125,705600,0.0,0.0
2019-01-29,5874.2001953125,5912.39990234375,5865.89990234375,5886.7001953125,684700,0.0,0.0
2019-01-30,5886.7001953125,5912.60009765625,5864.7001953125,5864.7001953125,947600,0.0,0.0
2019-01-31,5864.7001953125,5881.60009765625,5857.39990234375,5862.7998046875,723800,0.0,0.0
2019-02-03,5862.7998046875,5899.2001953125,5848.89990234375,5891.2001953125,604200,0.0,0.0
2019-02-04,5891.2001953125,6039.2001953125,5891.2001953125,6005.89990234375,736600,0.0,0.0
2019-02-05,6005.89990234375,6042.5,5990.5,6026.10009765625,582200,0.0,0.0
2019-02-06,6026.10009765625,6105.89990234375,6026.10009765625,6092.5,638800,0.0,0.0
2019-02-07,6092.5,6094.7001953125,6054.10009765625,6071.5,616500,0.0,0.0
2019-02-10,6071.5,6084.89990234375,6028.60009765625,6060.7998046875,506100,0.0,0.0
2019-02-11,6060.7998046875,6093.2001953125,6053.39990234375,6079.10009765625,687900,0.0,0.0
2019-02-12,6079.10009765625,6094.0,6053.0,6063.60009765625,664500,0.0,0.0
2019-02-13,6063.60009765625,6093.60009765625,6046.7001953125,6059.39990234375,728100,0.0,0.0
2019-02-14,6059.39990234375,6076.10009765625,6048.89990234375,6066.10009765625,662300,0.0,0.0
2019-02-17,6066.10009765625,6115.7001953125,6066.10009765625,6089.7998046875,607600,0.0,0.0
2019-02-18,6089.7998046875,6119.5,6081.39990234375,6106.89990234375,636500,0.0,0.0
2019-02-19,6106.89990234375,6125.7998046875,6077.5,6096.5,676100,0.0,0.0
2019-02-20,6096.5,6153.60009765625,6083.60009765625,6139.2001953125,859600,0.0,0.0
2019-02-21,6139.2001953125,6176.2001953125,6126.5,6167.2998046875,788400,0.0,0.0
2019-02-24,6167.2998046875,6191.10009765625,6158.7998046875,6186.2998046875,701000,0.0,0.0
2019-02-25,6186.2998046875,6186.2998046875,6106.0,6128.39990234375,754000,0.0,0.0
2019-02-26,6128.39990234375,6156.39990234375,6127.7001953125,6150.2998046875,726000,0.0,0.0
2019-02-27,6150.2998046875,6173.10009765625,6135.39990234375,6169.0,805900,0.0,0.0
2019-02-28,6169.0,6209.89990234375,6164.89990234375,6192.7001953125,715500,0.0,0.0
2019-03-03,6192.7001953125,6240.10009765625,6192.7001953125,6217.39990234375,575700,0.0,0.0
2019-03-04,6217.39990234375,6217.39990234375,6175.7001953125,6199.2998046875,788400,0.0,0.0
2019-03-05,6199.2998046875,6246.5,6199.2998046875,6245.60009765625,782400,0.0,0.0
2019-03-06,6245.60009765625,6270.89990234375,6243.60009765625,6263.89990234375,765400,0.0,0.0
2019-03-07,6263.89990234375,6263.89990234375,6203.60009765625,6203.7998046875,646200,0.0,0.0
2019-03-10,6203.7998046875,6203.7998046875,6171.89990234375,6180.2001953125,498100,0.0,0.0
2019-03-11,6180.2001953125,6222.89990234375,6174.7998046875,6174.7998046875,622300,0.0,0.0
2019-03-12,6174.7998046875,6174.7998046875,6127.2998046875,6161.2001953125,707100,0.0,0.0
2019-03-13,6161.2001953125,6181.5,6153.39990234375,6179.60009765625,555200,0.0,0.0
2019-03-14,6179.60009765625,6197.39990234375,6171.2001953125,6175.2001953125,1173800,0.0,0.0
2019-03-17,6175.2001953125,6201.5,6167.2998046875,6190.5,578000,0.0,0.0
2019-03-18,6190.5,6206.2998046875,6174.0,6184.7998046875,526600,0.0,0.0
2019-03-19,6184.7998046875,6185.5,6155.2001953125,6165.2998046875,732000,0.0,0.0
2019-03-20,6165.2998046875,6171.89990234375,6134.0,6167.2001953125,874000,0.0,0.0
2019-03-21,6167.2001953125,6227.10009765625,6167.2001953125,6195.2001953125,538000,0.0,0.0
2019-03-24,6195.2001953125,6195.2001953125,6113.2001953125,6126.2001953125,570100,0.0,0.0
2019-03-25,6126.2001953125,6141.10009765625,6116.7998046875,6130.60009765625,681000,0.0,0.0
2019-03-26,6130.60009765625,6136.0,6096.7998046875,6136.0,656900,0.0,0.0
2019-03-27,6136.0,6176.10009765625,6115.10009765625,6176.10009765625,648100,0.0,0.0
2019-03-28,6176.10009765625,6213.39990234375,6176.10009765625,6180.7001953125,789600,0.0,0.0
2019-03-31,6180.7001953125,6234.60009765625,6180.7001953125,6217.0,582000,0.0,0.0
2019-04-01,6217.0,6270.60009765625,6217.0,6242.39990234375,656200,0.0,0.0
2019-04-02,6242.39990234375,6287.89990234375,6242.39990234375,6285.0,614100,0.0,0.0
2019-04-03,6285.0,6285.0,6221.10009765625,6232.7998046875,638800,0.0,0.0
2019-04-04,6232.7998046875,6232.7998046875,6169.7998046875,6181.2998046875,494500,0.0,0.0
2019-04-07,6181.2998046875,6221.39990234375,6181.2998046875,6221.39990234375,502400,0.0,0.0
2019-04-08,6221.39990234375,6228.89990234375,6203.7001953125,6221.7998046875,539400,0.0,0.0
2019-04-09,6221.7998046875,6235.39990234375,6199.2998046875,6223.5,452900,0.0,0.0
2019-04-10,6223.5,6223.5,6184.0,6198.7001953125,499300,0.0,0.0
2019-04-11,6198.7001953125,6251.2998046875,6198.7001953125,6251.2998046875,518900,0.0,0.0
2019-04-14,6251.2998046875,6259.39990234375,6238.89990234375,6251.39990234375,468700,0.0,0.0
2019-04-15,6251.39990234375,6282.7998046875,6237.60009765625,6277.39990234375,536800,0.0,0.0
2019-04-16,6277.39990234375,6286.0,6249.60009765625,6256.39990234375,569600,0.0,0.0
2019-04-17,6256.39990234375,6280.39990234375,6248.2001953125,6259.7998046875,564400,0.0,0.0
2019-04-22,6259.7998046875,6321.7001953125,6259.7998046875,6319.39990234375,539300,0.0,0.0
2019-04-23,6319.39990234375,6390.5,6319.39990234375,6382.10009765625,660700,0.0,0.0
2019-04-25,6382.10009765625,6388.2001953125,6362.2998046875,6385.60009765625,553500,0.0,0.0
2019-04-28,6385.60009765625,6385.60009765625,6348.0,6359.5,469400,0.0,0.0
2019-04-29,6359.5,6359.5,6316.2998046875,6325.5,613700,0.0,0.0
2019-04-30,6325.5,6380.2001953125,6325.5,6375.89990234375,567500,0.0,0.0
2019-05-01,6375.89990234375,6375.89990234375,6323.5,6338.39990234375,670600,0.0,0.0
2019-05-02,6338.39990234375,6355.0,6327.2001953125,6335.7998046875,520300,0.0,0.0
2019-05-05,6335.7998046875,6335.7998046875,6248.39990234375,6283.7001953125,552000,0.0,0.0
2019-05-06,6283.7001953125,6341.89990234375,6283.7001953125,6295.7001953125,511000,0.0,0.0
2019-05-07,6295.7001953125,6295.7001953125,6241.5,6269.10009765625,562300,0.0,0.0
2019-05-08,6269.10009765625,6300.2001953125,6258.7998046875,6295.2998046875,550500,0.0,0.0
2019-05-09,6295.2998046875,6317.39990234375,6283.60009765625,6310.89990234375,516100,0.0,0.0
2019-05-12,6310.89990234375,6310.89990234375,6277.89990234375,6297.60009765625,512600,0.0,0.0
2019-05-13,6297.60009765625,6297.60009765625,6203.10009765625,6239.89990234375,685200,0.0,0.0
2019-05-14,6239.89990234375,6291.2998046875,6239.89990234375,6284.2001953125,528800,0.0,0.0
2019-05-15,6284.2001953125,6327.7998046875,6272.7998046875,6327.7998046875,668900,0.0,0.0
2019-05-16,6327.7998046875,6398.2998046875,6327.7998046875,6365.2998046875,590200,0.0,0.0
2019-05-19,6365.2998046875,6476.10009765625,6365.2998046875,6476.10009765625,659700,0.0,0.0
2019-05-20,6476.10009765625,6500.10009765625,6444.39990234375,6500.10009765625,669300,0.0,0.0
2019-05-21,6500.10009765625,6510.89990234375,6478.60009765625,6510.7001953125,628800,0.0,0.0
2019-05-22,6510.7001953125,6510.7001953125,6480.2001953125,6491.7998046875,637700,0.0,0.0
2019-05-23,6491.7998046875,6491.7998046875,6437.2998046875,6456.0,585600,0.0,0.0
2019-05-26,6455.7998046875,6464.60009765625,6447.60009765625,6451.89990234375,436700,0.0,0.0
2019-05-27,6451.89990234375,6491.7001953125,6451.89990234375,6484.7998046875,811700,0.0,0.0
2019-05-28,6484.7998046875,6484.7998046875,6419.2998046875,6440.0,544600,0.0,0.0
2019-05-29,6440.0,6440.0,6379.7001953125,6392.10009765625,719300,0.0,0.0
2019-05-30,6392.10009765625,6398.7998046875,6362.2001953125,6396.89990234375,742900,0.0,0.0
2019-06-02,6396.89990234375,6396.89990234375,6320.5,6320.5,628700,0.0,0.0
2019-06-03,6320.5,6343.0,6315.60009765625,6332.39990234375,739800,0.0,0.0
2019-06-04,6332.39990234375,6387.60009765625,6332.39990234375,6358.5,624900,0.0,0.0
2019-06-05,6358.5,6403.2001953125,6358.5,6383.0,618600,0.0,0.0
2019-06-06,6383.0,6443.89990234375,6383.0,6443.89990234375,600000,0.0,0.0
2019-06-10,6443.89990234375,6546.2998046875,6443.89990234375,6546.2998046875,737500,0.0,0.0
2019-06-11,6546.2998046875,6587.2998046875,6543.7001953125,6543.7001953125,684400,0.0,0.0
2019-06-12,6543.7001953125,6563.2001953125,6534.2998046875,6542.39990234375,625700,0.0,0.0
2019-06-13,6542.39990234375,6559.5,6533.0,6554.0,585200,0.0,0.0
2019-06-16,6554.0,6555.39990234375,6527.0,6530.89990234375,571900,0.0,0.0
2019-06-17,6530.89990234375,6572.5,6529.2998046875,6570.0,859900,0.0,0.0
2019-06-18,6570.0,6648.10009765625,6570.0,6648.10009765625,739400,0.0,0.0
2019-06-19,6648.10009765625,6687.39990234375,6638.7998046875,6687.39990234375,1004000,0.0,0.0
2019-06-20,6687.39990234375,6691.5,6641.10009765625,6650.7998046875,1163800,0.0,0.0
2019-06-23,6650.7998046875,6665.39990234375,6617.0,6665.39990234375,558800,0.0,0.0
2019-06-24,6665.39990234375,6680.2998046875,6647.2998046875,6658.0,663400,0.0,0.0
2019-06-25,6658.0,6658.0,6637.39990234375,6640.5,746100,0.0,0.0
2019-06-26,6640.5,6666.2998046875,6606.2998046875,6666.2998046875,676700,0.0,0.0
2019-06-27,6666.2998046875,6670.10009765625,6618.7998046875,6618.7998046875,754200,0.0,0.0
2019-06-30,6618.7998046875,6664.0,6618.7998046875,6648.10009765625,555600,0.0,0.0
2019-07-01,6648.39990234375,6686.5,6642.5,6653.2001953125,596700,0.0,0.0
2019-07-02,6653.2001953125,6692.39990234375,6641.7001953125,6685.5,642500,0.0,0.0
2019-07-03,6685.5,6731.89990234375,6685.5,6718.0,570500,0.0,0.0
2019-07-04,6718.0,6769.60009765625,6714.7998046875,6751.2998046875,579100,0.0,0.0
2019-07-07,6740.0,6751.2998046875,6672.2001953125,6672.2001953125,458000,0.0,0.0
2019-07-08,6672.2001953125,6679.0,6641.39990234375,6665.7001953125,550100,0.0,0.0
2019-07-09,6665.7001953125,6718.2001953125,6665.7001953125,6689.7998046875,631100,0.0,0.0
2019-07-10,6689.7998046875,6729.39990234375,6686.10009765625,6716.10009765625,645700,0.0,0.0
2019-07-11,6716.10009765625,6717.10009765625,6687.7001953125,6696.5,565600,0.0,0.0
2019-07-14,6694.89990234375,6694.89990234375,6638.5,6653.0,456100,0.0,0.0
2019-07-15,6653.0,6665.2998046875,6641.0,6641.0,549400,0.0,0.0
2019-07-16,6641.0,6675.39990234375,6626.60009765625,6673.2998046875,523000,0.0,0.0
2019-07-17,6673.2998046875,6673.2998046875,6630.7001953125,6649.10009765625,531300,0.0,0.0
2019-07-18,6649.10009765625,6705.39990234375,6646.60009765625,6700.2998046875,491200,0.0,0.0
2019-07-21,6700.2998046875,6710.7001953125,6673.2001953125,6691.2001953125,521300,0.0,0.0
2019-07-22,6691.2001953125,6730.7001953125,6688.7998046875,6724.60009765625,643300,0.0,0.0
2019-07-23,6724.60009765625,6783.2998046875,6724.60009765625,6776.7001953125,630000,0.0,0.0
2019-07-24,6776.7001953125,6818.0,6771.10009765625,6818.0,681700,0.0,0.0
2019-07-25,6818.0,6818.0,6779.5,6793.39990234375,664400,0.0,0.0
2019-07-28,6793.39990234375,6834.39990234375,6793.39990234375,6825.7998046875,532500,0.0,0.0
2019-07-29,6825.7998046875,6875.5,6825.7998046875,6845.10009765625,601500,0.0,0.0
2019-07-30,6845.10009765625,6845.10009765625,6812.60009765625,6812.60009765625,760100,0.0,0.0
2019-07-31,6812.60009765625,6812.60009765625,6780.60009765625,6788.89990234375,584000,0.0,0.0
2019-08-01,6788.89990234375,6788.89990234375,6747.7998046875,6768.60009765625,609500,0.0,0.0
2019-08-04,6768.60009765625,6768.60009765625,6639.39990234375,6640.2998046875,594700,0.0,0.0
2019-08-05,6640.2998046875,6640.2998046875,6444.39990234375,6478.10009765625,877700,0.0,0.0
2019-08-06,6478.10009765625,6530.2001953125,6467.5,6519.5,648500,0.0,0.0
2019-08-07,6519.5,6568.10009765625,6462.2998046875,6568.10009765625,690800,0.0,0.0
2019-08-08,6568.10009765625,6592.5,6562.5,6584.39990234375,664700,0.0,0.0
2019-08-11,6584.39990234375,6590.2998046875,6555.10009765625,6590.2998046875,493300,0.0,0.0
2019-08-12,6590.2998046875,6593.2998046875,6558.5,6568.5,695300,0.0,0.0
2019-08-13,6568.5,6600.7001953125,6555.89990234375,6595.89990234375,754700,0.0,0.0
2019-08-14,6595.89990234375,6595.89990234375,6405.60009765625,6408.10009765625,893200,0.0,0.0
2019-08-15,6408.10009765625,6425.2998046875,6396.0,6405.5,758300,0.0,0.0
2019-08-18,6405.5,6468.39990234375,6405.5,6467.39990234375,599800,0.0,0.0
2019-08-19,6467.39990234375,6545.0,6467.39990234375,6545.0,702600,0.0,0.0
2019-08-20,6545.0,6545.0,6466.60009765625,6483.2998046875,675800,0.0,0.0
2019-08-21,6483.2998046875,6521.2998046875,6483.2998046875,6501.7998046875,631100,0.0,0.0
2019-08-22,6501.7998046875,6529.2001953125,6495.2998046875,6523.10009765625,643600,0.0,0.0
2019-08-25,6523.10009765625,6523.10009765625,6409.7998046875,6440.10009765625,703200,0.0,0.0
2019-08-26,6440.10009765625,6483.10009765625,6439.2001953125,6471.2001953125,908300,0.0,0.0
2019-08-27,6471.2001953125,6502.0,6462.0,6500.60009765625,712500,0.0,0.0
2019-08-28,6500.60009765625,6510.89990234375,6475.5,6507.39990234375,730000,0.0,0.0
2019-08-29,6507.39990234375,6612.10009765625,6507.39990234375,6604.2001953125,905400,0.0,0.0
2019-09-01,6604.2001953125,6604.7998046875,6558.2998046875,6579.39990234375,525000,0.0,0.0
2019-09-02,6579.39990234375,6591.2998046875,6554.2998046875,6573.39990234375,479400,0.0,0.0
2019-09-03,6573.39990234375,6573.39990234375,6503.89990234375,6553.0,695600,0.0,0.0
2019-09-04,6553.0,6622.7998046875,6551.0,6613.2001953125,796300,0.0,0.0
2019-09-05,6613.2001953125,6656.10009765625,6613.2001953125,6647.2998046875,702600,0.0,0.0
2019-09-08,6647.2998046875,6659.7001953125,6631.2001953125,6648.0,542900,0.0,0.0
2019-09-09,6648.0,6654.7998046875,6595.7001953125,6614.10009765625,746300,0.0,0.0
2019-09-10,6614.10009765625,6638.39990234375,6614.10009765625,6638.0,811400,0.0,0.0
2019-09-11,6638.0,6687.39990234375,6638.0,6654.89990234375,662600,0.0,0.0
2019-09-12,6654.89990234375,6676.5,6653.7001953125,6669.2001953125,673900,0.0,0.0
2019-09-15,6669.2001953125,6688.5,6646.60009765625,6673.5,750700,0.0,0.0
2019-09-16,6673.5,6695.2998046875,6649.10009765625,6695.2998046875,745900,0.0,0.0
2019-09-17,6695.2998046875,6703.2998046875,6673.7998046875,6681.60009765625,758400,0.0,0.0
2019-09-18,6686.2998046875,6742.89990234375,6686.2998046875,6717.5,996900,0.0,0.0
2019-09-19,6719.0,6775.60009765625,6719.0,6730.7998046875,1249400,0.0,0.0
2019-09-22,6732.39990234375,6770.0,6732.39990234375,6749.7001953125,506700,0.0,0.0
2019-09-23,6747.60009765625,6764.0,6745.2998046875,6748.89990234375,595600,0.0,0.0
2019-09-24,6736.39990234375,6736.39990234375,6696.2998046875,6710.2001953125,648200,0.0,0.0
2019-09-25,6715.39990234375,6720.7998046875,6667.10009765625,6677.60009765625,594800,0.0,0.0
2019-09-26,6681.60009765625,6721.2001953125,6681.60009765625,6716.10009765625,606300,0.0,0.0
2019-09-29,6715.89990234375,6734.7001953125,6688.2998046875,6688.2998046875,611600,0.0,0.0
2019-09-30,6688.60009765625,6743.7001953125,6687.7998046875,6742.7998046875,612700,0.0,0.0
2019-10-01,6729.60009765625,6729.60009765625,6639.7998046875,6639.89990234375,618800,0.0,0.0
2019-10-03,6498.10009765625,6532.7001953125,6489.89990234375,6517.10009765625,473300,0.0,0.0
2019-10-06,6526.2998046875,6564.89990234375,6525.5,6563.60009765625,272800,0.0,0.0
2019-10-07,6569.2001953125,6601.2001953125,6567.39990234375,6593.39990234375,476500,0.0,0.0
2019-10-08,6580.2998046875,6580.2998046875,6520.2998046875,6546.7001953125,503100,0.0,0.0
2019-10-09,6546.10009765625,6565.5,6529.2998046875,6547.10009765625,549400,0.0,0.0
2019-10-10,6564.2998046875,6614.60009765625,6564.2998046875,6606.7998046875,526900,0.0,0.0
2019-10-13,6622.5,6676.2001953125,6622.5,6642.60009765625,489200,0.0,0.0
2019-10-14,6637.0,6657.39990234375,6621.89990234375,6652.0,504800,0.0,0.0
2019-10-15,6660.0,6737.7998046875,6659.7001953125,6736.5,626500,0.0,0.0
2019-10-16,6730.5,6737.39990234375,6681.39990234375,6684.7001953125,871200,0.0,0.0
2019-10-17,6682.7998046875,6683.2001953125,6633.89990234375,6649.7001953125,633400,0.0,0.0
2019-10-20,6643.5,6652.5,6612.39990234375,6652.5,506400,0.0,0.0
2019-10-21,6659.10009765625,6680.39990234375,6648.2998046875,6672.2001953125,577400,0.0,0.0
2019-10-22,6670.0,6673.2001953125,6635.7001953125,6673.10009765625,557200,0.0,0.0
2019-10-23,6673.10009765625,6715.2001953125,6673.10009765625,6693.60009765625,559600,0.0,0.0
2019-10-24,6693.60009765625,6741.5,6693.60009765625,6739.2001953125,627000,0.0,0.0
2019-10-27,6739.89990234375,6766.2001953125,6739.7998046875,6740.7001953125,486300,0.0,0.0
2019-10-28,6740.7001953125,6761.5,6735.7001953125,6745.39990234375,582000,0.0,0.0
2019-10-29,6745.39990234375,6745.39990234375,6680.2001953125,6689.5,598200,0.0,0.0
2019-10-30,6689.5,6689.5,6639.7998046875,6663.39990234375,636000,0.0,0.0
2019-10-31,6663.39990234375,6671.7001953125,6634.7001953125,6669.10009765625,555300,0.0,0.0
2019-11-03,6669.10009765625,6713.5,6669.10009765625,6686.89990234375,516800,0.0,0.0
2019-11-04,6686.89990234375,6725.89990234375,6678.89990234375,6697.10009765625,482000,0.0,0.0
2019-11-05,6697.10009765625,6715.2001953125,6658.2001953125,6660.2001953125,639700,0.0,0.0
2019-11-06,6660.2001953125,6727.7001953125,6659.7001953125,6726.60009765625,613200,0.0,0.0
2019-11-07,6726.60009765625,6742.2001953125,6706.10009765625,6724.10009765625,666800,0.0,0.0
2019-11-10,6724.10009765625,6772.5,6717.2998046875,6772.5,550700,0.0,0.0
2019-11-11,6772.5,6779.2998046875,6730.89990234375,6753.0,635900,0.0,0.0
2019-11-12,6753.0,6766.2001953125,6698.2998046875,6698.39990234375,613400,0.0,0.0
2019-11-13,6698.39990234375,6744.7998046875,6687.7001953125,6735.10009765625,671000,0.0,0.0
2019-11-14,6735.10009765625,6798.7001953125,6735.10009765625,6793.7001953125,552200,0.0,0.0
2019-11-17,6793.7001953125,6799.2001953125,6749.10009765625,6766.7998046875,429200,0.0,0.0
2019-11-18,6766.7998046875,6814.2001953125,6755.0,6814.2001953125,562200,0.0,0.0
2019-11-19,6814.2001953125,6814.2001953125,6714.89990234375,6722.39990234375,663700,0.0,0.0
2019-11-20,6714.2998046875,6714.60009765625,6637.2998046875,6672.89990234375,710300,0.0,0.0
2019-11-21,6672.89990234375,6725.10009765625,6672.89990234375,6709.7998046875,522500,0.0,0.0
2019-11-24,6712.0,6758.0,6712.0,6731.39990234375,521000,0.0,0.0
2019-11-25,6731.39990234375,6797.60009765625,6731.39990234375,6787.5,1076900,0.0,0.0
2019-11-26,6790.2998046875,6852.10009765625,6788.0,6850.60009765625,618500,0.0,0.0
2019-11-27,6850.60009765625,6879.5,6850.60009765625,6864.0,509700,0.0,0.0
2019-11-28,6869.10009765625,6893.7001953125,6846.0,6846.0,543500,0.0,0.0
2019-12-01,6846.0,6890.0,6840.60009765625,6862.2998046875,494400,0.0,0.0
2019-12-02,6862.2998046875,6862.2998046875,6703.7001953125,6712.2998046875,700700,0.0,0.0
2019-12-03,6691.7001953125,6692.2998046875,6590.10009765625,6606.5,779900,0.0,0.0
2019-12-04,6606.5,6684.60009765625,6606.5,6683.0,572100,0.0,0.0
2019-12-05,6683.0,6712.2998046875,6681.7998046875,6707.0,477900,0.0,0.0
2019-12-08,6707.0,6740.0,6707.0,6730.0,505300,0.0,0.0
2019-12-09,6730.0,6734.2998046875,6702.89990234375,6706.89990234375,473100,0.0,0.0
2019-12-10,6709.89990234375,6752.60009765625,6709.7001953125,6752.60009765625,638300,0.0,0.0
2019-12-11,6752.60009765625,6753.0,6701.2001953125,6708.7998046875,630700,0.0,0.0
2019-12-12,6708.7998046875,6753.10009765625,6708.7998046875,6739.7001953125,646000,0.0,0.0
2019-12-15,6741.60009765625,6866.10009765625,6741.60009765625,6849.7001953125,650900,0.0,0.0
2019-12-16,6849.7001953125,6871.2998046875,6839.10009765625,6847.2998046875,631600,0.0,0.0
2019-12-17,6849.39990234375,6863.7998046875,6833.39990234375,6851.39990234375,650800,0.0,0.0
2019-12-18,6851.39990234375,6872.7998046875,6819.89990234375,6833.10009765625,805700,0.0,0.0
2019-12-19,6833.10009765625,6842.7998046875,6808.39990234375,6816.2998046875,966400,0.0,0.0
2019-12-22,6816.2998046875,6816.2998046875,6785.10009765625,6785.10009765625,364700,0.0,0.0
2019-12-23,6785.10009765625,6794.89990234375,6776.2001953125,6794.2001953125,201800,0.0,0.0
2019-12-26,6794.2001953125,6822.10009765625,6794.2001953125,6821.7001953125,290100,0.0,0.0
2019-12-29,6821.7001953125,6824.7001953125,6764.60009765625,6804.89990234375,294800,0.0,0.0
2019-12-30,6804.89990234375,6804.89990234375,6684.10009765625,6684.10009765625,314200,0.0,0.0
2020-01-01,6684.10009765625,6709.2001953125,6669.2001953125,6690.60009765625,304900,0.0,0.0
2020-01-02,6690.60009765625,6788.2001953125,6690.60009765625,6733.5,365200,0.0,0.0
2020-01-05,6733.10009765625,6738.60009765625,6671.7001953125,6735.7001953125,469800,0.0,0.0
2020-01-06,6735.7001953125,6834.2998046875,6735.7001953125,6826.39990234375,447400,0.0,0.0
2020-01-07,6826.39990234375,6831.7001953125,6749.60009765625,6817.60009765625,570700,0.0,0.0
2020-01-08,6817.60009765625,6889.2001953125,6817.60009765625,6874.2001953125,502100,0.0,0.0
2020-01-09,6874.2001953125,6933.2001953125,6874.2001953125,6929.0,516000,0.0,0.0
2020-01-12,6929.0,6929.0,6880.7001953125,6903.7001953125,358100,0.0,0.0
2020-01-13,6903.7001953125,6962.7998046875,6903.7001953125,6962.2001953125,549700,0.0,0.0
2020-01-14,6965.5,6996.7998046875,6960.39990234375,6994.7998046875,573400,0.0,0.0
2020-01-15,6994.7998046875,7041.7998046875,6994.7998046875,7041.7998046875,548200,0.0,0.0
2020-01-16,7041.7998046875,7088.10009765625,7041.7998046875,7064.10009765625,500300,0.0,0.0
2020-01-19,7064.10009765625,7092.5,7064.10009765625,7079.5,423400,0.0,0.0
2020-01-20,7079.5,7079.5,7040.7001953125,7066.2998046875,480900,0.0,0.0
2020-01-21,7066.2998046875,7144.89990234375,7062.2001953125,7132.7001953125,602000,0.0,0.0
2020-01-22,7132.7001953125,7132.7001953125,7068.7998046875,7088.0,539700,0.0,0.0
2020-01-23,7088.0,7122.7001953125,7085.7001953125,7090.5,477600,0.0,0.0
2020-01-27,6994.5,7030.0,6994.5,7023.5,619700,0.0,0.0
2020-01-28,6994.5,7046.7998046875,6994.5,7031.5,590500,0.0,0.0
2020-01-29,7031.2998046875,7038.2001953125,6993.0,7008.39990234375,684400,0.0,0.0
2020-01-30,7008.39990234375,7046.7001953125,7008.39990234375,7017.2001953125,756400,0.0,0.0
2020-02-02,7017.2001953125,7017.2001953125,6897.0,6923.2998046875,617600,0.0,0.0
2020-02-03,6923.2998046875,6963.2998046875,6915.0,6948.7001953125,599400,0.0,0.0
2020-02-04,6988.60009765625,7009.2998046875,6962.89990234375,6976.10009765625,654100,0.0,0.0
2020-02-05,6987.89990234375,7050.0,6987.89990234375,7049.2001953125,687700,0.0,0.0
2020-02-06,7045.2001953125,7051.60009765625,7002.0,7022.60009765625,639800,0.0,0.0
2020-02-09,7022.60009765625,7024.39990234375,6982.60009765625,7012.5,589700,0.0,0.0
2020-02-10,7017.2001953125,7070.2001953125,7017.2001953125,7055.2998046875,618700,0.0,0.0
2020-02-11,7055.2998046875,7098.60009765625,7055.10009765625,7088.2001953125,692700,0.0,0.0
2020-02-12,7088.2001953125,7145.7998046875,7086.7998046875,7103.2001953125,737500,0.0,0.0
2020-02-13,7103.2001953125,7138.39990234375,7101.10009765625,7130.2001953125,691300,0.0,0.0
2020-02-16,7130.2001953125,7137.39990234375,7104.39990234375,7125.10009765625,501900,0.0,0.0
2020-02-17,7125.10009765625,7125.10009765625,7096.7998046875,7113.7001953125,627500,0.0,0.0
2020-02-18,7113.7998046875,7144.60009765625,7102.89990234375,7144.60009765625,866400,0.0,0.0
2020-02-19,7144.60009765625,7197.2001953125,7144.60009765625,7162.5,832800,0.0,0.0
2020-02-20,7162.5,7162.60009765625,7135.7001953125,7139.0,1072700,0.0,0.0
2020-02-23,7120.89990234375,7120.89990234375,6967.89990234375,6978.2998046875,799000,0.0,0.0
2020-02-24,6978.2998046875,6978.2998046875,6800.0,6866.60009765625,1038800,0.0,0.0
2020-02-25,6866.60009765625,6866.60009765625,6690.10009765625,6708.10009765625,1007900,0.0,0.0
2020-02-26,6709.2998046875,6728.2001953125,6630.5,6657.89990234375,1020900,0.0,0.0
2020-02-27,6657.89990234375,6657.89990234375,6426.7998046875,6441.2001953125,1524000,0.0,0.0
2020-03-01,6438.89990234375,6438.89990234375,6245.2001953125,6391.5,1182700,0.0,0.0
2020-03-02,6391.5,6524.2998046875,6391.5,6435.7001953125,1046900,0.0,0.0
2020-03-03,6435.7001953125,6435.7001953125,6310.2001953125,6325.39990234375,1024100,0.0,0.0
2020-03-04,6325.39990234375,6447.10009765625,6325.39990234375,6395.7001953125,989800,0.0,0.0
2020-03-05,6395.7001953125,6395.7001953125,6216.2001953125,6216.2001953125,959400,0.0,0.0
2020-03-08,6216.2001953125,6216.2001953125,5760.60009765625,5760.60009765625,1444300,0.0,0.0
2020-03-09,5760.60009765625,5939.60009765625,5538.89990234375,5939.60009765625,1803100,0.0,0.0
2020-03-10,5939.60009765625,5972.5,5725.89990234375,5725.89990234375,1407500,0.0,0.0
2020-03-11,5725.89990234375,5725.89990234375,5290.0,5304.60009765625,1818300,0.0,0.0
2020-03-12,5304.60009765625,5539.2998046875,4873.7001953125,5539.2998046875,2260700,0.0,0.0
2020-03-15,5539.2998046875,5539.2998046875,5002.0,5002.0,1638500,0.0,0.0
2020-03-16,5002.0,5303.7001953125,4997.2998046875,5293.39990234375,1998200,0.0,0.0
2020-03-17,5293.39990234375,5293.39990234375,4888.10009765625,4953.2001953125,1774000,0.0,0.0
2020-03-18,4953.2001953125,5102.5,4741.0,4782.89990234375,1877500,0.0,0.0
2020-03-19,4782.89990234375,5016.10009765625,4782.89990234375,4816.60009765625,1872000,0.0,0.0
2020-03-22,4753.89990234375,4761.0,4402.5,4546.0,1486000,0.0,0.0
2020-03-23,4546.0,4735.7001953125,4546.0,4735.7001953125,1408000,0.0,0.0
2020-03-24,4735.7001953125,5024.5,4735.7001953125,4998.10009765625,1355600,0.0,0.0
2020-03-25,4998.10009765625,5174.39990234375,4998.10009765625,5113.2998046875,1216700,0.0,0.0
2020-03-26,5113.2998046875,5236.7001953125,4842.39990234375,4842.39990234375,1456800,0.0,0.0
2020-03-29,4842.39990234375,5181.39990234375,4833.10009765625,5181.39990234375,1033800,0.0,0.0
2020-03-30,5181.39990234375,5366.39990234375,5005.7998046875,5076.7998046875,1522500,0.0,0.0
2020-03-31,5076.7998046875,5272.2998046875,5076.7998046875,5258.60009765625,1064600,0.0,0.0
2020-04-01,5258.60009765625,5258.60009765625,5065.2001953125,5154.2998046875,1020200,0.0,0.0
2020-04-02,5154.2998046875,5246.7998046875,5022.39990234375,5067.5,1072000,0.0,0.0
2020-04-05,5067.5,5302.2001953125,5067.5,5286.7998046875,912700,0.0,0.0
2020-04-06,5306.7998046875,5423.10009765625,5187.0,5252.2998046875,1113300,0.0,0.0
2020-04-07,5252.2998046875,5321.0,5121.89990234375,5206.89990234375,1158400,0.0,0.0
2020-04-08,5206.89990234375,5387.2998046875,5206.89990234375,5387.2998046875,914200,0.0,0.0
2020-04-13,5387.2998046875,5490.7001953125,5360.0,5488.10009765625,1159400,0.0,0.0
2020-04-14,5488.10009765625,5533.0,5416.39990234375,5466.7001953125,1015700,0.0,0.0
2020-04-15,5466.7001953125,5466.7001953125,5345.0,5416.2998046875,1115600,0.0,0.0
2020-04-16,5416.2998046875,5563.60009765625,5416.2998046875,5487.5,1125300,0.0,0.0
2020-04-19,5486.2998046875,5490.60009765625,5353.0,5353.0,855400,0.0,0.0
2020-04-20,5353.0,5353.0,5214.5,5221.2998046875,960500,0.0,0.0
2020-04-21,5221.2998046875,5251.7001953125,5100.7001953125,5221.2001953125,996700,0.0,0.0
2020-04-22,5221.2001953125,5282.60009765625,5181.7001953125,5217.10009765625,877000,0.0,0.0
2020-04-23,5217.10009765625,5263.7998046875,5207.5,5242.60009765625,773900,0.0,0.0
2020-04-26,5242.60009765625,5329.39990234375,5214.7998046875,5321.39990234375,691700,0.0,0.0
2020-04-27,5321.39990234375,5373.7998046875,5272.7998046875,5313.10009765625,851800,0.0,0.0
2020-04-28,5313.10009765625,5393.39990234375,5312.7001953125,5393.39990234375,882600,0.0,0.0
2020-04-29,5393.39990234375,5549.10009765625,5393.39990234375,5522.39990234375,1198100,0.0,0.0
2020-04-30,5522.39990234375,5522.39990234375,5245.89990234375,5245.89990234375,1007000,0.0,0.0
2020-05-03,5245.89990234375,5328.39990234375,5169.60009765625,5319.7998046875,853400,0.0,0.0
2020-05-04,5319.7998046875,5407.10009765625,5319.7998046875,5407.10009765625,721900,0.0,0.0
2020-05-05,5407.10009765625,5408.60009765625,5345.0,5384.60009765625,694800,0.0,0.0
2020-05-06,5384.60009765625,5388.2998046875,5347.2998046875,5364.2001953125,780000,0.0,0.0
2020-05-07,5378.7001953125,5428.0,5378.5,5391.10009765625,851300,0.0,0.0
2020-05-10,5405.89990234375,5489.5,5405.7998046875,5461.2001953125,795500,0.0,0.0
2020-05-11,5461.2001953125,5461.39990234375,5374.0,5403.0,866400,0.0,0.0
2020-05-12,5403.0,5421.89990234375,5301.89990234375,5421.89990234375,895400,0.0,0.0
2020-05-13,5421.7001953125,5421.7001953125,5328.7001953125,5328.7001953125,829800,0.0,0.0
2020-05-14,5328.7001953125,5412.39990234375,5328.7001953125,5404.7998046875,750200,0.0,0.0
2020-05-17,5404.7998046875,5486.2998046875,5404.7998046875,5460.5,0,0.0,0.0
2020-05-18,5460.5,5606.7998046875,5460.5,5559.5,922400,0.0,0.0
2020-05-19,5559.5,5587.10009765625,5507.0,5573.0,753200,0.0,0.0
2020-05-20,5573.0,5610.0,5545.2001953125,5550.39990234375,853100,0.0,0.0
2020-05-21,5550.39990234375,5569.7001953125,5494.7998046875,5497.0,759100,0.0,0.0
2020-05-24,5497.0,5615.60009765625,5497.0,5615.60009765625,679200,0.0,0.0
2020-05-25,5615.60009765625,5780.0,5615.60009765625,5780.0,1021600,0.0,0.0
2020-05-26,5780.0,5835.89990234375,5713.89990234375,5775.0,1345200,0.0,0.0
2020-05-27,5775.0,5922.0,5775.0,5851.10009765625,1227600,0.0,0.0
2020-05-28,5851.10009765625,5851.10009765625,5755.7001953125,5755.7001953125,2447600,0.0,0.0
2020-05-31,5755.7001953125,5819.2001953125,5705.39990234375,5819.2001953125,841800,0.0,0.0
2020-06-01,5819.2001953125,5859.0,5800.0,5835.10009765625,957400,0.0,0.0
2020-06-02,5835.10009765625,5943.7001953125,5835.10009765625,5941.60009765625,1032300,0.0,0.0
2020-06-03,5941.60009765625,6040.2001953125,5941.60009765625,5991.7998046875,1328900,0.0,0.0
2020-06-04,5991.7998046875,6017.7998046875,5963.0,5998.7001953125,946400,0.0,0.0
2020-06-08,5998.7001953125,6198.60009765625,5998.7001953125,6144.89990234375,1407600,0.0,0.0
2020-06-09,6144.89990234375,6182.2998046875,6089.7001953125,6148.39990234375,1028500,0.0,0.0
2020-06-10,6148.39990234375,6148.39990234375,5949.60009765625,5960.60009765625,1147700,0.0,0.0
2020-06-11,5960.60009765625,5960.60009765625,5756.5,5847.7998046875,1323700,0.0,0.0
2020-06-14,5846.7001953125,5857.7001953125,5719.7998046875,5719.7998046875,1054600,0.0,0.0
2020-06-15,5760.2001953125,5975.7998046875,5758.5,5942.2998046875,1089000,0.0,0.0
2020-06-16,5952.10009765625,5991.7998046875,5931.5,5991.7998046875,919900,0.0,0.0
2020-06-17,5986.89990234375,5986.89990234375,5888.7001953125,5936.5,1173900,0.0,0.0
2020-06-18,5942.5,6006.2998046875,5929.89990234375,5942.60009765625,1950100,0.0,0.0
2020-06-21,5942.60009765625,5972.60009765625,5881.10009765625,5944.5,761300,0.0,0.0
2020-06-22,5944.5,5999.2001953125,5882.7998046875,5954.39990234375,916300,0.0,0.0
2020-06-23,5954.39990234375,5992.7998046875,5942.2998046875,5965.7001953125,817700,0.0,0.0
2020-06-24,5965.7001953125,5965.7001953125,5817.7001953125,5817.7001953125,883200,0.0,0.0
2020-06-25,5817.7001953125,5913.60009765625,5817.7001953125,5904.10009765625,901300,0.0,0.0
2020-06-28,5904.10009765625,5904.10009765625,5773.2001953125,5815.0,708900,0.0,0.0
2020-06-29,5815.0,5955.2001953125,5815.0,5897.89990234375,1009000,0.0,0.0
2020-06-30,5897.89990234375,5953.89990234375,5892.7998046875,5934.39990234375,729000,0.0,0.0
2020-07-01,5934.39990234375,6034.89990234375,5934.39990234375,6032.7001953125,832700,0.0,0.0
2020-07-02,6032.7001953125,6101.39990234375,6021.7001953125,6057.89990234375,645900,0.0,0.0
2020-07-05,6057.89990234375,6078.2998046875,6014.60009765625,6014.60009765625,568300,0.0,0.0
2020-07-06,6014.60009765625,6077.2998046875,6004.2001953125,6012.89990234375,772700,0.0,0.0
2020-07-07,6012.89990234375,6018.39990234375,5920.2998046875,5920.2998046875,777800,0.0,0.0
2020-07-08,5920.2998046875,5998.7998046875,5920.2998046875,5955.5,681300,0.0,0.0
2020-07-09,5955.5,5956.2001953125,5899.5,5919.2001953125,565400,0.0,0.0
2020-07-12,5998.39990234375,6007.39990234375,5919.2001953125,5977.5,666700,0.0,0.0
2020-07-13,5977.5,5977.5,5918.7998046875,5941.10009765625,652800,0.0,0.0
2020-07-14,5941.10009765625,6052.89990234375,5941.10009765625,6052.89990234375,656100,0.0,0.0
2020-07-15,6052.89990234375,6078.0,5989.89990234375,6010.89990234375,676700,0.0,0.0
2020-07-16,6010.89990234375,6042.39990234375,5999.39990234375,6033.60009765625,583200,0.0,0.0
2020-07-19,6033.60009765625,6038.7998046875,5991.89990234375,6001.60009765625,482300,0.0,0.0
2020-07-20,6001.60009765625,6160.60009765625,6001.60009765625,6156.2998046875,695400,0.0,0.0
2020-07-21,6156.2998046875,6156.2998046875,6055.5,6075.10009765625,614600,0.0,0.0
2020-07-22,6075.10009765625,6102.7001953125,6052.10009765625,6094.5,622900,0.0,0.0
2020-07-23,6094.5,6094.5,6010.7001953125,6024.0,547000,0.0,0.0
2020-07-26,6024.0,6044.5,6013.10009765625,6044.2001953125,577100,0.0,0.0
2020-07-27,6044.2001953125,6113.7998046875,6019.7998046875,6020.5,732400,0.0,0.0
2020-07-28,6019.2001953125,6051.10009765625,6000.7001953125,6006.39990234375,675800,0.0,0.0
2020-07-29,6019.39990234375,6067.0,6019.39990234375,6051.10009765625,668700,0.0,0.0
2020-07-30,6051.10009765625,6051.10009765625,5893.2001953125,5927.7998046875,879100,0.0,0.0
2020-08-02,5927.7998046875,5947.10009765625,5860.7001953125,5926.10009765625,739000,0.0,0.0
2020-08-03,5947.10009765625,6059.5,5946.7998046875,6037.60009765625,692300,0.0,0.0
2020-08-04,6031.7001953125,6033.89990234375,5964.89990234375,6001.2998046875,672500,0.0,0.0
2020-08-05,6015.7998046875,6049.2998046875,6009.2998046875,6042.2001953125,696500,0.0,0.0
2020-08-06,6042.2001953125,6042.2001953125,5993.39990234375,6004.7998046875,612500,0.0,0.0
2020-08-09,6004.7998046875,6125.2998046875,6004.7998046875,6110.2001953125,644800,0.0,0.0
2020-08-10,6110.2001953125,6186.10009765625,6110.2001953125,6138.7001953125,726800,0.0,0.0
2020-08-11,6138.7001953125,6154.5,6101.10009765625,6132.0,771900,0.0,0.0
2020-08-12,6132.0,6157.2998046875,6075.7998046875,6091.0,874600,0.0,0.0
2020-08-13,6091.0,6139.10009765625,6091.0,6126.2001953125,734600,0.0,0.0
2020-08-16,6117.5,6118.0,6059.2998046875,6076.39990234375,694400,0.0,0.0
2020-08-17,6076.39990234375,6139.2998046875,6075.60009765625,6123.39990234375,832500,0.0,0.0
2020-08-18,6123.39990234375,6196.60009765625,6122.5,6167.60009765625,883000,0.0,0.0
2020-08-19,6167.60009765625,6167.60009765625,6096.7001953125,6120.0,867100,0.0,0.0
2020-08-20,6120.0,6166.39990234375,6104.7998046875,6111.2001953125,812200,0.0,0.0
2020-08-23,6111.2001953125,6134.7998046875,6094.7001953125,6129.60009765625,793800,0.0,0.0
2020-08-24,6129.60009765625,6199.2001953125,6129.60009765625,6161.39990234375,901000,0.0,0.0
2020-08-25,6160.39990234375,6160.39990234375,6079.7998046875,6116.39990234375,886400,0.0,0.0
2020-08-26,6119.10009765625,6159.7998046875,6117.10009765625,6126.2001953125,824900,0.0,0.0
2020-08-27,6126.2001953125,6126.2001953125,6056.0,6073.7998046875,785300,0.0,0.0
2020-08-30,6073.7998046875,6093.89990234375,6060.5,6060.5,811400,0.0,0.0
2020-08-31,6060.5,6060.5,5908.89990234375,5953.39990234375,885100,0.0,0.0
2020-09-01,5953.39990234375,6075.7001953125,5953.39990234375,6063.2001953125,786400,0.0,0.0
2020-09-02,6063.2001953125,6130.7998046875,6063.2001953125,6112.60009765625,753600,0.0,0.0
2020-09-03,6112.60009765625,6112.60009765625,5918.7998046875,5925.5,761800,0.0,0.0
2020-09-06,5925.5,5958.89990234375,5869.89990234375,5944.7998046875,586600,0.0,0.0
2020-09-07,5944.7998046875,6025.5,5944.7998046875,6007.7998046875,617200,0.0,0.0
2020-09-08,6007.7998046875,6007.7998046875,5849.39990234375,5878.60009765625,818500,0.0,0.0
2020-09-09,5878.60009765625,5955.7001953125,5874.7998046875,5908.5,747500,0.0,0.0
2020-09-10,5908.5,5908.5,5836.2001953125,5859.39990234375,620700,0.0,0.0
2020-09-13,5859.39990234375,5903.2001953125,5859.39990234375,5899.5,619600,0.0,0.0
2020-09-14,5899.5,5919.2001953125,5883.89990234375,5894.7998046875,800600,0.0,0.0
2020-09-15,5894.7998046875,5958.5,5894.7998046875,5956.10009765625,842200,0.0,0.0
2020-09-16,5956.10009765625,5956.5,5883.2001953125,5883.2001953125,916000,0.0,0.0
2020-09-17,5883.2001953125,5921.39990234375,5864.5,5864.5,1513000,0.0,0.0
2020-09-20,5864.5,5868.5,5808.2001953125,5822.60009765625,690900,0.0,0.0
2020-09-21,5822.60009765625,5822.60009765625,5763.2001953125,5784.10009765625,793100,0.0,0.0
2020-09-22,5784.10009765625,5933.2998046875,5784.10009765625,5923.89990234375,831400,0.0,0.0
2020-09-23,5923.89990234375,5923.89990234375,5824.7998046875,5875.89990234375,713000,0.0,0.0
2020-09-24,5875.89990234375,5973.7001953125,5875.89990234375,5964.89990234375,673500,0.0,0.0
2020-09-27,5964.89990234375,5977.2998046875,5941.0,5952.2998046875,579900,0.0,0.0
2020-09-28,5952.2998046875,5995.39990234375,5935.10009765625,5952.10009765625,626000,0.0,0.0
2020-09-29,5952.0,5952.0,5815.89990234375,5815.89990234375,931000,0.0,0.0
2020-09-30,5815.89990234375,5916.5,5815.89990234375,5872.89990234375,610900,0.0,0.0
2020-10-01,5872.89990234375,5872.89990234375,5779.60009765625,5791.5,776300,0.0,0.0
2020-10-04,5791.5,5942.7998046875,5791.5,5941.60009765625,430900,0.0,0.0
2020-10-05,5941.60009765625,5963.89990234375,5912.7001953125,5962.10009765625,626200,0.0,0.0
2020-10-06,5953.10009765625,6043.7998046875,5944.7001953125,6036.39990234375,631200,0.0,0.0
2020-10-07,6036.39990234375,6123.39990234375,6036.39990234375,6102.0,631600,0.0,0.0
2020-10-08,6102.0,6127.39990234375,6087.60009765625,6102.2001953125,564400,0.0,0.0
2020-10-11,6102.2001953125,6132.0,6093.10009765625,6132.0,509800,0.0,0.0
2020-10-12,6132.0,6214.7001953125,6132.0,6195.7001953125,650200,0.0,0.0
2020-10-13,6195.7001953125,6198.39990234375,6174.7001953125,6179.2001953125,651600,0.0,0.0
2020-10-14,6179.2001953125,6233.39990234375,6179.2001953125,6210.2998046875,661400,0.0,0.0
2020-10-15,6208.10009765625,6216.2001953125,6165.0,6176.7998046875,619000,0.0,0.0
2020-10-18,6187.0,6248.2998046875,6184.60009765625,6229.39990234375,496400,0.0,0.0
2020-10-19,6226.5,6241.10009765625,6181.10009765625,6184.60009765625,586500,0.0,0.0
2020-10-20,6187.2998046875,6206.2998046875,6181.2001953125,6191.7998046875,614600,0.0,0.0
2020-10-21,6179.2998046875,6179.7001953125,6100.60009765625,6173.7998046875,720300,0.0,0.0
2020-10-22,6173.7998046875,6184.2001953125,6148.39990234375,6167.0,562600,0.0,0.0
2020-10-25,6167.0,6206.5,6154.7998046875,6155.60009765625,610700,0.0,0.0
2020-10-26,6155.60009765625,6155.60009765625,6033.7998046875,6051.0,713000,0.0,0.0
2020-10-27,6042.7998046875,6075.60009765625,6020.2001953125,6057.7001953125,627100,0.0,0.0
2020-10-28,6032.2001953125,6034.2001953125,5940.0,5960.2998046875,700200,0.0,0.0
2020-10-29,5960.2998046875,5986.60009765625,5927.60009765625,5927.60009765625,871400,0.0,0.0
2020-11-01,5927.60009765625,5960.60009765625,5904.10009765625,5951.2998046875,595000,0.0,0.0
2020-11-02,5951.2998046875,6090.7998046875,5951.2998046875,6066.39990234375,633800,0.0,0.0
2020-11-03,6066.39990234375,6096.39990234375,5986.0,6062.10009765625,677800,0.0,0.0
2020-11-04,6062.10009765625,6143.7001953125,6062.10009765625,6139.60009765625,679200,0.0,0.0
2020-11-05,6139.60009765625,6202.2998046875,6139.60009765625,6190.2001953125,665200,0.0,0.0
2020-11-08,6190.2001953125,6303.10009765625,6190.2001953125,6298.7998046875,600300,0.0,0.0
2020-11-09,6298.7998046875,6438.2001953125,6298.7998046875,6340.5,1254900,0.0,0.0
2020-11-10,6340.5,6451.0,6340.5,6449.7001953125,1025500,0.0,0.0
2020-11-11,6454.7001953125,6470.89990234375,6399.60009765625,6418.2001953125,834400,0.0,0.0
2020-11-12,6418.39990234375,6418.39990234375,6377.60009765625,6405.2001953125,688600,0.0,0.0
2020-11-15,6405.2001953125,6487.2998046875,6405.2001953125,6484.2998046875,40200,0.0,0.0
2020-11-16,6496.2998046875,6527.7001953125,6490.2001953125,6498.2001953125,983100,0.0,0.0
2020-11-17,6498.2001953125,6541.2001953125,6494.7001953125,6531.10009765625,824200,0.0,0.0
2020-11-18,6531.10009765625,6547.2001953125,6498.0,6547.2001953125,701300,0.0,0.0
2020-11-19,6544.0,6562.10009765625,6535.60009765625,6539.2001953125,636700,0.0,0.0
2020-11-22,6539.2001953125,6594.0,6539.2001953125,6561.60009765625,554400,0.0,0.0
2020-11-23,6561.60009765625,6661.39990234375,6561.60009765625,6644.10009765625,811500,0.0,0.0
2020-11-24,6644.10009765625,6713.2998046875,6644.10009765625,6683.2998046875,969700,0.0,0.0
2020-11-25,6683.2998046875,6686.39990234375,6636.39990234375,6636.39990234375,621800,0.0,0.0
2020-11-26,6636.39990234375,6636.39990234375,6587.89990234375,6601.10009765625,491500,0.0,0.0
2020-11-29,6605.5,6641.10009765625,6517.7998046875,6517.7998046875,1118600,0.0,0.0
2020-11-30,6517.2001953125,6613.5,6511.39990234375,6588.5,701800,0.0,0.0
2020-12-01,6588.5,6616.0,6561.5,6590.2001953125,749000,0.0,0.0
2020-12-02,6590.2001953125,6628.2001953125,6590.2001953125,6615.2998046875,699400,0.0,0.0
2020-12-03,6615.2998046875,6650.10009765625,6613.89990234375,6634.10009765625,612100,0.0,0.0
2020-12-06,6634.2998046875,6714.7001953125,6634.2998046875,6675.0,604300,0.0,0.0
2020-12-07,6669.39990234375,6699.39990234375,6658.89990234375,6687.7001953125,656800,0.0,0.0
2020-12-08,6687.7001953125,6745.2998046875,6687.7001953125,6728.5,578600,0.0,0.0
2020-12-09,6728.5,6728.5,6678.2998046875,6683.10009765625,705900,0.0,0.0
2020-12-10,6683.10009765625,6688.2001953125,6632.2998046875,6642.60009765625,688000,0.0,0.0
2020-12-13,6642.60009765625,6693.7001953125,6642.60009765625,6660.2001953125,575600,0.0,0.0
2020-12-14,6654.2001953125,6654.5,6625.7001953125,6631.2998046875,626200,0.0,0.0
2020-12-15,6631.2998046875,6719.60009765625,6631.2998046875,6679.2001953125,652500,0.0,0.0
2020-12-16,6679.2001953125,6756.7001953125,6679.2001953125,6756.7001953125,801300,0.0,0.0
2020-12-17,6757.0,6765.7001953125,6675.5,6675.5,1437000,0.0,0.0
2020-12-20,6675.5,6678.5,6635.7998046875,6669.89990234375,570900,0.0,0.0
2020-12-21,6669.89990234375,6669.89990234375,6585.0,6599.60009765625,536600,0.0,0.0
2020-12-22,6599.60009765625,6661.2001953125,6599.60009765625,6643.10009765625,462500,0.0,0.0
2020-12-23,6643.10009765625,6704.89990234375,6643.10009765625,6664.7998046875,230300,0.0,0.0
2020-12-28,6664.7998046875,6725.10009765625,6664.7998046875,6700.2998046875,330400,0.0,0.0
2020-12-29,6700.2998046875,6700.2998046875,6630.5,6682.39990234375,354200,0.0,0.0
2020-12-30,6682.39990234375,6682.39990234375,6587.10009765625,6587.10009765625,272900,0.0,0.0
2021-01-03,6587.10009765625,6684.2001953125,6587.10009765625,6684.2001953125,381400,0.0,0.0
2021-01-04,6684.2001953125,6684.5,6635.10009765625,6681.89990234375,527200,0.0,0.0
2021-01-05,6681.89990234375,6685.7001953125,6588.89990234375,6607.10009765625,565400,0.0,0.0
2021-01-06,6607.10009765625,6733.39990234375,6607.10009765625,6712.0,621500,0.0,0.0
2021-01-07,6721.0,6757.89990234375,6713.7998046875,6757.89990234375,457200,0.0,0.0
2021-01-10,6757.89990234375,6761.0,6689.39990234375,6697.2001953125,502200,0.0,0.0
2021-01-11,6697.7001953125,6733.5,6679.10009765625,6679.10009765625,503600,0.0,0.0
2021-01-12,6679.10009765625,6691.60009765625,6657.10009765625,6686.60009765625,550300,0.0,0.0
2021-01-13,6686.60009765625,6724.7998046875,6669.2998046875,6715.2998046875,562400,0.0,0.0
2021-01-14,6715.2998046875,6752.39990234375,6715.2998046875,6715.39990234375,593000,0.0,0.0
2021-01-17,6700.89990234375,6702.39990234375,6651.60009765625,6663.0,448200,0.0,0.0
2021-01-18,6670.5,6748.89990234375,6670.5,6742.60009765625,502200,0.0,0.0
2021-01-19,6742.60009765625,6788.10009765625,6742.60009765625,6770.39990234375,529700,0.0,0.0
2021-01-20,6770.39990234375,6829.2998046875,6770.39990234375,6823.7001953125,642300,0.0,0.0
2021-01-21,6823.7001953125,6823.89990234375,6794.10009765625,6800.39990234375,619200,0.0,0.0
2021-01-24,6800.39990234375,6832.60009765625,6800.39990234375,6824.7001953125,381100,0.0,0.0
2021-01-26,6817.5,6821.39990234375,6764.2998046875,6780.60009765625,659600,0.0,0.0
2021-01-27,6780.60009765625,6780.60009765625,6597.60009765625,6649.7001953125,715300,0.0,0.0
2021-01-28,6649.7001953125,6730.2001953125,6585.2998046875,6607.39990234375,728600,0.0,0.0
2021-01-31,6607.39990234375,6675.10009765625,6517.2001953125,6663.0,624800,0.0,0.0
2021-02-01,6663.0,6774.7001953125,6663.0,6762.60009765625,629400,0.0,0.0
2021-02-02,6762.60009765625,6852.89990234375,6762.60009765625,6824.60009765625,706800,0.0,0.0
2021-02-03,6824.60009765625,6828.7001953125,6757.2001953125,6765.5,545500,0.0,0.0
2021-02-04,6779.5,6846.7001953125,6779.5,6840.5,552800,0.0,0.0
2021-02-07,6840.5,6901.0,6840.5,6880.7001953125,492400,0.0,0.0
2021-02-08,6880.7001953125,6899.7001953125,6821.2001953125,6821.2001953125,578400,0.0,0.0
2021-02-09,6821.2001953125,6869.2001953125,6821.2001953125,6856.89990234375,515600,0.0,0.0
2021-02-10,6856.89990234375,6875.7998046875,6837.5,6850.10009765625,528800,0.0,0.0
2021-02-11,6850.10009765625,6852.7998046875,6802.39990234375,6806.7001953125,431800,0.0,0.0
2021-02-14,6806.7001953125,6883.10009765625,6806.7001953125,6868.89990234375,499000,0.0,0.0
2021-02-15,6868.89990234375,6917.2998046875,6868.89990234375,6917.2998046875,616300,0.0,0.0
2021-02-16,6917.2998046875,6938.0,6863.0,6885.2001953125,776500,0.0,0.0
2021-02-17,6885.2001953125,6915.7998046875,6875.2998046875,6885.89990234375,753400,0.0,0.0
2021-02-18,6885.89990234375,6886.7001953125,6769.89990234375,6793.7998046875,701400,0.0,0.0
2021-02-21,6808.2998046875,6824.7998046875,6774.2998046875,6780.89990234375,653200,0.0,0.0
2021-02-22,6776.2998046875,6839.2001953125,6765.2998046875,6839.2001953125,806200,0.0,0.0
2021-02-23,6839.2001953125,6839.2001953125,6762.60009765625,6777.7998046875,677300,0.0,0.0
2021-02-24,6793.10009765625,6857.2998046875,6792.10009765625,6834.0,806700,0.0,0.0
2021-02-25,6792.60009765625,6793.89990234375,6658.89990234375,6673.2998046875,1032700,0.0,0.0
2021-02-28,6673.2998046875,6790.10009765625,6672.2001953125,6789.60009765625,734300,0.0,0.0
2021-03-01,6789.60009765625,6860.7001953125,6762.2998046875,6762.2998046875,739300,0.0,0.0
2021-03-02,6778.5,6818.7998046875,6774.39990234375,6818.0,591200,0.0,0.0
2021-03-03,6809.0,6809.39990234375,6709.0,6760.7001953125,737500,0.0,0.0
2021-03-04,6760.7001953125,6760.7001953125,6660.5,6710.7998046875,702400,0.0,0.0
2021-03-07,6741.7998046875,6835.60009765625,6739.60009765625,6739.60009765625,609600,0.0,0.0
2021-03-08,6741.7001953125,6810.0,6741.7001953125,6771.2001953125,733600,0.0,0.0
2021-03-09,6776.10009765625,6806.5,6714.10009765625,6714.10009765625,619800,0.0,0.0
2021-03-10,6711.60009765625,6756.7001953125,6648.60009765625,6713.89990234375,665900,0.0,0.0
2021-03-11,6736.89990234375,6783.0,6736.60009765625,6766.7998046875,468300,0.0,0.0
2021-03-14,6765.2998046875,6793.5,6727.5,6773.0,484500,0.0,0.0
2021-03-15,6773.0,6858.89990234375,6767.7998046875,6827.10009765625,587100,0.0,0.0
2021-03-16,6827.10009765625,6827.10009765625,6761.39990234375,6795.2001953125,603800,0.0,0.0
2021-03-17,6795.2001953125,6806.2001953125,6744.5,6745.89990234375,715600,0.0,0.0
2021-03-18,6731.7998046875,6740.89990234375,6673.7001953125,6708.2001953125,1245600,0.0,0.0
2021-03-21,6708.0,6763.39990234375,6688.2001953125,6752.5,472000,0.0,0.0
2021-03-22,6757.7998046875,6786.2001953125,6741.2998046875,6745.39990234375,518800,0.0,0.0
2021-03-23,6741.7998046875,6799.10009765625,6735.60009765625,6778.7998046875,503000,0.0,0.0
2021-03-24,6772.7998046875,6806.0,6769.89990234375,6790.60009765625,557700,0.0,0.0
2021-03-25,6790.60009765625,6835.0,6790.60009765625,6824.2001953125,571500,0.0,0.0
2021-03-28,6824.2001953125,6860.60009765625,6794.10009765625,6799.5,502100,0.0,0.0
2021-03-29,6807.0,6836.2998046875,6738.39990234375,6738.39990234375,513800,0.0,0.0
2021-03-30,6756.39990234375,6862.60009765625,6755.0,6790.7001953125,717600,0.0,0.0
2021-03-31,6800.7001953125,6830.39990234375,6783.2998046875,6828.7001953125,473200,0.0,0.0
2021-04-05,6848.39990234375,6915.7001953125,6848.39990234375,6885.89990234375,517500,0.0,0.0
2021-04-06,6890.0,6933.89990234375,6889.39990234375,6928.0,612700,0.0,0.0
2021-04-07,6941.60009765625,7012.39990234375,6941.60009765625,6998.7998046875,543900,0.0,0.0
2021-04-08,6996.89990234375,6998.2998046875,6965.5,6995.2001953125,425900,0.0,0.0
2021-04-11,6996.7001953125,6996.7001953125,6957.39990234375,6974.0,405100,0.0,0.0
2021-04-12,6975.2998046875,6998.0,6962.89990234375,6976.89990234375,507300,0.0,0.0
2021-04-13,6983.7001953125,7027.39990234375,6980.10009765625,7023.10009765625,576400,0.0,0.0
2021-04-14,7033.5,7071.5,6988.60009765625,7058.60009765625,686700,0.0,0.0
2021-04-15,7063.60009765625,7066.39990234375,7030.10009765625,7063.5,627000,0.0,0.0
2021-04-18,7069.0,7094.7998046875,7065.60009765625,7065.60009765625,473500,0.0,0.0
2021-04-19,7067.2001953125,7067.2001953125,7008.7998046875,7017.7998046875,554600,0.0,0.0
2021-04-20,6998.2998046875,7000.5,6905.39990234375,6997.5,689100,0.0,0.0
2021-04-21,7005.5,7055.39990234375,6993.7001953125,7055.39990234375,664000,0.0,0.0
2021-04-22,7043.7998046875,7060.7001953125,7036.7998046875,7060.7001953125,485400,0.0,0.0
2021-04-25,7071.0,7075.2001953125,7045.60009765625,7045.60009765625,427500,0.0,0.0
2021-04-26,7053.2998046875,7053.2998046875,7005.89990234375,7033.7998046875,596300,0.0,0.0
2021-04-27,7030.5,7077.5,7028.60009765625,7064.7001953125,620700,0.0,0.0
2021-04-28,7075.2001953125,7096.89990234375,7069.0,7082.2998046875,634900,0.0,0.0
2021-04-29,7075.5,7075.5,7012.7998046875,7025.7998046875,615500,0.0,0.0
2021-05-02,7022.0,7068.39990234375,7022.0,7028.7998046875,468200,0.0,0.0
2021-05-03,7039.7998046875,7069.5,7034.7998046875,7067.89990234375,484100,0.0,0.0
2021-05-04,7068.10009765625,7122.0,7054.0,7095.7998046875,510200,0.0,0.0
2021-05-05,7107.2998046875,7112.5,7042.7001953125,7061.7001953125,624500,0.0,0.0
2021-05-06,7068.2001953125,7101.2001953125,7054.10009765625,7080.7998046875,532200,0.0,0.0
2021-05-09,7076.10009765625,7172.7998046875,7076.10009765625,7172.7998046875,588400,0.0,0.0
2021-05-10,7164.7001953125,7165.2001953125,7078.0,7097.0,558900,0.0,0.0
2021-05-11,7093.39990234375,7093.39990234375,7006.60009765625,7044.89990234375,644600,0.0,0.0
2021-05-12,7038.7998046875,7040.0,6966.5,6982.7001953125,616800,0.0,0.0
2021-05-13,6996.2998046875,7055.7001953125,6996.2998046875,7014.2001953125,521000,0.0,0.0
2021-05-16,7027.7998046875,7065.7001953125,7023.60009765625,7023.60009765625,453200,0.0,0.0
2021-05-17,7037.89990234375,7083.60009765625,7036.60009765625,7066.0,524900,0.0,0.0
2021-05-18,7048.39990234375,7049.2001953125,6917.2998046875,6931.7001953125,702200,0.0,0.0
2021-05-19,6919.39990234375,7025.39990234375,6919.39990234375,7019.60009765625,664400,0.0,0.0
2021-05-20,7019.7998046875,7056.39990234375,6999.60009765625,7030.2998046875,589800,0.0,0.0
2021-05-23,7026.10009765625,7061.89990234375,7015.5,7045.89990234375,456000,0.0,0.0
2021-05-24,7053.2001953125,7115.2001953125,7053.2001953125,7115.2001953125,483400,0.0,0.0
2021-05-25,7105.0,7136.39990234375,7090.10009765625,7092.5,518000,0.0,0.0
2021-05-26,7099.89990234375,7118.89990234375,7082.39990234375,7094.89990234375,1395500,0.0,0.0
2021-05-27,7115.2998046875,7186.7998046875,7114.60009765625,7179.5,606900,0.0,0.0
2021-05-30,7185.0,7203.2998046875,7157.2001953125,7161.60009765625,499800,0.0,0.0
2021-05-31,7162.7998046875,7163.0,7117.5,7142.60009765625,414800,0.0,0.0
2021-06-01,7161.89990234375,7218.89990234375,7159.7998046875,7217.7998046875,569800,0.0,0.0
2021-06-02,7221.7001953125,7281.7998046875,7221.2998046875,7260.10009765625,592800,0.0,0.0
2021-06-03,7251.2001953125,7300.5,7244.2998046875,7295.39990234375,645700,0.0,0.0
2021-06-06,7305.0,7309.39990234375,7269.39990234375,7281.89990234375,471200,0.0,0.0
2021-06-07,7275.2001953125,7315.60009765625,7267.60009765625,7292.60009765625,504200,0.0,0.0
2021-06-08,7300.2001953125,7334.89990234375,7270.2001953125,7270.2001953125,567100,0.0,0.0
2021-06-09,7265.60009765625,7314.60009765625,7265.60009765625,7302.5,595500,0.0,0.0
2021-06-10,7305.7998046875,7329.7001953125,7274.7998046875,7312.2998046875,556900,0.0,0.0
2021-06-14,7319.5,7398.60009765625,7319.0,7379.5,613700,0.0,0.0
2021-06-15,7373.0,7406.2001953125,7372.39990234375,7386.2001953125,659600,0.0,0.0
2021-06-16,7384.5,7384.5,7341.89990234375,7359.0,772100,0.0,0.0
2021-06-17,7347.2001953125,7403.2001953125,7334.89990234375,7368.89990234375,1225100,0.0,0.0
2021-06-20,7347.10009765625,7347.10009765625,7216.60009765625,7235.2998046875,607400,0.0,0.0
2021-06-21,7258.2001953125,7365.89990234375,7258.2001953125,7342.2001953125,573100,0.0,0.0
2021-06-22,7342.7001953125,7344.0,7292.89990234375,7298.5,554000,0.0,0.0
2021-06-23,7303.2998046875,7303.7998046875,7256.2998046875,7275.2998046875,583500,0.0,0.0
2021-06-24,7288.2998046875,7325.60009765625,7287.60009765625,7308.0,589900,0.0,0.0
2021-06-27,7309.5,7310.60009765625,7273.7001953125,7307.2998046875,515600,0.0,0.0
2021-06-28,7308.0,7308.0,7241.5,7301.2001953125,514700,0.0,0.0
2021-06-29,7307.39990234375,7370.10009765625,7307.0,7313.0,675200,0.0,0.0
2021-06-30,7314.7001953125,7317.2001953125,7265.60009765625,7265.60009765625,573300,0.0,0.0
2021-07-01,7273.2001953125,7312.2998046875,7271.0,7308.60009765625,501000,0.0,0.0
2021-07-04,7310.5,7343.7001953125,7306.7001953125,7315.0,548300,0.0,0.0
2021-07-05,7321.0,7346.2001953125,7261.7998046875,7261.7998046875,552700,0.0,0.0
2021-07-06,7255.5,7332.39990234375,7255.5,7326.89990234375,705200,0.0,0.0
2021-07-07,7338.2998046875,7381.89990234375,7327.0,7341.39990234375,574000,0.0,0.0
2021-07-08,7330.2998046875,7330.39990234375,7226.0,7251.7998046875,621900,0.0,0.0
2021-07-11,7299.5,7353.39990234375,7299.5,7333.5,471300,0.0,0.0
2021-07-12,7340.60009765625,7382.2001953125,7332.10009765625,7332.10009765625,616700,0.0,0.0
2021-07-13,7328.39990234375,7368.5,7326.5,7354.7001953125,561300,0.0,0.0
2021-07-14,7359.7998046875,7365.7001953125,7322.89990234375,7335.89990234375,643700,0.0,0.0
2021-07-15,7330.39990234375,7348.10009765625,7316.2998046875,7348.10009765625,592100,0.0,0.0
2021-07-18,7325.0,7325.0,7249.2001953125,7286.0,496400,0.0,0.0
2021-07-19,7286.0,7286.0,7205.0,7252.2001953125,644600,0.0,0.0
2021-07-20,7252.2001953125,7354.7998046875,7252.2001953125,7308.7001953125,581300,0.0,0.0
2021-07-21,7308.7001953125,7386.39990234375,7308.7001953125,7386.39990234375,0,0.0,0.0
2021-07-22,7380.5,7398.7001953125,7357.0,7394.39990234375,493600,0.0,0.0
2021-07-25,7394.39990234375,7417.60009765625,7389.2998046875,7394.2998046875,548100,0.0,0.0
2021-07-26,7411.39990234375,7447.89990234375,7409.5,7431.39990234375,559600,0.0,0.0
2021-07-27,7425.39990234375,7432.39990234375,7368.2998046875,7379.2998046875,586000,0.0,0.0
2021-07-28,7400.5,7418.7001953125,7392.5,7417.39990234375,515000,0.0,0.0
2021-07-29,7423.0,7437.7001953125,7387.89990234375,7392.60009765625,632500,0.0,0.0
2021-08-01,7415.89990234375,7506.2998046875,7414.89990234375,7491.39990234375,576300,0.0,0.0
2021-08-02,7495.7001953125,7495.89990234375,7455.5,7474.5,623300,0.0,0.0
2021-08-03,7485.60009765625,7509.2001953125,7477.60009765625,7503.2001953125,499700,0.0,0.0
2021-08-04,7498.2998046875,7526.39990234375,7493.0,7511.10009765625,510300,0.0,0.0
2021-08-05,7502.7998046875,7538.39990234375,7497.2998046875,7538.39990234375,539400,0.0,0.0
2021-08-08,7537.7998046875,7567.0,7532.7998046875,7538.39990234375,526800,0.0,0.0
2021-08-09,7549.39990234375,7576.2998046875,7537.10009765625,7562.60009765625,525100,0.0,0.0
2021-08-10,7574.89990234375,7615.10009765625,7572.7001953125,7584.2998046875,643200,0.0,0.0
2021-08-11,7590.0,7608.60009765625,7571.5,7588.2001953125,627800,0.0,0.0
2021-08-12,7585.89990234375,7632.7998046875,7585.89990234375,7628.89990234375,605000,0.0,0.0
2021-08-15,7629.0,7629.0,7582.5,7582.5,647000,0.0,0.0
2021-08-16,7582.5,7582.5,7494.39990234375,7511.0,559100,0.0,0.0
2021-08-17,7511.0,7532.89990234375,7470.5,7502.10009765625,653500,0.0,0.0
2021-08-18,7502.10009765625,7502.10009765625,7429.2001953125,7464.60009765625,747600,0.0,0.0
2021-08-19,7464.60009765625,7512.0,7453.60009765625,7460.89990234375,712700,0.0,0.0
2021-08-22,7474.39990234375,7496.2998046875,7463.2998046875,7489.89990234375,617300,0.0,0.0
2021-08-23,7489.89990234375,7524.39990234375,7489.89990234375,7503.0,685500,0.0,0.0
2021-08-24,7507.7998046875,7542.39990234375,7507.7998046875,7531.89990234375,710500,0.0,0.0
2021-08-25,7531.89990234375,7531.89990234375,7477.7998046875,7491.2001953125,771800,0.0,0.0
2021-08-26,7491.2001953125,7494.5,7465.0,7488.2998046875,756500,0.0,0.0
2021-08-29,7488.2998046875,7528.2998046875,7476.0,7504.5,648100,0.0,0.0
2021-08-30,7507.0,7555.89990234375,7507.0,7534.89990234375,805800,0.0,0.0
2021-08-31,7524.7998046875,7527.7998046875,7462.2001953125,7527.10009765625,618500,0.0,0.0
2021-09-01,7497.89990234375,7509.60009765625,7437.2001953125,7485.7001953125,631400,0.0,0.0
2021-09-02,7486.0,7539.0,7486.0,7522.89990234375,586700,0.0,0.0
2021-09-05,7521.2001953125,7528.5,7440.10009765625,7528.5,807600,0.0,0.0
2021-09-06,7526.5,7536.89990234375,7487.7998046875,7530.2998046875,591500,0.0,0.0
2021-09-07,7520.39990234375,7522.2001953125,7476.2998046875,7512.0,688900,0.0,0.0
2021-09-08,7502.2998046875,7503.60009765625,7344.2998046875,7369.5,740200,0.0,0.0
2021-09-09,7376.5,7430.0,7376.5,7406.60009765625,599100,0.0,0.0
2021-09-12,7405.7998046875,7436.7998046875,7389.39990234375,7425.2001953125,591700,0.0,0.0
2021-09-13,7423.5,7446.0,7388.89990234375,7437.2998046875,810700,0.0,0.0
2021-09-14,7423.5,7431.0,7378.89990234375,7417.0,783000,0.0,0.0
2021-09-15,7428.2001953125,7487.60009765625,7428.2001953125,7460.2001953125,908900,0.0,0.0
2021-09-16,7447.0,7447.0,7376.10009765625,7403.7001953125,1611600,0.0,0.0
2021-09-19,7390.39990234375,7390.39990234375,7233.60009765625,7248.2001953125,721100,0.0,0.0
2021-09-20,7237.7001953125,7285.89990234375,7191.7001953125,7273.7998046875,740300,0.0,0.0
2021-09-21,7269.7001953125,7338.60009765625,7241.7998046875,7296.89990234375,663800,0.0,0.0
2021-09-22,7310.39990234375,7387.0,7309.2998046875,7370.2001953125,696700,0.0,0.0
2021-09-23,7374.39990234375,7377.0,7334.2001953125,7342.60009765625,666300,0.0,0.0
2021-09-26,7347.2998046875,7416.39990234375,7347.2998046875,7384.2001953125,630600,0.0,0.0
2021-09-27,7380.89990234375,7380.89990234375,7275.60009765625,7275.60009765625,753700,0.0,0.0
2021-09-28,7253.10009765625,7254.0,7145.7001953125,7196.7001953125,850900,0.0,0.0
2021-09-29,7204.10009765625,7332.2001953125,7204.10009765625,7332.2001953125,801800,0.0,0.0
2021-09-30,7310.7001953125,7310.7001953125,7157.89990234375,7185.5,785100,0.0,0.0
2021-10-03,7202.2998046875,7305.89990234375,7202.10009765625,7278.5,464100,0.0,0.0
2021-10-04,7266.89990234375,7269.5,7202.7001953125,7248.39990234375,735900,0.0,0.0
2021-10-05,7258.39990234375,7279.39990234375,7183.5,7206.5,726900,0.0,0.0
2021-10-06,7216.89990234375,7265.2001953125,7216.10009765625,7256.7001953125,716300,0.0,0.0
2021-10-07,7272.7998046875,7322.0,7266.7001953125,7320.10009765625,622200,0.0,0.0
2021-10-10,7314.2998046875,7314.2998046875,7250.0,7299.7998046875,613000,0.0,0.0
2021-10-11,7297.89990234375,7330.39990234375,7260.39990234375,7280.7001953125,669100,0.0,0.0
2021-10-12,7281.7998046875,7294.0,7256.2998046875,7272.5,589800,0.0,0.0
2021-10-13,7281.10009765625,7358.60009765625,7281.10009765625,7311.7001953125,648100,0.0,0.0
2021-10-14,7329.5,7373.2001953125,7324.7998046875,7362.0,565800,0.0,0.0
2021-10-17,7366.7001953125,7393.7998046875,7354.10009765625,7381.10009765625,562500,0.0,0.0
2021-10-18,7382.10009765625,7406.89990234375,7373.7998046875,7374.89990234375,583000,0.0,0.0
2021-10-19,7387.89990234375,7449.5,7387.2998046875,7413.7001953125,746800,0.0,0.0
2021-10-20,7426.2998046875,7446.7001953125,7403.7001953125,7415.39990234375,751000,0.0,0.0
2021-10-21,7407.0,7431.39990234375,7391.2998046875,7415.5,638400,0.0,0.0
2021-10-24,7418.89990234375,7471.7001953125,7415.7998046875,7441.0,464100,0.0,0.0
2021-10-25,7449.2998046875,7471.2998046875,7439.2001953125,7443.39990234375,516100,0.0,0.0
2021-10-26,7440.60009765625,7473.89990234375,7419.7001953125,7448.7001953125,596700,0.0,0.0
2021-10-27,7440.39990234375,7444.60009765625,7404.60009765625,7430.39990234375,578200,0.0,0.0
2021-10-28,7437.89990234375,7447.0,7318.7998046875,7323.7001953125,695900,0.0,0.0
2021-10-31,7332.5,7388.2998046875,7325.60009765625,7370.7998046875,612000,0.0,0.0
2021-11-01,7371.5,7395.89990234375,7311.60009765625,7324.2998046875,491500,0.0,0.0
2021-11-02,7338.5,7431.60009765625,7336.89990234375,7392.7001953125,587800,0.0,0.0
2021-11-03,7401.7001953125,7428.0,7398.39990234375,7428.0,658100,0.0,0.0
2021-11-04,7425.89990234375,7477.2001953125,7424.39990234375,7456.89990234375,568000,0.0,0.0
2021-11-07,7453.10009765625,7474.2998046875,7433.39990234375,7452.2001953125,581100,0.0,0.0
2021-11-08,7459.0,7468.60009765625,7434.2001953125,7434.2001953125,609600,0.0,0.0
2021-11-09,7429.7998046875,7460.5,7411.89990234375,7423.89990234375,549100,0.0,0.0
2021-11-10,7420.60009765625,7423.7998046875,7329.5,7381.89990234375,601100,0.0,0.0
2021-11-11,7394.7998046875,7465.7998046875,7394.0,7443.0,572700,0.0,0.0
2021-11-14,7439.39990234375,7479.10009765625,7437.89990234375,7470.10009765625,499100,0.0,0.0
2021-11-15,7458.7001953125,7459.89990234375,7403.5,7420.39990234375,626100,0.0,0.0
2021-11-16,7418.7001953125,7431.10009765625,7342.89990234375,7369.89990234375,626100,0.0,0.0
2021-11-17,7368.7001953125,7398.2001953125,7343.7998046875,7379.2001953125,633700,0.0,0.0
2021-11-18,7376.0,7404.89990234375,7376.0,7396.5,525300,0.0,0.0
2021-11-21,7396.5,7396.5,7337.0,7353.10009765625,486300,0.0,0.0
2021-11-22,7353.10009765625,7416.60009765625,7353.10009765625,7410.60009765625,606300,0.0,0.0
2021-11-23,7410.60009765625,7425.0,7381.7998046875,7399.39990234375,595300,0.0,0.0
2021-11-24,7406.10009765625,7412.7001953125,7373.7001953125,7407.2998046875,597800,0.0,0.0
2021-11-25,7403.7998046875,7403.7998046875,7260.2998046875,7279.2998046875,577200,0.0,0.0
2021-11-28,7260.5,7276.2998046875,7180.2998046875,7239.7998046875,817900,0.0,0.0
2021-11-29,7255.2001953125,7332.60009765625,7254.7001953125,7256.0,1119400,0.0,0.0
2021-11-30,7251.89990234375,7262.2998046875,7183.39990234375,7235.89990234375,654000,0.0,0.0
2021-12-01,7217.5,7239.7001953125,7168.89990234375,7225.2001953125,652400,0.0,0.0
2021-12-02,7241.2998046875,7288.2001953125,7211.5,7241.2001953125,631400,0.0,0.0
2021-12-05,7222.7998046875,7257.89990234375,7207.7998046875,7245.10009765625,650400,0.0,0.0
2021-12-06,7255.7001953125,7326.10009765625,7252.7998046875,7313.89990234375,601700,0.0,0.0
2021-12-07,7334.60009765625,7443.39990234375,7334.5,7405.39990234375,675500,0.0,0.0
2021-12-08,7396.7998046875,7418.2998046875,7377.7001953125,7384.5,542200,0.0,0.0
2021-12-09,7376.2001953125,7376.2001953125,7336.7001953125,7353.5,599500,0.0,0.0
2021-12-12,7359.60009765625,7417.7001953125,7359.39990234375,7379.2998046875,452100,0.0,0.0
2021-12-13,7368.89990234375,7393.5,7341.2998046875,7378.39990234375,581400,0.0,0.0
2021-12-14,7374.2998046875,7375.39990234375,7325.7001953125,7327.10009765625,514700,0.0,0.0
2021-12-15,7332.7001953125,7334.5,7277.10009765625,7295.7001953125,787400,0.0,0.0
2021-12-16,7298.39990234375,7350.2998046875,7297.5,7304.0,1220600,0.0,0.0
2021-12-19,7299.39990234375,7302.7001953125,7257.7998046875,7292.2001953125,537700,0.0,0.0
2021-12-20,7287.2998046875,7358.2998046875,7287.2998046875,7355.0,571400,0.0,0.0
2021-12-21,7361.89990234375,7374.5,7333.0,7364.7998046875,539800,0.0,0.0
2021-12-22,7365.10009765625,7404.2001953125,7363.60009765625,7387.60009765625,390000,0.0,0.0
2021-12-23,7387.60009765625,7435.89990234375,7387.60009765625,7420.2998046875,230000,0.0,0.0
2021-12-28,7427.10009765625,7518.39990234375,7426.2998046875,7509.7998046875,428600,0.0,0.0
2021-12-29,7512.2001953125,7520.60009765625,7499.5,7513.39990234375,365300,0.0,0.0
2021-12-30,7515.2998046875,7515.2998046875,7444.60009765625,7444.60009765625,272400,0.0,0.0
2022-01-03,7456.2001953125,7594.7001953125,7456.10009765625,7589.7998046875,491700,0.0,0.0
2022-01-04,7591.39990234375,7620.2001953125,7563.39990234375,7565.7998046875,472300,0.0,0.0
2022-01-05,7550.5,7551.39990234375,7340.39990234375,7358.2998046875,623900,0.0,0.0
2022-01-06,7377.10009765625,7484.60009765625,7376.7998046875,7453.2998046875,469100,0.0,0.0
2022-01-09,7460.2001953125,7460.2001953125,7409.89990234375,7447.10009765625,410100,0.0,0.0
2022-01-10,7439.2998046875,7440.7001953125,7376.7998046875,7390.10009765625,549600,0.0,0.0
2022-01-11,7403.7001953125,7467.5,7403.7001953125,7438.89990234375,569400,0.0,0.0
2022-01-12,7449.7001953125,7487.2998046875,7448.89990234375,7474.39990234375,605200,0.0,0.0
2022-01-13,7457.2998046875,7458.5,7386.7998046875,7393.89990234375,620000,0.0,0.0
2022-01-16,7395.2001953125,7429.2998046875,7385.7998046875,7417.2998046875,472800,0.0,0.0
2022-01-17,7424.39990234375,7445.10009765625,7398.2001953125,7408.7998046875,549300,0.0,0.0
2022-01-18,7398.7001953125,7398.7001953125,7325.7001953125,7332.5,697400,0.0,0.0
2022-01-19,7333.7998046875,7354.60009765625,7298.5,7342.39990234375,684500,0.0,0.0
2022-01-20,7320.60009765625,7320.7001953125,7153.2998046875,7175.7998046875,911000,0.0,0.0
2022-01-23,7173.7001953125,7173.7001953125,7086.7998046875,7139.5,760500,0.0,0.0
2022-01-24,7129.89990234375,7129.89990234375,6920.7001953125,6961.60009765625,1101100,0.0,0.0
2022-01-26,6971.10009765625,7042.7998046875,6758.2001953125,6838.2998046875,1178700,0.0,0.0
2022-01-27,6865.39990234375,7000.0,6837.89990234375,6988.10009765625,2091100,0.0,0.0
2022-01-30,6967.89990234375,7004.39990234375,6932.7001953125,6971.60009765625,759100,0.0,0.0
2022-01-31,6958.2998046875,7043.60009765625,6945.7001953125,7006.0,685800,0.0,0.0
2022-02-01,7031.2001953125,7107.2001953125,7022.89990234375,7087.7001953125,643500,0.0,0.0
2022-02-02,7095.10009765625,7095.10009765625,7045.7998046875,7078.0,628800,0.0,0.0
2022-02-03,7058.5,7120.2001953125,7045.89990234375,7120.2001953125,833700,0.0,0.0
2022-02-06,7113.7998046875,7128.2998046875,7046.5,7110.7998046875,617900,0.0,0.0
2022-02-07,7120.39990234375,7203.0,7116.39990234375,7186.7001953125,771000,0.0,0.0
2022-02-08,7187.7001953125,7268.2998046875,7183.0,7268.2998046875,978700,0.0,0.0
2022-02-09,7261.7998046875,7336.60009765625,7260.7998046875,7288.5,873700,0.0,0.0
2022-02-10,7293.7001953125,7294.39990234375,7191.7998046875,7217.2998046875,629400,0.0,0.0
2022-02-13,7201.2998046875,7263.60009765625,7181.7001953125,7243.89990234375,749300,0.0,0.0
2022-02-14,7251.39990234375,7251.39990234375,7198.0,7206.89990234375,730100,0.0,0.0
2022-02-15,7201.2001953125,7284.89990234375,7201.0,7284.89990234375,796100,0.0,0.0
2022-02-16,7295.7001953125,7356.7998046875,7282.2998046875,7296.2001953125,846600,0.0,0.0
2022-02-17,7278.2001953125,7278.60009765625,7201.89990234375,7221.7001953125,764000,0.0,0.0
2022-02-20,7220.39990234375,7248.7998046875,7156.2998046875,7233.60009765625,712000,0.0,0.0
2022-02-21,7219.7998046875,7222.7998046875,7108.7998046875,7161.2998046875,863800,0.0,0.0
2022-02-22,7159.39990234375,7205.7001953125,7145.39990234375,7205.7001953125,788400,0.0,0.0
2022-02-23,7152.89990234375,7152.89990234375,6959.2998046875,6990.60009765625,1109300,0.0,0.0
2022-02-24,7000.10009765625,7045.60009765625,6974.89990234375,6997.7998046875,888800,0.0,0.0
2022-02-27,7022.2001953125,7049.60009765625,6979.39990234375,7049.10009765625,1007600,0.0,0.0
2022-02-28,7061.0,7159.89990234375,7059.60009765625,7096.5,812800,0.0,0.0
2022-03-01,7098.7001953125,7121.5,7041.89990234375,7116.7001953125,941000,0.0,0.0
2022-03-02,7152.2998046875,7198.10009765625,7151.39990234375,7151.39990234375,856200,0.0,0.0
2022-03-03,7147.5,7147.5,7025.2001953125,7110.7998046875,972300,0.0,0.0
2022-03-06,7117.89990234375,7133.7001953125,7010.5,7038.60009765625,1017400,0.0,0.0
2022-03-07,7027.5,7053.5,6980.2998046875,6980.2998046875,973800,0.0,0.0
2022-03-08,6969.7998046875,7072.0,6968.89990234375,7053.0,1042400,0.0,0.0
2022-03-09,7039.7001953125,7161.0,7039.7001953125,7130.7998046875,1011400,0.0,0.0
2022-03-10,7137.89990234375,7151.39990234375,7051.2001953125,7063.60009765625,816800,0.0,0.0
2022-03-13,7069.7998046875,7149.39990234375,7069.7998046875,7149.39990234375,610100,0.0,0.0
2022-03-14,7121.10009765625,7121.10009765625,7080.7001953125,7097.39990234375,789000,0.0,0.0
2022-03-15,7100.5,7180.2001953125,7100.2998046875,7175.2001953125,704800,0.0,0.0
2022-03-16,7204.5,7296.7998046875,7203.89990234375,7250.7998046875,840800,0.0,0.0
2022-03-17,7260.0,7294.39990234375,7245.89990234375,7294.39990234375,1543800,0.0,0.0
2022-03-20,7303.10009765625,7350.39990234375,7278.5,7278.5,563700,0.0,0.0
2022-03-21,7313.39990234375,7377.2998046875,7312.10009765625,7341.10009765625,661000,0.0,0.0
2022-03-22,7330.0,7386.89990234375,7329.7998046875,7377.89990234375,579400,0.0,0.0
2022-03-23,7377.5,7399.39990234375,7356.2001953125,7387.10009765625,648900,0.0,0.0
2022-03-24,7387.10009765625,7431.2998046875,7387.10009765625,7406.2001953125,679600,0.0,0.0
2022-03-27,7417.7998046875,7446.7001953125,7412.39990234375,7412.39990234375,567000,0.0,0.0
2022-03-28,7409.89990234375,7480.89990234375,7409.89990234375,7464.2998046875,651300,0.0,0.0
2022-03-29,7468.2998046875,7533.10009765625,7468.2998046875,7514.5,713400,0.0,0.0
2022-03-30,7549.39990234375,7556.60009765625,7499.60009765625,7499.60009765625,825600,0.0,0.0
2022-03-31,7509.7001953125,7514.0,7476.7001953125,7493.7998046875,653800,0.0,0.0
2022-04-03,7508.0,7536.7998046875,7508.0,7513.7001953125,572300,0.0,0.0
2022-04-04,7509.2998046875,7573.39990234375,7509.2998046875,7527.89990234375,606200,0.0,0.0
2022-04-05,7504.0,7504.0,7437.5,7490.10009765625,713800,0.0,0.0
2022-04-06,7482.2998046875,7482.2998046875,7437.60009765625,7442.7998046875,644400,0.0,0.0
2022-04-07,7456.2001953125,7492.2998046875,7453.7998046875,7478.0,610100,0.0,0.0
2022-04-10,7488.7001953125,7524.89990234375,7471.2998046875,7485.2001953125,552400,0.0,0.0
2022-04-11,7474.60009765625,7484.0,7430.7998046875,7454.0,579000,0.0,0.0
2022-04-12,7461.5,7489.0,7459.89990234375,7479.0,646900,0.0,0.0
2022-04-13,7489.39990234375,7529.2001953125,7485.60009765625,7523.39990234375,683800,0.0,0.0
2022-04-18,7523.5,7584.89990234375,7523.5,7565.2001953125,585900,0.0,0.0
2022-04-19,7564.10009765625,7624.7998046875,7564.10009765625,7569.2001953125,640300,0.0,0.0
2022-04-20,7563.0,7604.7001953125,7560.60009765625,7592.7998046875,602200,0.0,0.0
2022-04-21,7546.2001953125,7546.2001953125,7455.0,7473.2998046875,749700,0.0,0.0
2022-04-25,7410.0,7413.2998046875,7290.7998046875,7318.0,847100,0.0,0.0
2022-04-26,7300.10009765625,7302.2001953125,7233.2998046875,7261.2001953125,827000,0.0,0.0
2022-04-27,7303.0,7356.89990234375,7298.10009765625,7356.89990234375,729400,0.0,0.0
2022-04-28,7360.7001953125,7435.0,7360.5,7435.0,748500,0.0,0.0
2022-05-01,7422.0,7423.2001953125,7301.60009765625,7347.0,565000,0.0,0.0
2022-05-02,7344.5,7355.2001953125,7299.2998046875,7316.2001953125,580700,0.0,0.0
2022-05-03,7332.7001953125,7366.7998046875,7299.89990234375,7304.7001953125,726500,0.0,0.0
2022-05-04,7320.7001953125,7369.10009765625,7313.5,7364.7001953125,808200,0.0,0.0
2022-05-05,7333.60009765625,7334.7998046875,7161.39990234375,7205.60009765625,861000,0.0,0.0
2022-05-08,7181.5,7184.5,7092.2998046875,7120.7001953125,692300,0.0,0.0
2022-05-09,7080.89990234375,7080.89990234375,6939.5,7051.2001953125,939400,0.0,0.0
2022-05-10,7047.60009765625,7064.7001953125,6991.7998046875,7064.7001953125,702400,0.0,0.0
2022-05-11,7062.89990234375,7063.39990234375,6930.2001953125,6941.0,801700,0.0,0.0
2022-05-12,6946.89990234375,7075.10009765625,6946.89990234375,7075.10009765625,725200,0.0,0.0
2022-05-15,7088.5,7149.5,7082.39990234375,7093.0,582400,0.0,0.0
2022-05-16,7099.0,7129.5,7097.89990234375,7112.5,630900,0.0,0.0
2022-05-17,7143.7998046875,7199.0,7143.7998046875,7182.7001953125,658100,0.0,0.0
2022-05-18,7152.39990234375,7152.39990234375,7037.60009765625,7064.5,771500,0.0,0.0
2022-05-19,7081.2001953125,7154.60009765625,7081.2001953125,7145.60009765625,698100,0.0,0.0
2022-05-22,7160.60009765625,7196.0,7135.7998046875,7148.89990234375,559700,0.0,0.0
2022-05-23,7154.7001953125,7165.7998046875,7114.0,7128.7998046875,925300,0.0,0.0
2022-05-24,7218.60009765625,7218.60009765625,7134.60009765625,7155.2001953125,649000,0.0,0.0
2022-05-25,7165.7001953125,7181.39990234375,7105.89990234375,7105.89990234375,598800,0.0,0.0
2022-05-26,7128.60009765625,7196.7001953125,7128.60009765625,7182.7001953125,562100,0.0,0.0
2022-05-29,7205.39990234375,7286.60009765625,7204.39990234375,7286.60009765625,637000,0.0,0.0
2022-05-30,7284.89990234375,7288.39990234375,7211.2001953125,7211.2001953125,1235000,0.0,0.0
2022-05-31,7210.5,7238.2001953125,7204.39990234375,7234.0,905300,0.0,0.0
2022-06-01,7221.5,7222.2998046875,7150.5,7175.89990234375,740300,0.0,0.0
2022-06-02,7204.7998046875,7254.60009765625,7204.5,7238.7998046875,639300,0.0,0.0
2022-06-05,7230.0,7231.2998046875,7195.2001953125,7206.2998046875,503000,0.0,0.0
2022-06-06,7209.0,7209.0,7082.2001953125,7095.7001953125,691400,0.0,0.0
2022-06-07,7133.10009765625,7162.10009765625,7113.0,7121.10009765625,764100,0.0,0.0
2022-06-08,7110.60009765625,7111.5,7019.7001953125,7019.7001953125,677300,0.0,0.0
2022-06-09,7004.7998046875,7006.2001953125,6926.89990234375,6932.0,747700,0.0,0.0
2022-06-13,6842.10009765625,6842.10009765625,6566.10009765625,6686.0,1281900,0.0,0.0
2022-06-14,6676.2998046875,6680.5,6589.7001953125,6601.0,942000,0.0,0.0
2022-06-15,6616.60009765625,6671.60009765625,6583.89990234375,6591.10009765625,948200,0.0,0.0
2022-06-16,6552.0,6553.7001953125,6410.39990234375,6474.7998046875,1732400,0.0,0.0
2022-06-19,6470.7001953125,6493.39990234375,6407.0,6433.39990234375,857600,0.0,0.0
2022-06-20,6448.7001953125,6537.7001953125,6448.7001953125,6523.7998046875,884900,0.0,0.0
2022-06-21,6543.89990234375,6557.7998046875,6493.2001953125,6508.5,914900,0.0,0.0
2022-06-22,6495.10009765625,6551.7998046875,6495.0,6528.39990234375,906100,0.0,0.0
2022-06-23,6517.7001953125,6585.10009765625,6501.60009765625,6578.7001953125,829300,0.0,0.0
2022-06-26,6603.60009765625,6716.10009765625,6603.60009765625,6706.0,897200,0.0,0.0
2022-06-27,6712.2001953125,6763.60009765625,6709.0,6763.60009765625,754500,0.0,0.0
2022-06-28,6748.10009765625,6750.2998046875,6666.39990234375,6700.2001953125,789100,0.0,0.0
2022-06-29,6685.10009765625,6685.10009765625,6568.10009765625,6568.10009765625,880800,0.0,0.0
2022-06-30,6567.2998046875,6623.89990234375,6539.89990234375,6539.89990234375,633400,0.0,0.0
2022-07-03,6545.0,6659.0,6544.5,6612.60009765625,574600,0.0,0.0
2022-07-04,6618.7001953125,6657.0,6596.7998046875,6629.2998046875,532900,0.0,0.0
2022-07-05,6606.60009765625,6651.60009765625,6587.89990234375,6594.5,752400,0.0,0.0
2022-07-06,6607.60009765625,6648.0,6594.5,6648.0,700500,0.0,0.0
2022-07-07,6671.0,6715.0,6671.0,6678.0,586400,0.0,0.0
2022-07-10,6664.7001953125,6674.39990234375,6602.2001953125,6602.2001953125,551900,0.0,0.0
2022-07-11,6612.39990234375,6649.7001953125,6601.89990234375,6606.2998046875,618600,0.0,0.0
2022-07-12,6595.10009765625,6621.60009765625,6584.10009765625,6621.60009765625,673200,0.0,0.0
2022-07-13,6623.0,6659.2998046875,6611.7001953125,6650.60009765625,735800,0.0,0.0
2022-07-14,6622.10009765625,6622.2001953125,6537.2001953125,6605.60009765625,629800,0.0,0.0
2022-07-17,6613.5,6687.10009765625,6612.7998046875,6687.10009765625,528400,0.0,0.0
2022-07-18,6691.2001953125,6696.10009765625,6639.60009765625,6649.60009765625,659200,0.0,0.0
2022-07-19,6662.0,6775.39990234375,6661.7998046875,6759.2001953125,746000,0.0,0.0
2022-07-20,6764.39990234375,6794.2998046875,6743.89990234375,6794.2998046875,834500,0.0,0.0
2022-07-21,6790.89990234375,6816.10009765625,6758.5,6791.5,822100,0.0,0.0
2022-07-24,6788.89990234375,6803.0,6775.7001953125,6789.89990234375,594100,0.0,0.0
2022-07-25,6801.7998046875,6815.0,6783.2001953125,6807.2998046875,619000,0.0,0.0
2022-07-26,6802.89990234375,6833.39990234375,6778.89990234375,6823.2001953125,626000,0.0,0.0
2022-07-27,6833.2001953125,6892.10009765625,6833.2001953125,6889.7001953125,721200,0.0,0.0
2022-07-28,6902.10009765625,6973.60009765625,6902.10009765625,6945.2001953125,919200,0.0,0.0
2022-07-31,6951.2998046875,6994.10009765625,6947.2998046875,6993.0,668000,0.0,0.0
2022-08-01,6976.89990234375,7003.7998046875,6944.89990234375,6998.10009765625,625600,0.0,0.0
2022-08-02,6988.2001953125,6988.2001953125,6918.2001953125,6975.89990234375,672500,0.0,0.0
2022-08-03,6980.2001953125,7021.10009765625,6974.89990234375,6974.89990234375,704900,0.0,0.0
2022-08-04,6972.39990234375,7016.60009765625,6969.60009765625,7015.60009765625,589200,0.0,0.0
2022-08-07,7011.2001953125,7025.89990234375,6985.7998046875,7020.60009765625,687600,0.0,0.0
2022-08-08,7012.7998046875,7034.2998046875,7012.7998046875,7029.7998046875,762600,0.0,0.0
2022-08-09,7029.0,7029.7001953125,6985.7001953125,6992.7001953125,698000,0.0,0.0
2022-08-10,7009.60009765625,7077.10009765625,7009.60009765625,7071.0,772600,0.0,0.0
2022-08-11,7065.89990234375,7066.10009765625,7012.10009765625,7032.5,647000,0.0,0.0
2022-08-14,7041.2998046875,7076.0,7040.39990234375,7064.2998046875,585900,0.0,0.0
2022-08-15,7083.0,7131.60009765625,7083.0,7105.39990234375,663100,0.0,0.0
2022-08-16,7122.0,7130.5,7082.89990234375,7127.7001953125,764000,0.0,0.0
2022-08-17,7118.7001953125,7118.7001953125,7081.0,7112.7998046875,739000,0.0,0.0
2022-08-18,7115.60009765625,7137.5,7107.89990234375,7114.5,692200,0.0,0.0
2022-08-21,7098.89990234375,7098.89990234375,7031.7001953125,7046.89990234375,658200,0.0,0.0
2022-08-22,7049.5,7049.5,6961.7998046875,6961.7998046875,731400,0.0,0.0
2022-08-23,6979.39990234375,7013.7001953125,6977.7998046875,6998.10009765625,754500,0.0,0.0
2022-08-24,7000.5,7057.7001953125,6992.0,7048.10009765625,772200,0.0,0.0
2022-08-25,7060.7998046875,7130.0,7060.7001953125,7104.10009765625,658300,0.0,0.0
2022-08-28,7077.60009765625,7079.10009765625,6943.2001953125,6965.5,705300,0.0,0.0
2022-08-29,6968.2998046875,7020.0,6967.60009765625,6998.2998046875,724000,0.0,0.0
2022-08-30,6971.39990234375,6995.0,6937.5,6986.7998046875,957000,0.0,0.0
2022-08-31,6924.89990234375,6926.7001953125,6836.5,6845.60009765625,825300,0.0,0.0
2022-09-01,6827.10009765625,6854.89990234375,6820.5,6828.7001953125,632300,0.0,0.0
2022-09-04,6828.7001953125,6858.0,6822.7998046875,6852.2001953125,563400,0.0,0.0
2022-09-05,6858.0,6888.5,6826.10009765625,6826.5,677200,0.0,0.0
2022-09-06,6820.10009765625,6821.2001953125,6719.60009765625,6729.2998046875,872600,0.0,0.0
2022-09-07,6731.60009765625,6848.7001953125,6731.60009765625,6848.7001953125,799100,0.0,0.0
2022-09-08,6858.7998046875,6898.5,6853.2001953125,6894.2001953125,809500,0.0,0.0
2022-09-11,6923.89990234375,6974.89990234375,6922.0,6964.5,582100,0.0,0.0
2022-09-12,6974.7001953125,7015.2001953125,6974.0,7009.7001953125,784500,0.0,0.0
2022-09-13,7008.2001953125,7008.2001953125,6808.60009765625,6828.60009765625,1609400,0.0,0.0
2022-09-14,6831.0,6878.10009765625,6831.0,6842.89990234375,942000,0.0,0.0
2022-09-15,6825.10009765625,6825.7001953125,6736.2998046875,6739.10009765625,1736200,0.0,0.0
2022-09-18,6738.2998046875,6753.89990234375,6714.7001953125,6719.89990234375,767500,0.0,0.0
2022-09-19,6743.7998046875,6808.2998046875,6740.7998046875,6806.39990234375,667600,0.0,0.0
2022-09-20,6786.60009765625,6786.60009765625,6695.0,6700.2001953125,832400,0.0,0.0
2022-09-22,6707.2998046875,6709.0,6544.89990234375,6574.7001953125,908200,0.0,0.0
2022-09-25,6541.5,6544.60009765625,6435.60009765625,6469.39990234375,1093300,0.0,0.0
2022-09-26,6483.0,6509.5,6472.5,6496.2001953125,1006700,0.0,0.0
2022-09-27,6510.60009765625,6516.5,6433.10009765625,6462.0,973100,0.0,0.0
2022-09-28,6488.39990234375,6594.7001953125,6488.39990234375,6555.0,846900,0.0,0.0
2022-09-29,6563.2001953125,6563.2001953125,6460.60009765625,6474.2001953125,1008100,0.0,0.0
2022-10-02,6485.60009765625,6503.5,6411.89990234375,6456.89990234375,647000,0.0,0.0
2022-10-03,6486.5,6699.2998046875,6486.5,6699.2998046875,1010500,0.0,0.0
2022-10-04,6719.60009765625,6819.7001953125,6719.39990234375,6815.7001953125,1063300,0.0,0.0
2022-10-05,6815.60009765625,6828.2998046875,6787.39990234375,6817.5,810300,0.0,0.0
2022-10-06,6805.10009765625,6806.39990234375,6762.7001953125,6762.7998046875,689000,0.0,0.0
2022-10-09,6750.2998046875,6750.2998046875,6646.7998046875,6667.7998046875,600800,0.0,0.0
2022-10-10,6685.5,6712.5,6645.0,6645.0,747400,0.0,0.0
2022-10-11,6647.7998046875,6672.0,6633.0,6647.5,723700,0.0,0.0
2022-10-12,6641.89990234375,6683.7001953125,6638.89990234375,6642.60009765625,710100,0.0,0.0
2022-10-13,6668.60009765625,6772.60009765625,6667.7998046875,6758.7998046875,663900,0.0,0.0
2022-10-16,6758.89990234375,6758.89990234375,6645.2001953125,6664.39990234375,712300,0.0,0.0
2022-10-17,6685.2998046875,6790.7001953125,6685.2998046875,6779.2001953125,833600,0.0,0.0
2022-10-18,6778.39990234375,6822.2001953125,6777.5,6800.10009765625,745600,0.0,0.0
2022-10-19,6783.2998046875,6783.2998046875,6702.10009765625,6730.7001953125,901000,0.0,0.0
2022-10-20,6726.60009765625,6726.60009765625,6667.60009765625,6676.7998046875,741700,0.0,0.0
2022-10-23,6716.5,6823.2998046875,6716.5,6779.39990234375,683000,0.0,0.0
2022-10-24,6780.39990234375,6831.2998046875,6780.39990234375,6798.60009765625,751900,0.0,0.0
2022-10-25,6809.0,6843.2001953125,6800.7998046875,6810.89990234375,821000,0.0,0.0
2022-10-26,6829.60009765625,6873.7998046875,6824.2998046875,6845.10009765625,779800,0.0,0.0
2022-10-27,6827.0,6827.0,6776.0,6785.7001953125,784100,0.0,0.0
2022-10-30,6786.7001953125,6869.2001953125,6786.7001953125,6863.5,1019200,0.0,0.0
2022-10-31,6866.5,6976.89990234375,6858.2001953125,6976.89990234375,701300,0.0,0.0
2022-11-01,6980.7998046875,7011.7001953125,6978.7998046875,6986.7001953125,819400,0.0,0.0
2022-11-02,6953.10009765625,6953.10009765625,6823.0,6857.89990234375,694100,0.0,0.0
2022-11-03,6860.60009765625,6895.0,6829.60009765625,6892.5,665500,0.0,0.0
2022-11-06,6917.10009765625,6943.39990234375,6907.7001953125,6933.7001953125,688800,0.0,0.0
2022-11-07,6939.60009765625,6968.0,6939.60009765625,6958.89990234375,713000,0.0,0.0
2022-11-08,6969.2998046875,7012.39990234375,6967.89990234375,6999.2998046875,775500,0.0,0.0
2022-11-09,6986.0,6988.10009765625,6954.5,6964.0,733000,0.0,0.0
2022-11-10,7000.10009765625,7170.60009765625,6997.7998046875,7158.0,1162600,0.0,0.0
2022-11-13,7183.2001953125,7196.5,7146.2998046875,7146.2998046875,978100,0.0,0.0
2022-11-14,7133.5,7144.0,7114.2001953125,7141.60009765625,937500,0.0,0.0
2022-11-15,7142.2998046875,7142.5,7102.89990234375,7122.2001953125,742800,0.0,0.0
2022-11-16,7107.10009765625,7146.89990234375,7107.0,7135.7001953125,744900,0.0,0.0
2022-11-17,7138.2998046875,7166.2001953125,7137.7001953125,7151.7998046875,762700,0.0,0.0
2022-11-20,7151.7998046875,7174.39990234375,7131.7001953125,7139.2998046875,598600,0.0,0.0
2022-11-21,7139.2998046875,7194.10009765625,7139.2998046875,7181.2998046875,677000,0.0,0.0
2022-11-22,7231.7998046875,7250.7001953125,7231.7998046875,7247.39990234375,68600,0.0,0.0
2022-11-23,7231.7998046875,7264.60009765625,7231.7998046875,7241.7998046875,593800,0.0,0.0
2022-11-24,7239.39990234375,7268.5,7239.39990234375,7259.5,552100,0.0,0.0
2022-11-27,7247.39990234375,7247.39990234375,7216.0,7229.10009765625,699800,0.0,0.0
2022-11-28,7231.89990234375,7253.60009765625,7200.89990234375,7253.2998046875,680000,0.0,0.0
2022-11-29,7256.5,7293.7001953125,7222.2998046875,7284.2001953125,1846100,0.0,0.0
2022-11-30,7306.0,7375.2001953125,7305.7001953125,7354.39990234375,715000,0.0,0.0
2022-12-01,7342.60009765625,7349.0,7292.7998046875,7301.5,716400,0.0,0.0
2022-12-04,7316.7998046875,7351.0,7303.89990234375,7325.60009765625,650300,0.0,0.0
2022-12-05,7315.60009765625,7321.10009765625,7283.0,7291.2998046875,700900,0.0,0.0
2022-12-06,7289.89990234375,7289.89990234375,7220.60009765625,7229.39990234375,813400,0.0,0.0
2022-12-07,7225.39990234375,7227.5,7170.0,7175.5,833800,0.0,0.0
2022-12-08,7186.2998046875,7217.7998046875,7184.10009765625,7213.2001953125,716500,0.0,0.0
2022-12-11,7199.7998046875,7201.2998046875,7156.5,7180.7998046875,608400,0.0,0.0
2022-12-12,7192.5,7228.10009765625,7190.2001953125,7203.2998046875,641300,0.0,0.0
2022-12-13,7208.2001953125,7253.5,7205.7998046875,7251.2998046875,731000,0.0,0.0
2022-12-14,7242.10009765625,7242.10009765625,7202.60009765625,7204.7998046875,915600,0.0,0.0
2022-12-15,7204.7998046875,7204.7998046875,7117.60009765625,7148.7001953125,1491200,0.0,0.0
2022-12-18,7144.39990234375,7152.7001953125,7123.10009765625,7133.89990234375,491300,0.0,0.0
2022-12-19,7121.0,7124.39990234375,7019.5,7024.2998046875,681300,0.0,0.0
2022-12-20,7045.0,7139.10009765625,7043.7998046875,7115.10009765625,658500,0.0,0.0
2022-12-21,7119.39990234375,7167.2001953125,7119.0,7152.5,593900,0.0,0.0
2022-12-22,7152.5,7152.5,7062.89990234375,7107.7001953125,398000,0.0,0.0
2022-12-27,7111.60009765625,7124.0,7069.0,7086.39990234375,427500,0.0,0.0
2022-12-28,7074.10009765625,7074.10009765625,6993.7998046875,7020.10009765625,492200,0.0,0.0
2022-12-29,7022.7998046875,7073.39990234375,7022.7998046875,7038.7001953125,430700,0.0,0.0
2023-01-02,7046.2998046875,7071.2998046875,6905.2998046875,6946.2001953125,420300,0.0,0.0
2023-01-03,6955.2998046875,7059.2001953125,6952.60009765625,7059.2001953125,544500,0.0,0.0
2023-01-04,7059.7998046875,7099.7001953125,7053.7998046875,7063.60009765625,614900,0.0,0.0
2023-01-05,7082.7998046875,7116.7998046875,7062.0,7109.60009765625,528600,0.0,0.0
2023-01-08,7124.7001953125,7186.2001953125,7124.7001953125,7151.2998046875,512500,0.0,0.0
2023-01-09,7143.10009765625,7151.89990234375,7124.89990234375,7131.0,519900,0.0,0.0
2023-01-10,7148.10009765625,7204.0,7148.10009765625,7195.2998046875,518400,0.0,0.0
2023-01-11,7207.7001953125,7288.7001953125,7205.60009765625,7280.39990234375,571500,0.0,0.0
2023-01-12,7281.60009765625,7357.7998046875,7281.60009765625,7328.10009765625,522900,0.0,0.0
2023-01-15,7328.10009765625,7396.0,7328.10009765625,7388.2001953125,497000,0.0,0.0
2023-01-16,7370.7998046875,7399.5,7364.2001953125,7386.2998046875,574800,0.0,0.0
2023-01-17,7377.2001953125,7410.7998046875,7376.2001953125,7393.39990234375,642600,0.0,0.0
2023-01-18,7392.5,7439.7001953125,7380.10009765625,7435.2998046875,574600,0.0,0.0
2023-01-19,7437.89990234375,7457.7998046875,7427.2998046875,7452.2001953125,777300,0.0,0.0
2023-01-22,7451.2998046875,7472.7998046875,7434.5,7457.2998046875,565700,0.0,0.0
2023-01-23,7462.2998046875,7497.7998046875,7453.7998046875,7490.39990234375,612900,0.0,0.0
2023-01-24,7488.39990234375,7507.2998046875,7453.10009765625,7468.2998046875,658200,0.0,0.0
2023-01-26,7489.60009765625,7508.5,7483.0,7493.7998046875,705000,0.0,0.0
2023-01-29,7490.60009765625,7505.60009765625,7474.2998046875,7481.7001953125,657200,0.0,0.0
2023-01-30,7483.0,7516.7998046875,7463.7001953125,7476.7001953125,888100,0.0,0.0
2023-01-31,7488.10009765625,7537.7001953125,7488.10009765625,7501.7001953125,692800,0.0,0.0
2023-02-01,7505.7998046875,7548.2001953125,7505.2998046875,7511.60009765625,707400,0.0,0.0
2023-02-02,7497.2998046875,7565.0,7496.10009765625,7558.10009765625,981500,0.0,0.0
2023-02-05,7565.10009765625,7567.7001953125,7531.39990234375,7539.0,636000,0.0,0.0
2023-02-06,7534.2998046875,7553.60009765625,7495.2001953125,7504.10009765625,618500,0.0,0.0
2023-02-07,7510.60009765625,7534.89990234375,7507.10009765625,7530.10009765625,660100,0.0,0.0
2023-02-08,7521.39990234375,7521.5,7482.0,7490.2998046875,579900,0.0,0.0
2023-02-09,7485.2998046875,7486.89990234375,7428.7998046875,7433.7001953125,556700,0.0,0.0
2023-02-12,7430.89990234375,7430.89990234375,7406.0,7417.7998046875,673500,0.0,0.0
2023-02-13,7426.89990234375,7476.60009765625,7426.0,7430.89990234375,654900,0.0,0.0
2023-02-14,7440.39990234375,7440.39990234375,7337.0,7352.2001953125,756500,0.0,0.0
2023-02-15,7356.0,7422.0,7351.39990234375,7410.2998046875,884200,0.0,0.0
2023-02-16,7413.60009765625,7413.60009765625,7346.7998046875,7346.7998046875,801700,0.0,0.0
2023-02-19,7350.7998046875,7357.5,7331.2998046875,7351.5,606700,0.0,0.0
2023-02-20,7336.5,7340.7998046875,7297.0,7336.2998046875,636000,0.0,0.0
2023-02-21,7338.60009765625,7338.60009765625,7267.7998046875,7314.5,703400,0.0,0.0
2023-02-22,7291.7998046875,7306.5,7283.39990234375,7285.39990234375,721200,0.0,0.0
2023-02-23,7283.2001953125,7315.5,7278.7001953125,7307.0,719600,0.0,0.0
2023-02-26,7280.7998046875,7282.2998046875,7193.39990234375,7224.7998046875,639600,0.0,0.0
2023-02-27,7234.39990234375,7273.60009765625,7233.5,7258.39990234375,1001900,0.0,0.0
2023-02-28,7258.2001953125,7271.39990234375,7216.2998046875,7251.60009765625,668200,0.0,0.0
2023-03-01,7263.0,7282.39990234375,7242.2001953125,7255.39990234375,987100,0.0,0.0
2023-03-02,7263.2998046875,7292.5,7263.0,7283.60009765625,565400,0.0,0.0
2023-03-05,7291.2001953125,7343.89990234375,7291.2001953125,7328.60009765625,591000,0.0,0.0
2023-03-06,7312.0,7370.2998046875,7302.89990234375,7364.7001953125,771100,0.0,0.0
2023-03-07,7347.7001953125,7351.2998046875,7288.7001953125,7307.7998046875,713300,0.0,0.0
2023-03-08,7292.2001953125,7328.5,7289.89990234375,7311.10009765625,619000,0.0,0.0
2023-03-09,7289.10009765625,7290.39990234375,7134.5,7144.7001953125,721100,0.0,0.0
2023-03-12,7151.0,7151.39990234375,7071.89990234375,7108.7998046875,673800,0.0,0.0
2023-03-13,7093.7001953125,7094.5,6950.60009765625,7008.89990234375,1068800,0.0,0.0
2023-03-14,7027.39990234375,7068.89990234375,7019.2998046875,7068.89990234375,851100,0.0,0.0
2023-03-15,7020.10009765625,7026.7001953125,6911.10009765625,6965.5,1216300,0.0,0.0
2023-03-16,6968.10009765625,6996.5,6954.2001953125,6994.7998046875,1419200,0.0,0.0
2023-03-19,6994.2998046875,6994.2998046875,6895.0,6898.5,669800,0.0,0.0
2023-03-20,6919.60009765625,6991.89990234375,6918.7001953125,6955.39990234375,638800,0.0,0.0
2023-03-21,6964.89990234375,7032.0,6964.89990234375,7015.60009765625,749100,0.0,0.0
2023-03-22,6999.10009765625,6999.10009765625,6950.2998046875,6968.60009765625,710000,0.0,0.0
2023-03-23,6961.0,6961.0,6923.2001953125,6955.2001953125,581000,0.0,0.0
2023-03-26,6965.7998046875,6989.2998046875,6959.89990234375,6962.0,524000,0.0,0.0
2023-03-27,6975.10009765625,7047.39990234375,6973.39990234375,7034.10009765625,969900,0.0,0.0
2023-03-28,7034.2998046875,7052.2998046875,7011.2998046875,7050.2998046875,761600,0.0,0.0
2023-03-29,7075.89990234375,7127.2001953125,7072.0,7122.2998046875,792500,0.0,0.0
2023-03-30,7142.60009765625,7183.10009765625,7142.60009765625,7177.7998046875,835800,0.0,0.0
2023-04-02,7190.7998046875,7246.10009765625,7187.39990234375,7223.0,691800,0.0,0.0
2023-04-03,7214.10009765625,7239.0,7211.5,7236.0,723600,0.0,0.0
2023-04-04,7219.10009765625,7262.10009765625,7218.2998046875,7237.2001953125,723300,0.0,0.0
2023-04-05,7234.10009765625,7245.2998046875,7199.7001953125,7219.0,666300,0.0,0.0
2023-04-10,7235.10009765625,7322.39990234375,7235.10009765625,7309.89990234375,674900,0.0,0.0
2023-04-11,7330.60009765625,7370.10009765625,7330.60009765625,7343.89990234375,717000,0.0,0.0
2023-04-12,7339.89990234375,7345.89990234375,7312.7998046875,7324.10009765625,653300,0.0,0.0
2023-04-13,7324.2998046875,7363.5,7313.7001953125,7361.60009765625,562000,0.0,0.0
2023-04-16,7361.7998046875,7391.2001953125,7361.60009765625,7381.5,650100,0.0,0.0
2023-04-17,7379.7998046875,7379.7998046875,7341.7998046875,7360.2001953125,780300,0.0,0.0
2023-04-18,7369.0,7374.39990234375,7356.0,7365.5,604900,0.0,0.0
2023-04-19,7358.10009765625,7377.10009765625,7347.0,7362.2001953125,676100,0.0,0.0
2023-04-20,7342.7998046875,7344.60009765625,7314.89990234375,7330.39990234375,689100,0.0,0.0
2023-04-23,7314.2998046875,7332.60009765625,7307.7001953125,7322.0,539600,0.0,0.0
2023-04-25,7293.89990234375,7324.39990234375,7285.2998046875,7316.2998046875,794500,0.0,0.0
2023-04-26,7324.60009765625,7324.7001953125,7275.2998046875,7292.7001953125,539200,0.0,0.0
2023-04-27,7304.7998046875,7329.60009765625,7297.0,7309.2001953125,744600,0.0,0.0
2023-04-30,7317.60009765625,7368.0,7317.60009765625,7334.60009765625,595500,0.0,0.0
2023-05-01,7334.2001953125,7334.89990234375,7248.10009765625,7267.39990234375,685900,0.0,0.0
2023-05-02,7254.39990234375,7254.39990234375,7160.7001953125,7197.39990234375,738400,0.0,0.0
2023-05-03,7199.10009765625,7201.7001953125,7141.7998046875,7193.10009765625,598500,0.0,0.0
2023-05-04,7193.10009765625,7220.2001953125,7168.39990234375,7220.0,624200,0.0,0.0
2023-05-07,7220.2001953125,7292.39990234375,7220.2001953125,7276.5,645500,0.0,0.0
2023-05-08,7274.0,7274.0,7239.39990234375,7264.10009765625,649900,0.0,0.0
2023-05-09,7267.0,7267.10009765625,7236.2001953125,7255.7001953125,583600,0.0,0.0
2023-05-10,7251.7998046875,7266.5,7230.7998046875,7251.89990234375,713400,0.0,0.0
2023-05-11,7238.89990234375,7257.2998046875,7233.7998046875,7256.7001953125,647800,0.0,0.0
2023-05-14,7258.7998046875,7267.10009765625,7235.10009765625,7267.10009765625,535700,0.0,0.0
2023-05-15,7278.7001953125,7278.7001953125,7234.7001953125,7234.7001953125,629400,0.0,0.0
2023-05-16,7222.7001953125,7222.7001953125,7159.7998046875,7199.2001953125,615800,0.0,0.0
2023-05-17,7212.89990234375,7258.60009765625,7211.7998046875,7236.7998046875,723500,0.0,0.0
2023-05-18,7241.2998046875,7292.60009765625,7240.2998046875,7279.5,643800,0.0,0.0
2023-05-21,7278.5,7285.0,7249.60009765625,7263.2998046875,486800,0.0,0.0
2023-05-22,7263.10009765625,7288.10009765625,7259.89990234375,7259.89990234375,578100,0.0,0.0
2023-05-23,7256.60009765625,7256.60009765625,7208.60009765625,7213.7998046875,583500,0.0,0.0
2023-05-24,7194.89990234375,7199.39990234375,7130.2998046875,7138.2001953125,738000,0.0,0.0
2023-05-25,7136.89990234375,7156.0,7129.0,7154.7998046875,526100,0.0,0.0
2023-05-28,7177.39990234375,7254.7998046875,7177.2001953125,7217.39990234375,502600,0.0,0.0
2023-05-29,7217.7001953125,7227.2001953125,7204.60009765625,7209.2998046875,662500,0.0,0.0
2023-05-30,7195.39990234375,7196.89990234375,7091.2998046875,7091.2998046875,1567300,0.0,0.0
2023-05-31,7087.39990234375,7131.89990234375,7077.89990234375,7110.7998046875,676600,0.0,0.0
2023-06-01,7128.7001953125,7165.7998046875,7125.89990234375,7145.10009765625,632300,0.0,0.0
2023-06-04,7173.2998046875,7233.2001953125,7173.2998046875,7216.2998046875,591300,0.0,0.0
2023-06-05,7205.39990234375,7205.39990234375,7125.89990234375,7129.60009765625,798300,0.0,0.0
2023-06-06,7140.60009765625,7164.2001953125,7118.0,7118.0,732000,0.0,0.0
2023-06-07,7130.7998046875,7132.0,7093.5,7099.7001953125,716600,0.0,0.0
2023-06-08,7108.89990234375,7131.2001953125,7108.7001953125,7122.5,580900,0.0,0.0
2023-06-12,7113.7998046875,7138.89990234375,7101.2998046875,7138.89990234375,647200,0.0,0.0
2023-06-13,7161.60009765625,7167.60009765625,7135.7001953125,7161.7001953125,833900,0.0,0.0
2023-06-14,7167.60009765625,7197.7001953125,7158.7998046875,7175.2998046875,824400,0.0,0.0
2023-06-15,7183.7001953125,7262.10009765625,7182.2001953125,7251.2001953125,1456400,0.0,0.0
2023-06-18,7248.10009765625,7302.60009765625,7246.2001953125,7294.89990234375,662600,0.0,0.0
2023-06-19,7296.5,7368.39990234375,7295.5,7357.7998046875,647000,0.0,0.0
2023-06-20,7340.0,7349.10009765625,7314.89990234375,7314.89990234375,709900,0.0,0.0
2023-06-21,7308.89990234375,7308.89990234375,7187.10009765625,7195.5,704900,0.0,0.0
2023-06-22,7192.5,7195.7001953125,7087.89990234375,7099.2001953125,587800,0.0,0.0
2023-06-25,7098.39990234375,7099.5,7054.7998046875,7078.7001953125,592700,0.0,0.0
2023-06-26,7084.2001953125,7125.7001953125,7084.2001953125,7118.2001953125,621300,0.0,0.0
2023-06-27,7122.60009765625,7215.2001953125,7122.60009765625,7196.5,674700,0.0,0.0
2023-06-28,7191.2998046875,7223.2001953125,7189.2001953125,7194.89990234375,611100,0.0,0.0
2023-06-29,7198.7001953125,7209.0,7165.7001953125,7203.2998046875,648700,0.0,0.0
2023-07-02,7204.7998046875,7251.60009765625,7199.5,7246.10009765625,584800,0.0,0.0
2023-07-03,7248.2998046875,7285.7998046875,7232.10009765625,7279.0,543300,0.0,0.0
2023-07-04,7276.7001953125,7281.7998046875,7247.60009765625,7253.2001953125,541200,0.0,0.0
2023-07-05,7242.5,7243.7998046875,7145.5,7163.39990234375,629200,0.0,0.0
2023-07-06,7143.2001953125,7143.2001953125,7023.60009765625,7042.2998046875,536600,0.0,0.0
2023-07-09,7050.2001953125,7085.2001953125,6998.10009765625,7004.0,452600,0.0,0.0
2023-07-10,7018.7001953125,7108.89990234375,7017.60009765625,7108.89990234375,499000,0.0,0.0
2023-07-11,7124.7001953125,7158.5,7124.10009765625,7135.7001953125,496500,0.0,0.0
2023-07-12,7152.60009765625,7256.5,7150.7998046875,7246.89990234375,684900,0.0,0.0
2023-07-13,7257.10009765625,7313.7001953125,7256.0,7303.10009765625,583200,0.0,0.0
2023-07-16,7300.10009765625,7307.89990234375,7278.39990234375,7298.5,562400,0.0,0.0
2023-07-17,7285.0,7291.0,7261.10009765625,7283.7998046875,537700,0.0,0.0
2023-07-18,7293.10009765625,7333.10009765625,7293.0,7323.7001953125,660100,0.0,0.0
2023-07-19,7328.10009765625,7383.2998046875,7322.89990234375,7325.0,686300,0.0,0.0
2023-07-20,7323.89990234375,7324.5,7288.7998046875,7313.89990234375,631700,0.0,0.0
2023-07-23,7313.2998046875,7333.2001953125,7306.39990234375,7306.39990234375,701100,0.0,0.0
2023-07-24,7324.7998046875,7344.89990234375,7317.89990234375,7339.7001953125,637400,0.0,0.0
2023-07-25,7365.10009765625,7421.2998046875,7339.7001953125,7402.0,638100,0.0,0.0
2023-07-26,7393.89990234375,7472.2998046875,7388.0,7455.89990234375,690200,0.0,0.0
2023-07-27,7450.0,7451.2998046875,7356.39990234375,7403.60009765625,612800,0.0,0.0
2023-07-30,7403.60009765625,7434.2998046875,7374.2998046875,7410.39990234375,575500,0.0,0.0
2023-07-31,7410.39990234375,7470.10009765625,7410.39990234375,7450.7001953125,523500,0.0,0.0
2023-08-01,7450.7001953125,7450.7001953125,7342.5,7354.60009765625,577900,0.0,0.0
2023-08-02,7354.60009765625,7354.60009765625,7287.89990234375,7311.7001953125,559900,0.0,0.0
2023-08-03,7311.7001953125,7325.39990234375,7285.5,7325.2998046875,603200,0.0,0.0
2023-08-06,7325.2998046875,7325.7001953125,7294.60009765625,7309.2001953125,414600,0.0,0.0
2023-08-07,7315.2001953125,7342.5,7311.0,7311.10009765625,715200,0.0,0.0
2023-08-08,7309.2998046875,7341.5,7308.0,7338.0,574300,0.0,0.0
2023-08-09,7341.2001953125,7357.39990234375,7320.89990234375,7357.39990234375,663800,0.0,0.0
2023-08-10,7350.7001953125,7361.2001953125,7329.2998046875,7340.10009765625,541100,0.0,0.0
2023-08-13,7330.2998046875,7331.0,7259.10009765625,7277.0,607400,0.0,0.0
2023-08-14,7272.7001953125,7329.2998046875,7271.89990234375,7305.0,610600,0.0,0.0
2023-08-15,7284.5,7284.5,7185.2001953125,7195.2001953125,714000,0.0,0.0
2023-08-16,7190.7998046875,7191.2998046875,7106.7998046875,7146.0,897900,0.0,0.0
2023-08-17,7151.5,7167.7001953125,7124.5,7148.10009765625,806300,0.0,0.0
2023-08-20,7145.7998046875,7145.89990234375,7115.5,7115.5,711900,0.0,0.0
2023-08-21,7105.60009765625,7125.0,7090.0,7121.60009765625,735900,0.0,0.0
2023-08-22,7115.7998046875,7174.2001953125,7115.7998046875,7148.39990234375,684200,0.0,0.0
2023-08-23,7151.39990234375,7194.39990234375,7149.89990234375,7182.10009765625,811800,0.0,0.0
2023-08-24,7162.7998046875,7164.2998046875,7091.7998046875,7115.2001953125,768400,0.0,0.0
2023-08-27,7120.7998046875,7161.7001953125,7120.7998046875,7159.7998046875,937800,0.0,0.0
2023-08-28,7163.60009765625,7210.5,7159.2001953125,7210.5,867900,0.0,0.0
2023-08-29,7219.5,7317.89990234375,7219.5,7297.7001953125,790700,0.0,0.0
2023-08-30,7295.39990234375,7310.10009765625,7291.2998046875,7305.2998046875,1109900,0.0,0.0
2023-08-31,7294.39990234375,7295.89990234375,7268.10009765625,7278.2998046875,569100,0.0,0.0
2023-09-03,7278.2998046875,7340.89990234375,7278.2998046875,7318.7998046875,644200,0.0,0.0
2023-09-04,7319.10009765625,7319.39990234375,7270.60009765625,7314.2998046875,487700,0.0,0.0
2023-09-05,7313.7998046875,7314.0,7253.2001953125,7257.10009765625,744200,0.0,0.0
2023-09-06,7225.2998046875,7225.7998046875,7157.10009765625,7171.0,737500,0.0,0.0
2023-09-07,7166.7001953125,7178.0,7134.7998046875,7156.7001953125,518300,0.0,0.0
2023-09-10,7161.39990234375,7192.2998046875,7134.0,7192.2998046875,587500,0.0,0.0
2023-09-11,7201.7998046875,7208.2998046875,7155.7998046875,7206.89990234375,737800,0.0,0.0
2023-09-12,7201.5,7201.5,7140.60009765625,7153.89990234375,853400,0.0,0.0
2023-09-13,7148.60009765625,7199.7001953125,7146.0,7186.5,671300,0.0,0.0
2023-09-14,7213.5,7319.7998046875,7213.5,7279.0,2109400,0.0,0.0
2023-09-17,7273.60009765625,7274.5,7223.5,7230.39990234375,501400,0.0,0.0
2023-09-18,7221.60009765625,7221.60009765625,7187.5,7196.60009765625,572600,0.0,0.0
2023-09-19,7196.60009765625,7196.60009765625,7148.89990234375,7163.2998046875,770200,0.0,0.0
2023-09-20,7163.2998046875,7163.2998046875,7058.60009765625,7065.2001953125,821300,0.0,0.0
2023-09-21,7065.2001953125,7068.7998046875,6957.2001953125,7068.7998046875,917800,0.0,0.0
2023-09-24,7068.7998046875,7076.5,7022.89990234375,7076.5,511700,0.0,0.0
2023-09-25,7076.5,7076.5,7023.7998046875,7038.2001953125,652300,0.0,0.0
2023-09-26,7038.2001953125,7038.2001953125,7002.7998046875,7030.2998046875,761900,0.0,0.0
2023-09-27,7030.2998046875,7052.7001953125,7003.39990234375,7024.7998046875,723300,0.0,0.0
2023-09-28,7024.7998046875,7065.2998046875,7024.7998046875,7048.60009765625,776800,0.0,0.0
2023-10-01,7048.60009765625,7051.5,7014.89990234375,7033.2001953125,484800,0.0,0.0
2023-10-02,7010.10009765625,7010.10009765625,6908.2998046875,6943.39990234375,836000,0.0,0.0
2023-10-03,6943.39990234375,6943.39990234375,6871.0,6890.2001953125,752500,0.0,0.0
2023-10-04,6890.2001953125,6935.0,6885.5,6925.5,691600,0.0,0.0
2023-10-05,6925.5,6972.89990234375,6922.60009765625,6954.2001953125,636800,0.0,0.0
2023-10-08,6954.2001953125,6998.89990234375,6954.2001953125,6970.2001953125,921100,0.0,0.0
2023-10-09,6972.7001953125,7058.39990234375,6971.7001953125,7040.60009765625,779500,0.0,0.0
2023-10-10,7040.60009765625,7092.7001953125,7040.60009765625,7088.39990234375,758700,0.0,0.0
2023-10-11,7088.39990234375,7112.7001953125,7083.2001953125,7091.0,736300,0.0,0.0
2023-10-12,7084.10009765625,7084.10009765625,7016.7998046875,7051.0,646000,0.0,0.0
2023-10-15,7051.0,7051.0,7022.60009765625,7026.5,548200,0.0,0.0
2023-10-16,7042.60009765625,7100.2998046875,7042.60009765625,7056.10009765625,574400,0.0,0.0
2023-10-17,7056.10009765625,7078.5,7044.60009765625,7077.60009765625,587800,0.0,0.0
2023-10-18,7077.60009765625,7077.60009765625,6952.2998046875,6981.60009765625,820400,0.0,0.0
2023-10-19,6960.89990234375,6961.2998046875,6878.2998046875,6900.7001953125,745900,0.0,0.0
2023-10-22,6900.7001953125,6900.7001953125,6831.2998046875,6844.10009765625,567000,0.0,0.0
2023-10-23,6844.10009765625,6878.5,6837.7001953125,6856.89990234375,604500,0.0,0.0
2023-10-24,6856.89990234375,6897.39990234375,6832.2001953125,6854.2998046875,753100,0.0,0.0
2023-10-25,6854.2998046875,6854.2998046875,6777.39990234375,6812.2998046875,960200,0.0,0.0
2023-10-26,6812.2998046875,6845.7001953125,6809.7001953125,6826.89990234375,567200,0.0,0.0
2023-10-29,6826.89990234375,6829.5,6751.2998046875,6772.89990234375,833500,0.0,0.0
2023-10-30,6772.89990234375,6816.39990234375,6770.39990234375,6780.7001953125,943900,0.0,0.0
2023-10-31,6780.7001953125,6838.2998046875,6780.7001953125,6838.2998046875,659600,0.0,0.0
2023-11-01,6838.2998046875,6928.5,6838.2998046875,6899.7001953125,708500,0.0,0.0
2023-11-02,6899.7001953125,6989.39990234375,6899.7001953125,6978.2001953125,860700,0.0,0.0
2023-11-05,6978.2001953125,7009.10009765625,6978.0,6997.39990234375,933400,0.0,0.0
2023-11-06,6997.39990234375,7001.2998046875,6951.89990234375,6977.10009765625,536700,0.0,0.0
2023-11-07,6977.10009765625,6999.5,6967.39990234375,6995.39990234375,741100,0.0,0.0
2023-11-08,6995.39990234375,7045.5,6995.39990234375,7014.89990234375,783300,0.0,0.0
2023-11-09,7014.89990234375,7018.2001953125,6964.2001953125,6976.5,564200,0.0,0.0
2023-11-12,6976.5,6984.0,6948.7998046875,6948.7998046875,582700,0.0,0.0
2023-11-13,6948.7998046875,7013.0,6948.7998046875,7006.7001953125,580800,0.0,0.0
2023-11-14,7006.7001953125,7125.60009765625,7006.7001953125,7105.89990234375,714300,0.0,0.0
2023-11-15,7105.89990234375,7109.7998046875,7050.10009765625,7058.39990234375,655600,0.0,0.0
2023-11-16,7058.2001953125,7062.2998046875,7036.5,7049.39990234375,674400,0.0,0.0
2023-11-19,7049.39990234375,7072.39990234375,7048.5,7058.39990234375,510600,0.0,0.0
2023-11-20,7058.39990234375,7089.60009765625,7058.39990234375,7078.2001953125,633700,0.0,0.0
2023-11-21,7078.2001953125,7090.39990234375,7061.89990234375,7073.39990234375,558600,0.0,0.0
2023-11-22,7073.39990234375,7073.39990234375,7026.89990234375,7029.2001953125,563500,0.0,0.0
2023-11-23,7029.2001953125,7064.7998046875,7028.2001953125,7040.7998046875,372900,0.0,0.0
2023-11-26,7040.7998046875,7054.2998046875,6987.60009765625,6987.60009765625,480800,0.0,0.0
2023-11-27,6987.0,7049.2001953125,6985.5,7015.2001953125,578400,0.0,0.0
2023-11-28,7015.2001953125,7056.60009765625,7014.10009765625,7035.2998046875,646000,0.0,0.0
2023-11-29,7035.2998046875,7087.2998046875,7022.60009765625,7087.2998046875,1401300,0.0,0.0
2023-11-30,7087.2998046875,7087.2998046875,7041.39990234375,7073.2001953125,581900,0.0,0.0
2023-12-03,7073.2001953125,7167.60009765625,7073.2001953125,7124.7001953125,877300,0.0,0.0
2023-12-04,7124.7001953125,7124.7001953125,7041.10009765625,7061.60009765625,873700,0.0,0.0
2023-12-05,7061.60009765625,7194.0,7061.60009765625,7178.39990234375,898200,0.0,0.0
2023-12-06,7178.39990234375,7178.89990234375,7150.39990234375,7173.2998046875,812300,0.0,0.0
2023-12-07,7173.2998046875,7194.89990234375,7143.2998046875,7194.89990234375,725800,0.0,0.0
2023-12-10,7194.89990234375,7226.7998046875,7189.89990234375,7199.0,662500,0.0,0.0
2023-12-11,7199.0,7241.2998046875,7196.2998046875,7235.2998046875,643000,0.0,0.0
2023-12-12,7235.2998046875,7271.10009765625,7234.2998046875,7257.7998046875,606900,0.0,0.0
2023-12-13,7257.7998046875,7380.2001953125,7257.7998046875,7377.89990234375,994800,0.0,0.0
2023-12-14,7377.89990234375,7462.2001953125,7377.89990234375,7442.7001953125,2016000,0.0,0.0
2023-12-17,7436.89990234375,7444.0,7406.39990234375,7426.39990234375,604600,0.0,0.0
2023-12-18,7426.39990234375,7494.10009765625,7425.10009765625,7489.10009765625,662300,0.0,0.0
2023-12-19,7489.10009765625,7552.2998046875,7489.10009765625,7537.89990234375,756600,0.0,0.0
2023-12-20,7537.89990234375,7537.89990234375,7486.89990234375,7504.10009765625,814600,0.0,0.0
2023-12-21,7504.10009765625,7521.89990234375,7497.0,7501.60009765625,648800,0.0,0.0
2023-12-26,7501.60009765625,7593.39990234375,7501.60009765625,7561.2001953125,415300,0.0,0.0
2023-12-27,7561.2001953125,7614.2998046875,7561.2001953125,7614.2998046875,378800,0.0,0.0
2023-12-28,7614.2998046875,7614.2998046875,7576.7001953125,7590.7998046875,387700,0.0,0.0
2024-01-01,7590.7998046875,7632.7001953125,7584.5,7627.7998046875,307500,0.0,0.0
2024-01-02,7627.7998046875,7627.7998046875,7521.89990234375,7523.2001953125,475500,0.0,0.0
2024-01-03,7523.2001953125,7529.89990234375,7481.10009765625,7494.10009765625,469800,0.0,0.0
2024-01-04,7492.5,7514.2998046875,7488.2001953125,7489.10009765625,437400,0.0,0.0
2024-01-07,7489.10009765625,7504.2001953125,7441.7998046875,7451.5,526400,0.0,0.0
2024-01-08,7464.7001953125,7541.89990234375,7464.7001953125,7520.5,530600,0.0,0.0
2024-01-09,7520.5,7520.5,7465.2001953125,7468.5,570700,0.0,0.0
2024-01-10,7468.5,7517.2001953125,7467.2001953125,7506.0,570300,0.0,0.0
2024-01-11,7506.0,7506.0,7474.2998046875,7498.2998046875,576600,0.0,0.0
2024-01-14,7495.2998046875,7505.10009765625,7477.60009765625,7496.2998046875,510300,0.0,0.0
2024-01-15,7496.2998046875,7496.2998046875,7402.2998046875,7414.7998046875,570700,0.0,0.0
2024-01-16,7414.7998046875,7418.89990234375,7372.60009765625,7393.10009765625,700400,0.0,0.0
2024-01-17,7371.5,7372.10009765625,7322.0,7346.5,729100,0.0,0.0
2024-01-18,7346.5,7446.7998046875,7346.5,7421.2001953125,673000,0.0,0.0
2024-01-21,7428.7001953125,7483.0,7428.2998046875,7476.60009765625,621400,0.0,0.0
2024-01-22,7476.60009765625,7530.2998046875,7476.60009765625,7514.89990234375,603300,0.0,0.0
2024-01-23,7514.89990234375,7536.39990234375,7498.89990234375,7519.2001953125,585700,0.0,0.0
2024-01-24,7519.2001953125,7558.7998046875,7519.2001953125,7555.39990234375,593500,0.0,0.0
2024-01-28,7544.39990234375,7583.60009765625,7544.2998046875,7578.39990234375,674800,0.0,0.0
2024-01-29,7578.39990234375,7630.5,7578.39990234375,7600.2001953125,635400,0.0,0.0
2024-01-30,7600.2001953125,7682.2998046875,7570.2001953125,7680.7001953125,0,0.0,0.0
2024-01-31,7680.7001953125,7680.7001953125,7579.5,7588.2001953125,620800,0.0,0.0
2024-02-01,7588.2001953125,7703.60009765625,7588.2001953125,7699.39990234375,643100,0.0,0.0
2024-02-04,7699.39990234375,7699.39990234375,7593.2998046875,7625.89990234375,474100,0.0,0.0
2024-02-05,7625.89990234375,7625.89990234375,7542.0,7581.60009765625,561900,0.0,0.0
2024-02-06,7615.7998046875,7656.0,7615.7998046875,7624.89990234375,112000,0.0,0.0
2024-02-07,7615.7998046875,7662.39990234375,7615.7998046875,7639.2001953125,574000,0.0,0.0
2024-02-08,7639.2998046875,7655.89990234375,7628.5,7644.7998046875,584100,0.0,0.0
2024-02-11,7644.7998046875,7644.7998046875,7609.39990234375,7614.89990234375,490100,0.0,0.0
2024-02-12,7614.89990234375,7632.7001953125,7599.0,7603.60009765625,635700,0.0,0.0
2024-02-13,7603.60009765625,7603.60009765625,7489.39990234375,7547.7001953125,876000,0.0,0.0
2024-02-14,7547.7001953125,7621.2998046875,7538.7001953125,7605.7001953125,911300,0.0,0.0
2024-02-15,7605.7001953125,7681.10009765625,7605.7001953125,7658.2998046875,902100,0.0,0.0
2024-02-18,7658.2998046875,7683.2998046875,7653.2001953125,7665.10009765625,742900,0.0,0.0
2024-02-19,7665.10009765625,7670.89990234375,7633.7998046875,7659.0,962400,0.0,0.0
2024-02-20,7608.39990234375,7612.2001953125,7588.2998046875,7597.7998046875,1218500,0.0,0.0
2024-02-21,7608.39990234375,7616.39990234375,7584.7001953125,7611.2001953125,2123700,0.0,0.0
2024-02-22,7611.2001953125,7661.2001953125,7611.2001953125,7643.60009765625,932200,0.0,0.0
2024-02-25,7643.60009765625,7683.2998046875,7636.5,7652.7998046875,0,0.0,0.0
2024-02-26,7652.7998046875,7664.7998046875,7610.7998046875,7663.0,736400,0.0,0.0
2024-02-27,7663.0,7682.2998046875,7637.60009765625,7660.39990234375,934100,0.0,0.0
2024-02-28,7660.39990234375,7703.7998046875,7631.0,7698.7001953125,1919000,0.0,0.0
2024-02-29,7698.7001953125,7745.60009765625,7696.5,7745.60009765625,907700,0.0,0.0
2024-03-03,7745.60009765625,7769.10009765625,7726.39990234375,7735.7998046875,833500,0.0,0.0
2024-03-04,7735.7998046875,7752.2001953125,7711.7001953125,7724.2001953125,795900,0.0,0.0
2024-03-05,7724.2001953125,7738.2001953125,7695.2001953125,7733.5,725100,0.0,0.0
2024-03-06,7733.5,7767.10009765625,7719.5,7763.7001953125,676900,0.0,0.0
2024-03-07,7763.7001953125,7853.10009765625,7763.7001953125,7847.0,755300,0.0,0.0
2024-03-10,7847.0,7847.0,7696.7998046875,7704.2001953125,110600,0.0,0.0
2024-03-11,7704.2001953125,7736.7001953125,7701.2001953125,7712.5,623600,0.0,0.0
2024-03-12,7712.5,7741.7998046875,7710.60009765625,7729.39990234375,687500,0.0,0.0
2024-03-13,7729.39990234375,7744.2001953125,7700.39990234375,7713.60009765625,857100,0.0,0.0
2024-03-14,7713.60009765625,7713.60009765625,7591.39990234375,7670.2998046875,2298400,0.0,0.0
2024-03-17,7670.2998046875,7679.5,7642.0,7675.7998046875,535500,0.0,0.0
2024-03-18,7675.7998046875,7708.0,7666.89990234375,7703.2001953125,559100,0.0,0.0
2024-03-19,7703.2001953125,7738.10009765625,7694.60009765625,7695.7998046875,535300,0.0,0.0
2024-03-20,7695.7998046875,7787.2001953125,7695.7998046875,7782.0,819900,0.0,0.0
2024-03-21,7782.0,7786.7998046875,7738.60009765625,7770.60009765625,636600,0.0,0.0
2024-03-24,7770.60009765625,7844.39990234375,7770.60009765625,7811.89990234375,462500,0.0,0.0
2024-03-25,7811.89990234375,7812.2998046875,7775.7001953125,7780.2001953125,579500,0.0,0.0
2024-03-26,7780.2001953125,7819.60009765625,7771.7998046875,7819.60009765625,473800,0.0,0.0
2024-03-27,7819.60009765625,7901.2001953125,7819.60009765625,7896.89990234375,704400,0.0,0.0
2024-04-01,7896.89990234375,7910.5,7867.7998046875,7887.89990234375,610100,0.0,0.0
2024-04-02,7887.89990234375,7895.7001953125,7770.89990234375,7782.5,679100,0.0,0.0
2024-04-03,7782.5,7834.39990234375,7782.5,7817.2998046875,537600,0.0,0.0
2024-04-04,7817.2998046875,7817.2998046875,7741.5,7773.2998046875,497200,0.0,0.0
2024-04-07,7773.2998046875,7801.5,7769.39990234375,7789.10009765625,542900,0.0,0.0
2024-04-08,7789.10009765625,7835.10009765625,7789.10009765625,7824.2001953125,536300,0.0,0.0
2024-04-09,7824.2001953125,7869.2998046875,7824.2001953125,7848.5,526200,0.0,0.0
2024-04-10,7848.5,7848.5,7752.10009765625,7813.60009765625,531300,0.0,0.0
2024-04-11,7813.60009765625,7813.60009765625,7765.2998046875,7788.10009765625,531600,0.0,0.0
2024-04-14,7788.10009765625,7788.89990234375,7735.2001953125,7752.5,551800,0.0,0.0
2024-04-15,7752.5,7752.5,7585.7998046875,7612.5,992200,0.0,0.0
2024-04-16,7612.5,7636.60009765625,7596.7001953125,7605.60009765625,531800,0.0,0.0
2024-04-17,7605.60009765625,7656.7998046875,7605.60009765625,7642.10009765625,511700,0.0,0.0
2024-04-18,7642.10009765625,7642.10009765625,7492.60009765625,7567.2998046875,692800,0.0,0.0
2024-04-21,7567.2998046875,7678.60009765625,7567.2998046875,7649.2001953125,479100,0.0,0.0
2024-04-22,7649.2001953125,7694.89990234375,7648.5,7683.5,565200,0.0,0.0
2024-04-23,7683.5,7724.0,7679.7001953125,7683.0,579200,0.0,0.0
2024-04-25,7683.0,7683.0,7568.10009765625,7575.89990234375,520500,0.0,0.0
2024-04-28,7575.89990234375,7646.39990234375,7575.89990234375,7637.39990234375,540400,0.0,0.0
2024-04-29,7637.39990234375,7664.10009765625,7623.39990234375,7664.10009765625,668600,0.0,0.0
2024-04-30,7664.10009765625,7664.10009765625,7556.5,7569.89990234375,559000,0.0,0.0
2024-05-01,7569.89990234375,7616.0,7569.89990234375,7587.0,692300,0.0,0.0
2024-05-02,7587.0,7640.2001953125,7587.0,7629.0,638400,0.0,0.0
2024-05-05,7629.0,7684.10009765625,7629.0,7682.39990234375,500800,0.0,0.0
2024-05-06,7682.39990234375,7793.2998046875,7682.39990234375,7793.2998046875,603300,0.0,0.0
2024-05-07,7793.2998046875,7814.89990234375,7788.10009765625,7804.5,517900,0.0,0.0
2024-05-08,7804.2998046875,7804.2998046875,7715.2001953125,7721.60009765625,512300,0.0,0.0
2024-05-09,7721.60009765625,7768.5,7721.60009765625,7749.0,462800,0.0,0.0
2024-05-12,7749.0,7750.0,7721.5,7750.0,423700,0.0,0.0
2024-05-13,7750.0,7750.0,7714.60009765625,7726.7998046875,479800,0.0,0.0
2024-05-14,7726.7998046875,7784.7998046875,7726.7998046875,7753.7001953125,419300,0.0,0.0
2024-05-15,7753.7001953125,7900.2001953125,7753.7001953125,7881.2998046875,655500,0.0,0.0
2024-05-16,7881.2998046875,7885.10009765625,7810.2998046875,7814.39990234375,524600,0.0,0.0
2024-05-19,7814.39990234375,7873.7998046875,7814.39990234375,7863.7001953125,614400,0.0,0.0
2024-05-20,7863.7001953125,7870.2001953125,7841.5,7851.7001953125,674000,0.0,0.0
2024-05-21,7851.7001953125,7879.60009765625,7848.10009765625,7848.10009765625,683500,0.0,0.0
2024-05-22,7848.10009765625,7848.10009765625,7764.60009765625,7811.7998046875,585000,0.0,0.0
2024-05-23,7811.7998046875,7811.7998046875,7716.89990234375,7727.60009765625,505400,0.0,0.0
2024-05-26,7734.2998046875,7793.2001953125,7734.2998046875,7788.2998046875,474300,0.0,0.0
2024-05-27,7788.2998046875,7801.39990234375,7765.7001953125,7766.7001953125,492200,0.0,0.0
2024-05-28,7766.7001953125,7766.7001953125,7660.89990234375,7665.60009765625,657000,0.0,0.0
2024-05-29,7665.60009765625,7665.60009765625,7601.5,7628.2001953125,577700,0.0,0.0
2024-05-30,7628.2001953125,7701.7001953125,7628.2001953125,7701.7001953125,1411400,0.0,0.0
2024-06-02,7701.7001953125,7779.0,7701.7001953125,7761.0,468600,0.0,0.0
2024-06-03,7761.0,7768.2001953125,7737.10009765625,7737.10009765625,471100,0.0,0.0
2024-06-04,7737.10009765625,7774.2998046875,7728.60009765625,7769.0,605000,0.0,0.0
2024-06-05,7769.0,7837.7998046875,7769.0,7821.7998046875,522700,0.0,0.0
2024-06-06,7821.7998046875,7861.7998046875,7821.7998046875,7860.0,479200,0.0,0.0
2024-06-10,7860.0,7860.0,7735.10009765625,7755.39990234375,701200,0.0,0.0
2024-06-11,7755.39990234375,7755.39990234375,7699.2001953125,7715.5,565300,0.0,0.0
2024-06-12,7715.5,7777.7998046875,7714.0,7749.7001953125,657700,0.0,0.0
2024-06-13,7749.7001953125,7751.7998046875,7718.0,7724.2998046875,526600,0.0,0.0
2024-06-16,7724.2998046875,7730.10009765625,7698.2001953125,7700.2998046875,574700,0.0,0.0
2024-06-17,7700.2998046875,7780.39990234375,7700.2998046875,7778.10009765625,647400,0.0,0.0
2024-06-18,7778.10009765625,7787.5,7755.2001953125,7769.7001953125,596300,0.0,0.0
2024-06-19,7769.7001953125,7772.0,7753.39990234375,7769.39990234375,831900,0.0,0.0
2024-06-20,7769.39990234375,7796.89990234375,7753.89990234375,7796.0,1735800,0.0,0.0
2024-06-23,7796.0,7796.10009765625,7730.5,7733.7001953125,562000,0.0,0.0
2024-06-24,7737.0,7838.7998046875,7737.0,7838.7998046875,624400,0.0,0.0
2024-06-25,7838.7998046875,7838.7998046875,7750.5,7783.0,720100,0.0,0.0
2024-06-26,7783.0,7783.0,7654.2001953125,7759.60009765625,714000,0.0,0.0
2024-06-27,7759.60009765625,7819.0,7754.89990234375,7767.5,748200,0.0,0.0
2024-06-30,7767.5,7767.5,7710.2998046875,7750.7001953125,484100,0.0,0.0
2024-07-01,7750.7001953125,7754.39990234375,7702.5,7718.2001953125,555500,0.0,0.0
2024-07-02,7718.2001953125,7744.10009765625,7718.2001953125,7739.89990234375,501700,0.0,0.0
2024-07-03,7739.89990234375,7835.7001953125,7739.89990234375,7831.7998046875,577800,0.0,0.0
2024-07-04,7831.7998046875,7831.7998046875,7807.7001953125,7822.2998046875,390300,0.0,0.0
2024-07-07,7822.2998046875,7822.2998046875,7759.5,7763.2001953125,465600,0.0,0.0
2024-07-08,7763.2001953125,7832.2998046875,7763.2001953125,7829.7001953125,500400,0.0,0.0
2024-07-09,7829.7001953125,7829.7001953125,7782.0,7816.7998046875,526500,0.0,0.0
2024-07-10,7816.7998046875,7902.60009765625,7816.7998046875,7889.60009765625,523500,0.0,0.0
2024-07-11,7889.60009765625,7969.10009765625,7889.0,7959.2998046875,545600,0.0,0.0
2024-07-14,7959.2998046875,8037.2998046875,7959.2998046875,8017.60009765625,508500,0.0,0.0
2024-07-15,8017.60009765625,8018.0,7996.89990234375,7999.2998046875,522100,0.0,0.0
2024-07-16,7999.2998046875,8083.7001953125,7999.2998046875,8057.89990234375,570800,0.0,0.0
2024-07-17,8057.89990234375,8070.39990234375,8026.2001953125,8036.5,616600,0.0,0.0
2024-07-18,8036.5,8036.5,7923.60009765625,7971.60009765625,572900,0.0,0.0
2024-07-21,7971.60009765625,7971.60009765625,7902.39990234375,7931.7001953125,491900,0.0,0.0
2024-07-22,7931.7001953125,7993.2998046875,7931.7001953125,7971.10009765625,716600,0.0,0.0
2024-07-23,7971.10009765625,7973.7998046875,7944.2998046875,7963.7001953125,571500,0.0,0.0
2024-07-24,7963.7001953125,7963.7001953125,7861.2001953125,7861.2001953125,669200,0.0,0.0
2024-07-25,7861.2001953125,7938.2998046875,7861.2001953125,7921.2998046875,637400,0.0,0.0
2024-07-28,7921.2998046875,8000.0,7921.2998046875,7989.60009765625,519600,0.0,0.0
2024-07-29,7989.60009765625,7989.60009765625,7894.2998046875,7953.2001953125,499600,0.0,0.0
2024-07-30,7953.2001953125,8092.2998046875,7952.7998046875,8092.2998046875,821600,0.0,0.0
2024-07-31,8092.2998046875,8148.7001953125,8092.2998046875,8114.7001953125,586100,0.0,0.0
2024-08-01,8114.7001953125,8114.7001953125,7920.0,7943.2001953125,690200,0.0,0.0
2024-08-04,7943.2001953125,7943.2001953125,7635.5,7649.60009765625,766500,0.0,0.0
2024-08-05,7649.60009765625,7713.7001953125,7628.10009765625,7680.60009765625,674900,0.0,0.0
2024-08-06,7680.60009765625,7738.2001953125,7643.2998046875,7699.7998046875,987000,0.0,0.0
2024-08-07,7699.7998046875,7703.39990234375,7644.2001953125,7682.0,730400,0.0,0.0
2024-08-08,7682.0,7795.10009765625,7682.0,7777.7001953125,519800,0.0,0.0
2024-08-11,7777.7001953125,7836.7998046875,7777.7001953125,7813.7001953125,510700,0.0,0.0
2024-08-12,7813.7001953125,7835.2001953125,7801.60009765625,7826.7998046875,637000,0.0,0.0
2024-08-13,7826.7998046875,7910.2001953125,7826.7998046875,7850.7001953125,561100,0.0,0.0
2024-08-14,7850.7001953125,7898.7001953125,7846.60009765625,7865.5,690200,0.0,0.0
2024-08-15,7865.5,7976.89990234375,7865.5,7971.10009765625,763300,0.0,0.0
2024-08-18,7971.10009765625,7990.89990234375,7950.60009765625,7980.39990234375,513600,0.0,0.0
2024-08-19,7980.39990234375,8025.2001953125,7980.39990234375,7997.7001953125,565700,0.0,0.0
2024-08-20,7997.7001953125,8010.5,7951.5,8010.5,673900,0.0,0.0
2024-08-21,8010.5,8039.7001953125,8010.5,8027.0,621300,0.0,0.0
2024-08-22,8027.0,8027.0,7990.2998046875,8023.89990234375,645200,0.0,0.0
2024-08-25,8023.89990234375,8086.7001953125,8023.89990234375,8084.5,553600,0.0,0.0
2024-08-26,8084.5,8107.2998046875,8062.39990234375,8071.2001953125,656600,0.0,0.0
2024-08-27,8071.2001953125,8071.39990234375,8008.89990234375,8071.39990234375,743500,0.0,0.0
2024-08-28,8071.39990234375,8071.39990234375,8017.7001953125,8045.10009765625,743100,0.0,0.0
2024-08-29,8045.10009765625,8091.89990234375,8045.10009765625,8091.89990234375,1198800,0.0,0.0
2024-09-01,8091.7998046875,8116.89990234375,8041.2998046875,8109.89990234375,617200,0.0,0.0
2024-09-02,8109.89990234375,8110.2001953125,8073.7001953125,8103.2001953125,633900,0.0,0.0
2024-09-03,8103.2001953125,8103.2001953125,7928.5,7950.5,735200,0.0,0.0
2024-09-04,7950.5,7991.7998046875,7950.5,7982.39990234375,796400,0.0,0.0
2024-09-05,7982.39990234375,8030.2998046875,7982.39990234375,8013.39990234375,633300,0.0,0.0
2024-09-08,8013.39990234375,8013.39990234375,7918.89990234375,7988.10009765625,617700,0.0,0.0
2024-09-09,7988.10009765625,8057.89990234375,7988.10009765625,8011.89990234375,660100,0.0,0.0
2024-09-10,8011.89990234375,8024.5,7963.89990234375,7987.89990234375,690000,0.0,0.0
2024-09-11,8075.7001953125,8075.7001953125,8075.7001953125,8075.7001953125,0,0.0,0.0
2024-09-12,8075.7001953125,8143.60009765625,8075.7001953125,8099.89990234375,730500,0.0,0.0
2024-09-15,8099.89990234375,8145.0,8099.89990234375,8121.60009765625,581200,0.0,0.0
2024-09-16,8121.60009765625,8150.5,8121.60009765625,8140.89990234375,512800,0.0,0.0
2024-09-17,8140.89990234375,8153.5,8114.10009765625,8142.10009765625,521000,0.0,0.0
2024-09-18,8142.10009765625,8200.2998046875,8133.10009765625,8191.89990234375,850000,0.0,0.0
2024-09-19,8191.89990234375,8246.2001953125,8188.0,8209.5,2007100,0.0,0.0
2024-09-22,8209.5,8209.5,8131.5,8152.89990234375,616300,0.0,0.0
2024-09-23,8152.89990234375,8172.7001953125,8111.2998046875,8142.0,630100,0.0,0.0
2024-09-24,8142.0,8179.10009765625,8115.0,8126.39990234375,682000,0.0,0.0
2024-09-25,8126.39990234375,8207.7001953125,8126.39990234375,8203.7001953125,713000,0.0,0.0
2024-09-26,8203.7001953125,8225.5,8203.7001953125,8212.2001953125,940200,0.0,0.0
2024-09-29,8212.2001953125,8285.7001953125,8212.2001953125,8269.7998046875,877900,0.0,0.0
2024-09-30,8269.7998046875,8269.7998046875,8186.60009765625,8208.900390625,579500,0.0,0.0
2024-10-01,8208.900390625,8214.900390625,8176.7998046875,8198.2001953125,577400,0.0,0.0
2024-10-02,8198.2001953125,8221.7001953125,8186.10009765625,8205.2001953125,646700,0.0,0.0
2024-10-03,8205.2001953125,8205.2001953125,8107.60009765625,8150.0,560800,0.0,0.0
2024-10-06,8150.0,8210.599609375,8147.5,8205.400390625,439700,0.0,0.0
2024-10-07,8205.400390625,8223.5,8164.7998046875,8176.89990234375,565400,0.0,0.0
2024-10-08,8176.89990234375,8226.7001953125,8173.7998046875,8187.39990234375,520600,0.0,0.0
2024-10-09,8187.39990234375,8242.7998046875,8187.39990234375,8223.0,592100,0.0,0.0
2024-10-10,8223.0,8228.2998046875,8200.0,8214.5,477800,0.0,0.0
2024-10-13,8214.5,8271.7998046875,8214.5,8252.7998046875,484400,0.0,0.0
2024-10-14,8252.7998046875,8331.7001953125,8252.7998046875,8318.400390625,548700,0.0,0.0
2024-10-15,8318.400390625,8318.400390625,8274.2998046875,8284.7001953125,611600,0.0,0.0
2024-10-16,8284.7001953125,8384.5,8284.7001953125,8355.900390625,748400,0.0,0.0
2024-10-17,8355.900390625,8355.900390625,8261.5,8283.2001953125,705400,0.0,0.0
2024-10-20,8283.7998046875,8356.400390625,8283.7998046875,8344.400390625,600100,0.0,0.0
2024-10-21,8344.400390625,8344.400390625,8201.599609375,8205.7001953125,559600,0.0,0.0
2024-10-22,8205.7001953125,8232.599609375,8196.2001953125,8216.0,500100,0.0,0.0
2024-10-23,8216.0,8247.5,8183.7998046875,8206.2998046875,628600,0.0,0.0
2024-10-24,8206.2998046875,8248.099609375,8206.2998046875,8211.2998046875,475100,0.0,0.0
2024-10-27,8211.2998046875,8226.5,8199.7001953125,8221.5,479000,0.0,0.0
2024-10-28,8221.5,8272.099609375,8221.5,8249.2001953125,598100,0.0,0.0
2024-10-29,8249.2001953125,8259.400390625,8167.2998046875,8180.39990234375,714800,0.0,0.0
2024-10-30,8180.39990234375,8184.39990234375,8129.60009765625,8160.0,693500,0.0,0.0
2024-10-31,8160.0,8160.0,8063.2001953125,8118.7998046875,494600,0.0,0.0
2024-11-03,8118.7998046875,8180.39990234375,8118.7998046875,8164.60009765625,490400,0.0,0.0
2024-11-04,8164.60009765625,8165.10009765625,8113.39990234375,8131.7998046875,380500,0.0,0.0
2024-11-05,8131.7998046875,8224.2001953125,8131.7998046875,8199.5,488500,0.0,0.0
2024-11-06,8226.2998046875,8301.2001953125,8226.2998046875,8285.599609375,52500,0.0,0.0
2024-11-07,8226.2998046875,8319.400390625,8226.2998046875,8295.099609375,530300,0.0,0.0
2024-11-10,8295.099609375,8295.099609375,8246.7001953125,8266.2001953125,521000,0.0,0.0
2024-11-11,8266.2001953125,8266.2001953125,8215.7998046875,8255.599609375,622100,0.0,0.0
2024-11-12,8255.599609375,8255.599609375,8139.10009765625,8193.400390625,555200,0.0,0.0
2024-11-13,8193.400390625,8239.400390625,8193.400390625,8224.0,520400,0.0,0.0
2024-11-14,8224.0,8285.2001953125,8224.0,8285.2001953125,535900,0.0,0.0
2024-11-17,8285.2001953125,8317.7001953125,8244.2998046875,8300.2001953125,516900,0.0,0.0
2024-11-18,8300.2001953125,8446.400390625,8300.2001953125,8374.0,571600,0.0,0.0
2024-11-19,8374.0,8379.7998046875,8318.2001953125,8326.2998046875,509000,0.0,0.0
2024-11-20,8326.2998046875,8362.7998046875,8305.400390625,8323.0,527800,0.0,0.0
2024-11-21,8323.0,8416.400390625,8323.0,8393.7998046875,555800,0.0,0.0
2024-11-24,8393.7998046875,8462.099609375,8393.7998046875,8417.599609375,1405400,0.0,0.0
2024-11-25,8417.599609375,8433.0,8352.7998046875,8359.400390625,582800,0.0,0.0
2024-11-26,8359.400390625,8417.2998046875,8359.400390625,8406.7001953125,513900,0.0,0.0
2024-11-27,8406.7001953125,8477.099609375,8406.7001953125,8444.2998046875,568400,0.0,0.0
2024-11-28,8444.2998046875,8444.2998046875,8390.099609375,8436.2001953125,496000,0.0,0.0
2024-12-01,8436.2001953125,8466.400390625,8434.599609375,8447.900390625,525200,0.0,0.0
2024-12-02,8447.900390625,8514.5,8447.900390625,8495.2001953125,674800,0.0,0.0
2024-12-03,8495.2001953125,8497.7998046875,8429.2001953125,8462.599609375,564500,0.0,0.0
2024-12-04,8462.599609375,8494.5,8462.2998046875,8474.900390625,598100,0.0,0.0
2024-12-05,8474.900390625,8474.900390625,8419.099609375,8420.900390625,537500,0.0,0.0
2024-12-08,8420.900390625,8423.0,8371.099609375,8423.0,604500,0.0,0.0
2024-12-09,8423.0,8447.7001953125,8360.099609375,8393.0,758700,0.0,0.0
2024-12-10,8393.0,8395.900390625,8342.099609375,8353.599609375,562200,0.0,0.0
2024-12-11,8353.599609375,8386.400390625,8326.599609375,8330.2998046875,609800,0.0,0.0
2024-12-12,8330.2998046875,8330.2998046875,8263.5,8296.0,488000,0.0,0.0
2024-12-15,8296.0,8296.0,8241.0,8249.5,604000,0.0,0.0
2024-12-16,8249.5,8327.2998046875,8236.7001953125,8314.0,541000,0.0,0.0
2024-12-17,8314.0,8342.900390625,8296.5,8309.400390625,589500,0.0,0.0
2024-12-18,8309.400390625,8309.400390625,8125.7001953125,8168.2001953125,822700,0.0,0.0
2024-12-19,8168.2001953125,8168.2001953125,8051.2001953125,8067.0,1250200,0.0,0.0
2024-12-22,8067.0,8201.599609375,8067.0,8201.599609375,362900,0.0,0.0
2024-12-23,8201.599609375,8226.7998046875,8193.5,8220.900390625,183500,0.0,0.0
2024-12-26,8220.900390625,8281.400390625,8220.2001953125,8261.7998046875,283700,0.0,0.0
2024-12-29,8261.7998046875,8261.7998046875,8184.2001953125,8235.0,306700,0.0,0.0
2024-12-30,8235.0,8235.0,8159.10009765625,8159.10009765625,277800,0.0,0.0
2025-01-01,8159.10009765625,8204.2001953125,8146.60009765625,8201.2001953125,304400,0.0,0.0
2025-01-02,8201.2001953125,8263.900390625,8200.2001953125,8250.5,329100,0.0,0.0
2025-01-05,8257.400390625,8292.400390625,8257.400390625,8288.5,52200,0.0,0.0
2025-01-06,8257.400390625,8297.599609375,8257.400390625,8285.099609375,424300,0.0,0.0
2025-01-07,8285.099609375,8370.7001953125,8262.2998046875,8349.099609375,488800,0.0,0.0
2025-01-08,8349.099609375,8349.099609375,8291.900390625,8329.2001953125,561900,0.0,0.0
2025-01-09,8329.2001953125,8356.2001953125,8262.2001953125,8294.099609375,525900,0.0,0.0
2025-01-12,8294.099609375,8294.099609375,8160.7001953125,8191.89990234375,523200,0.0,0.0
2025-01-13,8191.89990234375,8253.7998046875,8191.89990234375,8231.0,525500,0.0,0.0
2025-01-14,8231.0,8263.5,8212.900390625,8213.2998046875,502700,0.0,0.0
2025-01-15,8213.2998046875,8345.599609375,8213.2998046875,8327.0,527200,0.0,0.0
2025-01-16,8327.0,8346.7998046875,8303.0,8310.400390625,525900,0.0,0.0
2025-01-19,8347.400390625,8407.099609375,8347.400390625,8402.0,62700,0.0,0.0
2025-01-20,8402.400390625,8429.599609375,8396.2998046875,8420.2998046875,44800,0.0,0.0
2025-01-21,8402.400390625,8455.599609375,8396.2998046875,8429.7998046875,558000,0.0,0.0
2025-01-22,8429.7998046875,8429.7998046875,8366.0,8378.7001953125,543700,0.0,0.0
2025-01-23,8378.7001953125,8421.099609375,8378.7001953125,8408.900390625,434700,0.0,0.0
2025-01-27,8408.900390625,8427.099609375,8386.5,8399.099609375,607900,0.0,0.0
2025-01-28,8401.400390625,8481.599609375,8396.400390625,8447.0,589100,0.0,0.0
2025-01-29,8493.7001953125,8550.2001953125,8493.7001953125,8550.099609375,82600,0.0,0.0
2025-01-30,8493.7001953125,8566.900390625,8493.7001953125,8532.2998046875,738300,0.0,0.0
2025-02-02,8532.2998046875,8532.2998046875,8353.900390625,8379.400390625,598200,0.0,0.0
2025-02-03,8379.400390625,8446.7998046875,8374.0,8374.0,565500,0.0,0.0
2025-02-04,8374.0,8441.2001953125,8374.0,8416.900390625,618200,0.0,0.0
2025-02-05,8416.900390625,8523.2001953125,8416.900390625,8520.7001953125,616800,0.0,0.0
2025-02-06,8520.7001953125,8532.599609375,8498.7001953125,8511.400390625,485000,0.0,0.0
2025-02-09,8511.400390625,8511.400390625,8445.2998046875,8482.7998046875,477700,0.0,0.0
2025-02-10,8482.7998046875,8515.2998046875,8480.599609375,8484.0,670100,0.0,0.0
2025-02-11,8484.0,8535.2998046875,8469.7001953125,8535.2998046875,683600,0.0,0.0
2025-02-12,8535.2998046875,8575.2001953125,8534.599609375,8540.0,776000,0.0,0.0
2025-02-13,8540.0,8615.2001953125,8540.0,8555.7998046875,750900,0.0,0.0
2025-02-16,8537.099609375,8544.7001953125,8505.7998046875,8505.7998046875,81900,0.0,0.0
2025-02-17,8537.099609375,8544.7001953125,8468.7001953125,8481.0,631300,0.0,0.0
2025-02-18,8481.0,8482.0,8389.400390625,8419.2001953125,757300,0.0,0.0
2025-02-19,8419.2001953125,8419.2001953125,8287.7998046875,8322.7998046875,893600,0.0,0.0
2025-02-20,8322.7998046875,8354.0,8289.7001953125,8296.2001953125,698400,0.0,0.0
2025-02-23,8296.2001953125,8310.0,8216.2998046875,8308.2001953125,762700,0.0,0.0
2025-02-24,8308.2001953125,8308.2001953125,8227.599609375,8251.900390625,754100,0.0,0.0
2025-02-25,8251.900390625,8251.900390625,8210.099609375,8240.7001953125,694700,0.0,0.0
2025-02-26,8240.7001953125,8300.0,8240.7001953125,8268.2001953125,694100,0.0,0.0
2025-02-27,8268.2001953125,8268.2001953125,8155.5,8172.39990234375,1960900,0.0,0.0
2025-03-02,8172.39990234375,8251.900390625,8172.39990234375,8245.7001953125,707200,0.0,0.0
2025-03-03,8245.7001953125,8245.7001953125,8150.2001953125,8198.099609375,706000,0.0,0.0
2025-03-04,8198.099609375,8198.099609375,8096.0,8141.10009765625,736500,0.0,0.0
2025-03-05,8141.10009765625,8179.7001953125,8076.39990234375,8094.7001953125,732100,0.0,0.0
2025-03-06,8094.7001953125,8094.7001953125,7946.39990234375,7948.2001953125,672900,0.0,0.0
2025-03-09,7948.2001953125,7978.60009765625,7948.10009765625,7962.2998046875,555900,0.0,0.0
2025-03-10,7962.2998046875,7962.2998046875,7818.2998046875,7890.10009765625,1149100,0.0,0.0
2025-03-11,7890.10009765625,7890.10009765625,7733.5,7786.2001953125,952200,0.0,0.0
2025-03-12,7786.2001953125,7821.10009765625,7746.39990234375,7749.10009765625,821800,0.0,0.0
2025-03-13,7749.10009765625,7795.2998046875,7740.10009765625,7789.7001953125,710100,0.0,0.0
2025-03-16,7792.2998046875,7858.5,7792.2998046875,7854.10009765625,648300,0.0,0.0
2025-03-17,7854.10009765625,7922.89990234375,7850.0,7860.39990234375,700500,0.0,0.0
2025-03-18,7860.39990234375,7868.5,7808.7998046875,7828.2998046875,756800,0.0,0.0
2025-03-19,7828.2998046875,7931.2001953125,7828.2998046875,7918.89990234375,1030200,0.0,0.0
2025-03-20,7918.89990234375,7962.60009765625,7905.10009765625,7931.2001953125,2217500,0.0,0.0
2025-03-23,7931.2001953125,7939.2001953125,7899.5,7936.89990234375,633300,0.0,0.0
2025-03-24,7936.89990234375,7994.0,7936.89990234375,7942.5,651400,0.0,0.0
2025-03-25,7942.5,8014.89990234375,7942.5,7999.0,710600,0.0,0.0
2025-03-26,7999.0,7999.0,7936.2001953125,7969.0,715800,0.0,0.0
2025-03-27,7969.0,8001.0,7941.5,7982.0,600300,0.0,0.0
2025-03-30,7982.0,7982.0,7843.0,7843.39990234375,812600,0.0,0.0
2025-03-31,7843.39990234375,7925.2001953125,7843.39990234375,7925.2001953125,632700,0.0,0.0
2025-04-01,7925.2001953125,7978.39990234375,7925.2001953125,7934.5,649300,0.0,0.0
2025-04-02,7934.5,7934.5,7768.0,7859.7001953125,800600,0.0,0.0
2025-04-03,7859.7001953125,7859.7001953125,7664.2001953125,7667.7998046875,960900,0.0,0.0
2025-04-06,7667.7998046875,7667.7998046875,7169.2001953125,7343.2998046875,1507200,0.0,0.0
2025-04-07,7343.2998046875,7510.0,7343.2998046875,7510.0,1017100,0.0,0.0
2025-04-08,7510.0,7510.0,7349.0,7375.0,939800,0.0,0.0
2025-04-09,7375.0,7842.89990234375,7375.0,7709.60009765625,1010100,0.0,0.0
2025-04-10,7709.60009765625,7709.60009765625,7524.5,7646.5,834800,0.0,0.0
2025-04-13,7646.5,7764.10009765625,7646.5,7748.60009765625,661200,0.0,0.0
2025-04-14,7748.60009765625,7798.7001953125,7743.60009765625,7761.7001953125,676700,0.0,0.0
2025-04-15,7761.7001953125,7791.39990234375,7747.5,7758.89990234375,730500,0.0,0.0
2025-04-16,7758.89990234375,7819.10009765625,7757.39990234375,7819.10009765625,679500,0.0,0.0
2025-04-21,7819.10009765625,7822.39990234375,7745.10009765625,7816.7001953125,653900,0.0,0.0
2025-04-22,7816.7001953125,7961.7998046875,7816.7001953125,7920.5,1008200,0.0,0.0
2025-04-23,7920.5,7983.7998046875,7920.5,7968.2001953125,639100,0.0,0.0
2025-04-27,7968.2001953125,8051.7998046875,7968.2001953125,7997.10009765625,769000,0.0,0.0
2025-04-28,7997.10009765625,8076.7001953125,7997.10009765625,8070.60009765625,710800,0.0,0.0
2025-04-29,8070.60009765625,8126.2001953125,8069.10009765625,8126.2001953125,889500,0.0,0.0
2025-04-30,8126.2001953125,8152.5,8109.7001953125,8145.60009765625,676700,0.0,0.0
2025-05-01,8145.60009765625,8239.599609375,8129.7998046875,8238.0,772200,0.0,0.0
2025-05-04,8238.0,8240.5,8157.7001953125,8157.7998046875,637000,0.0,0.0
2025-05-05,8157.7001953125,8168.89990234375,8138.39990234375,8151.39990234375,609600,0.0,0.0
2025-05-06,8151.39990234375,8191.39990234375,8151.39990234375,8178.2998046875,886600,0.0,0.0
2025-05-07,8178.2998046875,8211.2001953125,8154.7998046875,8191.7001953125,763100,0.0,0.0
2025-05-08,8191.7001953125,8242.900390625,8183.2998046875,8231.2001953125,802000,0.0,0.0
2025-05-11,8231.2001953125,8279.2998046875,8231.2001953125,8233.5,661800,0.0,0.0
2025-05-12,8233.5,8314.0,8233.5,8269.0,924400,0.0,0.0
2025-05-13,8269.0,8279.599609375,8247.0,8279.599609375,732500,0.0,0.0
2025-05-14,8279.599609375,8303.099609375,8257.400390625,8297.5,753000,0.0,0.0
2025-05-15,8297.5,8398.2001953125,8297.5,8343.7001953125,762700,0.0,0.0
2025-05-18,8343.7001953125,8344.7998046875,8284.0,8295.099609375,626300,0.0,0.0
2025-05-19,8295.099609375,8364.5,8295.099609375,8343.2998046875,641000,0.0,0.0
2025-05-20,8343.2998046875,8422.900390625,8343.2998046875,8386.7998046875,648000,0.0,0.0
2025-05-21,8386.7998046875,8386.7998046875,8311.400390625,8348.7001953125,626900,0.0,0.0
2025-05-22,8348.7001953125,8380.599609375,8339.599609375,8360.900390625,552500,0.0,0.0
2025-05-25,8360.7001953125,8369.2998046875,8345.5,8361.0,502900,0.0,0.0
2025-05-26,8361.0,8407.599609375,8355.900390625,8407.599609375,540100,0.0,0.0
2025-05-27,8405.7001953125,8453.0,8392.400390625,8396.900390625,628500,0.0,0.0
2025-05-28,8396.900390625,8427.2998046875,8392.099609375,8409.7998046875,635000,0.0,0.0
2025-05-29,8409.7998046875,8439.7998046875,8380.2998046875,8434.7001953125,2254700,0.0,0.0
2025-06-01,8434.7001953125,8435.5,8401.099609375,8414.099609375,581600,0.0,0.0
2025-06-02,8414.099609375,8479.5,8414.099609375,8466.7001953125,692300,0.0,0.0
2025-06-03,8466.7001953125,8546.5,8466.7001953125,8541.7998046875,768800,0.0,0.0
2025-06-04,8541.7998046875,8567.2998046875,8526.900390625,8538.900390625,694400,0.0,0.0
2025-06-05,8538.900390625,8555.599609375,8515.7001953125,8515.7001953125,588300,0.0,0.0
2025-06-09,8515.7001953125,8592.0,8515.7001953125,8587.2001953125,750900,0.0,0.0
2025-06-10,8587.2001953125,8639.099609375,8587.2001953125,8592.099609375,726500,0.0,0.0
2025-06-11,8592.099609375,8617.7998046875,8565.099609375,8565.099609375,960100,0.0,0.0
2025-06-12,8565.099609375,8577.400390625,8525.400390625,8547.400390625,774600,0.0,0.0
2025-06-15,8547.400390625,8579.099609375,8538.599609375,8548.400390625,755300,0.0,0.0
2025-06-16,8548.400390625,8566.7998046875,8525.0,8541.2998046875,706500,0.0,0.0
2025-06-17,8541.2998046875,8553.0,8520.0,8531.2001953125,699800,0.0,0.0
2025-06-18,8531.2001953125,8540.2998046875,8504.7001953125,8523.7001953125,755500,0.0,0.0
2025-06-19,8523.7001953125,8526.5,8462.7001953125,8505.5,1873100,0.0,0.0
2025-06-22,8505.5,8505.5,8421.099609375,8474.900390625,619800,0.0,0.0
2025-06-23,8474.900390625,8574.0,8474.900390625,8555.5,685400,0.0,0.0
2025-06-24,8555.5,8577.2998046875,8547.2001953125,8559.2001953125,645700,0.0,0.0
2025-06-25,8559.2001953125,8560.400390625,8533.0,8550.7998046875,704100,0.0,0.0
2025-06-26,8551.099609375,8605.7001953125,8514.2001953125,8514.2001953125,819600,0.0,0.0
2025-06-29,8514.2001953125,8576.7001953125,8514.2001953125,8542.2998046875,822400,0.0,0.0
2025-06-30,8542.2998046875,8576.0,8541.099609375,8541.099609375,686500,0.0,0.0
2025-07-01,8541.099609375,8613.0,8536.7001953125,8597.7001953125,758400,0.0,0.0
2025-07-02,8597.5,8623.599609375,8543.2001953125,8595.7998046875,721600,0.0,0.0
2025-07-03,8595.7998046875,8616.7998046875,8589.5,8603.0,497100,0.0,0.0
2025-07-06,8603.0,8617.0,8572.099609375,8589.2998046875,500900,0.0,0.0
2025-07-07,8589.099609375,8610.0,8550.2001953125,8590.7001953125,646500,0.0,0.0
2025-07-08,8590.7001953125,8590.7001953125,8531.400390625,8538.599609375,625900,0.0,0.0
2025-07-09,8538.599609375,8610.7998046875,8538.599609375,8589.2001953125,536800,0.0,0.0
2025-07-10,8589.2001953125,8619.7998046875,8568.2001953125,8580.099609375,565200,0.0,0.0
2025-07-13,8580.099609375,8593.599609375,8558.2998046875,8570.400390625,526900,0.0,0.0
2025-07-14,8570.400390625,8632.7998046875,8570.400390625,8630.2998046875,556900,0.0,0.0
2025-07-15,8630.2998046875,8630.2998046875,8544.7001953125,8561.7998046875,529200,0.0,0.0
2025-07-16,8561.7998046875,8641.2998046875,8561.7998046875,8639.0,739200,0.0,0.0
2025-07-17,8639.0,8776.400390625,8639.0,8757.2001953125,717800,0.0,0.0
2025-07-20,8757.099609375,8757.099609375,8648.400390625,8668.2001953125,538100,0.0,0.0
2025-07-21,8668.2001953125,8714.599609375,8652.599609375,8677.2001953125,690800,0.0,0.0
2025-07-22,8677.2001953125,8748.599609375,8677.2001953125,8737.2001953125,704900,0.0,0.0
2025-07-23,8737.2001953125,8759.900390625,8698.5,8709.400390625,801300,0.0,0.0
2025-07-24,8709.400390625,8709.400390625,8658.2001953125,8666.900390625,588200,0.0,0.0
2025-07-27,8667.0,8704.900390625,8667.0,8697.7001953125,696400,0.0,0.0
2025-07-28,8697.7001953125,8704.599609375,8643.5,8704.599609375,631600,0.0,0.0
2025-07-29,8704.599609375,8773.0,8688.2001953125,8756.400390625,691700,0.0,0.0
2025-07-30,8756.400390625,8756.400390625,8701.2998046875,8742.7998046875,726900,0.0,0.0
2025-07-31,8742.7998046875,8742.7998046875,8650.900390625,8662.0,574800,0.0,0.0
2025-08-03,8662.0,8666.7001953125,8630.900390625,8663.7001953125,501200,0.0,0.0
2025-08-04,8663.7001953125,8774.099609375,8663.7001953125,8770.400390625,601800,0.0,0.0
2025-08-05,8770.400390625,8848.7998046875,8770.400390625,8843.7001953125,606500,0.0,0.0
2025-08-06,8840.900390625,8844.900390625,8818.7001953125,8831.400390625,614000,0.0,0.0
2025-08-07,8831.400390625,8831.400390625,8790.2998046875,8807.099609375,648500,0.0,0.0
2025-08-10,8817.2001953125,8852.2998046875,8815.2001953125,8844.7998046875,656800,0.0,0.0
2025-08-11,8844.7998046875,8885.7001953125,8828.7998046875,8880.7998046875,682100,0.0,0.0
2025-08-12,8880.7998046875,8890.5,8815.2998046875,8827.099609375,641800,0.0,0.0
2025-08-13,8827.099609375,8899.099609375,8827.099609375,8873.7998046875,709300,0.0,0.0
2025-08-14,8871.0,8938.599609375,8863.599609375,8938.599609375,622200,0.0,0.0
2025-08-17,8938.599609375,8963.0,8912.2001953125,8959.2998046875,571300,0.0,0.0
2025-08-18,8959.2998046875,8959.2998046875,8887.2998046875,8896.2001953125,644200,0.0,0.0
2025-08-19,8896.2001953125,8950.5,8857.7998046875,8918.0,777400,0.0,0.0
2025-08-20,8918.0,9019.099609375,8918.0,9019.099609375,852500,0.0,0.0
2025-08-21,9019.099609375,9025.5,8967.400390625,8967.400390625,817700,0.0,0.0
2025-08-24,8967.400390625,9054.5,8965.900390625,8972.400390625,747200,0.0,0.0
2025-08-25,8972.400390625,8984.900390625,8917.599609375,8935.599609375,1056400,0.0,0.0
2025-08-26,8935.599609375,8965.0,8935.2001953125,8960.5,907800,0.0,0.0
2025-08-27,8960.5,8980.0,8948.2001953125,8980.0,897300,0.0,0.0
2025-08-28,8980.0,8991.0,8948.0,8973.099609375,1014700,0.0,0.0
2025-08-31,8973.099609375,8973.099609375,8907.0,8927.7001953125,618100,0.0,0.0
2025-09-01,8927.7001953125,8928.0,8891.2001953125,8900.599609375,553300,0.0,0.0
2025-09-02,8900.599609375,8900.599609375,8731.2998046875,8738.7998046875,784800,0.0,0.0
2025-09-03,8738.7998046875,8831.7001953125,8738.7998046875,8826.5,706500,0.0,0.0
2025-09-04,8826.5,8880.7001953125,8826.5,8871.2001953125,627100,0.0,0.0
2025-09-07,8871.2001953125,8871.2001953125,8826.900390625,8849.599609375,592500,0.0,0.0
2025-09-08,8849.599609375,8849.599609375,8783.400390625,8803.5,690400,0.0,0.0
2025-09-09,8803.5,8837.400390625,8790.400390625,8830.400390625,809800,0.0,0.0
2025-09-10,8830.400390625,8830.400390625,8782.599609375,8805.0,773200,0.0,0.0
2025-09-11,8805.0,8887.599609375,8805.0,8864.900390625,633800,0.0,0.0
2025-09-14,8864.900390625,8864.900390625,8794.0,8853.0,616700,0.0,0.0
2025-09-15,8853.0,8888.0,8853.0,8877.7001953125,644700,0.0,0.0
2025-09-16,8877.7001953125,8877.7001953125,8803.5,8818.5,660500,0.0,0.0
2025-09-17,8818.5,8818.5,8737.5,8745.2001953125,762800,0.0,0.0
2025-09-18,8745.2001953125,8821.0,8745.2001953125,8773.5,2579200,0.0,0.0
2025-09-21,8773.5,8846.0,8773.5,8810.900390625,611200,0.0,0.0
2025-09-22,8810.900390625,8877.099609375,8810.0,8845.900390625,742600,0.0,0.0
2025-09-23,8845.900390625,8845.900390625,8744.2998046875,8764.5,715300,0.0,0.0
2025-09-24,8764.5,8793.599609375,8737.900390625,8773.0,837400,0.0,0.0
2025-09-25,8773.0,8795.599609375,8746.2998046875,8787.7001953125,832800,0.0,0.0
2025-09-28,8787.7001953125,8871.7001953125,8787.7001953125,8862.7998046875,575600,0.0,0.0
2025-09-29,8862.7998046875,8892.400390625,8842.400390625,8848.7998046875,874400,0.0,0.0
2025-09-30,8848.7998046875,8864.2998046875,8809.0,8845.7001953125,729400,0.0,0.0
2025-10-01,8845.7001953125,8965.900390625,8845.7001953125,8945.900390625,790100,0.0,0.0
2025-10-02,8945.900390625,8995.5,8927.900390625,8987.400390625,637100,0.0,0.0
2025-10-05,8987.400390625,9026.400390625,8970.599609375,8981.400390625,462700,0.0,0.0
2025-10-06,8981.400390625,8981.400390625,8937.2001953125,8956.7998046875,736900,0.0,0.0
2025-10-07,8956.7998046875,8963.7001953125,8916.2001953125,8947.599609375,755100,0.0,0.0
2025-10-08,8947.599609375,8997.2998046875,8947.599609375,8969.7998046875,710000,0.0,0.0
2025-10-09,8969.7998046875,8977.7001953125,8938.2001953125,8958.2998046875,632900,0.0,0.0
2025-10-12,8958.2998046875,8958.2998046875,8868.0,8882.7998046875,314400,0.0,0.0
2025-10-13,8882.7998046875,8914.900390625,8843.7998046875,8899.400390625,778300,0.0,0.0
2025-10-14,8899.400390625,8990.900390625,8899.400390625,8990.900390625,728600,0.0,0.0
2025-10-15,8990.900390625,9109.7001953125,8990.900390625,9068.400390625,713300,0.0,0.0
2025-10-16,9068.400390625,9068.400390625,8990.099609375,8995.2998046875,809300,0.0,0.0
2025-10-19,8995.2998046875,9034.400390625,8963.599609375,9031.900390625,676500,0.0,0.0
2025-10-20,9031.900390625,9115.2001953125,9031.900390625,9094.7001953125,680200,0.0,0.0
2025-10-21,9094.7001953125,9094.7001953125,8998.7001953125,9030.0,758000,0.0,0.0
2025-10-22,9030.0,9043.2001953125,8986.2001953125,9032.7998046875,650800,0.0,0.0
2025-10-23,9032.7998046875,9054.2998046875,9010.2998046875,9019.0,659600,0.0,0.0
2025-10-26,9019.0,9083.400390625,9019.0,9055.599609375,543300,0.0,0.0
2025-10-27,9055.599609375,9055.599609375,9006.7001953125,9012.5,742400,0.0,0.0
2025-10-28,9012.5,9021.599609375,8921.7998046875,8926.2001953125,626400,0.0,0.0
2025-10-29,8926.2001953125,8926.2001953125,8876.0,8885.5,679600,0.0,0.0
2025-10-30,8885.5,8943.400390625,8881.900390625,8881.900390625,740300,0.0,0.0
2025-11-02,8881.900390625,8894.7998046875,8829.2998046875,8894.7998046875,542800,0.0,0.0
2025-11-03,8894.7998046875,8894.7998046875,8801.900390625,8813.7001953125,527100,0.0,0.0
2025-11-04,8813.7001953125,8825.099609375,8733.7998046875,8802.0,667100,0.0,0.0
2025-11-05,8828.2998046875,8831.7998046875,8804.7001953125,8831.7998046875,84900,0.0,0.0
2025-11-06,8828.2998046875,8835.400390625,8756.400390625,8769.7001953125,564200,0.0,0.0
2025-11-09,8835.900390625,8875.599609375,8830.900390625,8830.900390625,71200,0.0,0.0
2025-11-10,8835.900390625,8875.599609375,8816.599609375,8818.7998046875,612900,0.0,0.0
2025-11-11,8818.7998046875,8843.599609375,8799.5,8799.5,685800,0.0,0.0
2025-11-12,8799.5,8799.599609375,8701.7998046875,8753.400390625,808100,0.0,0.0
2025-11-13,8753.400390625,8753.400390625,8612.2001953125,8634.5,617100,0.0,0.0
2025-11-16,8634.5,8636.400390625,8588.900390625,8636.400390625,544800,0.0,0.0
2025-11-17,8636.400390625,8636.400390625,8445.7001953125,8469.099609375,729000,0.0,0.0
2025-11-18,8469.099609375,8488.599609375,8447.900390625,8447.900390625,625100,0.0,0.0
2025-11-19,8447.900390625,8565.099609375,8447.900390625,8552.7001953125,630100,0.0,0.0
2025-11-20,8552.7001953125,8552.7001953125,8383.2001953125,8416.5,762500,0.0,0.0
2025-11-23,8416.5,8526.5,8416.5,8525.099609375,1317200,0.0,0.0
2025-11-24,8525.099609375,8572.599609375,8506.7001953125,8537.0,620300,0.0,0.0
2025-11-25,8537.0,8637.900390625,8537.0,8606.5,840600,0.0,0.0
2025-11-26,8617.2998046875,8619.2001953125,8588.7998046875,8619.2001953125,75200,0.0,0.0
2025-11-27,8617.2998046875,8633.400390625,8588.7998046875,8614.099609375,648800,0.0,0.0
2025-11-30,8614.099609375,8624.7001953125,8563.2001953125,8565.2001953125,608500,0.0,0.0
2025-12-01,8565.2001953125,8602.5,8565.2001953125,8579.7001953125,645100,0.0,0.0
2025-12-02,8579.7001953125,8622.599609375,8576.2998046875,8595.2001953125,687400,0.0,0.0
2025-12-03,8595.2001953125,8618.7998046875,8566.7001953125,8618.400390625,614300,0.0,0.0
2025-12-04,8618.400390625,8634.599609375,8591.2001953125,8634.599609375,580300,0.0,0.0
2025-12-07,8634.599609375,8634.599609375,8595.599609375,8624.400390625,560500,0.0,0.0
2025-12-08,8624.400390625,8624.400390625,8580.400390625,8585.900390625,582700,0.0,0.0
2025-12-09,8585.900390625,8611.099609375,8562.099609375,8579.400390625,667700,0.0,0.0
2025-12-10,8579.400390625,8658.900390625,8574.099609375,8592.0,697800,0.0,0.0
2025-12-11,8592.0,8701.7998046875,8592.0,8697.2998046875,601300,0.0,0.0
2025-12-14,8697.2998046875,8697.2998046875,8622.7001953125,8635.0,591500,0.0,0.0
2025-12-15,8635.0,8672.2001953125,8571.5,8598.900390625,707200,0.0,0.0
2025-12-16,8598.900390625,8598.900390625,8547.099609375,8585.2001953125,740900,0.0,0.0
2025-12-17,8585.2001953125,8588.2001953125,8553.0,8588.2001953125,819700,0.0,0.0
2025-12-18,8588.2001953125,8647.5,8588.2001953125,8621.400390625,1725000,0.0,0.0
2025-12-21,8621.400390625,8709.2001953125,8621.400390625,8699.900390625,498500,0.0,0.0
2025-12-22,8699.900390625,8805.5,8699.900390625,8795.7001953125,490600,0.0,0.0
2025-12-23,8795.7001953125,8795.7001953125,8742.5,8762.7001953125,292100,0.0,0.0
2025-12-28,8762.7001953125,8784.2001953125,8725.7001953125,8725.7001953125,365100,0.0,0.0
2025-12-29,8725.7001953125,8751.900390625,8706.599609375,8717.099609375,367000,0.0,0.0
2025-12-30,8717.099609375,8732.2001953125,8679.7998046875,8714.2998046875,293300,0.0,0.0
2026-01-01,8714.2998046875,8737.400390625,8696.7001953125,8727.7998046875,272200,0.0,0.0
2026-01-04,8727.7998046875,8750.7001953125,8719.400390625,8728.599609375,436300,0.0,0.0
2026-01-05,8682.7998046875,8723.7998046875,8682.7998046875,8714.599609375,73400,0.0,0.0
2026-01-06,8682.7998046875,8734.2998046875,8682.7998046875,8695.599609375,607400,0.0,0.0
2026-01-07,8695.599609375,8739.2001953125,8693.7001953125,8720.7998046875,569300,0.0,0.0
2026-01-08,8720.7998046875,8762.7001953125,8707.7998046875,8717.7998046875,540300,0.0,0.0
2026-01-11,8717.7998046875,8785.900390625,8717.7998046875,8759.400390625,555200,0.0,0.0
2026-01-12,8759.400390625,8855.7001953125,8759.400390625,8808.5,605700,0.0,0.0
2026-01-13,8808.5,8838.2998046875,8780.5,8820.599609375,593900,0.0,0.0
2026-01-14,8820.599609375,8881.0,8820.599609375,8861.7001953125,661600,0.0,0.0
2026-01-15,8861.7001953125,8915.5,8855.599609375,8903.900390625,614700,0.0,0.0
2026-01-18,8903.900390625,8903.900390625,8855.5,8874.5,451100,0.0,0.0
2026-01-19,8874.5,8874.5,8809.099609375,8815.900390625,661500,0.0,0.0
2026-01-20,8815.900390625,8815.900390625,8765.900390625,8782.900390625,623600,0.0,0.0
2026-01-21,8782.900390625,8864.5,8782.900390625,8848.7001953125,619400,0.0,0.0
2026-01-22,8848.7001953125,8885.2001953125,8839.7998046875,8860.099609375,651300,0.0,0.0
2026-01-26,8860.099609375,8969.2001953125,8860.099609375,8941.599609375,713800,0.0,0.0
2026-01-27,8941.599609375,8978.5,8907.900390625,8933.900390625,691700,0.0,0.0
2026-01-28,8927.5,8967.5,8927.5,8966.099609375,111300,0.0,0.0
2026-01-29,8927.5,8971.599609375,8858.900390625,8869.099609375,955700,0.0,0.0
2026-02-01,8869.099609375,8869.099609375,8746.2001953125,8778.599609375,824900,0.0,0.0
2026-02-02,8778.599609375,8896.599609375,8778.599609375,8857.099609375,701500,0.0,0.0
2026-02-03,8857.099609375,8943.5,8832.599609375,8927.7998046875,682800,0.0,0.0
2026-02-04,8927.7998046875,8927.7998046875,8872.2998046875,8889.2001953125,726900,0.0,0.0
2026-02-05,8889.2001953125,8889.2001953125,8683.7001953125,8708.7998046875,832500,0.0,0.0
2026-02-08,8870.099609375,8925.599609375,8870.099609375,8912.099609375,81200,0.0,0.0
2026-02-09,8870.099609375,8925.599609375,8867.400390625,8867.400390625,646400,0.0,0.0
2026-02-10,8867.400390625,9014.7998046875,8867.400390625,9014.7998046875,571500,0.0,0.0
2026-02-11,9014.7998046875,9105.0,9014.7998046875,9043.5,842900,0.0,0.0
2026-02-12,9043.5,9043.5,8911.400390625,8917.599609375,758500,0.0,0.0
2026-02-15,8937.099609375,8988.2998046875,8937.099609375,8966.7998046875,66100,0.0,0.0
2026-02-16,8937.099609375,8996.099609375,8937.099609375,8958.900390625,501600,0.0,0.0
2026-02-17,8958.900390625,9009.099609375,8958.900390625,9007.0,652300,0.0,0.0
2026-02-18,9007.0,9118.2998046875,9007.0,9086.2001953125,981200,0.0,0.0
2026-02-19,9086.2001953125,9086.2001953125,9046.900390625,9081.400390625,749100,0.0,0.0
2026-02-22,9081.400390625,9112.900390625,9010.599609375,9026.0,685000,0.0,0.0
2026-02-23,9026.0,9054.7001953125,8987.2001953125,9022.2998046875,773400,0.0,0.0
2026-02-24,9022.2998046875,9130.2998046875,9022.2998046875,9128.2998046875,795400,0.0,0.0
2026-02-25,9128.2998046875,9202.900390625,9128.2998046875,9175.2998046875,1113100,0.0,0.0
2026-02-26,9175.2998046875,9198.599609375,9158.400390625,9198.599609375,1144100,0.0,0.0
2026-03-01,9200.900390625,9200.900390625,9163.400390625,9167.5,77000,0.0,0.0
2026-03-02,9200.900390625,9200.900390625,9062.599609375,9077.2998046875,768700,0.0,0.0
2026-03-03,9077.2998046875,9077.2998046875,8878.7998046875,8901.2001953125,857900,0.0,0.0
2026-03-04,8901.2001953125,8964.099609375,8901.2001953125,8940.2998046875,819600,0.0,0.0
2026-03-05,8940.2998046875,8940.2998046875,8811.599609375,8851.0,770600,0.0,0.0
2026-03-08,8851.0,8851.0,8457.2001953125,8599.0,1033200,0.0,0.0
2026-03-09,8599.0,8750.599609375,8599.0,8692.599609375,777700,0.0,0.0
2026-03-10,8692.599609375,8759.5,8692.599609375,8743.5,832400,0.0,0.0
2026-03-11,8743.5,8743.5,8596.5,8629.0,948500,0.0,0.0
2026-03-12,8629.0,8664.599609375,8585.7001953125,8617.099609375,721200,0.0,0.0
2026-03-15,8617.099609375,8617.5,8563.2998046875,8583.400390625,743300,0.0,0.0
2026-03-16,8583.400390625,8632.599609375,8576.599609375,8614.2998046875,711600,0.0,0.0
2026-03-17,8614.2998046875,8654.5,8602.0,8640.599609375,721100,0.0,0.0
2026-03-18,8640.599609375,8640.599609375,8485.2001953125,8497.7998046875,1032200,0.0,0.0
2026-03-19,8497.7998046875,8497.7998046875,8427.2001953125,8428.400390625,2388400,0.0,0.0
2026-03-22,8428.400390625,8428.400390625,8262.400390625,8365.900390625,915900,0.0,0.0
2026-03-23,8365.900390625,8504.599609375,8365.900390625,8379.400390625,929700,0.0,0.0
2026-03-24,8534.2998046875,8558.7001953125,8534.2998046875,8557.599609375,40200,0.0,0.0
2026-03-25,8534.2998046875,8558.7001953125,8503.400390625,8525.7001953125,756700,0.0,0.0
2026-03-26,8525.7001953125,8525.7001953125,8455.7001953125,8516.2998046875,688000,0.0,0.0
2026-03-29,8516.2998046875,8516.2998046875,8379.2998046875,8461.0,768000,0.0,0.0
2026-03-30,8461.0,8549.0,8410.599609375,8481.7998046875,953000,0.0,0.0
2026-03-31,8481.7998046875,8671.7998046875,8481.7998046875,8671.7998046875,861400,0.0,0.0
2026-04-01,8671.7998046875,8723.2998046875,8566.7998046875,8579.5,884500,0.0,0.0
2026-04-06,8579.5,8804.0,8579.5,8728.7998046875,660800,0.0,0.0
2026-04-07,8728.7998046875,8986.099609375,8728.7998046875,8951.7998046875,1083400,0.0,0.0
2026-04-08,8951.7998046875,8973.2001953125,8904.900390625,8973.2001953125,725500,0.0,0.0
2026-04-09,8973.2001953125,8973.2001953125,8905.2001953125,8960.599609375,609200,0.0,0.0
2026-04-12,8960.599609375,8960.599609375,8889.599609375,8926.0,660300,0.0,0.0
2026-04-13,8926.0,9021.5,8926.0,8970.7998046875,641800,0.0,0.0
2026-04-14,8970.7998046875,9015.400390625,8970.7998046875,8978.7001953125,691500,0.0,0.0
2026-04-15,8978.7001953125,9017.2001953125,8937.2998046875,8955.0,728100,0.0,0.0
2026-04-16,8955.0,8955.0,8902.400390625,8946.900390625,777100,0.0,0.0
2026-04-19,8946.900390625,8955.0,8898.400390625,8953.2998046875,629600,0.0,0.0
2026-04-20,8953.2998046875,8976.099609375,8911.5,8949.400390625,793800,0.0,0.0
2026-04-21,8949.400390625,8949.400390625,8838.7001953125,8843.599609375,946600,0.0,0.0
2026-04-22,8843.599609375,8843.599609375,8747.7998046875,8793.400390625,700400,0.0,0.0
2026-04-23,8793.400390625,8798.599609375,8736.900390625,8786.5,612900,0.0,0.0
2026-04-26,8786.5,8786.5,8729.599609375,8766.400390625,449200,0.0,0.0
2026-04-27,8766.400390625,8766.400390625,8693.400390625,8710.7001953125,624200,0.0,0.0
2026-04-28,8710.7001953125,8710.7001953125,8659.099609375,8687.0,661600,0.0,0.0
2026-04-29,8687.0,8687.0,8632.2001953125,8665.7998046875,844800,0.0,0.0
2026-04-30,8665.7998046875,8764.099609375,8665.7998046875,8729.7998046875,567500,0.0,0.0
2026-05-03,8729.7998046875,8738.099609375,8675.400390625,8697.099609375,467500,0.0,0.0
2026-05-04,8697.099609375,8697.099609375,8621.599609375,8680.5,551200,0.0,0.0
2026-05-05,8680.5,8794.7001953125,8680.5,8793.599609375,748600,0.0,0.0
2026-05-06,8793.599609375,8887.900390625,8793.599609375,8878.099609375,991800,0.0,0.0
2026-05-07,8878.099609375,8878.099609375,8717.599609375,8744.400390625,665300,0.0,0.0
2026-05-10,8744.400390625,8744.400390625,8643.5,8701.7998046875,599700,0.0,0.0
2026-05-11,8701.7998046875,8713.400390625,8619.099609375,8670.7001953125,724300,0.0,0.0
2026-05-12,8670.7001953125,8670.7001953125,8590.7001953125,8630.400390625,639200,0.0,0.0
2026-05-13,8630.400390625,8644.5,8602.900390625,8640.7001953125,608800,0.0,0.0
2026-05-14,8640.7001953125,8691.900390625,8610.2998046875,8630.7998046875,626800,0.0,0.0
2026-05-17,8630.7998046875,8630.7998046875,8500.2001953125,8505.2998046875,664600,0.0,0.0
2026-05-18,8505.2998046875,8607.7001953125,8505.2998046875,8604.7001953125,746200,0.0,0.0
2026-05-19,8604.7001953125,8604.7001953125,8485.2001953125,8496.599609375,738800,0.0,0.0
2026-05-20,8496.599609375,8649.7001953125,8496.599609375,8621.7001953125,668600,0.0,0.0
2026-05-21,8621.7001953125,8674.5,8621.7001953125,8657.0,686600,0.0,0.0
2026-05-24,8657.0,8713.0,8644.7001953125,8692.0,554600,0.0,0.0
2026-05-25,8692.0,8692.0,8628.900390625,8657.7998046875,625300,0.0,0.0
2026-05-26,8657.7998046875,8717.7001953125,8625.7998046875,8717.7001953125,628600,0.0,0.0
2026-05-27,8717.7001953125,8717.7001953125,8561.7998046875,8592.900390625,691900,0.0,0.0
2026-05-28,8592.900390625,8731.7001953125,8592.900390625,8731.7001953125,1882300,0.0,0.0
2026-05-31,8731.7001953125,8736.5,8697.2998046875,8729.400390625,634400,0.0,0.0
2026-06-01,8729.400390625,8729.400390625,8625.7998046875,8724.400390625,804000,0.0,0.0
2026-06-02,8724.400390625,8810.5,8724.400390625,8785.7001953125,720400,0.0,0.0
2026-06-03,8785.7001953125,8785.7001953125,8652.2001953125,8686.099609375,675400,0.0,0.0
2026-06-04,8686.099609375,8705.099609375,8613.599609375,8625.099609375,616400,0.0,0.0
2026-06-08,8625.099609375,8625.099609375,8490.900390625,8604.2001953125,880900,0.0,0.0
2026-06-09,8604.2001953125,8670.2001953125,8585.5,8653.2998046875,814400,0.0,0.0
2026-06-10,8653.2998046875,8670.2001953125,8555.2998046875,8633.2001953125,859300,0.0,0.0
2026-06-11,8633.2001953125,8809.2998046875,8633.2001953125,8804.0,696100,0.0,0.0
2026-06-14,8804.0,8937.5,8804.0,8914.0,938500,0.0,0.0
2026-06-15,8914.0,8917.7001953125,8834.0,8917.7001953125,724500,0.0,0.0
2026-06-16,8917.7001953125,8976.7998046875,8888.099609375,8966.2998046875,694500,0.0,0.0
2026-06-17,8966.2998046875,8983.7998046875,8911.099609375,8911.099609375,803800,0.0,0.0
2026-06-18,8911.099609375,8911.099609375,8802.599609375,8828.7001953125,1937000,0.0,0.0
2026-06-21,8828.7001953125,8851.7998046875,8793.7998046875,8816.099609375,672200,0.0,0.0
2026-06-22,8816.099609375,8849.900390625,8777.7998046875,8787.0,788900,0.0,0.0
2026-06-23,8787.0,8823.2001953125,8784.400390625,8808.400390625,911000,0.0,0.0
2026-06-24,8808.400390625,8808.400390625,8748.7001953125,8748.7001953125,909600,0.0,0.0
2026-06-25,8748.7001953125,8774.5,8708.099609375,8764.2001953125,813300,0.0,0.0
2026-06-28,8823.400390625,8823.400390625,8823.400390625,8823.400390625,0,0.0,0.0
2026-06-29,8823.400390625,8836.400390625,8778.7001953125,8778.7001953125,905700,0.0,0.0
2026-06-30,8778.7001953125,8795.7998046875,8711.400390625,8722.900390625,806000,0.0,0.0
2026-07-01,8722.900390625,8729.400390625,8656.2001953125,8724.5,840500,0.0,0.0
2026-07-02,8724.5,8853.7998046875,8724.5,8844.400390625,606000,0.0,0.0
2026-07-05,8844.400390625,8856.7998046875,8817.5,8831.0,553000,0.0,0.0
2026-07-06,8831.0,8843.2998046875,8786.900390625,8803.900390625,702600,0.0,0.0
2026-07-07,8803.900390625,8803.900390625,8676.7001953125,8785.099609375,929400,0.0,0.0
2026-07-08,8785.099609375,8785.099609375,8700.5,8762.5,689000,0.0,0.0
2026-07-09,8762.5,8821.599609375,8748.599609375,8806.0,572900,0.0,0.0
2026-07-12,8806.0,8823.2001953125,8769.7998046875,8808.5,588600,0.0,0.0
2026-07-13,8808.5,8808.5,8758.599609375,8808.5,576700,0.0,0.0
2026-07-14,8808.5,8872.599609375,8808.5,8841.099609375,586800,0.0,0.0
2026-07-15,8841.099609375,8856.2001953125,8808.099609375,8840.7001953125,611200,0.0,0.0
2026-07-16,8840.7001953125,8840.7001953125,8758.099609375,8796.7001953125,675000,0.0,0.0
2026-07-19,8796.7001953125,8836.2001953125,8791.2998046875,8791.2998046875,573000,0.0,0.0
2026-07-20,8791.2998046875,8803.2998046875,8733.0,8793.2998046875,669500,0.0,0.0
2026-07-21,8793.2998046875,8841.599609375,8793.2998046875,8823.0,648800,0.0,0.0
2026-07-22,8823.0,8926.2998046875,8823.0,8839.0,705100,0.0,0.0
2026-07-23,8839.0,8839.0,8740.5,8772.2998046875,684800,0.0,0.0
2026-07-26,8772.2998046875,8894.0,8772.2998046875,8894.0,552400,0.0,0.0
2026-07-27,8894.0,8947.7998046875,8856.599609375,8947.7998046875,658000,0.0,0.0
2026-07-28,8947.7998046875,9086.099609375,8947.7998046875,9038.599609375,781900,0.0,0.0
2026-07-29,9038.599609375,9038.599609375,8951.2998046875,8967.7001953125,693800,0.0,0.0
2026-07-30,8967.7001953125,9059.7998046875,8967.7001953125,8976.7998046875,802100,0.0,0.0
2026-08-02,8976.7998046875,9019.2998046875,8940.400390625,9019.2998046875,510200,0.0,0.0
2026-08-03,9019.2998046875,9145.7998046875,9019.2998046875,9145.7998046875,705400,0.0,0.0
2026-08-04,9145.7998046875,9230.0,9138.0,9227.7998046875,708000,0.0,0.0
2026-08-05,9227.7998046875,9296.7001953125,9227.7998046875,9271.599609375,730500,0.0,0.0
2026-08-06,9271.599609375,9274.7001953125,9216.7001953125,9263.599609375,645100,0.0,0.0
2026-08-09,9263.599609375,9267.2998046875,9204.5,9232.599609375,618200,0.0,0.0
2026-08-10,9232.599609375,9282.900390625,9232.599609375,9250.599609375,686200,0.0,0.0
2026-08-11,9250.599609375,9250.599609375,9185.5,9209.400390625,624400,0.0,0.0
2026-08-12,9209.400390625,9209.400390625,9141.2998046875,9188.5,736600,0.0,0.0
2026-08-13,9188.5,9188.5,9090.5,9115.2001953125,670400,0.0,0.0
2026-08-16,9115.2001953125,9115.2001953125,9065.099609375,9073.2001953125,739700,0.0,0.0
2026-08-17,9073.2001953125,9106.599609375,9054.5,9070.0,815100,0.0,0.0
2026-08-18,9070.0,9070.0,9019.5,9053.7998046875,868500,0.0,0.0
2026-08-19,9053.7998046875,9111.2001953125,9053.7998046875,9083.7998046875,974100,0.0,0.0
2026-08-20,9083.7998046875,9083.7998046875,9045.0,9058.900390625,865600,0.0,0.0
2026-08-23,9058.900390625,9131.2998046875,9058.900390625,9103.099609375,845500,0.0,0.0
2026-08-24,9103.099609375,9179.900390625,9103.099609375,9164.599609375,846200,0.0,0.0
2026-08-25,9164.599609375,9220.599609375,9127.7998046875,9127.7998046875,857000,0.0,0.0
2026-08-26,9127.7998046875,9127.7998046875,9028.2998046875,9038.2001953125,927700,0.0,0.0
2026-08-27,9038.2001953125,9092.2998046875,9038.2001953125,9092.2998046875,698800,0.0,0.0
2026-08-30,9092.2998046875,9122.7001953125,9055.7998046875,9076.0,1571400,0.0,0.0
2026-08-31,9076.0,9076.0,9023.7998046875,9066.7001953125,801100,0.0,0.0
2026-09-01,9066.7001953125,9066.7001953125,8935.099609375,8978.400390625,886400,0.0,0.0
2026-09-02,8978.400390625,9027.900390625,8970.2998046875,9020.099609375,785400,0.0,0.0
2026-09-03,9020.099609375,9070.2001953125,8997.5,9005.900390625,831600,0.0,0.0
2026-09-06,9005.900390625,9044.5,8999.400390625,9010.900390625,560300,0.0,0.0
2026-09-07,9010.900390625,9010.900390625,8914.5,8920.7998046875,602500,0.0,0.0
2026-09-08,8920.7998046875,8951.0,8888.7998046875,8911.400390625,679400,0.0,0.0
2026-09-09,8911.400390625,8911.400390625,8742.599609375,8819.400390625,836900,0.0,0.0
2026-09-10,8819.400390625,8819.400390625,8699.7998046875,8741.2001953125,704400,0.0,0.0
2026-09-13,8741.2001953125,8768.2998046875,8734.0,8749.900390625,690800,0.0,0.0
2026-09-14,8749.900390625,8749.900390625,8657.099609375,8672.5,773500,0.0,0.0
2026-09-15,8672.5,8705.599609375,8668.099609375,8696.5,947500,0.0,0.0
2026-09-16,8696.5,8787.099609375,8696.5,8732.400390625,994300,0.0,0.0
2026-09-17,8732.400390625,8771.599609375,8717.0,8731.2001953125,2032600,0.0,0.0
2026-09-20,8731.2001953125,8736.5,8681.099609375,8731.900390625,551800,0.0,0.0
2026-09-21,8731.900390625,8780.7998046875,8725.7001953125,8757.7998046875,598200,0.0,0.0
2026-09-22,8757.7998046875,8791.900390625,8742.7001953125,8765.2998046875,699100,0.0,0.0
2026-09-23,8765.2998046875,8765.2998046875,8645.7001953125,8702.0,726100,0.0,0.0
2026-09-24,8702.0,8702.0,8639.900390625,8665.0,589900,0.0,0.0
2026-09-27,8665.0,8709.2998046875,8665.0,8704.900390625,0,0.0,0.0
