Date,Open,High,Low,Close,Volume,Dividends,Stock Splits
2010-02-10,5.8589957723297985,5.880232490761842,5.810243566682202,5.835965633392334,370361600,0.0,0.0
2010-02-11,5.82878853133423,5.974448563758254,5.804262473538214,5.942145824432373,550345600,0.0,0.0
2010-02-12,5.925396638864774,6.030978052504266,5.847332714601171,5.993291854858398,655468800,0.0,0.0
2010-02-16,6.039950856396051,6.092292709772823,6.027388923399888,6.083619117736816,543737600,0.0,0.0
2010-02-17,6.107247867235466,6.110837105279487,6.0076485081972635,6.058196544647217,436396800,0.0,0.0
2010-02-18,6.030677522289052,6.098274027430374,6.009441999852381,6.069560527801514,422825200,0.0,0.0
2010-02-19,6.037559924633827,6.077638558746776,6.0151271827738295,6.031876564025879,415469600,0.0,0.0
2010-02-22,6.051915729491128,6.0567009811576815,5.957700222048077,5.994488716125488,390563600,0.0,0.0
2010-02-23,5.981927248209139,6.0217071766033845,5.853615165368803,5.893992900848389,575094800,0.0,0.0
2010-02-24,5.9289852108718835,6.024995313078374,5.9173201895114795,6.001666069030762,460566400,0.0,0.0
2010-02-25,5.9035641292982115,6.067468693515365,5.888908471478667,6.041746616363525,665126000,0.0,0.0
2010-02-26,6.053111566521824,6.136559356775945,6.04174604505698,6.1201090812683105,507460800,0.0,0.0
2010-03-01,6.153906140994697,6.266067422499071,6.144933446129398,6.250813961029053,550093600,0.0,0.0
2010-03-02,6.278927838196081,6.3058467188072465,6.213425854336245,6.246625900268555,566546400,0.0,0.0
2010-03-03,6.249318765133386,6.27713456168702,6.219409246358365,6.260982990264893,372052800,0.0,0.0
2010-03-04,6.259488334491935,6.308539658241913,6.2400462286230125,6.302258491516113,366041200,0.0,0.0
2010-03-05,6.4287765850139325,6.571146499349718,6.419504386736821,6.5487141609191895,899620400,0.0,0.0
2010-03-08,6.580417607508027,6.5828100332820405,6.527776653083687,6.5526018142700195,429889600,0.0,0.0
2010-03-09,6.529571996544022,6.729667226588115,6.5170100626556815,6.670446395874023,920259200,0.0,0.0
2010-03-10,6.694673426324186,6.744024252235201,6.675830325618281,6.724881649017334,596218000,0.0,0.0
2010-03-11,6.697063977470198,6.744619369506836,6.6794168961215,6.744619369506836,405700400,0.0,0.0
2010-03-12,6.800549916620645,6.811317626435447,6.752096819800102,6.777520179748535,416323600,0.0,0.0
2010-03-15,6.741032245754629,6.744620684665739,6.587595533716245,6.694971561431885,493502800,0.0,0.0
2010-03-16,6.705140442985411,6.729067894069505,6.655191419626846,6.7132158279418945,446908000,0.0,0.0
2010-03-17,6.726675020275098,6.7730348058336105,6.677922809094828,6.703345775604248,450956800,0.0,0.0
2010-03-18,6.702746203720581,6.729665482225153,6.6581814399870884,6.7191972732543945,342109600,0.0,0.0
2010-03-19,6.723385279309718,6.736844520351937,6.616906565440253,6.647414684295654,559445600,0.0,0.0
2010-03-22,6.59417553978671,6.759575961160567,6.584604240522877,6.722188472747803,456419600,0.0,0.0
2010-03-23,6.748807128985982,6.842723901187409,6.702746052148463,6.8301615715026855,602431200,0.0,0.0
2010-03-24,6.808629365629895,6.885198185932781,6.804740624771913,6.860373020172119,597780400,0.0,0.0
2010-03-25,6.90673169615249,6.908227611216108,6.767053322609491,6.779017448425293,542284400,0.0,0.0
2010-03-26,6.847810214579383,6.937538760099696,6.835846089040701,6.906134128570557,640875200,0.0,0.0
2010-03-29,6.968946456604321,6.994967240103016,6.927671008746355,6.950700759887695,540744400,0.0,0.0
2010-03-30,7.076620117019699,7.102941200612301,7.00633205770878,7.054187774658203,527310000,0.0,0.0
2010-03-31,7.043419749160303,7.0769185061524205,7.012612521411764,7.028763294219971,430659600,0.0,0.0
2010-04-01,7.100845073825864,7.140325090720783,6.961466206121079,7.057775020599365,603145200,0.0,0.0
2010-04-05,7.028165775741013,7.1337463997011135,7.021884209816083,7.133148193359375,684507600,0.0,0.0
2010-04-06,7.124473193455096,7.18548863091343,7.088581618713748,7.164552211761475,447017200,0.0,0.0
2010-04-07,7.164853107910993,7.23573936908542,7.138233322153078,7.196258544921875,628502000,0.0,0.0
2010-04-08,7.191474986383691,7.224375549648449,7.1196917940471875,7.176819324493408,572989200,0.0,0.0
2010-04-09,7.221079422299616,7.234838161479514,7.192066828148053,7.231846332550049,334182800,0.0,0.0
2010-04-12,7.244111909775399,7.270133483557754,7.232447286679383,7.246804237365723,333026400,0.0,0.0
2010-04-13,7.233941759571731,7.262056650387627,7.211508629259904,7.2509894371032715,306210800,0.0,0.0
2010-04-14,7.336234084526617,7.352086151584038,7.300043802655752,7.348496913909912,404076400,0.0,0.0
2010-04-15,7.351189230981519,7.448395765061185,7.343113844685574,7.445106029510498,376784800,0.0,0.0
2010-04-16,7.43463394189332,7.511502227162381,7.314397711379207,7.399640083312988,750545600,0.0,0.0
2010-04-19,7.388576479352254,7.414298552568716,7.2312514110917405,7.389772891998291,566924400,0.0,0.0
2010-04-20,7.43373710601063,7.4549730232774385,7.266841597056708,7.31559419631958,738326400,0.0,0.0
2010-04-21,7.740612925186384,7.783982486570249,7.648790246413199,7.753175258636475,982391200,0.0,0.0
2010-04-22,7.72386343195902,7.978394228924575,7.662847186506428,7.970019340515137,793424800,0.0,0.0
2010-04-23,8.015482014569164,8.140803451444139,7.985871997803697,8.100425720214844,796955600,0.0,0.0
2010-04-26,8.131831015294642,8.14917820073776,8.021463940616291,8.060646057128906,479068800,0.0,0.0
2010-04-27,7.993944575414821,8.010993051322062,7.792055191534548,7.837517261505127,709343600,0.0,0.0
2010-04-28,7.873712157549433,7.896143701016188,7.669130347320277,7.824361324310303,758402400,0.0,0.0
2010-04-29,7.866826104500879,8.075595193156744,7.836617901435668,8.034918785095215,558840800,0.0,0.0
2010-04-30,8.054961296665562,8.092647491415498,7.806413390668551,7.809104919433594,542463600,0.0,0.0
2010-05-03,7.891360124645581,8.012195448926908,7.8626462109104125,7.966433048248291,454342000,0.0,0.0
2010-05-04,7.862944273741804,7.874907602385421,7.679298912792746,7.737023830413818,723819600,0.0,0.0
2010-05-05,7.568034478962457,7.72087260240385,7.439422513900849,7.656566619873047,883103200,0.0,0.0
2010-05-06,7.591960381328393,7.724160758671813,5.959492777157859,7.365245819091797,1285860800,0.0,0.0
2010-05-07,7.289275934175988,7.374817034231856,6.735947117981398,7.0544843673706055,1676018400,0.0,0.0
2010-05-10,7.484888819115223,7.616491077336886,7.433443849830668,7.596750259399414,984306400,0.0,0.0
2010-05-11,7.5324440022653665,7.773216935695936,7.492365762687837,7.672421932220459,848906800,0.0,0.0
2010-05-12,7.7537736955088565,7.870122850270969,7.737623719133256,7.839016914367676,654379600,0.0,0.0
2010-05-13,7.8728104687099085,7.926050016228267,7.668826968037375,7.727450370788574,599712400,0.0,0.0
2010-05-14,7.631739994208243,7.671220805790581,7.462451628448214,7.591660976409912,759362800,0.0,0.0
2010-05-17,7.617982724839346,7.662249190071475,7.408914026529659,7.603625774383545,762834800,0.0,0.0
2010-05-18,7.686177560437551,7.73313556015366,7.485184223409635,7.547995090484619,782678400,0.0,0.0
2010-05-19,7.462450991565457,7.5647418497506544,7.323371652246195,7.427755832672119,1025726800,0.0,0.0
2010-05-20,7.234540799994964,7.293463720653182,7.06495370824584,7.111314296722412,1282915200,0.0,0.0
2010-05-21,6.963557890656814,7.312903085827279,6.9195909376950775,7.247700214385986,1223891200,0.0,0.0
2010-05-24,7.396055114590714,7.50432808434508,7.365547384786211,7.380501747131348,754238800,0.0,0.0
2010-05-25,7.158871194978257,7.38050148193289,7.093369588754031,7.334441184997559,1048006400,0.0,0.0
2010-05-26,7.479802426571313,7.541117388799925,7.290473681913284,7.301241397857666,850654000,0.0,0.0
2010-05-27,7.495354342496618,7.593757296844421,7.450789164507744,7.577605724334717,666282400,0.0,0.0
2010-05-28,7.758264562275145,7.758563266275635,7.5776093411876575,7.683190822601318,815614800,0.0,0.0
2010-06-01,7.767233124196545,7.95416822735878,7.745398990416102,7.801330089569092,876472800,0.0,0.0
2010-06-02,7.912289663005477,7.920066341201807,7.78637009218166,7.894643783569336,688548000,0.0,0.0
2010-06-03,7.931436317102936,7.942503534500642,7.788767689103584,7.869823455810547,650106800,0.0,0.0
2010-06-04,7.722968790680897,7.833335104271425,7.615893012466294,7.655672550201416,758304400,0.0,0.0
2010-06-07,7.725357370133737,7.7510794390805495,7.493856353592832,7.505521774291992,886942000,0.0,0.0
2010-06-08,7.574314426659671,7.591064202104715,7.347300340128871,7.457367897033691,1000770400,0.0,0.0
2010-06-09,7.521375230212164,7.5342370657362805,7.252786975498332,7.274022102355957,854630000,0.0,0.0
2010-06-10,7.323073589074001,7.506718125764277,7.244111957129507,7.492661476135254,776356000,0.0,0.0
2010-06-11,7.424467055171235,7.59285851827943,7.3987449854362115,7.582390308380127,545759200,0.0,0.0
2010-06-14,7.655672478578858,7.751083627462643,7.597348538259868,7.605423927307129,602960400,0.0,0.0
2010-06-15,7.6460965535060845,7.772016160195585,7.641909110207659,7.76723051071167,585074000,0.0,0.0
2010-06-16,7.8094047005290905,8.008303911664578,7.79534725117339,7.993349552154541,783678000,0.0,0.0
2010-06-17,8.09354221748534,8.162335111613931,8.06064168481841,8.1315279006958,872855200,0.0,0.0
2010-06-18,8.142895308659364,8.225147462153076,8.11807015099672,8.197330474853516,784621600,0.0,0.0
2010-06-21,8.305604633026528,8.345085448937557,8.037614608264724,8.080684661865234,776490400,0.0,0.0
2010-06-22,8.140202902243766,8.25415837431745,8.120462898684966,8.190750122070312,717262000,0.0,0.0
2010-06-23,8.212583691611057,8.214976515962363,8.012786851642092,8.104609489440918,768457200,0.0,0.0
2010-06-24,8.10551068826406,8.17131259407101,8.018773155651134,8.045692443847656,714277200,0.0,0.0
2010-06-25,8.077399601010002,8.083680371264615,7.950282689295348,7.976902484893799,549942400,0.0,0.0
2010-06-28,7.983781583638076,8.068127920765932,7.911699680577103,8.024758338928223,584948000,0.0,0.0
2010-06-29,7.899730634780475,7.907806818692575,7.606018546798408,7.661949634552002,1133344800,0.0,0.0
2010-06-30,7.678100471245949,7.715786667583252,7.4777069615057705,7.523169040679932,739452000,0.0,0.0
2010-07-01,7.60601937254756,7.620974530792418,7.274621052574866,7.431945323944092,1022896000,0.0,0.0
2010-07-02,7.492062303715246,7.5052236403095085,7.274021309991102,7.3858842849731445,693842800,0.0,0.0
2010-07-06,7.507317815866055,7.561154788858581,7.362555076980652,7.436432361602783,615235600,0.0,0.0
2010-07-07,7.492063100458758,7.739715730178415,7.469931063493584,7.736723899841309,654556000,0.0,0.0
2010-07-08,7.850681510986639,7.8632438460569585,7.623667361450574,7.7193779945373535,738144400,0.0,0.0
2010-07-09,7.683486551962985,7.7735146249783424,7.631742892637868,7.765140533447266,433322400,0.0,0.0
2010-07-12,7.732538304935832,7.831838173646339,7.622770223316326,7.695450305938721,562878400,0.0,0.0
2010-07-13,7.666439408679735,7.668831435948196,7.370632291650874,7.531247138977051,1190924000,0.0,0.0
2010-07-14,7.458867430485991,7.650886144277593,7.447500707246513,7.55906343460083,812047600,0.0,0.0
2010-07-15,7.424470752764937,7.685880621345387,7.396654547992875,7.520779609680176,824866000,0.0,0.0
2010-07-16,7.572520652150088,7.6260589209069405,7.429852035857252,7.474417209625244,1039858400,0.0,0.0
2010-07-19,7.473816757001723,7.473816757001723,7.16634598252199,7.345204830169678,1024478000,0.0,0.0
2010-07-20,7.265047252333582,7.564143126290452,7.178608464094067,7.533934116363525,1074950800,0.0,0.0
2010-07-21,7.928743030937421,7.930537649684813,7.5970460518635985,7.604223728179932,1185671200,0.0,0.0
2010-07-22,7.707115731770271,7.776506085655745,7.636229462357674,7.747194766998291,645318800,0.0,0.0
2010-07-23,7.689467294719764,7.787870241026068,7.6652403372717455,7.774709701538086,533388800,0.0,0.0
2010-07-26,7.776504226181152,7.7794952578466665,7.708011597724236,7.754969596862793,420551600,0.0,0.0
2010-07-27,7.802521371659993,7.920066054010057,7.785472900184237,7.898531436920166,584771600,0.0,0.0
2010-07-28,7.886271098372767,7.9556614181276535,7.783980237286156,7.805215358734131,519985200,0.0,0.0
2010-07-29,7.797739258029704,7.855763668344253,7.65985630808127,7.719974040985107,643806800,0.0,0.0
2010-07-30,7.653575585285505,7.767530285301903,7.623963975684945,7.694252014160156,448210000,0.0,0.0
2010-08-02,7.789665302731576,7.853970491291645,7.765139640056266,7.8318376541137695,428055600,0.0,0.0
2010-08-03,7.806712778300799,7.874008990054059,7.759156575682284,7.834229469299316,417653600,0.0,0.0
2010-08-04,7.861447474123003,7.904516730272398,7.78577637403899,7.865634918212891,420375200,0.0,0.0
2010-08-05,7.828247049686231,7.871616604921709,7.792953678431845,7.82735013961792,289097200,0.0,0.0
2010-08-06,7.769917949982132,7.821064152587179,7.7056120168952935,7.779190540313721,444897600,0.0,0.0
2010-08-09,7.820770269402737,7.8408105818513745,7.763643558558099,7.828846454620361,303128000,0.0,0.0
2010-08-10,7.772018744344505,7.789964935876185,7.7032258088131425,7.7588582038879395,451920000,0.0,0.0
2010-08-11,7.638919373085894,7.647592964001114,7.4717243274336775,7.483089447021484,620054400,0.0,0.0
2010-08-12,7.378405438247931,7.570126132222564,7.361356960922125,7.53094482421875,534920400,0.0,0.0
2010-08-13,7.526758347635022,7.533637320466863,7.450189541715061,7.450489044189453,354869200,0.0,0.0
2010-08-16,7.405026631976021,7.47770750101608,7.376312728943909,7.406821250915527,318430000,0.0,0.0
2010-08-17,7.479799030701691,7.615888138967453,7.453477959232001,7.536328315734863,422640400,0.0,0.0
2010-08-18,7.547995903960291,7.617086747046259,7.524665854167972,7.569231033325195,339696000,0.0,0.0
2010-08-19,7.56234995256691,7.581492552192676,7.437926249692285,7.473817825317383,426706000,0.0,0.0
2010-08-20,7.459163769006012,7.59465391696445,7.447498345524599,7.466640949249268,384230000,0.0,0.0
2010-08-23,7.53094384530309,7.537224610236242,7.335335235799956,7.351784706115723,414041600,0.0,0.0
2010-08-24,7.258170219530963,7.268039425203407,7.137933152511159,7.176217555999756,602565600,0.0,0.0
2010-08-25,7.119686698498366,7.297649434857058,7.0945628387638,7.2647480964660645,596867600,0.0,0.0
2010-08-26,7.341319749352104,7.350292845139562,7.186686992645264,7.186686992645264,466505200,0.0,0.0
2010-08-27,7.230655327452064,7.256377405378512,7.045514030606518,7.226766586303711,548391200,0.0,0.0
2010-08-30,7.20104246131413,7.350292145005496,7.198649635998731,7.253085613250732,383289200,0.0,0.0
2010-08-31,7.233644360045728,7.314700120190402,7.188780482399044,7.271031856536865,420786800,0.0,0.0
2010-09-01,7.401734665228717,7.521074006249867,7.366142594494377,7.487276554107666,697037600,0.0,0.0
2010-09-02,7.515091779001763,7.542309761047363,7.4346350439065505,7.542309761047363,415427600,0.0,0.0
2010-09-03,7.629649419323485,7.740015710562321,7.612002728933492,7.73971700668335,520788800,0.0,0.0
2010-09-07,7.67600625595287,7.762445055233571,7.664341634380867,7.711000919342041,342557600,0.0,0.0
2010-09-08,7.76992095825384,7.907804669470664,7.749581950776777,7.863837718963623,526551200,0.0,0.0
2010-09-09,7.927247346767964,7.971513008686091,7.863839086248984,7.868325233459473,438575200,0.0,0.0
2010-09-10,7.871916853457428,7.911098972492047,7.818378579799861,7.878497123718262,387542400,0.0,0.0
2010-09-13,7.950579337425267,8.024157128875412,7.948785516859763,7.987069129943848,388780000,0.0,0.0
2010-09-14,7.962241432696976,8.050773557662273,7.94160371734453,8.017574310302734,408150400,0.0,0.0
2010-09-15,8.020863034837939,8.086963609547034,8.010992235050237,8.08217716217041,429368800,0.0,0.0
2010-09-16,8.082780930950857,8.27509911020561,8.060647292651016,8.27210807800293,652103200,0.0,0.0
2010-09-17,8.305600319666429,8.313676499610185,8.185663616526211,8.236210823059082,634477200,0.0,0.0
2010-09-20,8.257450532575547,8.487755167512484,8.250571559418088,8.471304893493652,658677600,0.0,0.0
2010-09-21,8.490146741674863,8.59453093095626,8.458143108472152,8.487454414367676,668074400,0.0,0.0
2010-09-22,8.45575200850197,8.61337578446015,8.446778913436225,8.606496810913086,585289600,0.0,0.0
2010-09-23,8.564023319713414,8.75634222775931,8.55415331636774,8.641489028930664,786116800,0.0,0.0
2010-09-24,8.73660175920387,8.779372303889497,8.690241977368983,8.743181228637695,649488000,0.0,0.0
2010-09-27,8.792833963224584,8.815265503569808,8.704002316021098,8.708488464355469,482834800,0.0,0.0
2010-09-28,8.726734899394494,8.726734899394494,8.225151160664064,8.579878807067871,1035042400,0.0,0.0
2010-09-29,8.590943476031569,8.66811049651884,8.554154984144002,8.595130920410156,469644000,0.0,0.0
2010-09-30,8.643886844650092,8.673796371640956,8.41208701212892,8.486861228942871,673391600,0.0,0.0
2010-10-01,8.558643979953374,8.571505021201435,8.415077605328372,8.450072288513184,448142800,0.0,0.0
2010-10-04,8.422550828994936,8.461432634709672,8.30799633819794,8.33401870727539,435302000,0.0,0.0
2010-10-05,8.43451330980497,8.657339086195348,8.429128656372384,8.642086029052734,501967200,0.0,0.0
2010-10-06,8.661528867961026,8.733312020128778,8.532020011068774,8.649564743041992,670868800,0.0,0.0
2010-10-07,8.683961857874912,8.68814930191243,8.5813722743122,8.650463104248047,408399600,0.0,0.0
2010-10-08,8.724936905654536,8.808384678110345,8.673792269639561,8.795523643493652,658403200,0.0,0.0
2010-10-11,8.815563650150912,8.89033703037308,8.811376206681377,8.8341064453125,427753200,0.0,0.0
2010-10-12,8.835603862173237,8.95793505621728,8.748267338022602,8.929221153259277,558544000,0.0,0.0
2010-10-13,8.978869241595703,9.03150978655804,8.966905118343755,8.97707462310791,630092400,0.0,0.0
2010-10-14,9.023435396650664,9.046764640888613,8.984851494249591,9.041979789733887,435296400,0.0,0.0
2010-10-15,9.195418670059707,9.421535915392402,9.119747551061517,9.413759231567383,922194000,0.0,0.0
2010-10-18,9.525318432167493,9.541169697866826,9.400295737047719,9.511260986328125,1093010800,0.0,0.0
2010-10-19,9.074581613744206,9.384743982568963,8.97348714843071,9.256731033325195,1232784000,0.0,0.0
2010-10-20,9.242075445755772,9.399101001384325,9.178368473149026,9.287837028503418,721624400,0.0,0.0
2010-10-21,9.342569408995017,9.413754341995398,9.1762720961727,9.2576265335083,551460000,0.0,0.0
2010-10-22,9.244166846138873,9.273179445563226,9.161318088332163,9.196311950683594,372778000,0.0,0.0
2010-10-25,9.244767406305817,9.319839496662365,9.225325303497726,9.237289428710938,392462000,0.0,0.0
2010-10-26,9.178371624320729,9.264212258922043,9.141881028443398,9.213665008544922,392929600,0.0,0.0
2010-10-27,9.201697938051224,9.268994149962314,9.140382990453,9.20708179473877,399002800,0.0,0.0
2010-10-28,9.210668977063236,9.212164891942306,8.999807275622759,9.12961483001709,551051200,0.0,0.0
2010-10-29,9.09940954104915,9.148760376147298,8.998912452793581,9.002202987670898,430511200,0.0,0.0
2010-11-01,9.039288262805679,9.140382728353062,9.038690056524215,9.09791088104248,423889200,0.0,0.0
2010-11-02,9.182258846252829,9.277669978526378,9.182258846252829,9.25284481048584,433930000,0.0,0.0
2010-11-03,9.312957767447708,9.358121927422767,9.228014899595982,9.355729103088379,508348400,0.0,0.0
2010-11-04,9.434992169030073,9.57646515377825,9.422429837604302,9.51933765411377,642488000,0.0,0.0
2010-11-05,9.510961895685424,9.558218588423417,9.473873909735449,9.485239028930664,361253200,0.0,0.0
2010-11-08,9.48733239135011,9.564199885683164,9.474171855923277,9.529804229736328,281758400,0.0,0.0
2010-11-09,9.602485183338988,9.609963160325321,9.40657784029139,9.453834533691406,383544000,0.0,0.0
2010-11-10,9.470587259695757,9.534295048492703,9.378166360025403,9.512162208557129,384227200,0.0,0.0
2010-11-11,9.421536502114305,9.523230007273574,9.399104158251145,9.470888137817383,361284000,0.0,0.0
2010-11-12,9.451442285006824,9.466396642544753,9.081460905084906,9.213062286376953,795846800,0.0,0.0
2010-11-15,9.225924452698969,9.288136307433998,9.16042206414223,9.183452606201172,403606000,0.0,0.0
2010-11-16,9.143969734262765,9.20019951364965,8.952547764281633,9.020442962646484,657650000,0.0,0.0
2010-11-17,9.008779933254,9.092227707204204,8.905890855804703,8.98784351348877,479449600,0.0,0.0
2010-11-18,9.12841782117455,9.262114118278317,9.113164760313083,9.22502613067627,494491200,0.0,0.0
2010-11-19,9.211270890336197,9.22413192872568,9.129617712618556,9.174182891845703,384843200,0.0,0.0
2010-11-22,9.172685388206979,9.372482299804688,9.148459230974264,9.372482299804688,393075200,0.0,0.0
2010-11-23,9.285445153041426,9.324328565505072,9.16909681418004,9.234000205993652,519447600,0.0,0.0
2010-11-24,9.33180579431423,9.433499284954223,9.324329412325342,9.415553092956543,413725200,0.0,0.0
2010-11-26,9.383846436502871,9.50228887591131,9.359918985594655,9.42153263092041,237585600,0.0,0.0
2010-11-29,9.436491741886874,9.495712592087104,9.313264389159343,9.477468490600586,445785200,0.0,0.0
2010-11-30,9.3778677613701,9.402394226049966,9.298009196230396,9.306384086608887,501858000,0.0,0.0
2010-12-01,9.429606408022149,9.50378237173078,9.421531024501919,9.463404655456543,461750800,0.0,0.0
2010-12-02,9.497205534373974,9.541172503353225,9.418243893046037,9.51574993133545,462837200,0.0,0.0
2010-12-03,9.481653427443009,9.530704753468731,9.461613912962884,9.494514465332031,342092800,0.0,0.0
2010-12-06,9.5304030770214,9.640770123501914,9.523822808865317,9.575567245483398,448481600,0.0,0.0
2010-12-07,9.684734979504283,9.690416739123789,9.514848450065896,9.517539978027344,391454000,0.0,0.0
2010-12-08,9.560016214135787,9.601591159026734,9.48464460479368,9.60129165649414,321935600,0.0,0.0
2010-12-09,9.634789098767806,9.645854716575471,9.541769223284371,9.563902854919434,294151200,0.0,0.0
2010-12-10,9.56061160636676,9.602485242791396,9.529206179379985,9.58782958984375,262511200,0.0,0.0
2010-12-13,9.701788826160024,9.722426547537449,9.600993044862948,9.621031761169434,439815600,0.0,0.0
2010-12-14,9.622823923106846,9.647050874672034,9.541169975484706,9.579753875732422,351008000,0.0,0.0
2010-12-15,9.57107868157758,9.660808005950251,9.546852530723127,9.581847190856934,417312000,0.0,0.0
2010-12-16,9.603686218422991,9.649149113743462,9.574076194687223,9.608471870422363,322030800,0.0,0.0
2010-12-17,9.619833624445821,9.624619274370973,9.577959986273955,9.589325904846191,386929200,0.0,0.0
2010-12-20,9.618936390140611,9.66828800809109,9.518141428977286,9.637181282043457,385610400,0.0,0.0
2010-12-21,9.660814225056765,9.702388380873376,9.632400612897627,9.69670581817627,256354000,0.0,0.0
2010-12-22,9.701489679042382,9.742166916889946,9.677262718392326,9.725417137145996,265921600,0.0,0.0
2010-12-23,9.720631314047651,9.725117462408768,9.665896630144482,9.678757667541504,223157200,0.0,0.0
2010-12-27,9.656324734773122,9.733790456909643,9.616544413634731,9.711058616638184,249816000,0.0,0.0
2010-12-28,9.747846590156039,9.770278924900895,9.72242402287354,9.734686851501465,175924000,0.0,0.0
2010-12-29,9.757115884076674,9.763995653433046,9.723617141783398,9.729300498962402,163139200,0.0,0.0
2010-12-30,9.734990542204562,9.735887452690667,9.662310443232013,9.68055534362793,157494400,0.0,0.0
2010-12-31,9.659319161446648,9.675171235239402,9.610267024398606,9.64765453338623,193508000,0.0,0.0
2011-01-03,9.73977505416644,9.877957556022054,9.715847593697161,9.857319831848145,445138400,0.0,0.0
2011-01-04,9.943154771940916,9.944949390349128,9.814842351109512,9.908759117126465,309080800,0.0,0.0
2011-01-05,9.856715585064634,9.99998235485586,9.855219670448154,9.989812850952148,255519600,0.0,0.0
2011-01-06,10.011350964036769,10.027203030932,9.956915790549346,9.981740951538086,300428800,0.0,0.0
2011-01-07,9.989519636696112,10.060106399353014,9.927008261652064,10.053227424621582,311931200,0.0,0.0
2011-01-10,10.134278871545082,10.265881047979047,10.08462935160275,10.242551803588867,448560000,0.0,0.0
2011-01-11,10.31523551638849,10.317627543306584,10.153424279792267,10.218328475952148,444108000,0.0,0.0
2011-01-12,10.26648530012812,10.301777888531172,10.229097790831155,10.301478385925293,302590400,0.0,0.0
2011-01-13,10.323606448927439,10.367872910154478,10.28442513986337,10.33915901184082,296780400,0.0,0.0
2011-01-14,10.345440216488837,10.422905921936035,10.302071465429604,10.422905921936035,308840000,0.0,0.0
2011-01-18,9.85581984692822,10.311642612637424,9.75053794619047,10.188714027404785,1880998000,0.0,0.0
2011-01-19,10.419016229346704,10.426494205424982,10.075954193176308,10.134576797485352,1135612800,0.0,0.0
2011-01-20,10.06249638322364,10.118427471623578,9.873766697185383,9.950335502624512,764789200,0.0,0.0
2011-01-21,9.982936259078325,10.01613630686891,9.769381418245471,9.772073745727539,754401200,0.0,0.0
2011-01-24,9.77656308951023,10.09300708770752,9.772076142164181,10.09300708770752,574683200,0.0,0.0
2011-01-25,10.059508286313774,10.212346427169214,10.006866921895396,10.211149215698242,546868000,0.0,0.0
2011-01-26,10.257805005501085,10.336766625768139,10.21413755068243,10.284424781799316,506875600,0.0,0.0
2011-01-27,10.282334929889588,10.309552923682455,10.253921321885393,10.265286445617676,285026000,0.0,0.0
2011-01-28,10.29400042561801,10.300879400416258,9.97576178413012,10.052628517150879,592057200,0.0,0.0
2011-01-31,10.043652465102875,10.170469788344302,9.998788595729568,10.148934364318848,377246800,0.0,0.0
2011-02-01,10.208157585501954,10.338263865400478,10.198586284431356,10.319720268249512,426633200,0.0,0.0
2011-02-02,10.302370680712691,10.326297330461678,10.275451402730528,10.298481941223145,258955200,0.0,0.0
2011-02-03,10.28293205962349,10.29609259997847,10.125906478963705,10.272164344787598,393797600,0.0,0.0
2011-02-04,10.278148444377887,10.369672441264324,10.274260501475988,10.363690376281738,321840400,0.0,0.0
2011-02-07,10.405259882574196,10.565575159137685,10.397782704022296,10.5246000289917,485021600,0.0,0.0
2011-02-08,10.578438331542552,10.633471714422077,10.532676747081865,10.623900413513184,381040800,0.0,0.0
2011-02-09,10.623601225499447,10.737557525068851,10.61403072370006,10.712432861328125,482745200,0.0,0.0
2011-02-10,10.689404470122867,10.767468402797357,10.408551777717841,10.604161262512207,928550000,0.0,0.0
2011-02-11,10.61044298848787,10.70166666367894,10.57425190278752,10.673253059387207,367572800,0.0,0.0
2011-02-14,10.671456299531476,10.75191224402609,10.669063474554497,10.742939949035645,310416400,0.0,0.0
2011-02-15,10.743236090482313,10.76656612844347,10.694184787499792,10.764472007751465,284174800,0.0,0.0
2011-02-16,10.79139430189498,10.914024200086656,10.782422005869883,10.861084938049316,481157600,0.0,0.0
2011-02-17,10.685220567573353,10.775547361134963,10.663385629032813,10.716625213623047,530583200,0.0,0.0
2011-02-18,10.728886786164576,10.752515542911661,10.454016897215327,10.485123634338379,816057200,0.0,0.0
2011-02-22,10.233579972161646,10.330786500230756,10.10108086937521,10.127699851989746,872555600,0.0,0.0
2011-02-23,10.13248394951381,10.308052268250973,10.12769750150202,10.247635841369629,671854400,0.0,0.0
2011-02-24,10.289509854543327,10.323307306236607,10.120520200057475,10.255412101745605,499900800,0.0,0.0
2011-02-25,10.32659938768645,10.421413093575461,10.312841440876097,10.413337707519531,380018800,0.0,0.0
2011-02-28,10.505453782086617,10.619409234185676,10.501864545946324,10.564375877380371,403074000,0.0,0.0
2011-03-01,10.631974531383422,10.639451709428453,10.398978411548061,10.447731018066406,456136800,0.0,0.0
2011-03-02,10.46717555174196,10.598479055747886,10.420516253147476,10.531780242919922,602590800,0.0,0.0
2011-03-03,10.683420396464115,10.761184811992777,10.645434699390583,10.754305839538574,500788400,0.0,0.0
2011-03-04,10.769564636949063,10.776144908635416,10.70017427833106,10.767471313476562,453266800,0.0,0.0
2011-03-07,10.809339448357427,10.817415632143428,10.507551979848518,10.62868595123291,546123200,0.0,0.0
2011-03-08,10.6152273791681,10.689702870268711,10.535667533529143,10.640650749206543,356316800,0.0,0.0
2011-03-09,10.608647078219063,10.610741199733404,10.486317476439554,10.542247772216797,453306000,0.0,0.0
2011-03-10,10.442051750752933,10.461493858898427,10.31583338979606,10.368773460388184,507539200,0.0,0.0
2011-03-11,10.328691363378454,10.53776005412699,10.318822158306904,10.527889251708984,471080400,0.0,0.0
2011-03-14,10.56347939825899,10.662181806256989,10.507549125246586,10.574845314025879,435957200,0.0,0.0
2011-03-15,10.232085704665828,10.403766935413648,10.172266666432543,10.331685066223145,721081200,0.0,0.0
2011-03-16,10.229092827242614,10.259002340962656,9.758314892924504,9.870475769042969,1162011200,0.0,0.0
2011-03-17,10.074463285681652,10.157612383030196,9.889920992676709,10.00896167755127,659422400,0.0,0.0
2011-03-18,10.083434602950847,10.115438244862993,9.870179220398727,9.890218734741211,753214000,0.0,0.0
2011-03-21,10.049337962263165,10.161498058903009,10.027503031142725,10.148338317871094,409402000,0.0,0.0
2011-03-22,10.245845807968193,10.2476404272733,10.143554104923986,10.205167770385742,325922800,0.0,0.0
2011-03-23,10.147739670601943,10.175854569168264,10.048140314297997,10.145048141479492,372996400,0.0,0.0
2011-03-24,10.22460766554134,10.348732678584815,10.135177819546017,10.317925453186035,404712000,0.0,0.0
2011-03-25,10.410644210641063,10.529983563795847,10.379238781422124,10.51443099975586,448910000,0.0,0.0
2011-03-28,10.562584021521229,10.597578683704043,10.481528282165527,10.481528282165527,309355200,0.0,0.0
2011-03-29,10.398382021285858,10.49708366394043,10.350527115032708,10.49708366394043,352900800,0.0,0.0
2011-03-30,10.487516285085201,10.494695561983182,10.391805638114086,10.427397727966309,329406000,0.0,0.0
2011-03-31,10.359497363474128,10.46238642986008,10.350525069495632,10.423803329467773,274019200,0.0,0.0
2011-04-01,10.501572104274134,10.515928258722838,10.267976905553555,10.305663108825684,418661600,0.0,0.0
2011-04-04,10.298184029126373,10.306857620028604,10.12141768415067,10.204865455627441,460084800,0.0,0.0
2011-04-05,10.07924891318474,10.236573212284014,10.049638093977373,10.136076927185059,482731200,0.0,0.0
2011-04-06,10.205762292935026,10.285919524002885,10.083730629806668,10.110649108886719,402539200,0.0,0.0
2011-04-07,10.112444331362969,10.1821333579144,10.050531186842628,10.111846923828125,373447200,0.0,0.0
2011-04-08,10.166881546333746,10.17376051923428,9.988321364011068,10.021520614624023,377535200,0.0,0.0
2011-04-11,9.991608414693154,10.039762813254583,9.870774762004547,9.89410400390625,398946800,0.0,0.0
2011-04-12,9.884832989553932,9.981740807014178,9.87615939805909,9.941961288452148,425639200,0.0,0.0
2011-04-13,10.020323968820545,10.053822721131143,9.945549782720956,10.053524017333984,346220000,0.0,0.0
2011-04-14,10.013744194257121,10.049635773409966,9.931792327573989,9.942559242248535,301800800,0.0,0.0
2011-04-15,9.968883706362744,9.979053217683438,9.774471370214798,9.794211387634277,453605600,0.0,0.0
2011-04-18,9.753530494942257,9.936876325731852,9.575867224434887,9.92551040649414,609898800,0.0,0.0
2011-04-19,9.962897629657508,10.108855963602837,9.921322693960718,10.105267524719238,419378400,0.0,0.0
2011-04-20,10.274255484988483,10.341252982734254,10.214137757950363,10.241354942321777,700666400,0.0,0.0
2011-04-21,10.617915671360713,10.621804410710409,10.424101668898098,10.489304542541504,753810400,0.0,0.0
2011-04-25,10.478539705822474,10.580531878916114,10.47734249460051,10.558398246765137,266546000,0.0,0.0
2011-04-26,10.576646690430968,10.617622635973808,10.448932403327094,10.480936050415039,338800000,0.0,0.0
2011-04-27,10.53536692094243,10.538657454543248,10.381631913235077,10.472855567932129,356213200,0.0,0.0
2011-04-28,10.354415498598849,10.460893028960154,10.334375986197706,10.37116527557373,360959200,0.0,0.0
2011-04-29,10.372061017093646,10.586512767465207,10.368770483364806,10.472258567810059,1006345200,0.0,0.0
2011-05-02,10.460593498050832,10.482427627687214,10.333776962818435,10.35710620880127,442713600,0.0,0.0
2011-05-03,10.408252847855433,10.46508085302178,10.337366594309707,10.414533615112305,313348000,0.0,0.0
2011-05-04,10.416328024174915,10.523105857429506,10.375052586065522,10.455510139465332,389250400,0.0,0.0
2011-05-05,10.420515300334266,10.496785408192043,10.350228054355128,10.37116527557373,335969200,0.0,0.0
2011-05-06,10.459098352765125,10.468370150637954,10.355012857530323,10.3684720993042,280134400,0.0,0.0
2011-05-09,10.404364209352565,10.444444034675975,10.364584685213252,10.396588325500488,204747200,0.0,0.0
2011-05-10,10.435171684867647,10.459099939360572,10.368473672152076,10.451921463012695,282091600,0.0,0.0
2011-05-11,10.43905808580121,10.468369392311972,10.325999504682674,10.385519027709961,336000000,0.0,0.0
2011-05-12,10.35232429078042,10.382233814244145,10.237172345909348,10.365782737731934,322000000,0.0,0.0
2011-05-13,10.338562925561707,10.356208813145669,10.179742749246483,10.184228897094727,326116000,0.0,0.0
2011-05-16,10.145348336384837,10.205765581910608,9.947943430603734,9.968880653381348,449775200,0.0,0.0
2011-05-17,9.929995133353339,10.053820610046387,9.892009442675521,10.053820610046387,452334400,0.0,0.0
2011-05-18,10.063695410696283,10.20068148783111,10.049637958993827,10.165388107299805,334776400,0.0,0.0
2011-05-19,10.231486092822538,10.241356097000725,10.129493919852568,10.185126304626465,261170000,0.0,0.0
2011-05-20,10.156114685298984,10.197689626013984,10.02032504270128,10.026307106018066,337968400,0.0,0.0
2011-05-23,9.869280462279363,10.049037052652857,9.852830189287868,10.001779556274414,383600000,0.0,0.0
2011-05-24,10.034680572912624,10.046644697851079,9.910256069572378,9.93567943572998,321927200,0.0,0.0
2011-05-25,9.972766169506476,10.126203269467156,9.95541898781246,10.07296371459961,294224000,0.0,0.0
2011-05-26,10.04873936074389,10.07625605309946,10.002678272260143,10.019726753234863,222560800,0.0,0.0
2011-05-27,10.013742499863495,10.098386679897862,9.999086847400973,10.091806411743164,203599200,0.0,0.0
2011-05-31,10.202173130253575,10.403464317321777,10.19918130069718,10.403464317321777,417754400,0.0,0.0
2011-06-01,10.43457202388171,10.532076445191228,10.308353703381316,10.334074974060059,554682800,0.0,0.0
2011-06-02,10.363687797948144,10.407954269132867,10.297886696857175,10.351723670959473,338783200,0.0,0.0
2011-06-03,10.264388460523968,10.32869364966593,10.22939378664402,10.272164344787598,313250000,0.0,0.0
2011-06-06,10.339757280836114,10.380134999456189,10.103770137241915,10.110649108886719,461941200,0.0,0.0
2011-06-07,10.114540959596408,10.116036076150477,9.927006860925806,9.931194305419922,529785200,0.0,0.0
2011-06-08,9.923418756420766,10.013745523251227,9.88962129415893,9.937176704406738,333723600,0.0,0.0
2011-06-09,9.967383019271596,9.979945349765206,9.892608839870284,9.914742469787598,275088800,0.0,0.0
2011-06-10,9.886629398266697,9.919829452606034,9.735884587079903,9.747550010681152,433955200,0.0,0.0
2011-06-13,9.786430459268725,9.819630508966227,9.722723486183709,9.768485069274902,329473200,0.0,0.0
2011-06-14,9.870176680323649,9.9673831951277,9.849538964913767,9.943156242370605,334569200,0.0,0.0
2011-06-15,9.862701617516475,9.87915189288338,9.71704116595239,9.77297306060791,399196000,0.0,0.0
2011-06-16,9.77746029696267,9.830699070944737,9.521134836289223,9.725417137145996,510591200,0.0,0.0
2011-06-17,9.839970248537707,9.847746930867023,9.551939889236564,9.578858375549316,615020000,0.0,0.0
2011-06-20,9.492121063682758,9.502290571569588,9.286941078947459,9.431105613708496,640645600,0.0,0.0
2011-06-21,9.471785996807714,9.74456099337539,9.42751951113344,9.729606628417969,493382400,0.0,0.0
2011-06-22,9.72541827173103,9.837281287867066,9.642269167077295,9.649148941040039,390583200,0.0,0.0
2011-06-23,9.539376062716455,9.920724154243834,9.514851204248862,9.906966209411621,559759200,0.0,0.0
2011-06-24,9.911154852187886,9.964393616586163,9.72332206366794,9.761008262634277,439807200,0.0,0.0
2011-06-27,9.798096985172833,9.986826697882666,9.787927477115694,9.931194305419922,339813600,0.0,0.0
2011-06-28,9.979349549605315,10.070574029849977,9.973068781678123,10.027503967285156,294299600,0.0,0.0
2011-06-29,10.05083352089929,10.060703526775711,9.92640899059653,9.99101448059082,352545200,0.0,0.0
2011-06-30,10.01075354945105,10.05352490200932,9.955121959018275,10.039765357971191,322954800,0.0,0.0
2011-07-01,10.048141756749844,10.27395948519383,9.995799893874262,10.2667818069458,435313200,0.0,0.0
2011-07-05,10.259003615660086,10.463286681985862,10.244049256278576,10.451322555541992,355054000,0.0,0.0
2011-07-06,10.436965362894219,10.59100069194682,10.369967853701699,10.521011352539062,444626000,0.0,0.0
2011-07-07,10.608048538206244,10.707647087241382,10.58800822873678,10.683719635009766,399663600,0.0,0.0
2011-07-08,10.568268565842734,10.76746726777044,10.534171605862069,10.758792877197266,489633200,0.0,0.0
2011-07-11,10.65799630019114,10.760586667098023,10.55271360604007,10.588006973266602,442674400,0.0,0.0
2011-07-12,10.573951959243296,10.698077777964302,10.427095896975658,10.580533027648926,451609200,0.0,0.0
2011-07-13,10.7175172304151,10.767467055490277,10.65919331608786,10.708246231079102,391638800,0.0,0.0
2011-07-14,10.79767741875774,10.815623610732784,10.657999818582416,10.700770378112793,430533600,0.0,0.0
2011-07-15,10.802458587850964,10.917012270404635,10.742639570100808,10.914619445800781,484467200,0.0,0.0
2011-07-18,10.929874584447324,11.20564126298042,10.925388437125807,11.180218696594238,572653200,0.0,0.0
2011-07-19,11.305840940542248,11.32528224705732,11.165863853103078,11.271445274353027,819145600,0.0,0.0
2011-07-20,11.84780232847559,11.852288476048507,11.54511635303145,11.57203483581543,941340400,0.0,0.0
2011-07-21,11.573533532304298,11.666551831894495,11.482309053235795,11.58370304107666,526534400,0.0,0.0
2011-07-22,11.614506188223263,11.815798191650826,11.597457710027294,11.763456344604492,516728800,0.0,0.0
2011-07-25,11.67522074980704,11.963849231386055,11.653387423020027,11.918985366821289,589806000,0.0,0.0
2011-07-26,11.96385141018414,12.09844542440937,11.954280908573306,12.06584358215332,476582400,0.0,0.0
2011-07-27,11.981497788861855,12.042812731726443,11.729060341047536,11.742220878601074,659324400,0.0,0.0
2011-07-28,11.713205520799905,11.873819458161966,11.608820558092875,11.719186782836914,594034000,0.0,0.0
2011-07-29,11.594169534434368,11.818790812337957,11.485298382094834,11.679112434387207,632584400,0.0,0.0
2011-08-01,11.897451281944697,11.948895420036857,11.735640091833048,11.866644859313965,612836000,0.0,0.0
2011-08-02,11.89356795727317,11.901045138664193,11.615408343587916,11.632157325744629,639539600,0.0,0.0
2011-08-03,11.69406497623866,11.770933277075889,11.43265604759584,11.741621971130371,732508000,0.0,0.0
2011-08-04,11.647107067631277,11.704233761125842,11.286396727902163,11.286994934082031,871407600,0.0,0.0
2011-08-05,11.378820525415565,11.470344497231826,10.844335545067457,11.174836158752441,1204590800,0.0,0.0
2011-08-08,10.818008841910993,10.999859479654537,10.558692520821776,10.564375877380371,1143833600,0.0,0.0
2011-08-09,10.806350687487923,11.204448648100815,10.617919670779294,11.186502456665039,1082583600,0.0,0.0
2011-08-10,11.100957746002168,11.205641440328673,10.842240340011854,10.877832412719727,878656800,0.0,0.0
2011-08-11,11.082118561743533,11.229573654278393,10.908642687002654,11.177231788635254,741969200,0.0,0.0
2011-08-12,11.307934403360143,11.354892403142573,11.193081980522953,11.275632858276367,528976000,0.0,0.0
2011-08-15,11.354589941098721,11.514307786669438,11.308528866737142,11.46764850616455,460544000,0.0,0.0
2011-08-16,11.411120187962098,11.466453062884465,11.247813091730787,11.380013465881348,498750000,0.0,0.0
2011-08-17,11.43474959632226,11.500849387893732,11.305838949426523,11.37881851196289,442061200,0.0,0.0
2011-08-18,11.09168621758107,11.145823483421236,10.808441550600373,10.948418617248535,851435200,0.0,0.0
2011-08-19,10.83237182144477,10.97683586122068,10.647829553119571,10.648726463317871,775888400,0.0,0.0
2011-08-22,10.90235401859886,10.913421229088469,10.620605378082878,10.660983085632324,535315200,0.0,0.0
2011-08-23,10.77643795798234,11.175432710013526,10.677736330498178,11.174236297607422,656835200,0.0,0.0
2011-08-24,11.170348062429223,11.334552078553711,11.08450746509735,11.25140380859375,626267600,0.0,0.0
2011-08-25,10.919407361270604,11.229570526196493,10.917014536170132,11.177826881408691,871346000,0.0,0.0
2011-08-26,11.101556023911325,11.47931487487358,11.090489607911314,11.472735404968262,641477200,0.0,0.0
2011-08-29,11.610322046315163,11.70962271125684,11.604938987394638,11.663860321044922,405269200,0.0,0.0
2011-08-30,11.612417016738831,11.71979308396733,11.551401552698396,11.664460182189941,417922400,0.0,0.0
2011-08-31,11.68180736972216,11.726970758173422,11.421294453760328,11.510126113891602,522586400,0.0,0.0
2011-09-01,11.53973193355317,11.585194006191463,11.387192551323809,11.396464347839355,343725200,0.0,0.0
2011-09-02,11.208330508299648,11.30583650512584,11.121294316219284,11.18769359588623,438939200,0.0,0.0
2011-09-06,10.987901366690586,11.375530296371517,10.961281583432495,11.357884407043457,509698000,0.0,0.0
2011-09-07,11.531960330086882,11.533156742981618,11.425481179802555,11.483207702636719,350576800,0.0,0.0
2011-09-08,11.437445438845176,11.623184948834583,11.434753909138156,11.48948860168457,416158400,0.0,0.0
2011-09-09,11.48320705452866,11.545119421653093,11.216711288645325,11.290289878845215,564813200,0.0,0.0
2011-09-12,11.15628930706601,11.39197612781592,11.123387970625936,11.363862037658691,467832400,0.0,0.0
2011-09-13,11.429666520353516,11.551398714620527,11.3731372194965,11.503843307495117,440560400,0.0,0.0
2011-09-14,11.57562588262272,11.730856835925826,11.53793968136547,11.643819808959961,534724400,0.0,0.0
2011-09-15,11.70753048479364,11.77422931110615,11.661768885847046,11.753292083740234,417818800,0.0,0.0
2011-09-16,11.830458151210877,11.978809356689453,11.815204286150147,11.978809356689453,698513200,0.0,0.0
2011-09-19,11.874121049631707,12.359554612219675,11.820284886167792,12.311698913574219,823860800,0.0,0.0
2011-09-20,12.419975435964645,12.647588574484736,12.298542733579605,12.366138458251953,775754000,0.0,0.0
2011-09-21,12.551279518283838,12.609603445927593,12.322770257717975,12.326957702636719,605976000,0.0,0.0
2011-09-22,11.994660658809929,12.25756636782795,11.865151775331029,12.018288612365723,968480800,0.0,0.0
2011-09-23,11.972228316622997,12.165444980320874,11.959367279034325,12.0924654006958,546277200,0.0,0.0
2011-09-26,11.959665079403543,12.082893186010336,11.70363916236172,12.058666229248047,812876400,0.0,0.0
2011-09-27,12.224963921872693,12.240516488025948,11.905828427154358,11.941720008850098,632497600,0.0,0.0
2011-09-28,11.969535595506395,12.075715225765972,11.859468023315163,11.87442398071289,429637600,0.0,0.0
2011-09-29,12.021282091431567,12.029955685631302,11.551400907753221,11.681807518005371,651086800,0.0,0.0
2011-09-30,11.57861575328353,11.631556610445339,11.400952479078878,11.405139923095703,547640800,0.0,0.0
2011-10-03,11.376728037321342,11.444622464573785,11.161378533177254,11.204148292541504,669099200,0.0,0.0
2011-10-04,11.20324767534835,11.419494018170969,10.595185868471436,11.141334533691406,1233677200,0.0,0.0
2011-10-05,11.002557796611702,11.36027640795756,10.776440588697737,11.313319206237793,786469600,0.0,0.0
2011-10-06,11.16615968176808,11.508625132347785,11.120398107017873,11.286994934082031,812582400,0.0,0.0
2011-10-07,11.239441865083235,11.298064489659698,11.021400843286598,11.060582160949707,535458000,0.0,0.0
2011-10-10,11.338440795547735,11.629161834716797,11.31211972147772,11.629161834716797,442514800,0.0,0.0
2011-10-11,11.741624491786544,12.058966169154123,11.70962165033216,11.972526550292969,605687600,0.0,0.0
2011-10-12,12.183390550951012,12.240517263306689,11.968041047136925,12.029356002807617,622286000,0.0,0.0
2011-10-13,12.112799738527013,12.215989112854004,12.04909277315858,12.215989112854004,426185200,0.0,0.0
2011-10-14,12.467231587881463,12.621864318847656,12.420571497553865,12.621864318847656,573367200,0.0,0.0
2011-10-17,12.614090368007462,12.762442364422046,12.440613702130973,12.561748504638672,686044800,0.0,0.0
2011-10-18,12.614685673841226,12.705910939034082,12.4421075443542,12.629042625427246,881602400,0.0,0.0
2011-10-19,12.004231024253158,12.215691767735345,11.898051398765501,11.922577857971191,1104059600,0.0,0.0
2011-10-20,11.963856421396931,11.97432463613077,11.790680027047483,11.823579788208008,549270400,0.0,0.0
2011-10-21,11.907024200466655,11.938130129776233,11.68718777521387,11.750596046447754,621244400,0.0,0.0
2011-10-24,11.849598544994764,12.158265027257908,11.826269296592786,12.136431694030762,502138000,0.0,0.0
2011-10-25,12.11429601808874,12.159758893233976,11.885488123459462,11.897151947021484,430427200,0.0,0.0
2011-10-26,12.016490626970281,12.040120171253296,11.758968847412993,11.981796264648438,456304800,0.0,0.0
2011-10-27,12.189968491600794,12.233039345362814,12.020381397615996,12.104127883911133,494664800,0.0,0.0
2011-10-28,12.053581178939588,12.153778742285308,12.03892552322723,12.111905097961426,322842800,0.0,0.0
2011-10-31,12.036232412686113,12.242908279336033,11.995255683902151,12.106819152832031,385501200,0.0,0.0
2011-11-01,11.886388702617284,11.948899276730659,11.761067253170795,11.859469413757324,531790000,0.0,0.0
2011-11-02,11.966545881907768,11.97701409413257,11.817594890567165,11.886387825012207,327350800,0.0,0.0
2011-11-03,11.93603569064932,12.065544557389599,11.825071218943686,12.05567455291748,441386400,0.0,0.0
2011-11-04,12.024570415688503,12.066742767507348,11.938729796762729,11.97103214263916,302229200,0.0,0.0
2011-11-07,11.961161824231638,11.963853353537111,11.848103217280892,11.955777168273926,270275600,0.0,0.0
2011-11-08,12.029951234938938,12.203128344342543,12.010509931817602,12.150187492370605,400442000,0.0,0.0
2011-11-09,11.873223884828597,11.99046990472346,11.791272030948775,11.822676658630371,558684000,0.0,0.0
2011-11-10,11.87502006712984,11.880403923671583,11.429964975764959,11.521787643432617,744752400,0.0,0.0
2011-11-11,11.563362841364873,11.625874205594062,11.373436722001783,11.503843307495117,653786000,0.0,0.0
2011-11-14,11.470938698100689,11.522683132223907,11.311819851000383,11.343523979187012,432905200,0.0,0.0
2011-11-15,11.38958706866586,11.64980040799431,11.34920934325453,11.629761695861816,430810800,0.0,0.0
2011-11-16,11.64232345079695,11.698852746654094,11.494868397071619,11.508328437805176,349210400,0.0,0.0
2011-11-17,11.484699282426897,11.502645471568961,11.231066198605468,11.288193702697754,479900400,0.0,0.0
2011-11-18,11.333356062354962,11.365358898772794,11.212520795675756,11.214315414428711,371938000,0.0,0.0
2011-11-21,11.07852822666438,11.116813435147519,10.944234487812459,11.036954879760742,447980400,0.0,0.0
2011-11-22,11.097074073052474,11.303750012497353,11.094681247209936,11.26127815246582,409021200,0.0,0.0
2011-11-23,11.201455785001182,11.24123610634694,10.97324526298919,10.97653579711914,428271200,0.0,0.0
2011-11-25,11.019305160628628,11.100958318627539,10.866765758662881,10.87424373626709,254760800,0.0,0.0
2011-11-28,11.136851796711982,11.267557091784546,11.076434551343096,11.249610900878906,346413200,0.0,0.0
2011-11-29,11.241237918426064,11.330667781903461,11.072547700653464,11.162276268005371,375855200,0.0,0.0
2011-11-30,11.404244143431198,11.433854159618173,11.314813492502774,11.431461334228516,405938400,0.0,0.0
2011-12-01,11.441630275985908,11.634846124600019,11.388092008551505,11.602843284606934,387181200,0.0,0.0
2011-12-02,11.659673503075847,11.77333032903819,11.622286799118044,11.65578556060791,379055600,0.0,0.0
2011-12-05,11.769140581918524,11.856477106485423,11.676420999194656,11.754783630371094,357210000,0.0,0.0
2011-12-06,11.739830801096055,11.803239880020577,11.646214296037197,11.693171501159668,283598000,0.0,0.0
2011-12-07,11.662660866108428,11.692869882057957,11.567847173230037,11.637537002563477,304746400,0.0,0.0
2011-12-08,11.708127541868462,11.829261550093157,11.67163774785802,11.68449878692627,376356400,0.0,0.0
2011-12-09,11.749997677105352,11.785589751470377,11.695561706264057,11.773027420043945,296993200,0.0,0.0
2011-12-12,11.715004807877676,11.781404115402077,11.648306796514861,11.7197904586792,301067200,0.0,0.0
2011-12-13,11.754483244307588,11.826267193098062,11.578016400158731,11.629161834716797,338928800,0.0,0.0
2011-12-14,11.566053460055205,11.586392473919487,11.296268812594667,11.371341705322266,406887600,0.0,0.0
2011-12-15,11.465258294115744,11.477521123511263,11.315111712624882,11.333954811096191,256200000,0.0,0.0
2011-12-16,11.37643060075494,11.489787934669728,11.352801843858193,11.396170616149902,421478400,0.0,0.0
2011-12-19,11.439537470447076,11.510722428138958,11.380016338469968,11.431760787963867,235530400,0.0,0.0
2011-12-20,11.597755033043345,11.84720220888821,11.582800677766603,11.8427152633667,337215200,0.0,0.0
2011-12-21,11.864850367944548,11.883096058599023,11.724873294821995,11.857672691345215,262948000,0.0,0.0
2011-12-22,11.874121099189399,11.937829662174142,11.847203416681692,11.92048168182373,202358800,0.0,0.0
2011-12-23,11.95458061314194,12.071228449099616,11.9485985499636,12.063451766967773,269399200,0.0,0.0
2011-12-27,12.056569149521076,12.235727494858047,12.054175526299897,12.159158706665039,265076000,0.0,0.0
2011-12-28,12.16992837664135,12.210604803162282,12.003929740917998,12.04281234741211,228662000,0.0,0.0
2011-12-29,12.065544990179616,12.132842002370634,11.9791069733225,12.116989135742188,215978000,0.0,0.0
2011-12-30,12.068834489188182,12.151684863891864,12.0682370815603,12.11340045928955,179662000,0.0,0.0
2012-01-03,12.24500499717948,12.337724589561565,12.233040869643702,12.299738883972168,302220800,0.0,0.0
2012-01-04,12.262947063910191,12.402924931211073,12.241412437457184,12.365836143493652,260022000,0.0,0.0
2012-01-05,12.411002851224561,12.518676804155074,12.342808123069357,12.503124237060547,271269600,0.0,0.0
2012-01-06,12.55516887317692,12.644299237641865,12.538718595242866,12.633831024169922,318292800,0.0,0.0
2012-01-09,12.72654753501421,12.793843742954293,12.602421732058982,12.613787651062012,394024400,0.0,0.0
2012-01-10,12.738806464672642,12.74149879153886,12.606904811073477,12.658947944641113,258196400,0.0,0.0
2012-01-11,12.64220695863331,12.647292113504127,12.541411953110828,12.63831901550293,215084800,0.0,0.0
2012-01-12,12.630236490838042,12.648780084223526,12.52465509402577,12.603616714477539,212587200,0.0,0.0
2012-01-13,12.553073215267382,12.57550475481812,12.521966485849804,12.55636215209961,226021600,0.0,0.0
2012-01-17,12.687662490610636,12.741201544931933,12.650574505744252,12.702617645263672,242897200,0.0,0.0
2012-01-18,12.7702162656188,12.845289162452302,12.750476255638302,12.834522247314453,276791200,0.0,0.0
2012-01-19,12.865627379967593,12.902116366052644,12.756756231978368,12.793844223022461,261738400,0.0,0.0
2012-01-20,12.786067070760458,12.786365774555708,12.554566038729032,12.571016311645508,413974400,0.0,0.0
2012-01-23,12.641906322750831,12.814784789793283,12.630839902910678,12.78367805480957,306062400,0.0,0.0
2012-01-24,12.714583057542875,12.714583057542875,12.548584418100235,12.57430648803711,547638000,0.0,0.0
2012-01-25,13.592133676386993,13.592432380235735,13.271801752180934,13.359436988830566,958314000,0.0,0.0
2012-01-26,13.410282085242107,13.423142322626912,13.254154234979332,13.29871940612793,323985200,0.0,0.0
2012-01-27,13.290046448058666,13.413872768954473,13.272998764754222,13.377981185913086,299709200,0.0,0.0
2012-01-30,13.33101884945657,13.575979098301111,13.321448348878157,13.549359321594238,379341200,0.0,0.0
2012-01-31,13.626525060627616,13.705785383166168,13.551152678940712,13.653144836425781,391683600,0.0,0.0
2012-02-01,13.710877005650387,13.728224193454725,13.62533588214229,13.644476890563965,270046000,0.0,0.0
2012-02-02,13.635799873080742,13.673784773855655,13.57837366754,13.612470626831055,186796400,0.0,0.0
2012-02-03,13.677671454386841,13.75842688930136,13.625628317569255,13.748855590820312,286599600,0.0,0.0
2012-02-06,13.709972526058822,13.907375758520153,13.704589469518268,13.877166748046875,249412800,0.0,0.0
2012-02-07,13.915455930256215,14.050049953166031,13.89541561965669,14.02253246307373,316223600,0.0,0.0
2012-02-08,14.072484333474284,14.260615063437799,14.048556076387982,14.257326126098633,407890000,0.0,0.0
2012-02-09,14.379352609057339,14.857607718020867,14.37337054663017,14.750531196594238,884214800,0.0,0.0
2012-02-10,14.684433880014424,14.883631001721511,14.612350414946658,14.758010864257812,631302000,0.0,0.0
2012-02-13,14.94075217052489,15.069364083813037,14.867772624915212,15.032575607299805,517216000,0.0,0.0
2012-02-14,15.09418949850966,15.240746007437634,15.01463047899821,15.23775577545166,460398400,0.0,0.0
2012-02-15,15.381323872151526,15.741135718263815,14.861793365969062,14.885124206542969,1506120000,0.0,0.0
2012-02-16,14.700584087811034,15.101074034724094,14.554923644096261,15.020915985107422,944552000,0.0,0.0
2012-02-17,15.047825176014438,15.187204766606367,14.96377923656448,15.01821517944336,535805200,0.0,0.0
2012-02-21,15.160592513029762,15.398972511291504,15.078041648218111,15.398972511291504,605595200,0.0,0.0
2012-02-22,15.346039323859317,15.418121216011329,15.226100907998708,15.344842910766602,483302400,0.0,0.0
2012-02-23,15.405849856979986,15.488102013582989,15.238954316258885,15.44503116607666,568027600,0.0,0.0
2012-02-24,15.54314346933716,15.639751027991368,15.512337031238532,15.62509536743164,415072000,0.0,0.0
2012-02-27,15.592196100356855,15.807246971724993,15.441751539197107,15.725295066833496,547582000,0.0,0.0
2012-02-28,15.791091234754314,16.013917922973633,15.727981658811597,16.013917922973633,600387200,0.0,0.0
2012-02-29,16.19785693135452,16.378810713183913,16.022586507772967,16.22417640686035,952011200,0.0,0.0
2012-03-01,16.395572228564344,16.396770239287726,16.11442147465409,16.2849063873291,683270000,0.0,0.0
2012-03-02,16.278025987837278,16.35459323874485,16.226580219698167,16.306140899658203,431712400,0.0,0.0
2012-03-05,16.313308751819843,16.374921596107438,15.732462495623988,15.946617126464844,809124400,0.0,0.0
2012-03-06,15.662476215986581,15.96246907400827,15.439948274834977,15.859879493713379,810238800,0.0,0.0
2012-03-07,16.05548836223857,16.084799669818853,15.651707928845704,15.872740745544434,798520800,0.0,0.0
2012-03-08,15.992386301337675,16.240636420834786,15.915518758835454,16.21072769165039,516457200,0.0,0.0
2012-03-09,16.277118010192915,16.38269941290919,16.244217466277107,16.305831909179688,418919200,0.0,0.0
2012-03-12,16.41979391706209,16.510122299194336,16.36057227269078,16.510122299194336,407282400,0.0,0.0
2012-03-13,16.675819874520357,16.994057712222254,16.622279999080074,16.99166488647461,690855200,0.0,0.0
2012-03-14,17.289265250594546,17.78785789744145,17.2100033032213,17.634122848510742,1418844000,0.0,0.0
2012-03-15,17.934111591274522,17.94607571629489,17.304215583743723,17.51388168334961,1159718000,0.0,0.0
2012-03-16,17.48875396050479,17.622748942592587,17.287761487373093,17.514177322387695,825487600,0.0,0.0
2012-03-19,17.8970245921809,17.998716461247046,17.618266865615393,17.97867774963379,901236000,0.0,0.0
2012-03-20,17.931120780584987,18.152151993160835,17.690946968593718,18.124038696289062,816662000,0.0,0.0
2012-03-21,18.027735881367388,18.234411828739088,17.98795714689331,18.020557403564453,644042000,0.0,0.0
2012-03-22,17.879374845196384,18.080368927551493,17.81207864643917,17.926034927368164,623870800,0.0,0.0
2012-03-23,17.960441096158856,17.999622425980693,17.778290801260024,17.8276424407959,430488800,0.0,0.0
2012-03-26,17.939499736837455,18.15963650495414,17.804011173930746,18.154550552368164,595742000,0.0,0.0
2012-03-27,18.130619989947927,18.432706979300956,18.127030752196493,18.378870010375977,607129600,0.0,0.0
2012-03-28,18.495512371997176,18.587335820572108,18.254142173792218,18.472782135009766,655460400,0.0,0.0
2012-03-29,18.328026769249366,18.44108538395917,18.16202888429398,18.240690231323242,608238400,0.0,0.0
2012-03-30,18.208087500209622,18.261625772943216,17.88416633444814,17.932321548461914,731038000,0.0,0.0
2012-04-02,18.000518013354966,18.50718690595485,17.957148444249057,18.503000259399414,598351600,0.0,0.0
2012-04-03,18.7623091687881,18.909167610025047,18.61904315986325,18.82272720336914,834559600,0.0,0.0
2012-04-04,18.674078492742964,18.719241872830654,18.45424205828204,18.672882080078125,572980800,0.0,0.0
2012-04-05,18.7527450916389,18.98245157613158,18.64566853323354,18.953140258789062,641298000,0.0,0.0
2012-04-09,18.727312944493697,19.137374088664156,18.702488586486137,19.029399871826172,597536800,0.0,0.0
2012-04-10,19.140066872858313,19.261799040899035,18.723426232165412,18.796405792236328,889725200,0.0,0.0
2012-04-11,19.028506916271162,19.048545628249222,18.6438674738156,18.72941017150879,696614800,0.0,0.0
2012-04-12,18.693518413707007,18.88284710985543,18.55892439490823,18.626819610595703,614336800,0.0,0.0
2012-04-13,18.666897285549624,18.68454476911063,18.05075922942613,18.102203369140625,859644800,0.0,0.0
2012-04-16,18.246665327098782,18.253244796378457,17.295241163924228,17.351470947265625,1050786800,0.0,0.0
2012-04-17,17.315885598335786,18.244876991075625,17.105620438028907,18.235904693603516,1025528000,0.0,0.0
2012-04-18,18.35613441348031,18.551445133774557,18.02682870592321,18.195220947265625,954531200,0.0,0.0
2012-04-19,17.952353356121954,18.08724604687817,17.48277191360408,17.57010841369629,834719200,0.0,0.0
2012-04-20,17.6879599369635,17.78486777544577,17.061054012165922,17.137622833251953,1030985200,0.0,0.0
2012-04-23,17.06673066312531,17.247983135889925,16.648294639753694,17.09933090209961,966529200,0.0,0.0
2012-04-24,16.827450010061817,16.979391152794495,16.599837798325712,16.757761001586914,1076149200,0.0,0.0
2012-04-25,18.413565948233668,18.484152699351522,18.12523688033304,18.244874954223633,905777600,0.0,0.0
2012-04-26,18.372590120409463,18.38515325290457,18.009487637732104,18.176084518432617,536068400,0.0,0.0
2012-04-27,18.09742387076119,18.130623127697632,17.960735706088112,18.03550910949707,406722400,0.0,0.0
2012-04-30,17.879976971938156,17.897923160522286,17.437313904275577,17.466625213623047,506144800,0.0,0.0
2012-05-01,17.49414068683618,17.848868188232522,17.384372641335574,17.411291122436523,610999200,0.0,0.0
2012-05-02,17.35476605549874,17.56891915117918,17.3134906132427,17.526447296142578,427389200,0.0,0.0
2012-05-03,17.66163234988243,17.68855082658922,17.356553618295308,17.402015686035156,390549600,0.0,0.0
2012-05-04,17.260251217306916,17.298534825781392,16.904026928664496,16.90641975402832,529992400,0.0,0.0
2012-05-07,16.794255497311568,17.131337115540905,16.786179313989287,17.032934188842773,460118400,0.0,0.0
2012-05-08,17.035923816262127,17.09335001410784,16.71140533887532,16.994050979614258,497252000,0.0,0.0
2012-05-09,16.860060180701282,17.16753185457948,16.774817772685708,17.023963928222656,480704000,0.0,0.0
2012-05-10,17.185472696620547,17.224355302129986,17.001828978347234,17.06403923034668,333200000,0.0,0.0
2012-05-11,16.8989335474114,17.1821781085067,16.87949225105172,16.9500789642334,399546000,0.0,0.0
2012-05-14,16.82626263914568,16.97401562022695,16.677611949166284,16.696155548095703,352626400,0.0,0.0
2012-05-15,16.792765265417035,16.845704534704716,16.502640754480677,16.54511260986328,476336000,0.0,0.0
2012-05-16,16.571427839739446,16.656371520510323,16.182303103165093,16.33304786682129,560896000,0.0,0.0
2012-05-17,16.31001778340172,16.37552016436027,15.855690956115724,15.855690956115723,717220000,0.0,0.0
2012-05-18,15.970543732938284,16.253189380753927,15.618209057770377,15.8634672164917,732292400,0.0,0.0
2012-05-21,15.986695809791877,16.795451429521226,15.973234972190834,16.787673950195312,631106000,0.0,0.0
2012-05-22,17.035027132479886,17.16453678587054,16.527462319421524,16.65876579284668,694870400,0.0,0.0
2012-05-23,16.674615577325838,17.132234543614523,16.546902943902055,17.065237045288086,584897600,0.0,0.0
2012-05-24,17.224058340089368,17.242902237204614,16.786180928170385,16.908512115478516,496230000,0.0,0.0
2012-05-25,16.886683111493642,16.924369319817018,16.70363512934567,16.817890167236328,328507200,0.0,0.0
2012-05-29,17.07540746596901,17.168127042016664,16.908213205814857,17.116382598876953,380508800,0.0,0.0
2012-05-30,17.02455871863394,17.34728337650167,16.945597097491508,17.322757720947266,529429600,0.0,0.0
2012-05-31,17.369723903995048,17.392455751389758,17.09216406991121,17.27969741821289,491674400,0.0,0.0
2012-06-01,17.0233671619599,17.127752177069006,16.76494839894362,16.77900505065918,520987600,0.0,0.0
2012-06-04,16.794257637232636,16.973714734408404,16.40543312801184,16.877704620361328,556995600,0.0,0.0
2012-06-05,16.787381185034587,16.94291165841634,16.699447237950686,16.83403968811035,388214400,0.0,0.0
2012-06-06,16.98179219774362,17.16364213380496,16.913896975886818,17.092159271240234,401455600,0.0,0.0
2012-06-07,17.266532407624407,17.26742851914777,17.063445742597157,17.09993553161621,379766800,0.0,0.0
2012-06-08,17.0963470674214,17.3649361425371,17.01858183501801,17.357158660888672,347516400,0.0,0.0
2012-06-11,17.57848995139013,17.601819201271436,17.067334186257106,17.083486557006836,591264800,0.0,0.0
2012-06-12,17.181889534398177,17.246492628106495,16.949790253290978,17.23273468017578,435380400,0.0,0.0
2012-06-13,17.183682990481913,17.30212465534703,17.059856669690753,17.113096237182617,293580000,0.0,0.0
2012-06-14,17.085570414620925,17.153166901830424,16.966531400104326,17.0942440032959,345573200,0.0,0.0
2012-06-15,17.07839505878095,17.186667981148922,17.035025510144667,17.172012329101562,335255200,0.0,0.0
2012-06-18,17.07719572552034,17.583563943908914,17.0595482485743,17.52045440673828,440412000,0.0,0.0
2012-06-19,17.449275520747523,17.646678774746206,17.440303226418976,17.5692138671875,361404400,0.0,0.0
2012-06-20,17.593134142733682,17.62424085386768,17.37150401727766,17.519258499145508,358943200,0.0,0.0
2012-06-21,17.510285185140322,17.593433423534446,17.271007575989746,17.27788734436035,326351200,0.0,0.0
2012-06-22,17.31887719873651,17.413091920344396,17.21060422605421,17.410400390625,284471600,0.0,0.0
2012-06-25,17.26683094083405,17.341605935873442,17.059557632039162,17.071521759033203,304382400,0.0,0.0
2012-06-26,17.088271038409506,17.182786050393872,16.968632955468735,17.109209060668945,276536400,0.0,0.0
2012-06-27,17.198042666731315,17.250085834575952,17.105922058623275,17.183088302612305,202997200,0.0,0.0
2012-06-28,17.09843332372599,17.168122338568985,16.91718086651389,17.020069122314453,282836400,0.0,0.0
2012-06-29,17.287761655442175,17.467220306396484,17.175600797268828,17.467220306396484,421500800,0.0,0.0
2012-07-02,17.489058171787725,17.75046712812625,17.455259916299454,17.72205352783203,400092000,0.0,0.0
2012-07-03,17.792642862722534,17.945780498033503,17.766323379912283,17.928133010864258,241712800,0.0,0.0
2012-07-05,17.96252697034136,18.374682332733506,17.935309781232554,18.243080139160156,484383200,0.0,0.0
2012-07-06,18.157834141677682,18.198211861619033,17.99303272852042,18.12164306640625,418930400,0.0,0.0
2012-07-09,18.104297718111027,18.361520017266155,18.068705644101833,18.361221313476562,379405600,0.0,0.0
2012-07-10,18.483252344928985,18.540081140698934,18.1045965694658,18.191335678100586,511957600,0.0,0.0
2012-07-11,18.128831672063153,18.17489277590522,17.86263695597657,18.078285217285156,469322000,0.0,0.0
2012-07-12,17.95295323692241,18.049560738994757,17.726836094423124,17.912874221801758,428041600,0.0,0.0
2012-07-13,18.03401637825189,18.16083134758495,17.945782129079827,18.094432830810547,311427200,0.0,0.0
2012-07-16,18.098914208626965,18.293325645097156,18.095922378766325,18.15245246887207,301260400,0.0,0.0
2012-07-17,18.268496182561385,18.289732897398117,18.039986255695382,18.153345108032227,293624800,0.0,0.0
2012-07-18,18.142880867675746,18.195222714576357,18.052253822212094,18.133010864257812,252700000,0.0,0.0
2012-07-19,18.28316061098575,18.40489280941484,18.1252373272543,18.374086380004883,436861600,0.0,0.0
2012-07-20,18.335506476893556,18.37767963499048,18.056449938770214,18.07439613342285,397471200,0.0,0.0
2012-07-23,17.778281199892348,18.122242581848802,17.578186414450546,18.06032943725586,487975600,0.0,0.0
2012-07-24,18.166512175662394,18.235305105880837,17.901213654725463,17.973297119140625,565132400,0.0,0.0
2012-07-25,17.181888583653638,17.371514403034155,17.04849096563282,17.197141647338867,877312800,0.0,0.0
2012-07-26,17.34040024163119,17.35954283633884,17.05925136859272,17.194442749023438,406632800,0.0,0.0
2012-07-27,17.19833106352386,17.52195337428592,17.096040216847747,17.50191307067871,403936400,0.0,0.0
2012-07-30,17.674196283738073,17.929025735944347,17.58147512126876,17.7971248626709,379142400,0.0,0.0
2012-07-31,18.042391006903188,18.295727052496343,18.027137940033686,18.267610549926758,462327600,0.0,0.0
2012-08-01,18.421638074211092,18.436293727046756,18.035503552333214,18.149459838867188,384501600,0.0,0.0
2012-08-02,18.03072410499363,18.265513314097834,17.95325757887958,18.178775787353516,332158400,0.0,0.0
2012-08-03,18.35344254299921,18.48354958707242,18.291529403625375,18.415355682373047,344920800,0.0,0.0
2012-08-06,18.462919081220466,18.689635329965316,18.40220392255552,18.6202449798584,302103200,0.0,0.0
2012-08-07,18.62682449843822,18.69352331905188,18.48535226821286,18.57119369506836,290446800,0.0,0.0
2012-08-08,18.52572523061084,18.660020546230577,18.457232606988093,18.539783477783203,244706000,0.0,0.0
2012-08-09,18.55900359736605,18.67555226419325,18.557502061934816,18.6455135345459,221642400,0.094643,0.0
2012-08-10,18.58483530224548,18.67644980635559,18.584535316038952,18.67464828491211,194938800,0.0,0.0
2012-08-13,18.725420338227963,18.92397117614746,18.72121411294518,18.92397117614746,278832400,0.0,0.0
2012-08-14,18.980143034950363,19.182600118487386,18.930279531990227,18.974735260009766,340169200,0.0,0.0
2012-08-15,18.96301692003377,19.044119087328838,18.856382232470715,18.948898315429688,257342400,0.0,0.0
2012-08-16,18.960320983954272,19.127031592095417,18.938993075877594,19.114416122436523,254534000,0.0,0.0
2012-08-17,19.224350331775444,19.470361549052868,19.18860544123868,19.467958450317383,442761200,0.0,0.0
2012-08-20,19.525030899666,19.979806900024414,19.52172623791166,19.979806900024414,613384800,0.0,0.0
2012-08-21,20.15012054849226,20.27207539142465,19.53464017802923,19.706758499145508,812719600,0.0,0.0
2012-08-22,19.65750295218033,20.095457369662956,19.467962907586084,20.091552734375,565322800,0.0,0.0
2012-08-23,20.008643452004943,20.12248745076695,19.859654534198913,19.904111862182617,420128800,0.0,0.0
2012-08-24,19.810392141031876,20.10987150521708,19.691441961182672,19.921833038330078,437340400,0.0,0.0
2012-08-27,20.425568858770173,20.45200294229965,20.2318242556566,20.296106338500977,427008400,0.0,0.0
2012-08-28,20.275084286936618,20.30872767570195,20.145620125028916,20.269678115844727,267416800,0.0,0.0
2012-08-29,20.283187296332613,20.355878612611907,20.203586671483702,20.229719161987305,202806800,0.0,0.0
2012-08-30,20.144709489238128,20.172043524969048,19.910712240462345,19.94135093688965,302699600,0.0,0.0
2012-08-31,20.042885461324115,20.08343654786357,19.742504547083797,19.98250961303711,338321200,0.0,0.0
2012-09-04,19.998132232467555,20.279888364995735,19.960284226166245,20.274782180786133,367892000,0.0,0.0
2012-09-05,20.29281103056664,20.316240449664775,20.113483331607085,20.132408142089844,336375200,0.0,0.0
2012-09-06,20.22070795753542,20.37450303528258,20.14951817798827,20.313825607299805,391196400,0.0,0.0
2012-09-07,20.36729394727031,20.50036431994653,20.298808850286296,20.4390869140625,329666400,0.0,0.0
2012-09-10,20.439388926170192,20.52469572065333,19.888190600630402,19.90741539001465,487998000,0.0,0.0
2012-09-11,19.978608267584438,20.128497158894127,19.719979946633433,19.842836380004883,503983200,0.0,0.0
2012-09-12,20.03087111259968,20.122487248551572,19.704959261853364,20.119182586669922,712233200,0.0,0.0
2012-09-13,20.34687288275915,20.591082591559918,20.26877377375207,20.5153865814209,598360000,0.0,0.0
2012-09-14,20.725056124761696,20.935922468047455,20.66287553096577,20.764705657958984,600474000,0.0,0.0
2012-09-17,21.00710438400486,21.020621411079766,20.864724818255297,21.020021438598633,398031200,0.0,0.0
2012-09-18,21.023024125192542,21.09661700505584,20.919092530474202,21.084001541137695,373503200,0.0,0.0
2012-09-19,21.034444381389306,21.14648525491468,21.013718055024828,21.08971405029297,326874800,0.0,0.0
2012-09-20,21.001402084656835,21.028437750040254,20.834991492306305,20.987585067749023,336568400,0.0,0.0
2012-09-21,21.09902327865425,21.178923902501314,21.00740714783116,21.029335021972656,571589200,0.0,0.0
2012-09-24,20.631936104836363,20.880050477549936,20.5159889770659,20.749984741210938,639766400,0.0,0.0
2012-09-25,20.67399157960366,20.80976509615597,20.215610780663393,20.23183250427246,518789600,0.0,0.0
2012-09-26,20.08764759775892,20.206297814669448,19.86116111045356,19.980712890625,576503200,0.0,0.0
2012-09-27,19.953973675385402,20.491053380412875,19.83562347529758,20.46552085876465,594090000,0.0,0.0
2012-09-28,20.388328289072195,20.45921811104702,20.027871431216727,20.03838539123535,535110800,0.0,0.0
2012-10-01,20.16033885551312,20.328252605821795,19.719981351646418,19.806791305541992,543594800,0.0,0.0
2012-10-02,19.879478556354982,20.01585200242854,19.544254305887886,19.864459991455078,627992400,0.0,0.0
2012-10-03,19.971099040778657,20.18136539511566,19.904113857889133,20.169048309326172,424281200,0.0,0.0
2012-10-04,20.163040033337925,20.253154641179517,19.991824845166793,20.02937126159668,370725600,0.0,0.0
2012-10-05,19.98130761224064,20.005336993977732,19.563178082082075,19.602527618408203,594006000,0.0,0.0
2012-10-08,19.431011540722146,19.451437879480018,19.107501199147674,19.16938018798828,637994000,0.0,0.0
2012-10-09,19.18379632237162,19.239065980666297,18.730221932452153,19.099689483642578,838597200,0.0,0.0
2012-10-10,19.216537367363834,19.373937108998085,19.134233650938086,19.25168228149414,510356000,0.0,0.0
2012-10-11,19.41958927500905,19.440615577294032,18.86688804626465,18.86688804626465,546081200,0.0,0.0
2012-10-12,18.910754103346623,19.085575541924303,18.78279309442192,18.915260314941406,460014800,0.0,0.0
2012-10-15,18.99456420329733,19.078069499917277,18.739240510502654,19.06695556640625,432502000,0.0,0.0
2012-10-16,19.085271204899577,19.53373941915398,18.954003959577335,19.51841926574707,549771600,0.0,0.0
2012-10-17,19.490789915693213,19.60853855757041,19.344504072312567,19.36282730102539,389037600,0.0,0.0
2012-10-18,19.2120378337388,19.286230711354165,18.923972343879278,19.003273010253906,476624400,0.0,0.0
2012-10-19,18.9555158881945,18.977142179695996,18.311799640273627,18.318408966064453,744086000,0.0,0.0
2012-10-22,18.395898906030222,19.08557214164265,18.346035413667664,19.045021057128906,546730800,0.0,0.0
2012-10-23,18.954007582245165,19.041119114109623,18.374275220273717,18.424137115478516,707145600,0.0,0.0
2012-10-24,18.6668368713957,18.8203303308168,18.342425087309966,18.52836036682129,558527200,0.0,0.0
2012-10-25,18.623587030645083,18.683664494351788,18.18953738164312,18.309389114379883,656325600,0.0,0.0
2012-10-26,18.30608457167277,18.44335957187802,17.752484776811944,18.14297866821289,1018432800,0.0,0.0
2012-10-31,17.869030883417423,18.081700282216985,17.653358413677587,17.882247924804688,510003200,0.0,0.0
2012-11-01,17.96936683902171,18.11294803187595,17.847713529312447,17.918903350830078,361298000,0.0,0.0
2012-11-02,17.8993730474378,17.93121330571895,17.26436940388501,17.325946807861328,599373600,0.0,0.0
2012-11-05,17.52780070931199,17.655461717143133,17.349974615517368,17.560842514038086,529135600,0.0,0.0
2012-11-06,17.72935316078095,17.744671709076982,17.424767674413474,17.507671356201172,374917200,0.0,0.0
2012-11-07,17.315759264793595,17.33688161006483,16.76988837374036,16.837783813476562,793648800,0.094643,0.0
2012-11-08,16.917145298700515,16.965426791378338,16.152505691031127,16.226736068725586,1056146000,0.0,0.0
2012-11-09,16.30730230237999,16.743635755995584,16.105127609118714,16.507665634155273,929913600,0.0,0.0
2012-11-12,16.72160935164304,16.732171330584183,16.25389288687839,16.38002586364746,515802000,0.0,0.0
2012-11-13,16.26174384112354,16.610871003734033,16.184796403355758,16.382143020629883,532949200,0.0,0.0
2012-11-14,16.460600023154463,16.519441901244182,16.179366690613413,16.200489044189453,477170400,0.0,0.0
2012-11-15,16.220096867878816,16.279541436554286,15.770184621924285,15.860709190368652,789910800,0.0,0.0
2012-11-16,15.848043534186939,15.992884845431144,15.261134705931289,15.92287826538086,1266893600,0.0,0.0
2012-11-19,16.316056143707282,17.124450497065947,16.291011326609564,17.071041107177734,823317600,0.0,0.0
2012-11-20,17.25752508610839,17.25873212354495,16.73458780032609,16.925596237182617,642754000,0.0,0.0
2012-11-21,17.02638553421805,17.12053124490119,16.79554321684222,16.949438095092773,373002000,0.0,0.0
2012-11-23,17.114497130706813,17.260244111337357,16.976596700813662,17.245155334472656,272826400,0.0,0.0
2012-11-26,17.377926299198347,17.80339657079331,17.311842200403976,17.789215087890625,630579600,0.0,0.0
2012-11-27,17.789813407925216,17.81606687166583,17.504657699343205,17.645877838134766,533330000,0.0,0.0
2012-11-28,17.41926210178583,17.67665758042036,17.268084298925178,17.590356826782227,520864400,0.0,0.0
2012-11-29,17.810023063367773,17.931627578828152,17.660052379774587,17.78407096862793,514698800,0.0,0.0
2012-11-30,17.706533238977173,17.755116097051072,17.582512951995014,17.660968780517578,391319600,0.0,0.0
2012-12-03,17.913537366342286,17.941901944678772,17.66760788269831,17.68842887878418,364280000,0.0,0.0
2012-12-04,17.55595957713135,17.55595957713135,17.26416588266567,17.37641716003418,557068400,0.0,0.0
2012-12-05,17.16699776329698,17.17725677506849,16.257515258685284,16.258119583129883,1044638000,0.0,0.0
2012-12-06,15.96088483569082,16.696253817515952,15.649777168629711,16.513092041015625,1177212400,0.0,0.0
2012-12-07,16.698981020658582,16.75329609383338,15.992880234790336,16.09095001220703,787040800,0.0,0.0
2012-12-10,15.842000269538708,16.24966780760277,15.738801008749654,15.987445831298828,630484400,0.0,0.0
2012-12-11,16.28769795633141,16.58311442897343,16.21527729634876,16.33658218383789,592345600,0.0,0.0
2012-12-12,16.52908994310593,16.536030809838376,16.18207561405294,16.264453887939453,487144000,0.0,0.0
2012-12-13,16.02757177382984,16.223409855146876,15.866133433169255,15.983515739440918,625259600,0.0,0.0
2012-12-14,15.532706020532355,15.634698258445297,15.255999559400028,15.383036613464355,1009579200,0.0,0.0
2012-12-17,15.357086352269642,15.691126286405172,15.124737301156772,15.655820846557617,757607200,0.0,0.0
2012-12-18,15.841999349007892,16.14073377948108,15.698666513507867,16.110559463500977,625685200,0.0,0.0
2012-12-19,16.03723341970797,16.10452453046514,15.857086755585415,15.881528854370117,449369200,0.0,0.0
2012-12-20,15.992880866076879,15.998916053504745,15.65733250274762,15.743331909179688,481689600,0.0,0.0
2012-12-21,15.463902294622484,15.681164122049989,15.39661118989487,15.670905113220215,596268400,0.0,0.0
2012-12-24,15.701689111744107,15.81937123168698,15.652200577388397,15.696256637573242,175753200,0.0,0.0
2012-12-26,15.660949208686866,15.674830943059519,15.423169312593231,15.479898452758789,302436400,0.0,0.0
2012-12-27,15.496195335186007,15.577970915759582,15.228239460909428,15.542062759399414,455120400,0.0,0.0
2012-12-28,15.398124767078697,15.524559103157264,15.332643396910955,15.37700080871582,354278400,0.0,0.0
2012-12-31,15.405370090342503,16.155830043241572,15.359202914248453,16.05836296081543,659492400,0.0,0.0
2013-01-02,16.711649938595144,16.747256728364487,16.343814637466735,16.567110061645508,560518000,0.0,0.0
2013-01-03,16.532412678378023,16.58642639377303,16.32480707865961,16.357999801635742,352965200,0.0,0.0
2013-01-04,16.20320147663057,16.253292725174695,15.867048797792744,15.90235424041748,594333600,0.0,0.0
2013-01-07,15.751475814293421,15.971754481635465,15.546284307466534,15.808809280395508,484156400,0.0,0.0
2013-01-08,15.969046960051093,16.049916887840567,15.72885286401591,15.851363182067871,458707200,0.0,0.0
2013-01-09,15.766557086490986,15.842297440286341,15.57011627058868,15.603611946105957,407604400,0.0,0.0
2013-01-10,15.949123758692995,15.95425326435134,15.555940623277111,15.797041893005371,601146000,0.0,0.0
2013-01-11,15.721304311874087,15.85166114084993,15.661556760455131,15.70018196105957,350506800,0.0,0.0
2013-01-14,15.168490146804949,15.313935728842006,15.04266013017353,15.14042854309082,734207600,0.0,0.0
2013-01-15,15.036326177169174,15.057147171968465,14.586110841405027,14.66275691986084,876772400,0.0,0.0
2013-01-16,14.925886736935599,15.372481022234757,14.861312636489815,15.271392822265625,690804800,0.0,0.0
2013-01-17,15.398724481922818,15.412001889541614,15.14887425740399,15.168486595153809,453678400,0.0,0.0
2013-01-18,15.042967012943345,15.154615590508032,14.97899562201354,15.087627410888672,472922800,0.0,0.0
2013-01-22,15.225224162589006,15.325405060108432,14.985934196385044,15.231560707092285,461546400,0.0,0.0
2013-01-23,15.353470016280665,15.539953317320027,15.231562428232785,15.510381698608398,861509600,0.0,0.0
2013-01-24,13.880611518267147,14.053515986044248,13.586402218787907,13.593947410583496,1460852400,0.0,0.0
2013-01-25,13.629857244130124,13.766851966155828,13.126231744926738,13.273487091064453,1208026400,0.0,0.0
2013-01-28,13.211626249026779,13.675720791953852,13.152180872981893,13.573728561401367,785517600,0.0,0.0
2013-01-29,13.835347200687014,13.886645475779018,13.642828796649694,13.82840633392334,571158000,0.0,0.0
2013-01-30,13.790086438136154,13.95906845111388,13.714649017915471,13.784956932067871,417155200,0.0,0.0
2013-01-31,13.789481921775788,13.858884145918374,13.72913167118563,13.74452018737793,319334400,0.0,0.0
2013-02-01,13.853755430448881,13.8649201226951,13.52907045137856,13.688093185424805,539484400,0.0,0.0
2013-02-04,13.696844220365643,13.758100157129661,13.337457310529665,13.347113609313965,477117200,0.0,0.0
2013-02-05,13.399319421329912,13.872769842847928,13.344098660362903,13.815436363220215,573347600,0.0,0.0
2013-02-06,13.774094817781325,14.076751817987013,13.656712434600815,13.800649642944336,593706400,0.0,0.0
2013-02-07,14.060151809492892,14.265020407367384,13.783045107869096,14.210996627807617,704580800,0.094643,0.0
2013-02-08,14.386425210838667,14.532413732500077,14.211905184616285,14.416169166564941,633158400,0.0,0.0
2013-02-11,14.462298616666754,14.718462899764548,14.363658931508732,14.566402435302734,517490400,0.0,0.0
2013-02-12,14.553659373567887,14.64076783142043,14.19642716647436,14.20128345489502,609053200,0.0,0.0
2013-02-13,14.18033908218923,14.375496687558647,14.059238243687627,14.17426872253418,475207600,0.0,0.0
2013-02-14,14.098699651507026,14.314799667262399,14.083524557578164,14.161526679992676,355275200,0.0,0.0
2013-02-15,14.230115111616572,14.269876374547316,13.95908042858967,13.966364860534668,391745200,0.0,0.0
2013-02-19,13.99489447747439,14.044366694473313,13.77484920129554,13.961203575134277,435783600,0.0,0.0
2013-02-20,13.891398001817587,13.891398001817587,13.621575752939131,13.62309455871582,476302400,0.0,0.0
2013-02-21,13.536593846943568,13.63280784758431,13.440077543963278,13.53841495513916,447182400,0.0,0.0
2013-02-22,13.635235664200996,13.706559563530714,13.554804603188083,13.68258285522461,330654800,0.0,0.0
2013-02-25,13.774848037189594,13.813393603219973,13.432487065332678,13.439468383789062,372579200,0.0,0.0
2013-02-26,13.470429585933145,13.704740662576947,13.283467326062604,13.626738548278809,501499600,0.0,0.0
2013-02-27,13.610347397444574,13.732056108574145,13.374216839725863,13.493192672729492,587350400,0.0,0.0
2013-02-28,13.477410542218882,13.59335119472033,13.396980285644531,13.396980285644531,322515200,0.0,0.0
2013-03-01,13.293782868124282,13.299247002258154,13.05036793043495,13.065239906311035,552448400,0.0,0.0
2013-03-04,12.984202804740413,12.996343524931419,12.717113444233986,12.748982429504395,582755600,0.0,0.0
2013-03-05,12.7923858762629,13.208498981682324,12.77022946439528,13.085577011108398,638433600,0.0,0.0
2013-03-06,13.187861715506893,13.210322052606987,12.881921985732399,12.919254302978516,460250000,0.0,0.0
2013-03-07,12.884041951706624,13.111979474303633,12.779634208435445,13.06857681274414,468473600,0.0,0.0
2013-03-08,13.04490324512312,13.215779393486464,13.008785014292755,13.103177070617676,391482000,0.0,0.0
2013-03-11,13.043387839720033,13.324439844073899,12.903468873563808,13.289838790893555,474236000,0.0,0.0
2013-03-12,13.220940529227784,13.320491992441204,12.97722086624512,13.00332260131836,465911600,0.0,0.0
2013-03-13,13.003931490601842,13.187554609985538,12.91014645609162,13.000895500183105,405549200,0.0,0.0
2013-03-14,13.136871684623282,13.191807240216878,13.064636004076513,13.126856803894043,303875600,0.0,0.0
2013-03-15,13.29166018063823,13.48287247890355,13.27102095549677,13.465572357177734,643960800,0.0,0.0
2013-03-18,13.398494131293015,13.884414653390627,13.390906587214229,13.831604957580566,606197200,0.0,0.0
2013-03-19,13.946331575866168,13.99094912584412,13.612469889861714,13.79427433013916,526775200,0.0,0.0
2013-03-20,13.883204658285589,13.889578131602251,13.645554501406332,13.721128463745117,308660800,0.0,0.0
2013-03-21,13.664675985827582,13.900199480778248,13.661033769662945,13.740856170654297,383255600,0.0,0.0
2013-03-22,13.79700632001504,14.02524537803846,13.752390388590015,14.019479751586914,395105200,0.0,0.0
2013-03-25,14.103854916327185,14.263502952300813,14.015534015298359,14.070165634155273,501135600,0.0,0.0
2013-03-26,14.126617697311625,14.138758417389052,13.977594815901965,13.996109008789062,294294000,0.0,0.0
2013-03-27,13.854066927781943,13.864385730206632,13.680154745917394,13.721128463745117,331237200,0.0,0.0
2013-03-28,13.652535714256148,13.713237698072378,13.403656608055185,13.435221672058105,442839600,0.0,0.0
2013-04-01,13.412152421024649,13.466784847165945,12.98238149575087,13.017891883850098,389732000,0.0,0.0
2013-04-02,12.978133973533682,13.298033863655665,12.941711810944453,13.044602394104004,529519200,0.0,0.0
2013-04-03,13.0925576898412,13.271933208163482,13.060385587388604,13.11137580871582,363216000,0.0,0.0
2013-04-04,13.165098859932238,13.202733478936322,12.9068102555247,12.98177719116211,358447600,0.0,0.0
2013-04-05,12.884041128703018,12.897699840792681,12.737748728196001,12.844585418701172,383695200,0.0,0.0
2013-04-08,12.894667869954334,12.97509812036962,12.823040047489076,12.935945510864258,300829200,0.0,0.0
2013-04-09,12.940499898498768,13.005450330501947,12.830931907440949,12.959317207336426,306614000,0.0,0.0
2013-04-10,12.993311723987151,13.265258253755674,12.929877660185122,13.223676681518555,375928000,0.0,0.0
2013-04-11,13.16388474154954,13.293484125758619,13.08739980592043,13.18239974975586,328364400,0.0,0.0
2013-04-12,13.17693427486894,13.17693427486894,13.023358193515199,13.044907569885254,238613200,0.0,0.0
2013-04-15,12.95992240169082,12.986935099357698,12.733806752177816,12.742912292480469,317520000,0.0,0.0
2013-04-16,12.795115247844173,12.948084266384795,12.764764258534225,12.93685531616211,305771200,0.0,0.0
2013-04-17,12.755658967190756,12.765675466541659,12.083078469914987,12.225424766540527,945056000,0.0,0.0
2013-04-18,12.291891255607068,12.316171878426351,11.829036564459397,11.899147987365723,666299200,0.0,0.0
2013-04-19,11.775315974695964,12.128299637582314,11.688207542089037,11.853014945983887,609274400,0.0,0.0
2013-04-22,11.917058807146875,12.207216370664026,11.875478863181721,12.100075721740723,429920400,0.0,0.0
2013-04-23,12.261543127621325,12.394784695945953,12.104324041998341,12.326495170593262,664238400,0.0,0.0
2013-04-24,11.944373546086878,12.603295281449727,11.912807675937419,12.306158065795898,969651200,0.0,0.0
2013-04-25,12.48128745539755,12.563538823251273,12.352902153026726,12.394786834716797,384837600,0.0,0.0
2013-04-26,12.438188638810168,12.710134334673395,12.390840632295298,12.662483215332031,764097600,0.0,0.0
2013-04-29,12.761121123899471,13.160845788269055,12.747463220216313,13.054616928100586,640326400,0.0,0.0
2013-04-30,13.205765699306193,13.513829576218223,13.113801772703338,13.438861846923828,691538400,0.0,0.0
2013-05-01,13.489853366273815,13.504118308231714,13.184218414189989,13.332938194274902,506909200,0.0,0.0
2013-05-02,13.408515725953288,13.615206288200621,13.373612359445518,13.522029876708984,421828400,0.0,0.0
2013-05-03,13.697759330796721,13.756034797546695,13.632201051627197,13.657393455505371,361300800,0.0,0.0
2013-05-06,13.831302492951007,14.02828204226768,13.788811590769631,13.983059883117676,496641600,0.0,0.0
2013-05-07,14.112355693912347,14.136029291169434,13.770298553564947,13.9208402633667,483753200,0.0,0.0
2013-05-08,13.9323718812337,14.124495140996473,13.83433839729795,14.078057289123535,472598000,0.0,0.0
2013-05-09,14.048115970425345,14.145576233769901,13.918880897210338,13.95523738861084,398487600,0.108929,0.0
2013-05-10,13.991900179110004,14.045061062696893,13.763065752898088,13.839139938354492,334852000,0.0,0.0
2013-05-13,13.794533765214155,13.989761035711119,13.794228646120272,13.893216133117676,316948800,0.0,0.0
2013-05-14,13.86602752331957,13.907272449270424,13.508568235106058,13.560812950134277,447118000,0.0,0.0
2013-05-15,13.417221441357343,13.473436796391347,12.903947332306991,13.102229118347168,741613600,0.0,0.0
2013-05-16,12.930828038601875,13.377192768288598,12.798232589695116,13.277287483215332,603204000,0.0,0.0
2013-05-17,13.413855921087277,13.445629913603694,13.168217921221805,13.236959457397461,427904400,0.0,0.0
2013-05-20,13.195712941995833,13.620080516318422,13.140413784817477,13.53239631652832,451578400,0.0,0.0
2013-05-21,13.386358903794655,13.610304887600297,13.265678596516508,13.43249225616455,456022000,0.0,0.0
2013-05-22,13.566615794346475,13.697989954749408,13.38849722743672,13.484125137329102,443038400,0.0,0.0
2013-05-23,13.319149654850909,13.631085899766838,13.314261221088824,13.50826644897461,353021200,0.0,0.0
2013-05-24,13.468849246490207,13.615804056008164,13.45387883204145,13.60022258758545,276166800,0.0,0.0
2013-05-28,13.745349413132644,13.782316150722563,13.46885352086818,13.486878395080566,386145200,0.0,0.0
2013-05-29,13.442883977288155,13.672024392736242,13.424552352455516,13.5941162109375,330576400,0.0,0.0
2013-05-30,13.615498036437693,13.885884115360804,13.580668775965112,13.796671867370605,353519600,0.0,0.0
2013-05-31,13.824783506665415,13.965324336826242,13.733128642702006,13.740156173706055,384302800,0.0,0.0
2013-06-03,13.770708027519959,13.82050772240436,13.518654282016703,13.770402908325195,372352400,0.0,0.0
2013-06-04,13.84678080999524,13.883749178352904,13.668663011372473,13.727322578430176,292728800,0.0,0.0
2013-06-05,13.615498572803894,13.770397904948503,13.556227967016515,13.599000930786133,290589600,0.0,0.0
2013-06-06,13.609999126461842,13.656743530614758,13.261095473920294,13.395829200744629,416934000,0.0,0.0
2013-06-07,13.335950156308225,13.541870485991428,13.221990610130314,13.498181343078613,404535600,0.0,0.0
2013-06-10,13.587391669018679,13.720292249018623,13.345114865379925,13.408967971801758,450153200,0.0,0.0
2013-06-11,13.312728946193548,13.527203185404309,13.238792229400367,13.36955451965332,286112400,0.0,0.0
2013-06-12,13.427608072943796,13.481074086841106,13.183191310133262,13.204272270202637,265227200,0.0,0.0
2013-06-13,13.213742242610977,13.3555027059447,13.099171645485745,13.319451332092285,285832400,0.0,0.0
2013-06-14,13.302340671742614,13.329532165592713,13.091531130462513,13.138887405395508,271866000,0.0,0.0
2013-06-17,13.181357601456057,13.311508865518679,13.148361494851075,13.198466300964355,259414400,0.0,0.0
2013-06-18,13.185023968243314,13.287067558979395,13.143779038812124,13.191439628601074,195025600,0.0,0.0
2013-06-19,13.180131416698499,13.188075117789912,12.923495292663574,12.923495292663574,310940000,0.0,0.0
2013-06-20,12.810454259922246,13.014540585640825,12.684274464003394,12.735296249389648,357310800,0.0,0.0
2013-06-21,12.78570451904303,12.831838682304804,12.468269756474234,12.63325023651123,481118400,0.0,0.0
2013-06-24,12.446888545203194,12.485384141547794,12.16122684342594,12.298405647277832,480746000,0.0,0.0
2013-06-25,12.394950820090823,12.458803941667767,12.185058198497963,12.301156044006348,314162800,0.0,0.0
2013-06-26,12.339950523996572,12.367142013067584,12.088202042477764,12.161832809448242,367724000,0.0,0.0
2013-06-27,12.197890768839688,12.263271120256594,12.023438467301956,12.030770301818848,337246000,0.0,0.0
2013-06-28,11.956830464900193,12.229048066766074,11.880755471399436,12.114784240722656,578516400,0.0,0.0
2013-07-01,12.302987145914514,12.595675519444608,12.25807507958882,12.502490997314453,391053600,0.0,0.0
2013-07-02,12.525102652666911,12.88164421264881,12.510132232660853,12.785710334777832,469865200,0.0,0.0
2013-07-03,12.858119211516868,12.922890141869209,12.75393732423557,12.85628604888916,240928800,0.0,0.0
2013-07-05,12.843758691627063,12.932359090898474,12.689776317821021,12.753018379211426,274024800,0.0,0.0
2013-07-08,12.835205877570061,12.862396566088384,12.54618294794762,12.680611610412598,298138400,0.0,0.0
2013-07-09,12.636310682276552,12.938775136018092,12.537933414230833,12.903640747070312,352584400,0.0,0.0
2013-07-10,12.819617911621377,12.978488672070405,12.778372994578502,12.854141235351562,281405600,0.0,0.0
2013-07-11,12.921971850302324,13.083897936123398,12.86758966281462,13.054567337036133,326292400,0.0,0.0
2013-07-12,13.065563324822124,13.130944472021001,12.936023138440289,13.030734062194824,279563200,0.0,0.0
2013-07-15,12.98490762260382,13.181967252161884,12.978491147123068,13.059147834777832,241917200,0.0,0.0
2013-07-16,13.031044137630687,13.159057145595467,12.95924730395359,13.143476486206055,216538000,0.0,0.0
2013-07-17,13.128199397597104,13.205190595934381,13.082982202159437,13.146835327148438,198990400,0.0,0.0
2013-07-18,13.24062820475944,13.286150512842559,13.156000064750009,13.191134452819824,218878800,0.0,0.0
2013-07-19,13.232073563301952,13.258959127264731,12.964743519323106,12.983075141906738,268721600,0.0,0.0
2013-07-22,13.12086572227712,13.12972559966273,12.998963273040225,13.024626731872559,207796400,0.0,0.0
2013-07-23,13.015155464143556,13.044485247169577,12.792431531979338,12.800986289978027,369395600,0.0,0.0
2013-07-24,13.410193112821755,13.583117362891349,13.298067528608243,13.458465576171875,591936800,0.0,0.0
2013-07-25,13.46426789190401,13.485653966980509,13.314868037988775,13.397052764892578,229493600,0.0,0.0
2013-07-26,13.29928899528948,13.474657453565229,13.269959212525073,13.473130226135254,200152400,0.0,0.0
2013-07-29,13.467326356378654,13.748099646140812,13.448995545972776,13.680885314941406,248057600,0.0,0.0
2013-07-30,13.747181834057145,13.966851321548772,13.7248787647225,13.849837303161621,309422400,0.0,0.0
2013-07-31,13.900860568716512,13.97265658600823,13.730990754521171,13.825701713562012,322957600,0.0,0.0
2013-08-01,13.924076924402076,13.956155223669048,13.848001100224936,13.952488899230957,206250800,0.0,0.0
2013-08-02,13.993120228204834,14.140992015072635,13.951875311916705,14.13152027130127,274783600,0.0,0.0
2013-08-05,14.197210413152659,14.379911497483281,14.119608995214724,14.34263801574707,318855600,0.0,0.0
2013-08-06,14.298951050551954,14.417187173455634,14.120221382485797,14.214322090148926,334857600,0.0,0.0
2013-08-07,14.17001571977719,14.267782715420132,14.107994970576037,14.206067085266113,298858000,0.0,0.0
2013-08-08,14.26542441241947,14.272805475895877,14.083668598558845,14.177776336669922,255777200,0.108929,0.0
2013-08-09,14.104890465069763,14.160862715376693,13.951430351585566,13.976032257080078,266865200,0.0,0.0
2013-08-12,14.050146140397004,14.412731383434515,14.04307221172376,14.37306022644043,364434000,0.0,0.0
2013-08-13,14.483162280207864,15.212641034512052,14.394282376056374,15.05610466003418,881941200,0.0,0.0
2013-08-14,15.311666373119442,15.507566762030015,15.173889806159456,15.330733299255371,756372400,0.0,0.0
2013-08-15,15.2667675903191,15.450675005351076,15.041034143733052,15.312589645385742,490294000,0.0,0.0
2013-08-16,15.381474919193659,15.467278544093581,15.341803758904376,15.448518753051758,362306000,0.0,0.0
2013-08-19,15.510333356634776,15.79941842363126,15.49987767183951,15.614896774291992,510518400,0.0,0.0
2013-08-20,15.675481427911347,15.701929414053328,15.402079908370485,15.409768104553223,358688400,0.0,0.0
2013-08-21,15.487271493861725,15.59675399708372,15.413769626384104,15.449444770812988,335879600,0.0,0.0
2013-08-22,15.530016728861742,15.548776520860487,15.321505796133968,15.467893600463867,244207600,0.0,0.0
2013-08-23,15.477435769141675,15.479896124835085,15.356881625018703,15.40824031829834,222731600,0.0,0.0
2013-08-26,15.399930474428212,15.690554544636193,15.392242276355086,15.468204498291016,330965600,0.0,0.0
2013-08-27,15.315358930963017,15.45406021711549,14.955541032984051,15.02596664428711,424188800,0.0,0.0
2013-08-28,14.946314168493176,15.247701069514354,14.946314168493176,15.097006797790527,307608000,0.0,0.0
2013-08-29,15.12007333026669,15.269228651291607,15.104081023344634,15.121610641479492,239657600,0.0,0.0
2013-08-30,15.130833479554807,15.160048957145534,14.961688215349668,14.983831405639648,272297200,0.0,0.0
2013-09-03,15.164669226621847,15.395321812135663,14.987835687223052,15.025662422180176,331928800,0.0,0.0
2013-09-04,15.363335140061999,15.44575538917969,15.262462228658283,15.336578369140625,345032800,0.0,0.0
2013-09-05,15.384555121452605,15.397779939885076,15.181271989636064,15.231400489807129,236367600,0.0,0.0
2013-09-06,15.328890324254528,15.35779702872226,15.067790516149742,15.322123527526855,359525600,0.0,0.0
2013-09-09,15.53062902147431,15.620430304690911,15.483883935483606,15.566611289978027,340687200,0.0,0.0
2013-09-10,15.567541629282756,15.605984269930238,15.053954782727711,15.212028503417969,743195600,0.0,0.0
2013-09-11,14.362303999500524,14.567738758183408,14.29464586511307,14.383832931518555,898696400,0.0,0.0
2013-09-12,14.408124320493648,14.62032418571774,14.331546183541558,14.536982536315918,404051200,0.0,0.0
2013-09-13,14.433957388680227,14.510533888424751,14.291261719619143,14.29741096496582,298835600,0.0,0.0
2013-09-16,14.177473406384804,14.196231561916079,13.753686252811804,13.84287166595459,543706800,0.0,0.0
2013-09-17,13.776444590939407,14.137801485497477,13.7622983687316,14.002792358398438,399380800,0.0,0.0
2013-09-18,14.244513812361586,14.342003322595115,14.167014275156548,14.290644645690918,456862000,0.0,0.0
2013-09-19,14.475781766643095,14.633548324489059,14.431188246003519,14.52498722076416,404541200,0.0,0.0
2013-09-20,14.700283999935063,14.717197708248131,14.331238972803101,14.374602317810059,699302800,0.0,0.0
2013-09-23,15.256924374044264,15.28183505282612,14.841748584248343,15.089009284973145,762106800,0.0,0.0
2013-09-24,15.219405378734859,15.237549262111008,15.002284833527105,15.041648864746094,364344400,0.0,0.0
2013-09-25,15.04472850753568,15.058258818463203,14.805771850963048,14.808846473693848,316957200,0.0,0.0
2013-09-26,14.946314069017612,15.025042139259186,14.881730575504884,14.953079223632812,237221600,0.0,0.0
2013-09-27,14.878035079192534,14.905406107123174,14.783929001344235,14.846359252929688,228040400,0.0,0.0
2013-09-30,14.677215878564194,14.812839215955034,14.589874942012331,14.661839485168457,260156400,0.0,0.0
2013-10-01,14.714118584947906,15.042876431384062,14.71196536443754,15.006587028503418,353883600,0.0,0.0
2013-10-02,14.934942954605948,15.12469258103568,14.877126228650962,15.055804252624512,289184000,0.0,0.0
2013-10-03,15.08500794166672,15.141596087703759,14.784545810717516,14.866657257080078,322753200,0.0,0.0
2013-10-04,14.880503516465117,14.903260982352982,14.718739257460948,14.854978561401367,258868400,0.0,0.0
2013-10-07,14.96353982090987,15.150829036632212,14.926327356333076,15.000136375427246,312292400,0.0,0.0
2013-10-08,15.067485538554727,15.089014469105146,14.778401996734527,14.790703773498535,290917200,0.0,0.0
2013-10-09,14.904493295220641,15.00136692724218,14.708899943177963,14.964463233947754,301725200,0.0,0.0
2013-10-10,15.109923598395085,15.142520834784845,14.978296263344541,15.058256149291992,278602800,0.0,0.0
2013-10-11,14.976761635486852,15.187424208174459,14.920482243022047,15.15574836730957,267738800,0.0,0.0
2013-10-14,15.064097692880097,15.30243836224534,15.049335566730113,15.255077362060547,261898000,0.0,0.0
2013-10-15,15.300289956477618,15.438375335260819,15.239091496801132,15.336272239685059,320073600,0.0,0.0
2013-10-16,15.401169317540004,15.454681242847094,15.353194014810802,15.4110107421875,251101200,0.0,0.0
2013-10-17,15.376243504371253,15.523861444093804,15.367017999048242,15.515250205993652,253593200,0.0,0.0
2013-10-18,15.561075556166855,15.661639651970297,15.552464317141272,15.650260925292969,290542000,0.0,0.0
2013-10-21,15.738835051299288,16.124179449000888,15.731146854155659,16.033763885498047,398106800,0.0,0.0
2013-10-22,16.189072599768643,16.25181000640073,15.623818387723889,15.987942695617676,534063600,0.0,0.0
2013-10-23,15.961182819964039,16.166311992674434,15.961182819964039,16.14447593688965,313723200,0.0,0.0
2013-10-24,16.14570673047526,16.37543781339272,16.06728580566447,16.35821533203125,384764800,0.0,0.0
2013-10-25,16.340068839377764,16.398808567294186,16.149089172047663,16.175230026245117,337792000,0.0,0.0
2013-10-28,16.269950276239804,16.330228957038337,16.090656471964955,16.29578399658203,550440800,0.0,0.0
2013-10-29,16.492304923157846,16.583950683671073,15.82402618578936,15.889838218688965,635807200,0.0,0.0
2013-10-30,15.97994806829258,16.223209507202995,15.90029530784374,16.142635345458984,354163600,0.0,0.0
2013-10-31,16.145710353372056,16.222286850718618,16.030998353025115,16.074975967407227,275696400,0.0,0.0
2013-11-01,16.11556425471359,16.139551883796205,15.863998819335485,15.992856979370117,274890000,0.0,0.0
2013-11-04,16.025766992563632,16.201679053917285,15.955341398251665,16.199525833129883,244627600,0.0,0.0
2013-11-05,16.132796487716778,16.265345258721354,16.084205290485322,16.1595516204834,265213200,0.0,0.0
2013-11-06,16.21367769433073,16.235641237696445,16.029625018142855,16.1137638092041,223375600,0.108929,0.0
2013-11-07,16.072319934617,16.18398795610927,15.849600093600303,15.853001594543457,262620400,0.0,0.0
2013-11-08,15.91766078414062,16.120274034445668,15.856103334791547,16.102642059326172,279316800,0.0,0.0
2013-11-11,16.085002502946494,16.13696997037967,15.912394914816016,16.055925369262695,227452400,0.0,0.0
2013-11-12,16.013238050747454,16.20657184101942,15.992513508976083,16.085622787475586,204276800,0.0,0.0
2013-11-13,16.023438402375568,16.154905781152845,15.991267056128915,16.104793548583984,197220800,0.0,0.0
2013-11-14,16.172226935068366,16.37236528365951,16.143149813914466,16.33772087097168,282419200,0.0,0.0
2013-11-15,16.288849795845664,16.366491228637415,16.22419981433853,16.239665985107422,317920400,0.0,0.0
2013-11-18,16.239665585810037,16.307718717938695,16.02962831778951,16.04292869567871,244944000,0.0,0.0
2013-11-19,16.05529685178203,16.18985678380231,16.022507656541414,16.071382522583008,208938800,0.0,0.0
2013-11-20,16.061486188128228,16.09829804590164,15.909913780880071,15.930638313293457,193916800,0.0,0.0
2013-11-21,16.01106728437301,16.122736928887754,15.889500414574407,16.12057113647461,262026800,0.0,0.0
2013-11-22,16.070459118229635,16.152123205062875,16.039835705173015,16.079120635986328,223725600,0.0,0.0
2013-11-25,16.116851909168417,16.26687798466171,16.116234055619024,16.200990676879883,229311600,0.0,0.0
2013-11-26,16.212755989446595,16.58457522650032,16.209045561551175,16.49981689453125,401382800,0.0,0.0
2013-11-27,16.589830171405627,16.889573541355865,16.499813491133704,16.888336181640625,363448400,0.0,0.0
2013-11-29,16.997220337630406,17.270979123813703,16.945561814144167,17.20107078552246,318127600,0.0,0.0
2013-12-02,17.260775054591868,17.456581881563284,17.038674743844087,17.05135726928711,472544800,0.0,0.0
2013-12-03,17.27005214339394,17.51999384368447,17.250873894286748,17.518136978149414,450968000,0.0,0.0
2013-12-04,17.492774445591714,17.606918827909325,17.34800664568326,17.47730827331543,377809600,0.0,0.0
2013-12-05,17.713946366167512,17.790969945594437,17.520923201191938,17.567012786865234,447580000,0.0,0.0
2013-12-06,17.501752503827,17.531449153448964,17.309348743542625,17.323266983032227,344352400,0.0,0.0
2013-12-09,17.35047276685142,17.61897311593826,17.35047276685142,17.521533966064453,320493600,0.0,0.0
2013-12-10,17.43338201039614,17.566395711407367,17.35975992800798,17.494319915771484,278269600,0.0,0.0
2013-12-11,17.539172360976004,17.661978246554476,17.313051070172783,17.364707946777344,359718800,0.0,0.0
2013-12-12,17.388832677642853,17.487818123673577,17.32356320958271,17.339338302612305,262290000,0.0,0.0
2013-12-13,17.410799473877287,17.411727906674535,17.12683285118667,17.150341033935547,332822000,0.0,0.0
2013-12-16,17.168596811575174,17.404308116182985,17.168287884570443,17.245309829711914,282592800,0.0,0.0
2013-12-17,17.19302098116262,17.30530843198462,17.11785265249038,17.16765594482422,229902400,0.0,0.0
2013-12-18,17.004030308358438,17.058163567939708,16.66685715119235,17.037128448486328,565863200,0.0,0.0
2013-12-19,16.99784013240109,17.013306302919275,16.81935470952613,16.841936111450195,320308800,0.0,0.0
2013-12-20,16.87194202588068,17.063109976916035,16.85307270272676,16.98299217224121,436413600,0.0,0.0
2013-12-23,17.5701044576369,17.65424326430878,17.40801529474166,17.634756088256836,501306400,0.0,0.0
2013-12-24,17.628567446517543,17.69012484547656,17.509164727271102,17.55989646911621,167554800,0.0,0.0
2013-12-26,17.573204494428257,17.616512097780667,17.42719930715814,17.44328498840332,204008000,0.0,0.0
2013-12-27,17.440800169391682,17.459049981225107,17.307168660456615,17.32541847229004,225884400,0.0,0.0
2013-12-30,17.244070882418676,17.325424398408476,17.0850726258152,17.153125762939453,253629600,0.0,0.0
2013-12-31,17.142300235006612,17.362234746534927,17.137040216793675,17.35419273376465,223084400,0.0,0.0
2014-01-02,17.18901268179847,17.230772344588154,17.075796714937855,17.110132217407227,234684800,0.0,0.0
2014-01-03,17.101772849313047,17.127755745615204,16.717271249259735,16.734285354614258,392467600,0.0,0.0
2014-01-06,16.625095119800914,16.914320123952447,16.50600130490388,16.825542449951172,412610800,0.0,0.0
2014-01-07,16.837607745304627,16.888337846615133,16.639635127395696,16.70521354675293,317209200,0.0,0.0
2014-01-08,16.66716551959907,16.875965464131422,16.663455091835864,16.811006546020508,258529600,0.0,0.0
2014-01-09,16.91431420089853,16.91617106594318,16.560128757738035,16.59632110595703,279148800,0.0,0.0
2014-01-10,16.69871602749191,16.72872159028717,16.428978193318883,16.485586166381836,304976000,0.0,0.0
2014-01-13,16.39185061580757,16.7812999217949,16.390922183411284,16.571882247924805,378492800,0.0,0.0
2014-01-14,16.648908923262006,16.91215094539432,16.631585891343544,16.901634216308594,332561600,0.0,0.0
2014-01-15,17.12219309883261,17.328827225935846,17.064656695100986,17.240976333618164,391638800,0.0,0.0
2014-01-16,17.164885894248766,17.225205961028266,17.065279230693232,17.144779205322266,229278000,0.0,0.0
2014-01-17,17.05908651576035,17.07733633040607,16.70087835431873,16.72469711303711,426739600,0.0,0.0
2014-01-21,16.734599214080415,17.01547328252543,16.716967249814573,16.984540939331055,328526800,0.0,0.0
2014-01-22,17.041460047245646,17.238813180210105,16.945567127689177,17.060020446777344,379985200,0.0,0.0
2014-01-23,17.01145788714788,17.214380006610185,16.852770156414362,17.20448112487793,403239200,0.0,0.0
2014-01-24,17.137034557565052,17.187146787395427,16.850902216591862,16.891735076904297,429354800,0.0,0.0
2014-01-27,17.01547769379521,17.161791812035702,16.881846103874885,17.028778076171875,554878800,0.0,0.0
2014-01-28,15.73762152648615,15.930644728303701,15.53067678581052,15.667713165283203,1065523200,0.0,0.0
2014-01-29,15.588833380732389,15.69462518612319,15.423958872446484,15.489846229553223,502810000,0.0,0.0
2014-01-30,15.545211212254092,15.667708159748093,15.364561668013813,15.459835052490234,678501600,0.0,0.0
2014-01-31,15.317539005533122,15.513965259117088,15.267117851079954,15.485197067260742,464797200,0.0,0.0
2014-02-03,15.54738195568028,15.705760729734424,15.444993307945559,15.513973236083984,401464000,0.0,0.0
2014-02-04,15.647601953512988,15.75927160675503,15.552017977139661,15.738545417785645,376681200,0.0,0.0
2014-02-05,15.669573500219432,15.939311457325593,15.65998354418738,15.856101036071777,328344800,0.0,0.0
2014-02-06,15.872276974593815,15.97932523220175,15.802259274109753,15.948516845703125,257765200,0.108929,0.0
2014-02-07,16.22453641580688,16.272769868004787,16.10006309799967,16.171634674072266,370280400,0.0,0.0
2014-02-10,16.139891850764933,16.55470147970671,16.11935403853627,16.461345672607422,345559200,0.0,0.0
2014-02-11,16.511759047207796,16.733944022545927,16.47721636574801,16.67824363708496,282256800,0.0,0.0
2014-02-12,16.70905511101978,16.790274060544117,16.593605908311496,16.677001953125,308100800,0.0,0.0
2014-02-13,16.637787558413855,16.95488554532398,16.623473576729733,16.941816329956055,307398000,0.0,0.0
2014-02-14,16.880820208519122,16.9900471896955,16.841612568388985,16.928119659423828,272924400,0.0,0.0
2014-02-18,16.990671036107358,17.15217489259893,16.978534149258646,16.990360260009766,260251600,0.0,0.0
2014-02-19,16.95177193465488,17.01836609822539,16.628141018458543,16.722118377685547,313768000,0.0,0.0
2014-02-20,16.58581822158103,16.710603955440153,16.461655701772425,16.528560638427734,305858000,0.0,0.0
2014-02-21,16.579597638494295,16.634988914155308,16.32473794189308,16.3449649810791,278784800,0.0,0.0
2014-02-24,16.27961511886375,16.49028641037587,16.2568985497502,16.416534423828125,288909600,0.0,0.0
2014-02-25,16.473478481714942,16.479389873527214,16.21270583284022,16.245691299438477,231952000,0.0,0.0
2014-02-26,16.293932438287122,16.337186828911722,16.044673341063458,16.099130630493164,276217200,0.0,0.0
2014-02-27,16.092585772151274,16.45480429329309,16.058666321182244,16.420263290405273,301882000,0.0,0.0
2014-02-28,16.464147564878598,16.57835363318347,16.24756320166998,16.37577247619629,371968800,0.0,0.0
2014-03-03,16.288021932418292,16.513008948415315,16.2690396552799,16.423076629638672,238781200,0.0,0.0
2014-03-04,16.523895597575393,16.574929354642386,16.4233819639565,16.531362533569336,259140000,0.0,0.0
2014-03-05,16.52141129750555,16.640593139808008,16.465707571729638,16.566221237182617,200062800,0.0,0.0
2014-03-06,16.57960044059848,16.630946649481157,16.433655290039866,16.5161190032959,185488800,0.0,0.0
2014-03-07,16.526694855092263,16.554390488393842,16.369857633013865,16.506467819213867,220729600,0.0,0.0
2014-03-10,16.441746587141495,16.596405099394058,16.441123372883162,16.52140998840332,178584000,0.0,0.0
2014-03-11,16.662376426568205,16.76475474332135,16.573376442848556,16.68229103088379,279224400,0.0,0.0
2014-03-12,16.633117621548823,16.72149268860563,16.55500979717733,16.69846534729004,199326400,0.0,0.0
2014-03-13,16.72430075727148,16.793382806409298,16.466639072842902,16.51300621032715,257742800,0.0,0.0
2014-03-14,16.455125767974344,16.520475180918808,16.274950380039492,16.32754135131836,237199200,0.0,0.0
2014-03-17,16.42120702185171,16.491844611232658,16.36363698764916,16.391332626342773,199544800,0.0,0.0
2014-03-18,16.365187621316085,16.554076307689048,16.343405045410382,16.536338806152344,209647200,0.0,0.0
2014-03-19,16.56310348446291,16.686953567554852,16.461655869334944,16.531984329223633,224756000,0.0,0.0
2014-03-20,16.489350645259528,16.575861061377687,16.410310487914803,16.452320098876953,208398400,0.0,0.0
2014-03-21,16.552829671825943,16.60946569230655,16.37856742236043,16.582080841064453,374046400,0.0,0.0
2014-03-24,16.754797661239046,16.819523862190422,16.650238929299334,16.778759002685547,355700800,0.0,0.0
2014-03-25,16.850641637382903,16.982894337737964,16.79120362197433,16.959243774414062,282293200,0.0,0.0
2014-03-26,17.006856239133352,17.0840301022041,16.768489264948165,16.797117233276367,299768000,0.0,0.0
2014-03-27,16.804581742222876,16.850638092691558,16.652102033945106,16.724918365478516,222031600,0.0,0.0
2014-03-28,16.75169194257305,16.770985001913285,16.625039796887826,16.70625877380371,200564000,0.0,0.0
2014-03-31,16.780005019313062,16.829172472462208,16.677312598660983,16.7025203704834,168669200,0.0,0.0
2014-04-01,16.73425138599998,16.862149855104427,16.703444671752273,16.855302810668945,200760000,0.0,0.0
2014-04-02,16.878024290752553,16.912254537184985,16.81205333078839,16.88331413269043,180420800,0.0,0.0
2014-04-03,16.847221730215953,16.881762761319397,16.730527754995087,16.766313552856445,162344000,0.0,0.0
2014-04-04,16.79805122555999,16.80396262015856,16.510827580442804,16.549413681030273,275251200,0.0,0.0
2014-04-07,16.431159095568294,16.52078059621204,16.24040408480578,16.289569854736328,289850400,0.0,0.0
2014-04-08,16.34310208741644,16.372042497752773,16.141142429365317,16.288644790649414,243888400,0.0,0.0
2014-04-09,16.263746862413473,16.508026887449972,16.244453812568256,16.502737045288086,206169600,0.0,0.0
2014-04-10,16.51393585729834,16.56248174379021,16.28023721280231,16.289884567260742,239652000,0.0,0.0
2014-04-11,16.150468738728588,16.269653840441016,16.092589610816564,16.169452667236328,271717600,0.0,0.0
2014-04-14,16.240722568109103,16.24881272094859,16.094777407456284,16.233877182006836,205674000,0.0,0.0
2014-04-15,16.190000415182496,16.23263160077665,15.911800851558203,16.11811637878418,266490000,0.0,0.0
2014-04-16,16.120907245716,16.2155078053655,15.999234270405163,16.150781631469727,214765600,0.0,0.0
2014-04-17,16.181591221755504,16.423070897144466,16.156695895868722,16.335315704345703,284334400,0.0,0.0
2014-04-21,16.347768230439574,16.559373577712975,16.3048246114621,16.529190063476562,182548800,0.0,0.0
2014-04-22,16.440182597312024,16.549720352053242,16.383859008746615,16.54567527770996,202563200,0.0,0.0
2014-04-23,16.463529341115706,16.52794476751907,16.32007206499175,16.329408645629883,394940000,0.0,0.0
2014-04-24,17.681809950732323,17.737511989065055,17.449043668282144,17.66811752319336,759911600,0.0,0.0
2014-04-25,17.56729854291115,17.799441682897818,17.54956269733047,17.797887802124023,390275200,0.0,0.0
2014-04-28,17.824650006161658,18.538818617737586,17.81686896871853,18.48716163635254,669485600,0.0,0.0
2014-04-29,18.476267814825313,18.545973074003655,18.34463667129193,18.432390213012695,337377600,0.0,0.0
2014-04-30,18.44204069264371,18.65333526273316,18.353663921775244,18.362688064575195,456640800,0.0,0.0
2014-05-01,18.422119402419867,18.5092513828688,18.24661233710697,18.40593910217285,244048000,0.0,0.0
2014-05-02,18.432703351019413,18.490584162092844,18.350861200389968,18.440170288085938,191514400,0.0,0.0
2014-05-05,18.36424279775598,18.70218942155984,18.359885284084342,18.700942993164062,287067200,0.0,0.0
2014-05-06,18.727080433367078,18.808299358020943,18.497116088867188,18.497116088867188,374564400,0.0,0.0
2014-05-07,18.523256501805463,18.586737928744267,18.28924539531229,18.432390213012695,282864400,0.0,0.0
2014-05-08,18.40766765454905,18.600429003280038,18.349777750262387,18.399532318115234,230297200,0.1175,0.0
2014-05-09,18.291573470812843,18.345083194424,18.159832160278754,18.322866439819336,291597600,0.0,0.0
2014-05-12,18.383883182364315,18.57695533518743,18.381065562268585,18.550983428955078,213208800,0.0,0.0
2014-05-13,18.52500609910655,18.604487703263533,18.48432776170569,18.580080032348633,159737200,0.0,0.0
2014-05-14,18.538472122973577,18.69399444022596,18.516880389176382,18.583532333374023,166404000,0.0,0.0
2014-05-15,18.609504006310832,18.668958142736326,18.401097003357215,18.425504684448242,230846000,0.0,0.0
2014-05-16,18.419556935820214,18.698058495431972,18.318483576092166,18.697433471679688,276256400,0.0,0.0
2014-05-19,18.708073029151738,19.00472368662564,18.691800685485653,18.918983459472656,317755200,0.0,0.0
2014-05-20,18.91647852835848,18.975620145338002,18.79819362321299,18.92273712158203,234836000,0.0,0.0
2014-05-21,18.895196335931086,18.98500420997056,18.83980988360752,18.972801208496094,196859600,0.0,0.0
2014-05-22,18.981876917565067,19.083576958708317,18.90364701655518,19.00284194946289,200760000,0.0,0.0
2014-05-23,19.002223392146373,19.23628982234467,18.977815708203448,19.217514038085938,232209600,0.0,0.0
2014-05-27,19.272269556600364,19.58456581830208,19.264446733363876,19.577369689941406,348866000,0.0,0.0
2014-05-28,19.589576774705403,19.708800903910824,19.519482191628867,19.52667999267578,315481600,0.0,0.0
2014-05-29,19.646838576536332,19.92909527841068,19.64433513927667,19.882469177246094,376474000,0.0,0.0
2014-05-30,19.96382963725765,20.157528503538853,19.679696187050464,19.807994842529297,564020800,0.0,0.0
2014-06-02,19.83804158777581,19.86526522270208,19.47943161374147,19.671878814697266,369350800,0.0,0.0
2014-06-03,19.665937733624126,19.987622914481705,19.659366624983466,19.950071334838867,292709200,0.0,0.0
2014-06-04,19.946933539157968,20.273937956332677,19.90531430899055,20.17786979675293,335482000,0.0,0.0
2014-06-05,20.221058169496388,20.320254814418384,20.108719310249768,20.257043838500977,303805600,0.0,0.0
2014-06-06,20.336834275439976,20.37939271149661,20.16691805665327,20.201337814331055,349938400,0.0,0.0
2014-06-09,20.30554375194616,20.564017847014735,20.0974509231242,20.52458953857422,301660000,0.0,7.0
2014-06-10,20.750209937165327,20.820304528236036,20.4961160000422,20.64506721496582,251108000,0.0,0.0
2014-06-11,20.61877104371136,20.756770903630184,20.474201751398848,20.559629440307617,182724000,0.0,0.0
2014-06-12,20.599060695465116,20.616584754988725,20.13030296591954,20.215730667114258,218996000,0.0,0.0
2014-06-13,20.19601322357665,20.24858539574704,19.906872961383883,19.994491577148438,218100000,0.0,0.0
2014-06-16,20.04487399623264,20.316490216914783,20.031730116828562,20.196014404296875,142244000,0.0,0.0
2014-06-17,20.220114546199746,20.305542263025693,20.108402406465263,20.169734954833984,118904000,0.0,0.0
2014-06-18,20.21135608189103,20.215737933940197,20.00983433848866,20.19164276123047,134056000,0.0,0.0
2014-06-19,20.215737461588144,20.217928387561535,20.00764294497427,20.12154769897461,142112000,0.0,0.0
2014-06-20,20.11935789406134,20.27269096819223,19.911265037039293,19.913455963134766,403592000,0.0,0.0
2014-06-23,20.00325938715904,20.06897378577167,19.845546167437995,19.89592742919922,174776000,0.0,0.0
2014-06-24,19.878407273023818,20.095262157160835,19.755742154107836,19.775455474853516,156144000,0.0,0.0
2014-06-25,19.76011917887948,19.86745114078778,19.63745407955571,19.79297637939453,147476000,0.0,0.0
2014-06-26,19.79516661544485,19.944117804228753,19.67031059478677,19.9112606048584,130516000,0.0,0.0
2014-06-27,19.893737063941238,20.15221114327858,19.882784106801765,20.147830963134766,256116000,0.0,0.0
2014-06-30,20.174108644762946,20.531154205481315,20.17191771982987,20.35591697692871,197929200,0.0,0.0
2014-07-01,20.48516273498535,20.605638594955696,20.399735005619778,20.48516273498535,152892000,0.0,0.0
2014-07-02,20.561828096395466,20.603445658443892,20.39097098315027,20.47640037536621,113860000,0.0,0.0
2014-07-03,20.518025223473867,20.612215009746578,20.415073402293544,20.596881866455078,91567200,0.0,0.0
2014-07-07,20.62096034760011,21.026194524626955,20.612198319787225,21.021814346313477,225872000,0.0,0.0
2014-07-08,21.08753665631305,21.203632324341367,20.57277940386354,20.886014938354492,260888000,0.0,0.0
2014-07-09,20.90573025569859,21.017442402796927,20.756779055047424,20.894777297973633,145744000,0.0,0.0
2014-07-10,20.53773684811061,20.92982907212275,20.485164647295782,20.818115234375,158744000,0.0,0.0
2014-07-11,20.888204496984223,21.004298486227583,20.778681613367983,20.8575382232666,136072000,0.0,0.0
2014-07-14,20.997728362550514,21.223345245960996,20.95172894982294,21.126964569091797,171240000,0.0,0.0
2014-07-15,21.203636492788387,21.214587781307745,20.81592444732619,20.87944793701172,181911600,0.0,0.0
2014-07-16,21.240870716075243,21.26934606740592,20.752397864628815,20.761159896850586,213585200,0.0,0.0
2014-07-17,20.81591761789829,20.87067905608962,20.277065266637987,20.390968322753906,229192000,0.0,0.0
2014-07-18,20.507061790453648,20.75239193785112,20.375633015849242,20.68448829650879,199952000,0.0,0.0
2014-07-21,20.807158862839724,20.8093497886445,20.528971448355797,20.57716178894043,156316000,0.0,0.0
2014-07-22,20.73925623230352,20.785255649365094,20.61659112013933,20.748018264770508,220788000,0.0,0.0
2014-07-23,20.901342995607372,21.440195286742473,20.846581563526332,21.28905487060547,371672000,0.0,0.0
2014-07-24,21.256202079844005,21.317534629088566,21.12039309852631,21.254011154174805,182916000,0.0,0.0
2014-07-25,21.214581911684004,21.431436750137543,21.168582501780925,21.39419937133789,173876000,0.0,0.0
2014-07-28,21.427058523699277,21.73810313588963,21.367916897342347,21.689912796020508,221272000,0.0,0.0
2014-07-29,21.757822937082373,21.781918112345444,21.521253036965184,21.549728393554688,172572000,0.0,0.0
2014-07-30,21.562865436510528,21.619816131615114,21.394199263198555,21.49934196472168,132040000,0.0,0.0
2014-07-31,21.282489387805153,21.34601119515419,20.881635198003654,20.940776824951172,227372000,0.0,0.0
2014-08-01,20.787442259606685,21.164201221534302,20.76772727285228,21.056867599487305,194044000,0.0,0.0
2014-08-04,21.109444316263787,21.155443733653023,20.84658835394223,20.938587188720703,159832000,0.0,0.0
2014-08-05,20.888204748403698,20.958299327914318,20.66915897853469,20.835634231567383,223732000,0.0,0.0
2014-08-06,20.754585384864633,20.914489522096467,20.745823354080624,20.80058479309082,154232000,0.0,0.0
2014-08-07,20.89744392515824,21.121981190341074,20.71473122457376,20.798383712768555,186844000,0.1175,0.0
2014-08-08,20.74995921443282,20.873234476873492,20.53422582566215,20.855623245239258,167460000,0.0,0.0
2014-08-11,20.97229299772359,21.1506037642896,20.877634734817967,21.13079071044922,146340000,0.0,0.0
2014-08-12,21.141790321247488,21.326703131295453,21.047132093389965,21.126380920410156,135180000,0.0,0.0
2014-08-13,21.16601148157146,21.40595817565918,21.14179646186546,21.40595817565918,127664000,0.0,0.0
2014-08-14,21.425771291775163,21.478603298791523,21.309099839843558,21.463193893432617,112464000,0.0,0.0
2014-08-15,21.551251683483123,21.615091138248793,21.322310711754355,21.568862915039062,195804000,0.0,0.0
2014-08-18,21.681130852304406,21.874851041448032,21.568863029413794,21.828622817993164,190288000,0.0,0.0
2014-08-19,21.883658424117563,22.16322961124985,21.863845367037527,22.13020896911621,277596000,0.0,0.0
2014-08-20,22.11039439308031,22.25348102246135,22.002526865747726,22.13901138305664,210796000,0.0,0.0
2014-08-21,22.139012546921492,22.220463232750582,22.037750485336375,22.14121437072754,133912000,0.0,0.0
2014-08-22,22.07736858450657,22.337128295638077,22.05535539125793,22.304107666015625,176736000,0.0,0.0
2014-08-25,22.407576712817853,22.491227538341366,22.29530721789203,22.352542877197266,161080000,0.0,0.0
2014-08-26,22.326121205643382,22.343732432315118,22.20284597793926,22.209449768066406,132608000,0.0,0.0
2014-08-27,22.238069624388846,22.579280047358814,22.167626388101404,22.482419967651367,209476000,0.0,0.0
2014-08-28,22.363548522110356,22.625510115762786,22.3569447305896,22.508838653564453,273840000,0.0,0.0
2014-08-29,22.643120237032985,22.651925851795795,22.49783011269557,22.563871383666992,178380000,0.0,0.0
2014-09-02,22.687150814011687,22.836842933578506,22.61230559397808,22.7399845123291,214256000,0.0,0.0
2014-09-03,22.695947614419545,22.717960807084566,21.700936862269657,21.78018569946289,501684000,0.0,0.0
2014-09-04,21.760379724492992,22.03334709717585,21.527036783288253,21.599681854248047,342872000,0.0,0.0
2014-09-05,21.749366345892057,21.879245354992854,21.641498849402794,21.786788940429688,233828000,0.0,0.0
2014-09-08,21.859445124905886,21.86164526958883,21.584275884559638,21.652517318725586,185426800,0.0,0.0
2014-09-09,21.81100855996864,22.691549866262097,21.163810162403195,21.571060180664062,759385200,0.0,0.0
2014-09-10,21.575463235528538,22.2578823932756,21.520429405395724,22.233667373657227,403478400,0.0,0.0
2014-09-11,22.10378987540288,22.330529002573044,21.92988275856865,22.328327178955078,249412400,0.0,0.0
2014-09-12,22.279897744242295,22.49563111820736,22.251280754425235,22.37895965576172,250504400,0.0,0.0
2014-09-15,22.63211814071172,22.68495184175926,22.330533741522192,22.372358322143555,245266000,0.0,0.0
2014-09-16,21.969511195386907,22.290908642789205,21.769187197078143,22.20285415649414,267632400,0.0,0.0
2014-09-17,22.293104104206144,22.409777239749918,22.14341201280018,22.361347198486328,243706000,0.0,0.0
2014-09-18,22.438398239310786,22.53085469125193,22.35694754812478,22.40757942199707,149197600,0.0,0.0
2014-09-19,22.517645381264096,22.53085296495814,22.123602899230406,22.224864959716797,283609600,0.0,0.0
2014-09-22,22.40977711528481,22.48462232082246,22.141211745768743,22.246875762939453,211153600,0.0,0.0
2014-09-23,22.145608436120032,22.66072585544877,22.13240085699584,22.594684600830078,253608800,0.0,0.0
2014-09-24,22.489025668313165,22.640917900909958,22.27769427778856,22.39876937866211,240687200,0.0,0.0
2014-09-25,22.125802445148047,22.16982883926195,21.511624674113175,21.544645309448242,400368000,0.0,0.0
2014-09-26,21.689935804337203,22.17863655090332,21.661318813407448,22.17863655090332,249482000,0.0,0.0
2014-09-29,21.716354710985367,22.11039722708592,21.711951063040335,22.037752151489258,199065200,0.0,0.0
2014-09-30,22.19184413448637,22.35254367924438,22.130206505099554,22.17863655090332,221056400,0.0,0.0
2014-10-01,22.143411092641898,22.165425968300916,21.727355471074457,21.83302116394043,205965200,0.0,0.0
2014-10-02,21.852833594410182,22.061963166799195,21.58206807748978,21.991519927978516,191031200,0.0,0.0
2014-10-03,21.890253815410247,22.059757250043297,21.80219936334806,21.92987823486328,173878400,0.0,0.0
2014-10-06,22.00252160427803,22.156617315261602,21.885850169082698,21.92987823486328,148204800,0.0,0.0
2014-10-07,21.8880591946013,22.039953132402417,21.733965112411422,21.738367080688477,168376800,0.0,0.0
2014-10-08,21.740563808688943,22.25788145421184,21.641501910929787,22.189640045166016,229618800,0.0,0.0
2014-10-09,22.35254467682571,22.537457573238722,22.14781872465444,22.238073348999023,309506000,0.0,0.0
2014-10-10,22.165430681371305,22.46041126753317,22.07957802244362,22.174236297607422,265326400,0.0,0.0
2014-10-13,22.306311090630352,22.405371307110563,21.971704483032227,21.971704483032227,214333600,0.0,0.0
2014-10-14,22.099388941390075,22.128005933939754,21.69874264819686,21.738367080688477,254754400,0.0,0.0
2014-10-15,21.566652633139864,21.82641231846839,20.952475029367363,21.471994400024414,403734400,0.0,0.0
2014-10-16,21.03392973123229,21.511622955143274,21.0031109219154,21.19022560119629,288618000,0.0,0.0
2014-10-17,21.463193472684548,21.793396449187387,21.311299566053503,21.5006160736084,272718800,0.0,0.0
2014-10-20,21.643713095429582,22.004735027655023,21.621699890684102,21.960708618164062,310069200,0.0,0.0
2014-10-21,22.678333899424327,22.678333899424327,22.293097191821854,22.557260513305664,378495600,0.0,0.0
2014-10-22,22.638715130193212,22.918287922513297,22.58588312452217,22.671735763549805,273052400,0.0,0.0
2014-10-23,22.91168833836037,23.125219903171967,22.81262642010268,23.07678985595703,284298800,0.0,0.0
2014-10-24,23.15383590983144,23.22207733009482,23.010747598102277,23.162641525268555,188215600,0.0,0.0
2014-10-27,23.081190168106158,23.21987650781669,23.04816953105606,23.138425827026367,136750800,0.0,0.0
2014-10-28,23.202272771906237,23.49725341796875,23.191265329500958,23.49725341796875,192243600,0.0,0.0
2014-10-29,23.477429838628733,23.635927521712993,23.413590400747626,23.629322052001953,210751600,0.0,0.0
2014-10-30,23.545675698395915,23.631528346393623,23.312332776094383,23.550079345703125,162619200,0.0,0.0
2014-10-31,23.776819972595856,23.783423764472833,23.60071101821234,23.77461814880371,178557200,0.0,0.0
2014-11-03,23.823047761630466,24.28092969109412,23.77681953983357,24.082807540893555,209130400,0.0,0.0
2014-11-04,24.073995797969374,24.10261278146485,23.712974051492427,23.906692504882812,166297600,0.0,0.0
2014-11-05,24.016760222920055,24.060788289389066,23.803228719167628,23.96392822265625,149743600,0.0,0.0
2014-11-06,24.01035633439146,24.052363943845112,23.8334854741087,24.0324649810791,139874000,0.1175,0.0
2014-11-07,24.043523622427497,24.169544782218598,23.999306322662214,24.10100746154785,134766000,0.0,0.0
2014-11-10,24.103216560045873,24.171755565832886,24.02583544394617,24.06121063232422,108782000,0.0,0.0
2014-11-11,24.032467343031435,24.264612373021347,23.966141396449878,24.253557205200195,109769200,0.0,0.0
2014-11-12,24.182808077375512,24.6360429612989,24.18059839327686,24.59624671936035,187769600,0.0,0.0
2014-11-13,24.717850337094166,25.08264730558386,24.673631347095846,24.943361282348633,238091600,0.0,0.0
2014-11-14,25.016322926772116,25.24625662890309,24.587407974067983,25.24404525756836,176254400,0.0,0.0
2014-11-17,25.26394080279144,25.92942183910874,25.049485027961467,25.202035903930664,186986800,0.0,0.0
2014-11-18,25.190981938438362,25.577889235679624,25.179926769518687,25.52924919128418,176896000,0.0,0.0
2014-11-19,25.522615175300427,25.588941124342366,25.160027922835926,25.352375030517578,167476800,0.0,0.0
2014-11-20,25.405437539861094,25.836562107719953,25.392171000770325,25.714962005615234,173582000,0.0,0.0
2014-11-21,25.98027126945699,25.99353612197536,25.653057517488325,25.750337600708008,228717200,0.0,0.0
2014-11-24,25.834352204509297,26.258844370331033,25.783502476581468,26.22789192199707,189803200,0.0,0.0
2014-11-25,26.325170218865228,26.475511394883647,25.96700402949675,26.000167846679688,275361600,0.0,0.0
2014-11-26,26.075341460226543,26.331804848554643,26.051021438042593,26.309696197509766,163073200,0.0,0.0
2014-11-28,26.369395460009297,26.398138230723664,26.099667159738036,26.294225692749023,99257600,0.0,0.0
2014-12-01,26.267680886927376,26.364960947173387,24.600663447266747,25.440805435180664,335256000,0.0,0.0
2014-12-02,25.09369593723916,25.59114805934302,24.92787856320454,25.34352684020996,237395600,0.0,0.0
2014-12-03,25.59115087142453,25.723804447872546,25.449653498309086,25.63094711303711,172253600,0.0,0.0
2014-12-04,25.5955772354945,25.911735863111595,25.489455027036534,25.533672332763672,168178000,0.0,0.0
2014-12-05,25.644219199696725,25.664118169508015,25.34574814678509,25.42534065246582,153275600,0.0,0.0
2014-12-08,25.226354122815437,25.34795422744137,24.6780521834411,24.850502014160156,230659600,0.0,0.0
2014-12-09,24.36189628531993,25.270575896750458,24.176179894750465,25.23077964782715,240832000,0.0,0.0
2014-12-10,25.294893473033053,25.392171871269916,24.660364922920373,24.75101089477539,178261200,0.0,0.0
2014-12-11,24.819554126414587,25.160032795132903,24.6161501243302,24.678056716918945,165606800,0.0,0.0
2014-12-12,24.421589456249155,24.73332701602869,24.227030957030216,24.260194778442383,224112400,0.0,0.0
2014-12-15,24.47465088479445,24.67363212913872,23.512910171709514,23.928560256958008,268872400,0.0,0.0
2014-12-16,23.517327712654122,24.35525843804916,23.493007694458836,23.601341247558594,243162800,0.0,0.0
2014-12-17,23.683145713983205,24.284508698602036,23.616818083221016,24.189441680908203,213647200,0.0,0.0
2014-12-18,24.733325235400784,24.90577507019043,24.46580668569096,24.90577507019043,236024800,0.0,0.0
2014-12-19,24.819546643787017,25.03621374878895,24.68689307322519,24.713422775268555,353719200,0.0,0.0
2014-12-22,24.797444553173737,25.091492844854134,24.755436931455634,24.969894409179688,180670000,0.0,0.0
2014-12-23,25.0340108577416,25.056119511037437,24.86377068512118,24.881458282470703,104113600,0.0,0.0
2014-12-24,24.8903034125501,24.919044494693864,24.7642822265625,24.7642822265625,57918400,0.0,0.0
2014-12-26,24.784176149838448,25.319213274885985,24.764278869539766,25.202035903930664,134884000,0.0,0.0
2014-12-29,25.15782147787498,25.37448864866453,25.137922508518777,25.18435287475586,110395600,0.0,0.0
2014-12-30,25.12465066056697,25.186555549276957,24.786383456700463,24.877029418945312,119526000,0.0,0.0
2014-12-31,24.94336388804156,25.011901221221176,24.36631908084328,24.40390396118164,165613600,0.0,0.0
2015-01-02,24.627197466302736,24.63825263316067,23.73399429855066,24.1717529296875,212818400,0.0,0.0
2015-01-05,23.941820548483143,24.02141303105321,23.305082374704345,23.49079704284668,257142000,0.0,0.0
2015-01-06,23.55491637205578,23.751686233274114,23.132633885246175,23.493011474609375,263188400,0.0,0.0
2015-01-07,23.700833368573225,23.921923238379996,23.590288433669837,23.822433471679688,160423600,0.0,0.0
2015-01-08,24.149648973158683,24.79523103500176,24.032469916763375,24.737747192382812,237458000,0.0,0.0
2015-01-09,24.91020069554604,25.03843325301615,24.366319698821545,24.7642822265625,214798000,0.0,0.0
2015-01-12,24.894726574314905,24.901359002541184,24.05458582559967,24.154075622558594,198603200,0.0,0.0
2015-01-13,24.636045006902663,24.938938744961888,24.078899260283258,24.368526458740234,268367600,0.0,0.0
2015-01-14,24.107644107868847,24.428223804239163,23.98825535346539,24.275672912597656,195826400,0.0,0.0
2015-01-15,24.319889150225293,24.33315400453697,23.581449689319307,23.616823196411133,240056000,0.0,0.0
2015-01-16,23.66324702245002,23.784847117986633,23.258652181062807,23.433313369750977,314053200,0.0,0.0
2015-01-20,23.8423336559235,24.092166318792128,23.54607400393315,24.036893844604492,199599600,0.0,0.0
2015-01-21,24.08774456365367,24.554244399862444,23.937403360229293,24.220399856567383,194303600,0.0,0.0
2015-01-22,24.377369821804127,24.86597823776874,24.25798108820281,24.850502014160156,215185600,0.0,0.0
2015-01-23,24.828393786716223,25.14897343268383,24.658153637343272,24.978734970092773,185859200,0.0,0.0
2015-01-26,25.146765502192924,25.283841851514538,24.938942137018884,25.005268096923828,222460000,0.0,0.0
2015-01-27,24.85492186783158,24.868188406556055,24.10542737099762,24.12974739074707,382274800,0.0,0.0
2015-01-28,26.006802051792118,26.115137307785997,25.493873596191406,25.493873596191406,585908400,0.0,0.0
2015-01-29,25.717175801492044,26.35170438968202,25.549147013680603,26.287588119506836,337745600,0.0,0.0
2015-01-30,26.177045993120977,26.530789515977578,25.834355953826734,25.902894973754883,334982000,0.0,0.0
2015-02-02,26.099661073234326,26.347280659906044,25.664113738672494,26.22789192199707,250956400,0.0,0.0
2015-02-03,26.199145528721534,26.32958772212077,26.002375709904044,26.232309341430664,207662800,0.0,0.0
2015-02-04,26.199156945824917,26.643548181508844,26.157149318968443,26.43351173400879,280598800,0.0,0.0
2015-02-05,26.639930924608485,26.68654452657153,26.46902059335366,26.622175216674805,168984800,0.1175,0.0
2015-02-06,26.63993133480039,26.690983441173188,26.29145037133095,26.397993087768555,174826400,0.0,0.0
2015-02-09,26.31364952034854,26.59997959492544,26.287013416310145,26.573345184326172,155559200,0.0,0.0
2015-02-10,26.67322452285019,27.112710874686844,26.67100611784984,27.08385467529297,248034000,0.0,0.0
2015-02-11,27.250327115569267,27.727546684528846,27.190398003857585,27.71866798400879,294247200,0.0,0.0
2015-02-12,27.980583052789616,28.29577098667342,27.87182193753955,28.069368362426758,297898000,0.0,0.0
2015-02-13,28.2513791917622,28.2513791917622,27.889581022925857,28.206987380981445,217088800,0.0,0.0
2015-02-17,28.29799075277954,28.606520099632363,28.171472230828833,28.373458862304688,252609600,0.0,0.0
2015-02-18,28.329063041928176,28.58432016349851,28.289109738609003,28.571002960205078,179566800,0.0,0.0
2015-02-19,28.517736483842516,28.639816516664126,28.484443468926816,28.511077880859375,149449600,0.0,0.0
2015-02-20,28.548804984884658,28.74413299560547,28.42228816839701,28.74413299560547,195793600,0.0,0.0
2015-02-23,28.85955288889949,29.520999908447266,28.77964628750679,29.520999908447266,283896400,0.0,0.0
2015-02-24,29.507686850482216,29.654182871424286,29.114812389547758,29.336774826049805,276912400,0.0,0.0
2015-02-25,29.2013771091795,29.21025750314069,28.444484400690435,28.58654022216797,298846800,0.0,0.0
2015-02-26,28.58654715476899,29.048229533254315,28.1026705597542,28.948347091674805,365150000,0.0,0.0
2015-02-27,28.85511485961998,28.98163506585965,28.464462216181126,28.513294219970703,248059200,0.0,0.0
2015-03-02,28.688650108799695,28.91727118881315,28.477786433344782,28.653135299682617,192386800,0.0,0.0
2015-03-03,28.624271056502938,28.748569451925118,28.43116147580031,28.713054656982422,151265200,0.0,0.0
2015-03-04,28.65534962054463,28.75745043653652,28.48221920483862,28.531047821044922,126665200,0.0,0.0
2015-03-05,28.53993335182909,28.577666563390302,27.91399928590638,28.05827522277832,226068400,0.0,0.0
2015-03-06,28.49996650054866,28.715270266978877,28.02496886520721,28.100435256958008,291368400,0.0,0.0
2015-03-09,28.402311702567367,28.759673035766372,27.758620331316582,28.22030258178711,354114000,0.0,0.0
2015-03-10,28.058268366478025,28.238057372227637,27.47894635524177,27.636539459228516,275426400,0.0,0.0
2015-03-11,27.68981862072228,27.69425712508727,27.103837825065504,27.132692337036133,275756000,0.0,0.0
2015-03-12,27.148228533817743,27.723112198365833,26.997293989982648,27.623228073120117,193450800,0.0,0.0
2015-03-13,27.612129452813793,27.834091905499694,27.208157856663018,27.43233871459961,207309200,0.0,0.0
2015-03-16,27.49670172905394,27.734201431274414,27.272520922481597,27.734201431274414,143497200,0.0,0.0
2015-03-17,27.945067845676817,28.260254062443913,27.889577243002098,28.198104858398438,204092400,0.0,0.0
2015-03-18,28.18922743695817,28.668667078657883,28.049391721515192,28.515512466430664,261083600,0.0,0.0
2015-03-19,28.57766207526712,28.688643287209903,28.27801314170938,28.300209045410156,183238000,0.0,0.0
2015-03-20,28.46667969541809,28.499972702883888,27.780816646601348,27.945068359375,274780400,0.0,0.0
2015-03-23,28.2158621323778,28.3778937431427,28.082683331798854,28.235837936401367,150838800,0.0,0.0
2015-03-24,28.24028036988471,28.420067700654457,28.091564256583325,28.120420455932617,131369200,0.0,0.0
2015-03-25,28.0871232266766,28.14927242977863,27.38572120666504,27.38572120666504,206620800,0.0,0.0
2015-03-26,27.2481090167944,27.71866829557392,27.21259421431497,27.57661247253418,190291600,0.0,0.0
2015-03-27,27.649857147911664,27.678711651367017,27.281400430539026,27.35686683654785,158184800,0.0,0.0
2015-03-30,27.534449295454433,28.0560608411074,27.52335049287989,28.049402236938477,188398800,0.0,0.0
2015-03-31,27.98724261971094,28.07602793240956,27.603248555439965,27.618785858154297,168362400,0.0,0.0
2015-04-01,27.70535114691117,27.771940554974115,27.32357548668681,27.578832626342773,162485600,0.0,0.0
2015-04-02,27.751968263824242,27.869608105834285,27.565520595756848,27.81633758544922,128880400,0.0,0.0
2015-04-06,27.627663195968463,28.302429168378975,27.59658859207262,28.26691436767578,148776000,0.0,0.0
2015-04-07,28.33128631931343,28.4378273444935,27.962829541527025,27.9694881439209,140049200,0.0,0.0
2015-04-08,27.933963874257937,28.056043854908026,27.738637598656286,27.87847328186035,149316800,0.0,0.0
2015-04-09,27.93397105873809,28.096004375326153,27.669836922529743,28.091564178466797,129936000,0.0,0.0
2015-04-10,27.956166746508018,28.23583987612223,27.80301382482314,28.211423873901367,160752000,0.0,0.0
2015-04-13,28.493319382710112,28.53771458339684,28.102666679566266,28.15593719482422,145460400,0.0,0.0
2015-04-14,28.189230378955582,28.253599690907617,27.947292127923955,28.033857345581055,102098400,0.0,0.0
2015-04-15,28.058269202501947,28.218080716019593,27.969483899366274,28.14039421081543,115881600,0.0,0.0
2015-04-16,28.02941898136785,28.211428129554427,27.991685769857757,28.005002975463867,113476000,0.0,0.0
2015-04-17,27.86738231870997,27.998339332768015,27.6254424019684,27.68981170654297,207828000,0.0,0.0
2015-04-20,27.87181765929838,28.437820746157385,27.783032363289514,28.32240104675293,188217200,0.0,0.0
2015-04-21,28.433392075866454,28.455586289423398,28.115984001409522,28.16925621032715,129740400,0.0,0.0
2015-04-22,28.18701275315645,28.604301574712608,28.038298309103048,28.548810958862305,150618000,0.0,0.0
2015-04-23,28.47777864751764,28.948337885592863,28.44226384811031,28.7818660736084,183083600,0.0,0.0
2015-04-24,28.963878538604966,28.99495314314599,28.68420371085787,28.917264938354492,178103600,0.0,0.0
2015-04-27,29.367854798675836,29.549865655571534,29.110377512428638,29.443321228027344,387816800,0.0,0.0
2015-04-28,29.845073414042368,29.86282743012304,28.759677136402377,28.97941780090332,475696000,0.0,0.0
2015-04-29,28.89063130070376,29.20803595648382,28.477781036868112,28.553247451782227,253544400,0.0,0.0
2015-04-30,28.553253082815576,28.553253082815576,27.65208596250953,27.77860450744629,332781600,0.0,0.0
2015-05-01,27.98946245844296,28.88397248578845,27.811893528132792,28.622055053710938,234050400,0.0,0.0
2015-05-04,28.744129426782887,28.98163080913771,28.468894844656017,28.566558837890625,203953200,0.0,0.0
2015-05-05,28.444484130538356,28.511073537103066,27.91843425374517,27.922874450683594,197085600,0.0,0.0
2015-05-06,28.091568879027747,28.133742289053895,27.38128967218274,27.747528076171875,288564000,0.0,0.0
2015-05-07,27.80993037983159,28.10191686741155,27.642763205462412,27.919147491455078,175763600,0.13,0.0
2015-05-08,28.235654588095912,28.445171356201172,28.108607584152075,28.445171356201172,222201600,0.0,0.0
2015-05-11,28.393902541464577,28.4317933607156,28.00161641721362,28.155410766601562,168143200,0.0,0.0
2015-05-12,27.994929794902085,28.28022817387746,27.821076201495995,28.055110931396484,192640000,0.0,0.0
2015-05-13,28.11752146821513,28.349326840514745,28.05511265654073,28.08631706237793,138776800,0.0,0.0
2015-05-14,28.398359245032,28.741607666015625,28.342636855838087,28.741607666015625,180814000,0.0,0.0
2015-05-15,28.76835795231079,28.861971162025597,28.576672789268603,28.70149040222168,152832000,0.0,0.0
2015-05-18,28.614566226619402,29.136127043210262,28.610107482598703,29.017995834350586,203531600,0.0,0.0
2015-05-19,29.129441451142803,29.17179101797366,28.89540669830535,28.99125099182129,178532800,0.0,0.0
2015-05-20,28.97564656274828,29.19407740762655,28.828538617799044,28.9890193939209,145819600,0.0,0.0
2015-05-21,28.991248952274503,29.33895614870295,28.9377542293528,29.28546142578125,158921600,0.0,0.0
2015-05-22,29.332265250669018,29.637622836578668,29.287684621201585,29.541778564453125,182384000,0.0,0.0
2015-05-26,29.555160763671573,29.624255991868104,28.779502547789,28.890947341918945,282790400,0.0,0.0
2015-05-27,29.051430075210902,29.479377705384593,28.986793586711027,29.430341720581055,183332800,0.0,0.0
2015-05-28,29.39021278037594,29.41027202129674,29.220817966448784,29.37238121032715,122933200,0.0,0.0
2015-05-29,29.24979600702335,29.298831982306186,28.953352484095202,29.03805160522461,203538000,0.0,0.0
2015-06-01,29.038054419236087,29.285461990857094,28.986790767754286,29.096004486083984,128451200,0.0,0.0
2015-06-02,28.944443612069538,29.122755972398,28.824084724437427,28.966733932495117,134670400,0.0,0.0
2015-06-03,29.12275601135268,29.185164827397315,28.95335773835263,29.00239372253418,123934000,0.0,0.0
2015-06-04,28.882026616591066,29.104916153621996,28.732691034903272,28.832990646362305,153800400,0.0,0.0
2015-06-05,28.864204999261077,28.906554570065015,28.610110975463048,28.674747467041016,142507200,0.0,0.0
2015-06-08,28.73046896160397,28.799567596586602,28.269089243973,28.485292434692383,210699200,0.0,0.0
2015-06-09,28.240106328012548,28.54769500648522,27.999386897679972,28.40058708190918,224301600,0.0,0.0
2015-06-10,28.51203956095206,28.828542410772123,28.496437355693686,28.726015090942383,156349200,0.0,0.0
2015-06-11,28.792879103615235,29.015768720708497,28.63685705185508,28.661375045776367,141563600,0.0,0.0
2015-06-12,28.57222179993837,28.603426211645274,28.331500594902593,28.344873428344727,147544800,0.0,0.0
2015-06-15,28.106386502245286,28.360480585080335,28.019459668670834,28.289155960083008,175955600,0.0,0.0
2015-06-16,28.31366117634184,28.49643055166313,28.166554947674665,28.44070816040039,125976400,0.0,0.0
2015-06-17,28.467455448341372,28.503116894392807,28.2490229269188,28.373842239379883,131672400,0.0,0.0
2015-06-18,28.358243547924655,28.59896301497603,28.35601417586037,28.50312042236328,141628800,0.0,0.0
2015-06-19,28.465221000322252,28.489738984084482,28.17323626707839,28.21781349182129,218867600,0.0,0.0
2015-06-22,28.416196207326763,28.54324321836797,28.324812350513934,28.442943572998047,136157200,0.0,0.0
2015-06-23,28.413964815416577,28.442939849048923,28.280229705082498,28.313663482666016,121075600,0.0,0.0
2015-06-24,28.353785163401824,28.93107009846418,28.333725916106733,28.554386138916016,221123600,0.0,0.0
2015-06-25,28.721552677138014,28.797334321422557,28.41842269897461,28.41842269897461,127752400,0.0,0.0
2015-06-26,28.4563149676621,28.527639572001984,28.197763914622286,28.251256942749023,176267200,0.0,0.0
2015-06-29,27.963724665436832,28.188843602589348,27.745293843675427,27.756437301635742,196645600,0.0,0.0
2015-06-30,27.988241373727654,28.11083130927194,27.8299899936238,27.9570369720459,177482800,0.0,0.0
2015-07-01,28.284681029447757,28.293596814498763,28.081850745689692,28.21781349182129,120955200,0.0,0.0
2015-07-02,28.17993577344745,28.23788755294795,28.032827802526082,28.182165145874023,108844000,0.0,0.0
2015-07-06,27.847828741340585,28.1353565456451,27.827767791940705,28.084091186523438,112241600,0.0,0.0
2015-07-07,28.059570906282733,28.117522676977106,27.587044353914475,28.01499366760254,187787200,0.0,0.0
2015-07-08,27.74529812250506,27.780959574195116,27.312891754866524,27.319578170776367,243046400,0.0,0.0
2015-07-09,27.60488220553667,27.65168882694611,26.572903760908204,26.762359619140625,314380000,0.0,0.0
2015-07-10,27.179159625272575,27.604877896696575,27.01644946152121,27.47783088684082,245418000,0.0,0.0
2015-07-13,27.86789066759022,28.03060084863973,27.70963923150807,28.008312225341797,165762000,0.0,0.0
2015-07-14,28.093006371960204,28.166560350659324,27.870116764153963,27.997163772583008,127072400,0.0,0.0
2015-07-15,28.0216808342292,28.34041303082011,27.990476426214375,28.26685905456543,134596800,0.0,0.0
2015-07-16,28.471909508217827,28.656909935993607,28.384982723216837,28.64353370666504,144889600,0.0,0.0
2015-07-17,28.770588460709696,28.890947341918945,28.59896252546252,28.890947341918945,184658800,0.0,0.0
2015-07-20,29.191854657351737,29.6376339103909,29.131673505904224,29.437034606933594,235600800,0.0,0.0
2015-07-21,29.61088220960279,29.626482711746768,29.0469718415007,29.142812728881836,307025600,0.0,0.0
2015-07-22,27.190300334606057,27.972643263784516,27.190300334606057,27.910234451293945,461802400,0.0,0.0
2015-07-23,28.12866570825328,28.3270373082323,27.87457171051582,27.896862030029297,203998000,0.0,0.0
2015-07-24,27.93252334778628,28.026136567453218,27.61602053814322,27.749753952026367,168649200,0.0,0.0
2015-07-27,27.435477505696046,27.551381039244013,27.21927604215904,27.364152908325195,177822000,0.0,0.0
2015-07-28,27.500110626220703,27.618243509962646,27.31511360180114,27.500110626220703,134472400,0.0,0.0
2015-07-29,27.448853993158306,27.526865011387642,27.252710061024363,27.413190841674805,148046800,0.0,0.0
2015-07-30,27.26385636544431,27.31957876659184,27.12789357060331,27.275001525878906,134513200,0.0,0.0
2015-07-31,27.326262085652413,27.335177872887087,26.94957985293466,27.03650665283203,171540000,0.0,0.0
2015-08-03,27.08107782330106,27.319569551749154,26.193976748024372,26.399036407470703,279904000,0.0,0.0
2015-08-04,26.171695789172148,26.234104603576604,25.2422465878358,25.55206298828125,496554400,0.0,0.0
2015-08-05,25.175379798653793,26.176155333337917,24.98592397756085,25.721460342407227,397250400,0.0,0.0
2015-08-06,25.96550902150507,26.084174951835017,25.55129714288187,25.777433395385742,211612000,0.13,0.0
2015-08-07,25.65429786403647,26.02820805581399,25.636385568952274,25.864761352539062,154681600,0.0,0.0
2015-08-10,26.090885782202864,26.86557420462771,26.090885782202864,26.80512237548828,219806400,0.0,0.0
2015-08-11,26.377475680840618,26.460318721771483,25.374411587789787,25.410234451293945,388331200,0.0,0.0
2015-08-12,25.19529825058655,25.842364787119756,24.5459922507262,25.80206298828125,404870000,0.0,0.0
2015-08-13,25.981183294483802,26.06178689470679,25.64533552962472,25.78191375732422,194143200,0.0,0.0
2015-08-14,25.59607301858743,26.041630495528047,25.526665039524,25.963266372680664,171718000,0.0,0.0
2015-08-17,25.981180030642193,26.341656722963474,25.86027464549625,26.23194694519043,163538800,0.0,0.0
2015-08-18,26.068500377073292,26.29463832262132,25.97446342442515,26.08417320251465,138242800,0.0,0.0
2015-08-19,25.99461502304684,26.0886519813208,25.67667956895299,25.750566482543945,193146000,0.0,0.0
2015-08-20,25.542340980854984,25.602792823510995,24.99378863756761,25.222166061401367,274006400,0.0,0.0
2015-08-21,24.72510991580904,25.054240964055126,23.654875424376108,23.67950439453125,513102000,0.0,0.0
2015-08-24,21.241247159735813,24.360152723677036,20.598657975332465,23.088409423828125,648825200,0.0,0.0
2015-08-25,24.87736060051428,24.87736060051428,23.17349300701332,23.22722816467285,414406400,0.0,0.0
2015-08-26,23.977286064588586,24.60420245687129,23.520534694114033,24.559423446655273,387098400,0.0,0.0
2015-08-27,25.12812497808205,25.35426119331706,24.63330787706283,25.28261375427246,338464400,0.0,0.0
2015-08-28,25.114694413745738,25.36993856788894,24.97363897325923,25.365461349487305,212657600,0.0,0.0
2015-08-31,25.08334710063818,25.643093315356374,25.076630419375142,25.246793746948242,224917200,0.0,0.0
2015-09-01,24.662414750878053,25.049758115006753,24.03773786680285,24.11834144592285,307383600,0.0,0.0
2015-09-02,24.680333362901482,25.15275764465332,24.434043636790502,25.15275764465332,247555200,0.0,0.0
2015-09-03,25.18634126824426,25.251272036892868,24.637790637820085,24.71167755126953,212935600,0.0,0.0
2015-09-04,24.398216919917026,24.729585703954335,24.295223827137335,24.46538543701172,199985200,0.0,0.0
2015-09-08,25.020657349523418,25.20201458771156,24.700482426521027,25.146039962768555,219374400,0.0,0.0
2015-09-09,25.470692029743567,25.52890440569898,24.577335848265434,24.662418365478516,340043200,0.0,0.0
2015-09-10,24.68928691560042,25.363221880870384,24.606445563612514,25.204254150390625,251571200,0.0,0.0
2015-09-11,25.02961528162018,25.571449279785156,25.022898599461048,25.571449279785156,199662000,0.0,0.0
2015-09-14,26.102085797261235,26.171493781000002,25.716980129659266,25.817733764648438,233453600,0.0,0.0
2015-09-15,25.956553696483464,26.090892457549067,25.61846647637051,26.0349178314209,173364800,0.0,0.0
2015-09-16,26.02819558385806,26.09312634126747,25.846838380610528,26.06402015686035,148694000,0.0,0.0
2015-09-17,25.896096231441064,26.081930651613842,25.46173268033264,25.506511688232422,256450400,0.0,0.0
2015-09-18,25.123651498552046,25.59160027079234,25.047526825406674,25.40128517150879,297141200,0.0,0.0
2015-09-21,25.450541420415476,25.831169885401756,25.448303665385104,25.795345306396484,200888000,0.0,0.0
2015-09-22,25.385608201637265,25.56472766295323,25.193055378596025,25.390087127685547,201384800,0.0,0.0
2015-09-23,25.441582658931672,25.685632880726555,25.367697461699983,25.596073150634766,143026800,0.0,0.0
2015-09-24,25.35650300564973,25.860274588543437,25.15947295707352,25.74832534790039,200878000,0.0,0.0
2015-09-25,26.070740522080886,26.126715144151163,25.528904882201047,25.683395385742188,224607600,0.0,0.0
2015-09-28,25.49084207726823,25.6520492591599,25.175146102905273,25.175146102905273,208436000,0.0,0.0
2015-09-29,25.262463628536743,25.414714649525106,24.1496880100466,24.418365478515625,293461600,0.0,0.0
2015-09-30,24.666896969730384,24.973638525143357,24.34448429608788,24.69600486755371,265892000,0.0,0.0
2015-10-01,24.420605159944234,24.543749997216835,24.026543388881606,24.534793853759766,255716400,0.0,0.0
2015-10-02,24.18327653973538,24.854972014083216,24.080283438653904,24.71391487121582,232079200,0.0,0.0
2015-10-05,24.601963551958388,24.935573506011238,24.420606335797018,24.8034725189209,208258800,0.0,0.0
2015-10-06,24.769885290089103,25.01841271007408,24.577332483466336,24.922136306762695,192787200,0.0,0.0
2015-10-07,25.018414847610984,25.02513152847477,24.49673270474276,24.8034725189209,187062400,0.0,0.0
2015-10-08,24.671378188487992,24.671378188487992,24.228058372251848,24.516887664794922,247918400,0.0,0.0
2015-10-09,24.628834932555186,25.139323237843644,24.51464621956909,25.103500366210938,211064400,0.0,0.0
2015-10-12,25.24008416649815,25.244561385863125,24.95125483346179,24.987077713012695,121868800,0.0,0.0
2015-10-13,24.812433567575923,25.177387535065,24.78108791187552,25.02961540222168,132197200,0.0,0.0
2015-10-14,24.917660669581448,24.969156360543135,24.53031556893734,24.67584991455078,177849600,0.0,0.0
2015-10-15,24.83706239814878,25.099023251370365,24.738546504680105,25.0452880859375,150694000,0.0,0.0
2015-10-16,25.027374938781016,25.07663288383072,24.747501803916833,24.861690521240234,156930400,0.0,0.0
2015-10-19,24.80795247463472,25.020655349128607,24.653461975516304,25.016178131103516,119036800,0.0,0.0
2015-10-20,24.9288574995095,25.5624906474361,24.8124310342536,25.472930908203125,195871200,0.0,0.0
2015-10-21,25.52442492668545,25.878184910201075,25.45725470412081,25.47068977355957,167180800,0.0,0.0
2015-10-22,25.59831067247697,25.860271453857422,25.54681327641116,25.860271453857422,166616400,0.0,0.0
2015-10-23,26.128953305791157,26.695417924855107,26.046111957092148,26.661832809448242,237467600,0.0,0.0
2015-10-26,26.43794031458981,26.44913421679125,25.730420100182418,25.811023712158203,265335200,0.0,0.0
2015-10-27,25.837886851554078,26.093131001043727,25.522189151379532,25.647573471069336,279537600,0.0,0.0
2015-10-28,26.180450754337446,26.711090795666422,25.985658451219486,26.70437240600586,342205600,0.0,0.0
2015-10-29,26.576751762325298,27.022311015545384,26.480475337201515,26.986486434936523,204909200,0.0,0.0
2015-10-30,27.089477175523875,27.14097457859815,26.74467330422836,26.755868911743164,197461200,0.0,0.0
2015-11-02,27.046936330493363,27.172318929250643,26.780496599924348,27.132017135620117,128813200,0.0,0.0
2015-11-03,27.044696394084855,27.649221579751767,27.024544643517416,27.443235397338867,182076000,0.0,0.0
2015-11-04,27.5686193690615,27.72310986768225,27.230533892435876,27.315614700317383,179544400,0.0,0.0
2015-11-05,27.39881618348809,27.58769689404415,27.02330552751207,27.189699172973633,158210800,0.13,0.0
2015-11-06,27.232419678827696,27.389818824830183,27.12224027662596,27.221176147460938,132169200,0.0,0.0
2015-11-09,27.19869029971431,27.38981832077774,26.994071413676664,27.11099624633789,135485600,0.0,0.0
2015-11-10,26.2857689753872,26.548851106859324,26.09688830871263,26.25653648376465,236511600,0.0,0.0
2015-11-11,26.16659467545191,26.402693360504724,25.90575988184487,26.108131408691406,180872000,0.0,0.0
2015-11-12,26.141863988620223,26.26778330516697,26.00470114072951,26.02044105529785,130102400,0.0,0.0
2015-11-13,25.90351454011813,25.986712211818396,25.24468374568876,25.26042366027832,183249600,0.0,0.0
2015-11-16,25.044556298543846,25.68764705151674,24.959111309845696,25.674156188964844,152426800,0.0,0.0
2015-11-17,25.840553113619983,25.869785606944667,25.4807824365316,25.563980102539062,110467600,0.0,0.0
2015-11-18,26.02943758532632,26.418439096918082,25.97097430567729,26.37346839904785,186698800,0.0,0.0
2015-11-19,26.45215942462882,26.926607510489614,26.254286016252248,26.70849609375,173183200,0.0,0.0
2015-11-20,26.802942853075518,26.96484010195741,26.72424327806962,26.825429916381836,137148400,0.0,0.0
2015-11-23,26.818677971561094,26.922113640808906,26.384704146405184,26.476896286010742,129930000,0.0,0.0
2015-11-24,26.382462266997976,26.836672480783694,26.335242520677838,26.730989456176758,171212800,0.0,0.0
2015-11-25,26.805190983741163,26.80968908245708,26.515125375357012,26.539859771728516,85553200,0.0,0.0
2015-11-27,26.598330504642774,26.625313957938484,26.443178650356796,26.490398406982422,52185600,0.0,0.0
2015-11-30,26.53086387650366,26.850161962966027,26.47689870344151,26.600570678710938,156721200,0.0,0.0
2015-12-01,26.70176132452119,26.715252191802236,26.27678184994533,26.38471221923828,139409600,0.0,0.0
2015-12-02,26.38470624073377,26.557847004045957,26.101387798895118,26.146358489990234,133546400,0.0,0.0
2015-12-03,26.20707112760899,26.26103630068144,25.68315416394497,25.903512954711914,166278000,0.0,0.0
2015-12-04,25.923745368827685,26.814178252091146,25.883271068882912,26.76470947265625,231108000,0.0,0.0
2015-12-07,26.753472087127797,26.951345522090133,26.4903882361906,26.596071243286133,128336800,0.0,0.0
2015-12-08,26.42518512575095,26.66803101697787,26.276780447015966,26.584835052490234,137238000,0.0,0.0
2015-12-09,26.45215968213919,26.463403210841623,25.876526695424236,25.997949600219727,185445600,0.0,0.0
2015-12-10,26.092393215374774,26.294764755553963,25.97321934046978,26.121623992919922,116850800,0.0,0.0
2015-12-11,25.901263557714888,25.9462342457726,25.37509758672638,25.44930076599121,187544800,0.0,0.0
2015-12-14,25.224450498890103,25.336878963992035,24.68704257294465,25.291908264160156,257274800,0.0,0.0
2015-12-15,25.17048015678753,25.363857214368085,24.81295681897348,24.844436645507812,213292400,0.0,0.0
2015-12-16,24.974855722010272,25.181723657519896,24.464431315727747,25.035566329956055,224954000,0.0,0.0
2015-12-17,25.188473087681945,25.240190937528507,24.50490951538086,24.50490951538086,179091200,0.0,0.0
2015-12-18,24.48917043709668,24.62633159377458,23.792112542758858,23.841581344604492,385813200,0.0,0.0
2015-12-21,24.12264852785154,24.14288654140147,23.73814342562327,24.133892059326172,190362400,0.0,0.0
2015-12-22,24.149627767116172,24.221581895661817,23.93601271496503,24.11140251159668,131157600,0.0,0.0
2015-12-23,24.120396142449295,24.4756704154377,24.104656229874962,24.42170524597168,130629600,0.0,0.0
2015-12-24,24.509399823075448,24.509399823075448,24.273299413800387,24.291288375854492,54281600,0.0,0.0
2015-12-28,24.19235177181853,24.214838833050326,23.87530445160877,24.01921272277832,106816800,0.0,0.0
2015-12-29,24.05069041292171,24.606087151769415,24.028205069209697,24.45093536376953,123724800,0.0,0.0
2015-12-30,24.41496347968314,24.441945210706056,24.10016346541331,24.131643295288086,100855200,0.0,0.0
2015-12-31,24.061931718635318,24.06642810075344,23.569494673903023,23.668432235717773,163649200,0.0,0.0
2016-01-04,23.07256190564633,23.693167302480035,22.93539908758668,23.688669204711914,270597600,0.0,0.0
2016-01-05,23.77861203105983,23.801097373091256,23.02759097097603,23.095046997070312,223164000,0.0,0.0
2016-01-06,22.611605656072086,23.018597745768474,22.456455586733096,22.643085479736328,273829600,0.0,0.0
2016-01-07,22.1888762678676,22.514918047091673,21.682948304264993,21.68744468688965,324377600,0.0,0.0
2016-01-08,22.1596512507298,22.285570583204915,21.757157138114295,21.802127838134766,283192000,0.0,0.0
2016-01-11,22.254088957891458,22.2743252566143,21.88757109170476,22.1551513671875,198957600,0.0,0.0
2016-01-12,22.609364399011472,22.640844231136107,22.224857549233676,22.47669792175293,196616800,0.0,0.0
2016-01-13,22.557638135915223,22.75326420443945,21.878571233470993,21.898807525634766,249758400,0.0,0.0
2016-01-14,22.026981809633032,22.593622160679065,21.52779921507601,22.377758026123047,252680400,0.0,0.0
2016-01-15,21.631234109298173,21.970768524584226,21.44235512788156,21.840351104736328,319335600,0.0,0.0
2016-01-19,22.12816248021916,22.182127641552068,21.473828251411668,21.734663009643555,212350800,0.0,0.0
2016-01-20,21.383890151871395,22.07869884236,21.00613050352855,21.763898849487305,289337600,0.0,0.0
2016-01-21,21.824610870057498,22.00899346539293,21.347915324592353,21.65372085571289,208646000,0.0,0.0
2016-01-22,22.1776322715049,22.813977619619987,22.119170721005172,22.804983139038086,263202000,0.0,0.0
2016-01-25,22.827468904057305,22.82971795312473,22.308050078398306,22.35976791381836,207178000,0.0,0.0
2016-01-26,22.469947628263718,22.683560973693744,22.051713702760832,22.48343849182129,300308000,0.0,0.0
2016-01-27,21.59525392611128,21.727918655502844,20.9881393498941,21.006128311157227,533478800,0.0,0.0
2016-01-28,21.089329920875684,21.253474505464897,20.77452990188878,21.15678596496582,222715200,0.0,0.0
2016-01-29,21.31418722953494,21.887571334838867,21.21524963773195,21.887571334838867,257666000,0.0,0.0
2016-02-01,21.69194163910943,21.745906805363436,21.45134486663825,21.682947158813477,163774000,0.0,0.0
2016-02-02,21.455842520865982,21.59525440043462,21.19950582156241,21.244478225708008,149428800,0.0,0.0
2016-02-03,21.361404404872772,21.77514025621137,21.154536479203475,21.664960861206055,183857200,0.0,0.0
2016-02-04,21.671744236953774,22.004077747075282,21.520273040791043,21.839040756225586,185886800,0.13,0.0
2016-02-05,21.820950772345686,21.91138191520352,21.18115418813304,21.25575828552246,185672400,0.0,0.0
2016-02-08,21.054555858581537,21.63557383052428,21.03420975121476,21.479581832885742,216085600,0.0,0.0
2016-02-09,21.31679679028144,21.689824119683266,21.23540894659994,21.47504997253418,177324800,0.0,0.0
2016-02-10,21.685308095798124,21.782521286759618,21.27384797413499,21.312280654907227,169374400,0.0,0.0
2016-02-11,21.20376419556052,21.414015895957743,20.93247073304399,21.18341636657715,200298800,0.0,0.0
2016-02-12,21.294197920790996,21.36428125444165,21.02742693243012,21.248981475830078,161405600,0.0,0.0
2016-02-16,21.48183622031741,21.89555755273619,21.38914554533407,21.848081588745117,196231600,0.0,0.0
2016-02-17,21.854865502856725,22.20302432690373,21.737306209266045,22.18267822265625,179452800,0.0,0.0
2016-02-18,22.345450053357183,22.356754593391262,21.723738297757137,21.76217269897461,156084000,0.0,0.0
2016-02-19,21.703393388467173,21.87521240241181,21.65817867550683,21.71243667602539,141496800,0.0,0.0
2016-02-22,21.773478005737843,21.90686434911477,21.685308102840743,21.902341842651367,137123200,0.0,0.0
2016-02-23,21.79382570024182,21.816433057926353,21.375583546170017,21.40723419189453,127770400,0.0,0.0
2016-02-24,21.24672141606341,21.789304943382405,21.097509738669007,21.726003646850586,145022800,0.0,0.0
2016-02-25,21.714702927507034,21.87521743774414,21.533840584372502,21.87521743774414,110330800,0.0,0.0
2016-02-26,21.974683277900706,22.16006634526163,21.834516644548906,21.909122467041016,115964400,0.0,0.0
2016-02-29,21.897813389366167,22.207539430028262,21.85033743711815,21.8593807220459,140865200,0.0,0.0
2016-03-01,22.07642442368626,22.781783720466258,22.02442594291621,22.72752571105957,201628400,0.0,0.0
2016-03-02,22.723003727471006,22.808912381558407,22.526316082129018,22.77726173400879,132678400,0.0,0.0
2016-03-03,22.738825064766097,22.994291453723786,22.70943395088638,22.946815490722656,147822800,0.0,0.0
2016-03-04,23.143507394924427,23.455493091735597,22.917430353076373,23.288196563720703,184220400,0.0,0.0
2016-03-07,23.14802728536852,23.24750173189665,22.824737058982986,23.030467987060547,143315600,0.0,0.0
2016-03-08,22.784045463693932,23.00560173784954,22.69813680321742,22.840564727783203,126247600,0.0,0.0
2016-03-09,22.90386196851119,22.96490372881502,22.668741664588698,22.86090850830078,108806800,0.0,0.0
2016-03-10,22.926473094273618,23.114115723655306,22.64161554539446,22.87221336364746,134054400,0.0,0.0
2016-03-11,23.114112671575178,23.123155958818757,22.946816169645622,23.118635177612305,109632800,0.0,0.0
2016-03-14,23.039502865350926,23.265579815968454,23.010111757879287,23.17740821838379,100304400,0.0,0.0
2016-03-15,23.502964801982564,23.77877901899946,23.478096193901983,23.64313316345215,160270800,0.0,0.0
2016-03-16,23.6499173154633,24.034247561404328,23.645394809136018,23.957382202148438,153214000,0.0,0.0
2016-03-17,23.855649918078527,24.07042415372728,23.72904732010859,23.91895294189453,137682800,0.0,0.0
2016-03-18,24.041029280458684,24.077202431278902,23.78104208946911,23.946077346801758,176820800,0.0,0.0
2016-03-21,23.948343643106927,24.33719647215718,23.76974255419054,23.943822860717773,142010800,0.0,0.0
2016-03-22,23.794602517092503,24.255799770484217,23.78555923077143,24.126935958862305,129777600,0.0,0.0
2016-03-23,24.0726834109702,24.206068033508796,23.9415583169001,23.993555068969727,102814000,0.0,0.0
2016-03-24,23.844338365879146,24.02067812697964,23.713213308967866,23.88955307006836,104532000,0.0,0.0
2016-03-28,23.964160087743476,24.007115266261604,23.751647172755465,23.781038284301758,77645600,0.0,0.0
2016-03-29,23.71321622003621,24.3688398602475,23.710954967100033,24.343971252441406,124760400,0.0,0.0
2016-03-30,24.563262331284133,24.96341779615798,24.551957793222076,24.768991470336914,182404400,0.0,0.0
2016-03-31,24.805169880727707,24.845863811631762,24.615264294898548,24.640132904052734,103553600,0.0,0.0
2016-04-01,24.59265983674843,24.86847409817385,24.461534741180458,24.866212844848633,103496000,0.0,0.0
2016-04-04,24.963424355728954,25.363581650581384,24.929512457462184,25.121679306030273,149424800,0.0,0.0
2016-04-05,24.75768797301711,25.033502135738917,24.737340150033713,24.825510025024414,106314800,0.0,0.0
2016-04-06,24.920469282378427,25.090027037913124,24.68760851591967,25.08550453186035,105616400,0.0,0.0
2016-04-07,24.85716642817889,24.963422898290155,24.443446812937044,24.53839874267578,127207600,0.0,0.0
2016-04-08,24.622050034176734,24.816474692097593,24.454751790988905,24.56553077697754,94326800,0.0,0.0
2016-04-11,24.63561261993056,25.006378786836184,24.60396197579208,24.646915435791016,117630000,0.0,0.0
2016-04-12,24.719253347316577,24.981503442139015,24.565522674278945,24.967939376831055,108929200,0.0,0.0
2016-04-13,25.049336812084945,25.397493937086743,25.049336812084945,25.32967185974121,133029200,0.0,0.0
2016-04-14,25.234717106917486,25.408795650036424,25.16915456540157,25.343233108520508,101895600,0.0,0.0
2016-04-15,25.34549689092723,25.388452080131696,24.807434160943167,24.834562301635742,187756000,0.0,0.0
2016-04-18,24.617527169502473,24.63109123908705,24.176677659695585,24.29875946044922,243286000,0.0,0.0
2016-04-19,24.389190358549207,24.416320224181874,24.016164623877835,24.169897079467773,129539600,0.0,0.0
2016-04-20,24.108850137937278,24.43666108435248,23.977725069438975,24.219627380371094,122444000,0.0,0.0
2016-04-21,24.17441593542663,24.17441593542663,23.85564650775408,23.957382202148438,126210000,0.0,0.0
2016-04-22,23.740347814241954,24.072681302070844,23.652177916429892,23.89181900024414,134732400,0.0,0.0
2016-04-25,23.73808751165138,23.88503792216586,23.627310252882967,23.756174087524414,112126400,0.0,0.0
2016-04-26,23.49166231613834,23.805909213746393,23.49166231613834,23.591135025024414,224064800,0.0,0.0
2016-04-27,21.703390946883363,22.316059380175094,21.631046379386973,22.114850997924805,458408400,0.0,0.0
2016-04-28,22.067380553082494,22.12842059645249,21.307761542083796,21.438886642456055,328970800,0.0,0.0
2016-04-29,21.248980273172936,21.414017269485193,20.91438722355462,21.192461013793945,274126000,0.0,0.0
2016-05-02,21.24446287336306,21.269331489435253,20.889521936951365,21.169857025146484,192640400,0.0,0.0
2016-05-03,21.296454851931436,21.644613673926738,21.17889555903354,21.51801109313965,227325200,0.0,0.0
2016-05-04,21.522535580268162,21.68079055833006,21.210549856114113,21.294198989868164,164102000,0.0,0.0
2016-05-05,21.38062881628272,21.396550491732608,21.080390268275877,21.207763671875,143562000,0.1425,0.0
2016-05-06,21.237334106521224,21.255529067828576,20.891603811694022,21.089488983154297,174799600,0.0,0.0
2016-05-09,21.153172735361146,21.328311143924928,21.059915979589853,21.10540771484375,131745600,0.0,0.0
2016-05-10,21.22823492885758,21.282823281311984,20.950741389604683,21.24870491027832,134747200,0.0,0.0
2016-05-11,21.262353418548294,21.282823400083267,21.0303498824906,21.041723251342773,114876400,0.0,0.0
2016-05-12,21.089491526904567,21.103138183364223,20.35026755623948,20.54815101623535,305258800,0.0,0.0
2016-05-13,20.47081528916561,20.850662223051433,20.47081528916561,20.58909034729004,177571200,0.0,0.0
2016-05-16,21.014431067364605,21.469338118045226,20.846115944505925,21.353336334228516,245039200,0.0,0.0
2016-05-17,21.505725491322284,21.539842122301142,21.155446952171033,21.264623641967773,187667600,0.0,0.0
2016-05-18,21.417021320337167,21.655846442176664,21.355607906626723,21.50800132751465,168249600,0.0,0.0
2016-05-19,21.52620277780515,21.52620277780515,21.282827560650457,21.426122665405273,121768400,0.0,0.0
2016-05-20,21.526195775561394,21.705884221040975,21.498900735058548,21.658119201660156,128104000,0.0,0.0
2016-05-23,21.80596477748378,22.10620328824832,21.760473042318086,21.933338165283203,152074400,0.0,0.0
2016-05-24,22.11302794242959,22.31091136245209,22.02659450809115,22.267696380615234,140560800,0.0,0.0
2016-05-25,22.44283273539829,22.686207870935945,22.31545935166485,22.65891456604004,152675200,0.0,0.0
2016-05-26,22.67256028167776,22.91138710164205,22.436008482138195,22.83860206604004,225324800,0.0,0.0
2016-05-27,22.617978904855892,22.85225575612499,22.57476218013658,22.824960708618164,145364800,0.0,0.0
2016-05-31,22.654372107350753,22.836335632443042,22.476958624818803,22.713510513305664,169228800,0.0,0.0
2016-06-01,22.522438677649962,22.640715437250694,22.36549698538301,22.395065307617188,116693200,0.0,0.0
2016-06-02,22.199456288898414,22.254044630798784,21.978826165580465,22.22675132751465,160766400,0.0,0.0
2016-06-03,22.24267136356487,22.351848039335525,22.165336294173013,22.272239685058594,114019600,0.0,0.0
2016-06-06,22.28816291833011,23.17523171397771,22.18808458108011,22.433732986450195,93170000,0.0,0.0
2016-06-07,22.574755461453954,22.71577722860276,22.508793751110098,22.524715423583984,89638000,0.0,0.0
2016-06-08,22.52243880700861,22.645263872530816,22.445105470567977,22.504243850708008,83392400,0.0,0.0
2016-06-09,22.40417098762951,22.743076235457888,22.395072638887008,22.665742874145508,106405600,0.0,0.0
2016-06-10,22.410992231830097,22.597504025380122,22.399620598458615,22.479228973388672,126851600,0.0,0.0
2016-06-13,22.447385329224215,22.545190398665728,22.085733380235403,22.140321731567383,152082000,0.0,0.0
2016-06-14,22.13577635143619,22.39962326586097,22.006127915301978,22.167619705200195,127727600,0.0,0.0
2016-06-15,22.249501827096797,22.38370029764535,22.069813349604768,22.094833374023438,117780800,0.0,0.0
2016-06-16,21.937879706058954,22.233569819789874,21.851448038895818,22.188079833984375,125307200,0.0,0.0
2016-06-17,21.976556919934417,21.983380247009613,21.676318381298827,21.683141708374023,244032800,0.0,0.0
2016-06-20,21.835537367306898,21.965185801011977,21.614907180838184,21.630828857421875,137647600,0.0,0.0
2016-06-21,21.59443710572884,21.915145657075037,21.53529870638396,21.815067291259766,142185600,0.0,0.0
2016-06-22,21.89239197979388,22.03796203179401,21.68768355187748,21.73317527770996,116876400,0.0,0.0
2016-06-23,21.821890429797723,21.901498811687553,21.66494695169164,21.8582820892334,128960800,0.0,0.0
2016-06-24,21.132702264491982,21.530745828211515,21.073563877703485,21.24415397644043,301245600,0.0,0.0
2016-06-27,21.153175325125847,21.16454869416482,20.8119950779464,20.9348201751709,181958400,0.0,0.0
2016-06-28,21.130428958218253,21.303294091522243,20.957563824914264,21.287370681762695,161779600,0.0,0.0
2016-06-29,21.373796453976787,21.505719843557053,21.296461394959078,21.471601486206055,146124000,0.0,0.0
2016-06-30,21.48069616935382,21.783207823465535,21.448852837342063,21.74454116821289,143345600,0.0,0.0
2016-07-01,21.719536508157216,21.94244172509315,21.6831448467115,21.810518264770508,104106000,0.0,0.0
2016-07-05,21.696784262261932,21.69905928263454,21.485252486244054,21.605802536010742,110820800,0.0,0.0
2016-07-06,21.517098265953845,21.758200128113007,21.464784938786494,21.72863006591797,123796400,0.0,0.0
2016-07-07,21.767295981394707,21.949259448154788,21.749101022984483,21.82188606262207,100558400,0.0,0.0
2016-07-08,21.946985234678728,22.037966971404515,21.846906886079424,21.990201950073242,115648400,0.0,0.0
2016-07-11,22.00612799646269,22.210836510938176,22.001579689622186,22.058443069458008,95179600,0.0,0.0
2016-07-12,22.101652564474037,22.222202622108583,22.090280932533013,22.15851593017578,96670000,0.0,0.0
2016-07-13,22.1562418216382,22.21537847033125,22.02659168673724,22.033416748046875,103568800,0.0,0.0
2016-07-14,22.151688159903436,22.515613280318,22.13576649011442,22.470123291015625,155676000,0.0,0.0
2016-07-15,22.4996892529895,22.586122653072035,22.40415924426513,22.467845916748047,120548000,0.0,0.0
2016-07-18,22.449658652222894,22.774917210646212,22.426913650407556,22.706682205200195,145975600,0.0,0.0
2016-07-19,22.64526469467805,22.74534476695894,22.595224658537607,22.715776443481445,95119600,0.0,0.0
2016-07-20,22.745352087478228,22.84998049884071,22.686213686157643,22.73625373840332,105104000,0.0,0.0
2016-07-21,22.70668150786607,22.97280166513089,22.547463029383575,22.615699768066406,130808000,0.0,0.0
2016-07-22,22.577033036248142,22.58613138373862,22.360951187847068,22.440561294555664,113254800,0.0,0.0
2016-07-25,22.347305239005255,22.481501964223952,22.04479168290332,22.140321731567383,161531600,0.0,0.0
2016-07-26,22.022046760958748,22.28361862067683,21.931065018187365,21.98792839050293,224959200,0.0,0.0
2016-07-27,23.71656880100854,23.73476549220927,23.37084034485457,23.416330337524414,369379200,0.0,0.0
2016-07-28,23.38903898239771,23.75751246554949,23.386763961975305,23.732492446899414,159479200,0.0,0.0
2016-07-29,23.698380236729925,23.780263633885653,23.5823784682039,23.70292854309082,110934800,0.0,0.0
2016-08-01,23.74841921797252,24.144187796248808,23.74841921797252,24.121442794799805,152671600,0.0,0.0
2016-08-02,24.121437455560073,24.125985760710165,23.655157220070127,23.76433563232422,135266400,0.0,0.0
2016-08-03,23.839398372056618,24.07367517574286,23.830300024735596,24.06230354309082,120810400,0.0,0.0
2016-08-04,24.144637508690323,24.240685087470677,24.076031098285217,24.210956573486328,109634800,0.1425,0.0
2016-08-05,24.30242093466482,24.618008218125887,24.28184006560408,24.579132080078125,162213600,0.0,0.0
2016-08-08,24.588273479088343,24.782657623291016,24.505948273148203,24.782657623291016,112148800,0.0,0.0
2016-08-09,24.750645374406457,24.91301195493757,24.700334258942462,24.883281707763672,105260800,0.0,0.0
2016-08-10,24.860416143116,24.903866973778754,24.64316547926824,24.698049545288086,96034000,0.0,0.0
2016-08-11,24.81695910486939,24.910721032902632,24.663740180492326,24.682035446166992,109938000,0.0,0.0
2016-08-12,24.647737433289596,24.798670789690842,24.647737433289596,24.739212036132812,74641600,0.0,0.0
2016-08-15,24.73006696327176,25.050227234023364,24.71634638208043,25.03650665283203,103472800,0.0,0.0
2016-08-16,25.070807047570803,25.208019832624814,24.974759493819427,25.013635635375977,135177600,0.0,0.0
2016-08-17,24.949605965707974,25.01135207295981,24.775804369949526,24.977048873901367,101424000,0.0,0.0
2016-08-18,24.979333407599857,25.063945978389675,24.93130788748355,24.945030212402344,87938800,0.0,0.0
2016-08-19,24.87413448098516,25.0845265804378,24.78037428268447,25.00905990600586,101472400,0.0,0.0
2016-08-22,24.8947178136673,24.94960187632509,24.663744838913637,24.814678192138672,103280800,0.0,0.0
2016-08-23,24.832968699375346,24.999909956623046,24.81924812156115,24.892427444458008,85030800,0.0,0.0
2016-08-24,24.82840073762846,24.869564224064508,24.62487065045384,24.704910278320312,94700400,0.0,0.0
2016-08-25,24.558548889937846,24.670604356571072,24.396182307137458,24.599712371826172,100344800,0.0,0.0
2016-08-26,24.563123313543393,24.686612013138745,24.311567735430735,24.45564079284668,111065200,0.0,0.0
2016-08-29,24.382461434606956,24.56998357323382,24.306994761264573,24.428197860717773,99881200,0.0,0.0
2016-08-30,24.19494235533743,24.355021611699517,24.12633596276337,24.240678787231445,99455600,0.0,0.0
2016-08-31,24.16292359563958,24.371026603861498,24.158348906160995,24.2635440826416,118649600,0.0,0.0
2016-09-01,24.272692142709676,24.42362549295995,24.15377638517271,24.407617568969727,106806000,0.0,0.0
2016-09-02,24.629437100093668,24.69804347430421,24.42819441099936,24.63629913330078,107210000,0.0,0.0
2016-09-06,24.67518421063032,24.76665882783158,24.58599693866072,24.629446029663086,107521600,0.0,0.0
2016-09-07,24.659165730520755,24.871843382986118,24.485364206690495,24.78036880493164,169457200,0.0,0.0
2016-09-08,24.526533968737844,24.53110691368357,24.066875361078246,24.13090705871582,212008000,0.0,0.0
2016-09-09,23.929668343134992,24.17664928520172,23.584352493286133,23.584352493286133,186228000,0.0,0.0
2016-09-12,23.47458055317181,24.176645375997897,23.447137649135108,24.112613677978516,181171200,0.0,0.0
2016-09-13,24.585992592013305,24.878709919520208,24.52424649480716,24.686613082885742,248704800,0.0,0.0
2016-09-14,24.86499303896986,25.84834034830154,24.835262785991265,25.560195922851562,443554800,0.0,0.0
2016-09-15,26.038143227331968,26.465785938468404,25.95352892504526,26.429195404052734,359934400,0.0,0.0
2016-09-16,26.326290082769418,26.557261310484716,26.0793091861753,26.28055191040039,319547600,0.0,0.0
2016-09-19,26.34230325991154,26.568701587903128,25.898652495493096,25.974119186401367,188092000,0.0,0.0
2016-09-20,25.852908896533055,26.09760242933149,25.729418457821776,25.971824645996094,138057200,0.0,0.0
2016-09-21,26.03585928256072,26.067875131988767,25.713413443397382,25.967254638671875,144012800,0.0,0.0
2016-09-22,26.15020419846396,26.28512964164971,26.070164568472283,26.211950302124023,124296000,0.0,0.0
2016-09-23,26.166217903386066,26.2508322421979,25.509891047768583,25.775165557861328,209924800,0.0,0.0
2016-09-26,25.53046569958347,25.930665585095237,25.50988482865758,25.814035415649414,119477600,0.0,0.0
2016-09-27,25.84147967487134,25.88264316361179,25.690546301245323,25.862060546875,98429600,0.0,0.0
2016-09-28,25.999270255845023,26.21652090998505,25.939811502552825,26.058727264404297,118564400,0.0,0.0
2016-09-29,25.878068157050905,26.024426828753022,25.567055543500654,25.653955459594727,143548000,0.0,0.0
2016-09-30,25.717991259612663,25.92609606504455,25.567059618683253,25.852916717529297,145516400,0.0,0.0
2016-10-03,25.775155537213298,25.852909553815465,25.67682065266904,25.731704711914062,86807200,0.0,0.0
2016-10-04,25.855195111686786,26.141052130858036,25.756860227302564,25.841474533081055,118947200,0.0,0.0
2016-10-05,25.932956356259535,25.992415121344827,25.770589733482975,25.852916717529297,85812400,0.0,0.0
2016-10-06,26.001553066930768,26.147911717233303,25.871202339482174,26.04500389099121,115117200,0.0,0.0
2016-10-07,26.141050871906074,26.19822227298695,25.958103435286883,26.083879470825195,97433600,0.0,0.0
2016-10-10,26.303421366738682,26.69904828893821,26.234816722043714,26.538969039916992,144944000,0.0,0.0
2016-10-11,26.916298399358585,27.142698433019806,26.57326994867143,26.596139907836914,256164000,0.0,0.0
2016-10-12,26.83626218341035,26.980335267618475,26.69905113466278,26.833974838256836,150347200,0.0,0.0
2016-10-13,26.708193309155366,26.8568393085417,26.463499769759196,26.751644134521484,140769600,0.0,0.0
2016-10-14,26.95745711916943,27.023776150616655,26.785942924136727,26.900285720825195,142608800,0.0,0.0
2016-10-17,26.83169265279791,26.948321099473812,26.70591482434346,26.882003784179688,94499600,0.0,0.0
2016-10-18,27.026067452403673,27.03292774205229,26.85912617711156,26.86370086669922,98214000,0.0,0.0
2016-10-19,26.813389391663282,26.930019548331323,26.024424687413664,26.783660888671875,80138400,0.0,0.0
2016-10-20,26.724206802452997,26.84312257990728,26.603003679836185,26.769943237304688,96503200,0.0,0.0
2016-10-21,26.712772927510628,26.735642890616635,26.591569799874968,26.664749145507812,92770800,0.0,0.0
2016-10-24,26.779083671080933,26.925442316923476,26.756215459805414,26.904861450195312,94154800,0.0,0.0
2016-10-25,26.97347162553453,27.06723357917939,26.82711294962361,27.042078018188477,192516000,0.0,0.0
2016-10-26,26.141055692416426,26.458928601464468,25.912370045922412,26.433773040771484,264536800,0.0,0.0
2016-10-27,26.388036578780813,26.495519111665708,26.093031885777496,26.179933547973633,138248000,0.0,0.0
2016-10-28,26.040437231807747,26.346875184613896,25.944387926768172,26.006134033203125,151446800,0.0,0.0
2016-10-31,25.99012328759394,26.122761377288192,25.887213702941654,25.964967727661133,105677600,0.0,0.0
2016-11-01,25.94666953829954,26.017561520279223,25.276620619923364,25.496158599853516,175303200,0.0,0.0
2016-11-02,25.47558243642123,25.69283311180538,25.436706293623324,25.519031524658203,113326800,0.0,0.0
2016-11-03,25.509835812974636,25.6201675108488,25.18113630050288,25.24549674987793,107730400,0.1425,0.0
2016-11-04,24.946678836590927,25.342037894308067,24.850138160736485,25.017934799194336,123348000,0.0,0.0
2016-11-07,25.302962463940972,25.401802229569288,25.160448783314564,25.378816604614258,130240000,0.0,0.0
2016-11-08,25.355830121282235,25.67993323177175,25.215615524307584,25.52822494506836,97016800,0.0,0.0
2016-11-09,25.256989077727034,25.587987683875674,24.836347061719003,25.486848831176758,236705600,0.0,0.0
2016-11-10,25.535124739590028,25.535124739590028,24.326063435338263,24.776588439941406,228538000,0.0,0.0
2016-11-11,24.62257887695074,25.024833469275595,24.491558879883993,24.923694610595703,136575600,0.0,0.0
2016-11-14,24.758196733598787,24.781182360897954,23.92380636217132,24.298477172851562,204702000,0.0,0.0
2016-11-15,24.4961586253534,24.751303141664508,24.40191702000566,24.620283126831055,129058000,0.0,0.0
2016-11-16,24.52603728360043,25.33744376220521,24.50305165684557,25.282276153564453,235362000,0.0,0.0
2016-11-17,25.240904408375506,25.3650289124489,25.015642783483557,25.27308464050293,110528000,0.0,0.0
2016-11-18,25.220215064064362,25.408700011438132,25.206424038597554,25.29836654663086,113715600,0.0,0.0
2016-11-21,25.312155667203456,25.741992266573043,25.286870955041636,25.68222999572754,117058400,0.0,0.0
2016-11-22,25.73279985776237,25.84083422734658,25.60637803987788,25.698322296142578,103862000,0.0,0.0
2016-11-23,25.597183842295777,25.631663158149788,25.360428562424204,25.567302703857422,109705600,0.0,0.0
2016-11-25,25.54431185864325,25.714409326128887,25.502937035969804,25.696020126342773,45903600,0.0,0.0
2016-11-28,25.6132722743561,25.85232662724157,25.604077673819265,25.64545249938965,108776000,0.0,0.0
2016-11-29,25.46386777010459,25.751192513409958,25.300667526350065,25.62017250061035,114115200,0.0,0.0
2016-11-30,25.652353236778954,25.790268765543516,25.346639282995262,25.404104232788086,144649200,0.0,0.0
2016-12-01,25.369620838821145,25.500640824107702,25.06160786675847,25.167343139648438,148347600,0.0,0.0
2016-12-02,25.093792541403914,25.305263124688693,25.02023747966612,25.2615909576416,106112000,0.0,0.0
2016-12-05,25.2845749809842,25.29147049357029,24.882320379013997,25.079999923706055,137298000,0.0,0.0
2016-12-06,25.169648430620665,25.367328001512607,25.09839245286582,25.27308464050293,104782000,0.0,0.0
2016-12-07,25.114475106237848,25.558104464389725,25.091489483504244,25.521326065063477,119994800,0.0,0.0
2016-12-08,25.48225161015469,25.84313134162784,25.422487585094927,25.771875381469727,108273200,0.0,0.0
2016-12-09,25.815554018149612,26.36491880924601,25.815554018149612,26.192523956298828,137610400,0.0,0.0
2016-12-12,26.04081271248829,26.43387269604749,25.856924200952502,26.04311180114746,105497600,0.0,0.0
2016-12-13,26.16724026351612,26.64534909532083,26.146553722123137,26.47755241394043,174935200,0.0,0.0
2016-12-14,26.443073091260928,26.709709562353925,26.42928206366561,26.47755241394043,136127200,0.0,0.0
2016-12-15,26.521213762497187,26.83152578628217,26.486736207579288,26.622352600097656,186098000,0.0,0.0
2016-12-16,26.77177117803946,26.778666691446684,26.583286212247312,26.656841278076172,177404400,0.0,0.0
2016-12-19,26.617759262011504,26.98093632752822,26.60626557324657,26.810840606689453,111117600,0.0,0.0
2016-12-20,26.83382881080029,27.00852272541942,26.82003778590881,26.882099151611328,85700000,0.0,0.0
2016-12-21,26.84762449632404,26.985540021244297,26.843026318401776,26.907386779785156,95132800,0.0,0.0
2016-12-22,26.74419302252673,26.780971440059034,26.58099274053294,26.73040199279785,104343600,0.0,0.0
2016-12-23,26.56948500711558,26.783254623413086,26.56948500711558,26.783254623413086,56998000,0.0,0.0
2016-12-27,26.783262095756886,27.07748410155773,26.776366582612287,26.953359603881836,73187600,0.0,0.0
2016-12-28,27.01312066806544,27.128050558465752,26.709705827556252,26.838428497314453,83623600,0.0,0.0
2016-12-29,26.76717312198213,26.91888143239691,26.75568118414808,26.83153533935547,60158000,0.0,0.0
2016-12-30,26.813136587865635,26.939558381175733,26.532707449930143,26.622352600097656,122345200,0.0,0.0
2017-01-03,26.617759202470722,26.739584586867494,26.37870485695846,26.698209762573242,115127600,0.0,0.0
2017-01-04,26.629245881401623,26.78095412509972,26.60626026215079,26.66832160949707,84472400,0.0,0.0
2017-01-05,26.645343649037947,26.861412390220124,26.620058934487233,26.80394744873047,88774400,0.0,0.0
2017-01-06,26.843021488191795,27.160229067489293,26.771765526438056,27.102764129638672,127007600,0.0,0.0
2017-01-09,27.111958815476992,27.452152042252223,27.10966148046446,27.35101318359375,134247600,0.0,0.0
2017-01-10,27.30044022223815,27.440654802259388,27.192407618828085,27.37859344482422,97848400,0.0,0.0
2017-01-11,27.29354838793295,27.567082073301073,27.261368160676803,27.525707244873047,110354400,0.0,0.0
2017-01-12,27.330321770252056,27.42226601138382,27.171717998142032,27.4107723236084,108344800,0.0,0.0
2017-01-13,27.378593163052493,27.495822118879804,27.30963454110923,27.362503051757812,104447600,0.0,0.0
2017-01-17,27.201603792195478,27.63833769713795,27.174021742713133,27.583171844482422,137759200,0.0,0.0
2017-01-18,27.583168763112923,27.698098632959226,27.51650922815919,27.580869674682617,94852000,0.0,0.0
2017-01-19,27.44525623100266,27.60385827599191,27.43836071865845,27.532602310180664,102389200,0.0,0.0
2017-01-20,27.686608037422893,27.686608037422893,27.521110479456304,27.583171844482422,130391600,0.0,0.0
2017-01-23,27.58317139083835,27.76935723654545,27.53030287404862,27.601560592651367,88200800,0.0,0.0
2017-01-24,27.479739898382356,27.606161736659523,27.468246206861203,27.57628059387207,92844000,0.0,0.0
2017-01-25,27.679709554447662,28.06587398897463,27.647529331044638,28.015304565429688,129510400,0.0,0.0
2017-01-26,27.96704110547478,28.144034131392345,27.950950989817827,28.029104232788086,105350400,0.0,0.0
2017-01-27,28.075074601809906,28.123344947252377,27.95095010480454,28.031400680541992,82251600,0.0,0.0
2017-01-30,27.796942639617125,27.957843780517578,27.73488127203864,27.957843780517578,121510000,0.0,0.0
2017-01-31,27.84751666921803,27.902682533252058,27.725691249034423,27.89348793029785,196804000,0.0,0.0
2017-02-01,29.199087086643175,29.994403455449152,29.194490662743725,29.594446182250977,447940000,0.0,0.0
2017-02-02,29.417449126148693,29.741550434731863,29.371476127763817,29.54387092590332,134841600,0.0,0.0
2017-02-03,29.493304629106387,29.695582336048417,29.45882706877832,29.670297622680664,98029200,0.0,0.0
2017-02-06,29.68179064850104,29.996697383730634,29.628920380671016,29.94842529296875,107383600,0.0,0.0
2017-02-07,30.005891327070383,30.362174654170975,29.985204790579903,30.23345375061035,152735200,0.0,0.0
2017-02-08,30.1920810160122,30.3920578857579,30.162198124714433,30.35068130493164,92016400,0.0,0.0
2017-02-09,30.392241202170585,30.57692701180772,30.26988760183611,30.57000160217285,113399600,0.1425,0.0
2017-02-10,30.579220502193394,30.690030516149033,30.484568594033426,30.5007266998291,80262000,0.0,0.0
2017-02-13,30.722359928568,30.89319487594774,30.646176919165736,30.770837783813477,92141600,0.0,0.0
2017-02-14,30.812397098939268,31.186383256072688,30.76160842049049,31.170225143432617,132904800,0.0,0.0
2017-02-15,31.285653179380226,31.45879543989374,31.07788035321102,31.283342361450195,142492400,0.0,0.0
2017-02-16,31.32027683925404,31.37337280708474,31.12866566893952,31.24640464782715,90338400,0.0,0.0
2017-02-17,31.18870113721739,31.35722532336892,31.18870113721739,31.331830978393555,88792800,0.0,0.0
2017-02-21,31.44953982806326,31.569586041015,31.391825776799976,31.558042526245117,98028800,0.0,0.0
2017-02-22,31.495731526325887,31.65502297845318,31.421859322819444,31.6527156829834,83347600,0.0,0.0
2017-02-23,31.715054889509755,31.73813841707009,31.465729542768877,31.51882553100586,83152800,0.0,0.0
2017-02-24,31.37567828327093,31.54882049560547,31.23023769768197,31.54882049560547,87106400,0.0,0.0
2017-02-27,31.65964930586639,31.72890693640171,31.461112643712838,31.611167907714844,81029600,0.0,0.0
2017-02-28,31.645789577977,31.7288980067117,31.558063035815806,31.62501335144043,93931600,0.0,0.0
2017-03-01,31.832789944474264,32.35452415819691,31.765843136122427,32.27141571044922,145658400,0.0,0.0
2017-03-02,32.31988870396161,32.38452819956247,32.03362556445187,32.07979965209961,104844000,0.0,0.0
2017-03-03,32.038243840153214,32.280643711179444,31.994380570218482,32.269100189208984,84432400,0.0,0.0
2017-03-06,32.17444020796099,32.26678483808141,31.996683399830648,32.16751480102539,87000000,0.0,0.0
2017-03-07,32.10288426884158,32.315271693433274,32.0405520664607,32.20907974243164,69785200,0.0,0.0
2017-03-08,32.07748769797936,32.27371699576687,32.047478769177225,32.08903121948242,74828800,0.0,0.0
2017-03-09,32.02901394806746,32.040553948462716,31.638866120296644,32.015159606933594,88623600,0.0,0.0
2017-03-10,32.14675130712464,32.17214565013795,32.00592877270334,32.12135696411133,78451200,0.0,0.0
2017-03-13,32.05440670347357,32.18830029117781,32.047481294543644,32.13520431518555,69686800,0.0,0.0
2017-03-14,32.15828440479625,32.23908199903327,32.052088953191266,32.08671951293945,61236400,0.0,0.0
2017-03-15,32.18367896678893,32.493025576232185,32.09595244191277,32.42607879638672,102767200,0.0,0.0
2017-03-16,32.48609715976922,32.55535475075194,32.379901717250725,32.47917175292969,76928000,0.0,0.0
2017-03-17,32.550740976098126,32.550740976098126,32.294490321127455,32.31757736206055,175540000,0.0,0.0
2017-03-20,32.41222598682167,32.666169348388465,32.37298083505005,32.65693664550781,86168000,0.0,0.0
2017-03-21,32.806996259318026,32.96628770549994,32.25755701540671,32.28295135498047,158119600,0.0,0.0
2017-03-22,32.2852662073475,32.68926487303964,32.26448645594441,32.647708892822266,103440800,0.0,0.0
2017-03-23,32.61076264260119,32.684638356177594,32.460707442957485,32.53227233886719,81385200,0.0,0.0
2017-03-24,32.66618038136774,32.72158718512899,32.400696932180246,32.46764373779297,89582400,0.0,0.0
2017-03-27,32.179059798635386,32.60152725405525,32.001299459750086,32.52303695678711,94300400,0.0,0.0
2017-03-28,32.529961373650984,33.252539181636585,32.46301107545243,33.19713592529297,133499200,0.0,0.0
2017-03-29,33.16943020616903,33.35642676088705,33.05631287801409,33.2710075378418,116760000,0.0,0.0
2017-03-30,33.28718250695198,33.358747422236675,33.127891038691786,33.22715759277344,84829200,0.0,0.0
2017-03-31,33.178668624823224,33.305640297811806,33.01475909740384,33.164817810058594,78646800,0.0,0.0
2017-04-03,33.17637926969651,33.27102772929762,33.02401317971973,33.174068450927734,79942800,0.0,0.0
2017-04-04,33.070163735012486,33.44876791191297,33.051694808994476,33.42106628417969,79565600,0.0,0.0
2017-04-05,33.2940915394704,33.58035458238683,33.19943962335443,33.247920989990234,110871600,0.0,0.0
2017-04-06,33.310254887674894,33.36335437438955,33.1163364357947,33.164817810058594,84596000,0.0,0.0
2017-04-07,33.18098002721279,33.284864673395035,33.07478808581338,33.090946197509766,66688800,0.0,0.0
2017-04-10,33.15096299412437,33.21560247028275,32.98936078114117,33.051692962646484,75733600,0.0,0.0
2017-04-11,32.99860347139208,33.09325540952474,32.33373613194622,32.69618225097656,121517600,0.0,0.0
2017-04-12,32.68926110490339,32.81622928141407,32.55305317900341,32.73543167114258,81400000,0.0,0.0
2017-04-13,32.76081528773196,32.86931802030271,32.562278747558594,32.562278747558594,71291600,0.0,0.0
2017-04-17,32.661550412813725,32.753895052233354,32.52072791996312,32.74235153198242,66328400,0.0,0.0
2017-04-18,32.64540904370321,32.79084620116681,32.57615140926884,32.596927642822266,58790000,0.0,0.0
2017-04-19,32.753890402732615,32.78159202933228,32.42376408787492,32.47686004638672,69313600,0.0,0.0
2017-04-20,32.60154503117267,32.99400025410074,32.58769420911243,32.8831901550293,93278400,0.0,0.0
2017-04-21,32.883178261307776,32.93858152950958,32.74697386352734,32.84393310546875,69283600,0.0,0.0
2017-04-24,33.12788228211742,33.23176692273539,33.054006568067706,33.16020202636719,68537200,0.0,0.0
2017-04-25,33.22253183861588,33.4510773270773,33.21329561372768,33.36566162109375,75486000,0.0,0.0
2017-04-26,33.35181205494892,33.38182450307761,33.10017951743427,33.16943359375,80164800,0.0,0.0
2017-04-27,33.224844299816404,33.280251089997954,33.08402179036965,33.19483184814453,56985200,0.0,0.0
2017-04-28,33.264094918328645,33.31257630802334,33.07479451864811,33.16251754760742,83441600,0.0,0.0
2017-05-01,33.49725044187994,33.9820465569213,33.46493070087719,33.83891677856445,134411600,0.0,0.0
2017-05-02,34.060544793553,34.187516492302215,33.898946050866904,34.053619384765625,181408800,0.0,0.0
2017-05-03,33.610370846588346,34.04899996896599,33.305642335360965,33.949729919433594,182788000,0.0,0.0
2017-05-04,33.825066209760145,33.96819598915599,33.66115668610716,33.82737350463867,93487600,0.0,0.0
2017-05-05,33.8804798630999,34.392981290391695,33.8804798630999,34.38836669921875,109310800,0.0,0.0
2017-05-08,34.4045226107652,35.48262137552229,34.4045226107652,35.32332992553711,195009600,0.0,0.0
2017-05-09,35.52185920907765,35.755026336086395,35.424899981815805,35.549564361572266,156521600,0.0,0.0
2017-05-10,35.4664540764227,35.538018964961594,35.1155515182517,35.38103485107422,103222800,0.0,0.0
2017-05-11,35.33931694196356,35.71485030550532,35.30686379075656,35.68703079223633,109020400,0.1575,0.0
2017-05-12,35.86088973721014,36.259601924283665,35.853935742783264,36.1854248046875,130108000,0.0,0.0
2017-05-15,36.164549795802884,36.31290753319906,35.942014958272345,36.092689514160156,104038800,0.0,0.0
2017-05-16,36.14833356066949,36.17614953767241,35.865526004045456,36.03938293457031,80194000,0.0,0.0
2017-05-17,35.60590823681501,35.83076353031466,34.70417024329082,34.829345703125,203070800,0.0,0.0
2017-05-18,35.065784713156496,35.54562800048504,35.03333156105277,35.36017990112305,134272800,0.0,0.0
2017-05-19,35.55489352681086,35.69397691396822,35.38103664001859,35.480712890625,107843200,0.0,0.0
2017-05-22,35.698609695370216,35.83305942906775,35.4459385665667,35.696292877197266,91865600,0.0,0.0
2017-05-23,35.907247854130745,35.907247854130745,35.5386720320429,35.652259826660156,79675600,0.0,0.0
2017-05-24,35.66153221262889,35.73802968538322,35.390315829478965,35.54562759399414,76712000,0.0,0.0
2017-05-25,35.63602296219512,35.77974705384383,35.47375724948908,35.66847610473633,76942400,0.0,0.0
2017-05-26,35.69862078864725,35.75425627622943,35.53867185683554,35.60821533203125,87710400,0.0,0.0
2017-05-30,35.56417521962942,35.79830129211459,35.54331323574162,35.622127532958984,80507600,0.0,0.0
2017-05-31,35.69166932845386,35.73803046949931,35.323093482019345,35.41117858886719,97804800,0.0,0.0
2017-06-01,35.50621665902392,35.54330698193968,35.28599861454439,35.5085334777832,65616400,0.0,0.0
2017-06-02,35.60125836366381,36.03474044799805,35.44130944521617,36.03474044799805,111082800,0.0,0.0
2017-06-05,35.77743475102646,35.80293390712862,35.57344503933726,35.68239212036133,101326800,0.0,0.0
2017-06-06,35.6754445651318,36.11820111139011,35.647628585137745,35.802940368652344,106499600,0.0,0.0
2017-06-07,35.935062294156516,36.15759713991396,35.809883348431306,36.01619338989258,84278400,0.0,0.0
2017-06-08,35.98838879563472,36.05561192690346,35.79134950331921,35.92811965942383,85003200,0.0,0.0
2017-06-09,35.97447969049698,35.97447969049698,33.84878919690239,34.534942626953125,259530800,0.0,0.0
2017-06-12,33.78387837463687,33.86500948267044,33.035132016753906,33.70969772338867,289229200,0.0,0.0
2017-06-13,34.11305569103418,34.1802788282569,33.64711675811784,33.98092269897461,136661600,0.0,0.0
2017-06-14,34.19185432860384,34.19185432860384,33.34343187398011,33.64942169189453,126124800,0.0,0.0
2017-06-15,33.222905985162065,33.491802047804654,32.965597556215656,33.447757720947266,128661600,0.0,0.0
2017-06-16,33.32952662218773,33.49642952980472,32.963267660313086,32.979496002197266,201444400,0.0,0.0
2017-06-19,33.30171888912925,34.01569182899518,33.30171888912925,33.92296600341797,130165600,0.0,0.0
2017-06-20,34.04581597861936,34.04581597861936,33.59842592166932,33.61465072631836,99600400,0.0,0.0
2017-06-21,33.73286429122297,33.86036001524705,33.5219171421219,33.813995361328125,85063200,0.0,0.0
2017-06-22,33.790822587045554,34.006403410215725,33.640144509237814,33.75836944580078,76425200,0.0,0.0
2017-06-23,33.64247081875442,34.11304321865027,33.637833644291,33.90904998779297,141757600,0.0,0.0
2017-06-26,34.115361889100086,34.37267026030625,33.70042494885919,33.80242156982422,102769600,0.0,0.0
2017-06-27,33.614647593467595,33.88123027016685,33.29243297786767,33.31793212890625,99047600,0.0,0.0
2017-06-28,33.494121161794965,33.86965103011628,33.1858144223585,33.804744720458984,88329600,0.0,0.0
2017-06-29,33.54511748511974,33.64247694381055,32.981819179038446,33.30635070800781,125997600,0.0,0.0
2017-06-30,33.484846264999454,33.603071249121264,33.32953448819821,33.385169982910156,92096400,0.0,0.0
2017-07-03,33.58453498278722,33.68189447148312,33.171914681449095,33.2646369934082,57111200,0.0,0.0
2017-07-05,33.30866399727566,33.56365199104382,33.08380879379327,33.40138626098633,86278400,0.0,0.0
2017-07-06,33.15336635528521,33.264633826468874,33.011962543875676,33.08613967895508,96515200,0.0,0.0
2017-07-07,33.12553334657291,33.55438178247811,33.12553334657291,33.42224884033203,76806800,0.0,0.0
2017-07-10,33.406025548221365,33.83255364767231,33.23448545866642,33.626243591308594,84362400,0.0,0.0
2017-07-11,33.549743284648756,33.809371984292305,33.46861218992629,33.735191345214844,79127200,0.0,0.0
2017-07-12,33.81401875715488,33.885879068472086,33.570621841307265,33.78388595581055,99538000,0.0,0.0
2017-07-13,33.72824379624453,34.42135468439262,33.71433580804226,34.254451751708984,100797600,0.0,0.0
2017-07-14,34.300813153683656,34.616073858148916,34.152455383178136,34.54884719848633,80528400,0.0,0.0
2017-07-17,34.49784745539633,34.980007487299616,34.4398951543656,34.66938400268555,95174000,0.0,0.0
2017-07-18,34.58594656617895,34.80153105270095,34.46308792116664,34.789939880371094,71475200,0.0,0.0
2017-07-19,34.882652606104216,35.100553852405646,34.75979399482843,35.00783157348633,83692000,0.0,0.0
2017-07-20,35.11909637903669,35.17473186448836,34.81542687067658,34.850196838378906,68974800,0.0,0.0
2017-07-21,34.76907043902721,34.87338389337596,34.5117620318318,34.83397674560547,105010400,0.0,0.0
2017-07-24,34.905828766334864,35.336994007540355,34.74819667551784,35.255859375,85972800,0.0,0.0
2017-07-25,35.188638694216536,35.66152792505456,35.188638694216536,35.40653991699219,75415600,0.0,0.0
2017-07-26,35.547945210835245,35.68239144541838,35.480718556415695,35.57344436645508,63124000,0.0,0.0
2017-07-27,35.64065192027039,35.69628738199926,34.14548381543068,34.901180267333984,129905200,0.0,0.0
2017-07-28,34.74588488818327,34.82469917644037,34.58361913673393,34.655479431152344,68854800,0.0,0.0
2017-07-31,34.748194617761186,34.847874404325744,34.33789491647606,34.47697830200195,79383600,0.0,0.0
2017-08-01,34.56275240057083,34.82237756717428,34.40280349002849,34.7829704284668,141474400,0.0,0.0
2017-08-02,36.9225738380496,37.031524459021355,36.19933017298446,36.4265022277832,279747200,0.0,0.0
2017-08-03,36.40562227672354,36.44271258409352,35.93505005548687,36.06254577636719,108389200,0.0,0.0
2017-08-04,36.17846266760662,36.48676578348444,36.09037404185433,36.25263977050781,82239600,0.0,0.0
2017-08-07,36.40796670553686,36.839132128601975,36.31756122346493,36.81363296508789,87481200,0.0,0.0
2017-08-08,36.76494790280871,37.51369077846636,36.688450427022744,37.10802459716797,144823600,0.0,0.0
2017-08-09,36.9179400889615,37.38387894784038,36.88317011611761,37.33519744873047,104526000,0.0,0.0
2017-08-10,37.211856181852546,37.23512955823391,35.98542665876166,36.14600372314453,163217200,0.1575,0.0
2017-08-11,36.4438794270249,36.90233718028284,36.320538361530964,36.6486701965332,105028400,0.0,0.0
2017-08-14,37.07688093621345,37.28400119660953,36.94422908634365,37.20022201538086,88490800,0.0,0.0
2017-08-15,37.38872974464727,37.74711634661005,37.26771456497634,37.607486724853516,117862000,0.0,0.0
2017-08-16,37.68660472435571,37.819253022132784,37.270034738751946,37.45621109008789,110686400,0.0,0.0
2017-08-17,37.356148903045394,37.400366192505885,36.732458566635856,36.73711395263672,111762400,0.0,0.0
2017-08-18,36.73709564898126,37.118755437457374,36.47179559541881,36.653316497802734,109712400,0.0,0.0
2017-08-21,36.65333306156558,36.744093553772515,36.09713341937052,36.585845947265625,105474000,0.0,0.0
2017-08-22,36.82320587499691,37.23512038858057,36.77433676805687,37.183921813964844,86418400,0.0,0.0
2017-08-23,37.018689094259635,37.34449494326663,36.97447182524781,37.23046112060547,77596400,0.0,0.0
2017-08-24,37.33519473960121,37.40734078109702,36.897684411571745,37.065242767333984,79275600,0.0,0.0
2017-08-25,37.15367250100886,37.365448131007646,37.06524149202365,37.202545166015625,101920400,0.0,0.0
2017-08-28,37.267707314457965,37.70056580462589,37.21883464818906,37.57722473144531,103864000,0.0,0.0
2017-08-29,37.25839696687532,37.961207367983214,37.23512359422168,37.91233825683594,118067600,0.0,0.0
2017-08-30,38.119451602125686,38.14039550311881,37.84251485226944,38.01472854614258,109078400,0.0,0.0
2017-08-31,38.08220978000552,38.28700402762035,38.044973816617926,38.16598892211914,107140400,0.0,0.0
2017-09-01,38.35217865232924,38.38475924397722,38.07989723262444,38.17763900756836,66364400,0.0,0.0
2017-09-05,38.10783380365889,38.224193601532654,37.36545772506118,37.71919250488281,117874000,0.0,0.0
2017-09-06,37.865802831215014,37.930964026792125,37.356146404293476,37.67962646484375,86606800,0.0,0.0
2017-09-07,37.721508469706514,37.75641853046921,37.318904669575105,37.528350830078125,87714000,0.0,0.0
2017-09-08,37.43526530665827,37.50275241073847,36.8930283529123,36.91630172729492,114446000,0.0,0.0
2017-09-11,37.35148987902946,37.71220591205249,37.209530803492086,37.58420944213867,126323200,0.0,0.0
2017-09-12,37.84251606174984,38.15668879075786,36.948874080640124,37.43525695800781,286856000,0.0,0.0
2017-09-13,37.204866024990814,37.22581347915636,36.748737785023984,37.15366744995117,179629600,0.0,0.0
2017-09-14,37.00009041883862,37.095502755900135,36.79064064858667,36.83485794067383,95042800,0.0,0.0
2017-09-15,36.87906749256494,37.46086636945778,36.769689019627606,37.20720291137695,196458400,0.0,0.0
2017-09-18,37.26071475190585,37.35147520381836,36.76967652463116,36.92559814453125,113077600,0.0,0.0
2017-09-19,37.12109233670527,37.18160168941418,36.872084276845705,36.939571380615234,83242400,0.0,0.0
2017-09-20,36.74642274653306,36.8302019430393,35.799255838411696,36.32054901123047,211805600,0.0,0.0
2017-09-21,36.25769313841606,36.25769313841606,35.54789806424568,35.69683837890625,150046800,0.0,0.0
2017-09-22,35.26631743173562,35.436205252199564,35.03825327745074,35.34777069091797,186581600,0.0,0.0
2017-09-25,34.90560444698507,35.333807540538785,34.712446806182214,35.035926818847656,177549200,0.0,0.0
2017-09-26,35.322180705444055,35.82020050883473,35.30123679362848,35.63867950439453,146640000,0.0,0.0
2017-09-27,35.792251069511615,36.00635253110456,35.731741741637,35.89231872558594,102016800,0.0,0.0
2017-09-28,35.81320078569129,35.90396124123209,35.536264035164464,35.671241760253906,88022000,0.0,0.0
2017-09-29,35.654965265399625,35.86906683396908,35.373373036019935,35.866737365722656,105199200,0.0,0.0
2017-10-02,35.89931307362548,35.94353035206246,35.54092656332573,35.79458999633789,74795200,0.0,0.0
2017-10-03,35.841144878671145,36.09248247672777,35.81787504891847,35.950523376464844,64921200,0.0,0.0
2017-10-04,35.7527063895629,35.80623089295552,35.480424936193586,35.717796325683594,80655200,0.0,0.0
2017-10-05,35.88069646391643,36.173925352810144,35.850445338837886,36.162288665771484,85135200,0.0,0.0
2017-10-06,36.064551908552986,36.18556707877376,35.9691360329747,36.14134979248047,69630400,0.0,0.0
2017-10-09,36.26003224743813,36.47413380572226,36.185563838522064,36.26701354980469,65051600,0.0,0.0
2017-10-10,36.31820368370527,36.7696800704547,36.09479495792304,36.280967712402344,62468000,0.0,0.0
2017-10-11,36.297250390590705,36.53229574047097,36.246051831049776,36.432228088378906,67622400,0.0,0.0
2017-10-12,36.3856944239882,36.623065751896675,36.241405922553476,36.30424118041992,64500400,0.0,0.0
2017-10-13,36.47412429704772,36.60212072543048,36.3996559075453,36.53463363647461,65576800,0.0,0.0
2017-10-16,36.74641564414448,37.23512812114188,36.68823575645519,37.20720291137695,96486000,0.0,0.0
2017-10-17,37.18391686251082,37.43758023413564,37.055920443015665,37.3444938659668,75989200,0.0,0.0
2017-10-18,37.33286361315338,37.40035426006646,37.14203546022998,37.17926788330078,65496800,0.0,0.0
2017-10-19,36.47878226217081,36.55558012463436,36.07617851442355,36.29958724975586,170336800,0.0,0.0
2017-10-20,36.44621740156226,36.71151760864258,36.29495107905008,36.3624382019043,95896400,0.0,0.0
2017-10-23,36.5113617276158,36.69753803534452,36.18788176895651,36.34380340576172,87937200,0.0,0.0
2017-10-24,36.37172450106857,36.634698639197,36.350780600956746,36.56023025512695,71028800,0.0,0.0
2017-10-25,36.51603326182989,36.66497366368138,36.134373260146745,36.39967346191406,84828400,0.0,0.0
2017-10-26,36.590490078000336,36.73012321400495,36.485767001505955,36.632381439208984,68002000,0.0,0.0
2017-10-27,37.069899345498754,38.072923691360785,36.93259564921112,37.94492721557617,177816800,0.0,0.0
2017-10-30,38.140403099509236,39.11317256791725,38.10084120608133,38.79899978637695,178803200,0.0,0.0
2017-10-31,39.07360901783604,39.480868209419874,38.850200249880324,39.33890914916992,144187200,0.0,0.0
2017-11-01,39.532061330307975,39.548353400209294,38.54067751355543,38.838558197021484,134551200,0.0,0.0
2017-11-02,38.77106572888228,39.21323130839192,38.46387431918874,39.12247085571289,165573600,0.0,0.0
2017-11-03,40.49319471276325,40.5537005069561,39.82296138808833,40.14411544799805,237594400,0.0,0.0
2017-11-06,40.11386250903352,40.72359006586679,39.962596241505004,40.55137634277344,140105200,0.0,0.0
2017-11-07,40.47225929249961,40.78410264881094,40.40011679748923,40.681705474853516,97446000,0.0,0.0
2017-11-08,40.6467947443134,41.01449203491211,40.569996871813196,41.01449203491211,97638000,0.0,0.0
2017-11-09,40.75153000824788,40.98192369463007,40.29307210417645,40.93072509765625,117930400,0.0,0.0
2017-11-10,40.898011384934065,40.96107253375823,40.70182510390722,40.79524612426758,100582000,0.1575,0.0
2017-11-13,40.52197656573839,40.75553262663602,40.498619534135564,40.63174819946289,67928400,0.0,0.0
2017-11-14,40.41455419847325,40.51731947358667,39.98013962153816,40.01750946044922,99130000,0.0,0.0
2017-11-15,39.69753844200202,39.77928451865942,39.32618502497111,39.48967361450195,116632400,0.0,0.0
2017-11-16,39.98013383709953,40.14128812577622,39.7746068803929,39.96145248413086,94550000,0.0,0.0
2017-11-17,39.94743924729169,40.02918531900126,39.620462088020936,39.73957443237305,87598000,0.0,0.0
2017-11-20,39.77226907364915,39.83533022227053,39.60177410833716,39.699867248535156,65049600,0.0,0.0
2017-11-21,39.88671180100576,40.56869520805978,39.88671180100576,40.437904357910156,100525200,0.0,0.0
2017-11-22,40.489277335938915,40.872309118844214,40.41687552999074,40.86296844482422,102355600,0.0,0.0
2017-11-24,40.89567791956575,40.989098941782885,40.79057481484202,40.86531448364258,56106800,0.0,0.0
2017-11-27,40.88400551521295,40.891011914737895,40.48462292337074,40.6597900390625,82867200,0.0,0.0
2017-11-28,40.70882371901031,40.84194882576043,40.138946337931515,40.42155075073242,105715200,0.0,0.0
2017-11-29,40.31879179469024,40.386521497492396,39.041239607375275,39.58308792114258,166665600,0.0,0.0
2017-11-30,39.80497431661484,40.204356915053424,39.34019984279144,40.136627197265625,166108800,0.0,0.0
2017-12-01,39.692854953731334,40.09457169512323,39.35419935159291,39.94976806640625,159037200,0.0,0.0
2017-12-04,40.2837618410229,40.31645955791869,39.61812898340491,39.657833099365234,130169600,0.0,0.0
2017-12-05,39.484993729786034,40.05954330434528,39.33084584834535,39.62045669555664,109400800,0.0,0.0
2017-12-06,39.12066287798593,39.751263895202484,38.87776600191327,39.473331451416016,114240000,0.0,0.0
2017-12-07,39.47799730892554,39.807312348742876,39.44997171022931,39.54573059082031,102693200,0.0,0.0
2017-12-08,39.818977353275365,39.938089671086914,39.42893912741636,39.55739212036133,93420800,0.0,0.0
2017-12-11,39.517688913732236,40.379511438557756,39.4219300634665,40.328128814697266,141095200,0.0,0.0
2017-12-12,40.206681105510164,40.262735852355064,40.04553039042469,40.10158157348633,77636800,0.0,0.0
2017-12-13,40.28842759896534,40.5313243770046,40.17164954795385,40.234710693359375,95273600,0.0,0.0
2017-12-14,40.265079931953295,40.435578492024916,40.08991281467893,40.22304153442383,81906000,0.0,0.0
2017-12-15,40.55233999406554,40.67845869888588,40.279079830469236,40.63174819946289,160677200,0.0,0.0
2017-12-18,40.844304554887266,41.38615302149058,40.839632433581336,41.2039794921875,117684400,0.0,0.0
2017-12-19,40.879324908825325,40.963405249455924,40.659781599190794,40.7648811340332,109745600,0.0,0.0
2017-12-20,40.84195518484071,40.970411756114494,40.46359543289187,40.72050857543945,93902400,0.0,0.0
2017-12-21,40.67847797781501,41.110558320766415,40.66213089897172,40.874664306640625,83799600,0.0,0.0
2017-12-22,40.79759034236248,40.97042319229992,40.75555194209315,40.874664306640625,65397600,0.0,0.0
2017-12-26,39.89138246282705,40.047864621663386,39.62979720830644,39.83766555786133,132742000,0.0,0.0
2017-12-27,39.72790651414979,39.88672300141848,39.63681974909053,39.84468460083008,85992800,0.0,0.0
2017-12-28,39.93810218946852,40.13662634516373,39.8166519919685,39.956787109375,65920800,0.0,0.0
2017-12-29,39.825981859948776,39.842328931601955,39.52235825767359,39.52469253540039,103999600,0.0,0.0
2018-01-02,39.74190661487655,40.24171652360329,39.531703987751335,40.23237228393555,102223600,0.0,0.0
2018-01-03,40.29543986802562,40.767224260711025,40.16231472364331,40.225372314453125,118071600,0.0,0.0
2018-01-04,40.297772401850075,40.514981452143,40.19033857963591,40.41221618652344,89738400,0.0,0.0
2018-01-05,40.50797887656705,40.95874053156003,40.41689212140461,40.8723258972168,94640000,0.0,0.0
2018-01-08,40.72050857543945,41.01478798653484,40.6224118746243,40.72050857543945,82271200,0.0,0.0
2018-01-09,40.76722965721681,40.886342019408715,40.500975769423384,40.71584701538086,86336000,0.0,0.0
2018-01-10,40.44257360333201,40.70882740472124,40.40520377343591,40.70648956298828,95839600,0.0,0.0
2018-01-11,40.77655934108537,40.986761972950376,40.75320586895592,40.937713623046875,74670800,0.0,0.0
2018-01-12,41.14791003371474,41.42350807179687,41.024125591694585,41.36044692993164,101672400,0.0,0.0
2018-01-16,41.54963996826612,41.89763993406561,41.13858240438722,41.15026092529297,118263600,0.0,0.0
2018-01-17,41.140901738006,41.86492700573836,40.88866430974894,41.82989501953125,137547200,0.0,0.0
2018-01-18,41.892962740708185,42.06346128496343,41.63138101025512,41.867271423339844,124773600,0.0,0.0
2018-01-19,41.71544809072478,41.94199775441609,41.43518153100044,41.680416107177734,129700400,0.0,0.0
2018-01-22,41.4094993089481,41.52160524468248,41.24601074354723,41.33943176269531,108434400,0.0,0.0
2018-01-23,41.4094970080787,41.909306916694824,41.29739107857335,41.34877014160156,130756400,0.0,0.0
2018-01-24,41.39782215645873,41.409500675183416,40.451919160296335,40.690147399902344,204420400,0.0,0.0
2018-01-25,40.757876446304344,40.86064170736339,39.82832410416899,39.96378707885742,166116000,0.0,0.0
2018-01-26,40.171656622698116,40.171656622698116,39.71855713477156,40.057212829589844,156572000,0.0,0.0
2018-01-29,39.74191114188095,39.74191114188095,39.0202235699117,39.22808837890625,202561600,0.0,0.0
2018-01-30,38.66055429264359,39.09029680967297,38.46670223507626,38.99687576293945,184192800,0.0,0.0
2018-01-31,38.973506787042304,39.34019158896355,38.8870921670817,39.10429763793945,129915600,0.0,0.0
2018-02-01,39.043573419865425,39.38222905740429,38.947814562060074,39.18604278564453,188923200,0.0,0.0
2018-02-02,38.770318479924185,38.95716410101793,37.392338706452456,37.48575973510742,346375200,0.0,0.0
2018-02-05,37.15877588220961,38.275173723461506,36.43475056721955,36.5491943359375,290954000,0.0,0.0
2018-02-06,36.16149312762015,38.237806813801605,35.96764112765475,38.07665252685547,272975200,0.0,0.0
2018-02-07,38.090660445947215,38.163062260948806,37.15176756499472,37.26153564453125,206434400,0.0,0.0
2018-02-08,37.436707202469265,37.60253360818496,36.20820335015767,36.236228942871094,217562000,0.0,0.0
2018-02-09,36.834223524000194,37.02651848559396,35.232531269697944,36.679447174072266,282690400,0.1575,0.0
2018-02-12,37.169571058398745,38.43357083958652,36.937406518800216,38.15685272216797,243278000,0.0,0.0
2018-02-13,37.978618325828485,38.63524227900985,37.90826512043179,38.539093017578125,130196800,0.0,0.0
2018-02-14,38.234238930394085,39.28952648112908,38.19672031477499,39.24966049194336,162579600,0.0,0.0
2018-02-15,39.81718565345298,40.59106420557337,39.631925564032265,40.5676155090332,204588800,0.0,0.0
2018-02-16,40.41986557057159,40.99675777482494,40.28150648157054,40.436279296875,160704400,0.0,0.0
2018-02-20,40.34716340675717,40.86542487019202,40.19942199726563,40.300262451171875,135722000,0.0,0.0
2018-02-21,40.53008500542689,40.832599250578035,40.10327802296101,40.11735153198242,149886400,0.0,0.0
2018-02-22,40.288534996190876,40.792726514243476,40.26743010361679,40.45269012451172,123967600,0.0,0.0
2018-02-23,40.72706495529602,41.19139048910668,40.696577724555915,41.15621566772461,135249600,0.0,0.0
2018-02-26,41.35555229219334,42.06845615928356,41.32272126367563,41.96996307373047,152648800,0.0,0.0
2018-02-27,42.00046022784797,42.324079420161894,41.78002173645258,41.83395767211914,155712400,0.0,0.0
2018-02-28,42.03797312163821,42.3569046783453,41.7542199707697,41.770633697509766,151128400,0.0,0.0
2018-03-01,41.869113560517185,42.15990516330248,40.490207082637184,41.03895568847656,195208000,0.0,0.0
2018-03-02,40.52305269157681,41.34383210081118,40.44097331932767,41.32272720336914,153816000,0.0,0.0
2018-03-05,41.08822345141196,41.6815294909769,40.92641206274614,41.465782165527344,113605600,0.0,0.0
2018-03-06,41.72138323820596,41.80111522190971,41.30395864315268,41.43059158325195,95154000,0.0,0.0
2018-03-07,41.024888913465674,41.238292358234624,40.86776875758587,41.04599380493164,126814000,0.0,0.0
2018-03-08,41.151524163776784,41.53611771378168,41.055378460010644,41.4939079284668,95096400,0.0,0.0
2018-03-09,41.73311327128927,42.21150879652509,41.59944177584291,42.206817626953125,128740800,0.0,0.0
2018-03-12,42.27950414137444,42.771973052888505,42.26074662437796,42.61485290527344,128828400,0.0,0.0
2018-03-13,42.818874631326786,43.03227806800687,42.033273881705256,42.204463958740234,126774000,0.0,0.0
2018-03-14,42.28654947219528,42.333450428842454,41.69793119458534,41.845672607421875,117473600,0.0,0.0
2018-03-15,41.859741712209576,42.267787541462646,41.75890483631969,41.89491653442383,90975200,0.0,0.0
2018-03-16,41.894914950049724,42.005134159904195,41.653371637810366,41.74717712402344,157618800,0.0,0.0
2018-03-19,41.58302568659741,41.61820051060324,40.72472419771771,41.109317779541016,133787200,0.0,0.0
2018-03-20,41.09524917602539,41.46108167074591,41.02489594742979,41.09524917602539,78597600,0.0,0.0
2018-03-21,41.04833170022349,41.06005783101249,40.161890602928786,40.16423797607422,148219600,0.0,0.0
2018-03-22,39.86642392375612,40.49490465390469,39.53811362865073,39.59674072265625,165963200,0.0,0.0
2018-03-23,39.48886659321659,39.84766413405887,38.679813385009766,38.679813385009766,164115200,0.0,0.0
2018-03-26,39.41383655381112,40.5934137604131,39.03158663869596,40.51602554321289,150164800,0.0,0.0
2018-03-27,40.729408432396,41.07413599250078,39.14413327762529,39.477134704589844,163690400,0.0,0.0
2018-03-28,39.22151938195304,39.8711084776805,38.73843278003279,39.04094696044922,166674000,0.0,0.0
2018-03-29,39.35284108524669,40.27680444981325,39.13943765265633,39.34580612182617,153594000,0.0,0.0
2018-04-02,39.07847753168714,39.61784753834901,38.56959476044656,39.08785629272461,150347200,0.0,0.0
2018-04-03,39.31298361843127,39.57328805633437,38.66574179530286,39.48886489868164,121112000,0.0,0.0
2018-04-04,38.66573645802015,40.33777849821083,38.639940397345,40.24397659301758,138422000,0.0,0.0
2018-04-05,40.47146389117717,40.85840135608462,40.3542096801974,40.52305603027344,107732800,0.0,0.0
2018-04-06,40.09390240110896,40.44800880545494,39.44431311551647,39.48652648925781,140021200,0.0,0.0
2018-04-09,39.83829256630132,40.5910626101387,39.83125759978431,39.87815856933594,116070800,0.0,0.0
2018-04-10,40.56994727989296,40.80445564567269,40.22521969593166,40.62857437133789,113634400,0.0,0.0
2018-04-11,40.389377001781156,40.785696733727676,40.26508784751927,40.43862533569336,89726400,0.0,0.0
2018-04-12,40.66610539000041,41.03897291367779,40.579334842586235,40.83729553222656,91557200,0.0,0.0
2018-04-13,40.98737310695765,41.23595140956656,40.7692820378696,40.97564697265625,100497200,0.0,0.0
2018-04-16,41.04599859592581,41.318029156505595,40.99909763886708,41.23126220703125,86313600,0.0,0.0
2018-04-17,41.388377501912366,41.96292220935366,41.36961640563792,41.79876708984375,106421600,0.0,0.0
2018-04-18,41.69793253397193,41.93478827686572,41.479841468316096,41.7049674987793,83018000,0.0,0.0
2018-04-19,40.748182111498465,41.13043198435319,40.49022499433168,40.52305603027344,139235200,0.0,0.0
2018-04-20,40.00711835073657,40.15251235509052,38.794707262352645,38.86271667480469,261964400,0.0,0.0
2018-04-23,39.123031478455985,39.14413637278911,38.48047726168653,38.75016403198242,146062000,0.0,0.0
2018-04-24,38.85100323747827,39.005779628477015,37.8074416526787,38.21079635620117,134768000,0.0,0.0
2018-04-25,38.135749302540106,38.792373442463585,38.08650454957621,38.37729263305664,113528400,0.0,0.0
2018-04-26,38.487518797197225,38.86507747741873,38.3116374910999,38.51097106933594,111852000,0.0,0.0
2018-04-27,38.45936764768368,38.53675582905527,37.66907568925189,38.06539535522461,142623200,0.0,0.0
2018-04-30,38.02085475065843,39.223880621831135,37.95284529879359,38.75486373901367,169709600,0.0,0.0
2018-05-01,39.02454068518083,39.678817496129916,38.757201272985704,39.65536880493164,214277600,0.0,0.0
2018-05-02,41.09290250453425,41.68386462519915,40.75755723807973,41.40714645385742,266157600,0.0,0.0
2018-05-03,41.24532181986966,41.625224128830446,40.90762928820995,41.482173919677734,136272800,0.0,0.0
2018-05-04,41.80111545913781,43.20816562887036,41.78235436081041,43.10967254638672,224805200,0.0,0.0
2018-05-07,43.426261230253004,44.01018839996743,43.325424341797856,43.421573638916016,169805600,0.0,0.0
2018-05-08,43.38170505375531,43.67014934958215,43.072152284915745,43.63028335571289,113611200,0.0,0.0
2018-05-09,43.747525953215835,43.94685586976027,43.43562947146801,43.937477111816406,92844800,0.0,0.0
2018-05-10,44.026604958155126,44.64335957002789,44.00549648424058,44.56597137451172,111957200,0.0,0.0
2018-05-11,44.60835031424025,44.74253367480774,44.12810643235804,44.39647674560547,104848800,0.1825,0.0
2018-05-14,44.49534749608727,44.61776309036825,44.22462436223415,44.29289245605469,83115200,0.0,0.0
2018-05-15,43.9703821652857,44.038653857301725,43.574890568370826,43.890342712402344,94780800,0.0,0.0
2018-05-16,43.80323618725819,44.36587231146577,43.78675557653705,44.29995346069336,76732400,0.0,0.0
2018-05-17,44.2575751900698,44.47180154910727,43.8714986140111,44.01980972290039,69176000,0.0,0.0
2018-05-18,44.06689404605473,44.21284873798185,43.81735721452309,43.8597297668457,73190800,0.0,0.0
2018-05-21,44.2575765338486,44.55655159388453,44.00097761711557,44.170475006103516,73603200,0.0,0.0
2018-05-22,44.3470257353987,44.46473203273898,43.97036414706536,44.05982208251953,60962800,0.0,0.0
2018-05-23,43.86914520823956,44.37528092786658,43.73024902599362,44.342323303222656,80233600,0.0,0.0
2018-05-24,44.4388507541978,44.455327773211465,43.83619489329493,44.29289245605469,92936000,0.0,0.0
2018-05-25,44.311719588330504,44.64600510130118,44.17517982802782,44.39411544799805,69844000,0.0,0.0
2018-05-29,44.16341837924985,44.434141513213916,43.99156454363286,44.234039306640625,90056400,0.0,0.0
2018-05-30,44.19166075774655,44.25757600911459,43.97037230296309,44.139869689941406,74762000,0.0,0.0
2018-05-31,44.07394629059,44.3117117182037,43.81970025712518,43.99155044555664,109931200,0.0,0.0
2018-06-01,44.255218470622694,44.789602516532064,44.19871815026651,44.78489685058594,93770000,0.0,0.0
2018-06-04,45.114488847564225,45.53352315842326,45.046220746360014,45.159217834472656,105064800,0.0,0.0
2018-06-05,45.451125024403204,45.6559328937866,45.283980451471415,45.50762176513672,86264000,0.0,0.0
2018-06-06,45.582948159321724,45.68888312315127,45.18039098623548,45.665340423583984,83734400,0.0,0.0
2018-06-07,45.703013301022914,45.717137485771346,45.279269798009615,45.54293441772461,85388800,0.0,0.0
2018-06-08,45.003832665969014,45.19922558261393,44.674256416273806,45.12860107421875,106627200,0.0,0.0
2018-06-11,45.04621918925717,45.19217390602885,44.77784886919592,45.017967224121094,73234000,0.0,0.0
2018-06-12,45.05562343493012,45.342827132957446,44.99912311016498,45.265140533447266,67644400,0.0,0.0
2018-06-13,45.298110040740724,45.40640146025285,44.83199391352035,44.8931999206543,86553600,0.0,0.0
2018-06-14,45.09330375856828,45.098013018396934,44.78020443404885,44.916744232177734,86440400,0.0,0.0
2018-06-15,44.73546388316103,44.76606867596771,44.31878250278761,44.455322265625,246876800,0.0,0.0
2018-06-18,44.22932676017291,44.54477882716092,44.06924430139088,44.43178176879883,73939600,0.0,0.0
2018-06-19,43.58430556539846,43.864447243052155,43.18645754198187,43.713783264160156,134314000,0.0,0.0
2018-06-20,43.86915425660373,44.06925287888817,43.72319595269414,43.90446472167969,82514800,0.0,0.0
2018-06-21,44.08101301559192,44.33996833397004,43.53721043910938,43.65962600708008,102847600,0.0,0.0
2018-06-22,43.814995646030056,43.822057737254866,43.48071015698018,43.532501220703125,108801600,0.0,0.0
2018-06-25,43.1746807750187,43.532509027058914,42.546129398516676,42.88512420654297,126652400,0.0,0.0
2018-06-26,43.07815742835521,43.91151653812936,42.9722188736952,43.41714859008789,98276800,0.0,0.0
2018-06-27,43.605477734770446,44.08807431465228,43.322983314777396,43.35358810424805,101141200,0.0,0.0
2018-06-28,43.33947959489621,43.836200536589885,43.268855066330175,43.6690559387207,69460800,0.0,0.0
2018-06-29,43.85500986376897,44.06688335029261,43.059317751239284,43.57722473144531,90950800,0.0,0.0
2018-07-02,43.27355401169523,44.092789008299924,43.179386798681435,44.064537048339844,70925200,0.0,0.0
2018-07-03,44.208138207593315,44.24580509220455,43.20763448482043,43.29709243774414,55819200,0.0,0.0
2018-07-05,43.61254637039309,43.883273073933445,43.381842978525576,43.645503997802734,66416800,0.0,0.0
2018-07-06,43.65021954934719,44.35881043686303,43.598428471363974,44.25052261352539,69940800,0.0,0.0
2018-07-09,44.61069077205164,44.888475934967545,44.563608967231666,44.86493682861328,79026400,0.0,0.0
2018-07-10,44.89555116325542,45.0297345151261,44.7707791453936,44.8108024597168,63756400,0.0,0.0
2018-07-11,44.375275188939995,44.67660303017504,44.165758118204515,44.22932052612305,75326000,0.0,0.0
2018-07-12,44.617759623255736,45.06033655826407,44.5659685524734,44.97087860107422,72164400,0.0,0.0
2018-07-13,44.98265074224645,45.1615630676569,44.940274596265624,45.04150390625,50055600,0.0,0.0
2018-07-16,45.08624411152222,45.35225803641609,44.82728868858523,44.94264221191406,60172400,0.0,0.0
2018-07-17,44.669543385810975,45.16861697666692,44.54006573003852,45.06974411010742,62138000,0.0,0.0
2018-07-18,45.14744527625814,45.15215453583667,44.7119303641148,44.822574615478516,65573600,0.0,0.0
2018-07-19,44.65542428942272,45.32870458400602,44.65542428942272,45.17097854614258,81147200,0.0,0.0
2018-07-20,45.14743750979245,45.30045429470257,44.76842300145352,45.06739807128906,82704800,0.0,0.0
2018-07-23,44.88848622384331,45.189817746404486,44.62482518272859,45.107421875,63957600,0.0,0.0
2018-07-24,45.305172719654614,45.59002366292814,45.211009077906645,45.43465042114258,74791600,0.0,0.0
2018-07-25,45.448769545919404,45.870160237270106,45.30045841417882,45.86309814453125,66839600,0.0,0.0
2018-07-26,45.813661314825,46.13146986631483,45.578248637310274,45.71949768066406,76304000,0.0,0.0
2018-07-27,45.903121250990715,45.95020307009098,44.75195335224335,44.95911407470703,96096000,0.0,0.0
2018-07-30,45.17569476397284,45.24631929094277,44.50947999773488,44.70722579956055,84118000,0.0,0.0
2018-07-31,44.799029246561446,45.2321876723777,44.57303151581136,44.79667282104492,157492000,0.0,0.0
2018-08-01,46.877726800083444,47.496859688442385,46.449274010313836,47.43565368652344,271742800,0.0,0.0
2018-08-02,47.219075346270785,49.05529495161467,47.16493143616586,48.822235107421875,249616000,0.0,0.0
2018-08-03,48.73748036513408,49.140037574875436,48.37259004128553,48.963478088378906,133789600,0.0,0.0
2018-08-06,48.96582679468664,49.2600925807124,48.746894774097065,49.21772003173828,101701600,0.0,0.0
2018-08-07,49.27657299747852,49.318945546288,48.67391365266562,48.756309509277344,102349600,0.0,0.0
2018-08-08,48.50677405071217,48.921098994216976,48.14659300734389,48.789268493652344,90102000,0.0,0.0
2018-08-09,49.32601713645395,49.384870304763766,48.77750517675299,49.17300033569336,93970400,0.0,0.0
2018-08-10,48.98636733184349,49.397423215315094,48.823362350385615,49.026527404785156,98444800,0.1825,0.0
2018-08-13,49.44703548083893,49.83446612894163,49.06669169299889,49.34309005737305,103563600,0.0,0.0
2018-08-14,49.647830530631445,49.74232438693092,49.19897570143508,49.55097198486328,82992000,0.0,0.0
2018-08-15,49.42577255117373,49.78485574116098,49.21552062904969,49.6667366027832,115230400,0.0,0.0
2018-08-16,50.02344855362679,50.51009876327454,49.95730213317231,50.394344329833984,114001600,0.0,0.0
2018-08-17,50.422681255211984,51.48811422410156,50.356534848545735,51.40070724487305,141708000,0.0,0.0
2018-08-20,51.52356740894987,51.77870156484017,50.817213693824115,50.899898529052734,121150800,0.0,0.0
2018-08-21,51.21645993387259,51.308592719080146,50.56207888756199,50.80067825317383,104639200,0.0,0.0
2018-08-22,50.578613920231255,51.11251110082186,50.51718966438757,50.80303955078125,76072400,0.0,0.0
2018-08-23,50.70855094931436,51.27552504663343,50.696741917780805,50.9069938659668,75532800,0.0,0.0
2018-08-24,51.16920342685341,51.24007201397918,50.817207157054575,51.06525802612305,73905600,0.0,0.0
2018-08-27,51.29913711900238,51.6747586949245,51.10542361873389,51.48576736450195,82100400,0.0,0.0
2018-08-28,51.738552905628325,52.09999724503598,51.71729232206568,51.90155792236328,91107200,0.0,0.0
2018-08-29,52.0078483773928,52.79688685804126,51.83303438249338,52.6764030456543,109019200,0.0,0.0
2018-08-30,52.740197886722456,53.923750413942706,52.53939389969296,53.160701751708984,195175200,0.0,0.0
2018-08-31,53.510332089543624,54.06785458062129,53.389851863123376,53.77492141723633,173360400,0.0,0.0
2018-09-04,53.959192702239676,54.141093603694024,53.538688803102595,53.94738006591797,109560400,0.0,0.0
2018-09-05,54.09620264370011,54.25684293673854,53.177235919309275,53.595375061035156,133332000,0.0,0.0
2018-09-06,53.44420034031425,53.70878974069161,52.279547017515895,52.704776763916016,137160000,0.0,0.0
2018-09-07,52.40946516440661,53.2410213353136,52.140153662691596,52.27953338623047,150479200,0.0,0.0
2018-09-10,52.19685460431092,52.40947124911387,51.13850797001308,51.577911376953125,158066000,0.0,0.0
2018-09-11,51.50229724795152,52.988237791666194,51.159752521935985,52.88193130493164,142996000,0.0,0.0
2018-09-12,53.13943780306241,53.15361152271487,51.93462116666355,52.225196838378906,197114800,0.0,0.0
2018-09-13,52.80396981483061,53.94500089042822,52.57954421881991,53.486698150634766,166825600,0.0,0.0
2018-09-14,53.33078593842304,53.58828477062552,52.56773738592069,52.87957000732422,127997200,0.0,0.0
2018-09-17,52.48032669893483,52.66931802312977,51.32748647029409,51.47159194946289,148780400,0.0,0.0
2018-09-18,51.450326714380196,52.4094570342222,51.29204751995925,51.556636810302734,126286800,0.0,0.0
2018-09-19,51.618057249074425,51.88264293364041,50.86209557552189,51.587345123291016,108495200,0.0,0.0
2018-09-20,52.02911907019395,52.51104356592274,51.77161661043625,51.97950744628906,106435200,0.0,0.0
2018-09-21,52.1566749925256,52.293693595499825,51.332202290127185,51.419612884521484,384986800,0.0,0.0
2018-09-24,51.221183555265625,52.27007844864043,51.17629770710372,52.1590461730957,110773600,0.0,0.0
2018-09-25,51.91336980384638,52.63862316231138,51.90155716713546,52.48979187011719,98217600,0.0,0.0
2018-09-26,52.20865482164101,52.85831002869763,51.91571808512725,52.07163619995117,95938800,0.0,0.0
2018-09-27,52.8748417371576,53.49378473885603,52.80869171721533,53.141788482666016,120724800,0.0,0.0
2018-09-28,53.10400472654661,53.35205565714324,52.92210383485802,53.328433990478516,91717600,0.0,0.0
2018-10-01,53.85051643777683,54.197787005703184,53.47253734395038,53.6875114440918,94403200,0.0,0.0
2018-10-02,53.6851324685577,54.33478753693408,53.53866593392152,54.164695739746094,99152800,0.0,0.0
2018-10-03,54.34660075601985,55.15453499904689,54.282815430207215,54.82380294799805,114619200,0.0,0.0
2018-10-04,54.51908107150587,54.88997697689063,53.562315121741776,53.85997772216797,128168000,0.0,0.0
2018-10-05,53.85286007255151,53.95916653847989,52.1094210543745,52.985862731933594,134322000,0.0,0.0
2018-10-08,52.49450978403178,53.10636606409156,52.01966853422493,52.863040924072266,118655600,0.0,0.0
2018-10-09,52.83232645968275,53.689872531684166,52.50395540918603,53.595375061035156,107564000,0.0,0.0
2018-10-10,53.262284289555225,53.47253621494058,51.03928120567304,51.11251449584961,167962400,0.0,0.0
2018-10-11,50.67782380599956,51.854289128619605,50.15810044455887,50.661285400390625,212497600,0.0,0.0
2018-10-12,52.07163916179051,52.65278689341281,51.22590572066078,52.470882415771484,161351600,0.0,0.0
2018-10-15,52.24646886895371,52.40474811428027,51.327501928068564,51.34876251220703,123164000,0.0,0.0
2018-10-16,51.71963636717618,52.67876665350511,51.206999816817834,52.480323791503906,116736000,0.0,0.0
2018-10-17,52.51577614701406,52.59609630592702,51.8165091751512,52.2535514831543,91541600,0.0,0.0
2018-10-18,51.46686978304842,51.9109988853349,50.31875164361143,51.03219223022461,130325200,0.0,0.0
2018-10-19,51.51410469643808,52.27006626511478,51.365273467162524,51.80940246582031,132314800,0.0,0.0
2018-10-22,51.92281529140717,52.766187767619336,51.722014895673645,52.125980377197266,115168400,0.0,0.0
2018-10-23,50.98730143528951,52.74018880071451,50.72035106187289,52.61734390258789,155071200,0.0,0.0
2018-10-24,52.58664026806459,52.97170619640665,50.68255678665356,50.8124885559082,163702000,0.0,0.0
2018-10-25,51.43143001575748,52.29842394420903,51.20463971399698,51.925167083740234,119423200,0.0,0.0
2018-10-26,51.003841608951056,52.01730581697299,50.240792997824286,51.09833908081055,189033600,0.0,0.0
2018-10-29,51.78106099858024,51.899180119940304,48.68633857706264,50.13920593261719,183742000,0.0,0.0
2018-10-30,49.88171486371628,50.83375491022731,49.43758931750265,50.38962936401367,146640000,0.0,0.0
2018-10-31,51.23535517923457,52.07872389622704,51.17393092438422,51.70310592651367,153435600,0.0,0.0
2018-11-01,51.7479932575457,52.52994134683256,51.218818240233645,52.49686813354492,233292800,0.0,0.0
2018-11-02,49.50372821693035,50.47230292231517,48.53042413230621,49.014713287353516,365314800,0.0,0.0
2018-11-05,48.26347537336716,48.284735950815005,46.815333742036444,47.623268127441406,264654800,0.0,0.0
2018-11-06,47.701236668284366,48.362704623192265,47.64690286909893,48.13827896118164,127531600,0.0,0.0
2018-11-07,48.65798609657618,49.62419954399411,48.22330864016884,49.59821319580078,133697600,0.0,0.0
2018-11-08,49.778395614446815,49.81158422834098,49.01268455420354,49.425174713134766,101450400,0.1825,0.0
2018-11-09,48.72819589386814,48.837242614372975,47.945888947777135,48.47216796875,137463200,0.0,0.0
2018-11-12,47.175450083987386,47.37695470965315,45.940352537920646,46.03043746948242,204542000,0.0,0.0
2018-11-13,45.42829078480157,46.74398484568346,45.38561765122714,45.570526123046875,187531600,0.0,0.0
2018-11-14,45.96641717934507,46.103913863049335,44.077028770048315,44.28327560424805,243204000,0.0,0.0
2018-11-15,44.66020697297825,45.50889120917199,44.30698252406285,45.376136779785156,185915200,0.0,0.0
2018-11-16,45.1604162701442,46.22008616964554,44.91387280704754,45.87871551513672,147713200,0.0,0.0
2018-11-19,45.04187485083766,45.20781787683078,43.854193031994036,44.0604362487793,167701200,0.0,0.0
2018-11-20,42.28484285652294,43.01973815578726,41.60684386740584,41.955326080322266,271300800,0.0,0.0
2018-11-21,42.60725469548126,42.73527050896908,41.85339745914007,41.907920837402344,124496800,0.0,0.0
2018-11-23,41.47171605144784,41.86524068594316,40.79845939163042,40.84349822998047,94496000,0.0,0.0
2018-11-26,41.30578507376438,41.474097479199976,40.36227340474678,41.39586639404297,179994000,0.0,0.0
2018-11-27,40.65859516114247,41.43142136093944,40.50924821986047,41.30577850341797,165549600,0.0,0.0
2018-11-28,41.89606521990837,42.97706991484424,41.46935188841063,42.894100189208984,184250000,0.0,0.0
2018-11-29,43.30185140230018,43.33504001855677,42.126019422817734,42.5645866394043,167080000,0.0,0.0
2018-11-30,42.74001168122408,42.74949621026611,41.96718895954499,42.33463668823242,158126000,0.0,0.0
2018-12-03,43.72856875735579,43.842357792436374,42.95811530788878,43.81391143798828,163210000,0.0,0.0
2018-12-04,42.896466554735234,43.237837196394814,41.787015586628954,41.88658142089844,165377200,0.0,0.0
2018-12-06,40.71785290088674,41.43378264971553,40.400190025252535,41.419559478759766,172393600,0.0,0.0
2018-12-07,41.127977694253815,41.365040213085045,39.8976226427538,39.942665100097656,169126400,0.0,0.0
2018-12-10,39.11532135314505,40.32196888310216,38.71942732261499,40.205810546875,248104000,0.0,0.0
2018-12-11,40.69415986213853,40.72497553514085,39.58944746589914,39.975860595703125,189126800,0.0,0.0
2018-12-12,40.395451019026375,40.755787053863365,40.06830720881082,40.08727264404297,142510800,0.0,0.0
2018-12-13,40.416797820265124,40.90988838723615,40.193958431440095,40.52584457397461,127594400,0.0,0.0
2018-12-14,40.06356413527948,40.082529570127996,39.18169130990103,39.229103088378906,162814800,0.0,0.0
2018-12-17,39.22198817296759,39.90947156304112,38.57717791200247,38.8640251159668,177151600,0.0,0.0
2018-12-18,39.205421860713884,39.71510510669854,38.9707285371079,39.368995666503906,135366000,0.0,0.0
2018-12-19,39.35237697678329,39.696116895593,37.714274151347865,38.140987396240234,196189200,0.0,0.0
2018-12-20,38.0248355278653,38.43021412213326,36.81581856749373,37.178524017333984,259092000,0.0,0.0
2018-12-21,37.18563569205263,37.493817763282536,35.47167428612858,35.73244094848633,382978400,0.0,0.0
2018-12-24,35.1208086565069,35.92682334359603,34.7509917276026,34.80788803100586,148676800,0.0,0.0
2018-12-26,35.15637365867392,37.27334029939218,34.78181443000984,37.259117126464844,234330000,0.0,0.0
2018-12-27,36.94382990791601,37.16429997821352,35.575981488377714,37.01731872558594,212468400,0.0,0.0
2018-12-28,37.337348194676096,37.579152986301054,36.638014459884026,37.036277770996094,169165600,0.0,0.0
2018-12-31,37.58152679042015,37.77828914637844,37.09554782616534,37.394248962402344,140014000,0.0,0.0
2019-01-02,36.71861339400552,37.657382560104914,36.56215126344113,37.436912536621094,148158800,0.0,0.0
2019-01-03,34.13224880268951,34.544738746939196,33.662866188395554,33.707908630371094,365248800,0.0,0.0
2019-01-04,34.26264280679694,35.2156350688356,34.08958819478278,35.14688491821289,234428400,0.0,0.0
2019-01-07,35.25121141322671,35.28203071183349,34.58743534355033,35.06867218017578,219111200,0.0,0.0
2019-01-08,35.45507757862409,35.990841304732,35.20853409612209,35.7371826171875,164101200,0.0,0.0
2019-01-09,35.865187861824275,36.63327174603661,35.47166681895574,36.34405517578125,180396400,0.0,0.0
2019-01-10,36.15203830332984,36.50052053570231,35.76325587216913,36.46022033691406,143122800,0.0,0.0
2019-01-11,36.24211877976571,36.436508162841335,35.91734067151202,36.10224914550781,108092800,0.0,0.0
2019-01-14,35.76088033917748,35.8604461572393,35.37446729835511,35.55937576293945,129756800,0.0,0.0
2019-01-15,35.62338698103528,36.36302090848889,35.571232935659744,36.28716278076172,114843600,0.0,0.0
2019-01-16,36.28952853333001,36.95330426774839,36.270563098942425,36.730464935302734,122278800,0.0,0.0
2019-01-17,36.55504553898602,37.37528357720768,36.33220615680434,36.948570251464844,119284800,0.0,0.0
2019-01-18,37.33734058156592,37.427425481453085,36.97700459930364,37.17613983154297,135004000,0.0,0.0
2019-01-22,37.07895474729043,37.15481288318813,36.180485646601795,36.34169006347656,121576000,0.0,0.0
2019-01-23,36.54319754779106,36.77789081890716,35.96239491388877,36.48867416381836,92522400,0.0,0.0
2019-01-24,36.53371821727361,36.621430223629844,35.9718810007093,36.199459075927734,101766000,0.0,0.0
2019-01-25,36.85848448845611,37.48670242020263,36.58349467789878,37.39898681640625,134142000,0.0,0.0
2019-01-28,36.93196750675945,37.059983290146754,36.42702681111613,37.05287170410156,104768400,0.0,0.0
2019-01-29,37.04102463814137,37.48670340411951,36.53371090938889,36.6688346862793,166348800,0.0,0.0
2019-01-30,38.70046967637701,39.387949773483115,37.9845396073485,39.17459487915039,244439200,0.0,0.0
2019-01-31,39.37846066569241,40.06357129642498,39.011012986557645,39.45669174194336,162958400,0.0,0.0
2019-02-01,39.5799703464604,40.058834158429015,39.33579255869984,39.47566223144531,130672400,0.0,0.0
2019-02-04,39.68664264479774,40.6941584894352,39.65582335554743,40.596961975097656,125982000,0.0,0.0
2019-02-05,40.978636596011086,41.50491579851415,40.857735985761174,41.29155731201172,144406400,0.0,0.0
2019-02-06,41.40297139622457,41.62107211746024,40.97626171566191,41.30577850341797,112958400,0.0,0.0
2019-02-07,40.86958496796045,41.23466334560738,40.381236660330636,40.523475646972656,126966800,0.0,0.0
2019-02-08,40.233007210168395,40.63059905695286,40.097300316034534,40.57107925415039,95280000,0.1825,0.0
2019-02-11,40.723463289570496,40.76155684785086,40.29491984092061,40.337772369384766,83973600,0.0,0.0
2019-02-12,40.49727516225957,40.71154499860574,40.40204129837203,40.68535614013672,89134000,0.0,0.0
2019-02-13,40.80439672497733,41.0639021987999,40.45441998648978,40.516319274902344,89960800,0.0,0.0
2019-02-14,40.40443110443633,40.77345103559048,40.325864516022556,40.663936614990234,87342800,0.0,0.0
2019-02-15,40.77107731063168,40.87821226167595,40.41395838528309,40.57347106933594,98507200,0.0,0.0
2019-02-19,40.40442811793749,40.816304172692135,40.35205039619982,40.694881439208984,75891200,0.0,0.0
2019-02-20,40.75679754670684,41.26390763809199,40.709182411399766,40.956783294677734,104457600,0.0,0.0
2019-02-21,40.902021499244135,41.03772480134233,40.544902575152015,40.7258415222168,68998800,0.0,0.0
2019-02-22,40.84964624668983,41.18771841275426,40.80203111381347,41.18057632446289,75652800,0.0,0.0
2019-02-25,41.463889012500914,41.8710025541568,41.413890764380966,41.480552673339844,87493600,0.0,0.0
2019-02-26,41.35675221185204,41.735297384970416,41.22818736975056,41.50436019897461,68280800,0.0,0.0
2019-02-27,41.23770671972961,41.66386696049311,41.12342606902132,41.63291549682617,111341600,0.0,0.0
2019-02-28,41.501986620138595,41.642452539667424,41.16867341001371,41.22343063354492,112861600,0.0,0.0
2019-03-01,41.49245537237755,41.699583177214194,41.16152532850225,41.65673065185547,103544800,0.0,0.0
2019-03-04,41.82813265476162,42.31857519532725,41.41863616534176,41.86622619628906,109744800,0.0,0.0
2019-03-05,41.8876638710685,41.90194804483561,41.554350741031215,41.7900505065918,78949600,0.0,0.0
2019-03-06,41.58530531623897,41.780532059793444,41.41150846773898,41.54959487915039,83241600,0.0,0.0
2019-03-07,41.394843447524245,41.5305503815129,40.95439895711522,41.06867599487305,99185600,0.0,0.0
2019-03-08,40.549662045743496,41.2043800226722,40.35443530524196,41.16628646850586,95997600,0.0,0.0
2019-03-11,41.78053296297351,42.64475825441138,41.74720201003653,42.59238052368164,128044000,0.0,0.0
2019-03-12,42.85426983773272,43.48994107105625,42.70427873080419,43.0709228515625,129870400,0.0,0.0
2019-03-13,43.38994425600369,43.63992820049974,43.07329841068218,43.261383056640625,124130000,0.0,0.0
2019-03-14,43.78277497966139,43.83039373846659,43.46374963935355,43.74230194091797,94318000,0.0,0.0
2019-03-15,44.00895556463961,44.599391151169385,43.74468742331031,44.31131362915039,156171600,0.0,0.0
2019-03-18,44.23512421911368,44.851748588606974,44.23274110168336,44.7636604309082,104879200,0.0,0.0
2019-03-19,44.8422339518956,44.99460454615995,44.26369941100965,44.40892791748047,126585600,0.0,0.0
2019-03-20,44.33750218240909,45.11364294068705,43.98038327138836,44.7969970703125,124140800,0.0,0.0
2019-03-21,45.23982785468012,46.742107598369216,45.18982960517974,46.4468879699707,204136800,0.0,0.0
2019-03-22,46.50640878224067,47.065896580642246,45.42076777434819,45.485050201416016,169630800,0.0,0.0
2019-03-25,45.59455842593482,45.70645597035694,44.42559200356954,44.935081481933594,175381200,0.0,0.0
2019-03-26,45.63026979507093,45.92072676985604,43.9446682740036,44.470821380615234,199202000,0.0,0.0
2019-03-27,44.93747338395038,45.17793219861992,44.41369958630055,44.870811462402344,119393600,0.0,0.0
2019-03-28,44.98508177475717,45.13031028908646,44.64700961396477,44.93032455444336,83121600,0.0,0.0
2019-03-29,45.194583813551674,45.254103625195796,44.88745955109944,45.22315216064453,94256000,0.0,0.0
2019-04-01,45.625507499441596,45.6350290710456,44.84937044927723,45.530277252197266,111448000,0.0,0.0
2019-04-02,45.49456079952432,46.29689030333463,45.48503922841955,46.192134857177734,91062800,0.0,0.0
2019-04-03,46.00881734488018,46.782574945764324,45.98500796557863,46.508785247802734,93087200,0.0,0.0
2019-04-04,46.37546339734885,46.75162911226927,45.98263402115057,46.58973693847656,76457200,0.0,0.0
2019-04-05,46.770674624732635,46.92542833904499,46.64687237984307,46.90161895751953,74106400,0.0,0.0
2019-04-08,46.763526343275984,47.67060771411414,46.74447956713856,47.6396598815918,103526800,0.0,0.0
2019-04-09,47.69204530479587,48.29438562024931,47.43253611674226,47.49681854248047,143072800,0.0,0.0
2019-04-10,47.30158014519366,47.7920264154458,47.18254052900446,47.76345443725586,86781200,0.0,0.0
2019-04-11,47.81823578877918,47.853946235834236,47.244463720745614,47.365882873535156,83603200,0.0,0.0
2019-04-12,47.42537213819159,47.64916714962467,46.71351771185022,47.346805572509766,111042800,0.0,0.0
2019-04-15,47.27777558297322,47.58013723283315,47.142068673382234,47.432525634765625,70146400,0.0,0.0
2019-04-16,47.487296069627796,47.942024745778596,47.273022532160425,47.43729782104492,102785600,0.0,0.0
2019-04-17,47.50633095737599,48.42055801926847,47.284919003230804,48.36103820800781,115627200,0.0,0.0
2019-04-18,48.35865966432395,48.60388101928682,48.21581428346865,48.53483963012695,96783200,0.0,0.0
2019-04-22,48.28961339420896,48.791960743297345,48.17295325708763,48.6943473815918,77758000,0.0,0.0
2019-04-23,48.67054404461103,49.46096897486131,48.5443623205219,49.39668655395508,93292000,0.0,0.0
2019-04-24,49.36810308954525,49.634750631223255,49.29429911874511,49.32048797607422,70162400,0.0,0.0
2019-04-25,49.24193312050334,49.46334508558559,48.83481599293768,48.87290954589844,74172800,0.0,0.0
2019-04-26,48.782455716026384,48.806265103344124,48.120595435980846,48.639610290527344,74596400,0.0,0.0
2019-04-29,48.66340354702817,49.03718976166445,48.534842333816606,48.713401794433594,88818800,0.0,0.0
2019-04-30,48.34437705945112,48.4253231411779,47.403964648609836,47.775367736816406,186139600,0.0,0.0
2019-05-01,49.96807087208278,51.260839370967766,49.81331719006175,50.12044143676758,259309200,0.0,0.0
2019-05-02,49.958560121043945,50.627562381913904,49.551446546864156,49.79428482055664,127985200,0.0,0.0
2019-05-03,50.208535988797536,50.43471056370915,50.05140280221845,50.41328430175781,83569600,0.0,0.0
2019-05-06,48.63721289375776,49.720474308259035,48.44913186725117,49.634765625,129772400,0.0,0.0
2019-05-07,49.01575709573647,49.382397541879435,47.81345615806851,48.296756744384766,155054800,0.0,0.0
2019-05-08,48.06821036715431,48.88720376000116,48.032499924420485,48.30628967285156,105358000,0.0,0.0
2019-05-09,47.71107486773577,48.015815982753914,46.820660898117396,47.787261962890625,139634400,0.0,0.0
2019-05-10,47.18260069191322,47.52436694654239,46.07127049602343,47.125240325927734,164834800,0.1925,0.0
2019-05-13,44.86196376514138,45.28498427633387,43.70044246376236,44.38636016845703,229722400,0.0,0.0
2019-05-14,44.551263298573964,45.33755885279071,44.31226720167281,45.08900451660156,146118800,0.0,0.0
2019-05-15,44.517812165292675,45.827509995697774,44.4580631300962,45.62914276123047,106178800,0.0,0.0
2019-05-16,45.387746348226955,45.999575728464684,45.13201879261702,45.428375244140625,132125600,0.0,0.0
2019-05-17,44.675537722211125,45.62435249909056,44.63490882419049,45.17026138305664,131516400,0.0,0.0
2019-05-20,43.860563641976256,44.05893083512368,43.086214994281725,43.75779342651367,154449200,0.0,0.0
2019-05-21,44.266863858384575,44.93127281356524,44.14258484864967,44.5966796875,113459200,0.0,0.0
2019-05-22,44.133018185582294,44.38396480563618,43.62873629745547,43.6837043762207,118994400,0.0,0.0
2019-05-23,42.971508631637576,43.148363449235205,42.49590497882846,42.93804931640625,146118800,0.0,0.0
2019-05-24,43.06709266530931,43.53074564161301,42.68947842323507,42.773128509521484,94858800,0.0,0.0
2019-05-28,42.76118705714658,43.16031015583973,42.51980227917044,42.59627914428711,111792800,0.0,0.0
2019-05-29,42.16368959133705,42.863950028564076,42.063311671553926,42.39312744140625,113924800,0.0,0.0
2019-05-30,42.52936411007904,42.83527888995401,42.22344933020406,42.613014221191406,84873600,0.0,0.0
2019-05-31,42.118278060238815,42.53891349401557,41.821925255667836,41.84104537963867,108174400,0.0,0.0
2019-06-03,41.96771774456351,42.522186815106615,40.693868059775646,41.418025970458984,161584400,0.0,0.0
2019-06-04,41.92947146858037,42.97866407912439,41.7095955198849,42.93325424194336,123872000,0.0,0.0
2019-06-05,44.04219341380124,44.211882220098055,43.29174593521329,43.626338958740234,119093600,0.0,0.0
2019-06-06,43.755413189421674,44.32661381084746,43.533144885731595,44.26686477661133,90105200,0.0,0.0
2019-06-07,44.57516834017903,45.86813832067342,44.39831353218565,45.44511413574219,122737600,0.0,0.0
2019-06-10,45.84183945170739,46.69266494884902,45.796429611108664,46.0258674621582,104883600,0.0,0.0
2019-06-11,46.57078842709645,46.843243883403765,46.26965460069102,46.558837890625,107731600,0.0,0.0
2019-06-12,46.35328797515427,46.836061067320955,46.21945075676128,46.410648345947266,73012800,0.0,0.0
2019-06-13,46.532537291474256,47.032038236807054,46.26964378451583,46.40108871459961,86698400,0.0,0.0
2019-06-14,45.77970764982139,46.267258131465205,45.480962498943924,46.06411361694336,75046000,0.0,0.0
2019-06-17,46.10234367212921,46.59467867410405,45.92787754991537,46.338951110839844,58676400,0.0,0.0
2019-06-18,46.85518660036521,47.86852774049729,46.65443074959841,47.428775787353516,106204000,0.0,0.0
2019-06-19,47.722731978073995,47.77053410797488,47.15631247729543,47.2901496887207,84496800,0.0,0.0
2019-06-20,47.88765353768087,47.945013921889384,47.328403467116104,47.670169830322266,86056000,0.0,0.0
2019-06-21,47.512425596440636,48.002368332728025,47.35707594275429,47.50764465332031,191202400,0.0,0.0
2019-06-24,47.45028461027407,47.837460776342034,47.361857219276544,47.45984649658203,72881600,0.0,0.0
2019-06-25,47.42400012897621,47.62236735366942,46.67355242975676,46.740474700927734,84281200,0.0,0.0
2019-06-26,47.26626485281565,48.03583267016002,47.165886917526144,47.751426696777344,104270000,0.0,0.0
2019-06-27,47.86852072527501,48.17443904653246,47.696446911829156,47.73707580566406,83598800,0.0,0.0
2019-06-28,47.48374832133551,47.67972689411709,47.09418711775815,47.3021125793457,124442400,0.0,0.0
2019-07-01,48.55684266357657,48.87231930153746,47.95457140270037,48.16967010498047,109012000,0.0,0.0
2019-07-02,48.136202478362335,48.547276037358415,48.12425194472356,48.45167541503906,67740800,0.0,0.0
2019-07-03,48.58312083486759,48.86035715139442,48.44211402874797,48.853187561035156,45448000,0.0,0.0
2019-07-05,48.59986274236455,49.013325011259084,48.49231157030816,48.810176849365234,69062000,0.0,0.0
2019-07-08,47.99280616855415,48.133812992062914,47.41921698833378,47.80400085449219,101354400,0.0,0.0
2019-07-09,47.608008041943286,48.16008828306385,47.514799736907214,48.09556198120117,82312000,0.0,0.0
2019-07-10,48.241373861736164,48.6906841394985,48.17206293671445,48.57118606567383,71588400,0.0,0.0
2019-07-11,48.5902977893706,48.84841402179487,48.207906207357404,48.217464447021484,80767200,0.0,0.0
2019-07-12,48.384757748332575,48.755202417628624,48.32500872576195,48.58790588378906,70380800,0.0,0.0
2019-07-15,48.77671351837103,49.202126287633234,48.75520474444894,49.04439163208008,67789600,0.0,0.0
2019-07-16,48.896215043761046,49.25949016524323,48.6357101496391,48.87470626831055,67467200,0.0,0.0
2019-07-17,48.76715003947481,49.0157043539387,48.58073339192921,48.599853515625,56430000,0.0,0.0
2019-07-18,48.75521255390398,49.204526464021136,48.6835129825546,49.151947021484375,74162400,0.0,0.0
2019-07-19,49.18300733429522,49.35269617512712,48.36325243642237,48.41822052001953,83717200,0.0,0.0
2019-07-22,48.67155105881449,49.52715747734154,48.661992820040304,49.5247688293457,89111600,0.0,0.0
2019-07-23,49.821129303572306,49.92867682071002,49.54150065350668,49.91194534301758,73420800,0.0,0.0
2019-07-24,49.63232270243721,49.98603593109381,49.51282464508648,49.87131881713867,59966400,0.0,0.0
2019-07-25,49.92389988411229,50.00754998570546,49.40766738427243,49.47697830200195,55638400,0.0,0.0
2019-07-26,49.58691415556109,50.12465542771981,49.50565634966482,49.64905548095703,70475600,0.0,0.0
2019-07-29,49.821129523719435,50.34213928080888,49.8163485805303,50.112701416015625,86693600,0.0,0.0
2019-07-30,49.89282876718518,50.2274255237216,49.54628512206538,49.89760971069336,135742800,0.0,0.0
2019-07-31,51.72353753914433,52.906567550868054,50.49987862645295,50.91572952270508,277125600,0.0,0.0
2019-08-01,51.1212623066255,52.10831732750633,49.41005306995918,49.8139533996582,216071600,0.0,0.0
2019-08-02,49.12086200109132,49.33595700548776,48.18877878631925,48.759979248046875,163448400,0.0,0.0
2019-08-05,47.3188422121064,47.476576876746385,46.02587235225602,46.2075080871582,209572000,0.0,0.0
2019-08-06,46.917325530412754,47.33796101580563,46.37480334238874,47.08223342895508,143299200,0.0,0.0
2019-08-07,46.702228891752036,47.69406125048899,46.32222596704192,47.56978225708008,133457600,0.0,0.0
2019-08-08,47.84701267554443,48.642870029434654,47.653426441558544,48.61896896362305,108038000,0.0,0.0
2019-08-09,48.29271153651943,48.64296958479051,47.810501798191915,48.21834182739258,98478800,0.1925,0.0
2019-08-12,47.889663888347634,48.472632859788966,47.77690864820563,48.09598159790039,89927600,0.0,0.0
2019-08-13,48.225533277199396,50.893266254855526,48.09598298618555,50.13277053833008,188874000,0.0,0.0
2019-08-14,48.7389293623607,49.525814703624334,48.60218223590696,48.640567779541016,146189600,0.0,0.0
2019-08-15,48.81089358611512,49.21393074829478,47.90165492656464,48.398258209228516,108909600,0.0,0.0
2019-08-16,49.00762317772249,49.69854835341414,48.90206475803103,49.54021072387695,110481600,0.0,0.0
2019-08-19,50.528608151230536,51.03480602660316,50.38706558899019,50.463836669921875,97654400,0.0,0.0
2019-08-20,50.590991119074104,51.18355469517102,50.45664537335362,50.46623992919922,107537200,0.0,0.0
2019-08-21,51.09719348410533,51.255527463503284,50.76372681466608,51.01322555541992,86141600,0.0,0.0
2019-08-22,51.14517220703567,51.445052429028564,50.55980542800198,50.97004318237305,89014800,0.0,0.0
2019-08-23,50.243117416600434,50.87166869175943,48.22072746939714,48.61417007446289,187272000,0.0,0.0
2019-08-26,49.38666668414398,49.70573963141325,49.19474263893695,49.53780746459961,104174400,0.0,0.0
2019-08-27,49.866480753429116,50.03201521587099,48.827695261576054,48.97883605957031,103493200,0.0,0.0
2019-08-28,48.96443397138166,49.35307748719448,48.777309044460935,49.3074951171875,63755200,0.0,0.0
2019-08-29,50.02001851007021,50.21674168290386,49.5785957240762,50.14236831665039,83962000,0.0,0.0
2019-08-30,50.418262059397264,50.48783265913524,49.708144094052756,50.077598571777344,84573600,0.0,0.0
2019-09-03,49.523407032864746,49.65535503445335,48.99322096372661,49.3482780456543,80092000,0.0,0.0
2019-09-04,49.99362663387558,50.255121283851096,49.73693109197349,50.185550689697266,76752400,0.0,0.0
2019-09-05,50.859678663980254,51.332290121775586,50.74212431527314,51.16675567626953,95654800,0.0,0.0
2019-09-06,51.351490769805636,51.440254145532066,50.98203628042235,51.161964416503906,77449200,0.0,0.0
2019-09-09,51.54100725454967,51.92485536288293,50.63657123511484,51.380271911621094,109237600,0.0,0.0
2019-09-10,51.30591278256941,52.00643261308286,50.7901202125644,51.987239837646484,127111600,0.0,0.0
2019-09-11,52.31589898333976,53.66895822314736,52.234328791439815,53.640167236328125,177158400,0.0,0.0
2019-09-12,53.93046714945555,54.319110798315485,53.46505239627143,53.52022933959961,128906800,0.0,0.0
2019-09-13,52.778914620535716,52.96843729417026,52.064001256565966,52.479034423828125,159053200,0.0,0.0
2019-09-16,52.23432561778829,52.81009773078232,52.19354235463961,52.75491714477539,84632400,0.0,0.0
2019-09-17,52.76931927731361,52.9756369959949,52.56779700604228,52.94684600830078,73274800,0.0,0.0
2019-09-18,53.033220772901906,53.462651332010914,52.644577148321865,53.443458557128906,101360000,0.0,0.0
2019-09-19,53.261112707705195,53.68094492041944,52.86767009478741,53.00921630859375,88242400,0.0,0.0
2019-09-20,53.10997768332739,53.39306280074984,52.171951652718704,52.23432540893555,221652400,0.0,0.0
2019-09-23,52.527001563595775,52.74051606454694,52.215125503837235,52.471824645996094,76662000,0.0,0.0
2019-09-24,53.026012342649935,53.37627400150818,52.1047813136798,52.22233200073242,124763200,0.0,0.0
2019-09-25,52.43104739925435,53.13876383787783,52.092781703491944,53.02600860595703,87613600,0.0,0.0
2019-09-26,52.77890730027131,53.004417762621344,52.498219914361066,52.75251770019531,75334000,0.0,0.0
2019-09-27,52.90845848244411,53.009221444627215,52.12637228824465,52.495826721191406,101408000,0.0,0.0
2019-09-30,52.99482339997101,53.8776725443419,52.968433797976715,53.73133087158203,103909600,0.0,0.0
2019-10-01,53.995230177972914,54.75092680553321,53.78651107289727,53.88007354736328,139223200,0.0,0.0
2019-10-02,53.51301607875295,53.63776725465984,52.28230668763537,52.52941131591797,138449200,0.0,0.0
2019-10-03,52.402264876088374,53.009225779853956,51.61058406203605,52.97563934326172,114426000,0.0,0.0
2019-10-04,54.13196864675856,54.57579275889607,53.71213641227853,54.460636138916016,138478800,0.0,0.0
2019-10-07,54.283106900757275,55.16115320827285,54.17994622439848,54.47262954711914,122306000,0.0,0.0
2019-10-08,54.17516653401763,54.712549582666675,53.81770796918431,53.83449935913086,111820000,0.0,0.0
2019-10-09,54.46543502807617,54.647760851343286,54.13196842959568,54.46543502807617,74770400,0.0,0.0
2019-10-10,54.68134539656082,55.283507092490474,54.53020828720955,55.19953918457031,113013600,0.0,0.0
2019-10-11,55.88566533456895,57.010816269501035,55.732126840588336,56.667755126953125,166795600,0.0,0.0
2019-10-14,56.35348195750364,57.128374978236515,56.298305029368485,56.58618927001953,96427600,0.0,0.0
2019-10-15,56.71094972289009,57.01322767590327,56.34869572407409,56.454254150390625,87360000,0.0,0.0
2019-10-16,55.98642187493168,56.43504505704792,55.9456386148568,56.22632598876953,73903200,0.0,0.0
2019-10-17,56.39905493311874,56.653352697665795,56.022407393359266,56.444637298583984,67585200,0.0,0.0
2019-10-18,56.279120470382004,56.99643528339095,56.20714848455597,56.71574783325195,97433600,0.0,0.0
2019-10-21,56.98204488561045,57.81451272728501,56.93406477919108,57.69935607910156,87247200,0.0,0.0
2019-10-22,57.855293803611595,58.10479254390562,57.48583931085349,57.56740951538086,82293600,0.0,0.0
2019-10-23,58.08079246759652,58.35428303469319,57.869675657680986,58.33988571166992,75828800,0.0,0.0
2019-10-24,58.65895731915361,58.728531566591116,58.0112169023734,58.435848236083984,69275200,0.0,0.0
2019-10-25,58.33509163394323,59.19154751127854,58.26791876751091,59.15556335449219,73477200,0.0,0.0
2019-10-28,59.35707069363655,59.79609562637956,59.189138559412825,59.74811553955078,96572800,0.0,0.0
2019-10-29,59.72894099440109,59.916065952572374,58.19355578359902,58.36628341674805,142839600,0.0,0.0
2019-10-30,58.71893748749666,58.84848777636585,57.86728069727359,58.35908126831055,124522000,0.0,0.0
2019-10-31,59.31390665702909,59.7769199351258,56.919660471431264,59.678558349609375,139162000,0.0,0.0
2019-11-01,59.865682443755965,61.3986698789117,59.77452135224457,61.372283935546875,151125200,0.0,0.0
2019-11-04,61.73453121919917,61.859286061859265,61.266722523104576,61.77531814575195,103272000,0.0,0.0
2019-11-05,61.66736896409052,61.94086325426059,61.492243591436385,61.68656539916992,79897600,0.0,0.0
2019-11-06,61.60019258997119,61.772923889414315,61.26432820808025,61.712947845458984,75864400,0.0,0.0
2019-11-07,62.259158538774514,62.64656766388103,62.107563983005626,62.42518997192383,94940400,0.1925,0.0
2019-11-08,62.24712668600199,62.668219386425065,61.804378670750026,62.59603500366211,69986400,0.0,0.0
2019-11-11,62.15328706288794,63.15669416268931,62.14847721788769,63.09172821044922,81821200,0.0,0.0
2019-11-12,62.93531298752282,63.23369225641029,62.78372577398594,63.03396987915039,87388800,0.0,0.0
2019-11-13,62.83424348708343,63.71252097695285,62.81980661221337,63.6379280090332,102734400,0.0,0.0
2019-11-14,63.464683238676635,63.736589975912096,63.067654461478035,63.197593688964844,89182800,0.0,0.0
2019-11-15,63.447842302165945,63.95315502891984,63.28662806062503,63.94834518432617,100206400,0.0,0.0
2019-11-18,63.95797391868933,64.3501929351306,63.580199124620194,64.27079010009766,86703200,0.0,0.0
2019-11-19,64.46328376817914,64.4873476799983,63.859321438185184,64.07588195800781,76167200,0.0,0.0
2019-11-20,63.895417341111305,64.02534925457783,62.658604165947985,63.32994842529297,106234400,0.0,0.0
2019-11-21,63.45023714672934,63.52723870318722,62.846267662126294,63.045989990234375,121395200,0.0,0.0
2019-11-22,63.185570644191614,63.327538182207164,62.764477875352654,62.990665435791016,65325200,0.0,0.0
2019-11-25,63.214437064080556,64.1119687621998,63.16871783845167,64.09512329101562,84020400,0.0,0.0
2019-11-26,64.23228445121657,64.28522211832744,63.16391141917877,63.59463119506836,105207600,0.0,0.0
2019-11-27,63.90502379599888,64.48252822045184,63.84005785272113,64.44883728027344,65235600,0.0,0.0
2019-11-29,64.15047272971776,64.48734545373158,63.98203269607354,64.30687713623047,46617600,0.0,0.0
2019-12-02,64.31167755552052,64.54749209940624,63.392497973986316,63.56333923339844,94487200,0.0,0.0
2019-12-03,62.15568877645392,62.449250841018284,61.66963012734118,62.43000411987305,114430400,0.0,0.0
2019-12-04,62.81981146620402,63.3588077517284,62.72596442902417,62.98102569580078,67181600,0.0,0.0
2019-12-05,63.47432445651237,63.97963726009609,63.21926313205803,63.90503692626953,74424400,0.0,0.0
2019-12-06,64.36220755924087,65.20920267737617,64.31888959281135,65.13941955566406,106075600,0.0,0.0
2019-12-09,64.96857491080652,65.16107145471474,63.74379784275475,64.22745513916016,128042400,0.0,0.0
2019-12-10,64.63171799255643,64.98543616897592,63.972402115751365,64.60284423828125,90420400,0.0,0.0
2019-12-11,64.68222511329466,65.23325688130663,64.60763215897137,65.15384674072266,78756800,0.0,0.0
2019-12-12,64.4344044431603,65.58458883328302,64.323719270287,65.31990051269531,137310400,0.0,0.0
2019-12-13,65.31990472745893,66.2439016435434,65.19237407521152,66.20780944824219,133587600,0.0,0.0
2019-12-16,66.6529735938861,67.5649423284178,66.64816374839715,67.34115600585938,128186000,0.0,0.0
2019-12-17,67.27137184882572,67.80074117462817,67.08608634301142,67.47349548339844,114158400,0.0,0.0
2019-12-18,67.3267156265506,67.83202842109593,67.16309276912453,67.3122787475586,116028400,0.0,0.0
2019-12-19,67.25450901811797,67.6587561829255,67.12216855664366,67.37963104248047,98369200,0.0,0.0
2019-12-20,67.91141820231184,68.012476324904,67.02832353839587,67.24007415771484,275978000,0.0,0.0
2019-12-23,67.5023892761559,68.3975126911217,67.46388847576979,68.33735656738281,98572000,0.0,0.0
2019-12-24,68.50337109692963,68.55149892131642,68.07746848987897,68.40230560302734,48478800,0.0,0.0
2019-12-26,68.53465245449213,69.7762754042592,68.50577869758881,69.75942993164062,93121200,0.0,0.0
2019-12-27,70.05056661001181,70.73634754482153,69.32869348774332,69.73294067382812,146266000,0.0,0.0
2019-12-30,69.65114955957583,70.4283691578937,68.63090426605163,70.14683532714844,144114400,0.0,0.0
2019-12-31,69.76425468015876,70.66659649252568,69.66559776081347,70.65937805175781,100805600,0.0,0.0
2020-01-02,71.28256770874596,72.3316938789073,71.02991503384398,72.27153778076172,135480400,0.0,0.0
2020-01-03,71.50154177990413,72.32688174170664,71.34513738245916,71.56891632080078,146322800,0.0,0.0
2020-01-06,70.693043053502,72.17769145821572,70.44279162661955,72.13919067382812,118387200,0.0,0.0
2020-01-07,72.148820106767,72.40388138645835,71.58095004051803,71.79991912841797,108872000,0.0,0.0
2020-01-08,71.50396043802937,73.25570609117467,71.50396043802937,72.95492553710938,132079200,0.0,0.0
2020-01-09,73.92945117823741,74.69704373534724,73.67920704582386,74.50454711914062,170108400,0.0,0.0
2020-01-10,74.73793165436904,75.23602586841082,74.17246290967955,74.67295837402344,140644800,0.0,0.0
2020-01-13,74.98819427311953,76.29478305034202,74.87028331939693,76.268310546875,121532000,0.0,0.0
2020-01-14,76.20577951248254,76.415121645485,75.11575085804331,75.23846435546875,161954400,0.0,0.0
2020-01-15,75.0387288028542,75.91700649010697,74.48528821645434,74.91600799560547,121923600,0.0,0.0
2020-01-16,75.45743273116501,75.9651542221778,75.09649599715392,75.85446166992188,108829200,0.0,0.0
2020-01-17,76.10228015577917,76.69662274727602,75.7966897960532,76.69422149658203,137816400,0.0,0.0
2020-01-21,76.32365494902595,76.76399437532534,76.0373113220916,76.17446899414062,110843200,0.0,0.0
2020-01-22,76.65811628441689,76.9973975614814,76.3525259473167,76.44637298583984,101832400,0.0,0.0
2020-01-23,76.49932724037184,76.89394751401544,75.95310504727735,76.81454467773438,104472000,0.0,0.0
2020-01-24,77.05996684733118,77.80108679471296,76.40305956833261,76.59315490722656,146537600,0.0,0.0
2020-01-27,74.60797845601596,75.01944400024931,73.36154620096836,74.34088897705078,161940000,0.0,0.0
2020-01-28,75.21920736994338,76.61482629516499,75.12055046053683,76.44398498535156,162234000,0.0,0.0
2020-01-29,78.07059329235672,78.88871482326161,77.33187458625076,78.04412078857422,216229200,0.0,0.0
2020-01-30,77.1297617312458,77.9839755745144,76.69904191816083,77.93103790283203,126743200,0.0,0.0
2020-01-31,77.22358883501371,77.64468154540367,74.18210016247106,74.47566223144531,199588400,0.0,0.0
2020-02-03,73.22199962473935,75.43333837699004,72.72150411989722,74.27112579345703,173788400,0.0,0.0
2020-02-04,75.87127869651542,76.91318645690339,75.46703146839315,76.72309112548828,136616400,0.0,0.0
2020-02-05,77.84681134417079,78.14519062464261,76.74716330264357,77.34872436523438,118826800,0.0,0.0
2020-02-06,77.61821910965085,78.2558723391088,77.06237729988993,78.25346374511719,105425600,0.0,0.0
2020-02-07,77.75418535570422,78.00261640454451,76.70016229061778,77.18978881835938,117684000,0.1925,0.0
2020-02-10,75.77881695682719,77.55642700195312,75.69922566317109,77.55642700195312,109348800,0.0,0.0
2020-02-11,78.05086071182195,78.12321641331339,76.87141125259707,77.08848571777344,94323200,0.0,0.0
2020-02-12,77.53712126556233,78.92399545470602,77.53712126556233,78.91917419433594,113730400,0.0,0.0
2020-02-13,78.19315895415963,78.68278545723169,77.99055564537478,78.35717010498047,94747600,0.0,0.0
2020-02-14,78.32581612373606,78.62490351773702,77.86996050397198,78.37647247314453,80113600,0.0,0.0
2020-02-18,76.0634053664393,77.12225708916644,75.88250875090567,76.94136047363281,152531200,0.0,0.0
2020-02-19,77.18256041371585,78.28482562119284,77.18256041371585,78.0556869506836,93984000,0.0,0.0
2020-02-20,77.81689526489554,78.30410746194534,76.75080805425196,77.2549057006836,100566000,0.0,0.0
2020-02-21,76.84971694338334,77.2911088758147,74.89121045948235,75.50625610351562,129554000,0.0,0.0
2020-02-24,71.69777437412706,73.36684305832843,69.76097486599113,71.91967010498047,222195200,0.0,0.0
2020-02-25,72.58778111739974,72.96886672904328,69.01326241271661,69.48358917236328,230673600,0.0,0.0
2020-02-26,69.10973099237307,71.84730078233405,69.10249542340598,70.58584594726562,198054800,0.0,0.0
2020-02-27,67.80006808151072,68.98192476086734,65.83673284364053,65.9718017578125,320605600,0.0,0.0
2020-02-28,62.0499482580576,67.15123091808199,61.835280759075644,65.93318939208984,426510000,0.0,0.0
2020-03-02,68.08464913181372,72.70595468778731,66.98479850420505,72.07160949707031,341397200,0.0,0.0
2020-03-03,73.24383324028676,73.32342450844571,68.93366391267253,69.78267669677734,319475600,0.0,0.0
2020-03-04,71.4999874378904,73.17870588852956,70.70163100181635,73.01951599121094,219178400,0.0,0.0
2020-03-05,71.27808040208855,72.25009782118012,70.28677058471263,70.6509780883789,187572800,0.0,0.0
2020-03-06,68.01713389438318,70.14448006147832,67.8314160013331,69.71273803710938,226176800,0.0,0.0
2020-03-09,63.61531637779285,67.07405914136177,63.43441974354321,64.19901275634766,286744800,0.0,0.0
2020-03-10,66.84491728627172,69.08803225317006,64.97082373995369,68.82271575927734,285290000,0.0,0.0
2020-03-11,66.90521300673807,67.82898839120944,65.5713950302336,66.43246459960938,255598800,0.0,0.0
2020-03-12,61.73158259822545,65.12279105466,59.81648956131734,59.87196350097656,418474000,0.0,0.0
2020-03-13,63.89027874713733,67.51544677339488,61.01040024313374,67.04511260986328,370732000,0.0,0.0
2020-03-16,58.35724302986641,62.488918914128035,57.88691260105301,58.41995620727539,322423600,0.0,0.0
2020-03-17,59.69829586216656,62.13436816241869,57.5010047474182,60.98869323730469,324056000,0.0,0.0
2020-03-18,57.83144203035199,60.29887079269061,57.19227179173887,59.495689392089844,300233600,0.0,0.0
2020-03-19,59.66934574830385,60.98386029227968,58.51643172371911,59.039825439453125,271857200,0.0,0.0
2020-03-20,59.61869234830113,60.740253451382245,54.99256516785433,55.291648864746094,401693200,0.0,0.0
2020-03-23,55.011867987706175,55.11316965220814,51.28057345030364,54.11703109741211,336752800,0.0,0.0
2020-03-24,57.008959824529704,59.74170486400554,56.51209775923422,59.54633712768555,287531200,0.0,0.0
2020-03-25,60.47977034705603,62.28873655883238,58.924060140998606,59.218318939208984,303602000,0.0,0.0
2020-03-26,59.459507077687796,62.392441135780366,59.420914919993635,62.334556579589844,252087200,0.0,0.0
2020-03-27,60.96214915456739,61.714677770573346,59.587335844421716,59.753761291503906,204216800,0.0,0.0
2020-03-30,60.477366294133525,61.63028059072722,60.154161498746404,61.45903015136719,167976400,0.0,0.0
2020-03-31,61.64957210604245,63.3114052959559,60.78126682215682,61.33360290527344,197002000,0.0,0.0
2020-04-01,59.454689089589124,59.99014337906341,57.67707948194542,58.106407165527344,176218400,0.0,0.0
2020-04-02,57.968921460111474,59.129071143668284,57.13920841031964,59.07600784301758,165934000,0.0,0.0
2020-04-03,58.56226659383969,59.26173205327884,57.638487411525155,58.22700500488281,129880000,0.0,0.0
2020-04-06,60.51594969304915,63.4609446975246,60.14933518159841,63.306583404541016,201820400,0.0,0.0
2020-04-07,65.31572880710591,65.53281061360002,62.4696252718209,62.57333755493164,202887200,0.0,0.0
2020-04-08,63.3717110057614,64.4884474840079,63.007510761837494,64.17489624023438,168895200,0.0,0.0
2020-04-09,64.80923169926753,65.13966834587349,63.84444973045493,64.63797760009766,161834800,0.0,0.0
2020-04-13,64.7151632715521,66.0152105347314,64.11699578858152,65.90666961669922,131022800,0.0,0.0
2020-04-14,67.5347430495296,69.5246060143818,67.06440885901065,69.23516845703125,194994800,0.0,0.0
2020-04-15,68.11362949851825,69.06152634991895,67.68671597691991,68.60325622558594,131154400,0.0,0.0
2020-04-16,69.31475615357093,69.51253820784274,68.10154321976958,69.14833068847656,157125200,0.0,0.0
2020-04-17,68.66596906742339,69.21107342418921,66.77740358680289,68.2101058959961,215250000,0.0,0.0
2020-04-20,67.04030517443523,67.9399598531097,66.77498860082595,66.79428100585938,130015200,0.0,0.0
2020-04-21,66.63750234716127,66.87146231135321,64.02052931116778,64.72964477539062,180991600,0.0,0.0
2020-04-22,65.99348115115153,67.02821165517099,65.65340205638569,66.59406280517578,116862400,0.0,0.0
2020-04-23,66.53859422059466,67.95682478512697,66.29739874664567,66.33599090576172,124814400,0.0,0.0
2020-04-24,66.85938066911224,68.26072562347866,66.81113863556433,68.2510757446289,126161200,0.0,0.0
2020-04-27,67.96886487593393,68.6297453170771,67.5226592475762,68.29930877685547,117087600,0.0,0.0
2020-04-28,68.76002418855134,68.94092085113884,67.10060498674002,67.19225311279297,112004800,0.0,0.0
2020-04-29,68.67559111709774,69.86709736755677,68.47298779881385,69.39917755126953,137280800,0.0,0.0
2020-04-30,69.93702304111527,71.03928789471824,69.54870194183862,70.86321258544922,183064000,0.0,0.0
2020-05-01,69.04220854800435,72.11745102481503,68.94573182479387,69.72238159179688,240616800,0.0,0.0
2020-05-04,69.74650229526233,70.83670324791197,69.05909368437592,70.70886993408203,133568000,0.0,0.0
2020-05-05,71.16711494770513,72.59981622891917,71.0223962339129,71.77010345458984,147751200,0.0,0.0
2020-05-06,72.46957550915792,73.1400984978459,72.0860756657677,72.51058197021484,142333600,0.0,0.0
2020-05-07,73.1352926720061,73.6056267954184,72.83379832640894,73.26071166992188,115215200,0.0,0.0
2020-05-08,73.9185584660756,75.05766251679151,73.59206160601275,75.00445556640625,133838400,0.205,0.0
2020-05-11,74.51350356888688,76.67804261253256,74.3055100788998,76.18467712402344,145946400,0.0,0.0
2020-05-12,76.86667320446085,77.31651506334359,75.19308642093533,75.31401062011719,162301200,0.0,0.0
2020-05-13,75.4929886898536,76.41201718560454,73.33086305668714,74.40467071533203,200622400,0.0,0.0
2020-05-14,73.6452582213304,74.92221747074527,72.92454733645849,74.86175537109375,158929200,0.0,0.0
2020-05-15,72.63916594421597,74.46511834982786,72.60530362666714,74.4191665649414,166348400,0.0,0.0
2020-05-18,75.73965078498989,76.54500254054776,75.0503815134759,76.17255401611328,135178400,0.0,0.0
2020-05-19,76.18950390013767,77.03355248472863,75.70097277157296,75.73241424560547,101729600,0.0,0.0
2020-05-20,76.58854343128702,77.27539194682277,76.5498468046985,77.20526123046875,111504800,0.0,0.0
2020-05-21,77.06741421541801,77.6067388197399,76.39265509370519,76.62966918945312,102688800,0.0,0.0
2020-05-22,76.36848115298238,77.20528209037693,76.26690893879248,77.12305450439453,81803200,0.0,0.0
2020-05-26,78.23794241116512,78.41690783107812,76.54500393549849,76.60063171386719,125522000,0.0,0.0
2020-05-27,76.45795296780663,77.07949771603786,75.7203109556176,76.93438720703125,112945200,0.0,0.0
2020-05-28,76.61031579665872,78.22344788867842,76.3346124557575,76.96825408935547,133560800,0.0,0.0
2020-05-29,77.21011616097432,77.6696267309123,76.53777777827462,76.89329528808594,153532400,0.0,0.0
2020-06-01,76.84731793304262,77.9598218875062,76.71671774944491,77.83889770507812,80791200,0.0,0.0
2020-06-02,77.57287802595609,78.22345084365439,77.13271214546359,78.19926452636719,87642800,0.0,0.0
2020-06-03,78.51849729325161,78.89094587146293,77.94773126866299,78.62974548339844,104491200,0.0,0.0
2020-06-04,78.45321130607884,78.75068013452528,77.58013468531132,77.95258331298828,87560400,0.0,0.0
2020-06-05,78.20167432156592,80.23319921594221,78.17265369717333,80.17273712158203,137250400,0.0,0.0
2020-06-08,79.87042024109125,80.68061371663406,79.1618063233987,80.6467514038086,95654400,0.0,0.0
2020-06-09,80.32751569552633,83.58520593263562,80.29607422866282,83.19341278076172,147712400,0.0,0.0
2020-06-10,84.13903931497238,85.80053629513817,83.70129439282721,85.33377075195312,166651600,0.0,0.0
2020-06-11,84.4800574912979,84.90329215862222,81.13529762500492,81.23686981201172,201662400,0.0,0.0
2020-06-12,83.36997815286581,84.11486795424553,80.83057003176687,81.938232421875,200146000,0.0,0.0
2020-06-15,80.59597529574442,83.60214898703789,80.43393362831908,82.95157623291016,138808800,0.0,0.0
2020-06-16,85.00004143146272,85.42086269022191,83.36998548456056,85.14998626708984,165428800,0.0,0.0
2020-06-17,85.89246631024803,85.95292841624997,84.91056229922657,85.03148651123047,114406400,0.0,0.0
2020-06-18,84.98795249991922,85.4813253336703,84.45830388000144,85.06534576416016,96820400,0.0,0.0
2020-06-19,85.76912102080368,86.2334658205362,83.47397466183713,84.5792236328125,264476000,0.0,0.0
2020-06-22,84.97102639518768,86.93483446322153,84.92507460309979,86.79214477539062,135445200,0.0,0.0
2020-06-23,88.03283047977783,90.05952154919635,87.61443002953723,88.64470672607422,212155600,0.0,0.0
2020-06-24,88.2746571031473,89.19126451334176,86.7074769720713,87.07992553710938,192623200,0.0,0.0
2020-06-25,87.23472854623947,88.27467380594872,86.47774180640029,88.23597717285156,137522400,0.0,0.0
2020-06-26,88.13197433577965,88.35205726047579,85.37731757939976,85.52484893798828,205256800,0.0,0.0
2020-06-29,85.43295161300391,87.59024269738883,84.9565099457261,87.49591827392578,130646000,0.0,0.0
2020-06-30,87.08474810870817,88.511659237052,87.06540348874154,88.22627258300781,140223200,0.0,0.0
2020-07-01,88.30367932080465,88.84541733018017,88.01104484759307,88.05941009521484,110737200,0.0,0.0
2020-07-02,88.96392805520118,89.59756962987294,87.94574844202161,88.05941009521484,114041600,0.0,0.0
2020-07-06,89.48392110995985,90.88180477153354,89.45247963245309,90.4150390625,118655600,0.0,0.0
2020-07-07,90.79231898432114,91.56865036942912,90.0232427568075,90.13449096679688,112424400,0.0,0.0
2020-07-08,91.10912534007682,92.26516034352021,91.02205608216732,92.23371887207031,117092000,0.0,0.0
2020-07-09,93.1237442552239,93.17695121032608,91.58559163057215,92.63037872314453,125642800,0.0,0.0
2020-07-10,92.22647214944136,92.85044518286722,91.6170168108506,92.79239654541016,90257200,0.0,0.0
2020-07-13,94.09354111984942,96.695832354325,92.15149869689814,92.36432647705078,191649200,0.0,0.0
2020-07-14,91.74759804361886,94.08385428390145,90.81648768360292,93.8927993774414,170989200,0.0,0.0
2020-07-15,95.7622806311285,96.01138416249864,93.34379687777705,94.53852844238281,153198000,0.0,0.0
2020-07-16,93.413925503642,94.22895326500017,92.77786316008923,93.37522888183594,110577600,0.0,0.0
2020-07-17,93.82509836770011,93.97987752001936,92.71500761457771,93.18661499023438,92186800,0.0,0.0
2020-07-20,93.27368244127173,95.28827651192833,92.93025444088441,95.15042114257812,90318000,0.0,0.0
2020-07-21,95.93882871957942,96.01380112244911,93.58806231123043,93.83716583251953,103433200,0.0,0.0
2020-07-22,93.53970946249737,94.78039302096889,93.4526475751938,94.10079956054688,89001600,0.0,0.0
2020-07-23,93.83475574009108,93.9121489972856,89.00988472288186,89.81765747070312,197004400,0.0,0.0
2020-07-24,88.02074827137518,89.93860475082967,86.23831895582877,89.59517669677734,185438800,0.0,0.0
2020-07-27,90.65445824165903,91.81049336055369,90.4319618348545,91.71858978271484,121214000,0.0,0.0
2020-07-28,91.29051773530753,91.46706972799262,90.20703422382543,90.21187591552734,103625600,0.0,0.0
2020-07-29,90.693132172275,92.12487766631008,90.65685639553129,91.94107055664062,90329200,0.0,0.0
2020-07-30,91.11637343156816,93.15757426558149,90.71006994116662,93.05358123779297,158130000,0.0,0.0
2020-07-31,99.53028163979462,102.94517949075968,97.5374460244692,102.79523468017578,374336800,0.0,0.0
2020-08-03,104.67199645721692,107.99741233494379,104.37452761502963,105.38545227050781,308151200,0.0,0.0
2020-08-04,105.57410265297072,107.17755904324193,104.8533916212951,106.08924102783203,173071600,0.0,0.0
2020-08-05,105.81109264863613,106.79299653251695,105.34674048719083,106.4737548828125,121776800,0.0,0.0
2020-08-06,106.80509589113738,110.68192568980469,106.21740601381943,110.18855285644531,202428800,0.0,0.0
2020-08-07,109.7112386108564,110.16673452744945,106.88862644814542,107.68331909179688,198045600,0.205,0.0
2020-08-10,109.12492955700957,110.26366958356304,106.6051724150767,109.24849700927734,212403600,0.0,0.0
2020-08-11,108.5143723583924,109.01105257691337,105.74021214896973,105.99945831298828,187902400,0.0,0.0
2020-08-12,107.08730692473522,109.77909114067742,106.89348231283336,109.52227020263672,165598000,0.0,0.0
2020-08-13,110.89843907131024,112.46117673591529,110.41144495933911,111.46054077148438,210082000,0.0,0.0
2020-08-14,111.286113713097,111.45086539174018,109.556198905536,111.36122131347656,165565200,0.0,0.0
2020-08-17,112.48057016956119,112.50480009641929,110.44538201038532,111.07047271728516,119561600,0.0,0.0
2020-08-18,110.82334618754544,112.42000004225257,110.48899241818317,111.99600219726562,105633600,0.0,0.0
2020-08-19,112.4030347872071,113.54661780572758,112.04203328527555,112.13652038574219,145538000,0.0,0.0
2020-08-20,112.17769677241944,114.73864510178977,112.16073508691606,114.62477111816406,126907200,0.0,0.0
2020-08-21,115.58178541828921,121.01380564130231,115.56967415425338,120.53166198730469,338054800,0.0,0.0
2020-08-24,124.72561457851019,124.81042301409434,120.11252368244841,121.9732666015625,345937600,0.0,0.0
2020-08-25,120.84908093113634,121.31668821491573,119.25484487147963,120.97264099121094,211495600,0.0,0.0
2020-08-26,122.28580830184438,123.07323276693351,121.22217601375844,122.61773681640625,163022400,0.0,0.0
2020-08-27,123.21861029302171,123.55053882206776,120.0107589966192,121.15192413330078,155552400,0.0,0.0
2020-08-28,122.12347869162592,122.54020825717129,120.73276826199735,120.95567321777344,187630000,0.0,0.0
2020-08-31,123.64260037932992,126.9570498293378,122.11136090455392,125.05753326416016,225702700,0.0,4.0
2020-09-01,128.6627208391991,130.63977010693876,126.50154782295441,130.0388946533203,151948100,0.0,0.0
2020-09-02,133.34366115932812,133.7216242950921,123.0804958061553,127.34469604492188,200119000,0.0,0.0
2020-09-03,122.99329113592864,124.86372013453284,116.78111381462604,117.14938354492188,257599600,0.0,0.0
2020-09-04,116.36438135713807,119.88234909092412,107.46769559812107,117.22691345214844,332607200,0.0,0.0
2020-09-08,110.4332501967872,115.3177056334054,109.20244843470786,109.33812713623047,231366600,0.0,0.0
2020-09-09,113.64107286219944,115.46304882130097,111.70279773356395,113.69921875,176940500,0.0,0.0
2020-09-10,116.64541298049808,116.7810916656073,109.0279901442392,109.98743438720703,182274400,0.0,0.0
2020-09-11,111.03412581023233,111.67376035548035,106.60516602652415,108.54344177246094,180860300,0.0,0.0
2020-09-14,111.17951119019489,112.35216726865364,109.31876802738114,111.79975891113281,140150100,0.0,0.0
2020-09-15,114.67806966043925,115.16263852668574,110.10373838004288,111.97417449951172,184642000,0.0,0.0
2020-09-16,111.67374357548836,112.41997637221431,108.58219185919356,108.6694107055664,154679000,0.0,0.0
2020-09-17,106.33381633124354,108.7372742902346,105.35498493812258,106.93467712402344,178011000,0.0,0.0
2020-09-18,106.99281442322203,107.45799642585531,102.81582548420052,103.54267883300781,287104900,0.0,0.0
2020-09-21,101.31366904715068,106.78929923364105,99.91810821399545,106.68269348144531,195713800,0.0,0.0
2020-09-22,109.20245128230411,109.37689638794417,105.79108936459673,108.35929870605469,183055400,0.0,0.0
2020-09-23,108.17515317604892,108.65002858068,103.47482939677325,103.81403350830078,150718700,0.0,0.0
2020-09-24,101.92422311648544,106.8474450340975,101.75947146104525,104.88009643554688,167743300,0.0,0.0
2020-09-25,105.08362457756284,108.96986969287116,104.34707769075096,108.81480407714844,149981400,0.0,0.0
2020-09-28,111.46054633695047,111.76097670476364,109.29936567544041,111.4120864868164,137672400,0.0,0.0
2020-09-29,111.0147568087837,111.75129633828752,110.06499835009019,110.5689468383789,99382200,0.0,0.0
2020-09-30,110.27819234917513,113.64110173479544,110.11344069592683,112.23584747314453,142675200,0.0,0.0
2020-10-01,114.00936590090853,114.08689869652889,112.25522891512048,113.18560028076172,116120400,0.0,0.0
2020-10-02,109.40595903034216,111.80942388224,108.75663851817679,109.53194427490234,144712000,0.0,0.0
2020-10-05,110.3944854044891,113.04992078729782,110.04559522059489,112.90454864501953,106243800,0.0,0.0
2020-10-06,112.12922087224236,112.53626429637261,108.78569900515828,109.66761779785156,161498200,0.0,0.0
2020-10-07,111.08257124183804,111.98386964245861,110.60768842209468,111.52837371826172,96849000,0.0,0.0
2020-10-08,112.66227103853464,112.80764318962937,111.05349871590646,111.4217758178711,83477200,0.0,0.0
2020-10-09,111.72219366663035,113.38911170550134,111.37330350063716,113.36003875732422,100506900,0.0,0.0
2020-10-12,116.3546685657092,121.31665619479716,115.59874235138079,120.56072998046875,240226800,0.0,0.0
2020-10-13,121.40388985664498,121.5201890553274,115.957340112208,117.36258697509766,262330500,0.0,0.0
2020-10-14,117.26567529237093,119.23302386837867,115.92826777316701,117.44981384277344,150712000,0.0,0.0
2020-10-15,115.05604455535725,117.45950223722147,114.50363628707971,116.98462677001953,112559200,0.0,0.0
2020-10-16,117.53701684155992,117.79868815619513,115.14324558497565,115.34676361083984,115393800,0.0,0.0
2020-10-19,116.25776062422946,116.703563090536,112.09047284235501,112.40059661865234,120639300,0.0,0.0
2020-10-20,112.6138091614312,115.30801845057066,112.06140091237076,113.88338470458984,124423700,0.0,0.0
2020-10-21,113.06929820388042,115.04634007817563,112.85608671832885,113.26313018798828,89946000,0.0,0.0
2020-10-22,113.82524295280673,114.39703815641963,111.05350797811873,112.1777114868164,101988000,0.0,0.0
2020-10-23,112.79795098039979,112.95301658165369,110.75306957595657,111.48961639404297,82572600,0.0,0.0
2020-10-26,110.49140909640037,112.95302013932815,109.39627858637218,111.49931335449219,111850700,0.0,0.0
2020-10-27,111.92572130525396,113.66047883675716,111.00504336225823,113.00146484375,92276800,0.0,0.0
2020-10-28,111.49930623671789,111.86757593688382,107.67120751132958,107.76811981201172,143937800,0.0,0.0
2020-10-29,108.90202494425338,113.32129125851726,108.73726588721904,111.76097869873047,146129200,0.0,0.0
2020-10-30,107.63245134560678,108.53374987611883,104.39553435267372,105.50035095214844,190272600,0.0,0.0
2020-11-02,105.74263480892598,107.26418098664796,104.00787711431103,105.41312408447266,122866900,0.0,0.0
2020-11-03,106.27565178371685,108.0491682897085,105.37435335866708,107.03157806396484,107624400,0.0,0.0
2020-11-04,110.61739783333208,112.02264481194184,108.88264012828803,111.40239715576172,138235500,0.0,0.0
2020-11-05,114.30980518907859,115.92827100011738,113.26314194201399,115.35647583007812,126387100,0.0,0.0
2020-11-06,114.86621579666993,115.72052575840337,112.74013995422038,115.22541809082031,114457900,0.205,0.0
2020-11-09,116.98257616030648,118.4290806298261,112.66247568801708,112.92459106445312,154515300,0.0,0.0
2020-11-10,112.17707763232374,114.15752314668202,110.79852205922379,112.5848159790039,138023400,0.0,0.0
2020-11-11,113.7691943770842,116.13796507649292,113.04108708119541,116.0020523071289,112295000,0.0,0.0
2020-11-12,116.12827545684921,117.011708557713,115.10892216454586,115.73023986816406,103162300,0.0,0.0
2020-11-13,115.95351649440437,116.17679858450585,114.42934551492606,115.77877044677734,81581900,0.0,0.0
2020-11-16,115.44868428594529,117.45826000844283,114.7011640982951,116.78840637207031,91183000,0.0,0.0
2020-11-17,116.06033192576038,117.14763432423658,115.48755020654131,115.90499877929688,74271000,0.0,0.0
2020-11-18,115.14775777417243,116.32243681277677,114.55556316864666,114.58468627929688,76322100,0.0,0.0
2020-11-19,114.15754170251833,115.58463355455793,113.40031110511585,115.17689514160156,74113000,0.0,0.0
2020-11-20,115.17686579253606,115.30306839104708,113.8662741381708,113.91481018066406,73604300,0.0,0.0
2020-11-23,113.7595015449486,114.18666026045105,110.42962337461562,110.52670288085938,127959300,0.0,0.0
2020-11-24,110.58493635731566,112.46830213663921,109.30346044434035,111.80815124511719,113874200,0.0,0.0
2020-11-25,112.17707422528561,113.34204301090116,111.80816176471099,112.64305877685547,76499200,0.0,0.0
2020-11-27,113.1673088628538,114.060452186272,112.82752688184597,113.18672180175781,46691300,0.0,0.0
2020-11-30,113.55562680437811,117.43886611768262,113.40029367663415,115.57491302490234,169410200,0.0,0.0
2020-12-01,117.47769537507614,119.865886582141,116.50688558000795,119.13777923583984,127728200,0.0,0.0
2020-12-02,118.45821829004096,119.76881755329892,117.36120579212971,119.4872817993164,89004200,0.0,0.0
2020-12-03,119.91442054863892,120.16683316485343,118.64266210929217,119.35135650634766,78967600,0.0,0.0
2020-12-04,119.02127760834182,119.27369022514605,117.97280126779268,118.6814956665039,78260400,0.0,0.0
2020-12-07,118.73974965511624,120.93378197653361,118.68150343461471,120.1377182006836,86712000,0.0,0.0
2020-12-08,120.73961821864586,121.33181279274314,119.49697544555106,120.74932098388672,82225500,0.0,0.0
2020-12-09,120.8949389531883,122.27348704305484,117.46798166489454,118.22521209716797,115089200,0.0,0.0
2020-12-10,116.98259162067868,120.2542236129108,116.64280964087811,119.64260864257812,81312200,0.0,0.0
2020-12-11,118.85622018412464,119.17658913123917,117.03110079393585,118.83680725097656,86939800,0.0,0.0
2020-12-14,119.0212758088773,119.7493831332465,117.99221982724323,118.22521209716797,79184500,0.0,0.0
2020-12-15,120.71050298397499,124.16659136683006,120.5066337877432,124.14717102050781,157243700,0.0,0.0
2020-12-16,123.69089034743503,124.62285953660047,122.86569602420569,124.07920837402344,98208600,0.0,0.0
2020-12-17,125.13737340779682,125.79753175425047,124.30247641319399,124.9432144165039,94359800,0.0,0.0
2020-12-18,125.1956184439808,125.33153120186167,122.43851519834806,122.96275329589844,192541500,0.0,0.0
2020-12-21,121.37063241963554,124.56459740524315,119.84646139919089,124.48693084716797,121251600,0.0,0.0
2020-12-22,127.76827272564631,130.48654300822767,125.86547908382497,128.0303955078125,168904800,0.0,0.0
2020-12-23,128.30221385873838,128.5643218128226,126.96249172878603,127.13724517822266,88223700,0.0,0.0
2020-12-24,127.48674690488681,129.56427923315684,127.27316756907929,128.11776733398438,54930100,0.0,0.0
2020-12-28,130.07882834872916,133.33103273857998,129.61282891491868,132.70001220703125,124486200,0.0,0.0
2020-12-29,134.0203193956025,134.73870929323533,130.41860788701317,130.93313598632812,121047300,0.0,0.0
2020-12-30,131.6224031061202,132.02043870547348,129.50602990016534,129.8166961669922,96452100,0.0,0.0
2020-12-31,130.1661668388547,130.80690479845464,127.8750553457784,128.81674194335938,99116600,0.0,0.0
2021-01-04,129.62253643457043,129.70990576661,123.05985971825433,125.63250732421875,143301900,0.0,0.0
2021-01-05,125.12767890789046,127.89449286005866,124.68109986637585,127.185791015625,97664900,0.0,0.0
2021-01-06,123.99184315415357,127.22464193893974,122.69095402050523,122.90453338623047,155088000,0.0,0.0
2021-01-07,124.61316339386353,127.78771601746288,124.12775842813694,127.09843444824219,109578200,0.0,0.0
2021-01-08,128.56433221406948,128.75850602101508,126.42855365810287,128.1954345703125,105158200,0.0,0.0
2021-01-11,125.41892632912634,126.37031583011212,124.7490651654895,125.21504974365234,100384500,0.0,0.0
2021-01-12,124.74903735169032,125.9043031805743,123.156910152344,125.040283203125,91951100,0.0,0.0
2021-01-13,125.00146811666775,127.61294892404966,124.73936012875102,127.06929779052734,88636800,0.0,0.0
2021-01-14,126.98193239512918,127.17609140406186,125.00147198922038,125.14710235595703,90221800,0.0,0.0
2021-01-15,125.02086872913162,126.41883703091128,123.29282869314844,123.42874145507812,111598500,0.0,0.0
2021-01-19,124.05008935422954,124.95295027523217,123.2346125834672,124.0986328125,90757300,0.0,0.0
2021-01-20,124.90435627536169,128.62255851090404,124.79756663573178,128.1759796142578,104319500,0.0,0.0
2021-01-21,129.8943769543058,135.5930267381697,129.69050034270776,132.874755859375,120150900,0.0,0.0
2021-01-22,132.30200573344598,135.76780507089788,131.0787902802562,135.0105743408203,114459400,0.0,0.0
2021-01-25,138.8937382399215,140.85476298969073,132.55433784796116,138.74810791015625,157611700,0.0,0.0
2021-01-26,139.40832944748692,140.08789352147755,137.24341236503608,138.98117065429688,98390600,0.0,0.0
2021-01-27,139.24327402981456,140.08788882014454,136.31143843564914,137.91326904296875,140843800,0.0,0.0
2021-01-28,135.44740902267984,137.8453107957744,132.70971784009862,133.0883331298828,142621100,0.0,0.0
2021-01-29,131.86510749004256,132.7485480341253,126.40916071663973,128.1080780029297,177523800,0.0,0.0
2021-02-01,129.84584146807433,131.42826655671627,127.10815007398598,130.22445678710938,106239800,0.0,0.0
2021-02-02,131.76799601841705,132.33106742025004,130.6806938981219,131.0496063232422,83305400,0.0,0.0
2021-02-03,131.797170590512,131.80688817183957,129.70993485237824,130.03030395507812,89880900,0.0,0.0
2021-02-04,132.32136807732365,133.38924988354398,130.66127693474024,133.37954711914062,84183100,0.0,0.0
2021-02-05,133.54003004858623,133.60808059176276,132.09135608071085,132.9663848876953,75693800,0.205,0.0
2021-02-08,132.2566493112225,133.16085966454818,131.17743911658968,133.11224365234375,71297200,0.0,0.0
2021-02-09,132.83023162868662,134.05528941674183,132.0816016865625,132.23715209960938,76774200,0.0,0.0
2021-02-10,132.6940833002521,133.1899455543724,130.67178006992634,131.6343231201172,73046600,0.0,0.0
2021-02-11,132.13017580944882,132.6065887223786,130.0592713492993,131.3815460205078,64280000,0.0,0.0
2021-02-12,130.62320365664934,131.77046392162595,129.98150816834826,131.61489868164062,60145100,0.0,0.0
2021-02-16,131.73160971782258,132.23717460843758,129.1064939168793,129.4954071044922,80576300,0.0,0.0
2021-02-17,127.60917872924279,128.5522725131688,125.87855638741323,127.2105484008789,97918500,0.0,0.0
2021-02-18,125.61606083959396,126.39387225132121,123.87572097237708,126.11192321777344,96856700,0.0,0.0
2021-02-19,126.62721014953155,127.08417376158879,125.22715268582576,126.26746368408203,87668800,0.0,0.0
2021-02-22,124.45908327535672,126.1216555520179,122.11593891319585,122.50484466552734,103916400,0.0,0.0
2021-02-23,120.32695270389084,123.19511800076138,115.10591153263685,122.36869812011719,158273000,0.0,0.0
2021-02-24,121.4742179705755,122.07701467726875,118.83939315022482,121.87284088134766,111039900,0.0,0.0
2021-02-25,121.2214246130711,122.95204690459941,117.19626722871075,117.63378143310547,148199500,0.0,0.0
2021-02-26,119.18940971098537,121.38672049171518,117.83796822554648,117.89630889892578,164560400,0.0,0.0
2021-03-01,120.31725204661986,124.38130174579385,119.38388273905605,124.24518585205078,116307900,0.0,0.0
2021-03-02,124.84797657824923,125.14937496490815,121.54228933610958,121.64923858642578,102260900,0.0,0.0
2021-03-03,121.34784230356715,122.22287832128721,118.46022715397075,118.67412567138672,112966300,0.0,0.0
2021-03-04,118.37270244109511,120.17138267841435,115.32953009185248,116.79763793945312,178155000,0.0,0.0
2021-03-05,117.62408266255089,118.55745188502343,114.30867068121566,118.05187225341797,153766600,0.0,0.0
2021-03-08,117.57545493676041,117.64351287063639,112.98638448752729,113.1322250366211,154376600,0.0,0.0
2021-03-09,115.72816384952438,118.6741119196786,115.49482341109125,117.73101806640625,129525800,0.0,0.0
2021-03-10,118.31439735247595,118.78107829664711,116.1365282204776,116.6518325805664,111943300,0.0,0.0
2021-03-11,119.14080190524842,119.79221465640565,117.89630965893046,118.57688903808594,103026500,0.0,0.0
2021-03-12,117.06014710961325,117.80878431201303,115.85454635787849,117.67266845703125,88105100,0.0,0.0
2021-03-15,118.0421413761026,120.56029230814386,117.07959821769512,120.55056762695312,92403800,0.0,0.0
2021-03-16,122.21312976850402,123.69096973595795,121.26031872689654,122.08673858642578,115227900,0.0,0.0
2021-03-17,120.60892835870807,122.368717641283,118.94635623317845,121.29923248291016,111932600,0.0,0.0
2021-03-18,119.47137236768086,119.7630534964986,116.98238776140393,117.18656158447266,121229700,0.0,0.0
2021-03-19,116.57405253188959,118.06161012823361,116.3601540036749,116.66155242919922,185549500,0.0,0.0
2021-03-22,116.99209444423333,120.43389711306004,116.9240365136813,119.96720886230469,111912300,0.0,0.0
2021-03-23,119.90891018351063,120.7936635357698,118.75191761279609,119.14082336425781,95467100,0.0,0.0
2021-03-24,119.41304854895056,119.49083117848545,116.73933185520713,116.75877380371094,88530500,0.0,0.0
2021-03-25,116.22401924724316,118.28521414548541,115.6989976953015,117.24488830566406,98844700,0.0,0.0
2021-03-26,117.01155734823239,118.11021653249013,115.62122444554402,117.84770202636719,94071200,0.0,0.0
2021-03-29,118.275494892758,119.17969748186921,117.381016985914,118.022705078125,80819200,0.0,0.0
2021-03-30,116.77820181701264,117.06015823420087,115.56287626935224,116.57402801513672,85671900,0.0,0.0
2021-03-31,118.27549692418452,120.0936193981419,117.78936665110342,118.76162719726562,118323800,0.0,0.0
2021-04-01,120.22975405327205,120.73532632120784,119.09220346933651,119.58805847167969,75089100,0.0,0.0
2021-04-05,120.433912742921,122.6603902138714,119.65610136330406,122.40760040283203,88651200,0.0,0.0
2021-04-06,122.99096372232243,123.60348521908364,122.16454371050696,122.7090072631836,80171300,0.0,0.0
2021-04-07,122.33952549547996,124.37154613081405,121.66866345905004,124.35210418701172,83466700,0.0,0.0
2021-04-08,125.37301298064794,126.7730707476214,124.95494800509044,126.74390411376953,88844600,0.0,0.0
2021-04-09,126.19937820573638,129.34949179092436,125.878530556224,129.31060791015625,106686700,0.0,0.0
2021-04-12,128.8439334710132,129.1647811362329,127.00636217785619,127.59944152832031,91420000,0.0,0.0
2021-04-13,128.7661695536294,130.9245888251844,128.2703072556539,130.70095825195312,91266500,0.0,0.0
2021-04-14,131.19685094542675,131.2551842091699,128.0078372862974,128.36756896972656,87222800,0.0,0.0
2021-04-15,130.107867375951,131.25512729346974,129.93285282509277,130.7689971923828,89347100,0.0,0.0
2021-04-16,130.57457716887737,130.9343087763494,129.5828673880838,130.43846130371094,84922400,0.0,0.0
2021-04-19,129.80650105955348,131.71213827061115,129.6412185458448,131.099609375,94264200,0.0,0.0
2021-04-20,131.27463922976452,131.77048682845773,128.15367596540483,129.41761779785156,94812300,0.0,0.0
2021-04-21,128.68837675651753,130.03981801008018,127.657783189335,129.7967529296875,68847100,0.0,0.0
2021-04-22,129.34955290809418,130.42876284437168,127.76477810538648,128.2800750732422,84566500,0.0,0.0
2021-04-23,128.49395363729542,131.37183646308597,128.49395363729542,130.5940399169922,78657500,0.0,0.0
2021-04-26,131.08988992627178,131.3135056957382,129.85511489088012,130.98294067382812,66905100,0.0,0.0
2021-04-27,131.26487557787047,131.6537886519638,130.38984712331498,130.66207885742188,66015800,0.0,0.0
2021-04-28,130.58431883810096,131.2746303918658,129.38844245381026,129.87457275390625,107760100,0.0,0.0
2021-04-29,132.6843927517533,133.26775499092827,128.77590135452442,129.77732849121094,151101000,0.0,0.0
2021-04-30,128.12448539137938,129.8551078660134,127.43418875564703,127.81336975097656,109839500,0.0,0.0
2021-05-03,128.3772578570978,130.35096013574108,128.17309147912826,128.86338806152344,75135100,0.0,0.0
2021-05-04,127.55082759550017,127.84250864451893,123.18537362870718,124.30347442626953,137564700,0.0,0.0
2021-05-05,125.61606280982821,126.83138852361431,124.42018646140798,124.54658508300781,84000900,0.0,0.0
2021-05-06,124.342417464098,126.150822917844,123.60349727215355,126.14110565185547,78128300,0.0,0.0
2021-05-07,127.43641354670608,127.8357062427534,126.10214376686281,126.8131103515625,78973300,0.22,0.0
2021-05-10,126.03393749535272,126.16053593199283,123.50176071253134,123.54071807861328,88071200,0.0,0.0
2021-05-11,120.27812799107281,122.97586087179818,119.5671689854115,122.62525939941406,126142800,0.0,0.0
2021-05-12,120.18074615402475,121.3883949923918,119.06074583190636,119.56717681884766,112172300,0.0,0.0
2021-05-13,121.32995276517451,122.85899423262195,121.01830123774441,121.70977783203125,105861300,0.0,0.0
2021-05-14,122.95638491442686,124.55359993393608,122.56681864446786,124.12507629394531,81918000,0.0,0.0
2021-05-17,123.51151514879045,123.61864605940792,121.9045589198871,122.97586059570312,74244600,0.0,0.0
2021-05-18,123.25830711587349,123.6770895961018,121.52474484946401,121.5929183959961,63342900,0.0,0.0
2021-05-19,119.94699632595916,121.66107596519278,119.65481977612977,121.43708038330078,92612000,0.0,0.0
2021-05-20,121.96300011967811,124.38803886132331,121.83638680726905,123.98873138427734,76857100,0.0,0.0
2021-05-21,124.48543261389995,124.66073707262268,121.94352167759979,122.15778350830078,79295400,0.0,0.0
2021-05-24,122.72265728570756,124.60230780549196,122.65448374065255,123.78421783447266,63092900,0.0,0.0
2021-05-25,124.48542900111524,124.9723924215316,123.02456103094238,123.58943176269531,72009500,0.0,0.0
2021-05-26,123.64784897774915,124.06663137518274,123.12193568117969,123.54071807861328,56575900,0.0,0.0
2021-05-27,123.14142966400581,124.31012103497811,121.816908814046,122.01168823242188,94625600,0.0,0.0
2021-05-28,122.29413896553177,122.5181420121491,121.30075191834936,121.35918426513672,71311100,0.0,0.0
2021-06-01,121.81690564628397,122.07985859728936,120.70664664362424,121.03777313232422,67637100,0.0,0.0
2021-06-02,121.0377893589411,121.97274404282008,120.81379374664016,121.79743957519531,59278900,0.0,0.0
2021-06-03,121.4273366140028,121.59289985456873,119.91777018909227,120.31707763671875,76229200,0.0,0.0
2021-06-04,120.83324696740925,122.86872666566839,120.61898516439692,122.60576629638672,75169300,0.0,0.0
2021-06-07,122.87847726693603,123.02456555539773,121.5734387321586,122.61552429199219,71057600,0.0,0.0
2021-06-08,123.2972466766342,125.10873085926178,122.91742162506401,123.43359375,74403800,0.0,0.0
2021-06-09,123.89132262739905,124.41723590564901,123.21932108902007,123.81340789794922,56877900,0.0,0.0
2021-06-10,123.70629386140669,124.84577650141729,122.65447459192099,122.82003784179688,71186400,0.0,0.0
2021-06-11,123.22907955985254,124.1153430132604,122.81029711830921,124.0276870727539,53522400,0.0,0.0
2021-06-14,124.48542499652146,127.13445925571631,123.75499103493249,127.0760269165039,96906500,0.0,0.0
2021-06-15,126.55014169243728,127.19292725029605,126.01448706088831,126.25796508789062,62746300,0.0,0.0
2021-06-16,126.96889285474992,127.47533121654288,125.10873237290743,126.75463104248047,91815000,0.0,0.0
2021-06-17,126.41376207268152,129.09201968074376,126.26766637763058,128.35183715820312,96721700,0.0,0.0
2021-06-18,127.30002703971456,128.0791446469785,126.84228727205331,127.05654907226562,108953300,0.0,0.0
2021-06-21,126.90076263607253,128.95571797256497,125.83920190461266,128.8485870361328,79663300,0.0,0.0
2021-06-22,128.6829675675103,130.58209255634193,128.18626305147518,130.4846954345703,74783600,0.0,0.0
2021-06-23,130.28020184164183,130.81585637036997,129.75428108226635,130.21202087402344,60214200,0.0,0.0
2021-06-24,130.9424885852543,131.12753427569476,129.4621379224508,129.92962646484375,68711000,0.0,0.0
2021-06-25,129.97832637994586,130.3971014851615,129.34527454506005,129.637451171875,70783700,0.0,0.0
2021-06-28,129.92963053570742,131.72162542219795,129.87119818125763,131.26388549804688,62111300,0.0,0.0
2021-06-29,131.28330792306184,132.92922117145156,130.84505060419642,132.7733917236328,64556100,0.0,0.0
2021-06-30,132.6176097807272,133.8252661428457,132.32543317658508,133.3870086669922,63261400,0.0,0.0
2021-07-01,133.03636937045857,133.74732088516166,132.21827209331306,133.6888885498047,52485800,0.0,0.0
2021-07-02,134.30242979267734,136.34765049437885,134.15634896857634,136.30870056152344,78852600,0.0,0.0
2021-07-06,136.415876793308,139.4155130237445,136.415876793308,138.31500244140625,108181800,0.0,0.0
2021-07-07,139.79534920414747,141.11013660484417,138.9383165822972,140.79849243164062,104911600,0.0,0.0
2021-07-08,137.88647618396286,140.30177401839643,137.00021261100082,139.503173828125,105575500,0.0,0.0
2021-07-09,139.02589338469298,141.85023133403726,138.92849627166194,141.32432556152344,99890800,0.0,0.0
2021-07-12,142.39565084398657,142.50278173643568,140.24329922685985,140.73025512695312,76299700,0.0,0.0
2021-07-13,140.2725467114718,143.61307265954179,139.882987848704,141.84054565429688,100827100,0.0,0.0
2021-07-14,144.23637643322533,145.66802829472786,143.82732030646622,145.25897216796875,127050800,0.0,0.0
2021-07-15,145.3466585952039,146.08682649960923,143.2527384989439,144.60647583007812,106820300,0.0,0.0
2021-07-16,144.58697348148013,145.85304711779946,142.0742788872529,142.5709686279297,93251400,0.0,0.0
2021-07-19,139.99983785193092,140.31149679803218,137.97409928442224,138.73374938964844,121434600,0.0,0.0
2021-07-20,139.71742366986297,143.26246279631377,139.23046766424767,142.3372344970703,96350000,0.0,0.0
2021-07-21,141.7334095777614,142.31776271135624,140.85689473808662,141.60679626464844,74993500,0.0,0.0
2021-07-22,142.13269584600698,144.33373124740575,142.006082551789,142.9702606201172,77338200,0.0,0.0
2021-07-23,143.700726126391,144.8402014430063,143.0871567787064,144.6843719482422,71447400,0.0,0.0
2021-07-26,144.40194679352788,145.92124724515625,143.84680978043045,145.10316467285156,72434100,0.0,0.0
2021-07-27,145.22975487472473,145.31741825019225,141.7528967098648,142.94107055664062,104818600,0.0,0.0
2021-07-28,141.03220589476328,143.13585955365372,138.82142131266863,141.19776916503906,118931200,0.0,0.0
2021-07-29,140.91533220968486,142.72680915691933,140.80820129331602,141.84054565429688,56699500,0.0,0.0
2021-07-30,140.61342392407167,142.51254941417247,140.35046351445212,142.0548095703125,70440600,0.0,0.0
2021-08-02,142.54173040964227,143.1163348001012,141.46068772656318,141.72364807128906,62880000,0.0,0.0
2021-08-03,142.00610422671278,144.17792379335657,141.3925349204239,143.5156707763672,64786600,0.0,0.0
2021-08-04,143.4280072023747,143.93443068193204,142.46382908813206,143.11634826660156,56368300,0.0,0.0
2021-08-05,143.14559599106772,143.98316098970645,142.35672956946877,143.2235107421875,46397700,0.0,0.0
2021-08-06,142.74557545925379,143.48685218422662,142.0433070322341,142.54074096679688,54126800,0.22,0.0
2021-08-09,142.59926530339968,143.0869508994325,141.936020036627,142.49197387695312,48908700,0.0,0.0
2021-08-10,142.83337693150492,144.0721026616934,141.72145423409515,142.01406860351562,69023100,0.0,0.0
2021-08-11,142.45294678468827,143.10644361120174,141.94574966449076,142.2676239013672,48493500,0.0,0.0
2021-08-12,142.58952310526286,145.37908543032157,142.24813722010816,145.2230224609375,72282600,0.0,0.0
2021-08-13,145.30103817728678,145.75946379823836,144.6182813640554,145.42784118652344,59375000,0.0,0.0
2021-08-16,144.88161214330344,147.46635440777192,142.8626017681946,147.3980712890625,103296000,0.0,0.0
2021-08-17,146.52999034959836,147.9442754116722,145.41806793520456,146.49098205566406,92229700,0.0,0.0
2021-08-18,146.11058891263426,147.0079285089272,142.55047558587256,142.75531005859375,86326000,0.0,0.0
2021-08-19,141.45806146213795,144.35491465635323,140.9411159989395,143.08692932128906,86960300,0.0,0.0
2021-08-20,143.80870914358007,144.84260006919433,143.1649606824682,144.5402374267578,60549600,0.0,0.0
2021-08-23,144.65729855503196,146.4910011515847,144.24764444190524,146.0228271484375,60131800,0.0,0.0
2021-08-24,145.7692167650667,147.14449367144724,145.4766024407117,145.93502807617188,48606400,0.0,0.0
2021-08-25,146.12032437546637,146.61777310120064,144.15983406027962,144.70603942871094,58991300,0.0,0.0
2021-08-26,144.69632845972228,145.4473535938561,143.87700531241939,143.90626525878906,48597200,0.0,0.0
2021-08-27,143.84772924961433,145.08645474475415,143.21374397198983,144.94015502929688,55802400,0.0,0.0
2021-08-30,145.33029180641267,149.70971334019745,144.9498976782118,149.34881591796875,90956700,0.0,0.0
2021-08-31,148.90015120519527,149.03670255975587,147.56388271808643,148.09059143066406,86453100,0.0,0.0
2021-09-01,149.06594053769027,151.1629820772436,148.58800342565723,148.75381469726562,80313700,0.0,0.0
2021-09-02,150.08033599159282,150.9094073223183,148.6465393833382,149.86575317382812,71115500,0.0,0.0
2021-09-03,149.97303195298093,150.82161480012687,149.31953520226918,150.49974060058594,57808700,0.0,0.0
2021-09-07,151.15326259436534,153.38685589495006,150.58754556278473,152.83090209960938,82278300,0.0,0.0
2021-09-08,153.113733911437,153.17225378958634,150.18762094012845,151.289794921875,74420200,0.0,0.0
2021-09-09,151.66044621375175,152.26517148741016,150.15836649901337,150.27542114257812,57305700,0.0,0.0
2021-09-10,151.1825274626448,151.65070144497142,145.03768627305047,145.30104064941406,140893200,0.0,0.0
2021-09-13,146.9201475258426,147.69068411470718,145.0864451705449,145.8667449951172,102404300,0.0,0.0
2021-09-14,146.64708895618836,147.34935752136766,143.29180911877296,144.4720001220703,109296300,0.0,0.0
2021-09-15,144.9011172737186,145.7594485393446,142.76505234502355,145.3595428466797,83281300,0.0,0.0
2021-09-16,144.78411725815147,145.30106285331667,143.59416308886955,145.12548828125,68034100,0.0,0.0
2021-09-17,145.15474141357228,145.15474141357228,142.17009319848557,142.46270751953125,129868800,0.0,0.0
2021-09-20,140.2583754550107,141.27275491051466,137.79068761664803,139.4195556640625,123478900,0.0,0.0
2021-09-21,140.38519239279663,141.0387042995896,139.26352128445325,139.8975067138672,75834000,0.0,0.0
2021-09-22,140.89237536058963,142.82360628582634,140.16084691647131,142.25790405273438,76404300,0.0,0.0
2021-09-23,143.0382010544173,143.45761846975984,142.05308135891542,143.21377563476562,64838200,0.0,0.0
2021-09-24,142.07258175581498,143.83800136075783,141.97503867631073,143.30154418945312,53477900,0.0,0.0
2021-09-27,141.88721590155166,142.3651530337308,140.2778597575895,141.7896728515625,74150700,0.0,0.0
2021-09-28,139.72192610299075,141.18498292082313,138.20034939372246,138.41493225097656,108972300,0.0,0.0
2021-09-29,138.96116732939618,140.89239857280592,138.53200152353028,139.3123016357422,74602000,0.0,0.0
2021-09-30,140.12183534910463,140.82410382973063,137.80044704464729,138.01502990722656,89056700,0.0,0.0
2021-10-01,138.4051902289527,139.40007318481307,135.68391067917057,139.13671875,94639600,0.0,0.0
2021-10-04,138.26861784072736,138.70754679310303,134.8645818313905,135.71315002441406,98322000,0.0,0.0
2021-10-05,136.0545015739937,138.73677173382114,135.92769858570284,137.6345977783203,80861100,0.0,0.0
2021-10-06,136.035013031244,138.64900052233625,134.96209883237336,138.50270080566406,83221100,0.0,0.0
2021-10-07,139.5365636274982,140.66799748439982,139.20494108139994,139.76089477539062,61732700,0.0,0.0
2021-10-08,140.48271316225515,140.62901288949595,139.04891630336158,139.3805389404297,58773200,0.0,0.0
2021-10-11,138.76606124094116,141.2434974770439,138.31738395190774,139.29275512695312,64452200,0.0,0.0
2021-10-12,139.7024045703548,139.72191616043952,137.56633938704366,138.02476501464844,73035900,0.0,0.0
2021-10-13,137.7614036307742,137.91745167770748,135.7716384818284,137.4395294189453,78762700,0.0,0.0
2021-10-14,138.61000380183043,140.33641501765865,138.02477512030043,140.2193603515625,69907100,0.0,0.0
2021-10-15,140.2291266309253,141.33128600610704,139.97552058470157,141.27276611328125,67940300,0.0,0.0
2021-10-18,139.91697189226727,143.22347910319027,139.63412084083484,142.9406280517578,85589200,0.0,0.0
2021-10-19,143.38929207620686,145.4960971069184,142.94062972963636,145.09619140625,76378900,0.0,0.0
2021-10-20,145.03768735830047,146.0618300447265,144.47197030405582,145.58389282226562,58418800,0.0,0.0
2021-10-21,145.1449650896746,145.9545248556128,144.22811391179323,145.7984619140625,61421000,0.0,0.0
2021-10-22,146.0033099939033,146.481232332848,144.97916730862042,145.02793884277344,58883400,0.0,0.0
2021-10-25,145.0181495258691,145.69115788039105,143.98425867288518,144.97914123535156,50720600,0.0,0.0
2021-10-26,145.65218915043056,147.1249943659197,145.34006320959406,145.64244079589844,60893400,0.0,0.0
2021-10-27,145.68143968000115,146.04232225315448,144.83287151805337,145.1840057373047,56094900,0.0,0.0
2021-10-28,146.1300923838208,149.39757634919977,146.0325493292803,148.81236267089844,100077900,0.0,0.0
2021-10-29,143.59416643761676,146.247177609724,142.80411805235417,146.11062622070312,124953200,0.0,0.0
2021-11-01,145.3205654883688,146.01307072992742,144.1598713388164,145.2913055419922,74588300,0.0,0.0
2021-11-02,144.9986596105235,147.83699285465968,144.98889637520205,146.32516479492188,69122000,0.0,0.0
2021-11-03,146.6860731609645,148.2271614322934,146.13011931995035,147.7589874267578,54511500,0.0,0.0
2021-11-04,147.84680622511763,148.67586302809536,146.92995468054104,147.24208068847656,60394600,0.0,0.0
2021-11-05,148.36536141475236,148.6681654176707,146.57782514412813,147.76951599121094,65463900,0.22,0.0
2021-11-08,147.8964665160418,148.0527572213007,146.67547332752292,146.948974609375,55020900,0.0,0.0
2021-11-09,146.71454897260128,147.91600218212633,146.57779832196186,147.31039428710938,56787900,0.0,0.0
2021-11-10,146.53874739869644,146.64619541359409,144.41910465453822,144.4874725341797,65187100,0.0,0.0
2021-11-11,145.50333134171993,145.96241109507744,144.25302053135974,144.43861389160156,41000000,0.0,0.0
2021-11-12,144.98560270947831,146.90988909643477,144.05765090115398,146.50941467285156,63804000,0.0,0.0
2021-11-15,146.88062009926887,148.35558969382197,145.96243066007273,146.5192108154297,59222800,0.0,0.0
2021-11-16,146.46055672746397,147.97459104914827,145.87447411755394,147.49595642089844,59256200,0.0,0.0
2021-11-17,147.49599850722544,151.40317727562876,147.48623592599793,149.92822265625,88807000,0.0,0.0
2021-11-18,150.14311888912806,154.98801222203343,149.49843081431837,154.20657348632812,137827700,0.0,0.0
2021-11-19,153.99164315630802,157.28345067512842,152.8976381128572,156.82435607910156,117305600,0.0,0.0
2021-11-22,157.9281509208038,161.8548695638248,157.26393771700205,157.28347778320312,117467900,0.0,0.0
2021-11-23,157.38111945184002,158.04534743857107,155.36892523842945,157.66439819335938,96041900,0.0,0.0
2021-11-24,157.01974088138022,158.3774848564214,155.9354982175197,158.18212890625,69463600,0.0,0.0
2021-11-26,155.8671359816053,156.72670517440085,152.7316184657377,153.17117309570312,76959800,0.0,0.0
2021-11-29,155.67176964553224,157.44954318891868,155.10522691977297,156.52159118652344,88748200,0.0,0.0
2021-11-30,156.2774094838687,161.67908367603815,156.20902669183067,161.4641876220703,174048100,0.0,0.0
2021-12-01,163.59356203535145,166.34813007275002,160.71202083002768,160.9464569091797,152052500,0.0,0.0
2021-12-02,155.05637149837315,160.38966136948252,154.13818224096923,159.95986938476562,136739200,0.0,0.0
2021-12-03,160.2138312915339,161.13202046747685,156.01361213812496,158.08441162109375,118023100,0.0,0.0
2021-12-06,160.47759138079394,163.98429560873123,160.4678287996897,161.48370361328125,107497000,0.0,0.0
2021-12-07,165.15645786646198,167.5984447377344,164.43362438687151,167.2077178955078,120405400,0.0,0.0
2021-12-08,168.13570063364043,171.87682666062753,166.73887626153672,171.01724243164062,116998900,0.0,0.0
2021-12-09,170.85117673379307,172.64847553279014,169.8841445461616,170.50929260253906,108923700,0.0,0.0
2021-12-10,171.14419733842757,175.46162790674452,170.63625994665398,175.28579711914062,115402700,0.0,0.0
2021-12-13,176.91700933892764,177.90358129097453,171.45673183795216,171.661865234375,153237000,0.0,0.0
2021-12-14,171.18324085105056,173.61546458889217,168.21379204713816,170.2845916748047,139380400,0.0,0.0
2021-12-15,171.04648048892548,175.33460762233094,168.31145298797125,175.13925170898438,131063300,0.0,0.0
2021-12-16,175.11975249855263,176.93659123544322,166.78769490587976,168.2626495361328,150185800,0.0,0.0
2021-12-17,165.98672717242667,169.44458898529163,165.75230596796482,167.1686553955078,195432700,0.0,0.0
2021-12-20,164.37497819410103,166.6216085377041,163.57401445003114,165.8108673095703,107499100,0.0,0.0
2021-12-21,167.57889907243998,169.18084181030284,165.1955175809284,168.97572326660156,91185900,0.0,0.0
2021-12-22,169.02450690730925,171.77907444050894,168.15516043354702,171.56417846679688,92135300,0.0,0.0
2021-12-23,171.76934702247985,172.74614168304623,171.2028043307869,172.18936157226562,68356600,0.0,0.0
2021-12-27,172.9805356564393,176.2332631531054,172.9610104976855,176.14535522460938,74919600,0.0,0.0
2021-12-28,175.97935346537145,177.1222015844957,174.38717318344425,175.12953186035156,79144300,0.0,0.0
2021-12-29,175.16859502828655,176.4384311169709,174.00620695259946,175.21743774414062,62348900,0.0,0.0
2021-12-30,175.30532209148024,176.3798020768136,173.95734081982604,174.06478881835938,59773000,0.0,0.0
2021-12-31,173.9573701608435,175.07091555859822,173.14662874511,173.44944763183594,64062300,0.0,0.0
2022-01-03,173.70338274431063,178.63619837680892,173.5861721636794,177.786376953125,104487900,0.0,0.0
2022-01-04,178.39201490568885,178.69481886787932,174.96345608354855,175.52999877929688,99310400,0.0,0.0
2022-01-05,175.4420540347499,175.98905654908802,170.58738436294814,170.8608856201172,94537600,0.0,0.0
2022-01-06,168.6924202141222,171.23209207239668,167.65702034880644,168.0086669921875,96904000,0.0,0.0
2022-01-07,168.8780217142409,170.09901499255682,167.06118311991872,168.1747283935547,86709100,0.0,0.0
2022-01-10,165.1564429133354,168.4970788622131,164.2675561955421,168.19427490234375,106765600,0.0,0.0
2022-01-11,168.32129403805408,171.11491297284869,166.85610177757536,171.01724243164062,76138300,0.0,0.0
2022-01-12,172.0330771442787,173.06847713761263,170.76325596284155,171.45677185058594,74805200,0.0,0.0
2022-01-13,171.70096415486904,172.52146809219963,167.80354809549323,168.19427490234375,84505800,0.0,0.0
2022-01-14,167.36399798657283,169.74737940608347,167.11979931497876,169.05386352539062,80440800,0.0,0.0
2022-01-18,167.53003637041928,168.53613361538314,165.47877665458643,165.85972595214844,90956700,0.0,0.0
2022-01-19,166.05509393247632,167.1100339648471,162.08930995625335,162.37257385253906,94815000,0.0,0.0
2022-01-20,163.1051891966637,165.74253213798244,160.37016081486053,160.6925048828125,91420500,0.0,0.0
2022-01-21,160.604556493883,162.4702376425932,158.5337568383858,158.64120483398438,122848900,0.0,0.0
2022-01-24,156.30672027070835,158.53381139617989,151.11016437480347,157.8695831298828,162294600,0.0,0.0
2022-01-25,155.29079647095608,158.98307875093712,153.3762874615523,156.07223510742188,115798400,0.0,0.0
2022-01-26,159.70589857439398,160.57524507136318,154.15771304423117,155.98431396484375,108275300,0.0,0.0
2022-01-27,158.68024929795948,160.037992934875,154.60701838721283,155.52520751953125,121954600,0.0,0.0
2022-01-28,161.86466955096992,166.3969967339565,159.02219316405643,166.37745666503906,179935700,0.0,0.0
2022-01-31,166.21138037947398,170.93906288440527,165.576454917367,170.7241668701172,115541600,0.0,0.0
2022-02-01,169.97202274767105,170.78276405312576,168.31147491088436,170.55810546875,86213900,0.0,0.0
2022-02-02,170.69484950775998,171.79863213102016,169.30780301992357,171.75955200195312,84914300,0.0,0.0
2022-02-03,170.43112418107953,172.15029228212393,168.12588824034546,168.88778686523438,89418100,0.0,0.0
2022-02-04,167.90975737649003,170.27662529840396,166.93171820745542,168.6041717529297,82465400,0.22,0.0
2022-02-07,169.0638417050099,170.12990075671365,167.19578341710826,167.89019775390625,77251200,0.0,0.0
2022-02-08,167.9586729996618,171.499185164809,167.66525824555538,170.9906005859375,74829200,0.0,0.0
2022-02-09,172.18382283840776,172.7706374679008,171.05906868207904,172.4087677001953,71285000,0.0,0.0
2022-02-10,170.31573108381698,171.62629991772872,167.78261335475796,168.340087890625,90865900,0.0,0.0
2022-02-11,168.54547473503922,169.27900403758753,164.34967876719554,164.93650817871094,98670700,0.0,0.0
2022-02-14,163.6943705402025,165.8558431366665,162.90216139662053,165.1712188720703,86185500,0.0,0.0
2022-02-15,167.21533801275692,169.15185115822308,166.5111487010071,168.995361328125,62527400,0.0,0.0
2022-02-16,168.07605663944543,169.53332561896576,166.3155829464961,168.76068115234375,61177400,0.0,0.0
2022-02-17,167.27399659697775,168.1346756288642,164.77021933006054,165.1712188720703,69589300,0.0,0.0
2022-02-18,166.09063975736873,166.7948143179217,162.54035235125863,163.6259765625,82772700,0.0,0.0
2022-02-22,161.3569203806229,163.0293741588099,158.58906735628025,160.71142578125,91162800,0.0,0.0
2022-02-23,161.90457789540673,162.5011823133144,156.24173835796486,156.55471801757812,90009200,0.0,0.0
2022-02-24,149.22922517438823,159.27369208830245,148.66196063900136,159.16610717773438,141147500,0.0,0.0
2022-02-25,160.24187704895593,161.49376554748775,157.33710055310164,161.22970581054688,91974200,0.0,0.0
2022-02-28,159.479061922758,161.78723492110947,158.86289248069977,161.4938201904297,95056600,0.0,0.0
2022-03-01,161.08305614073245,162.9413396082361,158.4130132555384,159.61599731445312,83474400,0.0,0.0
2022-03-02,160.7798480922219,163.6846254319098,159.37146939131958,162.90219116210938,79724800,0.0,0.0
2022-03-03,164.77023477279693,165.2005743290728,161.9143626273284,162.5794219970703,76678400,0.0,0.0
2022-03-04,160.87767357199544,161.91439273743828,158.54016047816125,159.58665466308594,83737200,0.0,0.0
2022-03-07,159.7724722055909,161.3960207362876,155.54733601828758,155.8016357421875,96418800,0.0,0.0
2022-03-08,155.33219707675556,159.30303394754864,152.3785144348394,153.9824981689453,131148300,0.0,0.0
2022-03-09,157.93372624467713,159.82134918778635,155.9091933685317,159.37144470214844,91454900,0.0,0.0
2022-03-10,156.68188663700346,156.86771648439594,152.5545597614365,155.03878784179688,105342000,0.0,0.0
2022-03-11,155.4397780469511,155.7820977698025,151.1070711319146,151.33201599121094,96970100,0.0,0.0
2022-03-14,148.1240148231261,150.73537736075448,146.80367102699051,147.31224060058594,108732100,0.0,0.0
2022-03-15,147.58609577139651,152.1535515492418,147.0775261791108,151.68408203125,92964300,0.0,0.0
2022-03-16,153.60106822684398,156.48628104894496,151.06795013405093,156.0852813720703,102300200,0.0,0.0
2022-03-17,155.12676781405298,157.46428044860957,154.16829376386883,157.09262084960938,75615400,0.0,0.0
2022-03-18,156.98504839102176,160.86786475806085,156.25151907619613,160.37884521484375,123511700,0.0,0.0
2022-03-21,159.9191646814939,162.6968070121453,159.4301451412394,161.74810791015625,95811400,0.0,0.0
2022-03-22,161.87525716684658,165.6993938917205,161.28844262082922,165.11257934570312,81532000,0.0,0.0
2022-03-23,164.30079784879288,168.84867380689857,163.9682532045546,166.4720458984375,98062700,0.0,0.0
2022-03-24,167.30337650948087,170.31573891650316,166.4720521767643,170.24728393554688,90131400,0.0,0.0
2022-03-25,170.06147670026667,171.4307257382337,168.95628752581777,170.88302612304688,80546200,0.0,0.0
2022-03-28,168.38901573521346,171.87083307439428,168.22275085370143,171.7436981201172,90371900,0.0,0.0
2022-03-29,172.80972386459516,175.0787667230212,172.467404224187,175.02987670898438,100589400,0.0,0.0
2022-03-30,174.6288971925018,175.66561632731086,172.81951875433577,173.86602783203125,92633200,0.0,0.0
2022-03-31,173.93448350287292,174.1203133341303,170.5700263491638,170.77542114257812,103049300,0.0,0.0
2022-04-01,170.20814487239906,171.0394840841696,168.16404671715162,170.48199462890625,78751300,0.0,0.0
2022-04-04,170.7362946873885,174.5702062097959,170.60914482743888,174.52130126953125,76468400,0.0,0.0
2022-04-05,173.60194829792937,174.38438259894033,170.58958593943765,171.2155303955078,73401800,0.0,0.0
2022-04-06,168.57481703992445,169.81693085468368,166.39379406221198,168.05645751953125,89058800,0.0,0.0
2022-04-07,167.40120586506256,169.5528892849942,166.11997680279987,168.35968017578125,77594700,0.0,0.0
2022-04-08,168.00761007397873,168.00761007397873,165.4842665840367,166.35472106933594,76575500,0.0,0.0
2022-04-11,165.00500326610816,165.31796805598518,161.8654908055094,162.11000061035156,72246700,0.0,0.0
2022-04-12,164.33013728303388,166.13950070260202,162.9804385205217,163.97804260253906,79265200,0.0,0.0
2022-04-13,163.71394494457553,167.2837812669122,163.10756555004033,166.6578369140625,70618900,0.0,0.0
2022-04-14,166.87304601950618,167.50878046321276,161.4155854111937,161.66009521484375,75329400,0.0,0.0
2022-04-18,160.3201618914843,162.94131434841603,159.97785717263437,161.44491577148438,69023900,0.0,0.0
2022-04-19,161.39603175237912,164.1345444765827,160.31040765157212,163.7237548828125,67723800,0.0,0.0
2022-04-20,165.05390933318154,165.1712841990279,162.4523360987669,163.55751037597656,67929800,0.0,0.0
2022-04-21,165.2006278854853,167.76308617115384,162.26650987641895,162.7653045654297,87227800,0.0,0.0
2022-04-22,162.8043941791054,164.1834179598548,157.95331370568275,158.2369384765625,84882400,0.0,0.0
2022-04-25,157.58165071304833,159.58663379803306,154.9800781201004,159.30300903320312,96046400,0.0,0.0
2022-04-26,158.68687865808295,158.77489861463468,153.27832244686797,153.3565673828125,95623200,0.0,0.0
2022-04-27,152.48605200867664,156.2808328803658,151.96769257357874,153.13156127929688,88063200,0.0,0.0
2022-04-28,155.7527641169675,160.90703559165522,155.43978436635686,160.04635620117188,130216800,0.0,0.0
2022-04-29,158.28585264208988,162.55010393809633,153.79665651995063,154.1878662109375,131747600,0.0,0.0
2022-05-02,153.26853978592672,154.75514872367953,149.9040823265059,154.4910888671875,123055300,0.0,0.0
2022-05-03,154.67685229380245,157.1806445145201,152.88705416758032,155.97764587402344,88966500,0.0,0.0
2022-05-04,156.1635144371754,162.82395888042848,155.76251479077115,162.3740692138672,108256500,0.0,0.0
2022-05-05,160.25171284753384,160.47665766238154,151.5471558846843,153.3271942138672,130525300,0.0,0.0
2022-05-06,152.80807823964273,156.16768941381943,151.01563498071906,154.05201721191406,116124600,0.23,0.0
2022-05-09,151.7502553954864,152.6317930294346,148.3808694909006,148.9391632080078,131577900,0.0,0.0
2022-05-10,152.32814774676658,153.5231099451531,149.7912929478581,151.3388671875,115366700,0.0,0.0
2022-05-11,150.3495886480442,152.25956414663153,142.81741468212965,143.49325561523438,142689800,0.0,0.0
2022-05-12,139.8398213340432,143.19941752795359,135.95129962230052,139.63412475585938,182602000,0.0,0.0
2022-05-13,141.6224448185645,145.06041547307086,140.17282438448345,144.09072875976562,113990900,0.0,0.0
2022-05-16,142.56275232444813,144.49232147743598,141.22085987637433,142.55294799804688,86643800,0.0,0.0
2022-05-17,145.80481151470883,146.69613834453236,143.66954586445135,146.17701721191406,78336300,0.0,0.0
2022-05-18,143.83608013972986,144.33560760113403,137.0287088681347,137.92984008789062,109742900,0.0,0.0
2022-05-19,137.00910949443605,138.7525756020971,133.79642936713128,134.53103637695312,136095600,0.0,0.0
2022-05-20,136.2353274341848,137.81228455615957,129.88832647827988,134.76611328125,137426100,0.0,0.0
2022-05-23,134.96204525071005,140.31978230159262,134.82491915388553,140.17286682128906,117726300,0.0,0.0
2022-05-24,137.92002455292192,139.05622039365426,134.51145197634384,137.47926330566406,104132700,0.0,0.0
2022-05-25,135.58885488011762,138.87989482274827,135.50070562747283,137.63597106933594,92482700,0.0,0.0
2022-05-26,134.57021942674126,141.37757526410218,134.32535040420584,140.82907104492188,90601500,0.0,0.0
2022-05-27,142.40601366145458,146.60795908464218,142.27867700009156,146.56878662109375,90978500,0.0,0.0
2022-05-31,146.01053811087894,147.567901829154,143.8262952175465,145.78524780273438,103718400,0.0,0.0
2022-06-01,146.8234773391278,148.62572491730577,144.6490389655957,145.6579132080078,74286600,0.0,0.0
2022-06-02,144.79599350624025,148.16539460884292,143.8459002321125,148.10662841796875,72348100,0.0,0.0
2022-06-03,143.88506398253034,144.93311080828775,141.4951543400914,142.39627075195312,88570300,0.0,0.0
2022-06-06,144.01238876362018,145.5207905259265,141.9260996131152,143.14065551757812,71598400,0.0,0.0
2022-06-07,141.3873963509184,145.94195473174813,141.14252729935507,145.6579132080078,67808200,0.0,0.0
2022-06-08,145.53057980516448,146.7940975636926,144.43357121198528,144.92330932617188,53950200,0.0,0.0
2022-06-09,144.06135517233236,144.91349464755012,139.60473566244548,139.7124786376953,69473000,0.0,0.0
2022-06-10,137.40092646925825,137.87107088214006,134.24701176433422,134.31558227539062,91437900,0.0,0.0
2022-06-13,130.14301182018457,132.4251934035628,128.7423678783914,129.17333984375,122207100,0.0,0.0
2022-06-14,130.3976794412042,131.14207601932122,128.7815346427886,130.03526306152344,84784300,0.0,0.0
2022-06-15,131.53386454500733,134.5212702217429,129.4475902081577,132.6504669189453,91533000,0.0,0.0
2022-06-16,129.36917037599494,129.67280549424058,126.39155546124401,127.390625,108123900,0.0,0.0
2022-06-17,127.40043848521918,130.3486555868999,127.1457651840292,128.85984802246094,134520300,0.0,0.0
2022-06-21,130.68170729877417,134.24699991857628,130.58376865027734,133.0814208984375,81000500,0.0,0.0
2022-06-22,132.0235786011109,134.93262385029735,131.16164978530637,132.5720977783203,73409200,0.0,0.0
2022-06-23,134.0119372202921,135.74559928638683,132.84635818263115,135.4321746826172,72433800,0.0,0.0
2022-06-24,137.0287064173905,138.99746302987265,136.90138468183136,138.75259399414062,89116800,0.0,0.0
2022-06-27,139.7712426067131,140.5450371291734,138.0767530642211,138.75259399414062,70207900,0.0,0.0
2022-06-28,139.212931320367,140.47644880841756,134.50165406172098,134.6191864013672,67083400,0.0,0.0
2022-06-29,134.63880492913648,137.7829151592785,133.8650103621575,136.37246704101562,66242400,0.0,0.0
2022-06-30,134.43310739232075,135.53011594509118,131.0245344279122,133.9139862060547,98964500,0.0,0.0
2022-07-01,133.24794276909347,136.1863715256026,132.87575195629162,136.07862854003906,71051600,0.0,0.0
2022-07-05,134.94243962271915,138.70362462604172,134.11966825992553,138.65464782714844,73353800,0.0,0.0
2022-07-06,138.44897021265854,141.16210859174285,138.1845074474581,139.9867401123047,74064300,0.0,0.0
2022-07-07,140.34916422789436,143.54226679903198,140.33937484449694,143.34637451171875,66253700,0.0,0.0
2022-07-08,142.27870461467543,144.5217134378149,142.02404618814074,144.0221710205078,64547800,0.0,0.0
2022-07-11,142.68029721118097,143.63039032716094,140.8290877786715,141.89671325683594,63141600,0.0,0.0
2022-07-12,142.76844044820817,145.40323372369386,142.07302074051665,142.86639404296875,77588800,0.0,0.0
2022-07-13,140.0552923046931,143.44427122627144,139.2031379384123,142.5039825439453,71185600,0.0,0.0
2022-07-14,141.12292146669557,145.8929653987599,140.30995449187216,145.42282104492188,78140700,0.0,0.0
2022-07-15,146.7059412883577,147.76377735798872,145.1583671279135,147.0879364013672,76259900,0.0,0.0
2022-07-18,147.64625063740658,148.4592176926782,143.68915834296686,144.05157470703125,81420900,0.0,0.0
2022-07-19,144.88409097349603,148.1261542059037,143.89482557447934,147.90087890625,82982400,0.0,0.0
2022-07-20,148.0184099284549,150.5650535340759,147.2838029205586,149.8990020751953,64823400,0.0,0.0
2022-07-21,151.32906041419434,152.3771070356204,148.821603940378,152.16162109375,65086600,0.0,0.0
2022-07-22,152.20082772301902,153.07256106692492,150.2614687565271,150.92750549316406,66675400,0.0,0.0
2022-07-25,150.849124954379,151.85798424989775,149.1546353044719,149.81088256835938,53623900,0.0,0.0
2022-07-26,149.13502930916428,149.94799628582763,147.70500253719806,148.48858642578125,55138700,0.0,0.0
2022-07-27,149.4484808165071,154.10099277980115,149.0371026048061,153.5720672607422,78620700,0.0,0.0
2022-07-28,153.75817384315252,154.40463173955777,151.2409277129022,154.12059020996094,81378700,0.0,0.0
2022-07-29,157.9307736596815,160.2717215621507,156.22647941293425,159.17469787597656,101786900,0.0,0.0
2022-08-01,157.7054523459462,160.2325026515257,157.58791998844677,158.1951904296875,67829400,0.0,0.0
2022-08-02,156.81413161603723,159.07671904499605,156.35377664743476,156.72596740722656,59907000,0.0,0.0
2022-08-03,157.53894532472003,163.17093336402678,157.45079605540153,162.7203826904297,82507500,0.0,0.0
2022-08-04,162.60285943908943,163.7586492750685,161.05528505110334,162.40696716308594,55474100,0.0,0.0
2022-08-05,160.0823306929475,162.67173843719075,159.8763484441019,162.1813201904297,56697000,0.23,0.0
2022-08-08,163.18179581085533,164.59420304327227,161.05338198319762,161.71054077148438,60276900,0.0,0.0
2022-08-09,160.8768354992681,162.6423445061743,160.1215870695177,161.75958251953125,63135500,0.0,0.0
2022-08-10,164.46669306704544,166.09488560468589,163.70164162721542,165.99681091308594,70170500,0.0,0.0
2022-08-11,166.80110596451257,167.71329198279503,164.9669459141007,165.26119995117188,57149200,0.0,0.0
2022-08-12,166.56569547580565,168.87065273956517,166.1537308916434,168.802001953125,68039400,0.0,0.0
2022-08-15,168.2331286414766,170.06728863023804,168.0663881848966,169.87112426757812,54091700,0.0,0.0
2022-08-16,169.46896318920653,170.38114909928223,168.3704308785935,169.71417236328125,56377100,0.0,0.0
2022-08-17,169.45915949271176,172.7743773350279,169.26299514755854,171.20504760742188,79542000,0.0,0.0
2022-08-18,170.42036968678258,171.54832585930868,169.80243780169835,170.8126983642578,62290100,0.0,0.0
2022-08-19,169.71418188591318,170.4105825645676,168.02714147630917,168.23312377929688,70346300,0.0,0.0
2022-08-22,166.43816395511286,166.6049043800519,163.9370276482697,164.35879516601562,69026800,0.0,0.0
2022-08-23,163.87821006023856,165.47697879172844,163.45644246473458,164.02532958984375,54147100,0.0,0.0
2022-08-24,164.11361274111158,164.88846719098774,163.06411023124903,164.319580078125,53841500,0.0,0.0
2022-08-25,165.54563671843377,166.8795753877456,165.12388407113372,166.7716827392578,51218200,0.0,0.0
2022-08-26,167.3013082441995,167.7721056277997,160.42563400937078,160.48448181152344,78961000,0.0,0.0
2022-08-29,158.0618418321346,159.77830620497173,156.7573420791942,158.28744506835938,73314000,0.0,0.0
2022-08-30,159.02305667853338,159.44480926961938,154.6975633016655,155.86476135253906,77906200,0.0,0.0
2022-08-31,157.23793525223348,157.50276536238007,154.1286845852179,154.2071533203125,87991100,0.0,0.0
2022-09-01,153.6382716729597,155.38415993328115,151.70602203096658,154.9329833984375,74229900,0.0,0.0
2022-09-02,156.68862526348613,157.2869361057138,152.00022815870258,152.82412719726562,76957800,0.0,0.0
2022-09-06,153.47153612406976,154.07965015411935,150.74481100262022,151.56871032714844,73714800,0.0,0.0
2022-09-07,151.85314497915547,153.6676838931478,150.66632598771957,152.97129821777344,87449600,0.0,0.0
2022-09-08,151.67658920142858,153.36362955067995,149.75414265238146,151.5000457763672,84923800,0.0,0.0
2022-09-09,152.49067960307377,154.79565178409123,151.78447599724632,154.35426330566406,68028800,0.0,0.0
2022-09-12,156.53171708379904,161.11222243462,156.24728104104713,160.29812622070312,104956000,0.0,0.0
2022-09-13,156.8357744463717,157.46350930410847,150.43091231518306,150.89190673828125,122656600,0.0,0.0
2022-09-14,151.82370097735972,154.08944624806267,150.66632089509483,152.333740234375,87965400,0.0,0.0
2022-09-15,151.68639505914092,152.2651001071562,148.4790697119515,149.45008850097656,90481100,0.0,0.0
2022-09-16,148.31232430924803,148.44964084888636,145.52673670084437,147.8120880126953,162278800,0.0,0.0
2022-09-19,146.44871449211215,151.59810678770754,146.2427471814607,151.51963806152344,81474200,0.0,0.0
2022-09-20,150.46032156880005,155.05064442927653,150.1464616536784,153.89324951171875,107689800,0.0,0.0
2022-09-21,154.32480845556432,155.69798850992015,150.65648959208787,150.77418518066406,101696800,0.0,0.0
2022-09-22,149.45988650515864,151.50983141556574,148.0180554999838,149.81298828125,86652500,0.0,0.0
2022-09-23,148.29271727039426,148.5673503753869,145.71311171309017,147.54727172851562,96029900,0.0,0.0
2022-09-26,146.79202323434507,150.82326264584486,146.77240230987616,147.88075256347656,93339400,0.0,0.0
2022-09-27,149.81302224747262,151.75507497309587,147.07647912072952,148.85179138183594,84442700,0.0,0.0
2022-09-28,144.81072915722658,147.75323924438212,142.06438341593866,146.96856689453125,146691400,0.0,0.0
2022-09-29,143.30025780798485,143.9083718149734,137.98410935439225,139.74961853027344,128138200,0.0,0.0
2022-09-30,138.5726147256006,140.35774479295515,135.35547138562947,135.5516357421875,124925300,0.0,0.0
2022-10-03,135.56141670515206,140.32828260431316,135.05137754414199,139.72015380859375,114311700,0.0,0.0
2022-10-04,142.25072959734777,143.41792753527417,141.4954812316815,143.30023193359375,87830100,0.0,0.0
2022-10-05,141.30911612057122,144.55568241187106,140.26941690015158,143.59445190429688,79471000,0.0,0.0
2022-10-06,143.01577382273572,144.7126168501461,142.43708385477177,142.64305114746094,68402200,0.0,0.0
2022-10-07,139.80845770678545,140.3577388347644,136.7776758724346,137.40541076660156,85925600,0.0,0.0
2022-10-10,137.72909545898438,139.1709266873786,135.91455644051044,137.72909545898438,74899000,0.0,0.0
2022-10-11,137.21903351996755,138.64125855443186,135.57123522583825,136.31666564941406,77033700,0.0,0.0
2022-10-12,136.46381898254117,137.67024396939837,135.51240615749046,135.68894958496094,70433700,0.0,0.0
2022-10-13,132.4031824941024,140.8383711075261,131.79505342070354,140.2498779296875,113224000,0.0,0.0
2022-10-14,141.54453406151188,141.75051634248345,135.5418185741853,135.72817993164062,88598000,0.0,0.0
2022-10-17,138.36665154683308,140.16156968133146,137.5819791306435,139.68096923828125,85250900,0.0,0.0
2022-10-18,142.70190006350694,143.88870378321928,137.91541341285344,140.9952392578125,99136600,0.0,0.0
2022-10-19,138.97476591255997,142.1722884311379,138.78840452952474,141.10317993164062,61758300,0.0,0.0
2022-10-20,140.2792613677454,143.09425775385319,139.91634163141597,140.6421661376953,64522000,0.0,0.0
2022-10-21,140.1321395849877,145.0167173026428,139.9163543059083,144.4478302001953,86548600,0.0,0.0
2022-10-24,144.36937374781388,147.35111109163424,143.20217553886908,146.5860595703125,75981900,0.0,0.0
2022-10-25,147.2137868289863,149.5678040506047,146.49778017936205,149.42066955566406,74732300,0.0,0.0
2022-10-26,148.06710843299678,149.07736899312695,145.20305222207165,146.4879608154297,88194300,0.0,0.0
2022-10-27,145.23250204640354,146.1937178528811,141.36800292889203,142.02516174316406,109180200,0.0,0.0
2022-10-28,145.36002058759684,154.48180643716302,144.98731275555542,152.7555389404297,164762400,0.0,0.0
2022-10-31,150.22494584357278,151.28425122815005,149.00870300208484,150.4014892578125,97943200,0.0,0.0
2022-11-01,152.10814502054632,152.4710497811702,146.27217011734126,147.76303100585938,80379300,0.0,0.0
2022-11-02,146.09559446780847,149.25388921211223,142.22129326523782,142.25071716308594,93604600,0.0,0.0
2022-11-03,139.33766635298934,140.0634909361085,136.09109910411752,136.21861267089844,97918500,0.0,0.0
2022-11-04,139.59825507529519,140.16808578570755,132.02346880241154,135.9533233642578,140814800,0.23,0.0
2022-11-07,134.70561435237354,136.70983394000362,133.29086405936027,136.48387145996094,83374600,0.0,0.0
2022-11-08,137.94774130575934,138.9498435557623,135.0789489012502,137.05369567871094,89908500,0.0,0.0
2022-11-09,136.07124673599705,136.12037292800636,132.22980938548775,132.50489807128906,74917800,0.0,0.0
2022-11-10,138.7631880310501,144.29444885253906,137.0536956773793,144.29444885253906,118854000,0.0,0.0
2022-11-11,143.26286485614494,147.37937519314977,141.83828048896822,147.07481384277344,93979700,0.0,0.0
2022-11-14,146.3576203774582,147.64464544159856,144.84461786588682,145.67971801757812,73374100,0.0,0.0
2022-11-15,149.5506380930854,150.89660867721872,145.95481705312972,147.4088592529297,89868300,0.0,0.0
2022-11-16,146.51481993344615,147.24183349471545,144.70707528826344,146.18077087402344,64218300,0.0,0.0
2022-11-17,143.86212736220023,148.82357118211542,143.5870387733641,148.076904296875,80389400,0.0,0.0
2022-11-18,149.63908030699184,150.02224064395415,147.34011828521793,148.636962890625,74829600,0.0,0.0
2022-11-21,147.52674987775407,147.73305885560603,145.12953609848137,145.41444396972656,58724100,0.0,0.0
2022-11-22,145.5323481888436,147.7821833963105,144.353379792247,147.54638671875,51804100,0.0,0.0
2022-11-23,146.82917521495273,149.16744327173927,146.7211036243146,148.4207763671875,58301400,0.0,0.0
2022-11-25,145.7092003283938,146.2692118769101,144.54006603549058,145.51271057128906,35195900,0.0,0.0
2022-11-28,142.5947981424062,144.06849387144769,140.8656672171658,141.69093322753906,69246000,0.0,0.0
2022-11-29,141.75967888062996,142.2705641956943,137.88878454429147,138.69439697265625,83763800,0.0,0.0
2022-11-30,138.92040202331182,146.11204561728894,138.0853166275374,145.43414306640625,111380900,0.0,0.0
2022-12-01,145.61099111367253,146.51485616417156,144.03904277032873,145.709228515625,71250400,0.0,0.0
2022-12-02,143.40039263183445,145.4046117654443,143.09581632538948,145.2179412841797,65447400,0.0,0.0
2022-12-05,145.17866278529172,148.2734173934748,143.21373541725012,144.05865478515625,68826400,0.0,0.0
2022-12-06,144.49095300364328,144.71691547188212,139.43125562304482,140.40390014648438,64727200,0.0,0.0
2022-12-07,139.69652452502783,140.85582456681212,137.54492649061714,138.46844482421875,69721100,0.0,0.0
2022-12-08,139.86354485762612,141.0032064446931,138.62564588690643,140.14845275878906,62128300,0.0,0.0
2022-12-09,139.8438589493627,143.0172270285968,138.42910903026953,139.66702270507812,76097000,0.0,0.0
2022-12-12,140.19754337716597,141.9659807375352,138.5863037802082,141.95616149902344,70462700,0.0,0.0
2022-12-13,146.87833415604433,147.34009332894186,141.71058010364294,142.91900634765625,93886200,0.0,0.0
2022-12-14,142.8011107216781,144.0881358235322,138.68458524913544,140.69863891601562,82291200,0.0,0.0
2022-12-15,138.63543512859985,139.31333739130548,133.64451838807022,134.1062774658203,98931900,0.0,0.0
2022-12-16,134.29299371012456,135.23615066480997,131.3848939522239,132.15121459960938,160156900,0.0,0.0
2022-12-19,132.74066180080095,132.82907992971283,129.01713123497163,130.0487060546875,79592600,0.0,0.0
2022-12-20,129.08594985161608,130.91333356900068,127.61225378892564,129.97999572753906,77432800,0.0,0.0
2022-12-21,130.64800547841642,134.4108428696223,130.42204304769788,133.07469177246094,85928000,0.0,0.0
2022-12-22,131.99402745433673,132.20033647277774,128.01504576681836,129.91119384765625,77852100,0.0,0.0
2022-12-23,128.62415014924704,130.0978457490201,127.3665977700706,129.54766845703125,63814900,0.0,0.0
2022-12-27,129.07610329036513,129.1055760060844,126.46274589439432,127.74977111816406,69007800,0.0,0.0
2022-12-28,127.39608344761355,128.73223486036684,123.66272537894751,123.82974243164062,85438400,0.0,0.0
2022-12-29,125.74555630862793,128.19188939568883,125.49012108364987,127.33715057373047,75703700,0.0,0.0
2022-12-30,126.15820060973721,127.67118851090429,125.19538263157119,127.65153503417969,77034200,0.0,0.0
2023-01-03,127.99536673400503,128.60448941700523,121.9925130634904,122.8767318725586,112117500,0.0,0.0
2023-01-04,124.66480852480814,126.40377333508329,122.88655176574262,124.14410400390625,89113600,0.0,0.0
2023-01-05,124.90061292758642,125.52938912334946,122.57217865426507,122.8276138305664,80962700,0.0,0.0
2023-01-06,123.80027430194448,128.00521096875735,122.69991206962038,127.34696197509766,87754700,0.0,0.0
2023-01-09,128.1820484933381,131.07049435820306,127.61221771125115,127.8676528930664,70790800,0.0,0.0
2023-01-10,127.9757103650532,128.958174020526,125.87323874198964,128.43746948242188,63896200,0.0,0.0
2023-01-11,128.94835439070522,131.1687168485226,128.17221470136022,131.14907836914062,69458900,0.0,0.0
2023-01-12,131.53227009080283,131.90559617413024,129.13505580606935,131.0705108642578,71379600,0.0,0.0
2023-01-13,129.71468306570503,132.55400260182785,129.35117628841525,132.3968048095703,57809700,0.0,0.0
2023-01-17,132.4655864864573,134.88243886666353,131.77786487384603,133.55612182617188,63646600,0.0,0.0
2023-01-18,134.4207263168224,136.17933021057922,132.66210743185522,132.83895874023438,69672800,0.0,0.0
2023-01-19,131.7287538123279,133.86069855178562,131.42419241972087,132.89788818359375,58280400,0.0,0.0
2023-01-20,132.90769302903612,135.59964906296133,131.86628386729487,135.4522705078125,80223600,0.0,0.0
2023-01-23,135.6978953680963,140.80671912517695,135.4817521326256,138.63546752929688,81760300,0.0,0.0
2023-01-24,137.84950755371702,140.64953566811175,137.8396883115422,140.03057861328125,66435100,0.0,0.0
2023-01-25,138.41930821894437,139.93229570032543,136.37578195167205,139.37229919433594,65799300,0.0,0.0
2023-01-26,140.65933109437518,141.72039372676826,139.41159795380088,141.43548583984375,54105100,0.0,0.0
2023-01-27,140.64951214628343,144.64813175929368,140.57091324840124,143.3709259033203,70555800,0.0,0.0
2023-01-30,142.41792955695834,142.9975794810538,140.34493076851774,140.49229431152344,64015300,0.0,0.0
2023-01-31,140.19757555057984,141.80881551729502,139.78494257033407,141.7596893310547,65874500,0.0,0.0
2023-02-01,141.44529588395375,144.0389993752098,138.8417731528238,142.8796844482422,77663600,0.0,0.0
2023-02-02,146.2888275489756,148.52884341135578,145.57163330132713,148.1751708984375,118339000,0.0,0.0
2023-02-03,145.43409313083382,154.6201342687517,145.23760339877686,151.79063415527344,154357300,0.0,0.0
2023-02-06,149.8944947732861,150.41519933800663,148.1358763450209,149.0692138671875,69858300,0.0,0.0
2023-02-07,147.9983592694092,152.5078649107581,147.9983592694092,151.9380340576172,83322600,0.0,0.0
2023-02-08,151.18150996746658,151.86923151834947,148.5190269025848,149.25587463378906,64120100,0.0,0.0
2023-02-09,151.08326181502397,151.62361983119905,147.78218328763404,148.2242889404297,56007100,0.0,0.0
2023-02-10,147.06324691592152,148.913088785703,146.82709018156558,148.58837890625,57450700,0.23,0.0
2023-02-13,148.52935383999073,151.78627208132363,148.49983612289876,151.3828582763672,62199000,0.0,0.0
2023-02-14,149.68052742445408,151.3040762579013,148.44073878135146,150.7432098388672,61707600,0.0,0.0
2023-02-15,150.6547103127393,153.0063833860837,150.42840282421838,152.839111328125,65573800,0.0,0.0
2023-02-16,151.0482818929642,153.82306709582505,150.8908590911332,151.24508666992188,68167900,0.0,0.0
2023-02-17,149.90686323328694,150.54643357945778,148.43091780603734,150.10365295410156,59144100,0.0,0.0
2023-02-21,147.79137232815333,148.87373860585663,146.0300835825423,146.0989532470703,58867200,0.0,0.0
2023-02-22,146.48269724609548,147.54538003263738,144.80012742797703,146.52206420898438,51011300,0.0,0.0
2023-02-23,147.6831642980462,147.92915531660412,144.87887569494612,147.0042266845703,48394200,0.0,0.0
2023-02-24,144.75090982195374,144.82962872471046,143.38320079150859,144.35733032226562,55469600,0.0,0.0
2023-02-27,145.3413038601465,146.7778826433076,145.08546365545737,145.5479278564453,44998500,0.0,0.0
2023-02-28,144.6918692589824,146.689314426437,144.47539603761436,145.0460968017578,50547000,0.0,0.0
2023-03-01,144.47539591550134,144.8689754008769,142.68457472462396,142.97976684570312,55479000,0.0,0.0
2023-03-02,142.06468141879296,144.35731860288683,141.59236804059648,143.5701446533203,52238100,0.0,0.0
2023-03-03,145.66600535471582,148.68678165578146,144.96739941181147,148.60806274414062,70732300,0.0,0.0
2023-03-06,151.32377696340643,153.79353555974586,150.99908214162087,151.36314392089844,87558000,0.0,0.0
2023-03-07,151.2352451910372,151.55995507278075,148.70646582947896,149.16893005371094,56182000,0.0,0.0
2023-03-08,150.35951315538156,151.00893289820618,149.39523278864294,150.41854858398438,47204800,0.0,0.0
2023-03-09,151.097452526104,152.06173267895514,147.82085183856077,148.17507934570312,53833600,0.0,0.0
2023-03-10,147.80122193638456,148.5195113692859,145.24290982690115,146.11863708496094,68572400,0.0,0.0
2023-03-13,145.43967499711258,150.68420342446277,145.33143838738883,148.05702209472656,84457100,0.0,0.0
2023-03-14,148.85404568502526,150.94004418166887,147.6929755826584,150.14303588867188,73695900,0.0,0.0
2023-03-15,148.76549840164833,150.79246155107444,147.51586009545082,150.53663635253906,77167900,0.0,0.0
2023-03-16,149.71994010489203,153.9509875803486,149.20827470890512,153.35076904296875,76161100,0.0,0.0
2023-03-17,153.5770871091514,154.2265068856699,151.80594908869074,152.514404296875,98944600,0.0,0.0
2023-03-20,152.58327776546486,155.28917828804447,151.67801783277878,154.8759002685547,73641400,0.0,0.0
2023-03-21,154.7971931327365,156.84382463636302,154.02968755125636,156.7257537841797,73938300,0.0,0.0
2023-03-22,156.7454392443716,159.53989288471735,155.27932775015748,155.29901123046875,75701800,0.0,0.0
2023-03-23,156.28299079055427,158.95937384680835,155.15142327717084,156.38137817382812,67622100,0.0,0.0
2023-03-24,156.31249715364865,157.76875944157217,155.31869907440637,157.68020629882812,59196500,0.0,0.0
2023-03-27,157.37518971960662,158.19188156427322,155.33837722493854,155.74180603027344,52390300,0.0,0.0
2023-03-28,155.4367781198492,155.94844355059743,153.47868455836303,155.1219024658203,45992200,0.0,0.0
2023-03-29,156.81429056205513,158.46735739062942,156.79462209814082,158.1918487548828,51305700,0.0,0.0
2023-03-30,158.93965597985908,159.86458426430409,158.68383082177425,159.75634765625,49501700,0.0,0.0
2023-03-31,159.83510289651463,162.35404815041076,159.31360321570477,162.25564575195312,68749800,0.0,0.0
2023-04-03,161.6357843043823,163.6233809441775,161.5865830973556,163.50531005859375,56976200,0.0,0.0
2023-04-04,163.92838412805693,164.16452584406122,162.4622725801105,162.97393798828125,46278300,0.0,0.0
2023-04-05,162.09819114468434,162.4032175003463,159.2053353608918,161.13389587402344,51511700,0.0,0.0
2023-04-06,159.8252203026454,162.31466233453045,159.40212310856722,162.01947021484375,45390100,0.0,0.0
2023-04-10,158.83140695285897,159.43162536621094,157.51289929536236,159.43162536621094,47716900,0.0,0.0
2023-04-11,159.7465059260698,159.7563401575787,157.93600138413825,158.2213592529297,47644200,0.0,0.0
2023-04-12,158.63461193618548,159.4611377523383,157.21770195758472,157.53257751464844,50133100,0.0,0.0
2023-04-13,159.03807402297244,163.14120127307194,158.83143501847854,162.90504455566406,68445600,0.0,0.0
2023-04-14,161.9506163702145,163.6528847449455,161.19297496954,162.56068420410156,49386500,0.0,0.0
2023-04-17,162.44258319038994,162.7377753387549,161.39958394505072,162.58033752441406,41516200,0.0,0.0
2023-04-18,163.4363837761115,164.72537387764507,162.99358808032773,163.80044555664062,49923000,0.0,0.0
2023-04-19,163.14119328481948,165.46334834295578,162.8853530999642,164.9418487548828,47720200,0.0,0.0
2023-04-20,163.42655222639002,165.17800667808302,162.90505258707114,163.97756958007812,52456400,0.0,0.0
2023-04-21,162.40322071444277,163.78076396537094,161.85220341407148,162.3737030029297,58337300,0.0,0.0
2023-04-24,162.35403159020615,162.9444158925364,161.26183114076272,162.67874145507812,41949600,0.0,0.0
2023-04-25,162.54097982284455,163.64301445601814,161.1043860925183,161.1437530517578,48714100,0.0,0.0
2023-04-26,160.44512426219072,162.62952495549953,160.18929909610858,161.13389587402344,45498800,0.0,0.0
2023-04-27,162.54094098220978,165.85689333621136,162.54094098220978,165.7093048095703,64902300,0.0,0.0
2023-04-28,165.78811027022712,167.1263019955855,165.18789159163032,166.95901489257812,55275900,0.0,0.0
2023-05-01,166.56539597816914,167.71663185783257,165.9356597273935,166.87042236328125,52472900,0.0,0.0
2023-05-02,167.3623966257795,167.6182368189597,164.85328597063295,165.83724975585938,48425700,0.0,0.0
2023-05-03,166.78188428598025,168.17911124939818,164.47941231869004,164.76475524902344,65136000,0.0,0.0
2023-05-04,162.24575591244712,164.36127162736898,161.67505522800053,163.13131713867188,81235400,0.0,0.0
2023-05-05,168.23811312336284,171.50487988988195,168.02163990321543,170.78659057617188,113453200,0.0,0.0
2023-05-08,169.71408033203093,171.06212101363838,169.35001851271124,170.7177276611328,55962800,0.0,0.0
2023-05-09,170.27494492179522,170.7570775926942,168.84820036158354,169.01547241210938,45326900,0.0,0.0
2023-05-10,170.24541483030967,171.23921282792068,169.14336520388548,170.77674865722656,53724500,0.0,0.0
2023-05-11,171.0621017201797,171.7902252766967,169.4090348343318,170.9636993408203,49514700,0.0,0.0
2023-05-12,171.07211580763337,171.5056611983073,168.4905692075404,170.03753662109375,45533100,0.24,0.0
2023-05-15,170.6188460048669,170.66811525184778,168.95364468701064,169.5448455810547,37266700,0.0,0.0
2023-05-16,169.46601779285794,170.5991352991019,169.27880367524853,169.5448455810547,42110300,0.0,0.0
2023-05-17,169.19013234108013,170.39221479568312,167.91905489711874,170.15574645996094,57951600,0.0,0.0
2023-05-18,170.46119076780954,172.6683237371227,170.04735615510018,172.48110961914062,65496700,0.0,0.0
2023-05-19,173.80143807257875,173.80143807257875,172.3727201425523,172.58949279785156,55809500,0.0,0.0
2023-05-22,171.42682777563832,172.14612580242743,170.9046067635048,171.6436004638672,43570900,0.0,0.0
2023-05-23,170.58932589998525,170.83565715552854,168.76646859501835,169.0423583984375,50747300,0.0,0.0
2023-05-24,168.57924358561866,169.8897275849513,168.01761617725649,169.3182373046875,45143500,0.0,0.0
2023-05-25,169.8798799582863,171.34800452634042,169.17044478431242,170.4513702392578,56058300,0.0,0.0
2023-05-26,170.77652387763237,173.19056694623742,170.5695990272421,172.8555450439453,54835000,0.0,0.0
2023-05-30,174.36309800636275,176.36330631715728,173.9788219031772,174.69810485839844,55964400,0.0,0.0
2023-05-31,174.72763149140792,176.7179916024166,174.16598919362923,174.6488037109375,99625300,0.0,0.0
2023-06-01,175.09221783191245,177.47670209655325,174.33351350934285,177.4471435546875,68901800,0.0,0.0
2023-06-02,178.37333767160567,179.11233123154489,176.62930866038764,178.2945098876953,61996900,0.0,0.0
2023-06-05,179.949884959394,182.2358308287415,175.4272324012079,176.94464111328125,121946500,0.0,0.0
2023-06-06,177.328904296753,177.4766970018392,174.82617090162998,176.58006286621094,64848400,0.0,0.0
2023-06-07,175.8213457350109,178.55069942371495,174.71778685793004,175.21044921875,61944600,0.0,0.0
2023-06-08,175.28924448775277,178.18610128610723,174.85571428274253,177.92007446289062,50214900,0.0,0.0
2023-06-09,178.83648170922714,179.555764726174,177.97925379814166,178.30441284179688,48900000,0.0,0.0
2023-06-12,178.60984190485868,181.19138823156914,178.31424143935143,181.0928497314453,54274900,0.0,0.0
2023-06-13,180.1173932820357,181.44757286544584,179.7626757194867,180.61990356445312,54929100,0.0,0.0
2023-06-14,180.67899811094975,181.68403358526143,179.34881869349235,181.25048828125,57462900,0.0,0.0
2023-06-15,181.26036948430115,183.78279874291368,181.08300318978328,183.2802734375,65433200,0.0,0.0
2023-06-16,183.98971928038128,184.245913383536,181.56582838117956,182.20628356933594,101256200,0.0,0.0
2023-06-20,181.7037512704965,183.36895259993452,181.7037512704965,182.29493713378906,49799100,0.0,0.0
2023-06-21,182.1865534203878,182.68907870149724,179.91045548906328,181.26036071777344,49515700,0.0,0.0
2023-06-22,181.04359886716716,184.30502181445038,180.9746189088309,184.25575256347656,51245300,0.0,0.0
2023-06-23,182.8270228675936,184.8075203379306,182.29493904669715,183.9404296875,53117000,0.0,0.0
2023-06-26,184.08825189117624,185.29034946556595,182.51172604562308,182.5511474609375,48088700,0.0,0.0
2023-06-27,183.1620330683905,185.6253451571229,182.94526040179295,185.30018615722656,50730800,0.0,0.0
2023-06-28,185.17209649255778,187.11318769857849,184.84695251457532,186.4727325439453,51216800,0.0,0.0
2023-06-29,186.30519854912527,187.28067542760266,186.16725369069167,186.80770874023438,46347300,0.0,0.0
2023-06-30,188.81780236383452,191.62596911406445,188.45322195229386,191.1234588623047,85213200,0.0,0.0
2023-07-03,190.93622568872084,191.03476417603324,188.94586551693624,189.63560485839844,31458200,0.0,0.0
2023-07-05,188.75866963191964,190.14796610334872,187.82259909124357,188.52218627929688,46920300,0.0,0.0
2023-07-06,187.05408684814694,189.2021030796526,186.42347947497262,188.99517822265625,45094300,0.0,0.0
2023-07-07,188.60102706839623,189.84253092683244,187.4481988352347,187.88172912597656,46815000,0.0,0.0
2023-07-10,186.48257243692333,187.20187038994513,184.29515010539157,185.8421173095703,59922200,0.0,0.0
2023-07-11,186.3840685065736,186.52201339622226,183.8616390759319,185.31991577148438,46638100,0.0,0.0
2023-07-12,186.8964167558296,188.88677723101014,185.70418206587038,186.985107421875,60750200,0.0,0.0
2023-07-13,187.7043680387378,188.38424453327508,186.99493300399138,187.7437744140625,41342300,0.0,0.0
2023-07-14,187.43834550769154,188.37440112570727,186.8471596075647,187.8916015625,41616200,0.0,0.0
2023-07-17,189.08381775872684,191.46831693797242,188.9951421376018,191.14315795898438,50520200,0.0,0.0
2023-07-18,190.5125649317522,191.47817907078496,189.5962050071137,190.88697814941406,48288200,0.0,0.0
2023-07-19,190.26621270882248,195.3209183853995,189.82280454932882,192.2368621826172,80507300,0.0,0.0
2023-07-20,192.22698907029056,193.5867419459116,189.67500174607378,190.29576110839844,59581200,0.0,0.0
2023-07-21,191.25155042374644,192.10877819186132,188.4236580132484,189.1232452392578,71951700,0.0,0.0
2023-07-24,190.57168949200457,192.04967681854123,189.42870901778204,189.92137145996094,45377800,0.0,0.0
2023-07-25,190.49284214012596,191.58655325087184,190.08885537064708,190.77857971191406,37283200,0.0,0.0
2023-07-26,190.82783906853456,192.76892999363082,190.4829844332044,191.64566040039062,47471900,0.0,0.0
2023-07-27,193.14340387615707,194.3060801182846,189.72432504433817,190.38449096679688,47460200,0.0,0.0
2023-07-28,191.81319626670884,193.74443968391378,191.2909752730755,192.9561767578125,48291400,0.0,0.0
2023-07-31,193.18277106210203,193.6064685292723,192.394508242959,193.56704711914062,38824100,0.0,0.0
2023-08-01,193.36013930235927,193.8429388199064,192.41422090280528,192.7393798828125,35175100,0.0,0.0
2023-08-02,192.17773571935334,192.3156805851802,189.03456234552243,189.75384521484375,50389300,0.0,0.0
2023-08-03,188.7586713954234,189.54691917513858,187.89158079590146,188.36453247070312,61235200,0.0,0.0
2023-08-04,182.7975015303147,184.63020666500077,179.250325451933,179.31930541992188,115956800,0.0,0.0
2023-08-07,179.45723692919626,180.4425618735659,174.7473848978987,176.22537231445312,97576100,0.0,0.0
2023-08-08,177.05302113799038,177.62451134366992,174.97398514494694,177.16140747070312,67823000,0.0,0.0
2023-08-09,178.2156906972674,178.27480777933516,174.41233639065635,175.5750274658203,60378500,0.0,0.0
2023-08-10,176.8460961883882,178.09746293161143,174.99369573264087,175.35826110839844,54686900,0.0,0.0
2023-08-11,174.953720563952,176.23636037713308,174.19399178686675,175.4174346923828,52036700,0.24,0.0
2023-08-14,175.59506357405235,177.29211207450308,174.9438673937282,177.065185546875,43675600,0.0,0.0
2023-08-15,176.49291042563854,177.08489459113486,174.68732936330193,175.0819854736328,43622600,0.0,0.0
2023-08-16,174.7662850202376,176.15745776554937,174.14468726786023,174.21376037597656,46964900,0.0,0.0
2023-08-17,174.7761369036864,175.1411945839284,171.1649745274817,171.67803955078125,66062900,0.0,0.0
2023-08-18,170.0007364455324,172.76337470680727,169.6652772069575,172.16151428222656,61172200,0.0,0.0
2023-08-21,172.7337554755455,173.77960771425435,171.4215020828672,173.49346923828125,46311900,0.0,0.0
2023-08-22,174.69719959083847,175.30892111024494,173.89801113995804,174.86492919921875,42038900,0.0,0.0
2023-08-23,176.1377232252428,179.12728783194132,175.9502562936072,178.70301818847656,52722800,0.0,0.0
2023-08-24,178.25900483655056,178.6832744289853,173.66118769058747,174.02626037597656,54945800,0.0,0.0
2023-08-25,175.0129348306344,176.7593040006282,173.4737548580186,176.2265167236328,51449600,0.0,0.0
2023-08-28,177.6867593505913,178.1800870283186,176.1673167274641,177.78543090820312,43820700,0.0,0.0
2023-08-29,177.30196426395187,182.4325690983829,177.1046362040057,181.66297912597656,53003900,0.0,0.0
2023-08-30,182.4720614420058,185.34323241647965,182.27473336292013,185.14588928222656,60813900,0.0,0.0
2023-08-31,185.33334709899387,186.59626480914432,184.97815055206615,185.36294555664062,60794500,0.0,0.0
2023-09-01,186.96134589549212,187.38560051082152,185.76748618147488,186.93174743652344,45766500,0.0,0.0
2023-09-05,185.76746926717502,187.44478036173828,185.10641198511868,187.16851806640625,45280000,0.0,0.0
2023-09-06,185.88587535630464,186.32988234003622,179.04836051297525,180.46914672851562,81755800,0.0,0.0
2023-09-07,172.84230680208358,175.8318868790433,171.22419235116297,175.1905517578125,112488800,0.0,0.0
2023-09-08,175.96999075471308,177.8347687964352,175.417451102765,175.80224609375,65551300,0.0,0.0
2023-09-11,177.66705421097663,177.8939807491613,174.9734739911946,176.96652221679688,58953100,0.0,0.0
2023-09-12,177.09475937210624,177.72621814105926,172.48708107979573,173.94732666015625,90370200,0.0,0.0
2023-09-13,174.15454941477398,174.93401565723292,171.65831231126361,171.88525390625,84267900,0.0,0.0
2023-09-14,171.67802028548886,173.75000241444866,171.2636268707299,173.39480590820312,60895800,0.0,0.0
2023-09-15,174.12494522635322,174.14468255030425,171.5004532372104,172.674560546875,109259500,0.0,0.0
2023-09-18,174.12495542511192,176.98626535892447,173.81909463420754,175.59507751464844,67257600,0.0,0.0
2023-09-19,175.15107052586188,177.23291401853146,174.7662755227223,176.68038940429688,51826900,0.0,0.0
2023-09-20,176.8678428874874,177.3019736755132,173.0593524132158,173.14816284179688,58436200,0.0,0.0
2023-09-21,172.22073021215786,173.94737743416857,171.5399354700809,171.60899353027344,63149100,0.0,0.0
2023-09-22,172.33906468788402,174.71690737052137,171.72734327191537,172.45745849609375,56725400,0.0,0.0
2023-09-25,171.87539885588,174.60843902523874,171.82606306589466,173.73031616210938,46172700,0.0,0.0
2023-09-26,172.4871029695211,172.8620217812148,169.3692683155077,169.66526794433594,64588900,0.0,0.0
2023-09-27,170.3164169598986,170.73081034008564,166.7940657007268,168.1556396484375,66921800,0.0,0.0
2023-09-28,167.08022534636603,169.7343308371659,165.38317681816312,168.41221618652344,56294400,0.0,0.0
2023-09-29,169.72445084440017,170.7604419321708,168.06686209293406,168.92526245117188,51861100,0.0,0.0
2023-10-02,168.93514418826848,171.97404472395215,168.64900568223578,171.43138122558594,52164500,0.0,0.0
2023-10-03,169.96123409658216,171.31296207551728,168.54046313149794,170.099365234375,49594600,0.0,0.0
2023-10-04,168.80686354725646,171.88523853747708,168.68846972057472,171.3425750732422,53020300,0.0,0.0
2023-10-05,171.47083294671847,173.10868450108188,170.3756448658088,172.57589721679688,48527900,0.0,0.0
2023-10-06,171.48072926712837,175.61481822954005,170.8689926183437,175.12149047851562,57266700,0.0,0.0
2023-10-09,174.45053908507856,176.66065260372454,173.45402254968238,176.60145568847656,42390800,0.0,0.0
2023-10-10,175.7233522345748,177.32172934204314,175.57534487507363,176.0094757080078,43698000,0.0,0.0
2023-10-11,175.8219650621156,177.4499552810768,175.22998093671887,177.40061950683594,47551100,0.0,0.0
2023-10-12,177.6670488234186,179.90674578858014,176.6507798893927,178.2985076904297,56743100,0.0,0.0
2023-10-13,178.9990143278533,179.50220314362676,175.7627859383901,176.46331787109375,51427100,0.0,0.0
2023-10-16,174.3913552582801,176.6902643223361,174.15455252434904,176.33506774902344,52517000,0.0,0.0
2023-10-17,174.29266779074965,176.03905203817294,172.467364361049,174.78599548339844,57549400,0.0,0.0
2023-10-18,173.23694427289632,175.21025492862336,172.77321506438722,173.49346923828125,54764400,0.0,0.0
2023-10-19,173.69079235758196,175.46677490830675,172.85214438582656,173.11854553222656,59302900,0.0,0.0
2023-10-20,172.97054807703984,173.07908076842247,170.33618008275127,170.57298278808594,64244000,0.0,0.0
2023-10-23,168.62926966195786,171.68789221712717,167.66233657820504,170.69137573242188,55980100,0.0,0.0
2023-10-24,170.74070856198063,171.35243005141567,169.1620540054936,171.12550354003906,43816600,0.0,0.0
2023-10-25,169.58633193718455,170.75057806188605,168.3727349771656,168.81674194335938,57157000,0.0,0.0
2023-10-26,168.0964590692853,169.09299056011605,163.45918215856796,164.66290283203125,70625300,0.0,0.0
2023-10-27,164.68267291441106,166.70531969794123,164.60373866788856,165.97518920898438,58499100,0.0,0.0
2023-10-30,166.76446060818319,168.88576319601256,166.61645329997643,168.0175018310547,51131000,0.0,0.0
2023-10-31,167.09008588386948,168.61938959873203,165.6594236135805,168.4911346435547,44846000,0.0,0.0
2023-11-01,168.71806981976965,171.90496247869652,167.849808268541,171.6484375,56934900,0.0,0.0
2023-11-02,173.17776232760195,175.40759814141026,173.118565411641,175.20040893554688,77334800,0.0,0.0
2023-11-03,171.91483559510309,174.46040823420765,171.03671292563865,174.29266357421875,79829200,0.0,0.0
2023-11-06,174.02629776104038,177.035584920202,173.85856813665714,176.8382568359375,63841300,0.0,0.0
2023-11-07,176.7889073081916,180.00541354681909,176.58171810512866,179.39369201660156,70530000,0.0,0.0
2023-11-08,179.91662978825056,181.00194176498167,179.16676200069597,180.4494171142578,49340300,0.0,0.0
2023-11-09,180.51850890903566,181.66301792321948,179.38384597547793,179.97584533691406,53763500,0.0,0.0
2023-11-10,181.75413731292954,184.3228271167955,181.31943456996746,184.1548614501953,66133400,0.24,0.0
2023-11-13,183.58186108306094,183.7893232540613,181.9912524470517,182.5741424560547,43627500,0.0,0.0
2023-11-14,185.4391901985185,185.84425545326624,184.0560589323069,185.1823272705078,60108400,0.0,0.0
2023-11-15,185.58743724228927,187.217557704171,185.5182731248136,185.74549865722656,53790500,0.0,0.0
2023-11-16,187.28668991537342,188.65994715340477,186.37775779056014,187.4250030517578,54412900,0.0,0.0
2023-11-17,187.95848017105547,188.08691917335904,186.29872264128753,187.4052276611328,50922700,0.0,0.0
2023-11-20,187.60281994734135,189.598493753426,187.59294582194016,189.14402770996094,46505100,0.0,0.0
2023-11-21,189.10454089065857,189.21321658430173,187.454657232623,188.34381103515625,38134500,0.0,0.0
2023-11-22,189.18356183514956,190.60620477415247,188.53150773289747,189.00572204589844,39617700,0.0,0.0
2023-11-24,188.57102324664504,188.60066069963858,186.97054048498805,187.68186950683594,24048300,0.0,0.0
2023-11-27,187.63243679384846,188.3734031425855,186.6247183385664,187.50399780273438,40552600,0.0,0.0
2023-11-28,187.49414676130317,188.77849160556613,187.11871894105684,188.10667419433594,38415400,0.0,0.0
2023-11-29,188.6006511365786,189.77632029571453,186.69390474066958,187.08908081054688,43014200,0.0,0.0
2023-11-30,187.55341843722022,188.02764780463457,185.92329832735996,187.66209411621094,48794400,0.0,0.0
2023-12-01,188.0375263099119,189.25270705783993,186.95076949469112,188.9365692138672,45704800,0.0,0.0
2023-12-04,187.69172432124148,187.7608884211111,185.19219887595256,187.14834594726562,43389500,0.0,0.0
2023-12-05,187.91898862751913,192.05850876803487,187.88933609882633,191.09031677246094,66628400,0.0,0.0
2023-12-06,192.1079050949125,192.41416882595195,189.79609331061306,190.00357055664062,41089700,0.0,0.0
2023-12-07,191.29777821822415,192.6512720749557,191.2582515665674,191.93006896972656,47477700,0.0,0.0
2023-12-08,191.86091528323507,193.629363703371,191.33730018286,193.3527374267578,53406400,0.0,0.0
2023-12-11,190.78403090604945,191.15945870925907,189.11438419177532,190.85317993164062,60943700,0.0,0.0
2023-12-12,190.75441983366463,192.37466599656702,189.41079996137955,192.3647918701172,52696900,0.0,0.0
2023-12-13,192.74019585543422,195.6151493963814,192.50309623143957,195.5756378173828,70404200,0.0,0.0
2023-12-14,195.63488831127654,197.2156075489979,193.79729107961322,195.7238006591797,66831600,0.0,0.0
2023-12-15,195.1507809689053,196.01029713155143,194.6271659416612,195.1903076171875,128538400,0.0,0.0
2023-12-18,193.7281513997374,194.26165570440122,192.04863040265064,193.5305633544922,55751900,0.0,0.0
2023-12-19,193.79729775296602,194.57777573643529,193.5305456250714,194.56790161132812,40714100,0.0,0.0
2023-12-20,194.52836624027822,195.29897006409448,192.48330688476562,192.48330688476562,52242800,0.0,0.0
2023-12-21,193.73800782299358,194.7061996333918,191.16931844438724,192.33509826660156,46482500,0.0,0.0
2023-12-22,192.82909873139974,193.0563392932213,190.64572606781581,191.2681427001953,37149600,0.0,0.0
2023-12-26,191.27801448490152,191.55464074590694,190.5074106042434,190.72476196289062,28919300,0.0,0.0
2023-12-27,190.1715235726757,191.16935301152336,188.7883770898652,190.8235626220703,48087700,0.0,0.0
2023-12-28,191.80161980345068,192.3153607227681,190.8433020640508,191.2483673095703,34049900,0.0,0.0
2023-12-29,191.56450759639273,192.05848519728596,189.42064661751613,190.2110137939453,42672100,0.0,0.0
2024-01-02,184.89581391743906,186.17028459685415,181.6750853181039,183.4040069580078,82488700,0.0,0.0
2024-01-03,182.00112426612563,183.6411336613478,181.22063114701328,182.03076171875,58414500,0.0,0.0
2024-01-04,179.95603270422265,180.88471299934187,178.70134046081682,179.71893310546875,71983600,0.0,0.0
2024-01-05,179.79796753554595,180.5586821654936,177.99988188294327,178.99771118164062,62379700,0.0,0.0
2024-01-08,179.89677561800764,183.36450834315934,179.313885613353,183.32498168945312,59144500,0.0,0.0
2024-01-09,181.7047124117811,182.91989304556353,180.52904335165846,182.91001892089844,42841800,0.0,0.0
2024-01-10,182.12955368013527,184.1548498527509,181.70472508990332,183.9473876953125,46792900,0.0,0.0
2024-01-11,184.29313807202234,184.79700482198106,181.40831098352746,183.35458374023438,49128400,0.0,0.0
2024-01-12,183.81894667336306,184.49076406507768,182.95943045197853,183.68063354492188,40477800,0.0,0.0
2024-01-16,179.96594785640553,182.04064501968628,178.75075193755313,181.41824340820312,65603000,0.0,0.0
2024-01-17,179.08665457169852,180.72664884969066,178.12833676151584,180.4796600341797,47317400,0.0,0.0
2024-01-18,183.84860201119264,186.86186875433015,183.59173905481111,186.35801696777344,78005800,0.0,0.0
2024-01-19,187.0495648712278,189.63800274105876,186.5457131326349,189.25270080566406,68903000,0.0,0.0
2024-01-22,189.98379650311966,192.97729968749402,189.94426985134535,191.5546417236328,60133900,0.0,0.0
2024-01-23,192.67104017695664,193.39224330006388,191.49537099853464,192.8291015625,42355600,0.0,0.0
2024-01-24,193.06620457832125,194.0146482092326,191.999211146671,192.15728759765625,53631300,0.0,0.0
2024-01-25,192.86862433386716,193.90598035718745,190.78403816176663,191.83126831054688,54822100,0.0,0.0
2024-01-26,191.93006387634745,192.41415228379137,189.6281264159501,190.1023406982422,44594000,0.0,0.0
2024-01-29,189.69728055859,189.88499446653958,187.29655655692048,189.420654296875,47145600,0.0,0.0
2024-01-30,188.6401800108733,189.4898221386195,185.21197404804863,185.7751007080078,55859400,0.0,0.0
2024-01-31,184.78712556686926,184.84641553917146,182.129538862794,182.17892456054688,55467800,0.0,0.0
2024-02-01,181.77391734166875,184.69825684937862,181.60596673463837,184.60934448242188,64885400,0.0,0.0
2024-02-02,177.6936383802958,185.07366557426653,177.0909850527091,183.6114959716797,102551700,0.0,0.0
2024-02-05,185.88374317202,186.97049979528117,183.60156933816978,185.41940307617188,69668800,0.0,0.0
2024-02-06,184.60931480628852,187.02980210381148,184.5204024536245,187.01992797851562,43490800,0.0,0.0
2024-02-07,188.3437817688575,188.74884702540382,186.33823388644547,187.12860107421875,53439000,0.0,0.0
2024-02-08,187.10883150171134,187.25701874915856,185.09340956143063,186.05172729492188,40962000,0.0,0.0
2024-02-09,186.61559077121817,187.9411516715375,185.97260641439556,186.81344604492188,45155200,0.24,0.0
2024-02-12,186.38806813077576,186.63537211912902,184.7756412965565,185.1317596435547,41781900,0.0,0.0
2024-02-13,183.76663306878044,184.20189045877694,181.53099558275042,183.04449462890625,56529500,0.0,0.0
2024-02-14,183.32148884677065,183.52921572281525,180.4725423642709,182.16409301757812,54630500,0.0,0.0
2024-02-15,181.57057328309747,182.50043860227981,179.3943014199978,181.87722778320312,65434500,0.0,0.0
2024-02-16,181.44197861733377,182.8565652037317,179.7108507918506,180.3439483642578,49752500,0.0,0.0
2024-02-20,179.82955095197704,180.46264852115328,178.0588611409836,179.60203552246094,53665600,0.0,0.0
2024-02-21,179.97792921674792,180.91768122956833,178.71173417109264,180.3538360595703,41371400,0.0,0.0
2024-02-22,181.50132758611662,182.9653779737103,180.49233824441416,182.38172912597656,52292200,0.0,0.0
2024-02-23,183.0148347964746,183.04451006700117,180.2648157032703,180.55169677734375,45119700,0.0,0.0
2024-02-26,180.27468416971237,180.78906549316406,178.7018196516175,179.20632934570312,40867400,0.0,0.0
2024-02-27,179.14699293032547,181.9365737231629,177.62359209867634,180.66049194335938,54318900,0.0,0.0
2024-02-28,180.5417731107642,181.14519536218177,178.18744973320082,179.46353149414062,48953900,0.0,0.0
2024-02-29,179.31517776545977,180.6011615069905,177.59393659501978,178.80078125,136682600,0.0,0.0
2024-03-01,177.61370457626955,178.5831318593588,175.46710804516843,177.72251892089844,73563100,0.0,0.0
2024-03-04,174.25038035125658,174.99229230011673,171.9158301484072,173.2117156982422,81510100,0.0,0.0
2024-03-05,168.91851326517738,170.18470849670402,167.79080766540406,168.28541564941406,95132400,0.0,0.0
2024-03-06,169.21526961759642,169.39333632878757,166.86093094295472,167.2961883544922,68587700,0.0,0.0
2024-03-07,167.32586658446218,168.88882954707424,166.67299554984157,167.177490234375,71765100,0.0,0.0
2024-03-08,167.17750030588184,171.82681238429842,167.11814976227143,168.8888397216797,76267000,0.0,0.0
2024-03-11,171.07500788792643,172.49948126334272,170.1946063009313,170.88705444335938,60139500,0.0,0.0
2024-03-12,171.28270784938988,172.15322257397557,169.16578666443067,171.36184692382812,59825400,0.0,0.0
2024-03-13,170.90682879160028,171.32229764254458,168.91849524765144,169.28451538085938,52488700,0.0,0.0
2024-03-14,171.04532782778392,172.43022407386235,170.19460153541087,171.1343536376953,72913500,0.0,0.0
2024-03-15,169.3240932528417,170.75845336914062,168.45357838204507,170.75845336914062,121752700,0.0,0.0
2024-03-18,173.67664359575858,175.79356502758816,171.64874797271588,171.84658813476562,75604200,0.0,0.0
2024-03-19,172.45989598897214,174.70542030322298,171.16402557801365,174.18113708496094,55215200,0.0,0.0
2024-03-20,173.82502584048726,176.7432098388672,173.2018149693641,176.7432098388672,53423100,0.0,0.0
2024-03-21,175.14064960882752,175.5759069490651,168.99761322817335,169.5218963623047,106181300,0.0,0.0
2024-03-22,169.90772263085663,171.18381963278856,168.22605856941686,170.422119140625,71160100,0.0,0.0
2024-03-25,168.73057383883838,170.085794876263,167.6226416976105,169.00755310058594,54288300,0.0,0.0
2024-03-26,168.16671829054096,169.57140318495337,167.75124938607289,167.87985229492188,57388400,0.0,0.0
2024-03-27,168.5722893771007,171.72789059246503,168.27552158079686,171.44100952148438,60273300,0.0,0.0
2024-03-28,169.89782982249778,170.37264922530974,168.67119667981044,169.6307373046875,65672700,0.0,0.0
2024-04-01,169.3438746978549,169.40322523760474,167.65230884379906,168.19638061523438,46240500,0.0,0.0
2024-04-02,167.25662806803024,167.51381877100314,166.41578850586058,167.0192108154297,49329500,0.0,0.0
2024-04-03,166.9697540235435,168.83937157047524,166.7620271262386,167.8204803466797,47691700,0.0,0.0
2024-04-04,168.45358430225178,170.0660111961713,166.99945068359375,166.99945068359375,53704400,0.0,0.0
2024-04-05,167.7611226870966,168.5524984345705,167.12802510796487,167.75123596191406,42104800,0.0,0.0
2024-04-08,167.20715459942008,167.37531948329715,166.425680716199,166.63340759277344,37425500,0.0,0.0
2024-04-09,166.8806999592474,168.24582257310013,166.5344834909376,167.84024047851562,42373800,0.0,0.0
2024-04-10,166.97964653177021,167.2665125006067,165.30786924976792,165.97064208984375,49709300,0.0,0.0
2024-04-11,166.52458559261675,173.56781241373886,166.34653399230652,173.15232849121094,91070300,0.0,0.0
2024-04-12,172.3807444342083,176.43653535919364,172.33129571828837,174.64605712890625,101670900,0.0,0.0
2024-04-15,173.46891791454695,174.72522645768026,170.63975955810392,170.8277130126953,73531800,0.0,0.0
2024-04-16,169.89784277952464,171.88616144450353,166.45537543168857,167.55340576171875,73711200,0.0,0.0
2024-04-17,167.78091646807817,168.80969440593617,166.1882781982422,166.1882781982422,50901200,0.0,0.0
2024-04-18,166.21797681465168,166.82139922758353,164.75394124175978,165.2386474609375,43122900,0.0,0.0
2024-04-19,164.41760010663418,164.60553846988037,162.3105651694999,163.22064208984375,68149400,0.0,0.0
2024-04-22,163.73501821268977,165.45624419964858,162.99310629576294,164.0515594482422,48116400,0.0,0.0
2024-04-23,163.56687071664174,165.24853488832454,163.14149999003314,165.1001434326172,49537800,0.0,0.0
2024-04-24,164.74402954196006,167.47427542099652,164.4176015378687,167.19729614257812,48251800,0.0,0.0
2024-04-25,167.70175828470067,168.77011319134087,166.33663561051003,168.05787658691406,50558300,0.0,0.0
2024-04-26,168.04802077933093,169.49226770262163,167.35555749623813,167.47427368164062,44838400,0.0,0.0
2024-04-29,171.50034913417457,174.1316669492416,171.2332717193323,171.6289520263672,68169400,0.0,0.0
2024-04-30,171.46081207960546,173.1029142716877,168.1667209693098,168.4931640625,65934800,0.0,0.0
2024-05-01,167.75125295718234,170.84750390177777,167.28632022447192,167.47427368164062,50383100,0.0,0.0
2024-05-02,170.64963546996492,171.54982559320527,169.04711048582428,171.16403198242188,94214900,0.0,0.0
2024-05-03,184.637145231003,184.98337684032407,180.69018337477516,181.4024200439453,163224100,0.0,0.0
2024-05-06,180.38355544132992,182.21359610453806,178.47436058739535,179.75045776367188,78569700,0.0,0.0
2024-05-07,181.47163247242833,182.90599233972114,179.3646131175579,180.43295288085938,77305800,0.0,0.0
2024-05-08,180.87814724687024,181.09577596912635,179.49323582394607,180.7693328857422,45057100,0.0,0.0
2024-05-09,180.5912561815798,182.66861565405213,180.14611203583203,182.57958984375,48983000,0.0,0.0
2024-05-10,183.15411695720846,183.34232534295325,180.41028294678514,181.32159423828125,50759500,0.25,0.0
2024-05-13,183.68896204383276,185.33329091391127,182.87669774124961,184.52102661132812,72044800,0.0,0.0
2024-05-14,185.7394637127145,186.52201273815805,184.53098214319476,185.66021728515625,52393600,0.0,0.0
2024-05-15,186.13568203158255,188.849800179078,185.6007724639543,187.9285888671875,70400000,0.0,0.0
2024-05-16,188.67151097089564,189.29556710780693,187.86916171755817,188.04745483398438,52845200,0.0,0.0
2024-05-17,187.72056236134898,189.0082902438942,187.3936765447615,188.07716369628906,41282900,0.0,0.0
2024-05-20,187.54228461702792,190.10782534306233,187.22529890901677,189.2361297607422,44361300,0.0,0.0
2024-05-21,189.28564024416437,190.91015403566988,189.11724727296848,190.53375244140625,42309400,0.0,0.0
2024-05-22,190.45450146899057,190.999311136132,188.47338639917342,189.09742736816406,34648500,0.0,0.0
2024-05-23,189.17667916140735,189.1964945447871,184.86776283091424,185.1154022216797,51005900,0.0,0.0
2024-05-24,187.03706106056427,188.78043669488514,186.26441236015899,188.18609619140625,36327000,0.0,0.0
2024-05-28,189.70169698060212,191.17763337385156,187.31446444482384,188.19606018066406,52280100,0.0,0.0
2024-05-29,187.81963788738682,190.43470949642946,187.72057607583483,188.4932098388672,53068000,0.0,0.0
2024-05-30,188.9587703074631,190.36536034504638,188.83000809203267,189.4837646484375,49889100,0.0,0.0
2024-05-31,189.63235836586054,190.7516933437122,188.11680637508078,190.43470764160156,75158300,0.0,0.0
2024-06-03,191.07854113305333,193.14881785405223,190.7021395503604,192.1978759765625,50080500,0.0,0.0
2024-06-04,192.80213237542046,193.47571940906454,191.2073340206378,192.51487731933594,47471400,0.0,0.0
2024-06-05,193.55494454203196,195.04078090785526,193.02995023528447,194.0205078125,54156800,0.0,0.0
2024-06-06,193.8422122853953,194.64456149457678,192.3365605546928,192.6436309814453,41181800,0.0,0.0
2024-06-07,192.8120444256859,195.08042995429523,192.3068654552658,195.03089904785156,53103900,0.0,0.0
2024-06-10,195.04078477848907,195.4370168860641,190.3356361933404,191.29647827148438,97010200,0.0,0.0
2024-06-11,191.82150120872504,205.20394601258087,191.8017009364241,205.19403076171875,172373300,0.0,0.0
2024-06-12,205.41193016487838,218.1207863262847,204.94636687125956,211.05812072753906,198134300,0.0,0.0
2024-06-13,212.71233505249734,214.7033502990969,209.60198493072278,212.21705627441406,97862700,0.0,0.0
2024-06-14,211.8307404302917,213.13826855094433,209.30481562722255,210.48358154296875,70122700,0.0,0.0
2024-06-17,211.35528688913016,216.88260054537645,210.71143044440285,214.62413024902344,93728300,0.0,0.0
2024-06-18,215.5354294813442,216.5656178731208,210.98877362098574,212.26658630371094,79943300,0.0,0.0
2024-06-20,211.90998899500866,212.2170745602359,206.87796947703916,207.7001190185547,86172500,0.0,0.0
2024-06-21,208.40340309586463,209.88923942625428,205.15437552925596,205.53079223632812,241805100,0.0,0.0
2024-06-24,205.75863496180304,210.69160779538842,204.63929998769706,206.17466735839844,80727000,0.0,0.0
2024-06-25,207.1751328027417,209.3840873125504,206.64023830581658,207.0959014892578,55549700,0.0,0.0
2024-06-26,209.5029286499739,212.8312027309874,208.65104852463386,211.2364044189453,66213200,0.0,0.0
2024-06-27,212.66284034706985,213.70292898101007,210.34493889866226,212.0784149169922,49772700,0.0,0.0
2024-06-28,213.73260601871965,214.0297763055812,208.3142550307382,208.6312255859375,82542700,0.0,0.0
2024-07-01,210.08738182701015,215.45620282037203,209.91898882948186,214.70338439941406,60402900,0.0,0.0
2024-07-02,214.10903193760322,218.29910171758146,213.068958487467,218.1901397705078,58046200,0.0,0.0
2024-07-03,217.92268618597842,219.4580535888672,216.9618440422543,219.4580535888672,37369800,0.0,0.0
2024-07-05,219.55710192478037,224.3117817727132,219.55710192478037,224.20281982421875,60412400,0.0,0.0
2024-07-08,224.9457357840812,225.69856928044194,221.14199799041046,225.66885375976562,59085900,0.0,0.0
2024-07-09,225.77778797195694,227.23390886254342,224.23252052432466,226.5207061767578,48076100,0.0,0.0
2024-07-10,227.13486087511765,230.8791673967792,227.0853299721382,230.7801055908203,62627700,0.0,0.0
2024-07-11,229.2051413563895,230.19569903805672,223.63821202212716,225.4212188720703,64710600,0.0,0.0
2024-07-12,226.7584454352943,230.44332094014862,226.5207061684713,228.36314392089844,53046500,0.0,0.0
2024-07-15,234.2470836578572,234.99000194235262,230.88909361652622,232.1867218017578,62631300,0.0,0.0
2024-07-16,232.78106107648213,234.03907359612094,230.13627381333595,232.60276794433594,43234300,0.0,0.0
2024-07-17,227.28346685481674,229.27449755440023,224.50000206743292,226.71885681152344,57345900,0.0,0.0
2024-07-18,228.10562515807683,228.26411801705945,220.17126344980832,222.06321716308594,66034600,0.0,0.0
2024-07-19,222.6971801635164,224.65848009632384,221.1717129043359,222.19198608398438,49151500,0.0,0.0
2024-07-22,224.86646431913928,225.6291978658938,220.98348053112068,221.84527587890625,48201800,0.0,0.0
2024-07-23,222.25140445670337,224.7971447504236,220.57735968997056,222.88536071777344,39960300,0.0,0.0
2024-07-24,221.88490694575157,222.67735606492835,215.0797809310421,216.47645568847656,61777600,0.0,0.0
2024-07-25,216.86279177043605,218.76467587085634,212.59349046705276,215.4364013671875,51391200,0.0,0.0
2024-07-26,216.6349653026102,217.41751434744816,213.97036267942912,215.90196228027344,41601300,0.0,0.0
2024-07-29,214.91139345300462,217.22929471632008,213.71281205128278,216.17930603027344,36311800,0.0,0.0
2024-07-30,217.1203409396055,218.24957609355639,214.07932159795172,216.73402404785156,41643800,0.0,0.0
2024-07-31,219.34909118598728,221.70662325926872,218.54674189777583,219.98304748535156,50036300,0.0,0.0
2024-08-01,222.25141811315143,222.36038006072013,214.97082835556836,216.2981719970703,62501000,0.0,0.0
2024-08-02,217.08069402896655,223.46980270062375,215.65430376795194,217.78399658203125,105568600,0.0,0.0
2024-08-05,197.21012147966275,211.4840610296135,194.14930192882554,207.29400634765625,119548600,0.0,0.0
2024-08-06,203.36148541473497,208.00720313955475,199.17143085232243,205.27325439453125,69660500,0.0,0.0
2024-08-07,204.94637966039352,211.62274392073394,204.4412006806638,207.8388214111328,63516400,0.0,0.0
2024-08-08,211.097744151489,212.17744837655164,206.8581585633277,211.2958526611328,47161100,0.0,0.0
2024-08-09,210.09728825409005,214.7330909034816,209.96851092003678,214.1981964111328,42201600,0.0,0.0
2024-08-12,214.27755355785243,217.68900361003634,213.81145133020567,215.72543334960938,38028100,0.25,0.0
2024-08-13,217.19314118814535,220.04925425523973,217.19314118814535,219.4344024658203,44155300,0.0,0.0
2024-08-14,218.7401920302427,221.1797757696837,217.87739912826086,219.88064575195312,41960600,0.0,0.0
2024-08-15,222.7367590108339,223.48053712623224,220.9120118672479,222.8557586669922,46414000,0.0,0.0
2024-08-16,222.06237857544772,224.94824111633486,221.79461423345728,224.17471313476562,44340200,0.0,0.0
2024-08-19,223.84747960195193,224.115243980586,221.18970440160442,224.0160675048828,40687800,0.0,0.0
2024-08-20,223.8970537532744,225.28543353253482,223.57970115675508,224.6309051513672,30299000,0.0,0.0
2024-08-21,224.64083485973637,226.08871448701353,223.1830285060583,224.52182006835938,34765500,0.0,0.0
2024-08-22,225.90027790842765,226.44571820828537,222.04254943445835,222.66732788085938,43695300,0.0,0.0
2024-08-23,223.78798715352852,226.32674764036014,222.4690186706249,224.95819091796875,38677300,0.0,0.0
2024-08-26,224.87883517993083,225.39452559231563,222.0326490158817,225.29534912109375,30602200,0.0,0.0
2024-08-27,224.1251624880706,226.95152567852384,223.02437015551794,226.13832092285156,35934600,0.0,0.0
2024-08-28,226.02921369079436,227.95312221094204,223.80779089178384,224.611083984375,38052200,0.0,0.0
2024-08-29,228.1911537968638,230.98775191089825,226.9812734022471,227.8837127685547,51906300,0.0,0.0
2024-08-30,228.28039594132485,228.4886453526855,225.59287085733376,227.1002655029297,52990800,0.0,0.0
2024-09-03,226.65398476754012,227.10024860517055,219.33520335446548,220.92193603515625,50190600,0.0,0.0
2024-09-04,219.82114598403248,219.94014563997789,215.67581475954933,219.0178680419922,43840200,0.0,0.0
2024-09-05,219.79140861107143,223.60946073514918,219.6823205428289,220.53518676757812,36615400,0.0,0.0
2024-09-06,222.09216799264019,223.3714749735505,217.94685141211724,218.98814392089844,48423000,0.0,0.0
2024-09-09,218.98814282610013,219.4344067184307,214.91223769602945,219.077392578125,67180000,0.0,0.0
2024-09-10,217.1038662465979,219.6426263973432,214.93203178151688,218.28399658203125,51591000,0.0,0.0
2024-09-11,219.6228241682371,221.2392917639212,216.08243282408242,220.8128662109375,44587100,0.0,0.0
2024-09-12,220.65417167969628,221.69546405563682,217.99641184157417,220.92193603515625,37455600,0.0,0.0
2024-09-13,221.72521710949164,222.18139254741286,220.06907298412548,220.6541748046875,36766600,0.0,0.0
2024-09-16,214.7436126542421,215.41797935337752,212.14535259122513,214.52545166015625,59357400,0.0,0.0
2024-09-17,213.96018092212807,215.1006346980314,212.72055067344832,214.99154663085938,45519300,0.0,0.0
2024-09-18,215.7452565018275,220.86245391858552,215.7353297749969,218.8592071533203,59894900,0.0,0.0
2024-09-19,223.12351184232415,227.9134444812765,222.76649775953877,226.9713134765625,66781300,0.0,0.0
2024-09-20,228.06222073119503,231.15633305592988,225.7317097608303,226.30690002441406,318679900,0.0,0.0
2024-09-23,225.45404067299683,227.54653724680347,223.93673438033483,224.5912628173828,54146000,0.0,0.0
2024-09-24,226.75316007712865,227.44736512534206,223.85738561877668,225.48377990722656,43556100,0.0,0.0
2024-09-25,223.0639938591287,225.40441611848388,222.16155463706056,224.49205017089844,42308700,0.0,0.0
2024-09-26,225.41436171300208,226.60440369502516,223.54004142995942,225.63253784179688,36636700,0.0,0.0
2024-09-27,226.56475422029098,227.6159582791164,225.41437368594384,225.90029907226562,34026000,0.0,0.0
2024-09-30,228.1316114938428,231.0670623779297,227.7448474882838,231.0670623779297,54541900,0.0,0.0
2024-10-01,227.615942887257,227.74485413807125,221.88389405688537,224.33340454101562,63285000,0.0,0.0
2024-10-02,224.01605029183685,225.48376819979168,221.16986421787885,224.89866638183594,32880600,0.0,0.0
2024-10-03,223.27226484855484,224.92840891217833,221.4673712198949,223.79786682128906,34044200,0.0,0.0
2024-10-04,226.00936828631617,226.1085447535635,222.27065455992025,224.9185028076172,37245100,0.0,0.0
2024-10-07,222.63757729885364,223.81770763530983,219.49387702101052,219.85089111328125,39505400,0.0,0.0
2024-10-08,222.4392426471427,224.10529834651464,221.39795026893304,223.8970489501953,31855700,0.0,0.0
2024-10-09,223.36153007501719,227.84403724277382,222.96485445261254,227.63577270507812,33591100,0.0,0.0
2024-10-10,225.89038125247495,227.59611368544336,225.28544108575701,227.13992309570312,28183500,0.0,0.0
2024-10-11,227.39777482080956,227.5068628874906,225.4540279414576,225.66229248046875,31759200,0.0,0.0
2024-10-14,226.80275797652766,229.80762063057296,226.70359663127624,229.38119506835938,39882100,0.0,0.0
2024-10-15,231.672004479983,235.51982138099225,230.44228590022638,231.91001892089844,64751400,0.0,0.0
2024-10-16,229.67869350471682,230.19436878170097,227.93328446814013,229.85719299316406,34082200,0.0,0.0
2024-10-17,231.49351658619665,231.91004568892726,228.6076687095473,230.22413635253906,32993800,0.0,0.0
2024-10-18,234.2206797118992,234.2206797118992,232.0686835146529,233.05047607421875,46431500,0.0,0.0
2024-10-21,232.5050605584077,234.8851598599691,232.5050605584077,234.51821899414062,36254500,0.0,0.0
2024-10-22,231.94969236544068,234.26036494372266,230.67040061866737,233.90335083007812,38846600,0.0,0.0
2024-10-23,232.1381071008503,233.18931106897517,225.87052966736016,228.84564208984375,52287000,0.0,0.0
2024-10-24,228.07212485007065,228.90516786821388,226.51515714412935,228.65724182128906,31109500,0.0,0.0
2024-10-25,227.83412074973037,231.28524701350278,227.665532857223,229.49026489257812,38802300,0.0,0.0
2024-10-28,231.38443735420992,232.78272881287972,230.62082086290692,231.46376037597656,36087100,0.0,0.0
2024-10-29,231.1662428522856,232.38603471678388,230.39271482775456,231.73150634765625,35417200,0.0,0.0
2024-10-30,230.68031899274527,231.53318522639518,227.64570650368097,228.19114685058594,47070900,0.0,0.0
2024-10-31,227.43741116025222,227.92335160936318,223.50034473329782,224.03587341308594,64370100,0.0,0.0
2024-11-01,219.13689753624155,223.48056715614828,218.44270756169647,221.06080627441406,65276700,0.0,0.0
2024-11-04,219.15674639945414,220.94180209636423,217.8873660614612,220.16827392578125,44944500,0.0,0.0
2024-11-05,219.9599923572388,222.09215031274817,219.3054639601429,221.59629821777344,28111300,0.0,0.0
2024-11-06,220.76325691115125,224.19455985797964,219.3550388628842,220.87234497070312,54561100,0.0,0.0
2024-11-07,222.76650205936048,225.98954046008802,222.70700223311508,225.5928497314453,42137700,0.0,0.0
2024-11-08,225.53329235935942,227.01256271730918,224.77877343219782,225.32481384277344,38328800,0.25,0.0
2024-11-11,223.37892800863307,224.07388164377818,219.90414468405433,222.61447143554688,42005600,0.0,0.0
2024-11-12,222.9321731823864,223.96467356190874,221.75074442821315,222.61447143554688,40398300,0.0,0.0
2024-11-13,222.39605879884869,225.01703765642938,221.15506473467502,223.49806213378906,48566200,0.0,0.0
2024-11-14,223.398802697962,227.22105551450989,223.3789425502784,226.57574462890625,44923900,0.0,0.0
2024-11-15,224.76884409236825,225.28510187679902,222.65420045885568,223.37893676757812,47923700,0.0,0.0
2024-11-18,223.62713486361545,228.08479108540536,223.54770942404784,226.37718200683594,44633700,0.0,0.0
2024-11-19,225.34466282087314,228.50175961033486,225.02697621656037,226.6352996826172,36211800,0.0,0.0
2024-11-20,226.41689814964724,228.27342054954684,224.26253412411586,227.35012817382812,35169600,0.0,0.0
2024-11-21,227.2310031211041,228.5017799491732,224.08384369933498,226.87359619140625,42108300,0.0,0.0
2024-11-22,226.41689485035167,229.05773399756174,226.41689485035167,228.21385192871094,38168300,0.0,0.0
2024-11-25,229.79237007092468,231.569466708358,228.08476121597957,231.19219970703125,90152800,0.0,0.0
2024-11-26,231.64893863936055,233.87280565588551,231.64893863936055,233.36647033691406,45986200,0.0,0.0
2024-11-27,232.78071887838198,233.99193037541463,232.125470334311,233.23739624023438,33498400,0.0,0.0
2024-11-29,233.11826871739834,236.09665470361549,232.28432427698263,235.6201171875,28481400,0.0,0.0
2024-12-02,235.5605532676808,239.0551819380818,235.45134517492735,237.86383056640625,48137100,0.0,0.0
2024-12-03,238.08222901174219,241.01097200063165,237.17878168890522,240.90176391601562,38861000,0.0,0.0
2024-12-04,241.12019505186365,242.35126670496282,239.5118714775545,241.25918579101562,44383900,0.0,0.0
2024-12-05,242.2321233137982,242.77814859306412,240.38552350615552,241.28895568847656,40033900,0.0,0.0
2024-12-06,241.15989600483465,242.86750503393802,240.33587413565135,241.09039306640625,36870600,0.0,0.0
2024-12-09,240.08767817050534,245.45870413211114,240.0082527322972,244.97222900390625,44649200,0.0,0.0
2024-12-10,245.11119868483894,246.42169557945553,243.57236314301568,245.98486328125,36914800,0.0,0.0
2024-12-11,246.17352158557497,248.9930565140259,244.48575750906295,244.714111328125,45205800,0.0,0.0
2024-12-12,245.11122473397327,246.9479020514793,243.9099357862414,246.17352294921875,32777500,0.0,0.0
2024-12-13,246.03453629863122,247.4939314395242,244.46591792091505,246.34230041503906,33155300,0.0,0.0
2024-12-16,246.20327957624434,249.56885459541954,245.86571770543418,249.23129272460938,51694800,0.0,0.0
2024-12-17,248.2782345553336,252.0012166921119,247.98039295462073,251.6537322998047,51356400,0.0,0.0
2024-12-18,250.34325221557475,252.44797328398425,245.95509905753715,246.2628631591797,56774100,0.0,0.0
2024-12-19,245.71684652457995,250.18442555229956,245.3097967996626,247.99034118652344,60882300,0.0,0.0
2024-12-20,246.25292226826556,253.16278373693368,243.9198625662762,252.65646362304688,147495300,0.0,0.0
2024-12-23,252.93444954402884,253.80809906094288,251.62395254537785,253.43084716796875,40858800,0.0,0.0
2024-12-24,253.64927033575188,256.34965954757746,253.45069916161225,256.3397521972656,23234700,0.0,0.0
2024-12-26,256.32980188696064,258.2260444048055,255.77383898408218,257.15380859375,27237100,0.0,0.0
2024-12-27,255.9724022209019,256.8361595932908,251.23677948504655,253.74855041503906,42355300,0.0,0.0
2024-12-30,250.4127477342041,251.67360197393796,248.9434149702759,250.38296508789062,35557500,0.0,0.0
2024-12-31,250.62123433005314,251.45517870098834,247.63291094425557,248.61578369140625,39480700,0.0,0.0
2025-01-02,247.1365264348607,247.3053149666319,240.07776640397734,242.0931396484375,55740700,0.0,0.0
2025-01-03,241.60667419433594,242.42075849453866,240.147263834766,241.60667419433594,40244100,0.0,0.0
2025-01-06,242.54980162717402,245.54804748087855,241.4477983095151,243.23483276367188,45045600,0.0,0.0
2025-01-07,241.22937670987722,243.78086767976055,239.6111308132576,240.46493530273438,40856000,0.0,0.0
2025-01-08,240.17702168463396,241.95413364050106,238.32049944087447,240.95140075683594,37628900,0.0,0.0
2025-01-10,238.28079154222544,238.4297199246896,231.32130202918376,235.14356994628906,61710900,0.0,0.0
2025-01-13,231.84748509521594,232.9792711307645,228.06493742769467,232.71121215820312,49630700,0.0,0.0
2025-01-14,233.05868390458076,234.41880854341963,230.7951119565212,231.59927368164062,39435300,0.0,0.0
2025-01-15,232.94947976770305,237.2383625727966,232.74098609709984,236.1562042236328,39832000,0.0,0.0
2025-01-16,235.63995285298606,236.29518618874627,226.38709407905125,226.6154327392578,71759100,0.0,0.0
2025-01-17,230.44764042021458,230.6164138035219,226.833866130533,228.32305908203125,68488300,0.0,0.0
2025-01-21,222.38613659782595,222.8031087860845,217.79942737812888,221.0359344482422,98070400,0.0,0.0
2025-01-22,218.2064601780486,222.5052654056773,218.2064601780486,222.2173614501953,64126500,0.0,0.0
2025-01-23,223.1208199792776,225.394314538592,220.69839703644928,222.04859924316406,60234800,0.0,0.0
2025-01-24,223.16053267311034,224.00441476166836,219.8148172645265,221.17494201660156,54697900,0.0,0.0
2025-01-27,222.40601266103107,230.47742834163907,222.36629236472388,228.2039337158203,94863400,0.0,0.0
2025-01-28,229.1868093297106,238.45951413038736,229.1470890329199,236.5434112548828,75707600,0.0,0.0
2025-01-29,232.43322998057818,238.13188043636077,232.32402189200354,237.63548278808594,45486100,0.0,0.0
2025-01-30,236.95045561956258,239.05517683623282,235.50098294542886,235.87823486328125,55658300,0.0,0.0
2025-01-31,245.40906406001392,245.40906406001392,231.75812916176676,234.2996826171875,100959800,0.0,0.0
2025-02-03,228.33299411580026,230.15973381299622,224.0738938399255,226.36724853515625,73063300,0.0,0.0
2025-02-04,225.61272492539547,231.45036595591674,225.01704170433482,231.12274169921875,45067300,0.0,0.0
2025-02-05,226.8835194075747,230.9936915376493,226.62539807097704,230.79513549804688,39620300,0.0,0.0
2025-02-06,229.62360070928509,232.11552641696264,228.76979621063217,231.53970336914062,29925300,0.0,0.0
2025-02-07,230.9241838961893,232.31409120281862,225.62264568638093,225.989990234375,39707200,0.0,0.0
2025-02-10,228.16660736242451,229.1803610121675,225.81108525741098,226.25833129882812,33115600,0.25,0.0
2025-02-11,226.8049592810601,233.7919821040532,226.7353950927951,231.19793701171875,53718400,0.0,0.0
2025-02-12,229.78663009476247,235.51142789245534,229.26980470124647,235.42196655273438,45243300,0.0,0.0
2025-02-13,235.46171484030373,240.85851264219508,234.12991022790982,240.053466796875,53614100,0.0,0.0
2025-02-14,239.77517912233392,244.04889519264196,239.51677402617887,243.10470581054688,40896200,0.0,0.0
2025-02-18,242.65747382373942,243.6811760890431,240.3615975750387,242.97552490234375,48822500,0.0,0.0
2025-02-19,243.16435439309654,244.50609250836237,241.6735241546838,243.37306213378906,32204200,0.0,0.0
2025-02-20,243.4426355672204,245.27138364211797,242.7966000469895,244.3271942138672,32316900,0.0,0.0
2025-02-21,244.44646835255205,247.16972378813352,243.72093519653038,244.04891967773438,53197400,0.0,0.0
2025-02-24,243.43269920852308,247.33868242018207,242.92582237394555,245.58944702148438,51326400,0.0,0.0
2025-02-25,246.48392314447185,248.4716967182176,243.41281661275679,245.52978515625,48013300,0.0,0.0
2025-02-26,242.83635669602367,243.48237703128345,237.66814851741972,238.890625,44433600,0.0,0.0
2025-02-27,237.94643641845556,240.97779411500133,235.61079643123784,235.84933471679688,41153600,0.0,0.0
2025-02-28,235.50149647860906,240.61007450668035,228.79275994472408,240.36160278320312,56833400,0.0,0.0
2025-03-03,240.31188380351972,242.5381957053339,234.66661403302143,236.5748748779297,47184000,0.0,0.0
2025-03-04,236.25684921580154,238.60242278275774,233.24535811530478,234.4877166748047,53798100,0.0,0.0
2025-03-05,233.98083809185871,235.1039350742086,227.82867612475383,234.29888916015625,47227600,0.0,0.0
2025-03-06,233.00682927336524,236.4059203890797,231.73465535282332,233.89138793945312,45170400,0.0,0.0
2025-03-07,233.67273718007357,239.89446338205195,233.32487071745646,237.60853576660156,46273600,0.0,0.0
2025-03-10,234.10009611136832,234.71631625547707,222.84930513729455,226.08937072753906,72071200,0.0,0.0
2025-03-11,222.4418047589131,224.4593937721428,216.1206840338927,219.48995971679688,76137400,0.0,0.0
2025-03-12,218.7942505386503,220.39440897367027,213.5962265598192,215.653564453125,62547500,0.0,0.0
2025-03-13,214.6298526174969,215.5144112677834,207.14588618522245,208.39817810058594,61368300,0.0,0.0
2025-03-14,209.9585940343847,212.64208545758027,208.2988048386841,212.18490600585938,60107600,0.0,0.0
2025-03-17,212.00601857046763,213.90434624612,208.68643986463772,212.69180297851562,48073400,0.0,0.0
2025-03-18,212.85081593904235,213.83475423543342,210.19713981325924,211.38980102539062,42432400,0.0,0.0
2025-03-19,212.91044076829724,217.4226803637017,212.443312738742,213.92420959472656,54385400,0.0,0.0
2025-03-20,212.6818400591608,216.16044383082547,210.9226561911479,212.79116821289062,48862900,0.0,0.0
2025-03-21,210.26668206389348,217.50217651661012,209.98839498228966,216.9356689453125,94127800,0.0,0.0
2025-03-24,219.64899945464327,220.1260609084734,217.24379503613238,219.38064575195312,44299500,0.0,0.0
2025-03-25,219.42039321145907,222.7300380772677,218.73460889257407,222.38217163085938,34493600,0.0,0.0
2025-03-26,222.1436424317859,223.64442126802376,219.12223310716143,220.17575073242188,34466100,0.0,0.0
2025-03-27,220.03661426059983,223.61461307047793,219.21168633594712,222.48158264160156,37094800,0.0,0.0
2025-03-28,220.31490521146458,222.44182255065115,216.34929105853038,216.5679473876953,39818600,0.0,0.0
2025-03-31,215.6833836525119,224.24075018814546,214.90815310911736,220.7720947265625,65299300,0.0,0.0
2025-04-01,218.46624988397502,222.31258685550372,217.56180927777046,221.82559204101562,36412700,0.0,0.0
2025-04-02,219.9670353213626,223.8133724100327,219.66886624627372,222.5213165283203,35905900,0.0,0.0
2025-04-03,204.28348559152053,206.22157697816277,200.0197179050274,201.94786071777344,103419000,0.0,0.0
2025-04-04,192.70471987275084,198.65810753704542,186.19475800144227,187.22840881347656,125910900,0.0,0.0
2025-04-07,176.11674047268428,192.96311894309866,173.55251067175698,180.3507080078125,160466300,0.0,0.0
2025-04-08,185.55866963100107,189.17641711488596,168.175598539417,171.365966796875,120859500,0.0,0.0
2025-04-09,170.89882177160354,199.383619356675,170.8391909937331,197.63438415527344,184395900,0.0,0.0
2025-04-10,187.9141974958541,193.5892830219747,181.88129692496375,189.2559356689453,121880000,0.0,0.0
2025-04-11,184.96233608452022,198.32016168749274,184.92257212057936,196.93865966796875,87435900,0.0,0.0
2025-04-14,210.14745189040866,211.63828226401768,199.93029560984905,201.281982421875,101352900,0.0,0.0
2025-04-15,200.6260097569118,202.26591707175376,198.57860517432977,200.904296875,51343900,0.0,0.0
2025-04-16,197.1473753495745,199.4730666932086,191.19398828729797,193.08238220214844,59732400,0.0,0.0
2025-04-17,195.99447418061752,197.61451451967758,193.2314700862815,195.77581787109375,52164700,0.0,0.0
2025-04-21,192.08851517151226,192.6152739871965,188.64966000796989,191.97918701171875,46742500,0.0,0.0
2025-04-22,194.92107095045932,200.35763286451953,194.7719939992729,198.51895141601562,52976400,0.0,0.0
2025-04-23,204.74067860292737,206.7284521815966,201.56024391015845,203.3492431640625,52929200,0.0,0.0
2025-04-24,203.6374845300284,207.5534013078127,201.69940812530302,207.09620666503906,47311000,0.0,0.0
2025-04-25,205.10841141990002,208.46775361357263,204.9394524859384,208.00062561035156,38222300,0.0,0.0
2025-04-28,208.71623364812058,210.2070638884643,206.1917677806294,208.85537719726562,38743100,0.0,0.0
2025-04-29,207.4142395090872,210.94254069563792,207.09618845243054,209.91883850097656,36827600,0.0,0.0
2025-04-30,208.02050829648644,212.2743425468257,205.40658118436113,211.20094299316406,52286500,0.0,0.0
2025-05-01,207.80187477964563,213.2483707428857,207.62296725165953,212.01596069335938,57365700,0.0,0.0
2025-05-02,204.83013207172814,205.72463931330321,200.92416412992952,204.09466552734375,101010600,0.0,0.0
2025-05-05,201.85841873478097,202.85230555244996,196.99831280299983,197.6741485595703,69018500,0.0,0.0
2025-05-06,196.99832434112832,199.42339557924856,195.81559653234874,197.29647827148438,51216500,0.0,0.0
2025-05-07,197.9524407308952,198.2207944248892,192.0686324392914,195.05029296875,68536700,0.0,0.0
2025-05-08,196.51130456752412,198.82706269335065,193.48988012199126,196.28271484375,50478900,0.0,0.0
2025-05-09,197.7834732241415,199.31405222350435,196.3323918231404,197.31634521484375,36453900,0.0,0.0
2025-05-12,209.95526516858178,210.2538252478288,205.75556156059073,209.776123046875,63775800,0.26,0.0
2025-05-13,209.4178625594749,212.3735786127325,207.99474788922345,211.9058380126953,51909300,0.0,0.0
2025-05-14,211.40822571910564,212.9109724892217,209.56713314477625,211.3087158203125,49325800,0.0,0.0
2025-05-15,209.9353425862246,211.9356843489774,208.5321209406448,210.4329376220703,45029500,0.0,0.0
2025-05-16,211.33858120774948,211.54757782116647,208.7610423595207,210.24386596679688,54737900,0.0,0.0
2025-05-19,206.90999202317107,208.47243269467637,203.2775387890809,207.7758026123047,46140500,0.0,0.0
2025-05-20,206.6711222878563,207.46727738969238,204.04382108157407,205.86502075195312,42496600,0.0,0.0
2025-05-21,204.1831685508297,206.04416933851562,199.74462882701684,201.11798095703125,59211800,0.0,0.0
2025-05-22,199.74464241928678,201.77482385442195,198.73949054480968,200.39151000976562,46742400,0.0,0.0
2025-05-23,192.7384848883374,196.74910019358438,192.5295034494263,194.33079528808594,78432900,0.0,0.0
2025-05-27,197.34622283817185,199.77448939448533,196.4803970243206,199.24703979492188,56288500,0.0,0.0
2025-05-28,199.6252046868552,201.75491117265972,198.93852099816252,199.45602416992188,45339700,0.0,0.0
2025-05-29,202.60081106845576,202.8297005493605,197.55518975609246,198.98826599121094,51396800,0.0,0.0
2025-05-30,198.4110493394953,200.98860329086406,195.83351057352263,199.88394165039062,70819900,0.0,0.0
2025-06-02,199.31669015009302,201.15779807678393,199.15745607510846,200.7298583984375,35423300,0.0,0.0
2025-06-03,200.38153417950807,202.78989241693247,199.99341064507593,202.29229736328125,46381600,0.0,0.0
2025-06-04,201.93404589483336,205.24803106286797,201.12794426741362,201.844482421875,43604000,0.0,0.0
2025-06-05,202.52119947175674,203.76518718349973,199.18730633012683,199.66500854492188,55126100,0.0,0.0
2025-06-06,202.023590138985,204.71060036976428,201.0781625818177,202.9391632080078,46607700,0.0,0.0
2025-06-09,203.4069099948636,205.0091667110405,199.05793398755327,200.48104858398438,72862600,0.0,0.0
2025-06-10,199.63515466910712,203.36711781582227,199.60530017876516,201.6951904296875,54672600,0.0,0.0
2025-06-11,202.52118145308685,203.51637153393742,197.4556675860525,197.82388305664062,60989900,0.0,0.0
2025-06-12,198.12247961063645,198.7195846578917,196.41075114145443,198.2418975830078,43904600,0.0,0.0
2025-06-13,198.76934984808122,199.4062710181849,194.7587342450942,195.505126953125,51447300,0.0,0.0
2025-06-16,196.3510290449251,197.73434281232372,195.61458283187793,197.46563720703125,43020700,0.0,0.0
2025-06-17,196.25149936947125,197.4357781067605,194.27108064091922,194.69900512695312,38856200,0.0,0.0
2025-06-18,194.99756984742208,196.61973472966923,194.13175923439314,195.63449096679688,45394700,0.0,0.0
2025-06-20,197.28651411005004,200.72986375748766,195.9131467510872,200.03323364257812,96813500,0.0,0.0
2025-06-23,200.6602023375907,201.3269779408771,198.00304635957568,200.53082275390625,55814300,0.0,0.0
2025-06-24,201.61557243039425,202.46149014710028,199.23706853700068,199.3365936279297,54064000,0.0,0.0
2025-06-25,200.4810436177515,202.6903668657116,199.65503400834336,200.59051513671875,39525700,0.0,0.0
2025-06-26,200.461158146952,201.66534499125092,198.5006473897771,200.03323364257812,50799100,0.0,0.0
2025-06-27,200.91894034324127,202.24254507531293,199.03803155248616,200.1128387451172,73188600,0.0,0.0
2025-06-30,201.03837692831615,206.39250533244538,198.30160374091744,204.1831817626953,91912800,0.0,0.0
2025-07-01,205.6759415551798,209.17901505124104,205.1484920031366,206.82041931152344,78788900,0.0,0.0
2025-07-02,207.90519262679368,212.31387801499196,207.13889190503232,211.418212890625,67941800,0.0,0.0
2025-07-03,211.12958235725722,213.61755770997246,210.7912213537831,212.52285766601562,34955800,0.0,0.0
2025-07-07,211.65705062020388,215.18997897032483,207.7957228576545,208.940185546875,50229000,0.0,0.0
2025-07-08,209.08945658408672,210.41304612040562,207.4473837253886,208.9998779296875,42848900,0.0,0.0
2025-07-09,208.52217876921287,210.3135239719546,206.22329208627588,210.1244354248047,48749400,0.0,0.0
2025-07-10,209.49748097232364,212.45319704499605,209.0197939340788,211.3883514404297,44443600,0.0,0.0
2025-07-11,209.55718962168862,211.1096837700706,208.85059795908091,210.14434814453125,39765800,0.0,0.0
2025-07-14,208.92027389637033,209.89557123752414,206.54176989733165,207.6165771484375,38840100,0.0,0.0
2025-07-15,208.21368905566166,210.87084499335577,207.9151289669034,208.10421752929688,42296300,0.0,0.0
2025-07-16,209.28849593835915,211.37838618562168,207.63647661047767,209.149169921875,47490500,0.0,0.0
2025-07-17,209.55721484346458,210.78129457926272,208.5819174807461,209.00985717773438,48068100,0.0,0.0
2025-07-18,209.85573909301036,210.77131219576944,208.69136845628208,210.16424560546875,48974600,0.0,0.0
2025-07-21,211.07983063398711,214.74212298846783,210.61209006251647,211.45799255371094,51377400,0.0,0.0
2025-07-22,212.11484021935428,213.91613206526756,211.20921348603295,213.3687744140625,46404100,0.0,0.0
2025-07-23,213.9658669821171,214.1151394198069,211.38832832203676,213.1199493408203,46989300,0.0,0.0
2025-07-24,212.87115278650074,214.65255153978734,212.5029373149323,212.73182678222656,46022600,0.0,0.0
2025-07-25,213.6673206036272,214.2047317845148,212.37357038101962,212.8512725830078,40268800,0.0,0.0
2025-07-28,213.00055398053098,213.81661722083774,212.03521828670327,213.0204620361328,37858000,0.0,0.0
2025-07-29,213.14982178903043,213.7767964509494,209.80599741985404,210.2538299560547,51411700,0.0,0.0
2025-07-30,210.88077731884883,211.36842593737322,206.72088996610802,208.04449462890625,45512500,0.0,0.0
2025-07-31,207.48719786288635,208.83069544134486,206.16359315375274,206.57162475585938,80698400,0.0,0.0
2025-08-01,209.85574027592583,212.5527122409286,200.53081350952442,201.40658569335938,104434500,0.0,0.0
2025-08-04,203.52634207300898,206.88014336875773,200.70995198839026,202.37193298339844,75109300,0.0,0.0
2025-08-05,202.42167200915333,204.35234334482283,201.18764593221573,201.94398498535156,44155100,0.0,0.0
2025-08-06,204.64094523363173,214.3440487139093,204.60112912578842,212.2242889404297,108483100,0.0,0.0
2025-08-07,217.82723230897543,219.78775818606874,215.53829184895108,218.97169494628906,90224800,0.0,0.0
2025-08-08,219.76784743364436,229.88892965735022,218.19544514014734,228.2468719482422,113854000,0.0,0.0
2025-08-11,227.08115402328403,228.71511750604432,223.9327805410339,226.3438720703125,61806100,0.26,0.0
2025-08-12,227.17081559543826,229.95055565919736,226.23428798669784,228.80477905273438,55626200,0.0,0.0
2025-08-13,230.2195756343437,234.1351043372746,229.58191650034667,232.47125244140625,69878500,0.0,0.0
2025-08-14,233.1985666998313,234.25466305951576,230.0003892485326,231.92327880859375,51916300,0.0,0.0
2025-08-15,233.1387895567921,233.417757832359,228.49593650929467,230.73765563964844,56038700,0.0,0.0
2025-08-18,230.8472538899505,232.26202593201924,229.26310933608104,230.0402374267578,37476200,0.0,0.0
2025-08-19,230.42880766374827,232.0129522601839,228.50591803460907,229.71145629882812,39402600,0.0,0.0
2025-08-20,229.13358225147155,229.6217843388592,224.93908515924198,225.17819213867188,42263900,0.0,0.0
2025-08-21,225.43724912794482,225.68632903786573,222.9564077521854,224.07228088378906,30621200,0.0,0.0
2025-08-22,225.33760837029214,228.2468598588307,224.58041092619504,226.9217529296875,42477800,0.0,0.0
2025-08-25,225.64648455731327,228.45611344789907,225.39740462882727,226.32398986816406,30983100,0.0,0.0
2025-08-26,226.03501179732243,228.64537936019502,223.8630424721864,228.46603393554688,54575100,0.0,0.0
2025-08-27,227.7686378094015,230.05020313892598,227.41991984776428,229.6417236328125,31259500,0.0,0.0
2025-08-28,229.9704999102399,232.55096405412047,228.4959359400532,231.70408630371094,38074700,0.0,0.0
2025-08-29,231.65424737322112,232.52105569809,230.5184437223928,231.28561401367188,39418400,0.0,0.0
2025-09-02,228.4062708029861,230.00038826150748,226.1346633063032,228.87454223632812,44075600,0.0,0.0
2025-09-03,236.33698891571112,237.9709525201245,233.49747185558658,237.59234619140625,66427800,0.0,0.0
2025-09-04,237.57241502764154,239.01707546456905,235.86871695735925,238.89752197265625,47549400,0.0,0.0
2025-09-05,239.11668743272676,240.43183651086895,237.61225041390915,238.80783081054688,54870400,0.0,0.0
2025-09-08,238.41927329094256,239.2661357937392,235.4701607098454,237.00450134277344,48999500,0.0,0.0
2025-09-09,236.12774389612645,237.90119155812317,232.5011411802574,233.4875030517578,66313900,0.0,0.0
2025-09-10,231.33545739080094,231.56460664903227,225.118417424808,225.955322265625,83440800,0.0,0.0
2025-09-11,226.04500979013486,229.60186307827533,225.81584532196928,229.18341064453125,50208600,0.0,0.0
2025-09-12,228.37637066624734,233.6468944473401,228.17710979485463,233.20852661132812,55824200,0.0,0.0
2025-09-15,236.12775635652346,237.31337916896246,234.16500543557729,235.828857421875,42699500,0.0,0.0
2025-09-16,236.30708253667353,240.33222235518573,235.45026224943368,237.2735137939453,63421100,0.0,0.0
2025-09-17,238.09051246512186,239.21635855568803,236.85507060288438,238.11044311523438,46508000,0.0,0.0
2025-09-18,239.0868055705458,240.31227437025743,235.77901734043184,237.00450134277344,44249600,0.0,0.0
2025-09-19,240.34217704154452,245.3935247988757,239.32594197772087,244.59646606445312,163741300,0.0,0.0
2025-09-22,247.38614726921998,255.6954638689992,247.20680184487878,255.1374969482422,105517400,0.0,0.0
2025-09-23,254.9382669065294,256.3928850249964,252.64672876089196,253.49359130859375,60275200,0.0,0.0
2025-09-24,254.2807025242173,254.79879299943292,250.11607847800005,251.38140869140625,42303700,0.0,0.0
2025-09-25,252.27808820484515,256.22352044118514,250.7836088309123,255.9246063232422,55202100,0.0,0.0
2025-09-26,253.16481067495934,256.6519291955366,252.84598111295833,254.51980590820312,46076300,0.0,0.0
2025-09-29,253.62311772285494,254.06150078407975,252.07881928540593,253.49359130859375,40127700,0.0,0.0
2025-09-30,253.92202035086734,254.97811672142575,252.17846100632588,253.69287109375,37704300,0.0,0.0
2025-10-01,254.10134722927504,257.83756097799323,253.9917514638179,254.5098419189453,48713900,0.0,0.0
2025-10-02,255.63566078088252,257.229778167004,253.21461153357077,256.18365478515625,42630200,0.0,0.0
2025-10-03,253.73268185864376,258.2858540075867,253.01533061199513,257.0703430175781,49155600,0.0,0.0
2025-10-06,257.0404730386864,258.11651518827176,254.11130630837613,255.74526977539062,44664100,0.0,0.0
2025-10-07,255.86485915808862,256.4526841311554,254.48993311029045,255.5360870361328,31955800,0.0,0.0
2025-10-08,255.5758888188916,257.56852798749276,255.16739414069707,257.1102294921875,36496900,0.0,0.0
2025-10-09,256.8611554198282,257.0504585775582,252.2083446799687,253.1050262451172,38322000,0.0,0.0
2025-10-10,254.00171816056968,255.436420799504,243.10197943699816,244.3673095703125,61999100,0.0,0.0
2025-10-13,248.46219085423505,248.7710475029622,244.6562426215344,246.74851989746094,38142900,0.0,0.0
2025-10-14,245.69241642712313,247.93413549962378,243.79940008876653,246.8581085205078,35478000,0.0,0.0
2025-10-15,248.57178982967116,250.89321639065437,246.559219921403,248.42233276367188,33893600,0.0,0.0
2025-10-16,247.33635013275978,248.1234359576197,244.22783772705108,246.53929138183594,39777000,0.0,0.0
2025-10-17,247.1072067041429,252.4474806979352,246.3599669580113,251.36148071289062,49147000,0.0,0.0
2025-10-20,254.94822099113512,263.4069798400544,254.68918336894043,261.27484130859375,90483000,0.0,0.0
2025-10-21,260.9161783410852,264.3136317818121,260.86634411857244,261.8028869628906,46695900,0.0,0.0
2025-10-22,261.6833338430701,261.882609922878,254.4899051977633,257.4988098144531,45015300,0.0,0.0
2025-10-23,258.98332466328685,259.6608147081683,257.0604350924048,258.6246337890625,32754900,0.0,0.0
2025-10-24,260.2287163700197,263.15789839957887,258.22610426270086,261.85272216796875,38253700,0.0,0.0
2025-10-27,263.90514984178776,268.1295353654346,263.67598537979285,267.8206787109375,44888200,0.0,0.0
2025-10-28,267.9999758056659,268.896687690681,267.16307106420925,268.00994873046875,41534800,0.0,0.0
2025-10-29,268.28892986747474,270.4110953948544,266.1269030442272,268.7073974609375,51086700,0.0,0.0
2025-10-30,270.98897852374654,273.131090148023,267.49191714200913,270.4011535644531,69886500,0.0,0.0
2025-10-31,275.9705701844509,276.29937269597025,268.16940070155243,269.37493896484375,86167100,0.0,0.0
2025-11-03,269.42476736726525,269.8531775103368,265.2701011373342,268.0597839355469,50194600,0.0,0.0
2025-11-04,267.3424445625432,270.49081837885313,266.6350661079627,269.0461730957031,49274800,0.0,0.0
2025-11-05,267.6214146886098,270.7000692568828,265.94760492323326,269.14581298828125,43683100,0.0,0.0
2025-11-06,266.90407480138714,272.3937751745226,266.90407480138714,268.7771301269531,51204000,0.0,0.0
2025-11-07,268.8069946610708,271.28785094446636,265.78814772800683,267.4819030761719,48227400,0.0,0.0
2025-11-10,268.2298525605972,272.98692304032335,266.733924572705,268.6985778808594,41312400,0.26,0.0
2025-11-11,269.07757258136417,275.16101963639426,269.0675899882029,274.5028076171875,46208300,0.0,0.0
2025-11-12,274.2535066981436,274.9815360542478,270.9624767916609,272.7276611328125,48398000,0.0,0.0
2025-11-13,273.36590026791555,275.9488963676571,271.3513946141157,272.2090759277344,49602800,0.0,0.0
2025-11-14,270.31420819279356,275.21088338895913,268.8681625557137,271.6705322265625,47431300,0.0,0.0
2025-11-17,268.0903024129557,269.75575219797963,265.00869378967747,266.7339782714844,45018300,0.0,0.0
2025-11-18,269.25705465795,269.97510130800674,264.59974924229334,266.7139892578125,45677300,0.0,0.0
2025-11-19,264.80921977983166,271.47107967039307,264.77930243197466,267.83099365234375,40424500,0.0,0.0
2025-11-20,270.09480618650156,274.68232536305425,265.1981613886433,265.5272521972656,45823600,0.0,0.0
2025-11-21,265.2280517805383,272.5879921198442,264.9488130991126,270.75299072265625,59030800,0.0,0.0
2025-11-24,270.164627965921,276.24807542504453,270.164627965921,275.1710205078125,65585800,0.0,0.0
2025-11-25,274.52274228722064,279.6188865292943,274.5028075356392,276.2181396484375,46914200,0.0,0.0
2025-11-26,276.2081750495132,278.7712060098946,275.8790842359358,276.79656982421875,33431400,0.0,0.0
2025-11-28,276.50736791500816,278.242634823177,275.2407959413455,278.0930480957031,20135600,0.0,0.0
2025-12-01,277.255303275414,282.650620542313,275.390384584981,282.33148193359375,46587700,0.0,0.0
2025-12-02,282.231773534172,286.619823290159,281.86278279875575,285.4131164550781,53669500,0.0,0.0
2025-12-03,285.4231155973949,287.8365294074879,282.5309633672564,283.378662109375,43538700,0.0,0.0
2025-12-04,283.32881389666403,283.9571086251454,277.8337611056945,279.93804931640625,43989100,0.0,0.0
2025-12-05,279.77845592816414,280.37683325787106,277.2951945750906,278.0232238769531,47265800,0.0,0.0
2025-12-08,277.374989388386,278.9108174051644,275.4003533668138,277.1356506347656,38211800,0.0,0.0
2025-12-09,277.4049018876359,279.26982065807096,276.16827776921565,276.42755126953125,32193300,0.0,0.0
2025-12-10,276.9960211276047,278.9905919368044,275.68957968235776,278.0232238769531,33038300,0.0,0.0
2025-12-11,278.342340640522,278.83100071126506,273.06669274298736,277.2752380371094,33248000,0.0,0.0
2025-12-12,277.14562382282355,278.4620479370953,276.0685689150702,277.52459716796875,39532900,0.0,0.0
2025-12-15,279.3894873363706,279.3894873363706,272.0993337942639,273.3658752441406,50409100,0.0,0.0
2025-12-16,272.07941349564567,274.752131096348,271.0522107383373,273.8645324707031,37648600,0.0,0.0
2025-12-17,274.2634896625032,275.41036187784255,270.9026424636208,271.1020812988281,50138700,0.0,0.0
2025-12-18,272.86723904028526,272.8872042261758,266.22534517191764,271.45111083984375,51630700,0.0,0.0
2025-12-19,271.41126100078174,273.854622814086,269.1673684747946,272.9271545410156,144632000,0.0,0.0
2025-12-22,272.1192896847017,273.13654030849926,269.7756932559407,270.23443603515625,36571800,0.0,0.0
2025-12-23,270.1048034873943,271.7603010837797,268.8282792538215,271.62066650390625,29642000,0.0,0.0
2025-12-24,271.60070067851706,274.6823088952694,271.46109654935304,273.06671142578125,17910600,0.0,0.0
2025-12-26,273.41578359787746,274.6224904749486,272.11929424741834,272.6578369140625,21521800,0.0,0.0
2025-12-29,271.9497734782625,273.61522314661676,271.6107000753325,273.0168762207031,23715200,0.0,0.0
2025-12-30,272.06942798009953,273.3359694836473,271.54086793463244,272.33868408203125,22139600,0.0,0.0
2025-12-31,272.3187639976345,272.9370761103812,271.0123224859311,271.12200927734375,27293600,0.0,0.0
2026-01-02,271.52095990203577,277.0857995993762,268.26979943372277,270.27435302734375,37838100,0.0,0.0
2026-01-05,269.9053759278346,270.7730094869922,265.41759095171795,266.5345458984375,45647200,0.0,0.0
2026-01-06,266.2751846804448,266.8236794412865,261.4084273717842,261.64776611328125,52352100,0.0,0.0
2026-01-07,262.485556491205,262.96423405428067,259.10474402829175,259.6233215332031,48309800,0.0,0.0
2026-01-08,256.32231677215987,258.5861744106298,255.00590778144198,258.33685302734375,50419300,0.0,0.0
2026-01-09,258.3767027680543,259.5036402038468,255.52448097015204,258.6659240722656,39997000,0.0,0.0
2026-01-12,258.45648066308013,260.5906555331263,256.1028713590674,259.54351806640625,45263800,0.0,0.0
2026-01-13,258.01770778709204,261.0993163539261,257.68861696081353,260.34136962890625,45730800,0.0,0.0
2026-01-14,258.78560808748875,261.10930037675524,256.0131555781144,259.25433349609375,40019400,0.0,0.0
2026-01-15,259.9424426175537,260.3313985459844,256.35220896361545,257.5090637207031,39388600,0.0,0.0
2026-01-16,257.19992653146244,258.1972120398704,254.23798735410128,254.83636474609375,72142800,0.0,0.0
2026-01-20,252.04394930256512,254.09835490933511,242.75922413209136,246.0303192138672,80267500,0.0,0.0
2026-01-21,248.02490552393743,250.8771427168815,244.51445623630568,246.97775268554688,54641700,0.0,0.0
2026-01-22,248.52352576906395,250.31864258405668,247.47637302553753,247.67584228515625,39708300,0.0,0.0
2026-01-23,246.6486524137701,248.7329754164565,244.01580413580567,247.36668395996094,41689000,0.0,0.0
2026-01-26,250.7973351598156,255.86354695988197,249.12190294519746,254.7166748046875,55969200,0.0,0.0
2026-01-27,258.4664899667647,261.2389423700868,257.5090739976807,257.56890869140625,49648300,0.0,0.0
2026-01-28,256.9505880888889,258.1572949521919,253.81911240916085,255.74388122558594,41288000,0.0,0.0
2026-01-29,257.2996187429542,258.9451334735496,253.71936801028804,257.578857421875,67253000,0.0,0.0
2026-01-30,254.47732177254832,261.1890484668085,251.49543285360957,258.775634765625,92443400,0.0,0.0
2026-02-02,259.3241487899344,269.7557466562268,258.50636737104884,269.2770690917969,73913400,0.0,0.0
2026-02-03,268.4692659190308,271.1419837262723,266.88355520832346,268.7485046386719,64394700,0.0,0.0
2026-02-04,271.5508603406617,278.19278500760885,271.5508603406617,275.73944091796875,90545700,0.0,0.0
2026-02-05,277.3749854862336,278.7412615768201,272.48829324857786,275.1610107421875,52977400,0.0,0.0
2026-02-06,276.36776572322356,280.1474864654567,276.1782790346459,277.36505126953125,50453400,0.0,0.0
2026-02-09,277.41494619870406,277.70443813431814,271.2160169672847,274.13079833984375,44623400,0.26,0.0
2026-02-10,274.40031021957236,274.87943562430115,272.4537718732244,273.19244384765625,34376900,0.0,0.0
2026-02-11,274.2106536370846,279.6808719096702,273.9610989943363,275.00921630859375,51931300,0.0,0.0
2026-02-12,275.0990585104662,275.22883180172755,259.71650632997444,261.2637634277344,81077200,0.0,0.0
2026-02-13,261.5432690161623,261.7628783299504,254.9949421084194,255.32435607910156,56290700,0.0,0.0
2026-02-17,257.5903108294174,265.8156532326085,255.08478749757862,263.4099426269531,58469100,0.0,0.0
2026-02-18,263.13045584681157,266.3447212846438,261.9825104325609,263.8791198730469,34203300,0.0,0.0
2026-02-19,262.13220471573277,264.00886051677537,259.5867290635135,260.11578369140625,30845300,0.0,0.0
2026-02-20,258.50868117461044,264.2783836675007,257.7001265171608,264.1086730957031,42070500,0.0,0.0
2026-02-23,263.0206001676805,268.95002088588865,262.91081074777924,265.705810546875,37308200,0.0,0.0
2026-02-24,267.38283777638213,274.4003442568012,267.233111068832,271.6552429199219,47014600,0.0,0.0
2026-02-25,271.29586819299504,274.45024283739696,270.567157599074,273.74151611328125,33714300,0.0,0.0
2026-02-26,274.4602128097023,275.61811956353745,270.31758130113775,272.4637756347656,32345100,0.0,0.0
2026-02-27,272.3240439665745,272.3240439665745,262.4217314181026,263.70941162109375,72366500,0.0,0.0
2026-03-02,261.94253069595567,266.05518620599753,259.73647625260065,264.2484130859375,41827900,0.0,0.0
2026-03-03,263.0106738027697,265.08695529305965,259.6666350681776,263.2801818847656,38568900,0.0,0.0
2026-03-04,264.17854815272653,265.67587606267574,260.95432154975975,262.0523376464844,39803100,0.0,0.0
2026-03-05,260.3254337562426,261.09405110124777,256.79173142961054,259.8263244628906,49658600,0.0,0.0
2026-03-06,258.16927189629365,258.3090066542827,253.916851068475,257.0013427734375,41120000,0.0,0.0
2026-03-09,255.2345148744848,260.68477987096253,253.22808575123491,259.41705322265625,38218500,0.0,0.0
2026-03-10,257.19102845716964,262.01244158439727,256.4922936817907,260.3653564453125,30590800,0.0,0.0
2026-03-11,260.624897946549,261.6630538494394,259.08763272962494,260.34539794921875,26218900,0.0,0.0
2026-03-12,258.1992408199258,258.48873275942157,253.7272102811576,255.3043975830078,40794000,0.0,0.0
2026-03-13,255.024890934378,255.87336762960538,249.07551643845036,249.6744384765625,36930000,0.0,0.0
2026-03-16,251.66090222791988,253.43773019062647,249.4348789230203,252.36964416503906,32074200,0.0,0.0
2026-03-17,252.5093881906664,254.67552076289968,251.7307636559193,253.77711486816406,32361600,0.0,0.0
2026-03-18,252.1799767808244,254.48585937367065,248.55643828829037,249.49476623535156,35757900,0.0,0.0
2026-03-19,248.95572868612365,251.38140795985734,246.85947863088072,248.5165252685547,34864100,0.0,0.0
2026-03-20,247.53824109812177,248.75606899357115,245.56177255944445,247.54823303222656,88331100,0.0,0.0
2026-03-23,253.51758537106093,254.14646797882926,249.83415620831627,251.04200744628906,40546100,0.0,0.0
2026-03-24,249.90403139868116,254.37604644028636,249.10545347620703,251.1917266845703,45152300,0.0,0.0
2026-03-25,253.6473574345128,254.5457480998694,251.15181088451408,252.16998291015625,28476700,0.0,0.0
2026-03-26,251.67088153367666,256.5421934269488,250.32329549316128,252.43951416015625,41796700,0.0,0.0
2026-03-27,253.4477020992108,255.03488128462607,247.6281009352486,248.35679626464844,47900000,0.0,0.0
2026-03-30,249.62453299565456,250.4230956915925,245.07264337813007,246.19065856933594,39446200,0.0,0.0
2026-03-31,247.4683905467953,255.02489784868362,246.65983587287727,253.33790588378906,49598100,0.0,0.0
2026-04-01,253.6273948962928,255.72364490973627,252.8787309132899,255.1746368408203,40059400,0.0,0.0
2026-04-02,253.74717405681358,255.6737439434535,250.20349485503914,255.464111328125,31289400,0.0,0.0
2026-04-06,256.0530752925303,261.6930045642991,256.0031460821725,258.39886474609375,29329900,0.0,0.0
2026-04-07,255.70368128016966,255.7436185540334,245.2623079794448,253.0484161376953,62148000,0.0,0.0
2026-04-08,257.9896321241455,259.28730423338584,256.07303883918246,258.4388122558594,41032800,0.0,0.0
2026-04-09,258.5386343954405,260.6548530924392,255.61386101634736,260.0259704589844,28121600,0.0,0.0
2026-04-10,259.5168819122501,261.7229364827484,258.5585701252562,260.0159912109375,31291500,0.0,0.0
2026-04-13,259.2673359057164,259.71651601158027,256.2027973984465,258.73828125,36234700,0.0,0.0
2026-04-14,258.7881922504944,261.4634109961452,256.7318642110386,258.3689270019531,48370700,0.0,0.0
2026-04-15,257.7001261657452,266.08515659729386,257.35074355126085,265.95538330078125,49913500,0.0,0.0
2026-04-16,266.3247234477873,266.68409800240715,260.80457553569033,262.9307861328125,43323100,0.0,0.0
2026-04-17,266.4844323486072,271.8149160854778,266.24486962975914,269.7486267089844,61436200,0.0,0.0
2026-04-20,269.84841238867654,273.7913879220191,269.80850557942483,272.5635681152344,36590200,0.0,0.0
2026-04-21,271.0163536236942,272.3140256362382,264.9272139873882,265.69586181640625,50209800,0.0,0.0
2026-04-22,267.3429346055621,273.2523721409737,266.39461467279705,272.68341064453125,43249200,0.0,0.0
2026-04-23,274.56001085217736,275.2787294551341,271.1660737405759,272.9429016113281,33399600,0.0,0.0
2026-04-24,272.2741016414235,272.5735550213531,269.16962610782736,270.5771179199219,38157100,0.0,0.0
2026-04-27,265.6159889280984,267.88193422863776,264.59781690250213,267.1332702636719,41466800,0.0,0.0
2026-04-28,271.8548539018017,272.7432830913257,268.181416710472,270.2277526855469,40018900,0.0,0.0
2026-04-29,267.07336249706583,270.55716597281076,266.56429174844374,269.688720703125,30047900,0.0,0.0
2026-04-30,270.018146234023,275.50834883767226,267.6623648300734,270.86663818359375,91848200,0.0,0.0
2026-05-01,278.3632420760759,286.70836594964845,277.8741246788477,279.6409912109375,79915400,0.0,0.0
2026-05-04,279.16179801165765,280.13007120517506,274.3703307853319,276.3368225097656,46668400,0.0,0.0
2026-05-05,276.43668191704,284.0630869835518,276.00745521106614,283.67376708984375,49311700,0.0,0.0
2026-05-06,281.4178249779708,287.5169265187869,280.5693330033821,286.99786376953125,58336100,0.0,0.0
2026-05-07,288.75470528792926,291.6096265406606,285.2709318587503,286.927978515625,45224300,0.0,0.0
2026-05-08,289.49338424193445,294.2349225642168,289.48339230776435,292.7974853515625,52692800,0.0,0.0
2026-05-11,291.72841688276577,293.6267735875138,289.979924827367,292.42779541015625,42247300,0.27,0.0
2026-05-12,292.3078994315659,295.0155556946294,292.3078994315659,294.54595947265625,45748100,0.0,0.0
2026-05-13,293.24708951115105,300.6607090744109,293.24708951115105,298.6124572753906,52684300,0.0,0.0
2026-05-14,299.5616620172475,300.1911240450107,295.12548538387824,297.9530334472656,35324900,0.0,0.0
2026-05-15,297.643304079477,302.93875555297063,296.26448829773227,299.9713134765625,54862800,0.0,0.0
2026-05-18,299.98126929450746,300.4009207908792,294.6558756451712,297.5833435058594,34483000,0.0,0.0
2026-05-19,296.7140952726279,300.2510533099592,296.09463441963413,298.7123718261719,42243600,0.0,0.0
2026-05-20,297.9230626302997,302.5390768782648,297.82314269813475,301.98956298828125,38229800,0.0,0.0
2026-05-21,300.80056674721834,305.27671719779084,300.1411318265125,304.7271728515625,42965100,0.0,0.0
2026-05-22,305.85620846339293,311.13165741506583,305.57645096183757,308.55389404296875,43670200,0.0,0.0
2026-05-26,309.29325163060713,311.5513139598484,307.4048960873393,308.0643005371094,48000500,0.0,0.0
2026-05-27,308.0643052358437,312.9900803339556,308.0343323058515,310.5821533203125,50430900,0.0,0.0
2026-05-28,310.412282475935,312.5304508120942,309.30325358892543,312.24072265625,48220400,0.0,0.0
2026-05-29,311.5113496628706,314.7285763294451,309.2632884033746,311.7911071777344,70026800,0.0,0.0
2026-06-01,309.363197507879,310.67206624496237,304.7571540774977,306.0460510253906,48849900,0.0,0.0
2026-06-02,307.1950545511415,315.1781903378333,306.42572903356995,314.92840576171875,44534700,0.0,0.0
2026-06-03,313.9092501546009,316.6668815001487,308.5838566628498,309.9926452636719,50836700,0.0,0.0
2026-06-04,312.96009909963743,313.26982953176514,309.38316692864953,310.9618225097656,44869100,0.0,0.0
2026-06-05,312.5903972939029,314.8984348439246,306.8853260765596,307.0751647949219,65310500,0.0,0.0
2026-06-08,308.4739595974908,317.1265012321255,300.9105055796523,301.2801818847656,77949100,0.0,0.0
2026-06-09,300.0212482417878,300.4908444635933,287.5320194610898,290.29962158203125,70108800,0.0,0.0
2026-06-10,290.4894628291428,294.4960172141002,287.1323727394638,291.3287353515625,52793300,0.0,0.0
2026-06-11,293.4668864344149,296.7440586571729,289.3404406054596,295.375244140625,42572500,0.0,0.0
2026-06-12,295.7749221682621,296.88398158337014,289.3704417369658,290.879150390625,38742100,0.0,0.0
2026-06-15,293.8665449684006,297.5233947188816,291.4486474146935,296.1645812988281,45732600,0.0,0.0
2026-06-16,294.99559499590845,300.2210994929347,293.71669913987887,298.9821472167969,39874400,0.0,0.0
2026-06-17,300.59074812548096,301.8096980081642,294.10632015937927,295.6949768066406,42745100,0.0,0.0
2026-06-18,297.8530937792582,300.31099586682666,295.3652492546472,297.7532043457031,85962200,0.0,0.0
2026-06-22,297.05381866220307,302.1594314563154,296.5043047694293,296.75408935546875,44879900,0.0,0.0
2026-06-23,297.2836155142734,301.3800886038737,293.9264950024863,294.04638671875,52010900,0.0,0.0
2026-06-24,295.1054570720635,299.4417438827621,292.68755959702736,292.8274230957031,53081900,0.0,0.0
2026-06-25,287.1523472601469,288.55113481081804,273.5141152813601,274.91290283203125,107013700,0.0,0.0
2026-06-26,274.7630284991681,285.70360492137456,273.9737007161028,283.53546142578125,261775500,0.0,0.0
2026-06-29,286.4829438934296,288.12151489662153,279.6088673150861,281.4972229003906,66427000,0.0,0.0
2026-06-30,280.9277417485351,289.69017405322865,280.45814550695326,289.11065673828125,65100200,0.0,0.0
2026-07-01,293.1871503157195,296.33442991747245,288.95081360688545,294.1263427734375,50164200,0.0,0.0
2026-07-02,293.866538367699,309.15337194761725,293.4269150966668,308.3640441894531,75352800,0.0,0.0
2026-07-06,307.0951430290638,313.9292760509671,306.7354678654279,312.3905944824219,53590000,0.0,0.0
2026-07-07,315.0183186077797,315.20815732134815,309.88273318392555,310.3923034667969,42490000,0.0,0.0
2026-07-08,311.6412289475945,314.5487250421545,306.7854009831778,313.1199645996094,41323500,0.0,0.0
2026-07-09,310.24243869469103,316.2572401947346,307.8944576262147,315.947509765625,48124500,0.0,0.0
2026-07-10,314.4488202226986,316.6369356310425,311.9010296470402,315.0483093261719,34132300,0.0,0.0
2026-07-13,316.7468014245228,323.171283634363,315.5078797345754,317.03656005859375,43257800,0.0,0.0
2026-07-14,313.48965629761443,315.91755515351207,311.64124426456783,314.58868408203125,36336800,0.0,0.0
2026-07-15,317.34631234952286,328.44675508114506,317.0465830462295,327.2178039550781,60957600,0.0,0.0
2026-07-16,327.72736328456057,334.3915986652446,326.50841333986017,332.97283935546875,62970600,0.0,0.0
2026-07-17,331.693929977533,334.7013154010385,328.71648699084636,333.452392578125,63407100,0.0,0.0
2026-07-20,333.2226134619852,333.4224228207836,323.4010672140761,326.3085632324219,53468000,0.0,0.0
2026-07-21,322.85156758462244,329.3159936819017,321.94234806189104,327.45758056640625,41338900,0.0,0.0
2026-07-22,327.58746619388995,328.7164973399543,323.0613709608057,325.60919189453125,38755900,0.0,0.0
2026-07-23,321.4527900194849,323.0214140443725,319.0748358849152,321.3828430175781,40840800,0.0,0.0
2026-07-24,321.5127284115298,334.0818750563203,321.3428614810286,332.7330322265625,47489400,0.0,0.0
2026-07-27,334.2517370375488,339.277401491225,333.73216560461384,336.61968994140625,49604300,0.0,0.0
2026-07-28,339.73698155301014,342.59453283396704,335.31080637618777,339.78692626953125,51859000,0.0,0.0
2026-07-29,339.43727163464206,344.2730974331505,337.0593175600121,337.8985900878906,56090800,0.0,0.0
2026-07-30,332.8129674612056,334.4615395264105,329.30598233808786,333.1426696777344,74817800,0.0,0.0
2026-07-31,304.54735603914753,310.4222943774597,299.7415030462749,308.6438293457031,132489100,0.0,0.0
2026-08-03,309.313234694189,311.5313230344714,302.29929450581176,303.1585693359375,75052000,0.0,0.0
2026-08-04,302.46913991298527,310.1525156602479,301.0603512911937,309.1134033203125,68001000,0.0,0.0
2026-08-05,309.09342362565195,311.4414048335362,305.40663118634393,310.7320251464844,49438800,0.0,0.0
2026-08-06,314.06913775686996,316.0174696892129,308.96355554648414,312.14080810546875,46139900,0.0,0.0
2026-08-07,311.1816431226555,314.53873325457766,310.47223295908327,313.05999755859375,34437200,0.0,0.0
2026-08-10,306.8299865722656,308.260009765625,304.6099853515625,308.260009765625,44812500,0.27,0.0
2026-08-11,307.75,309.9700012207031,302.7900085449219,304.9100036621094,37476700,0.0,0.0
2026-08-12,305.1000061035156,305.6600036621094,300.57000732421875,302.25,41657800,0.0,0.0
2026-08-13,304.2099914550781,306.0,302.04998779296875,305.260009765625,40349300,0.0,0.0
2026-08-14,306.0,307.489990234375,304.29998779296875,305.92999267578125,28229400,0.0,0.0
2026-08-17,306.2099914550781,307.6600036621094,302.94000244140625,305.5899963378906,38169300,0.0,0.0
2026-08-18,307.5799865722656,311.489990234375,305.739990234375,310.0299987792969,53424500,0.0,0.0
2026-08-19,310.1400146484375,319.2799987792969,309.6000061035156,316.8299865722656,50505600,0.0,0.0
2026-08-20,317.4599914550781,320.2799987792969,310.6499938964844,311.29998779296875,40959200,0.0,0.0
2026-08-21,312.04998779296875,312.3800048828125,307.010009765625,309.3500061035156,46876800,0.0,0.0
2026-08-24,311.4700012207031,313.3599853515625,309.9700012207031,310.3399963378906,34673600,0.0,0.0
2026-08-25,310.7900085449219,313.5899963378906,308.2099914550781,309.8999938964844,25869800,0.0,0.0
2026-08-26,310.29998779296875,315.42999267578125,308.79998779296875,313.45001220703125,34024500,0.0,0.0
2026-08-27,310.54998779296875,315.3999938964844,309.3999938964844,314.5799865722656,32419200,0.0,0.0
2026-08-28,316.8500061035156,322.3699951171875,315.45001220703125,319.70001220703125,38649400,0.0,0.0
2026-08-31,319.6000061035156,321.239990234375,312.79998779296875,316.8500061035156,41242700,0.0,0.0
2026-09-01,316.9800109863281,327.29998779296875,314.7300109863281,325.1300048828125,53167400,0.0,0.0
2026-09-02,326.8699951171875,328.3999938964844,323.5299987792969,324.9599914550781,33776400,0.0,0.0
2026-09-03,324.8699951171875,330.80999755859375,324.1099853515625,328.2099914550781,37225800,0.0,0.0
2026-09-04,328.30999755859375,328.92999267578125,317.8599853515625,319.9700012207031,39551800,0.0,0.0
