Date,Open,High,Low,Close,Volume,Dividends,Stock Splits
2010-02-10,25.6610419355364,25.866125134951155,25.17030808104611,25.412012100219727,5814878,0.0,0.0
2010-02-11,25.902741838538898,26.660816595502897,25.675686197832555,26.605884552001953,6321054,0.0,0.0
2010-02-12,25.99429389770655,26.51798880232219,25.84780570851535,26.415447235107422,5141238,0.0,0.0
2010-02-16,26.950124463569626,27.305356979370117,26.792649233560873,27.305356979370117,4674207,0.0,0.0
2010-02-17,27.678907598738853,27.722852569082484,27.027034074637402,27.19183349609375,5800686,0.0,0.0
2010-02-18,27.21380233354375,27.587346074052093,27.10027371845555,27.499454498291016,6000910,0.0,0.0
2010-02-19,27.041684552538182,27.64228565134584,27.01971041476745,27.44452667236328,6632802,0.0,0.0
2010-02-22,27.660597743244498,27.697218553684483,27.411567971298297,27.44818878173828,5107177,0.0,0.0
2010-02-23,27.45551035556918,27.609322692233697,26.807299806319627,26.887868881225586,10528941,0.0,0.0
2010-02-24,26.767020743029377,27.118592095339814,26.61687128686525,26.89153480529785,8114314,0.0,0.0
2010-02-25,25.994288849072742,26.550943199009115,25.88808604776468,26.52897071838379,6916758,0.0,0.0
2010-02-26,26.528979640762334,26.884212269583468,26.137122894200484,26.854915618896484,5351277,0.0,0.0
2010-03-01,26.909845321950094,27.558054314346514,26.840263304340628,27.495798110961914,5093695,0.0,0.0
2010-03-02,27.525094719673984,27.971885125017785,27.44818854014065,27.711868286132812,5273104,0.0,0.0
2010-03-03,28.23032864519456,28.696945537132496,28.156264858638718,28.293285369873047,5631921,0.710266,0.0
2010-03-04,28.47104543034528,28.567330024585246,27.989615776196004,28.278472900390625,4867453,0.0,0.0
2010-03-05,28.778422805872413,29.45612738632374,28.7450915933941,29.32280921936035,6378295,0.0,0.0
2010-03-08,29.689438636597583,29.811646410874836,29.3598455424739,29.370952606201172,4328399,0.0,0.0
2010-03-09,28.945070037613604,29.411686928837817,28.945070037613604,29.208003997802734,3948649,0.0,0.0
2010-03-10,29.330206583341536,29.56351498784299,29.04505186672865,29.289470672607422,5387230,0.0,0.0
2010-03-11,28.993216297085343,29.07839384488844,28.715469525638913,29.070985794067383,3113812,0.0,0.0
2010-03-12,29.25244075675844,29.319099831846536,28.97839640740758,29.05246353149414,2558911,0.0,0.0
2010-03-15,28.77470569890637,28.85247515570626,28.441410413673708,28.796926498413086,2701066,0.0,0.0
2010-03-16,28.974688653671517,29.28946886016246,28.948765499219935,29.278358459472656,4114338,0.0,0.0
2010-03-17,29.644995511594,29.867193554898986,29.485750851687754,29.574630737304688,4796967,0.0,0.0
2010-03-18,29.719054409471486,29.89311179810161,29.259845641046226,29.38205337524414,4180212,0.0,0.0
2010-03-19,28.81174659729004,29.511671886954648,28.596956618870433,28.81174659729004,3560383,0.0,0.0
2010-03-22,28.419205388294856,29.18949233684938,28.393282221639527,29.1413516998291,3562748,0.0,0.0
2010-03-23,29.42279561313458,29.7635024154564,29.263554286658806,29.73017120361328,4641684,0.0,0.0
2010-03-24,29.152454298123583,29.359839575824164,28.94877137424635,29.015430450439453,3736244,0.0,0.0
2010-03-25,29.378346248032297,29.552400266905266,28.737675488359994,28.796926498413086,5063656,0.0,0.0
2010-03-26,29.14134837242413,29.39687431351067,28.841377471256095,29.10431480407715,3938714,0.0,0.0
2010-03-29,29.563521036516807,29.9227429414923,29.348731037523052,29.911632537841797,5557532,0.0,0.0
2010-03-30,30.252343841976842,30.307895874648626,29.80794762945647,30.037553787231445,4066323,0.0,0.0
2010-03-31,29.75238599934293,30.000507165786797,29.64499101867488,29.744977951049805,4610344,0.0,0.0
2010-04-01,30.44120576668536,30.637480651319514,30.352325880129854,30.57452392578125,4015705,0.0,0.0
2010-04-05,30.71525250095212,30.81154044442062,30.493054438180575,30.685626983642578,2801946,0.0,0.0
2010-04-06,30.630071455054257,30.73376408392907,30.38195028474299,30.485639572143555,3975968,0.0,0.0
2010-04-07,30.18197051433084,30.289365499449694,29.67091540515122,29.91533088684082,6811975,0.0,0.0
2010-04-08,29.64499495748238,30.211598787803226,29.467235189571117,30.130126953125,3110383,0.0,0.0
2010-04-09,30.307887337350266,30.52638302704377,30.20419469420587,30.478239059448242,3038477,0.0,0.0
2010-04-12,30.441209931456534,30.53379218468823,30.2116038048978,30.30048370361328,2531236,0.0,0.0
2010-04-13,30.193087591533605,30.267154728012308,29.759798518755755,30.13753890991211,3288845,0.0,0.0
2010-04-14,30.5041648425404,30.741175663966715,30.41898730343173,30.685626983642578,2640396,0.0,0.0
2010-04-15,30.293079033867354,30.574528148443665,30.13383435028613,30.170867919921875,3624956,0.0,0.0
2010-04-16,29.900527198953352,30.081989359207725,29.14875539218524,29.326515197753906,5139700,0.0,0.0
2010-04-19,28.889519453606596,29.208005446265133,28.6636190461734,29.11542320251465,4404444,0.0,0.0
2010-04-20,29.467236724206916,29.593150178157774,29.126533269195573,29.389467239379883,4966914,0.0,0.0
2010-04-21,28.952474959279222,29.159860245798907,28.74508967275954,29.056167602539062,4736533,0.0,0.0
2010-04-22,28.51918496986241,29.122822285448432,28.40808429393703,29.08578872680664,4361986,0.0,0.0
2010-04-23,28.515485667590866,28.956179433717136,28.45623463366042,28.9228515625,4736297,0.0,0.0
2010-04-26,29.24504067058381,29.352435678447897,28.978400986622056,29.000621795654297,3217886,0.0,0.0
2010-04-27,28.47845845453474,28.652515923858402,27.608182803081373,27.734094619750977,7007822,0.0,0.0
2010-04-28,27.985917408733258,28.122939619798238,27.53781720365988,28.030357360839844,7237967,0.0,0.0
2010-04-29,28.245139736769318,28.308093108812933,27.889620258427886,27.99701690673828,4628439,0.0,0.0
2010-04-30,27.53040419527252,27.645207244980384,26.900841940393345,26.956392288208008,8427008,0.0,0.0
2010-05-03,26.95269005690627,26.986019599517956,26.182401539562523,26.45644760131836,9959019,0.0,0.0
2010-05-04,25.567652806605672,26.38238129666394,25.14177344789402,25.367673873901367,11625262,0.0,0.0
2010-05-05,25.193612499949932,25.915758577976188,25.160282963704244,25.634307861328125,8140096,0.0,0.0
2010-05-06,25.389892572692787,25.63060740866673,22.960521734464155,23.978931427001953,13386827,0.0,0.0
2010-05-07,24.797357176218192,24.982523296748248,23.627112774485887,24.434432983398438,8880911,0.0,0.0
2010-05-10,26.3379335345974,26.434219782574306,25.749107315969578,26.02315330505371,9203776,0.0,0.0
2010-05-11,25.09362751653844,25.66023472678555,25.049187571544802,25.24916648864746,6990910,0.0,0.0
2010-05-12,25.297313701062993,25.415819122410735,25.09363073296281,25.4121150970459,7699794,0.0,0.0
2010-05-13,25.63801858753118,25.875031113744097,25.308423800319385,25.445446014404297,5318873,0.0,0.0
2010-05-14,24.956601882184255,25.019558601462286,24.238159823898016,24.586271286010742,8214485,0.0,0.0
2010-05-17,24.519616966572723,24.66774957800079,23.730813275056285,24.28260612487793,7225667,0.0,0.0
2010-05-18,24.589969199569587,24.904751068384012,23.708581971773484,23.7122859954834,7680753,0.0,0.0
2010-05-19,23.31233367618795,23.630817971577077,22.81608961638061,23.3382568359375,8813855,0.0,0.0
2010-05-20,22.00876794548949,22.571671046677785,21.638435682829336,21.886558532714844,12577418,0.0,0.0
2010-05-21,22.27910855928061,23.286409386820466,22.16060316924199,23.15679359436035,9974394,0.0,0.0
2010-05-24,23.060509151204116,23.245675299590342,22.734618467611195,22.775354385375977,5940949,0.0,0.0
2010-05-25,22.034696211673772,22.853127059672765,21.771760544964497,22.81979751586914,7614169,0.0,0.0
2010-05-26,23.22346417268952,24.093743260884143,22.93460693252376,23.02348518371582,10688599,0.0,0.0
2010-05-27,24.38258925020797,24.786251068115234,24.104840875391194,24.786251068115234,7704643,0.0,0.0
2010-05-28,24.41221826032698,24.589976364724105,23.790062388830968,24.01226043701172,4451277,0.0,0.0
2010-06-01,23.641924601142364,24.17890449178308,23.182714177337814,23.197526931762695,4478714,0.0,0.0
2010-06-02,23.44565472203556,24.034481048583984,23.279005351888156,24.034481048583984,4590948,0.0,0.0
2010-06-03,24.18260867125895,24.190016719767858,23.167903172521893,23.593782424926758,6733091,0.0,0.0
2010-06-04,22.642038573517464,22.927191698137733,21.956925925499093,22.112464904785156,10176746,0.0,0.0
2010-06-07,22.279111905047596,22.37539817544022,21.619922441331713,21.64214324951172,5493314,0.0,0.0
2010-06-08,22.230969216929637,22.830905966249325,22.034694325367536,22.816091537475586,6906469,0.0,0.0
2010-06-09,23.045699960458922,23.4382497830964,22.667961226611183,22.790170669555664,8363973,0.0,0.0
2010-06-10,24.182612691929503,24.330745284205115,23.845611587492147,24.241867065429688,6896534,0.0,0.0
2010-06-11,23.83820037984095,24.227047729273266,23.78265171320038,24.175201416015625,3790054,0.0,0.0
2010-06-14,24.860316467146035,25.00844904477227,24.293709315957255,24.389995574951172,5037282,0.0,0.0
2010-06-15,24.78625174121853,25.175099142374226,24.627008756143535,25.119548797607422,3890344,0.0,0.0
2010-06-16,24.84180228200507,25.126957064280766,24.645527389740288,24.986230850219727,4191093,0.0,0.0
2010-06-17,25.115850824975183,25.141773989574304,24.51591401393661,24.823287963867188,4875495,0.0,0.0
2010-06-18,25.07140650206604,25.175099142374226,24.86772357532507,25.119548797607422,3951014,0.0,0.0
2010-06-21,26.245361726369577,26.3305376066457,25.556546633060297,25.70467758178711,6104510,0.0,0.0
2010-06-22,25.689868154653617,25.949099854670788,25.14918561064835,25.24176788330078,5498518,0.0,0.0
2010-06-23,25.56024990439491,25.91947189539316,25.178808771512244,25.778745651245117,7233236,0.0,0.0
2010-06-24,25.404706678162942,25.526916115067433,25.04548641758461,25.17510223388672,5470725,0.0,0.0
2010-06-25,24.845503538587234,25.301010000349702,24.534425628947062,25.178800582885742,7124905,0.0,0.0
2010-06-28,25.112146738779213,25.182509852625735,24.589979422805083,24.704782485961914,3773616,0.0,0.0
2010-06-29,24.07521960986007,24.219648188781072,23.267897502346102,23.467876434326172,7151633,0.0,0.0
2010-06-30,22.98644481360304,23.601192646898948,22.81609141415651,22.956817626953125,8408204,0.0,0.0
2010-07-01,23.24567606386871,23.34196233053629,22.56426581833468,23.116060256958008,6689925,0.0,0.0
2010-07-02,23.556750306014184,23.634519777963906,22.993847222749004,23.223451614379883,3778819,0.0,0.0
2010-07-06,23.808584759127267,24.164101051360444,23.39751643570488,23.641935348510742,5294155,0.0,0.0
2010-07-07,23.70859370992076,24.441848754882812,23.66415375708401,24.441848754882812,4428806,0.0,0.0
2010-07-08,24.83069016020582,24.83069016020582,24.29371017387409,24.71959114074707,3918846,0.0,0.0
2010-07-09,24.745516077832875,25.182507479251136,24.69737377854757,25.123254776000977,3349161,0.0,0.0
2010-07-12,24.715881752573317,24.882529398963946,24.31222003618151,24.545528411865234,4751790,0.0,0.0
2010-07-13,24.99364609972761,25.067711582247217,24.752931193116492,24.89365577697754,4640856,0.0,0.0
2010-07-14,24.682562633937135,25.015859738033704,24.57886997878653,24.875133514404297,2770015,0.0,0.0
2010-07-15,25.108440182714563,25.14547374852994,24.46776751364819,24.99734115600586,4949175,0.0,0.0
2010-07-16,24.901056405981457,24.912166810551152,24.164097423292276,24.267791748046875,4525548,0.0,0.0
2010-07-19,24.482578614046428,24.67514945448433,24.20112622529248,24.452951431274414,3325626,0.0,0.0
2010-07-20,24.589975636445523,25.652826889510248,24.51220615481181,25.60468292236328,5410410,0.0,0.0
2010-07-21,25.80096251946773,25.91576558593158,25.182510578033334,25.293609619140625,6082395,0.0,0.0
2010-07-22,26.063893385109896,26.46014717116379,26.052782981829345,26.256465911865234,5725942,0.0,0.0
2010-07-23,26.378674915526016,26.58976255006986,26.115739290077983,26.5416202545166,5580831,0.0,0.0
2010-07-26,26.471257569226108,26.9156553222499,26.334235388163204,26.6304988861084,3478188,0.0,0.0
2010-07-27,27.100827963734062,27.130455157822425,26.40090241961708,26.604583740234375,5734576,0.0,0.0
2010-07-28,26.763827404892904,26.986025518195827,26.60828839143328,26.693464279174805,5438676,0.0,0.0
2010-07-29,27.111929404861744,27.323017036513242,26.637906151364984,26.811960220336914,4251881,0.0,0.0
2010-07-30,26.308316289664745,26.886032288278642,26.308316289664745,26.74901008605957,4295994,0.0,0.0
2010-08-02,27.60446950961954,28.011833687914752,27.47114968607778,27.845184326171875,5327743,0.0,0.0
2010-08-03,27.756306901186093,27.889626736531188,27.4859665470706,27.682241439819336,3288490,0.0,0.0
2010-08-04,27.608182021655608,27.878522434946387,27.419311795890234,27.785940170288086,2665704,0.0,0.0
2010-08-05,27.81185364891445,27.93035904005101,27.60076435463631,27.793336868286133,3368911,0.0,0.0
2010-08-06,27.800742805427447,28.245142191983735,27.626687075166732,27.96368980407715,4208005,0.0,0.0
2010-08-09,28.122937124916756,28.204408970936434,27.882222270536943,28.059980392456055,2817794,0.0,0.0
2010-08-10,27.152662842869542,27.574839738373484,26.952683961686173,27.38226890563965,4564102,0.0,0.0
2010-08-11,26.371271262007472,26.43422632104582,26.06759801737993,26.230545043945312,4678701,0.0,0.0
2010-08-12,25.823182028840034,26.412008420700197,25.823182028840034,26.271282196044922,2646664,0.0,0.0
2010-08-13,26.452744498750846,26.6712402166152,26.35275586742885,26.39719581604004,2396414,0.0,0.0
2010-08-16,26.412006663895653,26.848996397261867,26.345347581171772,26.641611099243164,2592025,0.0,0.0
2010-08-17,26.11573955277082,26.263872136271562,25.860211973979734,26.00093650817871,9488323,0.0,0.0
2010-08-18,25.61579478179191,25.61579478179191,25.175101027483016,25.24916648864746,6717007,0.0,0.0
2010-08-19,25.375079161457364,25.47877348389466,24.7492208969764,24.94179344177246,4309595,0.0,0.0
2010-08-20,24.686267411320685,25.001049432811524,24.608497912324587,24.975126266479492,3221670,0.0,0.0
2010-08-23,25.330638136855804,25.42692439880519,24.83069004549506,24.86031723022461,3964023,0.0,0.0
2010-08-24,24.441840514582893,24.62330261955798,24.10854348678132,24.227048873901367,5891278,0.0,0.0
2010-08-25,24.034490743832496,24.35297518430156,23.75303821220538,24.260391235351562,5058570,0.0,0.0
2010-08-26,24.575165996084163,24.90476074634458,24.275198434805464,24.367780685424805,4270331,0.0,0.0
2010-08-27,24.552942101522987,24.967712642501102,23.98263093694085,24.949195861816406,5650489,0.0,0.0
2010-08-30,25.004751241099616,25.093631143934882,24.608497374504097,24.62701416015625,2628451,0.0,0.0
2010-08-31,24.467771140137874,24.930685769228678,24.415926479344588,24.62701416015625,4344838,0.0,0.0
2010-09-01,25.441734024611392,26.008339452720847,25.378777309020194,25.97500991821289,5295101,0.0,0.0
2010-09-02,25.86020836860308,26.01204328484887,25.708371781620198,25.997230529785156,2767413,0.0,0.0
2010-09-03,26.37497563397936,26.53051462245091,26.13796312599231,26.219436645507812,3231368,0.0,0.0
2010-09-07,25.812064981556656,25.908351233082485,25.563943810414365,25.81947135925293,4656586,0.0,0.0
2010-09-08,26.097104643956946,26.431009671440965,26.052083532178735,26.179643630981445,2416637,0.761,0.0
2010-09-09,26.851212202088153,26.87747438381751,26.34097504489291,26.46478271484375,3463169,0.0,0.0
2010-09-10,26.41600097397702,26.648608057226355,26.35222092994636,26.502290725708008,2589305,0.0,0.0
2010-09-13,27.02378694413592,27.46274071645372,26.990021529740215,27.3614444732666,5036928,0.0,0.0
2010-09-14,27.320169140608435,27.796640705295662,27.245135088161234,27.590295791625977,4337860,0.0,0.0
2010-09-15,27.489001732520418,27.564037488085642,27.335181141750496,27.545278549194336,4481553,0.0,0.0
2010-09-16,27.245132757034085,27.639065306996176,27.237629521690003,27.485244750976562,3120317,0.0,0.0
2010-09-17,27.41396077287947,27.50400128728437,27.125076910320097,27.211366653442383,3377071,0.0,0.0
2010-09-20,27.42897704269823,27.80040000979508,27.286410446125263,27.73661994934082,3635600,0.0,0.0
2010-09-21,27.609060892622306,27.837917257937303,27.2413903991034,27.57904624938965,3584509,0.0,0.0
2010-09-22,28.111792171600655,28.355656697212233,27.864176873568894,27.957971572875977,4270685,0.0,0.0
2010-09-23,27.631562878736997,28.13429658733845,27.56027960200656,27.785385131835938,2588595,0.0,0.0
2010-09-24,28.419432511197922,28.569500622510393,28.333141062201367,28.494464874267578,2783024,0.0,0.0
2010-09-27,28.60326848821179,28.60326848821179,28.34064505493892,28.393169403076172,1559094,0.0,0.0
2010-09-28,28.37816609681298,28.959686455762146,28.051764270511782,28.877145767211914,3796441,0.0,0.0
2010-09-29,28.539492449602555,28.8846515329593,28.516981044330763,28.7308292388916,2962196,0.0,0.0
2010-09-30,28.94091708690749,29.169775066055937,28.42692940439403,28.633275985717773,4952604,0.0,0.0
2010-10-01,29.147274017333984,29.229811325100336,28.88465223337394,29.147274017333984,4306283,0.0,0.0
2010-10-04,28.952179615873856,29.027215369542688,28.483211233203765,28.655794143676758,3992288,0.0,0.0
2010-10-05,29.042211407819057,29.451150363579806,28.903395651928218,29.338600158691406,4517387,0.0,0.0
2010-10-06,29.852590929539403,30.239018531051716,29.807568134692893,30.04768180847168,4514312,0.0,0.0
2010-10-07,30.46038514110305,30.4979030251225,29.604988895051328,29.9313907623291,4665101,0.0,0.0
2010-10-08,30.182743917655078,30.666718659156857,30.107708181795356,30.59918785095215,3750909,0.0,0.0
2010-10-11,30.50915107863762,30.61044900157215,30.265286586247537,30.411603927612305,2195126,0.0,0.0
2010-10-12,29.878855219221776,30.130221224383945,29.571210716506297,30.100208282470703,3735771,0.0,0.0
2010-10-13,30.72675480935007,31.004386447787894,30.67423045372784,30.764272689819336,4101921,0.0,0.0
2010-10-14,31.0981715042709,31.27450177369599,30.794281150903398,31.041893005371094,5178373,0.0,0.0
2010-10-15,31.20697666249944,31.315776138298062,30.50915361518754,30.918092727661133,5060699,0.0,0.0
2010-10-18,30.37032536592486,30.933086531027694,30.27653240260307,30.861804962158203,3045928,0.0,0.0
2010-10-19,29.90138010640438,29.972661721895825,29.439913144168838,29.537460327148438,6067257,0.0,0.0
2010-10-20,30.05519338539944,30.62921051513252,29.987662555755612,30.51665687561035,4818610,0.0,0.0
2010-10-21,30.681725847646735,30.93684600147388,29.99890943678523,30.317806243896484,3799161,0.0,0.0
2010-10-22,30.45287858031942,30.512904476726032,30.190256820606763,30.355331420898438,2749673,0.0,0.0
2010-10-25,31.1507036086539,31.330788079661346,31.01939272045549,31.06816291809082,3738136,0.0,0.0
2010-10-26,30.659218547126468,30.899332262557568,30.554169854491967,30.835552215576172,3332604,0.0,0.0
2010-10-27,30.17524332491692,30.299052645388926,29.822582763093422,30.284046173095703,4006126,0.0,0.0
2010-10-28,30.9668584262539,31.173205008673367,30.636705925486325,31.079408645629883,4403852,0.0,0.0
2010-10-29,30.92934913050847,31.128190840333662,30.81304472245821,30.97812271118164,2528398,0.0,0.0
2010-11-01,31.36829472593367,31.60840842225509,31.11692871501676,31.267000198364258,2178924,0.0,0.0
2010-11-02,31.889793230829344,31.99484193439069,31.762233123598143,31.856029510498047,2334561,0.0,0.0
2010-11-03,31.83351190645218,32.29497528076172,31.687194581444068,32.29497528076172,4110791,0.0,0.0
2010-11-04,33.68312528407751,34.27214884086463,33.64935817941172,34.21587371826172,8252330,0.0,0.0
2010-11-05,34.23837849113207,34.66982895560003,34.14458550062565,34.56853103637695,5137572,0.0,0.0
2010-11-08,33.953243978211376,34.12957763671875,33.80317587655482,34.12957763671875,3605797,0.0,0.0
2010-11-09,34.5985367714811,34.74860483330366,33.33795286555223,33.49177169799805,4255193,0.0,0.0
2010-11-10,33.34546882575,33.78067011691054,32.99280483502331,33.656864166259766,3858175,0.0,0.0
2010-11-11,33.443005848925864,33.653103193748564,33.262921443314276,33.61558532714844,3455954,0.0,0.0
2010-11-12,32.99656490717177,33.30795691832596,32.370023341597715,32.62889099121094,3431355,0.0,0.0
2010-11-15,33.1278562061607,33.33044860142255,32.83896900347299,32.89899826049805,4917243,0.0,0.0
2010-11-16,32.40752430111907,32.43378646817385,31.630911602351336,31.904788970947266,5315561,0.0,0.0
2010-11-17,31.70595583319258,32.22369777118207,31.683444431060884,31.901046752929688,3172117,0.0,0.0
2010-11-18,32.523839312268336,32.86900178900679,32.460062637771195,32.73394012451172,2764220,0.0,0.0
2010-11-19,32.08862272296524,32.54258446993441,31.916043259252753,32.44879150390625,3054916,0.0,0.0
2010-11-22,32.073623475269144,32.49006745254552,31.908548901151885,32.4863166809082,2908267,0.0,0.0
2010-11-23,31.642183168776242,31.67970105269413,31.150706675352186,31.252004623413086,4638136,0.0,0.0
2010-11-24,31.45834443155315,31.938568553401343,31.45834443155315,31.92731285095215,3229831,0.0,0.0
2010-11-26,31.323278696108048,31.55963826126037,31.206974299500413,31.27825927734375,2311854,0.0,0.0
2010-11-29,30.948104576504296,31.439584356598317,30.644214178402407,31.342037200927734,4390134,0.0,0.0
2010-11-30,30.610450573662803,31.36829949311916,30.599194872183872,30.91434097290039,4253182,0.0,0.0
2010-12-01,31.7322253378876,32.14866944766227,31.668445273895852,32.081138610839844,4980042,0.0,0.0
2010-12-02,32.29498537895393,33.07159504539992,32.28372967579183,32.80147171020508,3889752,0.0,0.0
2010-12-03,32.71891550072269,33.32669948705929,32.7151647298385,33.26667022705078,2458267,0.0,0.0
2010-12-06,33.2554327171592,33.39424855269008,33.14663322063513,33.28919982910156,2085967,0.0,0.0
2010-12-07,34.27214613231972,34.29465414847802,33.285439252818065,33.33420944213867,4103576,0.0,0.0
2010-12-08,33.431764593062205,33.43551536579082,32.591374850720264,32.940284729003906,4895837,0.0,0.0
2010-12-09,33.52555176694823,33.55181394182124,33.16913702012508,33.52180099487305,3912223,0.0,0.0
2010-12-10,33.49928790794243,33.76566041535614,33.296692063294,33.69062805175781,2315757,0.0,0.0
2010-12-13,33.960758120183314,34.493506626686134,33.91198453521415,34.17460632324219,3408885,0.0,0.0
2010-12-14,34.01327498932175,34.35093246678205,33.874462580596216,34.084556579589844,2198910,0.0,0.0
2010-12-15,33.825697351865884,34.032044015131966,33.360479666333184,33.439266204833984,2621591,0.0,0.0
2010-12-16,33.382984328122404,33.7206418206667,33.27418485936803,33.649356842041016,3212091,0.0,0.0
2010-12-17,33.48428901836241,33.540564150099,33.21791306544974,33.439266204833984,2908858,0.0,0.0
2010-12-20,33.57432600445498,33.6756205486892,33.27793714570328,33.4467658996582,1680198,0.0,0.0
2010-12-21,34.01327993158179,34.24588875075767,33.908231224234434,34.13333511352539,2583273,0.0,0.0
2010-12-22,34.2571372177239,34.50474907402559,34.238376589560716,34.45222473144531,1347872,0.0,0.0
2010-12-23,34.47848529253943,34.63981246948242,34.37719076884585,34.63981246948242,2242432,0.0,0.0
2010-12-27,34.45974024078266,34.45974024078266,33.88197229499302,34.11833190917969,1843168,0.0,0.0
2010-12-28,34.49350352124521,34.57979159515801,34.35093693698324,34.4747428894043,1290868,0.0,0.0
2010-12-29,34.78613009417472,34.966214514803966,34.662320785552325,34.81614303588867,1393877,0.0,0.0
2010-12-30,34.80864498111118,35.10127965507813,34.68858643187915,34.85366439819336,1252786,0.0,0.0
2010-12-31,34.48599634692169,34.97747612266588,34.41846552407154,34.86117172241211,976400,0.0,0.0
2011-01-03,35.20632741313869,35.24009451393468,34.808644058019716,34.85741424560547,1322800,0.0,0.0
2011-01-04,34.797392128978316,34.816149374671376,33.930740351526154,34.268394470214844,3721342,0.0,0.0
2011-01-05,33.64936424364194,34.26840085935587,33.48804039101427,33.95325469970703,3554824,0.0,0.0
2011-01-06,34.00202152817172,34.00202152817172,33.32670991394658,33.3604736328125,3124220,0.0,0.0
2011-01-07,33.36797680912651,33.54055632196742,32.90275923217234,33.17288589477539,3161000,0.0,0.0
2011-01-10,33.06408037734515,33.360465773895186,32.853983028834726,33.30794143676758,1818569,0.0,0.0
2011-01-11,33.439264402725605,33.653115985112855,33.319209215076384,33.46552658081055,3673445,0.0,0.0
2011-01-12,34.00202102368079,34.279649240471045,33.728143578892585,34.16709899902344,3564049,0.0,0.0
2011-01-13,34.29464791490643,34.36593287777448,33.91947601516569,34.0245246887207,2836835,0.0,0.0
2011-01-14,33.73939803832801,34.013275473036444,33.6343493447507,33.97575759887695,2020566,0.0,0.0
2011-01-18,34.182106666347536,34.43347271755831,34.140838017363485,34.33967971801758,2211092,0.0,0.0
2011-01-19,34.31341656613068,34.39970801894928,33.8557038978534,33.98701477050781,3729384,0.0,0.0
2011-01-20,33.262932391440536,33.262932391440536,32.67015802846745,33.04533004760742,4967861,0.0,0.0
2011-01-21,33.37923938168304,33.488038869425736,32.850241648327014,33.08660125732422,3096900,0.0,0.0
2011-01-24,33.12411202293296,33.82193499693499,33.09409907797052,33.78066635131836,3415389,0.0,0.0
2011-01-25,33.21040137032535,33.23291277020971,32.771445998444996,33.16537857055664,3914233,0.0,0.0
2011-01-26,33.5705675225865,34.03953584702973,33.518043178574395,34.002017974853516,3071119,0.0,0.0
2011-01-27,33.949499712166784,34.01327976777388,33.32671240096694,33.51054763793945,2175494,0.0,0.0
2011-01-28,33.00781032890853,33.16163260847263,32.44504894639151,32.71517562866211,4405508,0.0,0.0
2011-01-31,33.015320891489786,33.43926654048553,32.99280948449961,33.40174865722656,3296178,0.0,0.0
2011-02-01,33.89321789245444,34.3696877514751,33.85945079256434,34.309661865234375,3875087,0.0,0.0
2011-02-02,34.673578447301665,35.16130739620609,34.598546088770405,34.951210021972656,4812341,0.0,0.0
2011-02-03,35.16880964066003,35.465198464579935,34.85366357302658,35.44643783569336,3813589,0.0,0.0
2011-02-04,35.288865878867206,35.52522543680582,34.92870038422542,35.37140655517578,3628149,0.0,0.0
2011-02-07,35.51022131603607,35.787849537928565,35.3639039683612,35.69780731201172,4944089,0.0,0.0
2011-02-08,35.59275374250895,36.0054469393949,35.50271491408539,35.90039825439453,3783077,0.0,0.0
2011-02-09,35.37515748761685,35.53273052695805,34.936202086496024,35.17256164550781,3038595,0.0,0.0
2011-02-10,34.84616592880842,35.195079170272,34.79364495839669,35.037506103515625,2631999,0.0,0.0
2011-02-11,34.932454069888166,35.363904576186485,34.85366754400343,35.161312103271484,2059475,0.0,0.0
2011-02-14,35.48021100600735,36.10299831922213,35.412680177844166,35.88164520263672,3099620,0.0,0.0
2011-02-15,35.43518746748219,35.817867794483256,35.23259498716415,35.47645950317383,2909568,0.0,0.0
2011-02-16,34.759873474206024,35.108786671741726,34.72610637050646,35.00373458862305,3868346,0.0,0.0
2011-02-17,34.76737791182823,35.258854290906335,34.7336108086061,35.24009704589844,3134272,0.0,0.0
2011-02-18,34.62481232166495,34.89118484233267,34.516009464980556,34.66232681274414,5519924,0.0,0.0
2011-02-22,34.93244963016066,35.25885139379542,34.42221266282599,34.55727767944336,6337612,0.0,0.0
2011-02-23,34.49350041138643,34.688587945763025,34.1595936923887,34.65107345581055,9182133,0.0,0.0
2011-02-24,34.67357235820042,34.78237518301631,34.114565305739454,34.425960540771484,5675088,0.0,0.0
2011-02-25,35.05625944396865,35.281363294627155,34.6810841027558,35.23258972167969,4078268,0.0,0.0
2011-02-28,35.57025305218985,35.68280330348074,35.30387712810934,35.4914665222168,5581895,0.0,0.0
2011-03-01,35.66029905021365,35.716574181802,34.939964502221805,34.992488861083984,4611172,0.0,0.0
2011-03-02,35.21758358857871,35.6002604768982,35.09377426916258,35.42768096923828,4408701,0.0,0.0
2011-03-03,35.97919626963902,36.05798280857504,35.70906954249809,36.02421569824219,3995955,0.0,0.0
2011-03-04,36.061724080468345,36.18177924362089,35.67154564651583,35.92666244506836,2913589,0.0,0.0
2011-03-07,36.208041776729566,36.26432027968393,35.27761002157028,35.44268798828125,4245850,0.0,0.0
2011-03-08,35.14254346028393,35.44268302168046,34.853659597901014,35.3939094543457,4499647,0.0,0.0
2011-03-09,35.2006830459308,35.28403656342715,34.802871093707914,34.939266204833984,3869174,0.777911,0.0
2011-03-10,33.719321352071944,33.78372609386812,33.313930422380714,33.45790100097656,6511462,0.0,0.0
2011-03-11,33.4275935582864,34.022417859618,33.40107275133856,33.94285202026367,3543944,0.0,0.0
2011-03-14,33.404860796762144,33.74205245198019,33.27225676069141,33.726898193359375,4061710,0.0,0.0
2011-03-15,32.078822078220284,33.08282509372681,31.95758458453655,32.94264221191406,5922145,0.0,0.0
2011-03-16,32.700157343273034,33.067657423495135,31.7681381961639,32.15837478637695,9237245,0.0,0.0
2011-03-17,33.082822994942454,33.45032316290073,32.91990702511475,33.105552673339844,4667230,0.0,0.0
2011-03-18,33.920115821322234,33.93905778613911,33.35938785470661,33.5526123046875,4504733,0.0,0.0
2011-03-21,34.13986421737772,34.15880960434665,33.67385624079584,33.94285202026367,3663983,0.0,0.0
2011-03-22,33.92012173710463,33.942851415146976,33.49957654342597,33.60944747924805,4137282,0.0,0.0
2011-03-23,33.93526732343303,34.219417283691705,33.66248049003641,34.10575866699219,5065666,0.0,0.0
2011-03-24,34.42401173170215,34.60965734829167,33.984524637930456,34.575557708740234,4634352,0.0,0.0
2011-03-25,34.26867776897844,34.511152721876456,34.1247071974107,34.352027893066406,4294339,0.0,0.0
2011-03-28,34.412656452274675,34.68165227338188,34.29899436839919,34.31793975830078,3542052,0.0,0.0
2011-03-29,34.69679894849012,35.200694248334,34.458111701195655,35.15523147583008,3177557,0.0,0.0
2011-03-30,35.935704406355754,35.95085866513499,35.515159196560724,35.76521301269531,3790173,0.0,0.0
2011-03-31,36.034210284028255,36.61766807290534,35.99632292626193,36.3259391784668,4133261,0.0,0.0
2011-04-01,36.4433891862143,36.77679315069382,36.253955814728194,36.68965530395508,3945219,0.0,0.0
2011-04-04,37.091251373291016,37.20870114559143,36.92455111726001,37.091251373291016,2697163,0.0,0.0
2011-04-05,37.01548086480403,37.451180359155586,36.970018085776616,37.27690124511719,3195061,0.0,0.0
2011-04-06,37.61029910430117,37.758057385278065,37.43223230889581,37.72774887084961,5272513,0.0,0.0
2011-04-07,37.485272184149906,37.864142271019396,37.29962655947104,37.56483459472656,4932617,0.0,0.0
2011-04-08,38.32635770699039,38.54989067431919,38.159657472718244,38.38697814941406,4303208,0.0,0.0
2011-04-11,39.337940150268956,39.625877856858246,38.74311593433093,38.90224075317383,7634156,0.0,0.0
2011-04-12,38.364244919015796,38.447595035853844,37.84140770633589,37.98537826538086,8198401,0.0,0.0
2011-04-13,38.208918221672235,38.33015570975445,37.697444043486065,37.98159408569336,8781332,0.0,0.0
2011-04-14,37.74668957045691,38.1331350462341,37.68606913061475,38.04599380493164,6642855,0.0,0.0
2011-04-15,37.57998401224945,37.883079359014864,37.481479648342905,37.811092376708984,5492723,0.0,0.0
2011-04-18,37.2238546553543,37.40571258419709,36.625242676299976,37.121559143066406,6517139,0.0,0.0
2011-04-19,37.49664014010784,37.598932230042635,37.00789911127089,37.28826141357422,5621632,0.0,0.0
2011-04-20,38.08009841125535,38.39076923238759,37.989169448884546,38.31120681762695,4226454,0.0,0.0
2011-04-21,38.909821110158866,38.924978786885966,38.50443359271201,38.731754302978516,2993773,0.0,0.0
2011-04-25,38.78858115836775,38.8605681534543,38.31878550950463,38.48927688598633,1591499,0.0,0.0
2011-04-26,38.42485930808987,38.762050850187435,38.15965132491998,38.690067291259766,3074903,0.0,0.0
2011-04-27,38.34530799614249,38.3945618982556,37.629246234619345,38.32636260986328,4823813,0.0,0.0
2011-04-28,37.943703996727635,38.720386192436244,37.9171831912914,38.28089904785156,2701657,0.0,0.0
2011-04-29,38.110404314322096,38.49306210459322,37.78078813025667,38.35667037963867,4021027,0.0,0.0
2011-05-02,38.10661933686116,38.549894183998326,37.780790838876406,37.94749450683594,3505153,0.0,0.0
2011-05-03,37.33751207169235,37.57240816384613,36.86771305036438,37.18596267700195,3730685,0.0,0.0
2011-05-04,37.03062257214326,37.0571433697656,36.2766736942353,36.47368240356445,4319174,0.0,0.0
2011-05-05,36.045576014351084,36.2766878659221,35.1931224487629,35.44317626953125,8732133,0.0,0.0
2011-05-06,36.269098879413114,36.772994090102365,35.82203297892657,36.18196105957031,5352697,0.0,0.0
2011-05-09,36.10998118724151,36.71617201048186,35.99631912594244,36.68586349487305,3574575,0.0,0.0
2011-05-10,36.58356336849344,36.88665874189433,36.41307200729854,36.860137939453125,3328701,0.0,0.0
2011-05-11,36.67827523420687,36.71237486938973,35.70837221729308,36.01904296875,7507021,0.0,0.0
2011-05-12,35.32950731398202,35.799306345846595,35.124919728773776,35.63260269165039,8484958,0.0,0.0
2011-05-13,35.613657371388086,35.73110369978066,34.76499176126387,35.0946044921875,5553275,0.0,0.0
2011-05-16,35.29161709509999,35.93190743850156,35.143858836933475,35.280250549316406,5657822,0.0,0.0
2011-05-17,35.12491928676911,35.57577292894392,34.9506402159677,35.556827545166016,4740791,0.0,0.0
2011-05-18,35.45074587508844,36.00010733234595,35.363608045157925,35.93191146850586,4534654,0.0,0.0
2011-05-19,36.0986087496924,36.24257930311117,35.40149249336166,35.6136589050293,8291831,0.0,0.0
2011-05-20,35.49242330732284,35.6174519148109,35.04914845348215,35.3029899597168,5331054,0.0,0.0
2011-05-23,34.234573530981116,34.54146001835891,34.10954836163135,34.30656051635742,5157677,0.0,0.0
2011-05-24,34.988524607036815,35.14386171461518,34.71195345053331,34.83319091796875,2973313,0.0,0.0
2011-05-25,34.522519681405896,35.052935783769044,34.51873197167776,34.89760208129883,4309122,0.0,0.0
2011-05-26,35.20069864750118,35.61745616416867,35.098406541955846,35.48863983154297,3749016,0.0,0.0
2011-05-27,35.84855732315641,36.08724455181422,35.6098700944986,35.784149169921875,3084956,0.0,0.0
2011-05-31,36.31458114853787,36.36383506703996,35.75385632647903,36.151668548583984,3005836,0.0,0.0
2011-06-01,36.07966796456935,36.11755531339281,35.24615654598397,35.299198150634766,3645061,0.0,0.0
2011-06-02,35.04535747208031,35.34466172313527,34.74604980251505,35.23479080200195,3540633,0.0,0.0
2011-06-03,34.35582782585014,35.064310899186474,34.34067014621273,34.799102783203125,3103760,0.0,0.0
2011-06-06,35.015047911611305,35.13249767803693,34.51115262184011,34.60586929321289,2613313,0.0,0.0
2011-06-07,35.12112529250388,35.488628787890875,35.04535401910705,35.0946044921875,3307176,0.0,0.0
2011-06-08,34.393703297193845,34.685428705407645,34.25352044784803,34.32171630859375,3877453,0.0,0.0
2011-06-09,34.56040156590004,35.049142528390846,34.469472617237784,34.920326232910156,2903773,0.0,0.0
2011-06-10,34.367180506101676,34.48462683705588,33.90116921736967,34.011043548583984,4046691,0.0,0.0
2011-06-13,34.22320206550644,34.38232683418883,33.742036632698316,34.0830192565918,3638675,0.0,0.0
2011-06-14,34.66271666751515,35.09462514483344,34.65135011518909,34.924137115478516,2950488,0.0,0.0
2011-06-15,34.25352558050325,34.47705857997646,33.590505420417784,33.75341796875,5111080,0.0,0.0
2011-06-16,33.6359616210953,33.87843995975867,33.10933672437268,33.50714874267578,4071763,0.0,0.0
2011-06-17,33.91253669607486,34.06029495962323,33.45410765000302,33.548824310302734,3125757,0.0,0.0
2011-06-20,33.238156339108606,33.76478476107213,33.200268984185456,33.681434631347656,3746415,0.0,0.0
2011-06-21,33.999687833543845,34.45811701304175,33.920125405514185,34.29899215698242,3776099,0.0,0.0
2011-06-22,34.01483183207961,34.42021927059727,33.889803243744176,33.908748626708984,2434968,0.0,0.0
2011-06-23,33.13963898146926,33.50335129306839,32.711518533558845,33.48440933227539,5745338,0.0,0.0
2011-06-24,33.93527963047125,34.01484205841914,33.51094668141585,33.571563720703125,3697571,0.0,0.0
2011-06-27,33.6435433909283,33.988313836847425,33.38591077460919,33.825401306152344,3655468,0.0,0.0
2011-06-28,34.06408704504025,34.602078511110165,34.02619969615317,34.575557708740234,5010436,0.0,0.0
2011-06-29,34.95443515933279,35.36740153792771,34.73090214665973,35.117347717285156,4649490,0.0,0.0
2011-06-30,35.44317727673801,35.984960000713734,35.42423188849135,35.85235595703125,3615140,0.0,0.0
2011-07-01,35.78415098642101,36.22364153450634,35.549254873801516,36.163021087646484,3605442,0.0,0.0
2011-07-05,35.9394770341547,36.238784629598314,35.856126936591956,35.91295623779297,3031736,0.0,0.0
2011-07-06,35.80688008571537,36.11376315839361,35.63260102089255,36.0152587890625,3269686,0.0,0.0
2011-07-07,36.594933282376836,36.89044984576824,36.54189167261374,36.674495697021484,3475705,0.0,0.0
2011-07-08,36.136492893507125,36.32971732350656,35.8333975582093,36.31077194213867,4249634,0.0,0.0
2011-07-11,35.50758321051606,35.7008042800104,35.19690894570509,35.321937561035156,2672327,0.0,0.0
2011-07-12,34.920329985111216,35.38255019634584,34.738475486756435,34.954429626464844,3293458,0.0,0.0
2011-07-13,35.27647298012958,36.00390135278132,35.24616446166814,35.628822326660156,3264601,0.0,0.0
2011-07-14,35.55682985501939,35.72732122754482,34.81803504691266,34.962005615234375,5005351,0.0,0.0
2011-07-15,34.53388698611944,34.783940785359306,34.32550825033445,34.50736618041992,3712472,0.0,0.0
2011-07-18,34.071674678173906,34.11714088054182,33.75342493564437,33.96559143066406,3913051,0.0,0.0
2011-07-19,34.495995899982084,34.85213288348573,34.48084164386644,34.83319091796875,3668359,0.0,0.0
2011-07-20,35.28025686408067,35.39770663351982,34.93927752209192,35.3029899597168,3043090,0.0,0.0
2011-07-21,35.32193858813882,35.93949258868982,35.24995158485289,35.9167594909668,4395810,0.0,0.0
2011-07-22,35.73869280449802,35.829621777209084,35.52273863087859,35.66291809082031,2581972,0.0,0.0
2011-07-25,35.3219314506999,35.750051999745324,35.28404410165434,35.556827545166016,2758070,0.0,0.0
2011-07-26,35.74626922607422,35.973589933224766,35.51894510041296,35.74626922607422,2974259,0.0,0.0
2011-07-27,35.93948989180272,35.96979840748512,35.07188213693626,35.2006950378418,4534891,0.0,0.0
2011-07-28,34.89759115534057,35.39390745922885,34.84075843465907,34.939266204833984,3506572,0.0,0.0
2011-07-29,34.49978679711897,34.99989438769597,34.20427022928284,34.68543243408203,3247452,0.0,0.0
2011-08-01,35.143866593144246,35.196908206167166,33.93906375183637,34.370975494384766,5296402,0.0,0.0
2011-08-02,33.56777211555452,33.81403820999075,33.15859347379735,33.169960021972656,5679582,0.0,0.0
2011-08-03,32.94264024264831,33.037356922098226,32.033353966609624,32.85171127319336,6649123,0.0,0.0
2011-08-04,31.294556812332708,31.544607159753618,30.373904155108608,30.40042495727539,9389808,0.0,0.0
2011-08-05,31.074821678615375,31.33245094706686,29.085760868290723,29.983680725097656,10865643,0.0,0.0
2011-08-08,28.50228486143207,28.95314009399498,27.206555300092337,27.233076095581055,10198389,0.0,0.0
2011-08-09,29.31686236101166,30.048078339682863,27.78244511869424,30.025348663330078,11906024,0.0,0.0
2011-08-10,29.131222168268877,29.366121743017178,28.426526862535123,28.479568481445312,10153685,0.0,0.0
2011-08-11,29.241089905019045,30.673213290884036,28.934203392181946,30.32465171813965,8325300,0.0,0.0
2011-08-12,30.775506921891118,30.964943683495463,30.370119430929957,30.57470703125,4349687,0.0,0.0
2011-08-15,31.389278144909852,31.726469786124543,31.222574469982245,31.6961612701416,5228636,0.0,0.0
2011-08-16,30.93463148820659,31.559767668433956,30.730043889621452,31.11648941040039,4489477,0.0,0.0
2011-08-17,31.726468687209167,32.10912650765479,31.283193836897254,31.631752014160156,4619687,0.0,0.0
2011-08-18,30.260243815871014,30.336018517338115,29.44189003036584,29.90789794921875,7023197,0.0,0.0
2011-08-19,29.26003067764721,30.26782116733989,29.26003067764721,29.404001235961914,6285575,0.0,0.0
2011-08-22,30.381481389793187,30.423156445498567,29.37747866971717,29.46082878112793,6161514,0.0,0.0
2011-08-23,29.870008562941557,30.665632618595737,29.61237938142456,30.65047836303711,5702762,0.0,0.0
2011-08-24,30.551968207296532,31.025551423238518,30.214773265555557,30.669414520263672,4218057,0.0,0.0
2011-08-25,31.052074613084514,31.222565951366267,29.972300695313116,30.14657974243164,4764444,0.0,0.0
2011-08-26,30.199621164435023,31.154369918448737,29.66920518998296,31.052074432373047,5513419,0.0,0.0
2011-08-29,31.703735342000364,32.071238902084325,31.593864412350317,32.063663482666016,2863681,0.0,0.0
2011-08-30,31.61280689750442,32.037139738336286,31.40821589581177,31.855281829833984,4813406,0.0,0.0
2011-08-31,32.41600395462465,32.6736365420435,31.976516890891897,32.268245697021484,4286060,0.0,0.0
2011-09-01,32.23035913033366,32.52208794351978,31.934842607979174,31.96893882751465,3217768,0.0,0.0
2011-09-02,31.150587005658515,31.404428487012694,30.847491628090598,31.05965805053711,4535955,0.0,0.0
2011-09-06,29.6881633497633,30.620182940867906,29.676796798608024,30.52167510986328,5655220,0.0,0.0
2011-09-07,31.25532560300275,31.78540425895207,31.14393366868554,31.758516311645508,3489897,0.930111,0.0
2011-09-08,31.105522535498096,31.512685365384534,30.790550916593872,30.917306900024414,4219477,0.0,0.0
2011-09-09,30.21053059380317,30.387222273103028,29.41925644802509,29.642040252685547,4692775,0.0,0.0
2011-09-12,29.138858387852146,29.645889187053573,28.724015321763208,29.511445999145508,4345074,0.0,0.0
2011-09-13,29.449988871720866,29.922447956088735,29.127333549144325,29.864831924438477,4237216,0.0,0.0
2011-09-14,29.80722403925957,30.087623985037304,29.00442565796336,29.75344467163086,3891763,0.0,0.0
2011-09-15,30.27199333694748,30.37954511865299,29.84178621012545,30.260469436645508,3378727,0.0,0.0
2011-09-16,30.490936336766055,30.537031936902977,29.98390899610208,30.291196823120117,2773089,0.0,0.0
2011-09-19,29.10428828338237,29.51913137220785,28.712492995556843,29.342439651489258,4726954,0.0,0.0
2011-09-20,29.384693850767984,29.64973318467862,28.992898533502476,29.0351505279541,3648372,0.0,0.0
2011-09-21,28.908387099504626,28.908387099504626,27.62928975399435,27.640811920166016,7152579,0.0,0.0
2011-09-22,26.234959726273406,26.25032377144526,25.282357733106284,25.843164443969727,11779717,0.0,0.0
2011-09-23,25.581964484437687,26.407808691065558,25.558916686039257,26.019853591918945,6779570,0.0,0.0
2011-09-26,26.112043684527823,26.603708722243727,25.36302136125242,26.534568786621094,5732565,0.0,0.0
2011-09-27,27.494850554057603,27.95962760861249,27.099213429491456,27.279747009277344,7010897,0.0,0.0
2011-09-28,27.279746607377785,27.379616356399744,26.07362933024781,26.10051727294922,6008715,0.0,0.0
2011-09-29,26.94556549535373,26.94556549535373,25.71256036248631,26.246479034423828,6850884,0.0,0.0
2011-09-30,25.56659803490064,26.15045074047983,25.409112259297807,25.520505905151367,4972000,0.0,0.0
2011-10-03,25.1363915219194,25.72024246736908,24.73691255270778,24.74459457397461,4969516,0.0,0.0
2011-10-04,24.414262841557953,25.77018409441645,24.022467536990533,25.73945426940918,10170833,0.0,0.0
2011-10-05,26.108199735373443,26.699734484787967,25.80090846133761,26.642118453979492,8189768,0.0,0.0
2011-10-06,27.007032640582953,27.736849169155935,26.83418103827821,27.57552146911621,7532684,0.0,0.0
2011-10-07,28.17473550860457,28.266923251451274,27.11073978661895,27.475648880004883,6008006,0.0,0.0
2011-10-10,28.505069676984178,28.893024795774902,28.455135666121127,28.877660751342773,3737190,0.0,0.0
2011-10-11,28.20161823433415,28.56268538286768,28.013402638405392,28.439767837524414,4777217,0.0,0.0
2011-10-12,29.315556941109154,29.830268149799565,29.192641090215574,29.265621185302734,5997717,0.0,0.0
2011-10-13,28.896862924935704,29.254088197029283,28.497385667142115,29.19647216796875,4374641,0.0,0.0
2011-10-14,29.74191105546814,29.86482685283805,29.35395601218052,29.845619201660156,3794667,0.0,0.0
2011-10-17,29.342445744867195,29.39238150212539,28.57421732215356,28.65104103088379,4039949,0.0,0.0
2011-10-18,28.38983663125943,29.392374348945737,27.848235855023745,29.215679168701172,6121186,0.0,0.0
2011-10-19,28.620298664664237,28.79315020067781,27.898166169828386,27.99419403076172,6002565,0.0,0.0
2011-10-20,28.00188162908402,28.220827067171765,27.302795057778425,27.90201187133789,5775259,0.0,0.0
2011-10-21,28.570364020956628,28.927589249894602,28.389830468070354,28.83540153503418,3708215,0.0,0.0
2011-10-24,29.592102504848683,30.571592161107006,29.58442221739457,30.49477195739746,6617664,0.0,0.0
2011-10-25,29.71502582377024,29.976221483749146,29.096603170841405,29.388526916503906,4388360,0.0,0.0
2011-10-26,30.09913497635696,30.24509857087421,29.323224878791862,29.976219177246094,5345601,0.0,0.0
2011-10-27,31.88911266885318,32.40766390526766,31.5049976895019,32.11189651489258,8357586,0.0,0.0
2011-10-28,31.67015794138933,32.17718862266112,31.566446332530617,31.939037322998047,4848767,0.0,0.0
2011-10-31,30.575448908646624,30.625381196054835,29.991594314575195,29.991594314575195,6019950,0.0,0.0
2011-11-01,28.61646303259373,29.653568946360846,28.458975513598496,29.03898811340332,5916468,0.0,0.0
2011-11-02,29.480715315754665,29.941650474920355,29.19647185207468,29.730390548706055,6845680,0.0,0.0
2011-11-03,29.872508811440966,30.47556740031405,29.538329627426325,30.352651596069336,7916101,0.0,0.0
2011-11-04,30.24126669068434,30.43716260766765,29.62668406135449,30.34497833251953,4533353,0.0,0.0
2011-11-07,30.010803676967033,30.429486987734965,29.799540215867804,30.391075134277344,2496940,0.0,0.0
2011-11-08,30.579282112820046,30.813589846837328,30.27583098269826,30.75597381591797,4824641,0.0,0.0
2011-11-09,29.46918915031703,29.584424664162388,28.785468485753103,28.84308624267578,4962420,0.0,0.0
2011-11-10,29.595954208260025,29.64204634309095,28.8546139124282,29.28097915649414,3862669,0.0,0.0
2011-11-11,29.64588972500494,30.05304904329171,29.56138227971487,29.907085418701172,2923760,0.0,0.0
2011-11-14,29.453826168319,29.53448999116357,28.94295529030339,29.154218673706055,3086611,0.0,0.0
2011-11-15,28.989053442103124,29.423102438625396,28.88150166238971,29.215679168701172,4237453,0.0,0.0
2011-11-16,28.700965287709327,29.03514449453892,28.378309979851,28.412879943847656,3989095,0.0,0.0
2011-11-17,28.385996660476277,28.447456309798877,27.563994212566197,27.74452781677246,4984536,0.0,0.0
2011-11-18,27.855915814124373,27.967309463255344,27.521738332565814,27.62544822692871,3255849,0.0,0.0
2011-11-21,26.80344165330974,26.96092740862298,26.36939275762897,26.818805694580078,4269503,0.0,0.0
2011-11-22,26.523042133336133,26.86106148675804,26.327144514127593,26.645957946777344,3428753,0.0,0.0
2011-11-23,25.989122744623316,26.03521660668141,25.67030932035408,25.708721160888672,3983537,0.0,0.0
2011-11-25,25.61653657331863,25.916144114005192,25.46673280297535,25.474414825439453,2349462,0.0,0.0
2011-11-28,26.995510142426195,27.08001587523564,26.4577511143235,26.757360458374023,3804128,0.0,0.0
2011-11-29,26.761199951171875,27.064649433495628,26.584508198510992,26.761199951171875,2467846,0.0,0.0
2011-11-30,28.435932092724666,28.942961197117224,28.33606232983278,28.873821258544922,6949872,0.0,0.0
2011-12-01,28.654869805840335,29.000572892110164,28.29764455416734,28.424402236938477,4301080,0.0,0.0
2011-12-02,29.488402316499734,29.522970551033772,28.87381972606633,28.92375373840332,3913169,0.0,0.0
2011-12-05,29.634365691485584,29.87251358395447,29.173427019634563,29.469194412231445,3079752,0.0,0.0
2011-12-06,29.21567470224702,29.549853890386913,29.0543487902575,29.234882354736328,3911158,0.0,0.0
2011-12-07,29.054356697271242,29.246414212344433,28.789317361128592,29.073562622070312,3548438,0.0,0.0
2011-12-08,28.789314380617594,28.850774026778804,28.090227801477802,28.15168571472168,4005889,0.0,0.0
2011-12-09,28.213144267121937,28.973688730020985,28.09406859006222,28.823884963989258,3915534,0.0,0.0
2011-12-12,28.009568616171347,28.009568616171347,27.590885321297993,27.89433479309082,3287899,0.0,0.0
2011-12-13,27.85207307112397,28.1670463351276,26.899471257978902,27.099210739135742,4399122,0.0,0.0
2011-12-14,26.876429928414016,26.930207555126803,26.38092471624071,26.695898056030273,5737414,0.0,0.0
2011-12-15,27.02239164076858,27.060803485865208,26.42317482868079,26.52304458618164,3415035,0.0,0.0
2011-12-16,26.910999502471714,27.14530898303367,26.588344165222587,26.803447723388672,4130186,0.0,0.0
2011-12-19,26.476951618229798,26.58834527962781,25.831640916684446,25.893098831176758,2923405,0.0,0.0
2011-12-20,26.765040330454717,27.145313498142702,26.753516428516953,27.103059768676758,3486822,0.0,0.0
2011-12-21,27.122267727946266,27.233661411556138,26.665172556540348,27.195249557495117,3144916,0.0,0.0
2011-12-22,27.17603580723048,27.529420950443022,27.099213854141084,27.302793502807617,3252538,0.0,0.0
2011-12-23,27.33736151060282,27.387297249514457,27.14530577517462,27.329679489135742,938555,0.0,0.0
2011-12-27,27.206771198047623,27.375780915778115,27.053125527496928,27.21061134338379,1308726,0.0,0.0
2011-12-28,27.22212617793267,27.24901411800012,26.396282056872845,26.476945877075195,2255560,0.0,0.0
2011-12-29,26.665166065365742,27.041597291358457,26.56145616414863,27.00318717956543,1923943,0.0,0.0
2011-12-30,26.89179421672741,27.237495629285533,26.868746416139796,27.12994384765625,1578608,0.0,0.0
2012-01-03,28.66639556681458,28.916069071500782,28.52811397673813,28.71632957458496,5551974,0.0,0.0
2012-01-04,28.597255938235353,28.827723524530015,28.324534632550176,28.727853775024414,3095126,0.0,0.0
2012-01-05,28.178572653507725,28.36294811957063,27.92889913172171,28.186256408691406,2227176,0.0,0.0
2012-01-06,28.228513904419476,28.251559975714517,27.77141876060144,27.82903480529785,2276493,0.0,0.0
2012-01-09,28.0095597743021,28.059495512721444,27.71763429684568,27.928895950317383,2692078,0.0,0.0
2012-01-10,28.77778956552223,28.981369209333934,28.658713894801945,28.700965881347656,4148635,0.0,0.0
2012-01-11,28.608778475211313,28.981367779743987,28.512748874730033,28.86997413635254,3926533,0.0,0.0
2012-01-12,29.246411768435767,29.423103489154357,28.91223251727539,29.342439651489258,5391015,0.0,0.0
2012-01-13,28.793154240130683,28.827724205599896,28.259237248253317,28.7893123626709,5204746,0.0,0.0
2012-01-17,29.557542968725176,29.649730706110926,29.20031591958474,29.304027557373047,4845692,0.0,0.0
2012-01-18,29.638205320491757,30.099140518487612,29.57674567670286,30.083776473999023,4051776,0.0,0.0
2012-01-19,30.225897281747116,30.26430912249405,30.029997933688026,30.156757354736328,5061172,0.0,0.0
2012-01-20,30.16443435676107,30.17211811040695,29.85714313010134,30.018470764160156,3114285,0.0,0.0
2012-01-23,30.225902451649755,30.506305817812354,30.16444280277563,30.279678344726562,2972603,0.0,0.0
2012-01-24,29.715026624885223,30.03768193076425,29.626679043870332,30.00695037841797,2725074,0.0,0.0
2012-01-25,29.837947251966693,30.89810106605999,29.715031420248383,30.782865524291992,5079858,0.0,0.0
2012-01-26,31.301423914861406,31.46659175807799,30.76750506763963,30.89042091369629,4195232,0.0,0.0
2012-01-27,30.6829930422668,31.03637644041353,30.629217157077765,30.786701202392578,3099620,0.0,0.0
2012-01-30,30.41794539121632,30.68298459981776,30.168270221893703,30.513973236083984,2583510,0.0,0.0
2012-01-31,30.88272404210918,30.90576836811074,30.079926129582127,30.513973236083984,4102275,0.0,0.0
2012-02-01,30.84432716509948,31.224598585573904,30.832803263594947,30.90194320678711,4371329,0.0,0.0
2012-02-02,31.228432951921167,31.35135223466641,30.90193748832976,31.07478904724121,4120843,0.0,0.0
2012-02-03,31.274518858828575,31.585650182129687,31.18617130157436,31.554922103881836,3987676,0.0,0.0
2012-02-06,31.41664283953638,31.47810246972853,31.224587127165783,31.405118942260742,2807032,0.0,0.0
2012-02-07,31.216910656141494,31.447381723752173,30.844323041756837,31.40896987915039,3232078,0.0,0.0
2012-02-08,31.10935899045617,31.35903424835628,30.70219967470235,31.009490966796875,3421776,0.0,0.0
2012-02-09,30.851997837217986,30.87504563304174,30.314239040223423,30.583118438720703,3803064,0.0,0.0
2012-02-10,29.53833248892313,29.66893205988723,29.384688585191647,29.615156173706055,4039949,0.0,0.0
2012-02-13,30.233582405359847,30.2489464509488,29.926291096076486,30.122190475463867,2082301,0.0,0.0
2012-02-14,29.69581605826443,29.730387751574646,29.165741021678492,29.496076583862305,3009857,0.0,0.0
2012-02-15,29.70734174621377,29.711181890423898,29.100442998477934,29.219518661499023,4012985,0.0,0.0
2012-02-16,28.973688794000648,29.553701403176742,28.885342938635127,29.538333892822266,3450278,0.0,0.0
2012-02-17,29.499921618749703,29.511442051242387,28.962161069477453,29.234882354736328,3045691,0.0,0.0
2012-02-21,29.834096129029813,30.12601982225447,29.73038452618454,29.91860008239746,3450869,0.0,0.0
2012-02-22,29.73038776092254,29.976219360648336,29.691975923621527,29.868667602539062,2931683,0.0,0.0
2012-02-23,29.803370125647632,29.976221673924258,29.572902549890195,29.826417922973633,3169988,0.0,0.0
2012-02-24,29.89940171463008,30.060729384322315,29.803373834932508,29.880197525024414,2745534,0.0,0.0
2012-02-27,29.618990970403736,30.079929530043188,29.526806724309594,29.97237777709961,3362879,0.0,0.0
2012-02-28,30.133704270579504,30.41794768323916,30.072244642999806,30.271984100341797,3292866,0.0,0.0
2012-02-29,30.712184446932003,30.848527186261865,29.804529847295772,29.925291061401367,4543287,0.930111,0.0
2012-03-01,30.092801652820416,30.303157524683716,29.975934936300245,30.108383178710938,2233326,0.0,0.0
2012-03-02,29.968140175752676,29.98372170047846,29.438352518053446,29.60975456237793,1885743,0.0,0.0
2012-03-05,29.32148897225827,29.329279734994348,28.79559403437891,28.955310821533203,3310961,0.0,0.0
2012-03-06,28.19179313146552,28.199583894660982,27.86067427225194,28.035972595214844,4109726,0.0,0.0
2012-03-07,28.31254929257307,28.487845826747318,28.12166947734691,28.40604019165039,2919975,0.0,0.0
2012-03-08,28.807280099408977,28.912459786466606,28.593027980225678,28.83065414428711,3025231,0.0,0.0
2012-03-09,28.74884601937892,29.087755601985883,28.604712523572275,28.88129425048828,2884614,0.0,0.0
2012-03-12,28.67872531637882,28.834545823001072,28.600815941791097,28.63197898864746,3007373,0.0,0.0
2012-03-13,29.00595287842494,29.38771257068415,28.94752127672239,29.368236541748047,5668820,0.0,0.0
2012-03-14,29.142294742085845,29.192937336636195,28.39825316650947,28.57744598388672,5860056,0.0,0.0
2012-03-15,28.83455080956986,29.044908442016236,28.72158210900882,28.966999053955078,4176428,0.0,0.0
2012-03-16,29.177352358593488,29.290321042398144,29.079963441153616,29.09554672241211,3435258,0.0,0.0
2012-03-19,29.23968542419222,29.62533963068996,29.16956503964495,29.41498374938965,2670080,0.0,0.0
2012-03-20,28.519004561159978,28.565750879472144,28.30085624733418,28.44109344482422,4637545,0.0,0.0
2012-03-21,28.164520840336206,28.300863571763628,28.012594827140713,28.11387825012207,2475297,0.0,0.0
2012-03-22,27.57629412136121,27.64251646470707,27.334771757269635,27.54123306274414,5084707,0.0,0.0
2012-03-23,27.55682397638235,28.008702272697924,27.42437573810042,27.88404655456543,3320895,0.0,0.0
2012-03-26,28.16841353043052,28.328130295510945,27.9931169994782,28.285280227661133,3556362,0.0,0.0
2012-03-27,28.22294847927114,28.339815167639436,27.841188884785357,27.84508514404297,2406703,0.0,0.0
2012-03-28,27.83729719077803,27.860669476341133,27.25297071978522,27.568506240844727,4314562,0.0,0.0
2012-03-29,27.311409130131324,27.84509311178165,27.260766532524592,27.810033798217773,3924168,0.0,0.0
2012-03-30,28.285283352225527,28.35929647488867,27.993120091768464,28.203475952148438,3696980,0.0,0.0
2012-04-02,28.29306928737564,28.982573620836373,28.203471140065844,28.76442527770996,3431355,0.0,0.0
2012-04-03,28.557959258946912,28.57354253717144,27.673680714373475,27.95415687561035,8445812,0.0,0.0
2012-04-04,27.330881726939467,27.71653764259871,27.073779540613586,27.24128532409668,7429439,0.0,0.0
2012-04-05,27.260765436875914,27.868464281602225,27.237393147921754,27.284137725830078,3091460,0.0,0.0
2012-04-09,26.956922834069616,27.330890084434635,26.917967253113787,27.22960662841797,1985559,0.0,0.0
2012-04-10,27.093256097110537,27.260763641313797,26.6998111688907,26.88290023803711,5344536,0.0,0.0
2012-04-11,27.362046570718,27.38152435526619,26.949122107658415,27.011451721191406,3216703,0.0,0.0
2012-04-12,27.48280474495344,28.047653404675252,27.447743682171044,27.9736385345459,3724654,0.0,0.0
2012-04-13,27.985328078993152,28.000911361762494,27.401003304936015,27.4438533782959,3298307,0.0,0.0
2012-04-16,27.76328697799998,27.864570414004294,27.36594575459216,27.595779418945312,2482511,0.0,0.0
2012-04-17,27.83339955575659,28.090503471480282,27.66199753108971,27.9736385345459,2737137,0.0,0.0
2012-04-18,28.4566907645951,28.593033528014953,28.30476647319793,28.370988845825195,2940435,0.0,0.0
2012-04-19,28.678730771875873,28.78001420831962,28.254120996834168,28.437210083007812,3436559,0.0,0.0
2012-04-20,28.865718662740022,28.904674239601466,28.534599774312333,28.596927642822266,2895021,0.0,0.0
2012-04-23,27.950269931302294,28.071031151192678,27.646421387638885,28.028181076049805,2839082,0.0,0.0
2012-04-24,27.86845806395712,28.347606576363553,27.845085780217477,28.137248992919922,2184482,0.0,0.0
2012-04-25,28.58913687893944,28.62419619513582,28.33592914423464,28.596927642822266,3269450,0.0,0.0
2012-04-26,28.378773333552584,28.7176829155135,28.32034173783673,28.670936584472656,2225757,0.0,0.0
2012-04-27,29.056592977919934,29.056592977919934,28.81896681637725,28.924144744873047,5190200,0.0,0.0
2012-04-30,28.935831826700834,28.97478739620027,28.698205664669427,28.943622589111328,2864745,0.0,0.0
2012-05-01,29.048807008952135,29.644820641119107,28.990373645180906,29.411088943481445,4492788,0.0,0.0
2012-05-02,29.259160423959976,29.282532711617872,28.96310090227796,29.21630859375,4405272,0.0,0.0
2012-05-03,29.009845216718997,29.08386009199001,28.503429869008098,28.604711532592773,2821105,0.0,0.0
2012-05-04,28.21516366200826,28.25411923300407,27.802239178814936,27.94247817993164,4275061,0.0,0.0
2012-05-07,27.685373511818252,27.91131441183013,27.56071779677149,27.80223846435547,2002945,0.0,0.0
2012-05-08,27.256869176660004,27.354258107586762,26.801096361200596,27.284137725830078,4121789,0.0,0.0
2012-05-09,26.684223184238114,27.214012513416062,26.51282116772682,27.007551193237305,3747834,0.0,0.0
2012-05-10,27.404894992480376,27.59577480913595,27.182852128381274,27.338672637939453,3763445,0.0,0.0
2012-05-11,26.69591322466432,27.221806354062814,26.676435440990765,26.808883666992188,4783839,0.0,0.0
2012-05-14,26.364792766945087,26.49334295917126,26.197285254960104,26.279090881347656,4478005,0.0,0.0
2012-05-15,26.060943374546298,26.275195459195402,25.51557251458854,25.620750427246094,4130541,0.0,0.0
2012-05-16,25.472725218061793,25.85837936384056,25.094860076904297,25.094860076904297,4411185,0.0,0.0
2012-05-17,25.075388518562665,25.14161264875406,24.709210308318543,24.755956649780273,4656822,0.0,0.0
2012-05-18,24.72089242471613,24.77542951935193,24.272908645222927,24.343029022216797,4760541,0.0,0.0
2012-05-21,24.55338174692582,25.129915628252345,24.475470622997392,25.114334106445312,3297124,0.0,0.0
2012-05-22,25.168874675754225,25.344172971422918,24.588444454871144,24.767637252807617,5320765,0.0,0.0
2012-05-23,24.292386896337128,24.65856504090481,23.848299368271668,24.596237182617188,6063945,0.0,0.0
2012-05-24,24.448207460970288,24.639087296172995,24.191103507345044,24.463788986206055,4507453,0.0,0.0
2012-05-25,24.054760491710883,24.22226803713657,23.984641871508035,24.078134536743164,3525495,0.0,0.0
2012-05-29,24.833859408355366,25.129917127585923,24.6624573859117,24.939037322998047,4726008,0.0,0.0
2012-05-30,24.175527325786707,24.195005115360228,23.93011034056565,23.98075294494629,4534654,0.0,0.0
2012-05-31,24.008014558363865,24.105401720630343,23.509388210282708,23.969058990478516,5243774,0.0,0.0
2012-06-01,23.548340301996664,23.96515919300964,23.532758780121405,23.78207015991211,4547190,0.0,0.0
2012-06-04,23.58340405084801,23.76259685853457,23.322405601724498,23.711956024169922,4491605,0.0,0.0
2012-06-05,23.560034210652386,23.90283833681762,23.53276566067453,23.852195739746094,4797913,0.0,0.0
2012-06-06,24.304073588195052,24.736475845191503,24.2768050407249,24.631296157836914,5723222,0.0,0.0
2012-06-07,25.48441048244059,25.61685870994,25.059800768874126,25.094860076904297,8961568,0.0,0.0
2012-06-08,24.156048481642852,24.604032349934215,24.023601978751426,24.54559898376465,3596572,0.0,0.0
2012-06-11,24.853340043373233,24.892293854686372,24.206685686211895,24.241744995117188,2983957,0.0,0.0
2012-06-12,24.720890504155744,24.915666580200195,24.471577337712468,24.915666580200195,2227767,0.0,0.0
2012-06-13,24.642979301439116,24.985783342120808,24.506636585549046,24.611814498901367,2697873,0.0,0.0
2012-06-14,24.401465464263417,24.845553071978873,24.288496750057618,24.755956649780273,2555481,0.0,0.0
2012-06-15,25.00136332205004,25.336378338234823,24.880603893603208,25.3207950592041,2730514,0.0,0.0
2012-06-18,25.33249306766527,25.815536263323455,25.21952259356036,25.6791934967041,3440580,0.0,0.0
2012-06-19,26.01420030077974,26.279095002641352,25.873963066377485,26.09210968017578,3594680,0.0,0.0
2012-06-20,26.27519736687881,26.32194369504726,25.776572795493415,25.983034133911133,3870120,0.0,0.0
2012-06-21,25.675292073637028,25.675292073637028,24.565072374749867,24.596237182617188,5196468,0.0,0.0
2012-06-22,24.693625286097014,24.787117955791004,24.41704353718858,24.66246223449707,3513195,0.0,0.0
2012-06-25,24.06644969462963,24.10540526824811,23.72364556763902,23.871673583984375,4595206,0.0,0.0
2012-06-26,24.097609925355155,24.191100823845908,23.774281889173892,24.015804290771484,2516808,0.0,0.0
2012-06-27,23.9340026780545,24.257329011120657,23.821032220025828,24.191104888916016,3910094,0.0,0.0
2012-06-28,23.934009824658446,24.179426842929875,23.762605956307407,24.14826202392578,3544654,0.0,0.0
2012-06-29,25.383126940316966,25.51557516718843,25.184456357456657,25.437664031982422,4507098,0.0,0.0
2012-07-02,25.56231943562719,25.574004699008356,25.21561912978885,25.53115463256836,2384824,0.0,0.0
2012-07-03,25.651920891241325,26.053158363545904,25.585696770073856,25.94408416748047,2914298,0.0,0.0
2012-07-05,25.819422098694133,25.975242602154452,25.30911227847858,25.78436279296875,2834114,0.0,0.0
2012-07-06,25.371443314715524,25.43377117243791,25.08707081625058,25.30132293701172,2188858,0.0,0.0
2012-07-09,25.03643117148536,25.15719239860528,24.88840315100797,25.06369972229004,2635901,0.0,0.0
2012-07-10,25.254574418490932,25.293528225080703,24.378084772350178,24.518321990966797,3469555,0.0,0.0
2012-07-11,24.623509377127757,24.865030083441685,24.47547959336749,24.689733505249023,2851499,0.0,0.0
2012-07-12,23.926211463573637,24.241748808247916,23.657422214722285,24.08982276916504,4142840,0.0,0.0
2012-07-13,24.233960152845505,24.720897851510234,24.233960152845505,24.627405166625977,2488306,0.0,0.0
2012-07-16,24.514431579392824,24.553387149929257,24.30017769888945,24.463788986206055,2130553,0.0,0.0
2012-07-17,24.576758729363053,24.674145895449957,24.21837135714173,24.66635513305664,3058109,0.0,0.0
2012-07-18,24.339133819071645,24.814386166518222,24.30797076789636,24.697521209716797,4454234,0.0,0.0
2012-07-19,25.106552609192175,25.503893864006287,25.0637007722417,25.37923812866211,3861014,0.0,0.0
2012-07-20,25.145501628873966,25.168873914113977,24.86891992090965,24.950725555419922,3212091,0.0,0.0
2012-07-23,24.07813650561012,24.580657425531275,23.906734443628192,24.498851776123047,5027821,0.0,0.0
2012-07-24,24.69362108448279,24.732576649801516,24.128772417148355,24.354711532592773,5867033,0.0,0.0
2012-07-25,24.833865812718425,24.888402913808015,24.424837554546517,24.67804527282715,8016036,0.0,0.0
2012-07-26,25.39091277424239,25.476614654845804,25.13770514886153,25.2740478515625,7679925,0.0,0.0
2012-07-27,25.55842248205952,26.216763770819302,25.42597602691177,26.09600257873535,4635416,0.0,0.0
2012-07-30,25.936287805742687,26.131063880203413,25.81942286404498,25.983034133911133,2917373,0.0,0.0
2012-07-31,25.994722489290886,26.111587436985772,25.823320448841926,25.842798233032227,2925179,0.0,0.0
2012-08-01,26.123274215456366,26.19728909171074,25.749305331850888,25.7648868560791,3071000,0.0,0.0
2012-08-02,25.67528939817969,26.07263230921013,25.507783626007715,25.75320053100586,3542643,0.0,0.0
2012-08-03,26.33362835733042,26.59852302158959,26.247926470458136,26.493343353271484,3690238,0.0,0.0
2012-08-06,26.438812824139426,26.777720658977184,26.423229541686492,26.579050064086914,2360343,0.0,0.0
2012-08-07,26.762141591028428,26.875110293863777,26.637485864642123,26.660858154296875,1958358,0.0,0.0
2012-08-08,26.79719857937894,26.945228340024464,26.727079959050847,26.86731719970703,2446322,0.0,0.0
2012-08-09,26.949128584810914,27.147800980484686,26.933547056406162,27.077680587768555,1571275,0.0,0.0
2012-08-10,27.011447150342146,27.256862273269,26.910163742298796,27.233489990234375,1737320,0.0,0.0
2012-08-13,27.08935937145855,27.21401507566758,26.859523988897596,26.976388931274414,1448161,0.0,0.0
2012-08-14,26.976391786126655,27.062093690244282,26.785511949973195,26.851736068725586,1658437,0.0,0.0
2012-08-15,26.602419532321846,26.660851119764978,26.477762081379574,26.57125473022461,2050960,0.0,0.0
2012-08-16,26.855627977948178,27.050402285151453,26.664748172718788,26.960805892944336,2169817,0.0,0.0
2012-08-17,26.843937871634285,26.99975835395462,26.71538592978385,26.9101619720459,2177031,0.0,0.0
2012-08-20,26.886796672086035,26.968602320084912,26.73487239935872,26.941333770751953,1465310,0.0,0.0
2012-08-21,27.315294494802504,27.502279781184008,26.960803459938035,27.06987762451172,1674403,0.0,0.0
2012-08-22,26.8556298808669,27.21012097283977,26.76213722261451,27.151687622070312,1593273,0.0,0.0
2012-08-23,27.214018840177257,27.260765175083762,26.843946178550777,26.898483276367188,1981420,0.0,0.0
2012-08-24,26.594629052677963,26.956912655366473,26.53619746075498,26.80109214782715,1932458,0.0,0.0
2012-08-27,26.81667393664262,26.843942481795597,26.54788298730794,26.555675506591797,1500080,0.0,0.0
2012-08-28,26.598534221393763,26.672549119074557,26.520623062804543,26.54789161682129,3362998,0.0,0.0
2012-08-29,26.450497070265296,26.47776561669878,26.240139461000304,26.244035720825195,2017018,0.0,0.0
2012-08-30,25.640233756201763,25.65971154219231,25.242892545825292,25.313011169433594,3699463,0.0,0.0
2012-08-31,25.65192407755746,25.6986704184559,25.309119920898627,25.6324462890625,2707216,0.0,0.0
2012-09-04,25.449351691144873,25.48830725972354,25.184456988214407,25.309114456176758,2159883,0.0,0.0
2012-09-05,25.198093240804432,25.273430026673303,24.980014577571378,25.170337677001953,2263956,0.963933,0.0
2012-09-06,25.53512156116458,26.030755779106265,25.51529590623336,25.87215232849121,3502315,0.0,0.0
2012-09-07,26.625517007058935,27.02599056667786,26.605691353069385,26.843597412109375,4821330,0.0,0.0
2012-09-10,26.851529715295314,27.014097230400704,26.60172967260804,26.62155532836914,2778057,0.0,0.0
2012-09-11,26.788092847131434,27.240111786590504,26.752405587922652,27.156845092773438,3268977,0.0,0.0
2012-09-12,27.406642713229665,27.430432428397594,27.06564606281334,27.24803924560547,2994837,0.0,0.0
2012-09-13,27.24803959535114,28.108462031909436,27.08943612569117,27.957788467407227,3720396,0.0,0.0
2012-09-14,28.683400465030296,28.945096293337407,28.612029525977448,28.659610748291016,7680043,0.0,0.0
2012-09-17,28.58427159654771,28.61995706312099,28.16000826687779,28.255168914794922,2627978,0.0,0.0
2012-09-18,28.005366820249225,28.23930704821159,27.930030045710424,28.183795928955078,2662393,0.0,0.0
2012-09-19,28.21552552243017,28.389988835169433,28.084677590666914,28.22345542907715,2559738,0.0,0.0
2012-09-20,27.58110795222988,27.858663593100196,27.454225884642025,27.815048217773438,2340593,0.0,0.0
2012-09-21,27.98157471212882,28.02519007671576,27.723844793188935,27.73573875427246,2006492,0.0,0.0
2012-09-24,27.442326328394206,27.624719498877134,27.38681520791377,27.509733200073242,1870487,0.0,0.0
2012-09-25,27.565240284176028,27.68815825833662,26.946688144944993,26.986337661743164,2835888,0.0,0.0
2012-09-26,26.871356347376278,26.930831527985728,26.49070839390344,26.74447250366211,3127768,0.0,0.0
2012-09-27,27.081506858688748,27.39871380548344,26.998240169317764,27.327341079711914,2901408,0.0,0.0
2012-09-28,27.27579292648648,27.287688677667433,27.002201382333222,27.204421997070312,2378437,0.0,0.0
2012-10-01,27.462149652232323,27.81504200086936,27.30354620877925,27.366987228393555,2282642,0.0,0.0
2012-10-02,27.648509471969525,27.711950493461696,27.08943245141125,27.244070053100586,1946414,0.0,0.0
2012-10-03,27.335267134485683,27.35509099934,26.788085890243373,26.875316619873047,2477307,0.0,0.0
2012-10-04,26.819812922638434,27.255972057919163,26.788093299031154,27.022031784057617,3254075,0.0,0.0
2012-10-05,27.359055641487515,27.438358252752867,26.87135137977671,26.986337661743164,2735481,0.0,0.0
2012-10-08,26.72861585712088,27.073578385284538,26.685000481001122,27.025997161865234,2505928,0.0,0.0
2012-10-09,27.093398625228613,27.311477251045083,26.871354152905795,26.950654983520508,2541407,0.0,0.0
2012-10-10,27.109263091905632,27.148914408443815,26.843603206536788,27.00220489501953,2329357,0.0,0.0
2012-10-11,27.36302678122806,27.45818742878793,27.152876251786818,27.20838737487793,2500961,0.0,0.0
2012-10-12,27.299588888125456,27.410609358221595,26.994275887229612,27.097368240356445,1467675,0.0,0.0
2012-10-15,27.08150555437432,27.244073078196834,26.86342690697804,27.14891242980957,1843641,0.0,0.0
2012-10-16,27.263896596842645,27.478011169383016,27.20442141986932,27.382848739624023,3319831,0.0,0.0
2012-10-17,27.882455405429,28.31861274116322,27.743675794632612,28.219486236572266,5843498,0.0,0.0
2012-10-18,28.3067172892191,28.77856185908755,28.27896172628566,28.49307632446289,3319831,0.0,0.0
2012-10-19,28.65564315740464,28.691328624759624,28.175868693925597,28.207590103149414,4256257,0.0,0.0
2012-10-22,28.370161948532292,28.576346667787455,28.199662702064533,28.46532440185547,2789883,0.0,0.0
2012-10-23,27.799183565170686,27.858658741379283,27.620754458875485,27.77935791015625,4286533,0.0,0.0
2012-10-24,28.1282876892213,28.219484281787928,27.90624318946432,27.957788467407227,2362472,0.0,0.0
2012-10-25,28.409812412270345,28.497043167823747,28.128290908359098,28.32654571533203,2499305,0.0,0.0
2012-10-26,28.04502100181243,28.132251747382725,27.811080749901354,27.957788467407227,2416164,0.0,0.0
2012-10-31,28.29877700730207,28.322568504787867,27.9855360048028,28.048978805541992,1782616,0.0,0.0
2012-11-01,28.080707433839095,28.489110979751818,28.060881775846347,28.44549560546875,3562866,0.0,0.0
2012-11-02,28.6556483317364,28.667544085947704,28.07674726675785,28.124326705932617,2490198,0.0,0.0
2012-11-05,28.47324512840025,28.5446160509651,28.330501494435957,28.52082633972168,3082117,0.0,0.0
2012-11-06,28.738901366456325,29.071968015297653,28.719075715144193,28.941120147705078,2462288,0.0,0.0
2012-11-07,28.647708305995792,28.6635681134519,28.19965354026678,28.43359375,3304220,0.0,0.0
2012-11-08,28.50893605902964,28.68339934145537,28.163973552395273,28.274995803833008,3358031,0.0,0.0
2012-11-09,28.12432691534239,28.504974953421332,28.09657134786617,28.239315032958984,2859423,0.0,0.0
2012-11-12,28.314648821136025,28.378089855937755,28.191730809987966,28.290857315063477,1532248,0.0,0.0
2012-11-13,27.92209939407644,28.211550733548638,27.874519969274008,27.941925048828125,2092945,0.0,0.0
2012-11-14,27.90228158944205,27.93796706250108,27.311484782497715,27.359066009521484,3130133,0.0,0.0
2012-11-15,27.28372064398026,27.386812972003675,27.025990718339035,27.133047103881836,2710409,0.0,0.0
2012-11-16,26.962553515465192,27.291654411390716,26.7246492102459,27.263898849487305,3501723,0.0,0.0
2012-11-19,27.56920395159545,27.890376660543374,27.54937829905946,27.878480911254883,3133090,0.0,0.0
2012-11-20,27.70402265785314,27.89831158329434,27.55731494929231,27.76746368408203,3228530,0.0,0.0
2012-11-21,27.58507441008456,27.67627100998426,27.485946115554402,27.5771427154541,2086676,0.0,0.0
2012-11-23,27.82693264400567,28.152067586252944,27.81900095277929,28.12034797668457,726623,0.0,0.0
2012-11-26,28.072764284372735,28.274983038361015,27.96967198474782,28.271018981933594,1878529,0.0,0.0
2012-11-27,28.207594210915893,28.393951479926553,28.01726930552648,28.045024871826172,2146637,0.0,0.0
2012-11-28,27.870559788688883,28.294823162353914,27.787293095105042,28.290857315063477,2596637,0.0,0.0
2012-11-29,28.592201203055087,28.75476872437774,28.469283205936225,28.63581657409668,2284180,0.0,0.0
2012-11-30,28.57633743093728,28.723045122235714,28.532720277108865,28.564441680908203,2257688,0.0,0.0
2012-12-03,28.723048275960483,28.774593550355046,28.38205164464125,28.409807205200195,1275612,0.0,0.0
2012-12-04,28.46531685847108,28.584268999184832,28.322573216313756,28.44945526123047,1796926,0.0,0.0
2012-12-05,28.703221192402538,29.008532343365705,28.608058764123587,28.7547664642334,4387532,0.0,0.0
2012-12-06,28.802344339361486,28.91336656320473,28.73097342084354,28.81027603149414,2041144,0.0,0.0
2012-12-07,28.8935482894178,29.028362046418952,28.774596131898225,28.913373947143555,1620947,0.0,0.0
2012-12-10,29.024402227478653,29.36936480811589,29.00061250656778,29.274202346801758,3386414,0.0,0.0
2012-12-11,29.563646661205837,29.884817654653748,29.563646661205837,29.793621063232422,3623537,0.0,0.0
2012-12-12,29.924476876537287,30.1108359555732,29.789664877253525,29.865001678466797,2507583,0.0,0.0
2012-12-13,29.987914226824973,30.198063001422806,29.809486865767916,29.936368942260742,3707387,0.0,0.0
2012-12-14,30.08703683138041,30.360628397542108,30.04342145865474,30.257537841796875,2712419,0.0,0.0
2012-12-17,30.42406851758199,30.689728366196142,30.400277015416695,30.626285552978516,2812590,0.0,0.0
2012-12-18,30.876076345394573,30.939519139611235,30.701614922218507,30.8284969329834,3259989,0.0,0.0
2012-12-19,31.046594494697523,31.05055855351144,30.6461208020499,30.654048919677734,3475823,0.0,0.0
2012-12-20,30.89194452901592,30.911771972816783,30.693691557023648,30.83643341064453,3066861,0.0,0.0
2012-12-21,30.38441781449543,30.618358050016457,30.317010942124668,30.519227981567383,1994784,0.0,0.0
2012-12-24,30.198067967111808,30.507346880694737,30.194103907789334,30.305126190185547,683693,0.0,0.0
2012-12-26,30.45578366258292,30.650072553837177,30.420096414576047,30.428028106689453,1064035,0.0,0.0
2012-12-27,30.741274002899917,30.741274002899917,30.257537276135146,30.56681251525879,1803904,0.0,0.0
2012-12-28,30.53113140477436,30.709560564081116,30.41614507589663,30.47562026977539,2342958,0.0,0.0
2012-12-31,30.515263104402244,31.157608614785683,30.479579429067844,31.094165802001953,2576887,0.0,0.0
2013-01-02,31.803914312682988,31.839601565358546,31.4668835406481,31.69289207458496,2415100,0.0,0.0
2013-01-03,31.324152134334057,31.60170782216561,31.213129859201437,31.336044311523438,2418648,0.0,0.0
2013-01-04,31.22898200843866,31.526361496269136,31.225014372678693,31.482746124267578,2257925,0.0,0.0
2013-01-07,31.256736377261184,31.625486784988055,31.236908932227497,31.593767166137695,3327755,0.0,0.0
2013-01-08,31.16157455397613,31.2250137929206,31.0267608047146,31.13778305053711,1795980,0.0,0.0
2013-01-09,31.40343955603955,31.474810481056675,31.23690620510983,31.308277130126953,2199620,0.0,0.0
2013-01-10,31.423279372845375,31.423279372845375,31.04262951930698,31.201234817504883,4009319,0.0,0.0
2013-01-11,30.511304754075002,30.570779942537428,30.293224292819257,30.396318435668945,2764101,0.0,0.0
2013-01-14,30.479579515653544,30.578706004053274,30.372521334007264,30.51129913330078,2178805,0.0,0.0
2013-01-15,30.27736307024394,30.491475885333767,30.26546731757173,30.463720321655273,1745244,0.0,0.0
2013-01-16,30.158406770469306,30.360627394794644,30.134618844649033,30.29322052001953,1985205,0.0,0.0
2013-01-17,30.34080080389991,30.47164690601185,30.22184687479593,30.416135787963867,1935888,0.0,0.0
2013-01-18,30.451831987752144,30.646120958008613,30.19410018779807,30.47958755493164,2291985,0.0,0.0
2013-01-22,30.57474460125678,30.947462706433594,30.57078054266017,30.899883270263672,2811407,0.0,0.0
2013-01-23,31.125892416731528,31.169507795094784,30.808685436842953,30.880056381225586,3002998,0.0,0.0
2013-01-24,30.94746121628685,31.141750165548398,30.780927831205524,30.808683395385742,2211801,0.0,0.0
2013-01-25,30.769033463618392,30.812648835983886,30.54302133020477,30.665939331054688,1615388,0.0,0.0
2013-01-28,30.70162658717361,30.725414513583107,30.50337001596256,30.665939331054688,1517819,0.0,0.0
2013-01-29,30.828510668110557,31.14968168356653,30.816614915290703,31.086238861083984,1776939,0.0,0.0
2013-01-30,31.08623344938536,31.248802746838848,30.85229680277689,30.895912170410156,1748792,0.0,0.0
2013-01-31,31.256731055048753,31.35189347306575,31.141741195374166,31.213115692138672,1769607,0.0,0.0
2013-02-01,31.5025667628837,31.58186938257664,31.363788967255747,31.478778839111328,1862682,0.0,0.0
2013-02-04,31.106060687344065,31.165535863025898,30.780922094588707,30.911771774291992,2060303,0.0,0.0
2013-02-05,30.828512327173677,30.987114025410303,30.776965254736933,30.899883270263672,1691197,0.0,0.0
2013-02-06,30.68973491353326,30.96332651379361,30.665943406292293,30.8681640625,1715441,0.0,0.0
2013-02-07,30.848331393683043,30.876086954877227,30.54698427852631,30.646114349365234,1403220,0.0,0.0
2013-02-08,30.98710961071251,31.03072498207199,30.848331802900645,30.90384292602539,1597057,0.0,0.0
2013-02-11,30.77696193070199,30.77696193070199,30.622324307763453,30.721450805664062,1036006,0.0,0.0
2013-02-12,30.451826087787435,30.903843192750372,30.447858452051634,30.741273880004883,1670973,0.0,0.0
2013-02-13,31.14967880225662,31.35982754218213,31.06244805987313,31.13778305053711,1594101,0.0,0.0
2013-02-14,31.56997217029398,31.815808133359255,31.494637189441963,31.795984268188477,2763037,0.0,0.0
2013-02-15,31.79599225248235,31.8158161226311,31.431202273782315,31.546192169189453,1694153,0.0,0.0
2013-02-19,31.867354353000064,31.93476121707775,31.65323801090986,31.903038024902344,2809633,0.0,0.0
2013-02-20,31.01090111866417,31.08623610962862,30.47164969713695,30.554916381835938,5811212,0.0,0.0
2013-02-21,29.956189759830885,29.995839284303756,29.468483614883482,29.726215362548828,4609516,0.0,0.0
2013-02-22,30.023600735796364,30.043424606323242,29.678638198335285,30.043424606323242,2164732,0.0,0.0
2013-02-25,30.098928124507975,30.166334991523392,29.492271687873128,29.504165649414062,3416927,0.0,0.0
2013-02-26,29.587436762994436,29.750004281069742,29.3019494614208,29.571575164794922,2122038,0.0,0.0
2013-02-27,29.357460301441968,30.019627907667573,29.321774836296253,29.95222282409668,2416519,0.0,0.0
2013-02-28,29.67862833471388,29.948253992524066,29.638977029167958,29.682592391967773,2934404,0.0,0.0
2013-03-01,29.353499812170213,29.53985885399624,29.194896334257958,29.3138484954834,4109726,0.0,0.0
2013-03-04,29.282127920104934,29.30195357901418,28.822179073216546,29.19093132019043,2619463,0.0,0.0
2013-03-05,29.72224889594237,29.742074552182846,29.393148011087973,29.424867630004883,2567544,0.0,0.0
2013-03-06,29.68259231060421,29.767158079959284,29.436950442543296,29.722862243652344,4040777,0.963933,0.0
2013-03-07,29.73090994864629,29.924204135405304,29.69466774281472,29.73493766784668,1866230,0.0,0.0
2013-03-08,29.71077752690263,29.738966113487002,29.49735017611898,29.630239486694336,2104416,0.0,0.0
2013-03-11,29.670508345503052,29.908096554760828,29.561779905887068,29.827558517456055,1713667,0.0,0.0
2013-03-12,29.751051631743074,29.976560356074312,29.6584322366418,29.71480941772461,2261709,0.0,0.0
2013-03-13,29.642332538428334,29.650386163956334,29.324202521237172,29.48125457763672,2696217,0.0,0.0
2013-03-14,29.344335497631228,29.424875380921204,29.086612231288278,29.179231643676758,4421474,0.0,0.0
2013-03-15,29.46916685844819,29.561786257107627,29.291981684915765,29.38057518005371,2713957,0.0,0.0
2013-03-18,28.97385087648269,29.239629520598825,28.97385087648269,29.006065368652344,2213812,0.0,0.0
2013-03-19,28.51880384972154,28.611423233710372,27.95100438690761,28.212757110595703,7471423,0.0,0.0
2013-03-20,28.08389658883922,28.249002225893893,27.983223571984606,28.192625045776367,2666532,0.0,0.0
2013-03-21,28.09597333818686,28.29732115571664,28.047649789309986,28.063758850097656,2142498,0.0,0.0
2013-03-22,28.055702494848376,28.152349589444984,27.991271704031636,28.043622970581055,1967938,0.0,0.0
2013-03-25,27.914766142742145,28.003359636432553,27.65301519861352,27.789932250976562,2394167,0.0,0.0
2013-03-26,27.78590492560973,27.995306410585563,27.7255018389682,27.97114372253418,2167925,0.0,0.0
2013-03-27,27.665088532084553,28.03959373243079,27.57649506404625,28.019458770751953,1896979,0.0,0.0
2013-03-28,27.761737686454513,27.82616847857362,27.55636215209961,27.55636215209961,3727374,0.0,0.0
2013-04-01,27.46777408114375,27.6046893051833,27.238237651048394,27.363073348999023,2178805,0.0,0.0
2013-04-02,27.733551585650748,27.749658830937605,27.411395779454335,27.491933822631836,2107018,0.0,0.0
2013-04-03,27.193946380255863,27.234216318626135,26.755010228948088,26.80735969543457,4599345,0.0,0.0
2013-04-04,26.88386582943864,27.10132090448541,26.78721872569715,26.996620178222656,2211092,0.0,0.0
2013-04-05,26.682520819645358,27.145619605882153,26.569766458943764,27.085216522216797,3265547,0.0,0.0
2013-04-08,27.000645639906732,27.415420818547876,26.916081696443726,27.40334129333496,2930264,0.0,0.0
2013-04-09,27.806034340080945,28.776527603469507,27.802006620628962,28.627531051635742,6651370,0.0,0.0
2013-04-10,28.51880419634376,28.57518137134767,28.349672671332023,28.43423843383789,4067742,0.0,0.0
2013-04-11,28.317458466699954,28.393968790626154,28.16040646564453,28.244972229003906,1925954,0.0,0.0
2013-04-12,28.039599438666542,28.104030239105153,27.624824230553255,27.814090728759766,2723063,0.0,0.0
2013-04-15,26.903999060493632,26.903999060493632,26.05834149910538,26.082502365112305,5235022,0.0,0.0
2013-04-16,26.879839820815874,26.879839820815874,26.541576752932038,26.83151626586914,3534010,0.0,0.0
2013-04-17,26.18720279608268,26.203310039909816,25.502623132512866,25.820751190185547,5967914,0.0,0.0
2013-04-18,25.66772680380591,25.945586750613963,25.4462458436158,25.79256248474121,3011986,0.0,0.0
2013-04-19,26.005991984470526,26.04626191394039,25.571083649820096,25.848941802978516,2811762,0.0,0.0
2013-04-22,25.88115645130898,25.96169631074085,25.450274016926677,25.945589065551758,2760553,0.0,0.0
2013-04-23,25.961694522216334,26.042232559356673,25.74423946017142,25.97377586364746,2667951,0.0,0.0
2013-04-24,26.303982773588654,26.694595214307462,26.295927335569672,26.666406631469727,2474706,0.0,0.0
2013-04-25,26.89997084144611,27.258368822721362,26.722785710457416,26.80332374572754,3700173,0.0,0.0
2013-04-26,26.80735993549714,26.831520808689515,26.452989561547366,26.658363342285156,1926663,0.0,0.0
2013-04-29,26.928159997562346,27.214073571485628,26.85970148524748,27.189910888671875,2145454,0.0,0.0
2013-04-30,26.706681227026934,27.097293736084865,26.481172524871454,27.06910514831543,4041132,0.0,0.0
2013-05-01,26.79929996388405,26.81943492848068,26.473118260950898,26.517414093017578,2346624,0.0,0.0
2013-05-02,26.231498377069197,26.541572809897847,26.074448209381266,26.461034774780273,2139186,0.0,0.0
2013-05-03,27.322804143741585,27.495963400881028,27.14964670334548,27.218103408813477,4471973,0.0,0.0
2013-05-06,27.226159535331195,27.491938208682598,27.14159557571229,27.427507400512695,2212156,0.0,0.0
2013-05-07,27.681196692406548,27.721466617099235,27.443606680159846,27.65703582763672,3086848,0.0,0.0
2013-05-08,27.991276977565715,28.49464569140957,27.922820271343685,28.34162139892578,3544062,0.0,0.0
2013-05-09,28.482566437786076,28.510755029693637,27.95100909510431,28.055709838867188,3278793,0.0,0.0
2013-05-10,27.98321575742117,27.98321575742117,27.636899150088876,27.890596389770508,2522840,0.0,0.0
2013-05-13,27.802010938787554,27.806038658865116,27.49596416542452,27.524152755737305,1911407,0.0,0.0
2013-05-14,27.475826577344975,27.644958103086612,27.31877639394009,27.491933822631836,3405219,0.0,0.0
2013-05-15,27.222130311325266,27.3228033232647,26.912055835817732,27.020782470703125,3603668,0.0,0.0
2013-05-16,26.97649252768883,27.350997885297833,26.87179177303854,26.980520248413086,3309305,0.0,0.0
2013-05-17,27.318778356743092,27.431532715338705,27.133537755662203,27.246292114257812,2725547,0.0,0.0
2013-05-20,27.218098026655802,27.451662136633363,27.133532274791055,27.411392211914062,2747899,0.0,0.0
2013-05-21,27.7657651933486,27.991273887166884,27.588580050597542,27.854358673095703,2693970,0.0,0.0
2013-05-22,27.90268129698803,28.478534354351375,27.423473521804564,27.52012062072754,3645652,0.0,0.0
2013-05-23,27.024807692522945,27.350989383771957,26.710705526204666,27.193939208984375,2940199,0.0,0.0
2013-05-24,26.67446599521059,26.924137392232748,26.658358749190867,26.87178611755371,1861144,0.0,0.0
2013-05-28,26.694603819573665,26.779169595347476,26.448960116124475,26.577821731567383,2559502,0.0,0.0
2013-05-29,26.750972860632896,26.891915777353976,26.50130332961681,26.64224624633789,3358504,0.0,0.0
2013-05-30,26.730842017693988,27.29058786849123,26.593926798957348,27.109375,2332077,0.0,0.0
2013-05-31,27.032863068875397,27.032863068875397,26.29995978331808,26.303987503051758,2272353,0.0,0.0
2013-06-03,26.545603219049106,26.91608257831381,26.384525315748938,26.904001235961914,2603142,0.0,0.0
2013-06-04,26.634192040080983,26.775134963321072,26.505330457902332,26.678489685058594,1946650,0.0,0.0
2013-06-05,25.989884296430873,26.275796067261798,25.877129949231488,25.941560745239258,4368255,0.0,0.0
2013-06-06,25.82477938253621,26.11874660053292,25.639540611870736,26.110692977905273,3011631,0.0,0.0
2013-06-07,25.595251281064687,25.869083603682903,25.486522806112923,25.85700225830078,3124220,0.0,0.0
2013-06-10,25.58719756953868,25.74827551269344,25.550955350259,25.62343978881836,2329476,0.0,0.0
2013-06-11,24.781804619470414,25.3375228149668,24.733481061156372,25.148256301879883,4612118,0.0,0.0
2013-06-12,25.317388768898923,25.405982265155796,24.910668953713532,24.9630184173584,1877701,0.0,0.0
2013-06-13,25.212686777682205,25.647595131996475,25.168389126565216,25.611352920532227,3956454,0.0,0.0
2013-06-14,25.62745793656251,25.72410503655364,25.22879182839955,25.28114128112793,2758070,0.0,0.0
2013-06-17,25.466382783601695,25.607327546028202,25.285171722539936,25.478464126586914,2448451,0.0,0.0
2013-06-18,25.055633937969905,25.405978331696303,25.047580315328627,25.20865821838379,3167741,0.0,0.0
2013-06-19,25.087849704434042,25.29724933882263,24.49588937725799,24.50796890258789,2838135,0.0,0.0
2013-06-20,23.81935945118473,23.895869760671403,23.428745198866963,23.46901512145996,5164063,0.0,0.0
2013-06-21,23.698553204117196,23.835470234576956,23.364317883820586,23.726741790771484,3917072,0.0,0.0
2013-06-24,23.247542783241013,23.408620729063546,22.784445732837884,23.106599807739258,3457965,0.0,0.0
2013-06-25,23.142840531860486,23.49318499596258,23.022032534487522,23.39653968811035,2016190,0.0,0.0
2013-06-26,23.32002912357222,23.473051628421555,23.175058426787714,23.34016227722168,3104706,0.0,0.0
2013-06-27,23.456937036127552,23.718687935815844,23.420694827462174,23.533449172973633,2621118,0.0,0.0
2013-06-28,23.223370904277864,23.38847467588228,23.06632075363673,23.219343185424805,3372341,0.0,0.0
2013-07-01,23.376396926212472,23.517339845619386,23.207265422924173,23.299884796142578,2628214,0.0,0.0
2013-07-02,23.45290925215391,23.545528626145842,23.110618523559996,23.287803649902344,1818332,0.0,0.0
2013-07-03,22.695847506625167,22.94551708984187,22.4985273819602,22.784440994262695,1890237,0.0,0.0
2013-07-05,22.65960593905556,22.740143989136836,22.41396225202979,22.67974090576172,2367912,0.0,0.0
2013-07-08,22.760280183579365,22.949546700734658,22.68376803266608,22.715984344482422,1519475,0.0,0.0
2013-07-09,23.460961635800597,23.666335335422534,23.243506595982403,23.634119033813477,2923641,0.0,0.0
2013-07-10,23.509287846744574,23.799229166294456,23.404588934218665,23.460966110229492,2362472,0.0,0.0
2013-07-11,24.5724004555787,24.930796632012974,24.503941942442673,24.882474899291992,4084063,0.0,0.0
2013-07-12,24.608639328515558,24.757635859404225,24.371049332825148,24.43548011779785,3436441,0.0,0.0
2013-07-15,24.608646754851424,24.6609962157075,24.479783329275087,24.51602554321289,1229606,0.0,0.0
2013-07-16,24.999256762737755,25.224765463666344,24.80193664942524,25.20865821838379,2184127,0.0,0.0
2013-07-17,25.800620592565885,25.91740267193008,25.48651838433151,25.55095100402832,2633891,0.0,0.0
2013-07-18,25.54289066573566,25.71202217233347,25.393894121838972,25.43416404724121,1769488,0.0,0.0
2013-07-19,25.357654779105435,25.46235550692845,25.136173797869088,25.20865821838379,1835244,0.0,0.0
2013-07-22,25.490542652360823,25.836859306801355,25.405976894297098,25.772428512573242,2427163,0.0,0.0
2013-07-23,26.03418714100118,26.17110420904996,25.973784048297954,26.114727020263672,2961250,0.0,0.0
2013-07-24,26.13485495927094,26.13485495927094,25.41000532462604,25.490543365478516,2460277,0.0,0.0
2013-07-25,25.236851237151207,25.70800368670934,25.228797613095853,25.691896438598633,2531946,0.0,0.0
2013-07-26,25.635510664502004,25.901289271834628,25.514702702098912,25.889209747314453,1235283,0.0,0.0
2013-07-29,25.687861766867382,25.89726320261504,25.63551049955895,25.79256248474121,1994193,0.0,0.0
2013-07-30,25.54692025831627,25.567055222493877,25.248927148671203,25.365707397460938,2349462,0.0,0.0
2013-07-31,25.200608037227187,25.575113350021194,25.164365822020468,25.261011123657227,2511368,0.0,0.0
2013-08-01,25.611353520923938,25.683837945551648,25.478464197944263,25.615381240844727,1365139,0.0,0.0
2013-08-02,25.526791839501826,25.68384205691626,25.450279682705574,25.563034057617188,1144455,0.0,0.0
2013-08-05,25.631490281261883,25.77243323720592,25.58316672254629,25.587194442749023,1118437,0.0,0.0
2013-08-06,25.599272709363685,25.599272709363685,25.361684464430734,25.482492446899414,1877228,0.0,0.0
2013-08-07,25.252956456466855,25.526788736067108,25.23282148957433,25.389873504638672,1823063,0.0,0.0
2013-08-08,25.92545604807795,26.678494343265644,25.861025245738666,26.56171226501465,4280738,0.0,0.0
2013-08-09,26.738896807253834,27.41139703815061,26.618088828568634,27.25434684753418,5043669,0.0,0.0
2013-08-12,26.976489140705805,27.463748816492952,26.96843551701212,27.230186462402344,3427452,0.0,0.0
2013-08-13,27.330854197605827,27.363068684008564,27.048966541124056,27.165748596191406,1898516,0.0,0.0
2013-08-14,27.38321030647424,27.576502722131785,27.29461681383323,27.322805404663086,1460342,0.0,0.0
2013-08-15,27.04897424680358,27.475830847186007,26.984543438900165,27.39931869506836,2111985,0.0,0.0
2013-08-16,27.35502337151253,27.415426460236617,27.153675503364006,27.19797134399414,1546794,0.0,0.0
2013-08-19,27.101316952159873,27.16172002063203,26.940239074995937,26.968427658081055,1500316,0.0,0.0
2013-08-20,26.678491225615286,26.875811329545712,26.404658985115876,26.416738510131836,3437505,0.0,0.0
2013-08-21,26.038207287064736,26.086530837216028,25.534838638336623,25.554973602294922,4083826,0.0,0.0
2013-08-22,26.09459051372188,26.255668446017243,25.96975479826285,26.022104263305664,2756769,0.0,0.0
2013-08-23,26.159015542654526,26.23149996030955,25.953641814803213,25.993911743164062,1858542,0.0,0.0
2013-08-26,25.929483243957794,26.106670230153224,25.776460762052174,25.804649353027344,1530356,0.0,0.0
2013-08-27,25.56706096284339,25.736192519817166,25.26101234541834,25.29725456237793,2200093,0.0,0.0
2013-08-28,25.256982162400064,25.583163876514497,25.20865860906029,25.361682891845703,2941145,0.0,0.0
2013-08-29,25.466380766690662,25.61940504323972,25.21268530129662,25.313358306884766,1741341,0.0,0.0
2013-08-30,25.567058216301824,25.57511183956729,25.38987305423154,25.482492446899414,1196610,0.0,0.0
2013-09-03,26.593926557334505,26.63822238994343,26.22747492072221,26.3966064453125,1719462,0.0,0.0
2013-09-04,26.248980605012804,26.663156168459334,26.207972464060763,26.65495491027832,1761683,0.997755,0.0
2013-09-05,26.49092449435721,26.671359576556046,26.474521977810763,26.482723236083984,1044994,0.0,0.0
2013-09-06,26.712367211975433,26.872298231514772,26.55653774680257,26.626251220703125,1480802,0.0,0.0
2013-09-09,26.806684075556426,27.237265875758865,26.77797874554607,27.20035743713379,1505047,0.0,0.0
2013-09-10,27.43409939074128,27.614532614633546,27.311076822180507,27.573524475097656,1833588,0.0,0.0
2013-09-11,27.4874119083752,27.844178696575064,27.331584288856185,27.766263961791992,1308489,0.0,0.0
2013-09-12,27.45459625254882,27.585820044555753,27.40948842093014,27.470998764038086,1395060,0.0,0.0
2013-09-13,27.14704790834755,27.31517833148212,27.03632814433898,27.302875518798828,1604272,0.0,0.0
2013-09-16,27.8359783059671,27.848281119750073,27.5325224663331,27.561227798461914,1163733,0.0,0.0
2013-09-17,27.577622279444054,27.712947641475296,27.524311335286505,27.663738250732422,945887,0.0,0.0
2013-09-18,27.602234327639376,28.775053250271416,27.466908925024356,28.71354103088379,3223681,0.0,0.0
2013-09-19,28.549507200028664,28.553606903915956,27.938492216790934,28.036911010742188,2728503,0.0,0.0
2013-09-20,27.848283918894882,27.913895848920358,27.581734643770663,27.626842498779297,1668726,0.0,0.0
2013-09-23,27.80316557648701,27.89748281222593,27.65553924230324,27.67194175720215,1671328,0.0,0.0
2013-09-24,27.651440167237812,27.655541721353604,27.364386880541392,27.438201904296875,1550461,0.0,0.0
2013-09-25,27.762162968770504,27.85237866271827,27.622736023510075,27.712953567504883,1443076,0.0,0.0
2013-09-26,27.942589343132298,28.14762630632062,27.717046463569236,27.799062728881836,1167162,0.0,0.0
2013-09-27,27.528416021336756,27.569424159963503,27.37668812847401,27.536617279052734,1647793,0.0,0.0
2013-09-30,27.159347464234145,27.434097914234332,27.11013806944891,27.27006721496582,1519830,0.0,0.0
2013-10-01,27.101937001451212,27.306975853478363,27.02812382874209,27.229061126708984,1514153,0.0,0.0
2013-10-02,27.06093081263293,27.48330948035916,27.06093081263293,27.409496307373047,1256807,0.0,0.0
2013-10-03,27.2208572888972,27.290570750986216,26.93790558696312,27.1019344329834,1280815,0.0,0.0
2013-10-04,26.9830094336427,27.290566711994213,26.9214972379538,27.2741641998291,1439528,0.0,0.0
2013-10-07,26.769777333692414,27.200357281382267,26.757474520887836,26.950210571289062,1161840,0.0,0.0
2013-10-08,26.798481553563494,26.831288436334518,26.51962952517416,26.65495491027832,1823417,0.0,0.0
2013-10-09,26.75336892448535,26.933802122343366,26.577035429961253,26.810779571533203,2057347,0.0,0.0
2013-10-10,26.85588990790428,27.298772612076288,26.777975186795615,27.249563217163086,1921105,0.0,0.0
2013-10-11,27.196254908581917,27.618633556306232,27.101935819731025,27.536617279052734,1284245,0.0,0.0
2013-10-14,27.368480397900093,27.86877365067325,27.356177589212407,27.76215362548828,1623904,0.0,0.0
2013-10-15,27.79086623718919,27.971299461747513,27.737555285586353,27.844175338745117,3119962,0.0,0.0
2013-10-16,27.954896725819168,28.086120551729103,27.856477931363273,27.99590301513672,1611840,0.0,0.0
2013-10-17,28.045119645425363,28.36907958984375,28.028717125468003,28.36907958984375,1333444,0.0,0.0
2013-10-18,28.512598307705158,28.58641332700879,28.373173226881597,28.541303634643555,1710356,0.0,0.0
2013-10-21,28.70533843920387,28.861167907714844,28.60692148281804,28.861167907714844,1691315,0.0,0.0
2013-10-22,29.718224056284274,29.898657276619307,29.611604005621107,29.68541717529297,2463470,0.0,0.0
2013-10-23,29.39836934488393,29.410672158788337,29.197432017998857,29.275346755981445,1652879,0.0,0.0
2013-10-24,29.578793316369797,29.664909286581853,29.43116699603291,29.48447608947754,1444850,0.0,0.0
2013-10-25,29.484481397946432,29.541892055090845,29.361458825500822,29.496784210205078,1117491,0.0,0.0
2013-10-28,29.455774234746233,29.640309006944534,29.349154185254925,29.56649398803711,1185966,0.0,0.0
2013-10-29,29.459873398684458,29.537788119963636,29.27123892614338,29.418867111206055,652707,0.0,0.0
2013-10-30,29.509084534112276,29.57879800200738,28.97598611503032,29.16872215270996,1316177,0.0,0.0
2013-10-31,29.304045558215236,29.406564051113993,28.98418541830936,28.9882869720459,1327885,0.0,0.0
2013-11-01,29.082606044292156,29.238435495373693,28.770947142129085,29.099008560180664,2090816,0.0,0.0
2013-11-04,29.402468068318072,29.492683761470833,29.242537053102403,29.410669326782227,1277977,0.0,0.0
2013-11-05,29.628003801637906,29.677213193584667,29.431168083897543,29.59929847717285,1387727,0.0,0.0
2013-11-06,29.742825642183433,29.919159145706146,29.697717802928654,29.857646942138672,1258463,0.0,0.0
2013-11-07,29.828939962899963,29.861744989612603,29.25073194160011,29.283538818359375,1712839,0.0,0.0
2013-11-08,29.213824689825074,29.476274147724943,29.09080214238802,29.46807289123535,1161840,0.0,0.0
2013-11-11,29.185124885755794,29.234334284045023,29.00469165872657,29.107210159301758,1053036,0.0,0.0
2013-11-12,28.857055855195565,28.97187713758017,28.619212034548376,28.816049575805664,1909751,0.0,0.0
2013-11-13,28.42647672307344,28.844755583180966,28.352663568367724,28.83245277404785,1283417,0.0,0.0
2013-11-14,28.734036988828795,29.09490339385335,28.60691473140561,28.947277069091797,1038844,0.0,0.0
2013-11-15,29.17692184448845,29.340952545411728,29.0538992813077,29.26713752746582,1697701,0.0,0.0
2013-11-18,29.3245518225831,29.463976909363478,29.04159824493176,29.107210159301758,1326939,0.0,0.0
2013-11-19,29.17692822826753,29.205633560958532,28.906277420024622,29.012897491455078,1224166,0.0,0.0
2013-11-20,29.230237042316887,29.308149925287143,28.713539241778342,28.783252716064453,1376729,0.0,0.0
2013-11-21,28.7094297915033,28.74633636828879,28.475685671799923,28.533096313476562,1510960,0.0,0.0
2013-11-22,28.307557248671685,28.340362274718906,28.200937213925048,28.311656951904297,1543956,0.0,0.0
2013-11-25,28.31985711161176,28.37726960506403,28.19273486553224,28.30755615234375,1062852,0.0,0.0
2013-11-26,27.975396019777058,28.102520128483995,27.917985370689628,28.061511993408203,1422379,0.0,0.0
2013-11-27,27.995904884354893,28.06971991014871,27.77446350706747,27.815471649169922,1426400,0.0,0.0
2013-11-29,28.110722480971774,28.274753177620564,27.942592080683657,27.97539710998535,1259764,0.0,0.0
2013-12-02,27.573525439413505,27.626836392683963,27.38899250514221,27.438201904296875,2084311,0.0,0.0
2013-12-03,27.134745564276376,27.347985687583297,27.073235199891684,27.29057502746582,2542827,0.0,0.0
2013-12-04,27.339783582478407,27.569426215837865,27.302875144933925,27.4956111907959,2234508,0.0,0.0
2013-12-05,27.323378421062053,27.475108170873124,27.183953333454912,27.319278717041016,1433733,0.0,0.0
2013-12-06,27.774460179336412,27.815468316525568,27.598128519507252,27.692445755004883,1521604,0.0,0.0
2013-12-09,27.39718698536951,27.67193739179334,27.36848166380145,27.614526748657227,1803667,0.0,0.0
2013-12-10,27.507913669841646,27.610434022810722,27.30287481395046,27.397193908691406,1349882,0.0,0.0
2013-12-11,27.302869915535744,27.302869915535744,26.761570319170993,26.769771575927734,1722655,0.0,0.0
2013-12-12,26.34329763891113,26.40890955388255,26.089049387094075,26.224374771118164,2771315,0.0,0.0
2013-12-13,26.23667486026396,26.29818521477009,26.121853558469315,26.138256072998047,2455428,0.0,0.0
2013-12-16,26.577035695586915,26.716462611266138,26.32278933471105,26.326889038085938,1762747,0.0,0.0
2013-12-17,26.25308004834718,26.25718160242043,26.105451852414184,26.134157180786133,2328411,0.0,0.0
2013-12-18,26.36380051459413,26.695961628481168,26.121855085937217,26.531930923461914,3764273,0.0,0.0
2013-12-19,26.49502080071047,26.798476546949864,26.458114220767477,26.671354293823242,1713431,0.0,0.0
2013-12-20,26.991212979691902,27.130639895063954,26.95430639916596,27.06092643737793,3392919,0.0,0.0
2013-12-23,27.261869310035348,27.327481227802014,27.13064547450202,27.192155838012695,2687347,0.0,0.0
2013-12-24,27.2167564851621,27.51611068958886,27.188051160761816,27.49970817565918,514218,0.0,0.0
2013-12-26,27.49971474237798,27.49971474237798,27.278273351262055,27.3848934173584,815677,0.0,0.0
2013-12-27,27.737557222806,27.737557222806,27.589930869696495,27.643239974975586,1362419,0.0,0.0
2013-12-30,27.667841693537174,27.86057772914316,27.643237919863747,27.77446174621582,983141,0.0,0.0
2013-12-31,27.667845107685668,27.967201232910156,27.667845107685668,27.967201232910156,920224,0.0,0.0
2014-01-02,27.63913098196548,27.721145389458208,27.425890932419403,27.470998764038086,1603444,0.0,0.0
2014-01-03,27.704747412316227,27.786761833231996,27.598127370093028,27.688343048095703,1409015,0.0,0.0
2014-01-06,27.57762679013718,27.57762679013718,27.270069435224052,27.47920799255371,1922051,0.0,0.0
2014-01-07,27.39308587360523,27.409490236227345,27.11013420646703,27.179845809936523,1779304,0.0,0.0
2014-01-08,27.21265753440355,27.249564119298597,26.966612401738676,27.024023056030273,971788,0.0,0.0
2014-01-09,26.802578238873306,26.81898075225575,26.56883409796367,26.630346298217773,1948306,0.0,0.0
2014-01-10,26.712369967680512,26.987122337260303,26.654959300909702,26.983020782470703,1638923,0.0,0.0
2014-01-13,26.909200751669992,27.110138034254877,26.77387537869798,26.77797508239746,1902182,0.0,0.0
2014-01-14,26.818981856089206,26.880494058875065,26.613944880229738,26.63444709777832,2599003,0.0,0.0
2014-01-15,26.40480450078583,26.757469653303342,26.30638571634713,26.63444709777832,3084128,0.0,0.0
2014-01-16,27.298774568684497,27.42999839782715,27.24546546623496,27.42999839782715,6783591,0.0,0.0
2014-01-17,27.65144064916039,27.696548494985425,27.44640364083058,27.4956111907959,3316519,0.0,0.0
2014-01-21,27.31518114714151,27.352087738948708,26.98712152549571,27.188058853149414,2919857,0.0,0.0
2014-01-22,27.130643104557635,27.167549689449544,27.007618688188792,27.114238739013672,1650750,0.0,0.0
2014-01-23,27.024025402957488,27.028125107164723,26.43761599746695,26.519630432128906,3992998,0.0,0.0
2014-01-24,26.355595113669175,26.3719994777766,25.81019394570641,25.830698013305664,4447138,0.0,0.0
2014-01-27,26.191567645831796,26.224372675672765,25.756886200064613,25.974225997924805,3332485,0.0,0.0
2014-01-28,26.195665626760682,26.347393504913644,26.121852464426087,26.335092544555664,1744298,0.0,0.0
2014-01-29,26.01523575658068,26.3145918477932,25.949623842762918,26.056243896484375,2084548,0.0,0.0
2014-01-30,26.388398094239307,26.388398094239307,26.121848954912,26.363794326782227,1950908,0.0,0.0
2014-01-31,25.92501867464206,26.257181653627345,25.908616158410943,26.224374771118164,1518174,0.0,0.0
2014-02-03,26.14645734453114,26.179264223653263,25.70357465163959,25.73638153076172,2487597,0.0,0.0
2014-02-04,25.80199605249558,26.14236028893264,25.73638413765212,26.134157180786133,2120146,0.0,0.0
2014-02-05,25.78148814334696,26.142356396322942,25.7691871830527,26.064441680908203,3699345,0.0,0.0
2014-02-06,26.183361813968798,26.667252604195816,26.154656490821317,26.601640701293945,2767058,0.0,0.0
2014-02-07,26.654950084482902,26.958407682522193,26.48681969709416,26.921499252319336,1882550,0.0,0.0
2014-02-10,26.790278975420534,26.892797472702565,26.720565509246256,26.802581787109375,1411026,0.0,0.0
2014-02-11,27.01992165707879,27.64323760011151,27.01992165707879,27.565322875976562,3181578,0.0,0.0
2014-02-12,27.819568158228577,27.86467599633261,27.65553746961329,27.741653442382812,2066217,0.0,0.0
2014-02-13,27.479203235474515,27.79496179384904,27.429993845201693,27.725248336791992,1577780,0.0,0.0
2014-02-14,27.967195711839285,28.15173047589585,27.9630960082206,28.01640510559082,1690842,0.0,0.0
2014-02-18,28.881672054372775,28.902176126603106,28.541307785434075,28.84066390991211,4294575,0.0,0.0
2014-02-19,28.619220465771495,29.062103214027218,28.553608549371937,28.59051513671875,1903010,0.0,0.0
2014-02-20,28.709433218050762,28.98008394684252,28.660223826448018,28.947277069091797,2642288,0.0,0.0
2014-02-21,29.04980313699954,29.168726018579257,28.955485882665982,28.967788696289062,2719633,0.0,0.0
2014-02-24,28.83245881746607,29.222030587903564,28.799651936250118,29.041597366333008,2477189,0.0,0.0
2014-02-25,28.889878078936583,28.93088623016196,28.463397746306462,28.52490997314453,4236388,0.0,0.0
2014-02-26,28.50849759018765,28.533101362382773,28.24194839952996,28.31576156616211,1292051,0.0,0.0
2014-02-27,28.278857619116316,28.520801210087065,28.250152290522585,28.42238426208496,1750566,0.0,0.0
2014-02-28,28.295261530334383,28.56591231328829,28.20094428174064,28.254253387451172,1353667,0.0,0.0
2014-03-03,27.967197763254457,28.13533002507539,27.8482767488415,27.885183334350586,2111985,0.0,0.0
2014-03-04,28.151729311146585,28.291154379301727,27.995899879055138,28.123023986816406,1776466,0.0,0.0
2014-03-05,28.097986560133254,28.319133269834506,28.052089003327904,28.168920516967773,1997386,0.997755,0.0
2014-03-06,28.373383519513173,28.573665363003524,28.348347112553995,28.41510772705078,2110684,0.0,0.0
2014-03-07,28.26072702455672,28.26072702455672,27.659879535716154,27.835126876831055,5199070,0.0,0.0
2014-03-10,27.263484980545986,27.263484980545986,26.950543057437294,27.092409133911133,2461578,0.0,0.0
2014-03-11,27.14665202285042,27.309381136756755,26.62925491248411,26.645944595336914,2106545,0.0,0.0
2014-03-12,26.67514737515108,26.925500099764765,26.620904975044734,26.875431060791016,2090343,0.0,0.0
2014-03-13,27.367791175306245,27.442896614844997,26.791978413158024,26.896291732788086,4238990,0.0,0.0
2014-03-14,26.892120405905075,27.084057366892083,26.72521796409351,26.80449676513672,3197899,0.0,0.0
2014-03-17,27.150828460573447,27.338594015484944,27.100757520434588,27.18838119506836,2382222,0.0,0.0
2014-03-18,27.280174189913144,27.44707667149811,27.25931114441044,27.3677978515625,1830159,0.0,0.0
2014-03-19,27.117443989008947,27.17585976111234,26.66680749494377,26.737741470336914,3538267,0.0,0.0
2014-03-20,26.608392668546678,26.94636910988951,26.512424165599743,26.77946662902832,2196190,0.0,0.0
2014-03-21,27.03817033014478,27.16751821987965,26.92968360662361,27.01730728149414,1970185,0.0,0.0
2014-03-24,27.292687245905825,27.313550287473454,26.917156262561072,27.171682357788086,1586532,0.0,0.0
2014-03-25,27.563902096465455,27.897706985473633,27.563902096465455,27.897706985473633,3075849,0.0,0.0
2014-03-26,28.085469683037896,28.11050608424636,27.593109087693513,27.68073272705078,4487230,0.0,0.0
2014-03-27,27.73080466895285,27.997847075442856,27.68073374712691,27.805910110473633,1895678,0.0,0.0
2014-03-28,28.114680780659338,28.302446281468605,28.07295657793003,28.135543823242188,2002945,0.0,0.0
2014-03-31,28.231511062578562,28.365034152706748,28.106334695062895,28.27741050720215,2597820,0.0,0.0
2014-04-01,28.70718807688796,28.88243539342887,28.60704621531127,28.857398986816406,2513970,0.0,0.0
2014-04-02,29.032645844473905,29.16199559009627,28.98674827632528,29.132787704467773,2058884,0.0,0.0
2014-04-03,28.970049411624593,29.086880917108346,28.75724755597694,29.032636642456055,1871197,0.0,0.0
2014-04-04,29.374800624301344,29.61680859172934,29.157827184909255,29.16617202758789,2243378,0.0,0.0
2014-04-07,29.099398341445223,29.370614077722283,29.020119547929895,29.24126625061035,2401263,0.0,0.0
2014-04-08,29.29551821127431,29.958954771087278,29.291346731663754,29.833778381347656,3110856,0.0,0.0
2014-04-09,30.0215354967347,30.209299087524414,29.817080344868916,30.209299087524414,2885323,0.0,0.0
2014-04-10,29.7169387088651,29.750319948806574,29.39147867857124,29.429033279418945,2333024,0.0,0.0
2014-04-11,29.303861938647678,29.491627457335618,29.21206680146625,29.37479591369629,1426873,0.0,0.0
2014-04-14,29.566736461346103,29.808746301455244,29.512494044903104,29.72529411315918,1793378,0.0,0.0
2014-04-15,29.34141582145904,29.353932141941346,28.865742934908575,29.23710060119629,3060238,0.0,0.0
2014-04-16,29.562553638177082,29.662695472732995,29.391477847274388,29.637659072875977,2134337,0.0,0.0
2014-04-17,29.600110955636968,29.82125581574934,29.51666066882887,29.687734603881836,1194836,0.0,0.0
2014-04-21,29.729463507032154,29.758671392549523,29.44155613125434,29.56256103515625,1280106,0.0,0.0
2014-04-22,29.833775193650617,29.86298307755026,29.646009687885343,29.72111701965332,2201276,0.0,0.0
2014-04-23,29.650178530850106,29.74197553016062,29.38730761581438,29.666868209838867,1427465,0.0,0.0
2014-04-24,29.746144103390606,29.77535197998629,29.474928375350075,29.625139236450195,1454193,0.0,0.0
2014-04-25,29.575080198229,29.683568791933507,29.42069591457603,29.520837783813477,1116072,0.0,0.0
2014-04-28,29.262136026862727,29.282999070216444,28.919986257222003,29.19537353515625,2008030,0.0,0.0
2014-04-29,29.207891814968114,29.449899730126177,29.203720335748212,29.362276077270508,1308726,0.0,0.0
2014-04-30,29.403998677405745,29.499967159757894,29.33723807587539,29.43320655822754,1858779,0.0,0.0
2014-05-01,29.06185182964152,29.128612437792857,28.824017280754646,28.96170997619629,2105481,0.0,0.0
2014-05-02,29.07019221337938,29.366444366718945,29.020121294333524,29.161989212036133,2113759,0.0,0.0
2014-05-05,29.028470753296933,29.174510163268987,28.865739780444986,29.124439239501953,1271354,0.0,0.0
2014-05-06,29.174505665998904,29.554208073394857,29.157814105692026,29.41234016418457,1930684,0.0,0.0
2014-05-07,29.061853149030856,29.408176290236597,29.036818625751216,29.32889747619629,3226519,0.0,0.0
2014-05-08,29.37896149455413,29.408169372728242,29.249611781944182,29.295509338378906,1404521,0.0,0.0
2014-05-09,29.287174900309854,29.29551974240375,28.857401414198517,29.003440856933594,1680080,0.0,0.0
2014-05-12,29.449894207204768,29.625141480050893,29.420686328397082,29.525001525878906,3143260,0.0,0.0
2014-05-13,29.69607874169835,29.879670874281402,29.625144776006152,29.8045654296875,1748792,0.0,0.0
2014-05-14,30.025712884028206,30.20930503250565,30.000678361141663,30.02988624572754,2073431,0.0,0.0
2014-05-15,30.009027345093262,30.059098280215537,29.729466663300386,29.846298217773438,2041263,0.0,0.0
2014-05-16,29.56673488885447,29.616805822681748,29.41652396980933,29.54170036315918,2054390,0.0,0.0
2014-05-19,29.220407758449632,29.316376244762186,29.095231390109937,29.207889556884766,1955284,0.0,0.0
2014-05-20,28.919983180996162,28.995088623131387,28.552797045414074,28.56531524658203,1893076,0.0,0.0
2014-05-21,28.849053658129108,28.849053658129108,28.632080255856756,28.794811248779297,1076098,0.0,0.0
2014-05-22,29.086890517918977,29.187030496790054,29.05350927000423,29.116098403930664,1086860,0.0,0.0
2014-05-23,29.03681608612596,29.27047914604532,28.999263363272686,29.187026977539062,679317,0.0,0.0
2014-05-27,29.241277586296626,29.303864843772992,29.136964235544834,29.24544906616211,851393,0.0,0.0
2014-05-28,28.89077843314808,28.932504519942363,28.79898141868795,28.853225708007812,1778595,0.0,0.0
2014-05-29,28.97839709715877,29.232923170887435,28.965878896788272,29.161989212036133,1237412,0.0,0.0
2014-05-30,28.440144306084818,28.49021523786951,28.20230785071669,28.323312759399414,3413734,0.0,0.0
2014-06-02,28.394247920851576,28.544458840035542,28.34834846671274,28.44014549255371,1641289,0.0,0.0
2014-06-03,28.085470154946794,28.223164716598436,27.960293794109717,28.173093795776367,2523194,0.0,0.0
2014-06-04,28.148062843464224,28.181442206617913,27.985333741998858,28.014541625976562,2442301,0.0,0.0
2014-06-05,28.064611331084166,28.31496407358116,28.002022204241733,28.239858627319336,1258700,0.0,0.0
2014-06-06,28.352521896362305,28.448490402166396,28.23569034452485,28.352521896362305,784455,0.0,0.0
2014-06-09,28.41510401988478,28.502729550373253,28.394242860055925,28.410932540893555,989173,0.0,0.0
2014-06-10,28.23985827893766,28.37337948896402,28.164750951166027,28.339998245239258,1205007,0.0,0.0
2014-06-11,28.202303642169152,28.327481894169207,28.177269121230946,28.256547927856445,1347754,0.0,0.0
2014-06-12,27.935258654368063,28.035398611351503,27.730803496974122,27.77252769470215,2677294,0.0,0.0
2014-06-13,27.78922674052239,27.893540086590757,27.709947919833226,27.86433219909668,1323864,0.0,0.0
2014-06-16,28.131370258512902,28.17726781933047,27.935259931697495,27.97281265258789,1679015,0.0,0.0
2014-06-17,27.530530965876416,27.718296520209712,27.346938774223897,27.697433471679688,2596874,0.0,0.0
2014-06-18,27.66821678344622,28.239858107624208,27.664045304528646,28.177268981933594,4237808,0.0,0.0
2014-06-19,28.594522748120934,28.72387247197615,28.440138504698368,28.58200454711914,2102406,0.0,0.0
2014-06-20,28.37336959120402,28.527753789398467,28.302435649556198,28.356679916381836,1712248,0.0,0.0
2014-06-23,28.815666263880335,28.974223861136416,28.728044508217522,28.899118423461914,1964863,0.0,0.0
2014-06-24,28.66546681544212,28.728055960078205,28.356698219752662,28.390077590942383,1687294,0.0,0.0
2014-06-25,28.289920776310314,28.44430687508094,28.25654142274384,28.377544403076172,1492747,0.0,0.0
2014-06-26,28.465169940502125,28.68214328299169,28.381719668548623,28.636245727539062,1574469,0.0,0.0
2014-06-27,28.586187596212348,28.748916734640098,28.569497910844596,28.7447452545166,955704,0.0,0.0
2014-06-30,28.360865867347638,28.586184122177187,28.30662345527601,28.56114959716797,1590198,0.0,0.0
2014-07-01,28.748911928062153,28.99926657890558,28.736395607347404,28.87409019470215,1914245,0.0,0.0
2014-07-02,29.02012987182395,29.420695460149943,29.011785029922514,29.287174224853516,1921223,0.0,0.0
2014-07-03,29.495796297196957,29.74614902877469,29.370618048971807,29.66269874572754,2708990,0.0,0.0
2014-07-07,29.441551458950425,29.633490306487577,29.416516939238406,29.516658782958984,2638030,0.0,0.0
2014-07-08,29.516666442382984,29.558390652730235,29.30386449864667,29.345590591430664,1325638,0.0,0.0
2014-07-09,29.31220021452346,29.483274118789712,29.262129298474893,29.41234016418457,1764403,0.0,0.0
2014-07-10,28.965885802138754,29.257964664173198,28.945022757359638,29.10775375366211,1270999,0.0,0.0
2014-07-11,29.253790393361307,29.5208328232057,29.232927350572886,29.48745346069336,1723365,0.0,0.0
2014-07-14,29.81290855158782,29.854634632817817,29.675213989477815,29.796218872070312,2559029,0.0,0.0
2014-07-15,29.96730258817553,30.125860242725885,29.696086736404762,29.871334075927734,2119436,0.0,0.0
2014-07-16,30.100822466795197,30.480524994784254,30.09247762520946,30.438798904418945,3502433,0.0,0.0
2014-07-17,29.988161016248966,30.21347925841872,29.78787918011838,29.821258544921875,2352892,0.0,0.0
2014-07-18,29.958955149222927,30.075786698779417,29.9255757821706,30.07161521911621,1052090,0.0,0.0
2014-07-21,29.950610307459847,30.12585763179458,29.933920623933684,30.07161521911621,892668,0.0,0.0
2014-07-22,30.467999799773384,30.65159191984104,30.46382643871985,30.580657958984375,1823299,0.0,0.0
2014-07-23,30.55980025758287,30.693321472291444,30.455485043807663,30.597352981567383,2025770,0.0,0.0
2014-07-24,30.73504755780153,30.760082079645734,30.547282055442565,30.597352981567383,1408779,0.0,0.0
2014-07-25,30.668282169484673,30.689145210267903,30.497208246960156,30.55562400817871,1093601,0.0,0.0
2014-07-28,30.572312536827102,30.6682810148679,30.388720420257382,30.52224349975586,1270999,0.0,0.0
2014-07-29,30.705843796032134,30.839365028663067,30.622391613810304,30.668289184570312,1088161,0.0,0.0
2014-07-30,30.326140912655312,30.380383324526647,29.917230495291474,30.175928115844727,2188148,0.0,0.0
2014-07-31,29.888016957122012,30.03405448184545,29.658525384478853,29.66269874572754,2769896,0.0,0.0
2014-08-01,29.558382911222242,29.783701117832244,29.449896227859185,29.604280471801758,1528818,0.0,0.0
2014-08-04,29.700256749909983,30.06326959297102,29.625149411128533,30.021543502807617,1552235,0.0,0.0
2014-08-05,29.675218207187886,29.687736409823327,29.249618141947707,29.4373836517334,2706506,0.0,0.0
2014-08-06,29.57507337897086,30.13836985172213,29.545867379817224,29.996501922607422,2585047,0.0,0.0
2014-08-07,29.87550233158072,29.87550233158072,29.299689474084456,29.5041446685791,2366611,0.0,0.0
2014-08-08,29.408171218970956,29.66269729938679,29.316374217902418,29.641834259033203,1773864,0.0,0.0
2014-08-11,29.750320434570312,29.84628891261934,29.687731314571646,29.750320434570312,1891065,0.0,0.0
2014-08-12,29.691903004775448,29.867150271987114,29.62096904925566,29.825424194335938,898936,0.0,0.0
2014-08-13,29.65019112902488,29.775367539499566,29.554222610408853,29.70026206970215,1433023,0.0,0.0
2014-08-14,29.625145476948486,29.746150369378416,29.504142466954924,29.687734603881836,1494403,0.0,0.0
2014-08-15,30.263546724987588,30.288581245725492,29.862981216126784,30.230165481567383,2742104,0.0,0.0
2014-08-18,30.2802354330051,30.359514236450195,30.121679708551184,30.359514236450195,2009213,0.0,0.0
2014-08-19,29.32889608725772,29.499970027658293,29.1745118282532,29.220409393310547,6688269,0.0,0.0
2014-08-20,29.525000920827633,29.850459059480237,29.504137881758812,29.637659072875977,3340291,0.0,0.0
2014-08-21,29.42903679650246,29.462416157996987,29.27047918209437,29.441553115844727,2032984,0.0,0.0
2014-08-22,29.166170022881516,29.199551273738518,28.93668027646365,29.08689308166504,2332196,0.0,0.0
2014-08-25,29.078543036297084,29.082714515384804,28.9116405767508,28.97840118408203,1417767,0.0,0.0
2014-08-26,28.936679992215353,28.990922406583813,28.803158754972433,28.84488296508789,1928674,0.0,0.0
2014-08-27,29.082710916244082,29.157816354892468,28.945016357097924,29.053503036499023,1432077,0.0,0.0
2014-08-28,28.544454355262463,28.569490759483987,28.323309490966498,28.469348907470703,3081644,0.0,0.0
2014-08-29,28.56531177279516,28.65710876613645,28.452653623292523,28.636245727539062,1337346,0.0,0.0
2014-09-02,28.723879142674157,28.74474218837687,28.377555972395193,28.45683479309082,1449344,0.0,0.0
2014-09-03,28.694822190295692,28.809568547573242,28.486580789469784,28.558828353881836,1766177,1.048488,0.0
2014-09-04,28.686315691684793,28.69056633683438,28.329330521774033,28.397327423095703,3422249,0.0,0.0
2014-09-05,28.269834742290687,28.422829217701008,28.167838425350475,28.36758041381836,1598950,0.0,0.0
2014-09-08,28.206092738675785,28.252840258787884,27.900103741679228,27.963851928710938,1512734,0.0,0.0
2014-09-09,28.091343840160157,28.13384262766387,27.92984998148299,28.05734634399414,2387662,0.0,0.0
2014-09-10,28.01909661251066,28.040344087760854,27.738607698573436,28.010595321655273,1828385,0.0,0.0
2014-09-11,27.560120591572595,27.730111931210857,27.538871194793693,27.700363159179688,2369213,0.0,0.0
2014-09-12,27.704610218850643,27.82360529157036,27.568616397827032,27.69186019897461,2926362,0.0,0.0
2014-09-15,27.538869188376168,27.581367978837605,27.347626548596025,27.45812225341797,3195652,0.0,0.0
2014-09-16,27.275380490105984,28.014851048747833,27.275380490105984,27.8236083984375,3136992,0.0,0.0
2014-09-17,27.611110057974464,27.640858820629482,27.15212860064109,27.173377990722656,3222498,0.0,0.0
2014-09-18,27.26687789946088,27.38587297143502,27.181882241177725,27.27537727355957,1066991,0.0,0.0
2014-09-19,27.113888679503415,27.198884348283052,26.79940029523693,26.90564727783203,2453891,0.0,0.0
2014-09-22,26.429666564744863,26.433917211216674,25.881440538488707,26.042932510375977,5424365,0.0,0.0
2014-09-23,26.208671967293014,26.28941889623772,26.04292746375549,26.123674392700195,2149239,0.0,0.0
2014-09-24,26.51891176590193,26.599656783952092,26.20867404517493,26.433914184570312,3220488,0.0,0.0
2014-09-25,25.932435706809862,25.945183810156003,25.413956596707656,25.486202239990234,6148387,0.0,0.0
2014-09-26,25.515952632909734,25.592448921289478,25.32895872329832,25.42670440673828,3108372,0.0,0.0
2014-09-29,25.01447408499437,25.23971423777096,24.96347591662493,25.078222274780273,4911093,0.0,0.0
2014-09-30,25.022972106933594,25.214214748652488,24.89122700554535,25.022972106933594,3084246,0.0,0.0
2014-10-01,24.929477262914926,25.06547109407937,24.72123587012721,24.840229034423828,4265482,0.0,0.0
2014-10-02,24.933728854058195,25.048475220079407,24.5554941702453,24.98047637939453,5242946,0.0,0.0
2014-10-03,24.52574714764547,24.60224345225729,24.143263707289645,24.32175636291504,5866678,0.0,0.0
2014-10-06,24.81897860291465,25.112215625963987,24.372747100037753,24.63198471069336,8707534,0.0,0.0
2014-10-07,24.606491646033856,24.69998861135824,24.190008824427693,24.270755767822266,5953485,0.0,0.0
2014-10-08,24.347248167629527,24.85297722720102,24.100758647788258,24.801979064941406,4478005,0.0,0.0
2014-10-09,24.8827269897695,24.950725820363818,24.292002247689712,24.343000411987305,4604667,0.0,0.0
2014-10-10,23.799022927844778,24.032764370706587,23.62478094521929,23.68427848815918,3847295,0.0,0.0
2014-10-13,24.368498939791937,24.725484178501596,24.2155044443608,24.25800323486328,4951658,0.0,0.0
2014-10-14,24.712732760311145,25.065469250400028,24.678735263668887,24.801979064941406,4140120,0.0,0.0
2014-10-15,24.661733897810667,25.018719106195547,24.427994404495116,24.93372344970703,6093039,0.0,0.0
2014-10-16,24.38975222477063,25.252466689239764,24.266506479576478,24.954978942871094,4095298,0.0,0.0
2014-10-17,25.09946273644993,25.25670784383128,24.95072083646288,25.09096336364746,2747189,0.0,0.0
2014-10-20,25.001727138861312,25.21846794311881,24.9677296339642,25.20996856689453,2005901,0.0,0.0
2014-10-21,25.49895196648377,25.571199526229258,25.21421429072871,25.42670440673828,2535258,0.0,0.0
2014-10-22,25.15896371297934,25.277956856757136,24.98897049468872,25.06971549987793,3493563,0.0,0.0
2014-10-23,25.129215789466986,25.167463929336773,24.925223153766662,24.967721939086914,2196782,0.0,0.0
2014-10-24,25.014467848454785,25.201459807658082,25.014467848454785,25.13346290588379,1797517,0.0,0.0
2014-10-27,24.90823048734837,25.073973106345186,24.82748354244576,24.988977432250977,2383878,0.0,0.0
2014-10-28,25.269459674185597,25.362956623404816,25.137716500358053,25.341707229614258,1763930,0.0,0.0
2014-10-29,25.50320183119572,25.51170120550019,24.903975811119835,24.997472763061523,3559082,0.0,0.0
2014-10-30,24.776482652952833,25.116469146624397,24.704235091655946,24.984724044799805,2478963,0.0,0.0
2014-10-31,25.048475201521146,25.28646539185212,24.92948010635566,25.26096534729004,2471867,0.0,0.0
2014-11-03,25.265216945317007,25.26946567470631,24.82748469771638,24.94647979736328,2253904,0.0,0.0
2014-11-04,25.133469026747537,25.141968401877218,24.878480103671375,25.048473358154297,2215586,0.0,0.0
2014-11-05,24.916723951598726,24.993220231864623,24.661733155218887,24.78497886657715,3119134,0.0,0.0
2014-11-06,24.869983292296673,24.878482668302524,24.619243072289244,24.674489974975586,1968174,0.0,0.0
2014-11-07,25.29496159883611,25.6264467982444,25.22696276672002,25.447954177856445,3942854,0.0,0.0
2014-11-10,25.5924481913968,25.639195708818267,25.11221724516161,25.171714782714844,3347505,0.0,0.0
2014-11-11,24.90822569432978,25.078218927103453,24.810478099580365,25.06121826171875,3466125,0.0,0.0
2014-11-12,24.772228546553666,24.91247300353516,24.568237829223552,24.725481033325195,2566007,0.0,0.0
2014-11-13,24.580989391697436,24.750982625461432,24.41949553202721,24.491743087768555,1606400,0.0,0.0
2014-11-14,24.245253850321753,24.857229930805023,24.219755725729126,24.831729888916016,2910514,0.0,0.0
2014-11-17,24.869973138811993,24.869973138811993,24.534235461221993,24.72972869873047,1759436,0.0,0.0
2014-11-18,24.589488856174935,24.653235120760616,24.338748691654178,24.453493118286133,2902235,0.0,0.0
2014-11-19,24.10500858880686,24.139006084455204,23.641776413580782,23.735273361206055,4243603,0.0,0.0
2014-11-20,23.119050911236055,23.518534945751735,23.097801515702706,23.437788009643555,3106598,0.0,0.0
2014-11-21,24.466237783454215,24.644730352903277,24.27074646947547,24.368492126464844,4878807,0.0,0.0
2014-11-24,24.19850965174856,24.245257178567126,23.790526181186284,23.833024978637695,2519528,0.0,0.0
2014-11-25,23.459033131212706,23.620525056710747,23.38253493777047,23.454782485961914,3268504,0.0,0.0
2014-11-26,23.68852948433667,23.70127758851468,23.42928991236899,23.53128433227539,2311854,0.0,0.0
2014-11-28,22.311585967895706,22.388082266551564,21.916352535111685,21.941850662231445,3643760,0.0,0.0
2014-12-01,21.65711427341458,21.882356371256172,21.397874670666347,21.822856903076172,5204155,0.0,0.0
2014-12-02,22.018347327348295,22.065094849090205,21.62736265130781,21.6826114654541,3286953,0.0,0.0
2014-12-03,21.882351137841972,22.167088801171918,21.699607882135506,21.9800968170166,2399016,0.0,0.0
2014-12-04,21.72085898548122,21.873851567603534,21.691110214813396,21.776105880737305,2635901,0.0,0.0
2014-12-05,21.440372324268232,21.555116773146292,21.29162845500227,21.41062355041504,2855166,0.0,0.0
2014-12-08,21.138625385819488,21.172624792450108,20.836889040141884,20.845388412475586,4133379,0.0,0.0
2014-12-09,20.314161069763816,20.86663948908199,20.25466354132155,20.64139747619629,5972171,0.0,0.0
2014-12-10,20.44165603132212,20.47990416597149,20.161167154165593,20.267412185668945,4267729,0.0,0.0
2014-12-11,19.995424649895792,20.31841233837641,19.961427156769005,20.016674041748047,5334602,0.0,0.0
2014-12-12,19.816933069381612,19.95717752891949,19.583193581682565,19.62569236755371,3688701,0.0,0.0
2014-12-15,19.408949120908744,19.52794225484874,19.081710812714224,19.187957763671875,6998479,0.0,0.0
2014-12-16,19.30270784117935,20.118674694330554,19.119966482974473,19.226211547851562,5087190,0.0,0.0
2014-12-17,19.277207068642504,19.948678700748165,19.16246072711163,19.67668914794922,6428676,0.0,0.0
2014-12-18,19.748939718279473,19.880684827823835,19.502450166977948,19.8466854095459,5059989,0.0,0.0
2014-12-19,20.016677286767898,20.628653352517325,19.96143039283246,20.564905166625977,5515430,0.0,0.0
2014-12-22,20.50115574040586,20.53090450856274,20.06342550949419,20.152671813964844,4110791,0.0,0.0
2014-12-23,20.02093083744829,20.280170430010312,19.906184469655344,20.105926513671875,2785153,0.0,0.0
2014-12-24,19.98267921954969,20.003928614242184,19.787185938756508,19.952930450439453,1731762,0.0,0.0
2014-12-26,20.033680218461626,20.382164205386893,20.016679549923975,20.19942283630371,1841749,0.0,0.0
2014-12-29,20.509659742467825,20.7093998545227,20.420413426202106,20.47566032409668,2716677,0.0,0.0
2014-12-30,20.331165313720703,20.577654843921128,20.322664021906633,20.331165313720703,2408240,0.0,0.0
2014-12-31,20.250414812457716,20.331161732096223,20.080421600160218,20.110170364379883,2033220,0.0,0.0
2015-01-02,20.127174197944992,20.233421180796842,20.012429757220737,20.203672409057617,1735664,0.0,0.0
2015-01-05,19.600193263849196,19.697938942177437,19.264457440966552,19.485448837280273,5179792,0.0,0.0
2015-01-06,19.32395355130629,19.672439368304868,19.23470725368334,19.362201690673828,3447203,0.0,0.0
2015-01-07,19.506696624145075,19.625691686618715,19.336703403854724,19.544944763183594,2535021,0.0,0.0
2015-01-08,19.723439924635628,19.92743066516342,19.59594547214372,19.838184356689453,2688530,0.0,0.0
2015-01-09,20.020933336858214,20.09317899961358,19.889188200832834,19.94443702697754,2816138,0.0,0.0
2015-01-12,19.59169450841069,19.62144327741942,19.323955587332122,19.498197555541992,3221670,0.0,0.0
2015-01-13,19.527941177213595,19.55769185567667,19.13695855461232,19.298452377319336,3337925,0.0,0.0
2015-01-14,18.452742629108595,18.788478475646333,18.240250591943564,18.767229080200195,6611988,0.0,0.0
2015-01-15,19.183711730594958,19.22195987521645,18.93722219624821,19.017969131469727,5821619,0.0,0.0
2015-01-16,19.31120637402025,19.68944101254955,19.25595947953681,19.608694076538086,5113564,0.0,0.0
2015-01-20,19.4089554640659,19.532199283240605,19.302708478385032,19.413204193115234,5074418,0.0,0.0
2015-01-21,19.532198880226122,19.85093599609911,19.451451939693342,19.778688430786133,4538912,0.0,0.0
2015-01-22,20.097427137779178,20.237671633250212,19.948683266415443,20.105926513671875,3279502,0.0,0.0
2015-01-23,19.68519008347522,19.71068820485678,19.302704841678835,19.33670425415039,3877453,0.0,0.0
2015-01-26,19.315459438919476,19.66819408009379,19.170964298289167,19.553449630737305,3000869,0.0,0.0
2015-01-27,19.404702134957226,19.595944765446376,19.260207021326764,19.47694969177246,2621946,0.0,0.0
2015-01-28,19.55769680907657,19.63844182358469,19.251707830461182,19.294206619262695,3196243,0.0,0.0
2015-01-29,19.481198122846287,19.481198122846287,19.098714785002986,19.417451858520508,3007255,0.0,0.0
2015-01-30,19.472699020691966,19.89768115221813,19.319704533040355,19.68943977355957,3962013,0.0,0.0
2015-02-02,19.95718264230814,20.14417466383732,19.80419004164637,20.105926513671875,4415442,0.0,0.0
2015-02-03,20.675398218226803,21.283123560000284,20.50540499496384,21.227874755859375,10063803,0.0,0.0
2015-02-04,20.760399325333807,20.921893217455338,20.654154251868032,20.74340057373047,3644233,0.0,0.0
2015-02-05,20.76040123716293,21.193884781340476,20.713653707300455,21.091888427734375,3345494,0.0,0.0
2015-02-06,20.734901506477073,20.747651529017606,20.428914386580676,20.522409439086914,3522301,0.0,0.0
2015-02-09,20.71790329401005,21.147134251984514,20.683903872115668,20.921894073486328,2538805,0.0,0.0
2015-02-10,20.632900626159927,20.671148768078933,20.365161715430695,20.54790496826172,2439936,0.0,0.0
2015-02-11,20.356662293179607,20.45015924221288,20.025177119135503,20.373661041259766,2294587,0.0,0.0
2015-02-12,20.62865612446302,20.81564814398956,20.50541038209731,20.74340057373047,3060002,0.0,0.0
2015-02-13,21.414871534492512,21.92484935583063,21.380872118331677,21.75485610961914,4958754,0.0,0.0
2015-02-17,21.746355216896735,21.78035463068424,21.584861356674462,21.669858932495117,3715192,0.0,0.0
2015-02-18,21.44886768294838,21.933347349635564,21.440368308767372,21.699607849121094,2945639,0.0,0.0
2015-02-19,21.48711402976924,21.57636032715599,21.34262084617473,21.44886589050293,2289620,0.0,0.0
2015-02-20,21.448866725056682,21.55511177351877,21.372370443547666,21.45311737060547,2632590,0.0,0.0
2015-02-23,21.172630557348622,21.21512934788455,20.93464039802157,21.057886123657227,2964916,0.0,0.0
2015-02-24,22.094841139886423,22.515574540214487,21.895099136738526,22.2308349609375,4418990,0.0,0.0
2015-02-25,22.366829841684407,22.422076730213032,22.20108534150623,22.33283042907715,2317531,0.0,0.0
2015-02-26,22.298838054072846,22.324336181411113,21.980100917213278,22.03959846496582,2114824,0.0,0.0
2015-02-27,22.230837304199163,22.358331764535247,22.196839804000966,22.320083618164062,2534903,0.0,0.0
2015-03-02,22.20108534939505,22.24358413584519,21.98009587790587,22.226585388183594,3435613,0.0,0.0
2015-03-03,22.175587933323385,22.345581167235384,22.052342215615916,22.09484100341797,1726322,0.0,0.0
2015-03-04,21.924847255279456,21.980096061585556,21.686857116843733,21.937597274780273,2639804,0.0,0.0
2015-03-05,21.933347904570084,21.96309667360439,21.606111445192692,21.644359588623047,2462169,0.0,0.0
2015-03-06,21.30862479672225,21.40637048300044,20.909140759501494,20.972888946533203,3697689,0.0,0.0
2015-03-09,21.096134591039498,21.13863146492939,20.934640718368826,21.011137008666992,2678122,0.0,0.0
2015-03-10,20.471409514579456,20.513906386603793,20.11017363994679,20.165420532226562,3426979,0.0,0.0
2015-03-11,20.034505003167183,20.043232450055847,19.777036460598868,19.8904972076416,2962551,1.048488,0.0
2015-03-12,20.331250070848554,20.396708882166102,19.97341290021886,20.05196189880371,2500724,0.0,0.0
2015-03-13,19.707211182547436,19.73339548699699,19.231550651657344,19.441015243530273,3888924,0.0,0.0
2015-03-16,19.598114305723637,19.74648677445416,19.449743805737725,19.733394622802734,2511604,0.0,0.0
2015-03-17,20.03450574780439,20.226515492726712,19.942864598949747,20.13487434387207,2924824,0.0,0.0
2015-03-18,19.96031679167632,20.64107917120085,19.737758080466378,20.61489486694336,4169450,0.0,0.0
2015-03-19,20.47962489152285,20.501442529003054,20.29634256172164,20.335617065429688,3245560,0.0,0.0
2015-03-20,20.833093268940388,21.20402256384663,20.745816830062793,20.972736358642578,4318938,0.0,0.0
2015-03-23,21.51821618250287,21.640404353661975,21.36548096855398,21.561853408813477,2443483,0.0,0.0
2015-03-24,21.688410499606878,21.740777150095706,21.391667459333583,21.42221450805664,2315520,0.0,0.0
2015-03-25,21.522582932489875,21.58367702945714,21.169110505392155,21.186565399169922,3403326,0.0,0.0
2015-03-26,21.046919417566844,21.217109530362123,20.819997954676605,20.96837043762207,2703076,0.0,0.0
2015-03-27,20.71962986849817,20.75890435940384,20.488345661639876,20.553802490234375,2214167,0.0,0.0
2015-03-30,20.56253035654341,20.69780871086668,20.422885326483534,20.588712692260742,3187019,0.0,0.0
2015-03-31,20.58871432429382,20.58871432429382,20.16541843105773,20.278879165649414,2673983,0.0,0.0
2015-04-01,20.069417672032117,20.235243107946975,20.069417672032117,20.108692169189453,2523194,0.0,0.0
2015-04-02,19.85558303072259,19.91667711418255,19.62429687994941,19.881765365600586,3081526,0.0,0.0
2015-04-06,20.056327261795147,20.444711496636113,20.04759981375029,20.296340942382812,1479265,0.0,0.0
2015-04-07,20.200330617940455,20.54944027515414,20.16105612603427,20.387977600097656,2078516,0.0,0.0
2015-04-08,20.767633632803324,20.850547329231432,20.29197302401288,20.39234161376953,2096966,0.0,0.0
2015-04-09,20.095598892916673,20.278881181923847,19.94722835984922,20.003957748413086,2646545,0.0,0.0
2015-04-10,19.9734082150664,20.056321902454833,19.912314126332266,19.995227813720703,2119673,0.0,0.0
2015-04-13,19.528300877928498,19.63739693695462,19.126824466969147,19.157371520996094,3502315,0.0,0.0
2015-04-14,19.659210293225833,19.98213562778886,19.63739069460755,19.90795135498047,4113038,0.0,0.0
2015-04-15,19.934137204024502,20.265790042715693,19.833768607693553,20.121784210205078,4977795,0.0,0.0
2015-04-16,20.414164747815637,20.610539222355204,20.174153032402554,20.43161964416504,3876270,0.0,0.0
2015-04-17,20.09560268016871,20.3094320576424,20.030145832470062,20.265792846679688,2138240,0.0,0.0
2015-04-20,20.291974249089144,20.667266290780237,20.274519354706804,20.483983993530273,1931276,0.0,0.0
2015-04-21,20.444711720809423,20.483986221814604,20.086874534574502,20.182880401611328,2704259,0.0,0.0
2015-04-22,20.627993465307338,20.894189485558055,20.57562680917249,20.859277725219727,2560093,0.0,0.0
2015-04-23,21.007650707703746,21.540042759912975,20.946556602327124,21.478946685791016,2653405,0.0,0.0
2015-04-24,22.09424901518412,22.321170505253374,22.02442747256551,22.273168563842773,3651802,0.0,0.0
2015-04-27,22.137889804850087,22.63973476238064,22.116070202077648,22.48699951171875,3261171,0.0,0.0
2015-04-28,22.82737615658049,22.89283495444297,22.71391542153243,22.809921264648438,2597702,0.0,0.0
2015-04-29,22.399720611675978,22.748830310924088,22.260077519474784,22.639734268188477,2622656,0.0,0.0
2015-04-30,22.081159225614726,22.539364993821906,22.01570238372527,22.382266998291016,3741920,0.0,0.0
2015-05-01,22.836100231233374,22.892831574754535,22.434625963597014,22.657182693481445,1809580,0.0,0.0
2015-05-04,22.779381548549054,22.805563894871174,22.626646273139627,22.761926651000977,2054508,0.0,0.0
2015-05-05,22.65718871571152,22.84047100889055,22.626641666848347,22.705190658569336,3273234,0.0,0.0
2015-05-06,22.67464495224991,22.78374296803875,22.29498818854421,22.434633255004883,2883195,0.0,0.0
2015-05-07,21.92842153975331,21.958968587582337,21.622953030208063,21.937150955200195,3373523,0.0,0.0
2015-05-08,21.989516572212096,22.246983128441965,21.749502939821873,22.168434143066406,3771132,0.0,0.0
2015-05-11,22.185894481002972,22.390996409819735,22.168439584134223,22.29499053955078,3155797,0.0,0.0
2015-05-12,22.364805965271618,22.779372412617526,22.294982465591836,22.622272491455078,2536795,0.0,0.0
2015-05-13,22.670279634315126,22.840469763344753,22.56991104620163,22.613548278808594,1837255,0.0,0.0
2015-05-14,22.748827452255956,22.879743080836565,22.49572364116746,22.596092224121094,1702787,0.0,0.0
2015-05-15,22.430270630856093,22.539366688035763,22.238260861471534,22.495729446411133,2082774,0.0,0.0
2015-05-18,22.466924247989727,22.51296335396585,22.199899402073378,22.268959045410156,2195927,0.0,0.0
2015-05-19,21.366594412062273,21.38501005095134,21.016699241914807,21.164024353027344,4381877,0.0,0.0
2015-05-20,21.154823109658807,21.26991990412145,21.09036835351101,21.17323875427246,2164763,0.0,0.0
2015-05-21,21.357389465909037,21.431052031375412,21.233084871057066,21.306747436523438,1483419,0.0,0.0
2015-05-22,21.27912254584403,21.348180211959853,21.058136833026428,21.11798667907715,1275922,0.0,0.0
2015-05-26,20.99368192268844,21.09957086820783,20.602352526205518,20.80031967163086,2722236,0.0,0.0
2015-05-27,20.689822954298638,20.929224272014366,20.579329129778465,20.80952262878418,1847296,0.0,0.0
2015-05-28,20.579333415992334,20.579333415992334,20.312308586531273,20.51948356628418,2699256,0.0,0.0
2015-05-29,20.712842659012022,20.791108137991152,20.510272604964637,20.547103881835938,2445574,0.0,0.0
2015-06-01,20.524085263299934,20.570124363682226,20.10513240293849,20.26166534423828,1933613,0.0,0.0
2015-06-02,20.284685300698072,20.827942784962904,20.27547747999036,20.73586654663086,2704413,0.0,0.0
2015-06-03,20.450427706771674,20.652997809775123,20.372160240132523,20.436614990234375,2025199,0.0,0.0
2015-06-04,20.0498912233663,20.174195833412405,19.81048785633757,19.842716217041016,2519223,0.0,0.0
2015-06-05,19.6401427183098,19.957809562801717,19.571083082283106,19.755239486694336,1885074,0.0,0.0
2015-06-08,19.723013418214812,19.77826034594345,19.497424749774,19.71841049194336,1572539,0.0,0.0
2015-06-09,19.713805643834753,19.769052571694846,19.405346583067022,19.43297004699707,3889197,0.0,0.0
2015-06-10,19.43296958448247,20.220231397143394,19.43296958448247,20.040681838989258,3833372,0.0,0.0
2015-06-11,20.031474017898393,20.086720944443584,19.893356701535417,20.040681838989258,1161917,0.0,0.0
2015-06-12,19.99464332678385,20.06830589769637,19.851923080013453,19.93479347229004,1156872,0.0,0.0
2015-06-15,19.69998980549354,19.82429437668414,19.64013996681706,19.746028900146484,1488576,0.0,0.0
2015-06-16,19.681580319759718,19.870339682467407,19.61712556709814,19.842716217041016,1462457,0.0,0.0
2015-06-17,19.990037156078248,20.174193571607724,19.75063578463502,20.06369972229004,1898189,0.0,0.0
2015-06-18,20.436613098212053,20.745074103626685,20.201816626267757,20.385971069335938,1923748,0.0,0.0
2015-06-19,20.270874114578415,20.358347425032896,20.15117244797305,20.169588088989258,1269645,0.0,0.0
2015-06-22,20.38136764461697,20.441219467145437,20.220231757031446,20.238649368286133,1329730,0.0,0.0
2015-06-23,20.29389087264184,20.565520569047532,20.220228315142688,20.53789710998535,1497656,0.0,0.0
2015-06-24,20.55631666899496,20.694432021896557,20.395180778112945,20.436614990234375,2654080,0.0,0.0
2015-06-25,20.284682736117723,20.335326727979783,19.907166072320905,19.953203201293945,2319910,0.0,0.0
2015-06-26,19.95320863041631,19.95320863041631,19.52504982700337,19.65395736694336,2423938,0.0,0.0
2015-06-29,19.317873596911365,19.525048595573775,19.152132810483344,19.211984634399414,3215476,0.0,0.0
2015-06-30,19.133713337864826,19.165941690925603,18.64109990977633,18.74238395690918,3107748,0.0,0.0
2015-07-01,18.7746161721658,18.852881670708246,18.572044098738562,18.641103744506836,1931259,0.0,0.0
2015-07-02,18.986394195958685,19.19817212324865,18.94035508812494,19.00941276550293,2201196,0.0,0.0
2015-07-06,19.00941213587814,19.00941213587814,17.96893620827892,18.22675323486328,4299035,0.0,0.0
2015-07-07,17.734137878796464,18.028784191104716,17.43028177743703,17.94131088256836,4563143,0.0,0.0
2015-07-08,17.467111726964596,17.591416321259274,17.061971556206032,17.213899612426758,5290672,0.0,0.0
2015-07-09,17.94131595004629,18.06562057491694,17.614441189968943,17.678895950317383,4034255,0.0,0.0
2015-07-10,18.364871134323487,18.374078955876325,18.116261921142083,18.171506881713867,2618320,0.0,0.0
2015-07-13,18.30962123555168,18.88050214175172,18.157693188942158,18.65030860900879,4895519,0.0,0.0
2015-07-14,18.62729268694571,18.62729268694571,18.374080525726498,18.392494201660156,2711811,0.0,0.0
2015-07-15,18.401702267105073,18.42472083642262,17.945918057157655,18.088638305664062,3237000,0.0,0.0
2015-07-16,18.56283270194257,18.576643445724322,18.29580792637492,18.337242126464844,2082033,0.0,0.0
2015-07-17,18.387886829475843,18.45234157027028,18.1346727607273,18.212940216064453,2802724,0.0,0.0
2015-07-20,18.12086355001916,18.17150558056097,17.982746236616325,18.01497459411621,2660469,0.0,0.0
2015-07-21,18.079431022405107,18.484571241922396,18.047202661906834,18.268190383911133,2180345,0.0,0.0
2015-07-22,17.59141340825019,17.69269941854014,17.310577878290616,17.356616973876953,4267871,0.0,0.0
2015-07-23,17.453298837431763,17.49473304086095,16.88702089059386,16.997514724731445,3708941,0.0,0.0
2015-07-24,16.82717488021446,16.831779775391283,16.47728061221416,16.712078094482422,4792836,0.0,0.0
2015-07-27,16.804153338804372,16.96528920408191,16.633809653546837,16.721282958984375,3970358,0.0,0.0
2015-07-28,17.080385668191763,17.305974300605396,17.01593092946863,17.22770881652832,3276347,0.0,0.0
2015-07-29,17.26454356372857,17.73874342646969,17.26454356372857,17.632854461669922,2383694,0.0,0.0
2015-07-30,17.688102664629458,17.738744703070775,17.444096357261845,17.554590225219727,2213302,0.0,0.0
2015-07-31,18.056412445297077,18.06562026804759,17.64666728601753,17.665082931518555,2604083,0.0,0.0
2015-08-03,17.26914989257251,17.32439485841651,17.071182694666387,17.167863845825195,2711811,0.0,0.0
2015-08-04,17.600626764455185,17.82621741942582,17.57300329841315,17.660478591918945,3101134,0.0,0.0
2015-08-05,18.392492974433015,18.42932426133363,17.867651073589826,17.95052146911621,3434632,0.0,0.0
2015-08-06,17.623648458949987,17.94131538613588,17.545382951073886,17.918296813964844,2823126,0.0,0.0
2015-08-07,17.651265705385036,17.945913956547297,17.614434427896654,17.78938102722168,2122614,0.0,0.0
2015-08-10,17.64666524242432,18.29120882282704,17.56379484726661,18.286603927612305,3360646,0.0,0.0
2015-08-11,17.536173659624147,17.549984408020883,17.19088132476197,17.411869049072266,4303295,0.0,0.0
2015-08-12,17.172465719752598,17.596021539585387,17.06197187001617,17.563793182373047,4510792,0.0,0.0
2015-08-13,17.356617833502863,17.46710969963771,17.177066336195807,17.365825653076172,3083423,0.0,0.0
2015-08-14,17.310579882060477,17.480923571075543,17.278353495792068,17.439489364624023,1932604,0.0,0.0
2015-08-17,17.08038292951604,17.131024946020382,16.840981621389286,17.11721420288086,3319617,0.0,0.0
2015-08-18,16.790342597925545,16.914647197893302,16.670642892861483,16.905439376831055,2316322,0.0,0.0
2015-08-19,16.6015799716986,16.758112898841436,16.40821773632574,16.615392684936523,4124159,0.0,0.0
2015-08-20,16.79494519303429,16.79494519303429,16.504900838035528,16.514108657836914,2627624,0.0,0.0
2015-08-21,16.357575975904513,16.458861004829178,15.94783096613815,15.966246604919434,3568816,0.0,0.0
2015-08-24,14.677161737499862,15.418386326476307,14.543649331721245,14.815278053283691,8177471,0.0,0.0
2015-08-25,15.740655519469176,15.800506343627147,15.142151215378924,15.155962944030762,5630110,0.0,0.0
2015-08-26,15.860355641327624,15.860355641327624,15.220417157526436,15.690011978149414,5389208,0.0,0.0
2015-08-27,15.998477253079757,16.675247236834455,15.97085378754433,16.573963165283203,5169604,0.0,0.0
2015-08-28,16.51411056308677,16.997517220940868,16.477279279631965,16.89162826538086,3090373,0.0,0.0
2015-08-31,16.550939279855765,17.03434687586738,16.389804398891016,16.95608139038086,3407055,0.0,0.0
2015-09-01,15.846543913147851,16.081342307831672,15.570312302669372,15.690011978149414,4790481,0.0,0.0
2015-09-02,16.237878996550577,16.279314195732145,15.717640988761621,16.076744079589844,3326007,0.0,0.0
2015-09-03,16.085949610463857,16.399014550030184,16.026099756436366,16.11357307434082,3888861,0.0,0.0
2015-09-04,15.538086891174316,15.64858073750958,15.422990118947602,15.538086891174316,3384972,0.0,0.0
2015-09-08,16.085947141231518,16.29772601407373,15.911000532277344,16.1688175201416,3512878,0.0,0.0
2015-09-09,16.8751315845174,16.91331088535759,16.226088572236158,16.24517822265625,3544826,1.106155,0.0
2015-09-10,16.24517857961353,16.393122353219656,16.102007218717294,16.19745445251465,3428130,0.0,0.0
2015-09-11,16.273812018711343,16.311990297556864,16.044737243636497,16.25949478149414,3841891,0.0,0.0
2015-09-14,16.168820955385964,16.32153715094997,15.896795455250189,16.27858543395996,3302018,0.0,0.0
2015-09-15,16.063825226388545,16.369257547861437,16.03996316683594,16.316761016845703,3872943,0.0,0.0
2015-09-16,16.669918442231616,17.051708356427593,16.64605638126931,16.94671630859375,3704120,0.0,0.0
2015-09-17,16.87035493070128,17.247372370514693,16.779680134401886,16.884672164916992,3792007,0.0,0.0
2015-09-18,16.598332591824743,16.813090124386978,16.45516124358336,16.51243019104004,2364750,0.0,0.0
2015-09-21,16.36925934519473,16.483796223223077,16.259494879600915,16.29767417907715,2201308,0.0,0.0
2015-09-22,15.610450441313866,15.758394202320149,15.51500321564541,15.677264213562012,3643138,0.0,0.0
2015-09-23,15.629541499463368,15.691582865000836,15.343198776245117,15.343198776245117,3294619,0.0,0.0
2015-09-24,15.195256577642708,15.481599330554557,15.0854910733861,15.410014152526855,3389231,0.0,0.0
2015-09-25,15.300246657522909,15.386150084459699,15.152302887087712,15.209571838378906,2497588,0.0,0.0
2015-09-28,14.75619154954958,14.775281194608262,14.388718943370288,14.5462064743042,8935715,0.0,0.0
2015-09-29,14.69892557954693,14.727560052911304,14.517574935306207,14.665519714355469,2889490,0.0,0.0
2015-09-30,14.832552217457069,15.114122500273776,14.827780825592681,15.090261459350586,3640448,0.0,0.0
2015-10-01,15.476822830394275,15.610449345106632,15.157073269318175,15.31456184387207,4113285,0.0,0.0
2015-10-02,15.247747389360581,15.782254444529174,15.171389821708043,15.777482032775879,4625694,0.0,0.0
2015-10-05,15.78703060887748,16.22131712045724,15.748851305775844,16.082918167114258,3941436,0.0,0.0
2015-10-06,16.006555978139037,16.374028603613,15.987465311677877,16.345394134521484,5308159,0.0,0.0
2015-10-07,17.161475067263858,17.38577539519007,16.789228930363933,17.023075103759766,5382369,0.0,0.0
2015-10-08,17.333279204107257,17.901193212456235,17.25692060652071,17.810516357421875,6413241,0.0,0.0
2015-10-09,18.082544343095357,18.18276399035292,17.92028435054517,18.020503997802734,4099609,0.0,0.0
2015-10-12,18.00618620789017,18.034820685109274,17.643486911383313,17.686437606811523,2908659,0.0,0.0
2015-10-13,17.18533424949126,17.54803552206516,17.10897667760217,17.266464233398438,3180725,0.0,0.0
2015-10-14,17.481223155572707,17.57189797078696,17.309418349945734,17.50031280517578,4732414,0.0,0.0
2015-10-15,17.371457245575364,17.528945821298457,17.2807824379046,17.490766525268555,2469451,0.0,0.0
2015-10-16,17.381002931351173,17.419182229274046,17.128066103012443,17.209196090698242,2463958,0.0,0.0
2015-10-19,16.884676446908774,16.941945398295164,16.741505088843184,16.813091278076172,2424499,0.0,0.0
2015-10-20,16.426526847234705,16.79400055434548,16.426526847234705,16.67469024658203,2714950,0.0,0.0
2015-10-21,16.822638465793887,16.851272945508363,16.521978469592934,16.560157775878906,1897405,0.0,0.0
2015-10-22,16.727183608944266,17.027843486674005,16.71763878613379,16.884672164916992,2705534,0.0,0.0
2015-10-23,17.161475165141468,17.256921375577566,16.941945207697085,17.061254501342773,2404097,0.0,0.0
2015-10-26,17.175791443518094,17.175791443518094,16.84649701638046,16.856042861938477,1341725,0.0,0.0
2015-10-27,16.436071958274525,16.612650196441198,16.345397143194507,16.402666091918945,3207405,0.0,0.0
2015-10-28,16.00655863424725,16.54106371064983,16.00655863424725,16.288127899169922,3619373,0.0,0.0
2015-10-29,15.65817368555423,15.949288778924913,15.596132329091512,15.615221977233887,3637421,0.0,0.0
2015-10-30,15.796574577557504,15.84907111647388,15.634313568580009,15.696353912353516,2179672,0.0,0.0
2015-11-02,15.53886460760774,15.672492155121148,15.419555317728255,15.62954044342041,2064770,0.0,0.0
2015-11-03,15.791802483021625,16.178364852536614,15.710671466698466,16.054283142089844,2413289,0.0,0.0
2015-11-04,16.335852393912916,16.388348930486295,15.882476275616602,15.954062461853027,3284082,0.0,0.0
2015-11-05,15.67726483855755,15.691582076038642,15.371832479761625,15.481596946716309,3884489,0.0,0.0
2015-11-06,14.646430632840751,14.808690614057452,14.450762744337773,14.675064086914062,9209800,0.0,0.0
2015-11-09,14.455535153493647,14.565299618550927,14.107151088276655,14.288501739501953,4752928,0.0,0.0
2015-11-10,14.183510970013241,14.293275445000722,14.111925797769384,14.259869575500488,3999952,0.0,0.0
2015-11-11,14.25986795930064,14.264639351202373,13.78262979029638,13.80649185180664,3626323,0.0,0.0
2015-11-12,13.410383099463417,13.653774075684623,13.28630140530358,13.45333480834961,6837091,0.0,0.0
2015-11-13,13.649002550173284,13.701498062341471,13.439017440299729,13.558326721191406,4165188,0.0,0.0
2015-11-16,13.57741833993774,13.73967935284404,13.391295263309862,13.67763900756836,3376900,0.0,0.0
2015-11-17,13.625140861379677,13.625140861379677,13.348342995636507,13.38652229309082,6095213,0.0,0.0
2015-11-18,13.586962619361312,13.696727087668672,13.44856367573889,13.649003982543945,3349548,0.0,0.0
2015-11-19,13.825581018494724,13.959207547750568,13.792175151481034,13.897167205810547,5057392,0.0,0.0
2015-11-20,14.040339017433714,14.107151774038014,13.816036643604068,13.887622833251953,6302038,0.0,0.0
2015-11-23,13.696726157188076,13.75399510392766,13.491514472171845,13.567872047424316,4642285,0.0,0.0
2015-11-24,13.539240185246218,13.753997756537716,13.539240185246218,13.734908103942871,3367820,0.0,0.0
2015-11-25,13.472425912001345,13.481970737229286,13.081091138856966,13.138359069824219,6419070,0.0,0.0
2015-11-27,12.646803550448531,12.904512809545068,12.59908044501615,12.87587833404541,4424699,0.0,0.0
2015-11-30,12.403412594968243,12.775658737027536,12.365234314562468,12.732707023620605,5748824,0.0,0.0
2015-12-01,12.856785145696282,13.0429081648251,12.832923089346421,13.033363342285156,4873435,0.0,0.0
2015-12-02,12.847241123862396,13.057226212428423,12.804290440155839,12.832923889160156,5453329,0.0,0.0
2015-12-03,12.770886455274622,12.832926799319901,12.460681673847045,12.527494430541992,5498729,0.0,0.0
2015-12-04,12.575217238448806,12.642031008538307,12.417728657923844,12.63725757598877,4001746,0.0,0.0
2015-12-07,12.341369821142925,12.370003270708306,12.121839905140442,12.174336433410645,4828371,0.0,0.0
2015-12-08,11.501430557788332,11.792544584278144,11.410754743589772,11.663691520690918,7942621,0.0,0.0
2015-12-09,12.031167350931613,12.269785937742181,11.811637393929573,11.902313232421875,6937645,0.0,0.0
2015-12-10,11.892768938751042,12.117070297927938,11.849817223861688,11.992988586425781,5597826,0.0,0.0
2015-12-11,11.448937678624937,11.549157326876212,11.324854946008545,11.36303424835205,5597601,0.0,0.0
2015-12-14,11.253268116934873,11.358261182914278,11.076689890006145,11.296219825744629,7387390,0.0,0.0
2015-12-15,11.458482504210814,11.568246978047965,11.315311140823095,11.36303424835205,4601929,0.0,0.0
2015-12-16,11.678011310559956,11.759142327058072,11.45370995280717,11.730507850646973,7053108,0.0,0.0
2015-12-17,11.606420823619542,11.635055286914644,11.262809304878193,11.272354125976562,4337822,0.0,0.0
2015-12-18,11.272359566695243,11.625516076989532,11.272359566695243,11.420303344726562,6146443,0.0,0.0
2015-12-21,11.711421143145012,11.754372868556745,11.468030073279863,11.587339401245117,5962711,0.0,0.0
2015-12-22,11.56824584876965,11.744824084470578,11.534838962480222,11.711417198181152,4471445,0.0,0.0
2015-12-23,11.711416920357332,12.49885983364066,11.711416920357332,12.389094352722168,5642441,0.0,0.0
2015-12-24,12.42250098715543,12.513176817385938,12.350915825794784,12.474997520446777,1680603,0.0,0.0
2015-12-28,12.37954791080347,12.408181357584906,12.217286950508273,12.32227897644043,3944911,0.0,0.0
2015-12-29,12.441590677415846,12.584762021018328,12.42727344101557,12.556127548217773,7088756,0.0,0.0
2015-12-30,12.350917074390123,12.460681543786386,12.265013647592745,12.408185005187988,4975895,0.0,0.0
2015-12-31,12.298421132619051,12.470226974150947,12.274559068461784,12.293648719787598,2713268,0.0,0.0
2016-01-04,11.964352944323673,12.169565652848227,11.811636771105482,12.16002082824707,5651522,0.0,0.0
2016-01-05,12.097980336101639,12.131387224601893,11.892768633258012,12.059802055358887,3374210,0.0,0.0
2016-01-06,11.315309416005544,11.444163521372932,11.176910486507218,11.339170455932617,5569801,0.0,0.0
2016-01-07,10.74262248280491,10.957379994424663,10.66626491404247,10.718761444091797,5324638,0.0,0.0
2016-01-08,10.71876413128748,10.766487241078114,10.46582726167509,10.480144500732422,8347639,0.0,0.0
2016-01-11,10.566047120383171,10.628088484847922,10.060175460964484,10.212890625,6611322,0.0,0.0
2016-01-12,10.212889468186374,10.2224342924075,9.74042475084169,9.850189208984375,7175633,0.0,0.0
2016-01-13,10.084037425031575,10.15085120825113,9.640206069131708,9.726109504699707,6218748,0.0,0.0
2016-01-14,10.079263555726468,10.456282094336903,9.955181853788973,10.346516609191895,6854130,0.0,0.0
2016-01-15,9.497032298769104,9.66406569423895,9.434991964703306,9.635432243347168,5724162,0.0,0.0
2016-01-19,9.792921587528276,9.826328476818382,9.454083343072744,9.578165054321289,4609552,0.0,0.0
2016-01-20,9.053204895960087,9.35863731076828,8.809812834546982,9.248871803283691,9130097,0.0,0.0
2016-01-21,9.516122895673643,10.131760008270073,9.41590325655341,10.021995544433594,10862266,0.0,0.0
2016-01-22,10.408557652824916,10.546956587733074,10.05540118697634,10.251069068908691,5786938,0.0,0.0
2016-01-25,10.136532280596427,10.189027795410235,9.893140274094884,9.90268611907959,4161488,0.0,0.0
2016-01-26,10.18425675980384,10.53264086342713,10.050631238359856,10.504006385803223,5233725,0.0,0.0
2016-01-27,10.098352973185003,10.504004956455985,10.045857458418364,10.189027786254883,6163146,0.0,0.0
2016-01-28,10.728306961882392,10.742623177876462,10.317881559378113,10.399012565612793,3513887,0.0,0.0
2016-01-29,10.155621734170397,10.499233371789806,10.14607690976984,10.456281661987305,4289843,0.0,0.0
2016-02-01,10.408554921236222,10.413327332235783,10.160390569659171,10.370375633239746,3718133,0.0,0.0
2016-02-02,9.74519742241894,9.773830875444409,9.602025055290053,9.702245712280273,4266750,0.0,0.0
2016-02-03,9.917003330446388,10.217662242880222,9.625888222172073,10.208118438720703,4613588,0.0,0.0
2016-02-04,10.713990809882246,11.348716585606345,10.675811508966394,10.923975944519043,6811532,0.0,0.0
2016-02-05,10.71399203043317,11.01942443175444,10.628089613986784,10.776033401489258,5065575,0.0,0.0
2016-02-08,10.776033379937248,10.900114081000254,10.63763339862739,10.83807373046875,4103869,0.0,0.0
2016-02-09,10.289248106989687,10.542183909156059,10.274930870595332,10.399012565612793,5058064,0.0,0.0
2016-02-10,10.251069108482524,10.494460093474329,10.17948394482624,10.332199096679688,5920113,0.0,0.0
2016-02-11,10.088809786797647,10.22243633215652,9.936093589187434,10.112671852111816,4957735,0.0,0.0
2016-02-12,10.575590966481867,10.971698118648932,10.551728905435604,10.842844009399414,4215521,0.0,0.0
2016-02-16,10.852389438868236,11.071918371932592,10.656722568180518,11.05282974243164,5601973,0.0,0.0
2016-02-17,11.200775838196348,11.64937964297239,11.200775838196348,11.510979652404785,6093756,0.0,0.0
2016-02-18,11.592107810580943,11.620742284296727,11.372578886227238,11.448936462402344,2906417,0.0,0.0
2016-02-19,11.238951648001132,11.448935734431243,11.181682704210964,11.44416332244873,2717752,0.0,0.0
2016-02-22,11.902313077884703,12.188655786499723,11.821182065550243,12.069345474243164,5747928,0.0,0.0
2016-02-23,11.735278866831582,11.821181265441698,11.372578603321845,11.496659278869629,9282665,0.0,0.0
2016-02-24,10.613768501109472,10.89056632246681,10.441962710515229,10.881021499633789,9214172,0.0,0.0
2016-02-25,10.771259140587595,10.909659111543716,10.527868129017337,10.895341873168945,5975378,0.0,0.0
2016-02-26,10.876252619803301,11.028968814319388,10.709219186388788,10.766487121582031,5010646,0.0,0.0
2016-02-29,10.962153813523974,11.048056216959546,10.766485924075837,10.790349006652832,3557494,0.0,0.0
2016-03-01,11.300993106505981,11.310537931419608,11.019422812354712,11.196001052856445,4591840,0.0,0.0
2016-03-02,11.482341365857746,12.121840476989746,11.439390679283377,12.121840476989746,8031180,0.0,0.0
2016-03-03,12.202972822850926,12.3747776288681,12.050256646079838,12.336599349975586,5215901,0.0,0.0
2016-03-04,12.74702654215882,13.596510014685688,12.675440340338852,13.20994758605957,10633470,0.0,0.0
2016-03-07,13.405610755865798,14.030792662358317,13.405610755865798,13.921027183532715,10353780,0.0,0.0
2016-03-08,13.028594232591278,13.062001119946723,12.608624995609617,12.699299812316895,8785165,0.0,0.0
2016-03-09,12.839379783578178,13.037429276545073,12.375654821659314,13.022937774658203,6343515,0.285459,0.0
2016-03-10,12.612351220797866,12.882857252601594,12.520571687736224,12.820060729980469,6491823,0.0,0.0
2016-03-11,12.829722746722405,13.153364323227546,12.800739733992875,13.148533821105957,4913231,0.0,0.0
2016-03-14,13.056756592374715,13.129213098474178,12.805571490272087,12.969808578491211,4697438,0.0,0.0
2016-03-15,12.187267457893123,12.19209899178956,11.989218979416977,12.080997467041016,6090169,0.0,0.0
2016-03-16,12.124474413570791,12.602691017750583,11.931255364515996,12.559216499328613,5573836,0.0,0.0
2016-03-17,13.0615829429866,13.240310449355581,12.839380927085063,13.182344436645508,5304012,0.0,0.0
2016-03-18,13.568785492778606,13.718530037707358,13.148534873040628,13.24514389038086,4997418,0.0,0.0
2016-03-21,13.196835953350899,13.38522446203134,12.984295972170248,13.080904960632324,3440125,0.0,0.0
2016-03-22,12.863536653541656,12.98429921026115,12.80074012404752,12.902180671691895,3722505,0.0,0.0
2016-03-23,12.810399553897282,12.82489105775393,12.303200017375964,12.327352523803711,4798553,0.0,0.0
2016-03-24,12.03752758070083,12.385320663452148,11.998883560565998,12.385320663452148,4254307,0.0,0.0
2016-03-28,12.448115526793224,12.510911018270294,12.177609487767569,12.40947151184082,1927223,0.0,0.0
2016-03-29,11.945746803648445,12.462607421304053,11.81532428193475,12.428793907165527,4641501,0.0,0.0
2016-03-30,12.699299670817659,12.940823733588722,12.61718217113709,12.704130172729492,5308159,0.0,0.0
2016-03-31,12.65582501075262,12.699299527468378,12.452945998386905,12.510910987854004,2586820,0.0,0.0
2016-04-01,12.071337243329454,12.394978742962103,12.027862734561381,12.39014720916748,3004728,0.0,0.0
2016-04-04,12.356335917049035,12.419131402900012,11.892610877628902,11.916762351989746,3650312,0.0,0.0
2016-04-05,11.50617436054902,11.675240900511032,11.433717862177087,11.626936912536621,4267087,0.0,0.0
2016-04-06,11.506172975529456,11.75735698778692,11.303293978252466,11.742866516113281,6011923,0.0,0.0
2016-04-07,11.578631154183713,11.7380366798326,11.482022151568247,11.554478645324707,4720643,0.0,0.0
2016-04-08,11.965065956115723,12.109979949303257,11.91193147939986,11.965065956115723,5424967,0.0,0.0
2016-04-11,12.322525509364533,12.515744582640336,12.303203498754879,12.370830535888672,3459630,0.0,0.0
2016-04-12,12.728283622836491,12.993959181978042,12.612352601206446,12.902180671691895,4747771,0.0,0.0
2016-04-13,13.646072595683055,13.916578651913683,13.588106569567643,13.7716646194458,8143056,0.0,0.0
2016-04-14,14.032508632815182,14.0808136510031,13.762002596603987,13.906916618347168,5728198,0.0,0.0
2016-04-15,13.964882850646973,14.11462634364526,13.805477321044906,13.964882850646973,5145951,0.0,0.0
2016-04-18,13.926237589682513,14.491402129157612,13.882763076547354,14.443097114562988,5057840,0.0,0.0
2016-04-19,14.901992910523507,15.230464971805894,14.795722902280588,15.196651458740234,5677192,0.0,0.0
2016-04-20,15.389871865358485,15.935714493398704,15.336736340114662,15.713512420654297,8068061,0.0,0.0
2016-04-21,15.819783820780424,15.853597337592,15.230466659061467,15.336736679077148,9909416,0.0,0.0
2016-04-22,15.428517066028583,15.602414140791131,15.196654988225733,15.370552062988281,5528996,0.0,0.0
2016-04-25,14.969619353062457,15.0082633664881,14.645977806263797,14.75224781036377,5237648,0.0,0.0
2016-04-26,14.853683167991964,15.008259178561412,14.626651718108596,14.998597145080566,4135369,0.0,0.0
2016-04-27,14.583180776162296,14.950296825269273,14.501063283315489,14.935805320739746,6422882,0.0,0.0
2016-04-28,15.09037800553621,15.365714483430668,14.95029451620709,15.01792049407959,4157901,0.0,0.0
2016-04-29,15.104875522327317,15.418856131353614,14.969622479906555,15.138689041137695,4486130,0.0,0.0
2016-05-02,15.293260674845246,15.298091176778604,14.863350134058871,15.056568145751953,4482767,0.0,0.0
2016-05-03,14.505896262715254,14.525218272055197,14.056662644023607,14.283695220947266,7418554,0.0,0.0
2016-05-04,13.53496998191898,13.839288473424839,13.29827644476488,13.34658145904541,7737478,0.0,0.0
2016-05-05,13.583273533297191,13.718526536179718,13.182345025924716,13.361072540283203,6436109,0.0,0.0
2016-05-06,13.167854541279805,13.757171611173606,13.15819353798184,13.491496086120605,4141535,0.0,0.0
2016-05-09,12.969803423368543,13.01810739729517,12.554382430985386,12.684804916381836,6242737,0.0,0.0
2016-05-10,12.824892105973529,13.153363121776508,12.781417590850273,13.124380111694336,4189401,0.0,0.0
2016-05-11,13.283785954274089,13.452852484338287,13.047093431876556,13.211329460144043,3512429,0.0,0.0
2016-05-12,13.216157202200012,13.341749189868265,12.73311022185874,12.907007217407227,4981724,0.0,0.0
2016-05-13,12.853875301943043,13.090568873901738,12.766927296273316,12.849044799804688,5603319,0.0,0.0
2016-05-16,13.249974716266879,13.573615268515235,13.22099170277043,13.269295692443848,4284350,0.0,0.0
2016-05-17,13.467343144245035,13.88276317422,13.303107126288328,13.675052642822266,5030039,0.0,0.0
2016-05-18,13.365903595088186,13.641241167627616,13.167855084944076,13.206499099731445,6199130,0.0,0.0
2016-05-19,12.960148518632254,13.298280626461452,12.7814209424132,13.201671600341797,5851844,0.0,0.0
2016-05-20,13.307936973232163,13.43352897306406,12.955313480015766,12.964973449707031,4152296,0.0,0.0
2016-05-23,12.752435679278438,13.124381242244517,12.694469654120832,13.018111228942871,4091762,0.0,0.0
2016-05-24,13.018110063843972,13.206498595925105,12.950483040545935,13.090567588806152,4405194,0.0,0.0
2016-05-25,13.317599241735916,13.704036280478647,13.283785729730532,13.650901794433594,5715979,0.0,0.0
2016-05-26,13.887595502714284,13.998696018859045,13.486666924474976,13.510819435119629,6045329,0.0,0.0
2016-05-27,13.520481314167242,13.578446310644166,13.182348208905811,13.283787727355957,4433107,0.0,0.0
2016-05-31,13.1195495668189,13.462512059534482,12.998787034714336,13.027770042419434,4948767,0.0,0.0
2016-06-01,12.704130208806944,12.911840758785035,12.564046685786565,12.868366241455078,6238589,0.0,0.0
2016-06-02,12.675147500059845,12.955314529964621,12.66548649676516,12.926331520080566,2512834,0.0,0.0
2016-06-03,13.249976622277188,13.452855680295173,13.085739522171787,13.433533668518066,4722997,0.0,0.0
2016-06-06,13.781324883851124,14.133948425324865,13.762002876183423,14.095305442810059,6284774,0.0,0.0
2016-06-07,13.940728642791704,14.090472117546762,13.824796611517396,13.892423629760742,5021968,0.0,0.0
2016-06-08,14.298184721434433,14.45275870882067,14.191913684978154,14.322336196899414,5451871,0.0,0.0
2016-06-09,13.795813870724556,13.882762895863234,13.4383598658381,13.515647888183594,9140746,0.0,0.0
2016-06-10,13.056754460197883,13.230650459567556,12.858704918978358,12.911840438842773,7086514,0.0,0.0
2016-06-13,12.829724003245486,13.105061618321518,12.815232495461446,12.969808578491211,4919621,0.0,0.0
2016-06-14,12.781417483516186,12.882856985131387,12.510910424508092,12.660655975341797,7531999,0.0,0.0
2016-06-15,12.824891748801656,13.254803287919243,12.824891748801656,13.003618240356445,5432030,0.0,0.0
2016-06-16,12.713790904469457,12.998788445527286,12.467437377879287,12.979466438293457,6041742,0.0,0.0
2016-06-17,13.114718252395551,13.457681783676488,13.090566778390542,13.385225296020508,8068285,0.0,0.0
2016-06-20,13.665392779542836,13.882763282807176,13.621918265761764,13.704035758972168,6241840,0.0,0.0
2016-06-21,13.665392734568654,13.76683223357013,13.47700420829119,13.670223236083984,4820412,0.0,0.0
2016-06-22,13.790984368342748,13.805475872497006,13.539799329156107,13.549461364746094,6336677,0.0,0.0
2016-06-23,13.549461782611223,14.225726833230148,13.549461782611223,14.201574325561523,4684099,0.0,0.0
2016-06-24,12.931162214396867,13.380394743010926,12.916670709238922,13.153363227844238,13690885,0.0,0.0
2016-06-27,12.718622450954573,12.79107895121226,12.438455388692962,12.675148963928223,9073038,0.0,0.0
2016-06-28,13.187180091500727,13.332094147090617,12.98913050349358,13.201671600341797,6499894,0.0,0.0
2016-06-29,13.467343115882787,13.573613115694323,13.394885593633672,13.409377098083496,5561842,0.0,0.0
2016-06-30,13.7136970194086,13.800646048602575,13.554291498706846,13.795814514160156,8265806,0.0,0.0
2016-07-01,13.646073017256006,13.86344355626281,13.544632468420195,13.824799537658691,5239330,0.0,0.0
2016-07-05,13.781327814864348,13.815141335474284,13.39005914201958,13.433533668518066,7362168,0.0,0.0
2016-07-06,13.293446264508958,13.829628837515623,13.259632753695646,13.80064582824707,5282264,0.0,0.0
2016-07-07,13.945559371053738,14.061490371394319,13.288615314422977,13.419037818908691,6773306,0.0,0.0
2016-07-08,13.863443044970317,14.18225412105498,13.839290534233504,14.172593116760254,5952958,0.0,0.0
2016-07-11,14.249880592736273,14.592845223797138,14.249880592736273,14.41894817352295,4635447,0.0,0.0
2016-07-12,14.713605431797621,14.959958961825087,14.713605431797621,14.897162437438965,5182159,0.0,0.0
2016-07-13,15.254619421941998,15.28360140400785,14.77640277477579,14.930977821350098,6210676,0.0,0.0
2016-07-14,15.10487334016466,15.158008862047474,14.882671281475316,14.950298309326172,2723694,0.0,0.0
2016-07-15,14.945467417885602,15.003432407426695,14.62665636053756,14.732926368713379,3420059,0.0,0.0
2016-07-18,14.592843523214981,14.621825500866022,14.452758972602252,14.612164497375488,4386025,0.0,0.0
2016-07-19,14.1677607139281,14.245048737917283,13.776493190944377,13.873102188110352,6567042,0.0,0.0
2016-07-20,13.602599727403403,13.786157799564855,13.443194169055404,13.679887771606445,6579037,0.0,0.0
2016-07-21,13.940729574383923,14.19674409491532,13.90208556137676,13.993864059448242,5407592,0.0,0.0
2016-07-22,13.882763605830233,13.911746615691989,13.665393097508135,13.790985107421875,3401226,0.0,0.0
2016-07-25,13.863442628983286,13.863442628983286,13.534971591280655,13.655733108520508,2558346,0.0,0.0
2016-07-26,13.839288880180215,14.2643699198811,13.839288880180215,14.230557441711426,4992149,0.0,0.0
2016-07-27,14.399625597689479,14.583183658523149,14.191916057353572,14.370643615722656,4109810,0.0,0.0
2016-07-28,14.370640573233434,14.39962254906432,14.182252049819969,14.278861045837402,2812477,0.0,0.0
2016-07-29,14.129118485912704,14.389964566990795,14.042170480767098,14.341659545898438,4332329,0.0,0.0
2016-08-01,14.438267337886154,14.457589344693943,14.100135317211489,14.11945629119873,3423310,0.0,0.0
2016-08-02,14.206407447067285,14.235390461614735,13.897257357535882,14.109798431396484,2990828,0.0,0.0
2016-08-03,14.114627144643586,14.457590732768715,13.993865623321126,14.433439254760742,4246012,0.0,0.0
2016-08-04,14.331999611235908,14.67496322094476,14.259543107010789,14.602505683898926,5522494,0.0,0.0
2016-08-05,14.742589596448878,15.013095675969668,14.607336556688484,14.984113693237305,5088443,0.0,0.0
2016-08-08,15.153176742500857,15.356055738755465,15.148345208206653,15.206311225891113,3054389,0.0,0.0
2016-08-09,15.143515229386502,15.235293721474488,15.027583197923196,15.09037971496582,2823687,0.0,0.0
2016-08-10,15.317416099988854,15.317416099988854,14.916486455883357,14.9261474609375,2982533,0.0,0.0
2016-08-11,15.061399066123204,15.322244112130116,14.9599595555251,15.240126609802246,2992173,0.0,0.0
2016-08-12,15.129027492661994,15.172500982465401,14.887504432613841,14.9599609375,3065375,0.0,0.0
2016-08-15,14.97927977779532,15.1435157956896,14.94546626735404,15.07105827331543,2685356,0.0,0.0
2016-08-16,15.457497856718376,15.496141875057651,15.20148330086203,15.215974807739258,3548077,0.0,0.0
2016-08-17,15.283598900056784,15.423683449058114,15.095211399799535,15.414022445678711,4024278,0.0,0.0
2016-08-18,15.689359240841384,15.776307239901223,15.558936725841342,15.703850746154785,2944643,0.0,0.0
2016-08-19,15.375379989442976,15.476819502380364,15.273940476505587,15.42851448059082,5413982,0.0,0.0
2016-08-22,15.109703629334684,15.307752142467182,15.032415598593733,15.288431167602539,2817409,0.0,0.0
2016-08-23,15.718343594666344,16.037153640343117,15.699020553110012,15.790800094604492,4391518,0.0,0.0
2016-08-24,15.728002972694771,15.84393502073399,15.438175951058556,15.447835922241211,2768085,0.0,0.0
2016-08-25,15.457496539201296,15.631393574085273,15.385040043811648,15.62656307220459,3274105,0.0,0.0
2016-08-26,15.781134967260853,16.240029456380636,15.443001968368298,15.500967979431152,7287957,0.0,0.0
2016-08-29,15.346394141612118,15.63139165188491,15.278768156419154,15.558935165405273,3913523,0.0,0.0
2016-08-30,15.43817605645854,15.554107072468636,15.172499477375437,15.211143493652344,5102456,0.0,0.0
2016-08-31,14.8992189864806,14.90896666344312,14.553178538484023,14.62141227722168,4543637,0.249777,0.0
2016-09-01,14.587294955899454,14.782247447023268,14.49469306971103,14.733509063720703,4843168,0.0,0.0
2016-09-02,15.030812161370926,15.079550548057686,14.806617666784884,14.923588752746582,4303519,0.0,0.0
2016-09-06,15.10879013642879,15.47432589430423,14.986945231165766,15.401219367980957,3848954,0.0,0.0
2016-09-07,15.1721498601655,15.250131265601075,15.016188091380695,15.128286361694336,2741181,0.0,0.0
2016-09-08,15.094174125583027,15.36710704413223,15.074678768245704,15.220892906188965,2453084,0.0,0.0
2016-09-09,15.293998326521654,15.303746003807463,14.923588673833981,14.982074737548828,4744969,0.0,0.0
2016-09-12,14.601917008100346,15.196521137921565,14.533684311052896,15.11854076385498,5226550,0.0,0.0
2016-09-13,14.675021491607568,14.689643005091702,14.280243753794997,14.314360618591309,4528055,0.0,0.0
2016-09-14,14.475196445505718,14.757876959669094,14.426459108568613,14.611662864685059,4542180,0.0,0.0
2016-09-15,14.65065433500285,15.00644243633026,14.562926290253587,14.904091835021973,3271975,0.0,0.0
2016-09-16,14.601919564262724,14.77250289987282,14.499569979731335,14.606793403625488,3035780,0.0,0.0
2016-09-19,14.991824976971824,15.108795040218936,14.826114434792773,14.86023235321045,3092951,0.0,0.0
2016-09-20,15.142910957336426,15.240386691884341,15.030812664206783,15.142910957336426,3297758,0.0,0.0
2016-09-21,15.3232388912687,15.737513053216023,15.313491214889401,15.683900833129883,3515344,0.0,0.0
2016-09-22,16.18102872548645,16.28337933104516,15.805746298030535,15.820367813110352,5114002,0.0,0.0
2016-09-23,15.864231583892305,16.06893175637656,15.810620403115019,15.859358787536621,3835165,0.0,0.0
2016-09-26,15.849612804886023,16.02994276234925,15.849612804886023,15.903223991394043,3539670,0.0,0.0
2016-09-27,15.698525395242491,15.93734142872364,15.625417808205432,15.898350715637207,4862338,0.0,0.0
2016-09-28,16.059182624125288,16.64404005792226,15.990949934205124,16.619670867919922,4699008,0.0,0.0
2016-09-29,16.722025565967137,17.058317365152018,16.663539491976707,16.76589012145996,5043491,0.0,0.0
2016-09-30,16.960838087310194,17.004702633673787,16.80000245939684,16.887731552124023,3237224,0.0,0.0
2016-10-03,16.960835507937077,17.038816911835305,16.843864444176063,16.985204696655273,2659909,0.0,0.0
2016-10-04,17.38485890923214,17.38485890923214,16.819497813336213,16.887731552124023,4359681,0.0,0.0
2016-10-05,17.072936204849295,17.292257905814413,16.999829665918615,17.20452880859375,2058268,0.0,0.0
2016-10-06,17.053439408166625,17.189905839108313,17.024197420318472,17.092430114746094,1555388,0.0,0.0
2016-10-07,17.40435752200413,17.42385287959386,17.024201175264416,17.233774185180664,4011723,0.0,0.0
2016-10-10,17.389733804808387,17.623675982128848,17.379986127246156,17.5018310546875,2346477,0.0,0.0
2016-10-11,17.345872756550538,17.399483948655366,16.951093843495435,17.04857063293457,3142051,0.0,0.0
2016-10-12,17.082684774074114,17.297132647499428,16.985209036382567,17.063190460205078,3824740,0.0,0.0
2016-10-13,16.390603445937323,16.658662483222734,16.234641653720747,16.59530258178711,3485189,0.0,0.0
2016-10-14,16.829248163052597,16.946219263179195,16.556315248728325,16.566062927246094,2961458,0.0,0.0
2016-10-17,16.541696118998626,16.673288755899286,16.48321108153544,16.512453079223633,3226126,0.0,0.0
2016-10-18,17.063190090464953,17.08268440391157,16.770760799553745,16.809751510620117,5700733,0.0,0.0
2016-10-19,16.81949912302173,17.053441304337653,16.75126642100732,17.033946990966797,4371676,0.0,0.0
2016-10-20,16.892608457266675,17.136299398694675,16.74639430924457,17.068065643310547,3941548,0.0,0.0
2016-10-21,16.89747998641498,17.063189460240043,16.863363115492003,17.038820266723633,3346970,0.0,0.0
2016-10-24,17.253265639724788,17.258139478019658,16.92672160022785,17.043691635131836,2229221,0.0,0.0
2016-10-25,17.253264255180376,17.43846905343662,17.23864274146912,17.40435218811035,3619821,0.0,0.0
2016-10-26,17.116802519723276,17.233773619334404,17.04856981248622,17.18016242980957,4538705,0.0,0.0
2016-10-27,17.004702633673787,17.043692299466052,16.80487629788168,16.887731552124023,3883592,0.0,0.0
2016-10-28,16.882857819101055,17.092430791085498,16.877983980585764,16.99495506286621,3326231,0.0,0.0
2016-10-31,17.087561001991727,17.204532111992062,17.014454449024043,17.068065643310547,2566642,0.0,0.0
2016-11-01,17.302003435880714,17.326371584442178,16.873108806737356,16.990079879760742,3527114,0.0,0.0
2016-11-02,16.863362282411178,17.0339455865124,16.692778978309956,16.69765281677246,3926639,0.0,0.0
2016-11-03,16.83899118504063,16.990079118198686,16.712272441438124,16.756135940551758,3745597,0.0,0.0
2016-11-04,16.449085661405817,16.668407317653816,16.400348326084515,16.56118392944336,2682217,0.0,0.0
2016-11-07,17.0631883033785,17.350742683203286,17.03881911151429,17.331247329711914,4117209,0.0,0.0
2016-11-08,17.472588091323455,17.994084643523,17.41897586771597,17.891735076904297,5913163,0.0,0.0
2016-11-09,17.8917382374213,18.81776146533784,17.8917382374213,18.452226638793945,12486483,0.0,0.0
2016-11-10,18.837252120814647,19.066319387800448,18.32062736064759,18.58381462097168,9222019,0.0,0.0
2016-11-11,18.432726737432,18.50095838762883,18.018453619304005,18.276763916015625,4700353,0.0,0.0
2016-11-14,18.325504052066854,18.45222385659895,18.218279602078162,18.39373779296875,4835097,0.0,0.0
2016-11-15,17.50670597300276,17.838124926654455,17.394607680797314,17.833250045776367,5361183,0.0,0.0
2016-11-16,17.545695756709737,17.609054615567107,17.326373022673287,17.384859085083008,3286996,0.0,0.0
2016-11-17,17.38486026616151,17.711405385960685,17.38486026616151,17.50670623779297,3606818,0.0,0.0
2016-11-18,17.360491048887564,17.360491048887564,17.12167400122746,17.29225730895996,2377865,0.0,0.0
2016-11-21,17.579810401141156,17.77476184521256,17.53594689937262,17.760141372680664,3455819,0.0,0.0
2016-11-22,18.22802507794996,18.6910365661782,18.208529725761018,18.671541213989258,5329010,0.0,0.0
2016-11-23,18.340123628592284,18.87624168395996,18.340123628592284,18.87624168395996,2935563,0.0,0.0
2016-11-25,18.788514978117178,18.954223402111637,18.725156120021996,18.88111686706543,2619104,0.0,0.0
2016-11-28,18.70566020927873,18.895738862078858,18.66666950263533,18.68616485595703,2469003,0.0,0.0
2016-11-29,18.23289919215889,18.42297782592991,18.13054963955281,18.23777198791504,2972332,0.0,0.0
2016-11-30,18.491210365341928,18.588687126903487,18.1402981920659,18.2962589263916,4705734,0.0,0.0
2016-12-01,18.393738229697608,18.70078694478695,18.291388658001157,18.42298126220703,3286884,0.0,0.0
2016-12-02,18.130550406604552,18.53994863434934,18.106180174274687,18.530200958251953,2491647,0.0,0.0
2016-12-05,18.764144743653134,18.96397107906266,18.656922381364822,18.88111686706543,3864535,0.0,0.0
2016-12-06,18.22802613706997,18.69591253261788,18.22802613706997,18.68616485595703,3946256,0.0,0.0
2016-12-07,18.822630217730996,19.085815403019257,18.80800974484738,18.96884536743164,3412772,0.0,0.0
2016-12-08,19.34899979000529,19.39773817122799,18.910358527346638,18.959096908569336,3496063,0.0,0.0
2016-12-09,18.95422469498703,18.95422469498703,18.588689910649766,18.754398345947266,2308924,0.0,0.0
2016-12-12,19.500091364428872,19.592695348099326,19.27102405624441,19.28564453125,4170120,0.0,0.0
2016-12-13,19.275893817873165,19.314884523979252,18.749523453786747,18.89573860168457,4161488,0.0,0.0
2016-12-14,18.895739186531262,19.100438315751035,18.296260187854877,18.310880661010742,3514223,0.0,0.0
2016-12-15,17.98433440305398,18.072063483725138,17.833246472873324,18.047693252563477,3781245,0.0,0.0
2016-12-16,17.862493198171435,18.028203718193787,17.716280117618943,17.74064826965332,4009481,0.0,0.0
2016-12-19,17.531074087374193,17.65291901481554,17.45309370896289,17.5018310546875,2914600,0.0,0.0
2016-12-20,17.550567169566616,17.838122578325283,17.54569437350311,17.804004669189453,2744769,0.0,0.0
2016-12-21,17.760144879139183,17.760144879139183,17.604182025751392,17.6382999420166,1789901,0.0,0.0
2016-12-22,17.43847108908153,17.5749364821439,17.331247684768826,17.370237350463867,2742751,0.0,0.0
2016-12-23,17.25813865661621,17.35561437578779,17.18990492373563,17.25813865661621,1661434,0.0,0.0
2016-12-27,17.336121523241516,17.43359725060884,17.302004653932684,17.370237350463867,1427033,0.0,0.0
2016-12-28,17.813753489124892,17.979463996860602,17.643170185012846,17.652917861938477,2950808,0.0,0.0
2016-12-29,17.784512336098437,17.799134895117263,17.589560861175144,17.677289962768555,2942961,0.0,0.0
2016-12-30,17.828377778532186,17.862493608999582,17.375113883717642,17.438472747802734,2123062,0.0,0.0
2017-01-03,18.013578854951547,18.08181258976024,17.87223858921996,18.042821884155273,4204086,0.0,0.0
2017-01-04,17.867366024707998,18.15004655983536,17.842995791302577,18.115928649902344,4255204,0.0,0.0
2017-01-05,18.062319777635253,18.32550499331603,18.028203947518534,18.286514282226562,2026656,0.0,0.0
2017-01-06,18.17441787827926,18.257272101125295,17.994086873159514,18.013582229614258,1864223,0.0,0.0
2017-01-09,18.047697491345694,18.15492194846044,17.94047511840412,17.959970474243164,2719882,0.0,0.0
2017-01-10,18.700784576882583,18.92985392711498,18.64229851926927,18.793386459350586,5294259,0.0,0.0
2017-01-11,19.076066826188985,19.212534292803138,18.842124681880385,19.193038940429688,4940920,0.0,0.0
2017-01-12,19.5585763411894,19.587819373741656,19.300266013237447,19.368499755859375,2637937,0.0,0.0
2017-01-13,19.31001016448945,19.480593447806942,19.251524110065276,19.417232513427734,1912762,0.0,0.0
2017-01-17,19.558574995563816,19.646304087184838,19.387991692831633,19.422109603881836,2099185,0.0,0.0
2017-01-18,19.38311965462121,19.70479091897345,19.37337197739317,19.573198318481445,2575049,0.0,0.0
2017-01-19,19.534207213393728,19.660924930615227,19.383119261509876,19.51958465576172,2184381,0.0,0.0
2017-01-20,19.446475161877565,19.54882471304004,19.368495841670185,19.461097717285156,1755486,0.0,0.0
2017-01-23,19.641432589842537,19.704791451450404,19.54395581492807,19.651180267333984,2251529,0.0,0.0
2017-01-24,20.231162679513083,20.36763016986974,20.123938222804277,20.25065803527832,3517922,0.0,0.0
2017-01-25,20.070326485955825,20.34325937500873,20.026462978773914,20.314016342163086,3066383,0.0,0.0
2017-01-26,20.04108316359006,20.192171122356665,19.904617763121582,20.050830841064453,2832543,0.0,0.0
2017-01-27,20.167803063312633,20.23603680594655,19.997219748814377,20.09956932067871,1762100,0.0,0.0
2017-01-30,19.870498425209373,19.92411168956115,19.66092441662232,19.797391891479492,2855523,0.0,0.0
2017-01-31,20.216537585649828,20.30914155600967,19.928984250428655,20.12393569946289,3413893,0.0,0.0
2017-02-01,20.2262880542279,20.31401715628072,19.987473069343896,20.182424545288086,2224512,0.0,0.0
2017-02-02,19.9484806060791,20.07520040903089,19.821760803127308,19.9484806060791,2193349,0.0,0.0
2017-02-03,19.49034444549815,19.5244602743073,19.124807585130934,19.197914123535156,4977128,0.0,0.0
2017-02-06,19.21253880523191,19.29539303019256,19.090693866366657,19.154052734375,2157028,0.0,0.0
2017-02-07,19.163799542131255,19.271024000497114,19.032206930768844,19.095565795898438,2659909,0.0,0.0
2017-02-08,18.79826299744032,18.949350950846483,18.676418075419836,18.861621856689453,3649640,0.0,0.0
2017-02-09,18.79338905019164,19.134555682462757,18.647175970174363,19.110187530517578,4962555,0.0,0.0
2017-02-10,19.339255416789932,19.612188284665816,19.300264709354384,19.539079666137695,4940695,0.0,0.0
2017-02-13,19.753532323641593,19.807143514501593,19.558578749290064,19.70479393005371,3457612,0.0,0.0
2017-02-14,19.670673764175497,19.74378238828797,19.45622694107258,19.724287033081055,2458577,0.0,0.0
2017-02-15,19.85100394926632,19.967976075743778,19.763276938581246,19.855878829956055,2515412,0.0,0.0
2017-02-16,20.01671478477237,20.09469411950929,19.88024730167992,19.977724075317383,3075239,0.0,0.0
2017-02-17,19.626814366571182,19.670677882884466,19.529337570126625,19.63168716430664,2551172,0.0,0.0
2017-02-21,19.782768786319956,19.96797463992517,19.704789458448523,19.860750198364258,2885118,0.0,0.0
2017-02-22,19.251528534289953,19.431859534786966,19.241780856312463,19.402616500854492,4523908,0.0,0.0
2017-02-23,19.68529624677311,19.72428695703661,18.988342511245808,19.06144905090332,4483888,0.0,0.0
2017-02-24,18.58381408031684,18.6812887563912,18.437598939946152,18.50583267211914,3673405,0.0,0.0
2017-02-27,18.637425384250577,18.905483350510355,18.578939327700986,18.812881469726562,3770708,0.0,0.0
2017-02-28,18.340121943244835,18.461968934069187,18.286510767886494,18.43272590637207,5126445,0.0,0.0
2017-03-01,18.79826197244065,19.0029610968059,18.778766619246543,18.920106887817383,5623609,0.0,0.0
2017-03-02,18.837253959587002,18.968846560507863,18.50583501692664,18.535078048706055,5485501,0.0,0.0
2017-03-03,18.769018969529682,19.066319979906286,18.749523616307652,19.037076950073242,3573412,0.0,0.0
2017-03-06,18.710533005522706,18.769019065487807,18.569192736026828,18.68616485595703,2759902,0.0,0.0
2017-03-07,18.739778551410947,18.769021585319514,18.539952195122314,18.598438262939453,3645268,0.0,0.0
2017-03-08,18.64324106629231,18.688043833103205,18.110576488420588,18.140445709228516,3786626,0.713649,0.0
2017-03-09,17.856688004034194,17.981140946345764,17.617735331897524,17.757123947143555,4996521,0.0,0.0
2017-03-10,17.94629658965502,17.94629658965502,17.612759090724413,17.742191314697266,4221126,0.0,0.0
2017-03-13,18.115551860871662,18.22507232648704,18.02594633598814,18.11057472229004,2910452,0.0,0.0
2017-03-14,17.90647272853987,18.050839576948295,17.76210588013145,17.99608039855957,4403400,0.0,0.0
2017-03-15,18.284813417719835,18.936952781133137,18.11555449173334,18.897127151489258,3802656,0.0,0.0
2017-03-16,19.061403927892343,19.106208818869685,18.842365126764786,18.872234344482422,5359613,0.0,0.0
2017-03-17,19.021580656289817,19.091275506248746,18.971800749406906,19.00664710998535,2221149,0.0,0.0
2017-03-20,18.97180117184409,19.18586073685269,18.936952681687647,19.14105796813965,2672688,0.0,0.0
2017-03-21,19.006647661034304,19.056429698162557,18.37939825082253,18.399311065673828,4119339,0.0,0.0
2017-03-22,18.274855943440173,18.51878684636744,18.17031473612905,18.454069137573242,3266818,0.0,0.0
2017-03-23,18.40926589184583,18.47896073783898,18.24498624783436,18.329614639282227,2638946,0.0,0.0
2017-03-24,18.230052145207356,18.30970340463777,18.075731023264087,18.17529296875,3234646,0.0,0.0
2017-03-27,17.63267146354286,17.891536969418482,17.513195649354625,17.836776733398438,3650873,0.0,0.0
2017-03-28,17.936341272346393,18.279834134538447,17.876602827929837,18.18524932861328,4922759,0.0,0.0
2017-03-29,18.13546644655924,18.493894967555143,18.105597225742745,18.364463806152344,2463173,0.0,0.0
2017-03-30,18.364462939901706,18.558609672848018,18.30472450108658,18.36944007873535,2326636,0.0,0.0
2017-03-31,18.115553910468076,18.215117981383113,18.03590478253808,18.080707550048828,2100194,0.0,0.0
2017-04-03,18.165335662167458,18.220096964716323,17.911450478503063,18.140445709228516,2048852,0.0,0.0
2017-04-04,18.240010912057997,18.37939848902148,18.185249606106158,18.349529266357422,1594959,0.0,0.0
2017-04-05,18.747784745830867,18.97678000673977,18.424202542161854,18.47896385192871,3689547,0.0,0.0
2017-04-06,18.618349421540536,18.7129342252513,18.419223406949346,18.49887466430664,2710130,0.0,0.0
2017-04-07,18.339569636122683,18.767692956941058,18.324636091815883,18.404287338256836,3769587,0.0,0.0
2017-04-10,18.92201852586271,19.15101375893796,18.857302944515798,19.046472549438477,4702035,0.0,0.0
2017-04-11,19.136079061700215,19.165946152216048,18.807519778007187,19.111186981201172,4466288,0.0,0.0
2017-04-12,18.508828363510293,18.633282370521584,18.100617858080152,18.21013832092285,8676764,0.0,0.0
2017-04-13,18.210142247129536,18.294770649535284,17.961234179441007,17.966211318969727,2645448,0.0,0.0
2017-04-17,18.09564041089424,18.165333120894285,17.926381516661436,18.04585838317871,2045937,0.0,0.0
2017-04-18,17.682454944113612,17.886559166280122,17.533109898049826,17.707345962524414,3788195,0.0,0.0
2017-04-19,17.871624000293547,17.956252390821092,17.572932870829224,17.642627716064453,2629530,0.0,0.0
2017-04-20,17.76708446415958,17.936342335639303,17.712324220198138,17.91642951965332,4036161,0.0,0.0
2017-04-21,17.92638541316506,17.95127536803209,17.707346572407843,17.801931381225586,3956906,0.0,0.0
2017-04-24,18.09564360489817,18.155379919898976,17.996079531893376,18.001056671142578,3503349,0.0,0.0
2017-04-25,17.971187025125975,18.10062031697762,17.89153789740391,18.09066390991211,2889490,0.0,0.0
2017-04-26,17.737215097473694,18.07075263375312,17.737215097473694,17.946298599243164,3162453,0.0,0.0
2017-04-27,17.712322290027764,17.722279761336768,17.239397219501395,17.42856788635254,5123194,0.0,0.0
2017-04-28,17.60778181808997,17.806908900174783,17.56297904953169,17.722280502319336,2389412,0.0,0.0
2017-05-01,17.821844005477814,17.951275175481513,17.76210555987512,17.84175682067871,2024526,0.0,0.0
2017-05-02,17.473373793806214,17.68743551640411,17.473373793806214,17.612762451171875,3843349,0.0,0.0
2017-05-03,17.100010326702062,17.25931178903425,16.99546804353334,17.015380859375,3934150,0.0,0.0
2017-05-04,16.711711292167475,16.925772981996204,16.61214828483373,16.836166381835938,5684703,0.0,0.0
2017-05-05,16.94070541579761,17.169700622558594,16.92577080695656,17.169700622558594,3784272,0.0,0.0
2017-05-08,16.90088253037202,16.980532726027704,16.866035104097193,16.94070816040039,2185053,0.0,0.0
2017-05-09,17.209531134959065,17.28420313597599,17.08009888596886,17.124902725219727,2918972,0.0,0.0
2017-05-10,17.413636026602926,17.52813365972976,17.304116597716437,17.473373413085938,3027597,0.0,0.0
2017-05-11,17.483327723333048,17.518175148833325,17.348917289375873,17.51319694519043,2375175,0.0,0.0
2017-05-12,17.403677482348563,17.572934276946924,17.383764667830864,17.52315330505371,2470460,0.0,0.0
2017-05-15,17.791975117211052,17.866647111217375,17.717303123204726,17.772062301635742,2028113,0.0,0.0
2017-05-16,17.91642927967158,18.055818989706385,17.88158291656398,17.966211318969727,2169135,0.0,0.0
2017-05-17,17.747171950552886,17.896515935233033,17.632673263549805,17.632673263549805,2681656,0.0,0.0
2017-05-18,17.647605912014342,17.971185928698706,17.557998253891732,17.871623992919922,3142275,0.0,0.0
2017-05-19,18.075726779660044,18.38437320869045,18.070747512713567,18.274852752685547,2900251,0.0,0.0
2017-05-22,18.364463806152344,18.399310166037253,18.259920468893622,18.364463806152344,1871510,0.0,0.0
2017-05-23,18.21511718003644,18.30970197884359,18.08568602234305,18.24996566772461,3019862,0.0,0.0
2017-05-24,18.085683680078798,18.254940442465806,18.055814463986678,18.165332794189453,2782995,0.0,0.0
2017-05-25,18.24996758701111,18.42918079681917,18.011013802197485,18.025949478149414,2789272,0.0,0.0
2017-05-26,17.946298036082357,18.00105721348376,17.80690939407714,17.84175682067871,1513911,0.0,0.0
2017-05-30,17.926382156890156,17.971184919033387,17.84175377115216,17.906469345092773,1036925,0.0,0.0
2017-05-31,17.707346039182816,17.707346039182816,17.43852410358339,17.468393325805664,3027261,0.0,0.0
2017-06-01,17.47337314652554,17.702369473686982,17.413635760953834,17.528133392333984,2635695,0.0,0.0
2017-06-02,17.52315183355302,17.747169913664237,17.473369801439205,17.657562255859375,2340088,0.0,0.0
2017-06-05,17.5181715827994,17.572930747323344,17.393716517061307,17.458433151245117,1760194,0.0,0.0
2017-06-06,17.433545592597646,17.60778165475547,17.413633842534807,17.533109664916992,2876598,0.0,0.0
2017-06-07,17.548042086300693,17.642626878801725,17.219482817443165,17.363849639892578,4144113,0.0,0.0
2017-06-08,17.398697543336098,17.76708138196701,17.37380652767166,17.717300415039062,3633834,0.0,0.0
2017-06-09,17.553025039059786,17.78699851432749,17.53809042603404,17.617740631103516,2335716,0.0,0.0
2017-06-12,17.612756345467545,17.672494776944188,17.463411331176758,17.463411331176758,2310045,0.0,0.0
2017-06-13,17.6476057332673,17.6924095618748,17.57791195316768,17.682453155517578,2854739,0.0,0.0
2017-06-14,17.83677639472223,17.84673280108228,17.348915676282502,17.45345687866211,3899062,0.0,0.0
2017-06-15,17.204551793179146,17.23442101737169,17.010402900328714,17.18463897705078,2652847,0.0,0.0
2017-06-16,17.319047074287315,17.353894497789128,17.159745631251447,17.27424430847168,4539153,0.0,0.0
2017-06-19,17.34394056591052,17.538089460151628,17.329005953707266,17.378787994384766,4519760,0.0,0.0
2017-06-20,16.990488875755286,17.000446347512362,16.67686417284228,16.77145004272461,5739968,0.0,0.0
2017-06-21,16.90088424504987,17.030316491372563,16.63704154814588,16.76149559020996,5331252,0.0,0.0
2017-06-22,16.676864637481174,16.955642986816223,16.637040071348512,16.895904541015625,5047527,0.0,0.0
2017-06-23,16.895903181409377,17.05520462632431,16.856077554080397,17.005422592163086,2008608,0.0,0.0
2017-06-26,17.085077051586868,17.114945213285193,16.796343328093958,16.91581916809082,2080464,0.0,0.0
2017-06-27,17.249352055118077,17.438521640336244,17.12489804450584,17.12987518310547,5414878,0.0,0.0
2017-06-28,17.458435214828764,17.747169937068715,17.44847880839287,17.652584075927734,4547561,0.0,0.0
2017-06-29,17.83179904669639,17.961232335584256,17.597824550415467,17.727256774902344,2452412,0.0,0.0
2017-06-30,17.826819819561663,17.86166724149188,17.602801742982642,17.717300415039062,2315762,0.0,0.0
2017-07-03,17.891536377820476,18.10061877963617,17.881579971600594,18.011011123657227,1517498,0.0,0.0
2017-07-05,18.42918141715523,18.42918141715523,18.070752856672055,18.120534896850586,5470368,0.0,0.0
2017-07-06,18.12053297958454,18.653197559932195,18.12053297958454,18.394330978393555,4728490,0.0,0.0
2017-07-07,18.459050794416918,18.56359201525809,18.30970467264221,18.528745651245117,2791178,0.0,0.0
2017-07-10,18.304726759385897,18.84236851744842,18.29974749113605,18.73782730102539,2429431,0.0,0.0
2017-07-11,18.82245760948774,19.046475740982775,18.71293711371625,19.001670837402344,2989819,0.0,0.0
2017-07-12,19.151012420654297,19.325248467245057,19.126122469199274,19.151012420654297,3235542,0.0,0.0
2017-07-13,19.18088420902348,19.315294648249427,19.04647376979753,19.23564338684082,2359145,0.0,0.0
2017-07-14,19.539311167201323,19.688655141392427,19.534331899367228,19.613983154296875,2509471,0.0,0.0
2017-07-17,19.733457565307614,19.872845115175863,19.713544754069048,19.733457565307617,2504762,0.0,0.0
2017-07-18,19.53931025791918,19.70856703796616,19.50446177110818,19.628915786743164,2624261,0.0,0.0
2017-07-19,19.683678102517426,19.847957752244742,19.653808881766825,19.81808853149414,2507901,0.0,0.0
2017-07-20,19.68367737928695,19.743415818593206,19.42979007663632,19.519397735595703,2763041,0.0,0.0
2017-07-21,19.489525655384128,19.494502793528177,19.270486872212334,19.31031036376953,2773242,0.0,0.0
2017-07-24,19.28542399017014,19.375031652587015,19.170926374816247,19.360095977783203,2176870,0.0,0.0
2017-07-25,19.88280339726647,20.13669070011835,19.847957038711158,20.017213821411133,5608027,0.0,0.0
2017-07-26,20.136690482059986,20.370662840458415,20.062018498077546,20.291013717651367,3185209,0.0,0.0
2017-07-27,20.485162485072244,20.505075297883128,20.136690389683615,20.31092643737793,2366207,0.0,0.0
2017-07-28,20.315906795084576,20.52001209433419,20.276081163152725,20.480186462402344,2226194,0.0,0.0
2017-07-31,20.679311466567164,20.793811217087622,20.604639474803392,20.739049911499023,2277648,0.0,0.0
2017-08-01,20.719134754773524,20.72909116113686,20.490139537218663,20.604637145996094,1578929,0.0,0.0
2017-08-02,20.35573427404928,20.510057547387024,20.281062271802604,20.490144729614258,1859515,0.0,0.0
2017-08-03,20.370662747008705,20.455293265855914,20.261144405350713,20.31092643737793,1651794,0.0,0.0
2017-08-04,20.385600425923418,20.559836490753693,20.291015620170317,20.515033721923828,1970606,0.0,0.0
2017-08-07,20.659397041830665,20.908307209651934,20.649440635117816,20.90332794189453,2163978,0.0,0.0
2017-08-08,20.574769642443297,20.74900570392866,20.505076920890794,20.64446449279785,2021611,0.0,0.0
2017-08-09,20.520011566809405,20.594683560360856,20.445339573257954,20.589706420898438,1533640,0.0,0.0
2017-08-10,20.45031249292699,20.490138115617242,20.221317291259766,20.221317291259766,2270922,0.0,0.0
2017-08-11,19.862892147001457,20.15660509919901,19.788220156335058,20.086910247802734,2608119,0.0,0.0
2017-08-14,20.21634413511498,20.33582103930178,20.116782177095015,20.141672134399414,1954015,0.0,0.0
2017-08-15,19.8429818908924,19.967435934317663,19.74839707334548,19.94752311706543,2303319,0.0,0.0
2017-08-16,20.136690807078327,20.500096455206876,20.116777993854686,20.4951171875,2690624,0.0,0.0
2017-08-17,20.34080030804408,20.350756716726316,20.131715725717182,20.141672134399414,2026095,0.0,0.0
2017-08-18,20.066996473615124,20.236253261539563,20.022193707117946,20.111799240112305,2052663,0.0,0.0
2017-08-21,20.216344101339256,20.405515865985638,20.161584918079644,20.365690231323242,2071272,0.0,0.0
2017-08-22,20.669352892719758,20.828653250632797,20.599658054782076,20.614591598510742,3286548,0.0,0.0
2017-08-23,20.54987714782024,20.833633653347032,20.520007929933115,20.783851623535156,3507049,0.0,0.0
2017-08-24,20.828656391743817,20.848569205586152,20.704202369630227,20.763940811157227,3331724,0.0,0.0
2017-08-25,21.202017743475473,21.704813082844815,21.11738935189893,21.187084197998047,5878860,0.0,0.0
2017-08-28,21.321496963500977,21.366299733654294,21.137304485845092,21.321496963500977,2543661,0.0,0.0
2017-08-29,21.206996212233467,21.450924971187927,21.1721477260958,21.4061222076416,2112412,0.0,0.0
2017-08-30,21.40612454188652,21.470840124910794,21.2966040616283,21.316516876220703,2888593,0.0,0.0
2017-08-31,21.630143157139617,21.719750824940963,21.5753818513044,21.655033111572266,4352170,0.0,0.0
2017-09-01,21.8442016163605,22.023414796593162,21.744637555785793,21.98358917236328,2720555,0.0,0.0
2017-09-05,22.05328890567736,22.167786536330308,21.754598786512457,21.938791275024414,4404409,0.0,0.0
2017-09-06,21.988567569394423,22.21258350361732,21.958698352404358,22.172760009765625,2528528,0.0,0.0
2017-09-07,22.26413529526673,22.43672453220077,22.193068245058154,22.411344528198242,2651726,0.767172,0.0
2017-09-08,22.162613140784924,22.162613140784924,21.639765904066817,21.822509765625,5286076,0.0,0.0
2017-09-11,21.817427359610672,22.248902564643778,21.797122490852757,22.182912826538086,3792119,0.0,0.0
2017-09-12,22.340273662504092,22.462100699910934,22.29458662410091,22.309816360473633,2464070,0.0,0.0
2017-09-13,22.02555395540827,22.10169613749087,21.86311715558437,21.959564208984375,2612266,0.0,0.0
2017-09-14,21.568694688916146,21.619456862896694,21.462095208914576,21.609304428100586,2996994,0.0,0.0
2017-09-15,21.37072216946564,21.487474066251256,21.228588104248047,21.228588104248047,2424275,0.0,0.0
2017-09-18,21.269202740562697,21.467174148827205,21.243822736994442,21.457021713256836,2369458,0.0,0.0
2017-09-19,21.401179566934854,21.472246607076656,21.32503739499759,21.43671417236328,3124675,0.0,0.0
2017-09-20,21.523009154205848,21.609303761955015,21.13721881456152,21.3453426361084,2597805,0.0,0.0
2017-09-21,21.218442923856998,21.30981485415799,21.157528303656335,21.167680740356445,2901372,0.0,0.0
2017-09-22,21.127072518633696,21.309816392427223,21.0864627689018,21.157529830932617,2113758,0.0,0.0
2017-09-25,21.09153787204714,21.137222750370384,20.822499393505705,20.949403762817383,2165099,0.0,0.0
2017-09-26,20.822498454346082,20.883413069839968,20.578842163085938,20.578842163085938,3648743,0.0,0.0
2017-09-27,20.649909214495473,20.69559409075819,20.44686049618252,20.578842163085938,2429992,0.0,0.0
2017-09-28,20.304731261902273,20.62960708365279,20.264121512844,20.553464889526367,2443556,0.0,0.0
2017-09-29,20.64991080559917,20.675290811986155,20.4925491221394,20.573768615722656,2494449,0.0,0.0
2017-10-02,20.700671765009137,20.80219395526939,20.64483228111479,20.741281509399414,2426180,0.0,0.0
2017-10-03,20.81741829470074,20.873255593395363,20.73619882698865,20.847875595092773,1650785,0.0,0.0
2017-10-04,20.898640561148316,21.015394659104626,20.832650813298095,20.878337860107422,1935294,0.0,0.0
2017-10-05,21.010316085546638,21.07123069713265,20.91894633888288,20.93924903869629,2070487,0.0,0.0
2017-10-06,20.893563844522138,20.984935760498043,20.812344363654663,20.984935760498047,1724995,0.0,0.0
2017-10-09,21.15752427071335,21.182906442983185,20.812343659421785,20.868183135986328,2729747,0.0,0.0
2017-10-10,21.101685712440887,21.284427356647953,21.0356959757432,21.08138084411621,3943566,0.0,0.0
2017-10-11,20.91387216735076,20.939252173954145,20.6346812411356,20.771738052368164,3524872,0.0,0.0
2017-10-12,20.7666591665463,20.959553259877364,20.72604942674709,20.827573776245117,1779700,0.0,0.0
2017-10-13,21.3250445500155,21.502711124623495,21.309816978804886,21.421491622924805,2932872,0.0,0.0
2017-10-16,21.822507098904634,21.89864927989148,21.51793403352663,21.64991569519043,3977532,0.0,0.0
2017-10-17,21.62961011954885,21.649914989912592,21.436716021808568,21.53316307067871,2608007,0.0,0.0
2017-10-18,21.380875882837792,21.416410490234863,20.949400657002553,21.066152572631836,5857898,0.0,0.0
2017-10-19,21.000167769076622,21.21336895144313,20.964635324040046,21.096614837646484,3248770,0.0,0.0
2017-10-20,21.203214672156236,21.203214672156236,20.868186442544445,20.949403762817383,2626727,0.0,0.0
2017-10-23,20.94940076916126,21.000162943775152,20.888488330339783,20.924020767211914,1744724,0.0,0.0
2017-10-24,20.944324068282157,21.09153327827855,20.939246765843475,21.08138084411621,1467613,0.0,0.0
2017-10-25,20.87833633103403,20.90879363643784,20.51792596911322,20.685440063476562,2436830,0.0,0.0
2017-10-26,20.959556013916774,20.959556013916774,20.685442404969365,20.751434326171875,2872002,0.0,0.0
2017-10-27,20.507775487052847,20.67021446467651,20.40117599334504,20.63975715637207,2446695,0.0,0.0
2017-10-30,20.64483298570574,20.85295684745128,20.624530283533122,20.705747604370117,2315874,0.0,0.0
2017-10-31,20.726050507252854,20.86310730086274,20.624528323177387,20.80219268798828,1489136,0.0,0.0
2017-11-01,21.533166977993712,21.589004296268374,21.289510660131263,21.335195541381836,4711339,0.0,0.0
2017-11-02,21.39102886411165,21.802201401428075,21.39102886411165,21.726057052612305,3509739,0.0,0.0
2017-11-03,21.57884838627762,21.61438299550069,21.3047348014596,21.396106719970703,2385040,0.0,0.0
2017-11-06,21.949414751652853,22.106776440357557,21.87834769239881,22.035709381103516,4433331,0.0,0.0
2017-11-07,22.137226208969295,22.17276081533137,21.7666656031377,21.944332122802734,2959888,0.0,0.0
2017-11-08,21.979869708914602,22.23367843692562,21.84788804157686,22.223526000976562,3843461,0.0,0.0
2017-11-09,21.675298732721735,21.79712797592659,21.553471660232496,21.78190040588379,3610629,0.0,0.0
2017-11-10,21.832660240718106,21.837735373280932,21.558544473010077,21.715906143188477,1868483,0.0,0.0
2017-11-13,21.50778484517848,21.756516271613044,21.477327537116313,21.675296783447266,2392550,0.0,0.0
2017-11-14,21.396107227087793,21.41133479517625,21.025546582638455,21.1626033782959,3133643,0.0,0.0
2017-11-15,20.807270427237867,20.96970722759272,20.670213630755057,20.918947219848633,2847452,0.0,0.0
2017-11-16,21.035696790360824,21.035696790360824,20.822495664695403,21.005239486694336,3395957,0.0,0.0
2017-11-17,20.96462974847235,21.020467053170027,20.88341027202838,21.005239486694336,2448152,0.0,0.0
2017-11-20,20.81234778473192,20.87833970914193,20.70574828392844,20.873262405395508,2478867,0.0,0.0
2017-11-21,21.13722076404339,21.274277556848993,21.08645858694589,21.14737319946289,2008832,0.0,0.0
2017-11-22,21.446869277686467,21.523011459106563,21.360574660696006,21.457021713256836,1144765,0.0,0.0
2017-11-24,21.675296842126,21.776821202608065,21.639764401314988,21.680374145507812,718449,0.0,0.0
2017-11-27,21.588999660927552,21.639761835148917,21.264123916625977,21.264123916625977,2170256,0.0,0.0
2017-11-28,21.04077258153395,21.325038587279405,20.969705537418793,21.319963455200195,2740957,0.0,0.0
2017-11-29,21.015393066793912,21.147372552494428,20.878336278181337,21.03569793701172,3472185,0.0,0.0
2017-11-30,21.02047042230692,21.177832097781305,21.015395289573288,21.091537475585938,1863102,0.0,0.0
2017-12-01,21.1524542891235,21.380880870880947,21.020472605043384,21.299663543701172,2734007,0.0,0.0
2017-12-04,21.360573196839255,21.49255267949405,21.29458128479668,21.370725631713867,2700601,0.0,0.0
2017-12-05,21.142296976930712,21.213364021202715,21.000162888386708,21.02046775817871,2301189,0.0,0.0
2017-12-06,20.924020441835722,21.03569722424966,20.776811223102197,20.868183135986328,2712932,0.0,0.0
2017-12-07,20.64990946036359,20.868185749791223,20.599147280180954,20.832651138305664,1978005,0.0,0.0
2017-12-08,20.97478754539032,21.045854605447623,20.827578292058025,20.842805862426758,1571418,0.0,0.0
2017-12-11,21.086461691204534,21.259053118744202,21.030624373534803,21.13214874267578,1811760,0.0,0.0
2017-12-12,21.157526712832105,21.289508380009902,21.11184183647441,21.27427864074707,1598546,0.0,0.0
2017-12-13,21.36565352363437,21.594082278494362,21.314891336919295,21.502710342407227,2001321,0.0,0.0
2017-12-14,21.548392932373854,21.720984348841625,21.487480485512464,21.492555618286133,2584017,0.0,0.0
2017-12-15,21.680373695097327,21.979869466939675,21.654993690861794,21.868192672729492,3974169,0.0,0.0
2017-12-18,21.990019119229416,22.279360247893624,21.990019119229416,22.142303466796875,1841915,0.0,0.0
2017-12-19,21.77681728381462,22.00016866596709,21.72097998095526,21.974788665771484,1863887,0.0,0.0
2017-12-20,22.167680351018117,22.487480909089612,22.106767922984556,22.406261444091797,2829628,0.0,0.0
2017-12-21,22.649922183567053,22.9595703702413,22.57885730824219,22.873275756835938,2892404,0.0,0.0
2017-12-22,22.847896254025667,22.893583302891734,22.71083944885844,22.84282112121582,1195098,0.0,0.0
2017-12-26,22.858044068450102,23.111852754793915,22.660072685301714,23.020483016967773,1041297,0.0,0.0
2017-12-27,23.122013444860382,23.289527584973133,23.116938311264636,23.23369026184082,1127950,0.0,0.0
2017-12-28,23.472262464165603,23.57378463358255,23.39611812370915,23.54332733154297,1567719,0.0,0.0
2017-12-29,23.6600828709067,23.675312609622875,23.253989789443644,23.345361709594727,1628477,0.0,0.0
2018-01-02,23.731149233860492,24.12709203902007,23.66515948990565,24.12201690673828,2971883,0.0,0.0
2018-01-03,24.19307981886236,24.26414686004468,24.000185734939706,24.218461990356445,2792747,0.0,0.0
2018-01-04,24.340290891022324,24.411357937629287,24.22861627421235,24.264148712158203,2648138,0.0,0.0
2018-01-05,24.29460677758541,24.441816007660005,24.172779721736106,24.43674087524414,1454385,0.0,0.0
2018-01-08,24.624559343432523,24.66516691407416,24.543339860718703,24.619482040405273,3178596,0.0,0.0
2018-01-09,24.77176742462408,24.96466370404982,24.695625241787393,24.792072296142578,2545679,0.0,0.0
2018-01-10,24.832684388766033,24.90375144580491,24.736237325285344,24.80730438232422,2537720,0.0,0.0
2018-01-11,25.040802778555697,25.284459035817115,25.00527034316667,25.213394165039062,4693067,0.0,0.0
2018-01-12,25.45197594523975,25.781929017730068,25.41136620273538,25.73116683959961,4317756,0.0,0.0
2018-01-16,25.304762726796564,25.5281162753772,24.91389727285294,24.979887008666992,5175657,0.0,0.0
2018-01-17,25.13724746001204,25.29968639673988,24.9697333918689,25.096637725830078,3328137,0.0,0.0
2018-01-18,25.05603338488887,25.167710177927376,24.83268196952722,25.04080581665039,2428871,0.0,0.0
2018-01-19,25.213397598845546,25.335224658710302,25.132178111792115,25.203245162963867,1373001,0.0,0.0
2018-01-22,25.05602799164812,25.12201989505125,24.95450582690811,25.096637725830078,2338518,0.0,0.0
2018-01-23,24.827608881572694,24.86821862784,24.553495264983926,24.746389389038086,3471289,0.0,0.0
2018-01-24,25.13725546756734,25.269237145701908,24.97481864980961,25.208322525024414,3315582,0.0,0.0
2018-01-25,25.3809065576849,25.46212603521143,24.797146989750793,24.827604293823242,2269016,0.0,0.0
2018-01-26,25.122025112956003,25.39613870490339,25.056033195846194,25.380908966064453,1918367,0.0,0.0
2018-01-29,25.512888046432597,25.523040481058853,25.066183093592343,25.116945266723633,2630987,0.0,0.0
2018-01-30,25.030650816924435,25.045880554318227,24.74638481629671,24.827604293823242,2366431,0.0,0.0
2018-01-31,24.92404784342093,25.040799740637933,24.72100134878894,24.883438110351562,2401406,0.0,0.0
2018-02-01,24.751464277604796,25.066185439037046,24.736234538882798,25.03065299987793,2367440,0.0,0.0
2018-02-02,24.80730146017231,24.817453895696254,24.228616976738177,24.279376983642578,2599487,0.0,0.0
2018-02-05,24.30983624335774,24.629636902698277,23.50272515186153,23.589019775390625,2907314,0.0,0.0
2018-02-06,23.401196812808948,24.345366719841767,23.355511942399822,24.228614807128906,4093668,0.0,0.0
2018-02-07,23.776837285242532,23.979883828705873,23.451961513271982,23.553485870361328,2666859,0.0,0.0
2018-02-08,23.43165731319972,23.482419493198794,22.70576356600154,22.720991134643555,4008472,0.0,0.0
2018-02-09,23.045869034980395,23.350439972264578,22.37073740570321,23.228612899780273,5012439,0.0,0.0
2018-02-12,23.340283097314995,23.81744537173616,23.335207965171147,23.75653076171875,3015266,0.0,0.0
2018-02-13,23.792062606286947,24.31998487185856,23.746377735269355,24.23369026184082,4173483,0.0,0.0
2018-02-14,23.903740661563322,25.203243695914214,23.868206052688176,25.015424728393555,7715507,0.0,0.0
2018-02-15,25.32506980934854,25.401211985847088,24.959584323154267,25.335222244262695,3648519,0.0,0.0
2018-02-16,25.00019697875769,25.1626359563305,24.528111956259856,24.715930938720703,4696205,0.0,0.0
2018-02-20,23.84790157757885,23.90881401407356,23.528100975084882,23.62962532043457,7622127,0.0,0.0
2018-02-21,23.66008465905253,24.07125724544972,23.492572715521902,23.589019775390625,4972756,0.0,0.0
2018-02-22,23.8428240233777,24.55349009189676,23.8428240233777,24.162622451782227,5482699,0.0,0.0
2018-02-23,24.319990067512993,24.517961502075195,24.24384787597849,24.517961502075195,1999976,0.0,0.0
2018-02-26,24.736231560276124,24.878365641228207,24.497650438321237,24.802221298217773,2676948,0.0,0.0
2018-02-27,24.629630009359754,24.629630009359754,24.116935373774705,24.259069442749023,2879849,0.0,0.0
2018-02-28,23.918971412052414,24.025570911432578,23.59409561023329,23.604248046875,2816064,0.0,0.0
2018-03-01,23.29460407077318,23.533183097138252,22.990033114971446,23.20830726623535,5681004,0.0,0.0
2018-03-02,22.93419372617152,23.096630541620623,22.60424062088234,23.061098098754883,5193929,0.0,0.0
2018-03-05,22.893581644832686,23.23368498135623,22.761599982034028,23.198152542114258,2650829,0.0,0.0
2018-03-06,23.665160310001703,23.893589026334023,23.58901812812938,23.690540313720703,2921999,0.0,0.0
2018-03-07,23.30982742350633,23.497646398845802,22.898657033188304,23.29967498779297,3829672,0.0,0.0
2018-03-08,23.258069027114097,23.263270996367215,22.987626674335683,23.24766731262207,5038559,0.981267,0.0
2018-03-09,23.518107451014835,23.757346861805416,23.403690826389866,23.549312591552734,2891059,0.0,0.0
2018-03-12,23.611725840037455,23.783353022558195,23.47130380197633,23.64293098449707,2240655,0.0,0.0
2018-03-13,23.835359927481232,23.87176481479423,23.263270100479975,23.29967498779297,3393155,0.0,0.0
2018-03-14,23.866565605134447,23.866565605134447,23.3880889702088,23.48690414428711,2285271,0.0,0.0
2018-03-15,23.455694912119657,23.648123239313833,23.398484386724757,23.512903213500977,1660874,0.0,0.0
2018-03-16,23.528512099666923,23.736546395871503,23.460902065407574,23.622127532958984,1580834,0.0,0.0
2018-03-19,23.32048290476432,23.325684874818393,22.748392967645668,22.99283218383789,3642017,0.0,0.0
2018-03-20,23.086439306611823,23.32047674489178,22.940817543780586,23.23206329345703,3812185,0.0,0.0
2018-03-21,23.232067085990103,23.928977545917526,23.216463401416757,23.83016014099121,5051674,0.0,0.0
2018-03-22,23.278872062280975,23.294475745762146,22.774392253973595,22.888811111450195,4878704,0.0,0.0
2018-03-23,23.14884852316346,23.40888912085463,22.85760278686768,22.88360595703125,2891171,0.0,0.0
2018-03-26,23.22686775213792,23.32048319815805,22.940823891987172,23.310081481933594,1914108,0.0,0.0
2018-03-27,23.528506794676566,23.554512187845827,22.831598731566462,22.93561363220215,2844425,0.0,0.0
2018-03-28,22.763989921258382,22.857605347559748,22.545556150569315,22.61836814880371,3167049,0.0,0.0
2018-03-29,22.982426145940423,23.22166334709044,22.836802148014414,23.10724449157715,3582828,0.0,0.0
2018-04-02,23.09164356027136,23.169655306079495,22.613166923018824,22.71718406677246,3288117,0.0,0.0
2018-04-03,23.034436780816073,23.26327228833518,22.80559904928262,22.956422805786133,2809562,0.0,0.0
2018-04-04,22.545559443528287,23.086444204241808,22.483149150211855,23.070842742919922,2184941,0.0,0.0
2018-04-05,23.024032073590337,23.21126293859847,22.977225469345438,23.133251190185547,3057976,0.0,0.0
2018-04-06,22.9772285409732,23.0812457021051,22.57156383657336,22.69638442993164,2606998,0.0,0.0
2018-04-09,22.6027616977002,22.90961111210265,22.41553309204053,22.691177368164062,3208078,0.0,0.0
2018-04-10,23.51290675878046,23.99138111305282,23.51290675878046,23.81455421447754,3862406,0.0,0.0
2018-04-11,23.788553451100345,24.13180779390794,23.74174462543576,23.980981826782227,2905632,0.0,0.0
2018-04-12,23.856163860577578,24.116204494353326,23.757348686624493,24.038192749023438,2080912,0.0,0.0
2018-04-13,24.313832632531483,24.449054906292762,24.25662432102408,24.3398380279541,4176622,0.0,0.0
2018-04-16,24.469857683253494,24.49586085397165,23.934172795137023,24.069395065307617,3486198,0.0,0.0
2018-04-17,24.22541592706662,24.313829366797446,24.13180274335807,24.2722225189209,2428198,0.0,0.0
2018-04-18,24.865122348963816,25.296790137294867,24.859920380036872,25.03154754638672,5249867,0.0,0.0
2018-04-19,25.093962098717626,25.2135807162194,24.745505737807324,24.833921432495117,3004728,0.0,0.0
2018-04-20,24.963934701834113,24.979536158826527,24.74029899151731,24.80790901184082,3033314,0.0,0.0
2018-04-23,24.657085313958806,24.79230757875002,24.50106184782892,24.573871612548828,1953118,0.0,0.0
2018-04-24,25.010743460910376,25.161567195613852,24.55307251202384,24.74030113220215,2784564,0.0,0.0
2018-04-25,24.594677261915148,24.662287282303843,24.360639838706497,24.573871612548828,1411900,0.0,0.0
2018-04-26,24.828716407831106,24.8547218056624,24.542672599786115,24.657089233398438,1330067,0.0,0.0
2018-04-27,24.26702522954045,24.308632081625507,24.09539807669653,24.19941520690918,2428422,0.0,0.0
2018-04-30,24.251428983865857,24.506267671633122,24.22542358371695,24.3138370513916,1851668,0.0,0.0
2018-05-01,24.12140046412277,24.142203889489902,23.76254471256052,24.079795837402344,1780933,0.0,0.0
2018-05-02,24.44385175718906,24.667487471756942,24.371041991155312,24.417848587036133,1780933,0.0,0.0
2018-05-03,24.599873479501454,24.870315746298274,24.371038057444682,24.781902313232422,2489517,0.0,0.0
2018-05-04,24.735093663428223,25.19796643656417,24.657079724035732,25.104351043701172,2228100,0.0,0.0
2018-05-07,25.099159010210965,25.17197101125507,24.802713484838403,24.885927200317383,1733514,0.0,0.0
2018-05-08,24.802708558793228,24.802708558793228,24.495859155914694,24.750699996948242,1483419,0.0,0.0
2018-05-09,25.125165128820655,25.59323784378445,25.09395998462117,25.56203269958496,2894086,0.0,0.0
2018-05-10,25.69724940649785,25.98329538748816,25.608835962487426,25.941688537597656,2833328,0.0,0.0
2018-05-11,26.36296066300984,26.518984162224207,26.196533224899262,26.217336654663086,3240475,0.0,0.0
2018-05-14,26.498175151434893,26.794620602229877,26.498175151434893,26.62299346923828,2492207,0.0,0.0
2018-05-15,26.269344419495546,26.456575281599807,26.118520670363118,26.352558135986328,3202361,0.0,0.0
2018-05-16,26.742619860245767,26.955853902839923,26.73221814538717,26.768625259399414,2918187,0.0,0.0
2018-05-17,26.711407675090108,26.893436525129385,26.576187641583832,26.72180938720703,2845995,0.0,0.0
2018-05-18,26.47217204320986,26.596992595793147,26.284943438348765,26.425365447998047,1754365,0.0,0.0
2018-05-21,26.685409015940106,26.903842783291346,26.649001905372177,26.779022216796875,1849874,0.0,0.0
2018-05-22,27.023460202252664,27.11707562304062,26.576190973182648,26.596994400024414,3296973,0.0,0.0
2018-05-23,26.368158192488274,26.53458561661245,26.113319535319302,26.51898193359375,2616414,0.0,0.0
2018-05-24,26.19653221875553,26.492979969497025,26.082115583463263,26.461774826049805,2421696,0.0,0.0
2018-05-25,25.952090316505092,25.952090316505092,25.42680717131351,25.494417190551758,4022372,0.0,0.0
2018-05-29,25.151163595391694,25.379999052669405,24.93792959528603,25.036746978759766,2313856,0.0,0.0
2018-05-30,25.380002073256062,25.822073807266207,25.28638887105477,25.70765495300293,1980919,0.0,0.0
2018-05-31,25.910484288084902,26.030102873612314,25.759660564070273,25.889680862426758,2255116,0.0,0.0
2018-06-01,26.165320980515062,26.24853244590447,26.030098735235324,26.12891387939453,2138083,0.0,0.0
2018-06-04,26.295349227938335,26.368159004219965,26.07171348189401,26.10291862487793,1547204,0.0,0.0
2018-06-05,26.20172989140601,26.331750189108075,26.165325008694417,26.295345306396484,1953679,0.0,0.0
2018-06-06,26.643801489767075,27.02346070060989,26.643801489767075,27.018260955810547,3197316,0.0,0.0
2018-06-07,26.88824561328671,27.13268259230609,26.810231634777033,26.919450759887695,3091158,0.0,0.0
2018-06-08,26.82582829206378,26.929845420149245,26.727013132389516,26.872634887695312,1378270,0.0,0.0
2018-06-11,26.96105638542901,27.054669596923866,26.836235804750086,26.955854415893555,874716,0.0,0.0
2018-06-12,26.622997571569627,26.75301787732368,26.461772125552926,26.596994400024414,2130797,0.0,0.0
2018-06-13,26.482575593250125,26.612595899204763,26.305746464822306,26.362957000732422,2659236,0.0,0.0
2018-06-14,26.373358829993396,26.51898059473596,26.16532678435516,26.191329956054688,1625002,0.0,0.0
2018-06-15,25.634844453262552,25.65044813721759,25.13556659895778,25.3279972076416,3738647,0.0,0.0
2018-06-18,25.125161895975555,25.52562452565355,25.067953584311265,25.468416213989258,2089208,0.0,0.0
2018-06-19,24.63628277403879,24.844317035040525,24.495860759869572,24.776704788208008,3058536,0.0,0.0
2018-06-20,24.958733099536555,24.995140206409182,24.67788907744363,24.844316482543945,2236731,0.0,0.0
2018-06-21,24.865120613545038,25.02634605480262,24.781906908634305,24.901525497436523,2084500,0.0,0.0
2018-06-22,25.426811241471224,25.55162958742857,25.203175498946035,25.447614669799805,2858886,0.0,0.0
2018-06-25,24.90152534480905,24.948331941527485,24.620681316470613,24.776704788208008,3487879,0.0,0.0
2018-06-26,25.000340311135417,25.494418341127226,24.91712660738592,25.39560317993164,5327328,0.0,0.0
2018-06-27,25.588036283421296,26.076912393174585,25.567232855430593,25.645244598388672,5054477,0.0,0.0
2018-06-28,25.53603093031928,26.040510786623976,25.458019177533753,26.01450538635254,4695981,0.0,0.0
2018-06-29,26.191327179224796,26.39415945862425,25.96249173088269,26.00929832458496,1557181,0.0,0.0
2018-07-02,25.348801201654126,25.47361955600404,25.099160044925714,25.260385513305664,3397751,0.0,0.0
2018-07-03,25.884481111813955,25.900084794401437,25.28638813293168,25.333194732666016,1872631,0.0,0.0
2018-07-05,25.447612613106067,25.536026064349834,25.229178857324065,25.322792053222656,2481446,0.0,0.0
2018-07-06,25.275987865993127,26.004101196048914,25.218777325249743,25.785667419433594,2587829,0.0,0.0
2018-07-09,26.144522047098107,26.529383235391222,26.087313732951376,26.43577003479004,2165996,0.0,0.0
2018-07-10,26.378558442660207,26.638599054409582,26.342153557660332,26.6177978515625,2321367,0.0,0.0
2018-07-11,25.81687027669336,25.83247395879252,25.3487976219563,25.468416213989258,4313496,0.0,0.0
2018-07-12,25.68685070479448,25.832474696479903,25.50482182719473,25.822072982788086,2742863,0.0,0.0
2018-07-13,25.530825315706366,25.593233369179934,25.317591312964524,25.54642677307129,2218235,0.0,0.0
2018-07-16,25.312390528462686,25.333193955264893,25.000341350443527,25.21357536315918,2376184,0.0,0.0
2018-07-17,24.98994511762225,25.4268149522652,24.94833825489297,25.34360122680664,2420239,0.0,0.0
2018-07-18,25.53082232611036,25.993695160586856,25.47361179977247,25.920883178710938,2485593,0.0,0.0
2018-07-19,25.26558647225542,25.416410219739543,25.05235243808528,25.208375930786133,3485525,0.0,0.0
2018-07-20,24.8495176181345,25.23437878996139,24.839115904733394,25.21357536315918,3478911,0.0,0.0
2018-07-23,25.208375476012293,25.275987730709492,24.95873655778604,25.08355712890625,2824584,0.0,0.0
2018-07-24,26.08212152609761,26.36816540351564,26.061318092392874,26.076919555664062,3375892,0.0,0.0
2018-07-25,25.837673735497958,26.31614810422267,25.780465423762784,26.300546646118164,1469631,0.0,0.0
2018-07-26,25.837673102153776,26.17572544359549,25.7856645363903,26.03010368347168,1993811,0.0,0.0
2018-07-27,26.52418312853735,26.74781886117069,26.310949109608213,26.399362564086914,1981031,0.0,0.0
2018-07-30,26.550187889103036,26.8622370948828,26.529384460450107,26.680208206176758,2798240,0.0,0.0
2018-07-31,27.158683800537755,27.366715855081683,27.096273516970346,27.179487228393555,2333362,0.0,0.0
2018-08-01,26.716617185356625,26.763423791089597,26.46177627855635,26.63860321044922,2618208,0.0,0.0
2018-08-02,25.744057943100593,26.014500263780928,25.64004303453982,25.98329734802246,2983878,0.0,0.0
2018-08-03,26.00410764389052,26.2901537464914,25.93649759608139,26.201740264892578,1853574,0.0,0.0
2018-08-06,25.931290278243242,26.030105447884928,25.811671680886032,25.905284881591797,2077886,0.0,0.0
2018-08-07,26.64900070925403,26.70621124500319,26.248538079079825,26.300546646118164,2218235,0.0,0.0
2018-08-08,26.34215589951746,26.357757359043262,25.931291518505876,26.165328979492188,2582784,0.0,0.0
2018-08-09,26.154933544064182,26.222543591597212,25.988506074426297,26.076919555664062,1636548,0.0,0.0
2018-08-10,25.432008607161496,25.645242615572506,25.406005436190664,25.58283233642578,1897405,0.0,0.0
2018-08-13,25.59323723298694,25.67124897961673,25.260384593483717,25.291589736938477,1979574,0.0,0.0
2018-08-14,25.56203122129628,25.785666963118977,25.458016303994253,25.66084861755371,2269689,0.0,0.0
2018-08-15,24.693490301775412,24.72989518101204,24.095395210224996,24.42304801940918,4991925,0.0,0.0
2018-08-16,24.709094849015678,24.85471883220975,24.553071376750232,24.584274291992188,2399725,0.0,0.0
2018-08-17,24.480261350724575,25.00034259871969,24.4126490982345,24.922330856323242,2571238,0.0,0.0
2018-08-20,25.208369781204244,25.249976628844934,25.026343158796713,25.125158309936523,1650897,0.0,0.0
2018-08-21,24.9743426788817,24.9743426788817,24.568678007159015,24.67269515991211,2885678,0.0,0.0
2018-08-22,25.00033895974394,25.135561221027444,24.901523803889802,25.067951202392578,2857317,0.0,0.0
2018-08-23,24.84951401384839,24.901522573310352,24.599875152444607,24.615476608276367,2926371,0.0,0.0
2018-08-24,25.057556614680458,25.317597274765454,25.005548037860574,25.20317840576172,1992578,0.0,0.0
2018-08-27,25.327995179295215,25.5932355451471,25.301989782790827,25.499622344970703,1942133,0.0,0.0
2018-08-28,25.96249512630127,26.04570661220854,25.62964251063002,25.65044593811035,1635987,0.0,0.0
2018-08-29,25.692050542688225,25.941689426572122,25.634840010121394,25.889680862426758,1390264,0.0,0.0
2018-08-30,25.588034630967922,25.64004319758601,25.223976888655272,25.322792053222656,1246104,0.0,0.0
2018-08-31,25.192771342694748,25.296788474254654,24.901525598340942,24.984739303588867,1810079,0.0,0.0
2018-09-04,24.53747085160296,24.599881138143132,24.35544196120123,24.568675994873047,2386721,0.0,0.0
2018-09-05,24.475058102623493,24.672690656783526,24.293029230535712,24.360641479492188,2911125,0.0,0.0
2018-09-06,24.39805274810809,24.414087773858082,23.868938037249944,24.093412399291992,2780865,1.123996,0.0
2018-09-07,23.719292645456083,23.831528692708357,23.52688603402862,23.740671157836914,2140437,0.0,0.0
2018-09-10,23.778083895184693,23.820840922613808,23.41465144753153,23.441375732421875,1986412,0.0,0.0
2018-09-11,23.142074542830276,23.59636444694422,23.08328249824919,23.591018676757812,2041789,0.0,0.0
2018-09-12,23.617742014588018,23.906349599312815,23.569639226804693,23.87962532043457,2690848,0.0,0.0
2018-09-13,24.146857672569634,24.189612406640368,23.917039835156764,24.0987548828125,1533192,0.0,0.0
2018-09-14,24.41408577245274,24.4621862747716,24.221679192189708,24.301847457885742,1625786,0.0,0.0
2018-09-17,24.365984476225172,24.547701813153132,24.130823149224096,24.173580169677734,1999864,0.0,0.0
2018-09-18,24.558393883379843,24.74545472656021,24.488912574431115,24.686662673950195,1600003,0.0,0.0
2018-09-19,25.09284784985571,25.424212454348865,25.07681511082905,25.290597915649414,1639238,0.0,0.0
2018-09-20,25.782293378666445,25.878496648137084,25.691435878024162,25.798328399658203,1639911,0.0,0.0
2018-09-21,26.25262405499821,26.39158207868191,26.145731509477052,26.30607032775879,2245924,0.0,0.0
2018-09-24,26.43968289301137,26.56260816843659,26.20986508004524,26.2900333404541,1658632,0.0,0.0
2018-09-25,26.717606592507497,26.861910404538566,26.685538824779027,26.712263107299805,2718873,0.0,0.0
2018-09-26,26.407617128251424,26.733635964158818,26.343481600878025,26.503820419311523,3032193,0.0,0.0
2018-09-27,26.52519743583872,26.632087689952428,26.370204396154847,26.477094650268555,2016679,0.0,0.0
2018-09-28,26.41295966796014,26.760359286058883,26.386237675257345,26.637434005737305,2854402,0.0,0.0
2018-10-01,26.72829812542611,27.086384800658625,26.525204531338158,26.952770233154297,2488284,0.0,0.0
2018-10-02,26.88863983318051,27.13983396688753,26.851226287589796,26.974151611328125,2572471,0.0,0.0
2018-10-03,27.000870645250007,27.08103892156846,26.712263022108306,26.76570701599121,2705421,0.0,0.0
2018-10-04,27.097066385502682,27.171891162058415,26.63208727371824,26.728290557861328,2814607,0.0,0.0
2018-10-05,26.445031221821935,26.445031221821935,26.001430538000818,26.28469467163086,3558054,0.0,0.0
2018-10-08,25.947983820897857,26.295383482930625,25.83040429554334,26.22590446472168,2421584,0.0,0.0
2018-10-09,26.086941752187318,26.530542387859416,25.93194870392854,26.30607032775879,1956706,0.0,0.0
2018-10-10,25.996082647715028,26.001426131918688,25.45093526975186,25.46162223815918,4404633,0.0,0.0
2018-10-11,25.360084543883335,25.771617538096915,25.17302367642362,25.48835563659668,5102568,0.0,0.0
2018-10-12,25.857124849753433,25.883849129839426,25.27456616949687,25.5524845123291,3274553,0.0,0.0
2018-10-15,25.616619134625314,25.905226747920278,25.525761605531347,25.702133178710938,2695781,0.0,0.0
2018-10-16,25.79833601390696,25.94798330286896,25.744889737315543,25.910572052001953,3051026,0.0,0.0
2018-10-17,25.734203880935723,25.739547366553637,25.29060315487773,25.541799545288086,2420800,0.0,0.0
2018-10-18,25.178360880689798,25.27990765178769,24.750793002626686,24.80423927307129,3489897,0.0,0.0
2018-10-19,24.868374361708412,25.12491416985213,24.761481822692833,24.900442123413086,2077101,0.0,0.0
2018-10-22,24.932511792629825,25.25853063332956,24.793551481278133,25.167673110961914,2445349,0.0,0.0
2018-10-23,24.50494195908366,24.7454490285775,24.104098366923033,24.659934997558594,3192608,0.0,0.0
2018-10-24,24.33391665097124,24.414087206871383,23.526883605630683,23.537572860717773,3692798,0.0,0.0
2018-10-25,23.81014871292911,24.0025530270047,23.697912672593844,23.79945945739746,3893906,0.0,0.0
2018-10-26,23.366544717732474,23.938416379208494,23.36119894797893,23.815488815307617,4215072,0.0,0.0
2018-10-29,24.43012053481066,24.435464019735864,23.430683159339008,23.67119026184082,3234982,0.0,0.0
2018-10-30,23.79945755597388,24.243058196855287,23.713943518552743,24.2216796875,3217943,0.0,0.0
2018-10-31,24.51028829380417,24.87372068240778,24.446155048575005,24.681316375732422,3454474,0.0,0.0
2018-11-01,25.520417194868948,25.990739849292716,25.35473488320954,25.921260833740234,5063109,0.0,0.0
2018-11-02,26.044184697508616,26.193834261028684,25.56851629884626,25.686098098754883,2914824,0.0,0.0
2018-11-05,26.086945532373615,26.19918157868774,25.72885888122911,25.867816925048828,2703179,0.0,0.0
2018-11-06,25.79299118344994,25.878505229112513,25.55782984337191,25.691444396972656,2470908,0.0,0.0
2018-11-07,26.18848751644641,26.24193378714322,25.889190686037985,26.15641975402832,1895051,0.0,0.0
2018-11-08,26.092290921065246,26.199183489873537,25.67006870251395,25.739547729492188,1510323,0.0,0.0
2018-11-09,25.22645953935238,25.27990580589443,24.975263229351505,25.199737548828125,2954956,0.0,0.0
2018-11-12,25.573859129128948,25.589891866344793,25.194391779427146,25.199737548828125,2342666,0.0,0.0
2018-11-13,25.189051542552274,25.34938807735331,24.85234116267996,24.953887939453125,2483127,0.0,0.0
2018-11-14,24.686654619238062,24.852336895682527,24.526318111965846,24.78285789489746,2155347,0.0,0.0
2018-11-15,24.73476027527321,25.263872639176512,24.547699471380515,25.183704376220703,2277872,0.0,0.0
2018-11-16,25.30663589722575,25.64334634147696,25.263878870305327,25.541799545288086,2955068,0.0,0.0
2018-11-19,25.48300508048089,25.59524112278519,25.34939052673824,25.42421531677246,2962130,0.0,0.0
2018-11-20,24.92716934384051,25.001994136845756,24.456846644510133,24.585115432739258,3779676,0.0,0.0
2018-11-21,24.820274435079366,25.119571293300826,24.804241695127295,24.921823501586914,3006186,0.0,0.0
2018-11-23,24.082721703297597,24.12547643658732,23.601707527476357,23.9277286529541,2565745,0.0,0.0
2018-11-26,23.740669736400523,23.917041310235305,23.569641647593937,23.772737503051758,2279890,0.0,0.0
2018-11-27,23.510850407912738,23.612397186515686,23.32913536046471,23.591018676757812,3625650,0.0,0.0
2018-11-28,23.772736069642665,24.339262008666992,23.38792517852456,24.339262008666992,4106559,0.0,0.0
2018-11-29,24.09875443396274,24.22167972017453,23.868936600830327,24.03996467590332,2985223,0.0,0.0
2018-11-30,23.612401501132734,23.746016068787444,23.468097676645876,23.70860481262207,3899735,0.0,0.0
2018-12-03,25.03940535242025,25.156987169820628,24.756143493287837,24.852344512939453,2969305,0.0,0.0
2018-12-04,24.884413272267828,25.146298915068577,24.467534552196067,24.520980834960938,3667800,0.0,0.0
2018-12-06,23.633775213418495,23.991861816306052,23.473436393510298,23.981172561645508,5618564,0.0,0.0
2018-12-07,24.39805705970035,24.563739403930224,23.783428197543124,23.82618522644043,4502721,0.0,0.0
2018-12-10,24.13616566701458,24.232368959180864,23.665843031855974,23.997207641601562,7308808,0.0,0.0
2018-12-11,24.55304865703356,24.675973964908057,24.25909524394638,24.537015914916992,6629034,0.0,0.0
2018-12-12,25.082158980025763,25.205084266094815,24.868376171926606,24.911130905151367,5175993,0.0,0.0
2018-12-13,25.466977121144456,25.53111266750113,25.210437221212256,25.48835563659668,5505567,0.0,0.0
2018-12-14,24.91113433652235,24.980615644257657,24.606493964430562,24.670629501342773,3875970,0.0,0.0
2018-12-17,25.552488342172282,25.750238445373373,25.034062828333198,25.11423110961914,6876662,0.0,0.0
2018-12-18,25.525760690713533,25.750235048393357,25.215774577506757,25.344045639038086,6136242,0.0,0.0
2018-12-19,25.728849671509188,26.038835701985526,25.0981883582817,25.19438934326172,7449718,0.0,0.0
2018-12-20,25.370768538410932,25.41352556044538,24.788207541432588,24.996646881103516,5281704,0.0,0.0
2018-12-21,25.32267091066469,25.825061405705373,25.066131034782334,25.17302131652832,5140794,0.0,0.0
2018-12-24,25.24784423355296,25.429559298835986,24.67597246964256,24.708040237426758,1921394,0.0,0.0
2018-12-26,24.761487363339246,25.82506036530218,24.56908303555236,25.81437110900879,3252245,0.0,0.0
2018-12-27,25.02871230307581,25.63265175449762,25.00199030955446,25.62730598449707,3572851,0.0,0.0
2018-12-28,25.825055612922572,25.835744867248906,25.52041529286269,25.61127281188965,2679526,0.0,0.0
2018-12-31,25.93194818558772,25.947980924348517,25.499036813120988,25.809022903442383,1779700,0.0,0.0
2019-01-02,24.927166487615686,25.600584976512405,24.82561970863402,25.579206466674805,2246036,0.0,0.0
2019-01-03,25.253183854925805,25.32266515057436,24.74544998976334,24.793550491333008,4429632,0.0,0.0
2019-01-04,25.664719625619455,26.4824418851218,25.579205589202527,26.30607032775879,4479964,0.0,0.0
2019-01-07,26.386244257192363,26.69088464906915,26.241940432515086,26.44503402709961,3451223,0.0,0.0
2019-01-08,26.562608682852854,26.701568984347162,26.29003384959163,26.364858627319336,3259420,0.0,0.0
2019-01-09,26.664155945384806,26.760359232812167,26.391581107087475,26.50916290283203,4292533,0.0,0.0
2019-01-10,26.247198837122088,26.559333527153438,26.208180511164215,26.498022079467773,2381565,1.819804,0.0
2019-01-11,26.44228093880821,26.470149126106964,26.230473657938457,26.308507919311523,1938545,0.0,0.0
2019-01-14,26.22490077820989,26.537035437847027,26.11342326279445,26.27506446838379,2045040,0.0,0.0
2019-01-15,26.34195532786173,26.654090039046192,26.275068807566523,26.492448806762695,2948230,0.0,0.0
2019-01-16,26.45342978644535,26.52031391543871,26.241622496800048,26.38654327392578,2136962,0.0,0.0
2019-01-17,26.252767418353788,26.83244808083024,26.252767418353788,26.670806884765625,2418782,0.0,0.0
2019-01-18,26.994086624686673,27.016379740739712,26.715392879952198,26.77670669555664,2667420,0.0,0.0
2019-01-22,26.10227449300162,26.169160999641633,25.79013984554087,25.84587860107422,2541195,0.0,0.0
2019-01-23,26.03539170656573,26.10227822276318,25.7567002726027,25.9350643157959,1941572,0.0,0.0
2019-01-24,25.912762679153538,26.07997654655619,25.912762679153538,25.98522186279297,1238705,0.0,0.0
2019-01-25,26.631793996540875,27.17245644942777,26.525891533300438,26.871469497680664,4236932,0.0,0.0
2019-01-28,26.882617250838944,26.971799276105177,26.70982826864883,26.871469497680664,3012127,0.0,0.0
2019-01-29,27.311798375420715,27.49016240115809,27.200320859334855,27.373109817504883,3384299,0.0,0.0
2019-01-30,27.7800039491924,28.487880278416434,27.752133376010352,28.27607536315918,4049613,0.0,0.0
2019-01-31,28.25377738946332,28.565912050557063,28.17574312830836,28.532468795776367,2671455,0.0,0.0
2019-02-01,28.381979450873757,28.577063940247285,28.320667999994004,28.476734161376953,1527475,0.0,0.0
2019-02-04,28.292788761153282,28.588202938932902,28.209181829460725,28.49344825744629,2699256,0.0,0.0
2019-02-05,28.471155953363436,28.54918782715414,28.398696763332364,28.51017189025879,1534873,0.0,0.0
2019-02-06,28.276070410560287,28.588205044254668,28.259347592874825,28.43213653564453,2791963,0.0,0.0
2019-02-07,28.38197825891687,28.437717022615086,28.00295704929537,28.131155014038086,2605989,0.0,0.0
2019-02-08,28.08656276227882,28.303942739335323,28.0141035644354,28.25935173034668,2708336,0.0,0.0
2019-02-11,28.170167688315487,28.415415815854587,28.164592621301075,28.370824813842773,2407123,0.0,0.0
2019-02-12,28.44886584499735,28.627227512011466,28.37640425770203,28.565916061401367,2686925,0.0,0.0
2019-02-13,28.91148951393332,29.073130717747105,28.78329156437681,28.7944393157959,2522138,0.0,0.0
2019-02-14,28.733127050633506,29.084280047629626,28.6996837945612,28.96722984313965,1490482,0.0,0.0
2019-02-15,29.262643378564345,29.42428460044219,29.078706651356704,29.407564163208008,2007711,0.0,0.0
2019-02-19,29.374117740000745,29.981666619481622,29.340674485609735,29.652809143066406,2663160,0.0,0.0
2019-02-20,29.881337247031254,30.343965363533663,29.808878053332975,30.193471908569336,2502296,0.0,0.0
2019-02-21,29.70854526847799,29.831170523714874,29.457722074529116,29.758708953857422,2995873,0.0,0.0
2019-02-22,30.226912333215758,30.382980841134973,30.14887807925615,30.265928268432617,1379278,0.0,0.0
2019-02-25,30.098718526441704,30.265932424361463,30.015111577481825,30.18790054321289,2047731,0.0,0.0
2019-02-26,30.22691482676145,30.483310727396887,30.210194391296568,30.366260528564453,1246888,0.0,0.0
2019-02-27,30.433152934565555,30.505612141497416,30.232493368948273,30.254791259765625,2277312,0.0,0.0
2019-02-28,29.619372087203413,29.714129186237724,29.457730848916132,29.4856014251709,2710578,0.0,0.0
2019-03-01,29.546908506939452,29.669533780555874,29.201330573910308,29.268217086791992,4796535,0.0,0.0
2019-03-04,29.3685490266426,29.480026565398415,29.25707387141338,29.424287796020508,1971727,0.0,0.0
2019-03-05,29.424285572602493,29.546910855967827,29.40199006653607,29.480024337768555,1079523,0.0,0.0
2019-03-06,29.92035169192952,29.95379494508795,29.591496611160604,29.669530868530273,1880029,0.0,0.0
2019-03-07,29.601233982152994,29.658148887120987,29.390650050681952,29.532936096191406,2078670,0.981267,0.0
2019-03-08,29.089007035210493,29.419111104265415,29.032092120921465,29.396345138549805,1641256,0.0,0.0
2019-03-11,29.578469450000583,29.709372520844347,29.510171560737447,29.669530868530273,1424006,0.0,0.0
2019-03-12,29.72075484945361,29.874423880009132,29.663839942984694,29.75490379333496,1388807,0.0,0.0
2019-03-13,30.17038079949297,30.232985983515636,29.94841386764011,30.056550979614258,1263591,0.0,0.0
2019-03-14,29.80043541619893,29.863040595769085,29.686605604415846,29.70937156677246,2223167,0.0,0.0
2019-03-15,29.527245466025906,29.68660721114738,29.487406246656143,29.663841247558594,2487387,0.0,0.0
2019-03-18,30.039477816536134,30.244369059130843,29.988253180521514,30.176071166992188,1743379,0.0,0.0
2019-03-19,30.745214659599537,30.745214659599537,29.98255981044487,30.073623657226562,4672328,0.0,0.0
2019-03-20,29.988248214437398,30.585851020955126,29.7719740256348,30.38665008544922,3733603,0.0,0.0
2019-03-21,30.454951010922716,30.602929767511455,30.181761894118452,30.557397842407227,2837812,0.0,0.0
2019-03-22,30.130542793213433,30.27851913119553,29.7207578589637,29.737831115722656,2541980,0.0,0.0
2019-03-25,29.817510420692496,30.187453679963497,29.789054182987506,29.999635696411133,2358920,0.0,0.0
2019-03-26,30.415113673079915,30.546016748934083,30.341125507123483,30.449262619018555,2931527,0.0,0.0
2019-03-27,30.63708056781444,30.71106873368162,30.38665496456648,30.65415382385254,3216934,0.0,0.0
2019-03-28,30.711072414591285,30.80213628123238,30.580169323205485,30.73952865600586,2010289,0.0,0.0
2019-03-29,31.177767604205695,31.274521731036966,30.944417697974156,31.11515998840332,3293722,0.0,0.0
2019-04-01,31.99733599354225,32.09409255726213,31.82090098980071,31.87212562561035,4157565,0.0,0.0
2019-04-02,31.877813716446706,31.974567839718855,31.781059593174557,31.934728622436523,3440237,0.0,0.0
2019-04-03,32.35020766323551,32.378666336552286,31.963188689934036,32.042869567871094,3890206,0.0,0.0
2019-04-04,31.88919817465041,32.00302799190228,31.735529138270984,31.97456932067871,1971839,0.0,0.0
2019-04-05,32.071324701180565,32.207920487218416,31.963187587477908,32.05994415283203,1354392,0.0,0.0
2019-04-08,32.39573109104179,32.532326845940695,32.264828042840705,32.51525115966797,1646637,0.0,0.0
2019-04-09,32.3502058326419,32.435576980118604,32.11685592022715,32.16238784790039,1341949,0.0,0.0
2019-04-10,32.367276951092364,32.583551143173906,32.28759608891779,32.44126510620117,1831602,0.0,0.0
2019-04-11,32.09408797460343,32.23068130500897,31.94041652293824,32.071319580078125,954195,0.0,0.0
2019-04-12,32.458340315597674,32.53802118257358,32.287598034470335,32.344512939453125,1614240,0.0,0.0
2019-04-15,31.980264725512875,32.09978482679649,31.849361641544093,31.88351058959961,1370647,0.0,0.0
2019-04-16,31.911959300244614,31.974564473331593,31.34281516790997,31.51355743408203,3042058,0.0,0.0
2019-04-17,31.274522725560715,31.411116075483456,31.007023865972698,31.37127685546875,2202317,0.0,0.0
2019-04-18,31.206228695744855,31.3029828376271,31.115164828645543,31.274526596069336,1275025,0.0,0.0
2019-04-22,31.120849254423362,31.439570270621672,31.109466274065532,31.376962661743164,1578368,0.0,0.0
2019-04-23,30.96149547287418,31.240377346280283,30.853358348641667,31.12085723876953,1850435,0.0,0.0
2019-04-24,30.785060050244216,30.785060050244216,30.30128691791715,30.33543586730957,1680715,0.0,0.0
2019-04-25,30.261445288002708,30.449263277818236,30.085010280413005,30.363889694213867,1508418,0.0,0.0
2019-04-26,30.278515164801917,30.454950152698284,30.227292967413657,30.324047088623047,1324686,0.0,0.0
2019-04-29,30.341128722722672,30.386658221644897,30.238681874049274,30.35820198059082,1053516,0.0,0.0
2019-04-30,30.24436757575518,30.278516520149626,30.113464505820367,30.13623046875,1375691,0.0,0.0
2019-05-01,30.221601722368483,30.25575066688671,29.515861736634122,29.550010681152344,3445730,0.0,0.0
2019-05-02,29.390653906843646,29.62969410525112,29.356504959382384,29.436185836791992,1645516,0.0,0.0
2019-05-03,29.76628858965542,30.113465889553616,29.74352262567968,30.056550979614258,1765239,0.0,0.0
2019-05-06,29.100386488374255,29.578469276592212,29.071930251592025,29.53862762451172,1769723,0.0,0.0
2019-05-07,29.63538292513379,29.669529434293544,29.254054278758773,29.532936096191406,1569288,0.0,0.0
2019-05-08,29.197143424961553,29.56708914167379,29.16868718543971,29.470335006713867,1798869,0.0,0.0
2019-05-09,29.026398702494088,29.350810028071727,28.884112649093534,29.282514572143555,1540702,0.0,0.0
2019-05-10,29.25405987399485,29.646771576474908,29.09470054342588,29.52155876159668,1482410,0.0,0.0
2019-05-13,28.96379189303942,29.037780052533353,28.576772973360256,28.82719612121582,2634014,0.0,0.0
2019-05-14,29.162997019089833,29.26544387117622,29.009327957871047,29.168689727783203,1525121,0.0,0.0
2019-05-15,28.798740156771444,29.305279207462558,28.758900936491504,29.265439987182617,1678698,0.0,0.0
2019-05-16,29.36219504097713,29.82889488606285,29.36219504097713,29.618310928344727,1768490,0.0,0.0
2019-05-17,29.606926841425746,29.79474482731246,29.55001193148716,29.635385513305664,2259151,0.0,0.0
2019-05-20,29.52724809950192,29.840278909855655,29.47602589376936,29.777673721313477,3506824,0.0,0.0
2019-05-21,29.715064269986375,29.817511108967313,29.521556007954768,29.78905487060547,5279237,0.0,0.0
2019-05-22,29.652462139384074,29.715067330520984,29.402038941014897,29.458953857421875,1372889,0.0,0.0
2019-05-23,29.100385541958246,29.276820532204958,28.90687729696169,29.18575668334961,2040444,0.0,0.0
2019-05-24,29.77767293349489,29.98256418482581,29.64676985155828,29.86873435974121,2506892,0.0,0.0
2019-05-28,30.358194316514847,30.50617062675312,30.25005722045898,30.250057220458984,1906485,0.0,0.0
2019-05-29,29.66953019232668,29.976870687006134,29.641073956026165,29.959794998168945,2448040,0.0,0.0
2019-05-30,29.982558517547663,30.03947341933196,29.82888949964052,29.880111694335938,2021836,0.0,0.0
2019-05-31,29.356503078090597,29.68091440745086,29.322354132817747,29.544321060180664,2316659,0.0,0.0
2019-06-03,29.476020975716317,29.880113147303064,29.453255013895568,29.81181526184082,3204603,0.0,0.0
2019-06-04,29.919950803843914,30.20452285479908,29.7833550511515,30.170373916625977,1467053,0.0,0.0
2019-06-05,30.11915574642092,30.221600140793264,29.75490279110997,29.81181526184082,2716071,0.0,0.0
2019-06-06,29.897188217878966,30.079313474861078,29.85734656860531,30.005325317382812,2797343,0.0,0.0
2019-06-07,30.164687109184793,30.585852527395506,30.10777220569119,30.221599578857422,2430552,0.0,0.0
2019-06-10,30.52894216011573,30.637079267290012,30.261443312184824,30.35250473022461,3142163,0.0,0.0
2019-06-11,31.24606828595806,31.39973978039535,31.16638983513627,31.33144187927246,4382886,0.0,0.0
2019-06-12,31.28590199162106,31.57616434686985,31.17776489257812,31.177764892578125,2016455,0.0,0.0
2019-06-13,31.530637313597104,31.638774421061097,31.42249777231196,31.570476531982422,2005245,0.0,0.0
2019-06-14,31.257443354809432,31.36558288778288,31.14361598224832,31.28590202331543,1333654,0.0,0.0
2019-06-17,31.325744608955834,31.38265951827031,31.211917224148106,31.217607498168945,912494,0.0,0.0
2019-06-18,31.75260241498806,32.145314067856624,31.689997232368647,32.082706451416016,1575341,0.0,0.0
2019-06-19,31.6729243408561,31.775368743807377,31.39404250210824,31.718456268310547,1885074,0.0,0.0
2019-06-20,32.458339918512074,32.566479453566956,32.16807755738238,32.492488861083984,2835233,0.0,0.0
2019-06-21,32.384348669956914,32.50956144744029,32.20791370041345,32.21360397338867,1381969,0.0,0.0
2019-06-24,32.435568524964225,32.65753539759936,32.37865606402959,32.634769439697266,1626235,0.0,0.0
2019-06-25,32.82259545847976,32.953498531743136,32.47541816570668,32.48680114746094,1815235,0.0,0.0
2019-06-26,32.75998926055815,33.038871087984745,32.6575424279445,32.936424255371094,1530277,0.0,0.0
2019-06-27,33.16408134766406,33.24945492482364,32.987646353393316,33.12993240356445,1956145,0.0,0.0
2019-06-28,33.226686138841856,33.28929131412772,33.02179249165388,33.07301712036133,1357419,0.0,0.0
2019-07-01,33.53402667102231,33.56248290722757,33.118551506263145,33.26083755493164,2284934,0.0,0.0
2019-07-02,33.44296464850405,33.590943412792384,33.29498831803695,33.56248474121094,1452928,0.0,0.0
2019-07-03,33.460037755206635,33.53971862792969,33.306368717579915,33.53971862792969,1169651,0.0,0.0
2019-07-05,31.963187251882257,32.27052533341926,31.769678990848313,32.219303131103516,2760350,0.0,0.0
2019-07-08,32.43557433438896,32.720148859134326,32.30467126991661,32.54940414428711,1907606,0.0,0.0
2019-07-09,32.24206626118698,32.39573528844826,32.179461082323805,32.367279052734375,2022732,0.0,0.0
2019-07-10,32.76567669338177,32.82828430257224,32.50387057766806,32.691688537597656,1513462,0.0,0.0
2019-07-11,32.446961192126516,32.589247254588955,32.28760187304997,32.560791015625,936035,0.0,0.0
2019-07-12,32.64046557891698,32.708763459806235,32.486796563826594,32.577857971191406,1340828,0.0,0.0
2019-07-15,32.90796932247552,32.970576944205085,32.7486099985762,32.925045013427734,794453,0.0,0.0
2019-07-16,32.714458764542904,33.044562805790996,32.714458764542904,32.75999069213867,1622872,0.0,0.0
2019-07-17,33.01610565185547,33.2380725758153,33.00472267027237,33.01610565185547,1911753,0.0,0.0
2019-07-18,32.80552366249977,32.976265962589935,32.64047163662934,32.91935348510742,1955248,0.0,0.0
2019-07-19,33.232378356330464,33.40312307230955,33.16408046993883,33.181156158447266,1291168,0.0,0.0
2019-07-22,33.36327946125795,33.38604542205078,33.15269554083477,33.27790832519531,1373225,0.0,0.0
2019-07-23,33.454345574565416,33.5112604804096,33.078709629814895,33.226688385009766,1399456,0.0,0.0
2019-07-24,31.957494761387544,32.20222764158529,31.94041907258572,32.06563186645508,2057932,0.0,0.0
2019-07-25,32.0371754532182,32.11685388778286,31.735527668382705,31.934728622436523,1600564,0.0,0.0
2019-07-26,31.894890855235317,31.957498476358506,31.786753737597138,31.946115493774414,2091001,0.0,0.0
2019-07-29,32.054246631019126,32.13961776756134,31.90627031885541,32.116851806640625,1538909,0.0,0.0
2019-07-30,31.91196253584332,32.11116348912187,31.741217818538384,32.02009963989258,1659192,0.0,0.0
2019-07-31,31.741222036420716,31.883510536659816,30.915961877669478,31.263141632080078,3144405,0.0,0.0
2019-08-01,30.58016229956771,30.944415248649086,29.954103227846243,30.124845504760742,4261482,0.0,0.0
2019-08-02,29.766286597732563,29.868730994946702,29.458948538447974,29.624000549316406,2374054,0.0,0.0
2019-08-05,28.815818049460557,28.946721136182397,28.559702150568434,28.701988220214844,3741786,0.0,0.0
2019-08-06,28.872729026217126,28.952409895821685,28.36049729829465,28.58246421813965,1637557,0.0,0.0
2019-08-07,27.888108553753284,28.417413562097845,27.85395960800642,28.3946475982666,2425059,0.0,0.0
2019-08-08,28.701985842858075,29.16299296238627,28.605231712923995,29.026399612426758,1912650,0.0,0.0
2019-08-09,28.69629836199902,28.77028653517145,28.28082069613501,28.44587516784668,2396362,0.0,0.0
2019-08-12,28.42879592165547,28.542625738319746,28.149914087738583,28.195446014404297,1266506,0.0,0.0
2019-08-13,28.218210289233824,28.901184280709753,28.138529422336724,28.82719612121582,3641008,0.0,0.0
2019-08-14,28.11576879298813,28.286511091550523,27.97348029909109,27.98486328125,2527855,0.0,0.0
2019-08-15,28.024704203829153,28.127148606762656,27.76289562101152,28.058853149414062,2144361,0.0,0.0
2019-08-16,27.848268057430428,27.93363920097367,27.67183306273646,27.779970169067383,2611257,0.0,0.0
2019-08-19,28.053165581026963,28.144229452603327,27.927955191431135,27.96779441833496,2137074,0.0,0.0
2019-08-20,27.552314832780045,27.637685982079603,27.35880413603692,27.563697814941406,2562382,0.0,0.0
2019-08-21,27.31896130593347,27.39294946329617,27.017313535422527,27.096994400024414,2827498,0.0,0.0
2019-08-22,27.23928098794934,27.324652127682615,26.886411014309385,26.892101287841797,2415082,0.0,0.0
2019-08-23,26.994549301402675,27.22789920290046,26.527849498407104,26.573381423950195,3621054,0.0,0.0
2019-08-26,26.81811560788809,26.971784647140566,26.67582955057362,26.875030517578125,1825324,0.0,0.0
2019-08-27,26.960399448279446,27.040080315293427,26.67013708346007,26.829496383666992,1977444,0.0,0.0
2019-08-28,26.931943149447076,27.38156724723867,26.903484480098385,27.210824966430664,3005737,0.0,0.0
2019-08-29,27.586462873684777,27.66045347874321,27.364498359973737,27.39864730834961,1272671,0.0,0.0
2019-08-30,27.89949278330572,28.070237519675576,27.819811906333122,27.97917366027832,2313632,0.0,0.0
2019-09-03,27.43848475029325,27.76858879601292,27.43848475029325,27.734439849853516,1776785,0.0,0.0
2019-09-04,28.3718821901665,28.74751816691851,28.34911622588933,28.690603256225586,2811468,0.0,0.0
2019-09-05,28.684732141460113,28.972519960882668,28.61425569581391,28.960773468017578,2226082,1.391615,0.0
2019-09-06,28.978389545163676,29.042993989185483,28.831559665040718,28.872671127319336,1899759,0.0,0.0
2019-09-09,28.88441935488135,29.22506509909514,28.88441935488135,29.21919059753418,1854470,0.0,0.0
2019-09-10,29.1193467665443,29.577457427978512,29.07236080008499,29.577457427978516,2277760,0.0,0.0
2019-09-11,29.600952931768536,29.70666885375977,29.454123029852465,29.706668853759766,1642826,0.0,0.0
2019-09-12,29.87111335942708,30.059057201057293,29.72428348892535,29.929845809936523,1691589,0.0,0.0
2019-09-13,30.716856643933856,30.76971459537615,30.393829411174472,30.49367332458496,3073446,0.0,0.0
2019-09-16,30.52304220842626,30.722730044418345,30.41732378914248,30.56415367126465,2678742,0.0,0.0
2019-09-17,30.276372000344235,30.340978969814103,30.09430260842311,30.29399299621582,1507969,0.0,0.0
2019-09-18,30.094298750818055,30.258749637332095,29.806513466734682,30.06493377685547,1667263,0.0,0.0
2019-09-19,30.123665554413012,30.3116069089162,30.100172571157106,30.158905029296875,1345985,0.0,0.0
2019-09-20,30.088419952741926,30.205884845102545,29.894604136118684,29.94746208190918,1603030,0.0,0.0
2019-09-23,29.418876858379146,29.788887524249112,29.34839791872476,29.718408584594727,1918031,0.0,0.0
2019-09-24,29.07823403340763,29.142838478699403,28.75520678386084,28.902036666870117,3928993,0.0,0.0
2019-09-25,28.778702720952065,29.207448434443315,28.731716751717723,29.14871597290039,2154338,0.0,0.0
2019-09-26,29.307286103295436,29.307286103295436,29.03124484877785,29.060609817504883,1321099,0.0,0.0
2019-09-27,29.183950085773215,29.354275463371803,29.113473650354457,29.23093605041504,1694392,0.0,0.0
2019-09-30,28.90791312944919,29.12522197381678,28.88442014565031,29.001882553100586,1834292,0.0,0.0
2019-10-01,29.048864868511266,29.09585083020169,28.73758663962794,28.78457260131836,1510099,0.0,0.0
2019-10-02,28.032800707765062,28.20899554294636,27.80374541279443,28.003433227539062,3472410,0.0,0.0
2019-10-03,27.574692319786482,28.22661878741263,27.51008787660021,28.115028381347656,2324506,0.0,0.0
2019-10-04,28.05629898688969,28.44980270158897,27.985820034886913,28.43218421936035,1627132,0.0,0.0
2019-10-07,28.226621784485786,28.438056128345934,28.062170896949112,28.073917388916016,1449117,0.0,0.0
2019-10-08,27.979942257438413,28.04454921164935,27.83898688147898,27.880098342895508,1653587,0.0,0.0
2019-10-09,27.968202935045912,28.021060895888535,27.698033605681573,27.92121696472168,1630495,0.0,0.0
2019-10-10,28.29709908748992,28.473293945182945,28.1385201994046,28.408689498901367,2378089,0.0,0.0
2019-10-11,28.99601070916668,29.4012609144251,28.99601070916668,29.1369686126709,3100013,0.0,0.0
2019-10-14,28.643620358452193,28.725845807607158,28.53790192382438,28.555522918701172,1329954,0.0,0.0
2019-10-15,28.23248877684999,28.76107831024319,28.156137848353175,28.590755462646484,2721452,0.0,0.0
2019-10-16,28.420436841326417,28.532027256079804,28.273606951670263,28.29122543334961,1473106,0.0,0.0
2019-10-17,28.391064131105896,28.391064131105896,27.979939511118346,27.997560501098633,1535097,0.0,0.0
2019-10-18,28.261862604666543,28.267734595157226,27.909470340441935,27.915342330932617,1313700,0.0,0.0
2019-10-21,28.479159026557053,28.502652003423044,28.29709222316069,28.414554595947266,1274017,0.0,0.0
2019-10-22,28.473294871354476,28.625999262993687,28.34995796464869,28.520280838012695,1582292,0.0,0.0
2019-10-23,28.778698969609785,28.81981294310268,28.661234061835643,28.79631996154785,1228168,0.0,0.0
2019-10-24,28.931402106301096,28.996006547028358,28.602502890212833,28.702346801757812,1441382,0.0,0.0
2019-10-25,28.678855978882787,28.984262237403318,28.608377031944826,28.90791130065918,1109678,0.0,0.0
2019-10-28,29.277923413651564,29.38951382923453,29.21331896495492,29.301416397094727,2028450,0.0,0.0
2019-10-29,29.213317001796465,29.324907409880467,29.142838056203225,29.201570510864258,1158554,0.0,0.0
2019-10-30,28.931405378625723,28.996009826660156,28.643617590168958,28.996009826660156,1726004,0.0,0.0
2019-10-31,28.837435760309443,28.90204021352903,28.561394441298773,28.725845336914062,1519964,0.0,0.0
2019-11-01,28.92552605623433,29.436494588409744,28.88441459825401,29.360143661499023,1980134,0.0,0.0
2019-11-04,29.947466233844153,30.11191710594859,29.830003836742033,29.900480270385742,1868034,0.0,0.0
2019-11-05,30.66400241449377,30.74622786465334,30.411456584891603,30.45256805419922,3854222,0.0,0.0
2019-11-06,30.60527170738517,30.60527170738517,30.11779352065358,30.18827247619629,2331456,0.0,0.0
2019-11-07,30.417319062336787,30.470177007992657,30.16477080017646,30.22937774658203,1667600,0.0,0.0
2019-11-08,29.683173858851788,29.888736192532715,29.683173858851788,29.83000373840332,1584982,0.0,0.0
2019-11-11,29.33078561631739,29.606826955960027,29.189830206798938,29.58333396911621,2126089,0.0,0.0
2019-11-12,29.589204089915494,29.76539895360806,29.477613674704326,29.553964614868164,1989551,0.0,0.0
2019-11-13,29.20157037828659,29.33077926641032,29.101726461588093,29.195695877075195,1631279,0.0,0.0
2019-11-14,29.24855286143225,29.45411517158018,29.18982041402661,29.30728530883789,1751563,0.0,0.0
2019-11-15,29.59508200341074,29.912234830770448,29.518731047965336,29.888744354248047,2427750,0.0,0.0
2019-11-18,29.79476390157171,29.79476390157171,29.577455079722327,29.747777938842773,1334663,0.0,0.0
2019-11-19,30.317478722848307,30.387957666368045,29.912226053381715,30.023818969726562,1696521,0.0,0.0
2019-11-20,29.553965996925374,29.72428887851371,29.41300809014432,29.4952335357666,1472321,0.0,0.0
2019-11-21,29.307290801080942,29.606822571667117,29.160460910822444,29.553964614868164,1181758,0.0,0.0
2019-11-22,29.965091525602325,30.000331003252644,29.771275654297707,29.859373092651367,1200031,0.0,0.0
2019-11-25,30.170650879409028,30.293987783108,30.106043921056976,30.223508834838867,1270654,0.0,0.0
2019-11-26,30.352723420199357,30.387962898026135,30.170654040533154,30.288116455078125,1407752,0.0,0.0
2019-11-27,30.43494705910714,30.476061039959095,30.21176620593265,30.45256805419922,1215837,0.0,0.0
2019-11-29,30.100167067201127,30.29985487681842,30.059055609792747,30.264617919921875,1117749,0.0,0.0
2019-12-02,30.22938478477006,30.42907263622349,30.182398817005925,30.39383316040039,1564243,0.0,0.0
2019-12-03,29.73603181179629,29.882861691347827,29.624441404722397,29.83000373840332,1549222,0.0,0.0
2019-12-04,29.959216095035227,30.229385415314365,29.88873965346312,30.20001792907715,1107100,0.0,0.0
2019-12-05,30.02968921825976,30.123661137504676,29.81238041077775,30.000324249267578,1135797,0.0,0.0
2019-12-06,30.44669362990711,30.528916561950204,30.370340176518322,30.39383316040039,1419747,0.0,0.0
2019-12-09,30.63463337698313,30.887181684650546,30.611140394337603,30.699237823486328,1393291,0.0,0.0
2019-12-10,30.64638041507691,30.91654720877659,30.57590146588289,30.887182235717773,1946056,0.0,0.0
2019-12-11,30.940037967319274,31.351162629848016,30.887180014996158,31.257190704345703,2258479,0.0,0.0
2019-12-12,31.139720471838803,31.656563462165266,31.08686252855565,31.562591552734375,2439857,0.0,0.0
2019-12-13,31.95022814065592,32.249762392817765,31.56259646546195,31.80927276611328,2470236,0.0,0.0
2019-12-16,32.76073149299454,32.76073149299454,32.39659279291921,32.41421127319336,1849650,0.0,0.0
2019-12-17,32.126431178076714,32.55517439007392,32.10881018342868,32.48469543457031,2567651,0.0,0.0
2019-12-18,32.20277555260812,32.25563350267718,32.09705714092624,32.14991760253906,1273120,0.0,0.0
2019-12-19,32.09119020613629,32.191034132678794,31.967853295519767,32.0853157043457,1031544,0.0,0.0
2019-12-20,32.243891506721056,32.28500548387757,31.909120257049537,31.926738739013672,1224132,0.0,0.0
2019-12-23,31.90324507571619,32.050074964617764,31.844515129390807,32.02070999145508,1108669,0.0,0.0
2019-12-24,32.11467739249834,32.13229587160109,31.973719513501567,31.98546600341797,416900,0.0,0.0
2019-12-26,32.12642796269442,32.24976486670939,32.09118848846957,32.19103240966797,736273,0.0,0.0
2019-12-27,32.41421847248269,32.472950939014304,32.24389557531322,32.26151657104492,836602,0.0,0.0
2019-12-30,32.24389188045385,32.31437083221554,32.12055497064298,32.13817596435547,802636,0.0,0.0
2019-12-31,32.10293254534734,32.185157978969755,31.967849160168157,32.13229751586914,805887,0.0,0.0
2020-01-02,32.43183550059796,32.46120047449913,32.17341519101768,32.255638122558594,1382193,0.0,0.0
2020-01-03,31.8562607053803,32.20278096839823,31.832770232599742,32.038330078125,1208438,0.0,0.0
2020-01-06,31.94436376449308,32.06770068844179,31.932617271186327,32.00309371948242,771584,0.0,0.0
2020-01-07,31.891503288840468,32.126433154975565,31.885631297959307,32.00309371948242,1014393,0.0,0.0
2020-01-08,32.12642358599587,32.30261842157245,32.06769113695579,32.16166305541992,1317848,0.0,0.0
2020-01-09,31.926733517053908,31.979593977388653,31.63894828174927,31.85625457763672,1710534,0.0,0.0
2020-01-10,31.99135052210855,32.08531995932217,31.87388558616091,31.944364547729492,1193305,0.0,0.0
2020-01-13,31.891493657816397,32.173409412041785,31.77403127176616,32.15578842163086,1572987,0.0,0.0
2020-01-14,32.21452344288154,32.44945074528554,32.161665490515205,32.41421127319336,1969037,0.0,0.0
2020-01-15,32.12054969025484,32.36722598086892,32.097056710196355,32.32024002075195,3033987,0.0,0.0
2020-01-16,32.66676260769612,32.69613009294476,32.37897481459763,32.63152313232422,3014033,0.0,0.0
2020-01-17,33.30106864130383,33.34805460917184,33.0191553456399,33.17185974121094,2159719,0.0,0.0
2020-01-21,32.69612905235264,32.84295893929048,32.59041062960154,32.64326858520508,3278925,0.0,0.0
2020-01-22,33.13661990901319,33.2658313192609,32.97804352493579,33.08963394165039,3475773,0.0,0.0
2020-01-23,32.43183494505931,32.731369226823325,32.27325856331226,32.67850875854492,5408489,0.0,0.0
2020-01-24,32.37897456152771,32.49643947851597,31.873880441566403,31.973724365234375,2744320,0.0,0.0
2020-01-27,30.916549036683687,31.145604379334866,30.89305605223002,30.98115348815918,3640560,0.0,0.0
2020-01-28,31.0575010757275,31.2748098850958,30.822571275575974,31.133852005004883,1962198,0.0,0.0
2020-01-29,31.245445833652408,31.29830630026007,31.01639050913654,31.080997467041016,2226082,0.0,0.0
2020-01-30,30.763842893555108,31.145602613510977,30.575901540125432,31.11623764038086,1993923,0.0,0.0
2020-01-31,30.575898869019362,30.575898869019362,29.959211883264068,30.0179443359375,4154987,0.0,0.0
2020-02-03,29.929849435686787,30.11779078854077,29.75365206281363,29.82413101196289,2663384,0.0,0.0
2020-02-04,30.55240550754616,30.693363392207353,30.44081510462795,30.6405029296875,2722461,0.0,0.0
2020-02-05,31.116241843188522,31.127988336335957,30.810833021355254,31.039888381958008,2879289,0.0,0.0
2020-02-06,30.945907654648185,31.063372552787186,30.757966329169463,30.851938247680664,3308744,0.0,0.0
2020-02-07,30.158904309039702,30.299859693664768,29.900481499396395,29.99445343017578,2351410,0.0,0.0
2020-02-10,29.73016419380794,29.994456508937052,29.70079670665297,29.988584518432617,2395465,0.0,0.0
2020-02-11,30.270495499828332,30.39970690797417,30.18827005828098,30.25874900817871,2326411,0.0,0.0
2020-02-12,30.863691147566893,30.928295599189187,30.59352433727999,30.757972717285156,2195142,0.0,0.0
2020-02-13,30.570030250850277,30.6874926576073,30.417325857058792,30.54066276550293,2115551,0.0,0.0
2020-02-14,30.59938712063677,30.611133609355917,30.141276572133556,30.358585357666016,2366431,0.0,0.0
2020-02-18,30.05318838410221,30.33510168832118,30.029695399455274,30.282243728637695,2804518,0.0,0.0
2020-02-19,30.299863902503148,30.37034286037765,30.117794517099533,30.205894470214844,2271258,0.0,0.0
2020-02-20,30.217638795504648,30.217638795504648,29.706667643341664,29.741907119750977,1898638,0.0,0.0
2020-02-21,29.73016238761612,29.759527361442814,29.495232550826092,29.606822967529297,2352643,0.0,0.0
2020-02-24,27.89771955880561,28.25011176885198,27.780254651608857,28.115028381347656,4080440,0.0,0.0
2020-02-25,28.238368571000997,28.238368571000997,27.404372655739788,27.474851608276367,2246036,0.0,0.0
2020-02-26,27.545331066177663,27.78613039111259,27.269289752783703,27.275161743164062,2780753,0.0,0.0
2020-02-27,26.687841121574458,27.022614883579877,26.376560343272722,26.382434844970703,3940763,0.0,0.0
2020-02-28,25.125565034774194,25.718759041837366,25.002228139437623,25.436845779418945,5953407,0.0,0.0
2020-03-02,25.495578350210547,26.030039906836077,25.231283566670832,25.98892593383789,5347843,0.0,0.0
2020-03-03,26.376557174451,26.687837915356152,25.677647272092248,25.806856155395508,6335892,0.0,0.0
2020-03-04,26.476407175301222,26.911022357223576,26.288463302864177,26.887529373168945,3122658,0.0,0.0
2020-03-05,26.180280629270523,26.29513245238369,25.84176876827741,26.0533390045166,3811400,1.159679,0.0
2020-03-06,25.170790407883892,25.527438288654068,24.844368325794928,25.237285614013672,4468867,0.0,0.0
2020-03-09,21.241631669588404,21.985148012106976,20.866850401665747,21.078420639038086,6532628,0.0,0.0
2020-03-10,22.831427748072183,22.85560735019801,21.973059627448848,22.82538414001465,9258900,0.0,0.0
2020-03-11,21.761488145549244,22.02746116863721,21.114687703429517,21.429019927978516,11637886,0.0,0.0
2020-03-12,19.11988730818036,19.301233044401993,18.001587093593937,18.696746826171875,11130409,0.0,0.0
2020-03-13,20.588784223358857,20.81848783373016,19.234735698269393,20.727815628051758,11151596,0.0,0.0
2020-03-16,18.60002909920687,19.736461394803165,18.23129273778375,19.0715274810791,10820116,0.0,0.0
2020-03-17,19.94198703356461,21.28999087641042,19.754596399603283,21.078420639038086,8208074,0.0,0.0
2020-03-18,19.28309728375287,19.990345486973546,18.170843323609972,18.70883560180664,7199062,0.0,0.0
2020-03-19,19.017124336000002,19.978257143106827,18.485176919623516,19.555116653442383,6832831,0.0,0.0
2020-03-20,20.05684014715905,20.413485420003088,18.938539951915246,19.023168563842773,7835005,0.0,0.0
2020-03-23,19.180334604192957,19.85131471821434,18.950630957835997,19.17428970336914,6787095,0.0,0.0
2020-03-24,22.00932566833512,22.34179126935365,21.314166090836913,22.039548873901367,8728330,0.0,0.0
2020-03-25,22.813292077673324,23.417776901006125,22.251120261392693,22.559406280517578,7212626,0.0,0.0
2020-03-26,22.78911522761769,23.055088271782004,22.372018374438394,22.87978744506836,5136198,0.0,0.0
2020-03-27,21.58014159776171,22.075820838302384,21.404840781221388,21.513648986816406,4499694,0.0,0.0
2020-03-30,22.305529853310833,22.535233535662226,21.95492813553851,22.396202087402344,3576326,0.0,0.0
2020-03-31,22.42642276869763,22.982548434771644,21.99723613341239,22.1785831451416,5467902,0.0,0.0
2020-04-01,21.967014862998866,22.444558158617706,21.5680539869254,21.682907104492188,4163730,0.0,0.0
2020-04-02,22.44456154226172,23.06718255393381,21.973064368960596,22.910015106201172,5433823,0.0,0.0
2020-04-03,22.438513899508457,22.879787776784095,21.846116211026814,22.118135452270508,4565497,0.0,0.0
2020-04-06,23.321062830571048,23.59308208553769,23.0913591754581,23.51449966430664,3981007,0.0,0.0
2020-04-07,24.34868600103056,24.409135005977273,23.26665785980184,23.284793853759766,3394276,0.0,0.0
2020-04-08,23.490317505571852,23.804649741261215,23.109490073043045,23.76233673095703,2937356,0.0,0.0
2020-04-09,23.81069521360551,24.499811327859767,23.59308136722647,23.88323402404785,3623408,0.0,0.0
2020-04-13,24.052489926602878,24.088759329830854,23.574946661522947,23.943681716918945,2685916,0.0,0.0
2020-04-14,24.360782126607766,24.59652940466792,24.131075872547907,24.397048950195312,2755979,0.0,0.0
2020-04-15,23.236437769464104,23.357333210640796,22.94023889793227,23.21830177307129,3861060,0.0,0.0
2020-04-16,23.49636391024005,23.49636391024005,22.976507584127045,23.33919906616211,3440013,0.0,0.0
2020-04-17,24.125028079275868,24.251969694659774,23.840919054163262,24.19152069091797,3093063,0.0,0.0
2020-04-20,23.54472444927698,24.076673192622085,23.36942359947261,23.4359188079834,2800482,0.0,0.0
2020-04-21,22.36597422024478,22.764935069225633,22.08791138154535,22.263212203979492,2583008,0.0,0.0
2020-04-22,22.758892644396727,22.94023968984424,22.644040808087432,22.8193416595459,2267895,0.0,0.0
2020-04-23,23.097404916246653,23.713982295749364,23.091361307108542,23.18203353881836,3267715,0.0,0.0
2020-04-24,23.70188667369474,23.70188667369474,23.266656449409307,23.617258071899414,1941012,0.0,0.0
2020-04-27,23.756295418155236,23.98600168042298,23.635399970331054,23.877193450927734,1763221,0.0,0.0
2020-04-28,24.348687727473944,24.481675547786207,24.07062486995086,24.143163681030273,2573031,0.0,0.0
2020-04-29,25.061986018736835,25.551619166257204,24.96526759405678,25.45490074157715,3347754,0.0,0.0
2020-04-30,24.826230619600196,24.95317223123518,24.391000390460476,24.59048080444336,3065375,0.0,0.0
2020-05-01,23.472186034702425,23.683756296885853,23.163899932480966,23.236438751220703,3003720,0.0,0.0
2020-05-04,23.254569339862627,23.623306997876703,23.20621013324124,23.502408981323242,2924577,0.0,0.0
2020-05-05,23.913459313984266,24.040400937093615,23.629350271581288,23.671663284301758,2242448,0.0,0.0
2020-05-06,24.264061134907827,24.330553751042768,23.79860506711937,23.804651260375977,3237112,0.0,0.0
2020-05-07,24.560262285553673,24.928997390474755,24.427274455856065,24.44540786743164,2664505,0.0,0.0
2020-05-08,24.941087135874916,25.06198516259499,24.7657862896049,25.037805557250977,1749769,0.0,0.0
2020-05-11,24.20965500113747,24.4333150308374,24.149205995144534,24.36077880859375,1677016,0.0,0.0
2020-05-12,24.530035196915964,24.614663811365965,23.79860604944876,23.82278823852539,2185614,0.0,0.0
2020-05-13,24.209655646896792,24.318463860586387,23.76838176879979,23.955772399902344,2623476,0.0,0.0
2020-05-14,23.544724311975333,24.409138753040565,23.36337985424472,24.397048950195312,2956301,0.0,0.0
2020-05-15,24.971303799436445,25.26145898744912,24.79600299915254,24.9954833984375,2657779,0.0,0.0
2020-05-18,26.718272800034903,27.183726283607346,26.669913593697824,27.074920654296875,4496555,0.0,0.0
2020-05-19,27.20186301777084,27.43156666916707,27.087011192072726,27.111190795898438,3267267,0.0,0.0
2020-05-20,27.64918161185706,27.89097505212079,27.51619379799067,27.721717834472656,2149854,0.0,0.0
2020-05-21,27.667313580309067,27.927243001400008,27.44969975390023,27.528282165527344,2227763,0.0,0.0
2020-05-22,27.352983387581492,27.510148222549855,27.177682557841123,27.504104614257812,1715578,0.0,0.0
2020-05-26,28.211349823438933,28.229485817106458,27.72776296150434,27.7640323638916,2723133,0.0,0.0
2020-05-27,28.126721556807,28.126721556807,27.63708595615183,27.933284759521484,2334370,0.0,0.0
2020-05-28,28.283885455761766,28.707025851203987,28.042092051915137,28.229482650756836,2655425,0.0,0.0
2020-05-29,28.253669101245073,28.568001377956563,28.120681275158315,28.471282958984375,4010714,0.0,0.0
2020-06-01,28.61636073772283,29.20271227839879,28.51359870949928,29.16644287109375,2440081,0.0,0.0
2020-06-02,29.547262435392124,30.1759294635541,29.43241062547093,30.085254669189453,3210544,0.0,0.0
2020-06-03,30.224289115996214,30.744147994115085,30.194065904803505,30.51444435119629,1884065,0.0,0.0
2020-06-04,30.314964206668858,30.526534441865994,30.157796786113177,30.46608543395996,1788443,0.0,0.0
2020-06-05,31.11892915551789,31.584382633080278,31.02825693728063,31.10079574584961,2157140,0.0,0.0
2020-06-08,31.71737104294695,31.87453846445726,31.360723186609075,31.84431266784668,2134384,0.0,0.0
2020-06-09,31.167289703799657,31.777820824799374,30.979899066065013,31.602519989013672,1847632,0.0,0.0
2020-06-10,31.626700567817874,31.953122645553478,31.384904521385494,31.711326599121094,2120820,0.0,0.0
2020-06-11,30.46608373427495,30.57488935748765,29.359873413679274,29.42032241821289,2821893,0.0,0.0
2020-06-12,30.50839615881143,30.67765336825359,29.783013288240547,30.23033332824707,3555588,0.0,0.0
2020-06-15,29.16643933139005,29.970404633377107,28.966958907895776,29.83137321472168,2597133,0.0,0.0
2020-06-16,30.707876432596276,30.71392262537885,29.80114914113419,30.254512786865234,2251977,0.0,0.0
2020-06-17,30.145703314300437,30.3330939235204,29.94017929739038,30.006671905517578,1499674,0.0,0.0
2020-06-18,29.17853137164493,29.71047748515496,29.166441569749338,29.631895065307617,1811648,0.0,0.0
2020-06-19,29.335693907798614,29.492861320099983,28.90650985162814,28.991138458251953,2552853,0.0,0.0
2020-06-22,29.46263901605216,29.71652225878156,29.335694809739568,29.686296463012695,1345424,0.0,0.0
2020-06-23,30.151751733328343,30.52048678646836,30.079212927316192,30.115482330322266,2185390,0.0,0.0
2020-06-24,29.656077332385777,29.764885559217717,29.172487798080965,29.26316261291504,2374278,0.0,0.0
2020-06-25,29.359874288066436,29.885776765749466,29.26920207103954,29.867643356323242,2165884,0.0,0.0
2020-06-26,29.789061634228823,29.813241237325425,29.293382355696448,29.34174156188965,2014998,0.0,0.0
2020-06-29,29.553308982678615,29.643981193183805,29.305469367009756,29.607711791992188,1939442,0.0,0.0
2020-06-30,29.426373961724018,30.151756978127864,29.390104552409,30.061084747314453,1986860,0.0,0.0
2020-07-01,29.909958132786024,30.073169167042032,29.643985074174015,29.89182472229004,2255676,0.0,0.0
2020-07-02,30.441906209833473,30.683699659520247,30.266605377197266,30.266605377197266,2066115,0.0,0.0
2020-07-06,30.236388418683507,30.49631793942094,30.17594197730392,30.484228134155273,1519964,0.0,0.0
2020-07-07,30.224292371366356,30.641389274416788,30.145709945843087,30.175935745239258,1878908,0.0,0.0
2020-07-08,30.429817790868835,30.9617639213416,30.429817790868835,30.89527130126953,2675154,0.0,0.0
2020-07-09,30.94362738599298,31.040345794476156,30.314962900748032,30.526533126831055,1836759,0.0,0.0
2020-07-10,30.659517805651905,30.907357430487146,30.411680765764466,30.8710880279541,1816917,0.0,0.0
2020-07-13,31.36677255534078,31.48162439021295,30.68370257012469,30.689748764038086,2161064,0.0,0.0
2020-07-14,30.91945163574662,31.7475966491826,30.88318222804707,31.650880813598633,2733671,0.0,0.0
2020-07-15,32.45483913729492,32.509241944494505,31.826174710964306,32.08610153198242,3701206,0.0,0.0
2020-07-16,31.868498757550036,32.0437996247484,31.802006127389845,32.007530212402344,2036184,0.0,0.0
2020-07-17,32.285583732664215,32.636185365097354,32.219091121841714,32.54551315307617,2282244,0.0,0.0
2020-07-20,32.424612080207574,32.744987862824885,32.37020669451989,32.394386291503906,2221486,0.0,0.0
2020-07-21,32.043795267254644,32.339994135327764,31.844314818952043,32.23118591308594,3174896,0.0,0.0
2020-07-22,31.777814321251785,32.176775118968905,31.777814321251785,32.15259552001953,2973340,0.0,0.0
2020-07-23,32.074016731078025,32.21304814823385,31.735502307631734,31.862443923950195,1816581,0.0,0.0
2020-07-24,31.711325239777054,31.91685187043443,31.53602440610211,31.802000045776367,2010738,0.0,0.0
2020-07-27,32.285589163883365,32.9142563158584,32.237229953350806,32.877986907958984,2538953,0.0,0.0
2020-07-28,32.2614102992212,32.479026751613375,32.23118708441863,32.35208511352539,2178439,0.0,0.0
2020-07-29,32.267457961900696,32.884032768513975,32.225144942261444,32.79940414428711,2153553,0.0,0.0
2020-07-30,31.862446146472404,32.20095800858334,31.578339684398493,32.128421783447266,2395801,0.0,0.0
2020-07-31,31.959156278272882,32.00751547246416,31.65691389952469,31.941022872924805,1842812,0.0,0.0
2020-08-03,32.327903797095836,32.46693523073775,32.188872363453925,32.4548454284668,1459766,0.0,0.0
2020-08-04,32.23118355502061,32.74499624503818,32.23118355502061,32.73895263671875,1693607,0.0,0.0
2020-08-05,33.68799567784354,34.26830098547424,33.63963647138299,33.86329650878906,2358472,0.0,0.0
2020-08-06,34.213896832120376,34.4012900564556,34.05068838179239,34.35897445678711,2488508,0.0,0.0
2020-08-07,33.83307295478306,33.839119148465365,33.48247126965362,33.78471374511719,2594442,0.0,0.0
2020-08-10,34.29248446876818,34.69748899127807,34.21994565086986,34.55241394042969,2403760,0.0,0.0
2020-08-11,34.969506731503,35.017865941313275,34.268303359150394,34.35293197631836,3333966,0.0,0.0
2020-08-12,34.81838181256733,35.271745479189995,34.63703479494955,34.7337532043457,2495907,0.0,0.0
2020-08-13,34.6974874146097,34.86674464868132,34.31666251537075,34.47382736206055,1356186,0.0,0.0
2020-08-14,34.516137376493354,34.63098918855014,34.322700568862786,34.449642181396484,1258210,0.0,0.0
2020-08-17,34.96950184654292,35.25361087201642,34.94532224501548,35.0480842590332,1519628,0.0,0.0
2020-08-18,34.9392792425381,34.98763586148312,34.238075955987476,34.395240783691406,2175525,0.0,0.0
2020-08-19,34.316664957408875,34.49196581269801,33.65173094613439,33.718223571777344,1694728,0.0,0.0
2020-08-20,33.295077533359866,33.70008458423422,33.1318665083651,33.69403839111328,1642153,0.0,0.0
2020-08-21,32.8840281742454,33.16813722341103,32.82962535874586,32.950523376464844,2297377,0.0,0.0
2020-08-24,33.62150039217164,33.63359019375646,33.24671912799019,33.422019958496094,1264600,0.0,0.0
2020-08-25,33.264859528982115,33.264859528982115,32.805449592855176,33.07746887207031,1499898,0.0,0.0
2020-08-26,32.974699542785814,33.45224540795902,32.94447633161123,33.34343719482422,1221890,0.0,0.0
2020-08-27,33.784713447063105,33.802849443001875,33.004927660450655,33.27090072631836,2387394,0.0,0.0
2020-08-28,33.506650145395724,33.76053340566902,33.289036291582626,33.748443603515625,1664125,0.0,0.0
2020-08-31,33.32530633580511,33.50060977645608,33.240680297495665,33.28299331665039,1961414,0.0,0.0
2020-09-01,33.93583334327382,34.39524322795555,33.65172687763534,34.32875061035156,2328990,0.0,0.0
2020-09-02,34.40129202402343,34.42547162951749,33.772624866125945,34.08091354370117,1898750,0.0,0.0
2020-09-03,33.19929493255553,33.273274531830985,32.37932910856302,32.76773452758789,3427794,0.981267,0.0
2020-09-04,33.11298370361328,33.29177279571437,32.36083621583782,33.11298370361328,2691073,0.0,0.0
2020-09-08,32.61360872151168,33.16847025929557,32.42865311799358,32.706085205078125,2303767,0.0,0.0
2020-09-09,33.27327601076065,33.587699208100545,33.24245139605787,33.433570861816406,2042126,0.0,0.0
2020-09-10,33.19313291878837,33.353427784405795,32.403994237750226,32.45331573486328,2604868,0.0,0.0
2020-09-11,32.977348436269224,33.60002830247889,32.86021121391761,33.40890884399414,3021431,0.0,0.0
2020-09-14,33.772661834504625,33.9391205885916,33.59387006830756,33.821983337402344,1877787,0.0,0.0
2020-09-15,34.49397325748016,34.63577122326105,34.117900850215165,34.15489196777344,2364077,0.0,0.0
2020-09-16,34.82072563485707,34.88237749537168,34.40765948760163,34.4508171081543,2838596,0.0,0.0
2020-09-17,33.67401700845568,34.30902736935977,33.63702588328195,34.210384368896484,4195567,0.0,0.0
2020-09-18,34.265863261249535,34.43232197487317,33.729496002197266,33.729496002197266,2291772,0.0,0.0
2020-09-21,32.90952666958445,32.958848151295086,32.15737934626628,32.62593078613281,2844089,0.0,0.0
2020-09-22,32.71225043792998,32.85404841025363,32.206707777692095,32.60744094848633,1409770,0.0,0.0
2020-09-23,32.662926153211664,32.74923612106646,31.849126871721726,31.953933715820312,2448376,0.0,0.0
2020-09-24,32.15121716877975,32.79855774875421,31.94160347969072,32.459476470947266,2242785,0.0,0.0
2020-09-25,32.01558695919065,32.32384363697962,31.849128247729205,32.2991828918457,2544110,0.0,0.0
2020-09-28,32.69375415219972,32.786230633844696,32.416322070879666,32.51496505737305,2319349,0.0,0.0
2020-09-29,32.10806006320581,32.274518757185476,31.70732695144284,31.8121337890625,2706655,0.0,0.0
2020-09-30,32.09572974915451,32.09572974915451,31.707327007971084,31.87994956970215,2286392,0.0,0.0
2020-10-01,31.972427239282954,32.04024560214411,31.460720765905045,31.651840209960938,2146491,0.0,0.0
2020-10-02,31.214119728389882,31.94777034543007,31.133973620498086,31.725826263427734,2466761,0.0,0.0
2020-10-05,31.91078262758366,32.2252031982641,31.904616122621295,32.163551330566406,1701342,0.0,0.0
2020-10-06,31.97242764155597,32.01558526144422,31.035327285315365,31.133970260620117,5175769,0.0,0.0
2020-10-07,31.688830199854415,32.237527769020026,31.639508714574173,32.02174758911133,2869536,0.0,0.0
2020-10-08,32.095733742732556,32.38549618600311,31.978596519057028,32.379329681396484,2547921,0.0,0.0
2020-10-09,32.74923636561301,32.78622748199194,32.477970815219045,32.59510803222656,1842588,0.0,0.0
2020-10-12,32.57662076554882,32.57662076554882,32.26219752721519,32.36700439453125,1428378,0.0,0.0
2020-10-13,32.009424157345364,32.20671014123739,31.916947670588623,32.08957290649414,1866017,0.0,0.0
2020-10-14,32.10190142002851,32.342339744384425,32.00325843379934,32.009422302246094,2201980,0.0,0.0
2020-10-15,31.436063854291927,32.00325838791128,31.38057849281014,31.941606521606445,1546195,0.0,0.0
2020-10-16,31.92311100620564,32.04641209751058,31.762816160208683,31.84296226501465,1241956,0.0,0.0
2020-10-19,31.744321014619697,32.015589230336204,31.18945948251537,31.20178985595703,1798084,0.0,0.0
2020-10-20,31.331255602813407,31.676503402341943,31.28810061651672,31.565532684326172,2527855,0.0,0.0
2020-10-21,31.66417435120844,32.10190128253302,31.651843977982605,31.658010482788086,2138083,0.0,0.0
2020-10-22,31.65184533067235,31.941607795670347,31.44223161326012,31.89228630065918,2441874,0.0,0.0
2020-10-23,31.688836369278054,31.781312853990173,31.553204894736336,31.68267250061035,2419230,0.0,0.0
2020-10-26,31.362082098670708,31.436061696774015,30.78872109957918,31.047658920288086,2461604,0.0,0.0
2020-10-27,30.486631447371593,30.78255775396171,30.40648534350833,30.665420532226562,2103557,0.0,0.0
2020-10-28,29.70366289526577,29.85162474789518,29.36457892613302,29.407733917236328,4127970,0.0,0.0
2020-10-29,29.111807602114947,29.7653121564214,28.914524252967556,29.660505294799805,3215252,0.0,0.0
2020-10-30,29.265935960119716,29.685166042991394,29.21661446373654,29.660505294799805,4118890,0.0,0.0
2020-11-02,29.87011717160657,29.88244490746694,29.555693997544214,29.648170471191406,2828395,0.0,0.0
2020-11-03,30.591435698268487,30.640757184575328,30.3386643991383,30.548280715942383,2172834,0.0,0.0
2020-11-04,30.22769545760843,30.381823793131012,29.839290048438972,30.116722106933594,3895475,0.0,0.0
2020-11-05,30.912030544196252,31.195626525830885,30.782562928075464,30.862709045410156,2889041,0.0,0.0
2020-11-06,31.534702883817083,31.676500840334683,31.34358344044383,31.479217529296875,2301077,0.0,0.0
2020-11-09,33.495225838764235,33.55071120493697,32.36083931200521,32.73691177368164,3343495,0.0,0.0
2020-11-10,33.09448555248634,33.48289097274714,33.02050595297547,33.05133056640625,2379771,0.0,0.0
2020-11-11,33.119149438921156,33.2239589345733,32.88487497274983,33.0081787109375,1695400,0.0,0.0
2020-11-12,32.30534929464734,32.576614853881686,31.99708998144357,32.12656021118164,1556621,0.0,0.0
2020-11-13,32.34233924539758,32.786230040195264,32.262193138515464,32.644432067871094,1946617,0.0,0.0
2020-11-16,33.29793421244928,33.38424681796021,32.99584404773835,33.27327346801758,2364750,0.0,0.0
2020-11-17,33.00817558318966,33.267110772462665,32.8540472432524,33.12531280517578,2584690,0.0,0.0
2020-11-18,33.25477910403522,33.347255577117224,32.87254020315241,32.87870407104492,1841355,0.0,0.0
2020-11-19,32.60743782778831,32.75540229068774,32.379327265677446,32.72457504272461,1647085,0.0,0.0
2020-11-20,33.02050536750491,33.18696407712671,32.89720164319804,33.106815338134766,1362463,0.0,0.0
2020-11-23,33.64935184063884,34.01309653889971,33.60003034688244,33.982269287109375,2547248,0.0,0.0
2020-11-24,35.048838494941165,35.71467335931616,34.95635937992293,35.66535186767578,3414118,0.0,0.0
2020-11-25,35.14131302475833,35.375587460673025,34.88854171231175,35.33859634399414,1865232,0.0,0.0
2020-11-27,34.86387719779012,35.320098284443816,34.833052588750114,35.30160140991211,1396206,0.0,0.0
2020-11-30,35.09199447090199,35.15364633718994,34.39533233642578,34.39533233642578,2256685,0.0,0.0
2020-12-01,35.270781310181405,35.74549669567374,35.25845093771206,35.60369873046875,1894490,0.0,0.0
2020-12-02,36.60861417443479,37.24978821190016,36.503807336146465,37.07099914550781,4136378,0.0,0.0
2020-12-03,37.87246832598044,38.35335017627721,37.62586353329775,37.97111129760742,2606101,0.0,0.0
2020-12-04,38.34102078315743,39.01918595762789,38.34102078315743,38.87738800048828,2996209,0.0,0.0
2020-12-07,38.612288153262014,38.834234855591205,38.42733520437263,38.550636291503906,1591820,0.0,0.0
2020-12-08,38.34718155547022,38.92670634540232,38.34718155547022,38.8465576171875,1912314,0.0,0.0
2020-12-09,39.16714972578253,39.30278117644574,38.47048768779507,38.834232330322266,2241327,0.0,0.0
2020-12-10,39.16098612734641,40.14124414732466,39.117831141912575,39.9193000793457,2803173,0.0,0.0
2020-12-11,39.629535690308735,40.01177458147839,39.57405033514647,39.77750015258789,2157140,0.0,0.0
2020-12-14,39.777496103129806,39.86997256444751,39.08083411873146,39.086997985839844,2326187,0.0,0.0
2020-12-15,39.567885780320225,39.93163044981713,39.43841818764022,39.88230895996094,2176085,0.0,0.0
2020-12-16,39.92546277504609,40.1289125965466,39.69735220934038,39.99327850341797,2830637,0.0,0.0
2020-12-17,40.85640139704773,41.176988451959346,40.72076993326879,40.86256790161133,2558570,0.0,0.0
2020-12-18,40.652950184759966,40.73309892305545,40.381684630026975,40.51731872558594,2665850,0.0,0.0
2020-12-21,39.56788283508958,40.5049831634493,39.49390060581216,40.43100357055664,2683562,0.0,0.0
2020-12-22,40.16590488824039,40.31386935780156,39.802160218761685,39.84531784057617,1695849,0.0,0.0
2020-12-23,40.394018218870336,40.68994454181461,40.2398898707455,40.46183395385742,1801335,0.0,0.0
2020-12-24,40.67760763954662,40.72692912485184,40.036433603348186,40.16590118408203,695132,0.0,0.0
2020-12-28,40.46799269768317,40.671442500011636,40.11041457678886,40.25221252441406,911934,0.0,0.0
2020-12-29,40.93654234990924,40.97969996726808,40.4001751577026,40.504981994628906,2278096,0.0,0.0
2020-12-30,40.751593265701324,40.92421847866448,40.54197693567463,40.652950286865234,1518619,0.0,0.0
2020-12-31,40.39401626208756,40.41251050295717,40.14740880792596,40.283042907714844,1709301,0.0,0.0
2021-01-04,41.92297166260295,42.08326387039159,41.41126515308765,41.52223587036133,3227471,0.0,0.0
2021-01-05,41.68253293976351,43.11284569551506,41.67020256647651,42.84774398803711,3900520,0.0,0.0
2021-01-06,44.01912374776117,44.64180103900577,43.71086703651883,44.210243225097656,5430572,0.0,0.0
2021-01-07,44.826752510177656,45.233652151174056,44.55548432525681,45.116512298583984,3072325,0.0,0.0
2021-01-08,45.44327095833472,45.492592452057835,44.6294715846737,45.28914260864258,3114138,0.0,0.0
2021-01-11,43.64304684862808,44.222569090312554,43.538239999312864,43.94513702392578,2626839,0.0,0.0
2021-01-12,44.025285288118134,44.401357695235745,43.76018359724688,44.35820007324219,1662667,0.0,0.0
2021-01-13,44.345869547115505,44.345869547115505,43.741683968297465,43.81566619873047,1801447,0.0,0.0
2021-01-14,44.68495204229352,45.87482635679993,44.66645516598499,45.548072814941406,2568996,0.0,0.0
2021-01-15,44.25956333247288,44.3027156826389,43.3656152602196,43.532073974609375,2342554,0.0,0.0
2021-01-19,43.57522596859631,44.253391152365744,43.37794265398795,44.04377746582031,3839649,0.0,0.0
2021-01-20,44.888408072714824,45.13501554837551,44.60481211209028,44.869911193847656,3054277,0.0,0.0
2021-01-21,45.17199930378109,45.17199930378109,44.376696869007525,44.59247970581055,3216261,0.0,0.0
2021-01-22,43.39026863758062,44.38285425078146,43.26696493068039,44.25955581665039,2361274,0.0,0.0
2021-01-25,43.53207281646974,43.938972471127265,43.322459121105545,43.901981353759766,2550499,0.0,0.0
2021-01-26,44.07460853343122,44.432184077824765,43.963635176380414,44.26572799682617,2140437,0.0,0.0
2021-01-27,42.50866005093161,43.64921028216518,42.2558887323575,42.625797271728516,6816128,0.0,0.0
2021-01-28,43.00803431598119,43.32862135132977,42.65045616466337,42.7306022644043,4097703,0.0,0.0
2021-01-29,42.12642328671044,42.292882006094494,41.047522226713724,41.17082595825195,4430192,0.0,0.0
2021-02-01,42.43468025892903,42.551817486470036,41.62088089818183,42.13258743286133,3560969,0.0,0.0
2021-02-02,41.411266326453884,41.55922816580621,41.00436665456111,41.37427520751953,2908322,0.0,0.0
2021-02-03,41.28795878607707,41.48524209913396,40.97970212645921,41.3372802734375,2924129,0.0,0.0
2021-02-04,41.139998799772535,41.36810938543913,40.94271546525244,41.30645751953125,1814787,0.0,0.0
2021-02-05,41.577720759493374,41.82432555726163,41.24480335977154,41.78733444213867,2641524,0.0,0.0
2021-02-08,42.4470076211178,42.95254761512589,42.42234687639692,42.94021987915039,2169583,0.0,0.0
2021-02-09,42.65046065041178,43.106681825630496,42.29904632993651,42.958717346191406,3162902,0.0,0.0
2021-02-10,43.5690675590745,43.64304979996531,42.55181833778877,43.03886413574219,2680984,0.0,0.0
2021-02-11,42.97720786708018,43.18682154556081,42.59496635173743,42.98337173461914,2876150,0.0,0.0
2021-02-12,42.767590444987434,43.52590431573218,42.68127784698333,43.3902702331543,1944262,0.0,0.0
2021-02-16,45.74536153417156,46.97838827092645,45.5419117007854,46.53450012207031,4690712,0.0,0.0
2021-02-17,46.93523005571573,46.93523005571573,46.17692136401878,46.58998489379883,2197272,0.0,0.0
2021-02-18,47.04621451305233,47.04621451305233,46.17076053249651,46.731788635253906,2364750,0.0,0.0
2021-02-19,47.09552636661878,47.29897619238319,46.62697221689989,46.92290115356445,3273993,0.0,0.0
2021-02-22,47.188001698353084,48.25457235037856,46.99072100710222,47.81068420410156,3213122,0.0,0.0
2021-02-23,47.99563997368611,48.51967952815639,46.87974776521401,48.48884963989258,3767457,0.0,0.0
2021-02-24,48.297729709788314,49.29031811989245,48.09427987869387,49.160850524902344,2957534,0.0,0.0
2021-02-25,49.40128981726289,49.62323652997701,47.8784979879332,48.11277770996094,3045645,0.0,0.0
2021-02-26,47.63189489611673,47.78602323659952,46.534499635503664,46.799598693847656,3875297,0.0,0.0
2021-03-01,47.47776516148511,48.74778032975144,47.47159602074173,48.556663513183594,2650605,0.0,0.0
2021-03-02,48.70463081791233,49.703383125816785,48.686133940144614,49.38279342651367,3582716,0.0,0.0
2021-03-03,49.1793386756524,50.44319519604944,49.0313794866044,49.937652587890625,4244554,0.0,0.0
2021-03-04,48.69838517467958,49.04613885341072,47.40853093851385,48.0534553527832,6635087,1.801963,0.0
2021-03-05,47.76260532101017,48.47708802955345,46.978575122479576,48.28739929199219,4842944,0.0,0.0
2021-03-08,47.85745501861332,48.29372618527741,47.59821876219935,47.92068099975586,3306165,0.0,0.0
2021-03-09,47.44014095630569,48.25578410469792,46.441136002224454,47.81950759887695,5616434,0.0,0.0
2021-03-10,46.64346593823708,46.95328511779492,45.87208415501073,46.13764190673828,3792904,0.0,0.0
2021-03-11,46.78889346943234,46.90902390605781,46.50436576052008,46.85211944580078,2326972,0.0,0.0
2021-03-12,46.333652035436614,47.19987818795918,46.09970727240844,47.155616760253906,2626615,0.0,0.0
2021-03-15,46.169254836630365,46.48539553187235,45.707692233543156,46.18822479248047,2793420,0.0,0.0
2021-03-16,46.004862242469834,46.030153713992696,45.34728939050237,45.42948532104492,2567538,0.0,0.0
2021-03-17,44.82881714103327,45.429485536834214,44.537967920952305,45.23979949951172,2131582,0.0,0.0
2021-03-18,45.22715058817458,45.28405774728249,44.14594971469763,44.190208435058594,2118802,0.0,0.0
2021-03-19,43.930967484285716,44.013166104398366,43.3872063483943,43.51998519897461,2283253,0.0,0.0
2021-03-22,43.79186961960094,43.86141980630211,43.29236446696089,43.734962463378906,2184941,0.0,0.0
2021-03-23,43.33663034141026,43.62115804031399,42.57789161354262,42.69802474975586,2880858,0.0,0.0
2021-03-24,42.90035945434217,43.40618350498534,42.881389497750206,42.9825553894043,2606773,0.0,0.0
2021-03-25,42.62215349174481,42.83713101271751,41.93928912687065,42.78022384643555,3004392,0.0,0.0
2021-03-26,43.72232507851154,44.51267956699164,43.62748340511431,44.455772399902344,2473150,0.0,0.0
2021-03-29,44.23447428547294,44.310345998853236,43.73496905751998,44.14595413208008,2017464,0.0,0.0
2021-03-30,43.918330968774,44.29770035169238,43.56425305830443,44.0700798034668,4235586,0.0,0.0
2021-03-31,43.99420617293797,44.22815094536656,43.86142729211389,43.87407302856445,2175413,0.0,0.0
2021-04-01,44.11433481973336,44.11433481973336,43.31765891219852,43.968910217285156,2326523,0.0,0.0
2021-04-05,44.474737409228176,45.258767590227514,44.44312442288383,44.98056411743164,1532631,0.0,0.0
2021-04-06,44.942629502380015,44.96159675451737,44.0764033438985,44.17756652832031,1692037,0.0,0.0
2021-04-07,44.74662260123341,45.25877086220609,44.61384372288645,44.98688888549805,2384815,0.0,0.0
2021-04-08,44.99952693967817,45.05010987590155,44.65177330886216,45.0374641418457,1296997,0.0,0.0
2021-04-09,44.66442157352449,44.866753342130146,44.35460510856726,44.72132873535156,1955697,0.0,0.0
2021-04-12,44.462093569330854,44.48106082118335,44.03846547442772,44.27240753173828,1608747,0.0,0.0
2021-04-13,44.56958517526764,44.58855513272265,44.108019829317314,44.430484771728516,1526354,0.0,0.0
2021-04-14,44.986893049067156,46.169260031217675,44.94263432012652,45.9732551574707,2764386,0.0,0.0
2021-04-15,46.605533328832834,46.972256983294464,46.36526703929372,46.83315658569336,2684459,0.0,0.0
2021-04-16,47.10503225442271,47.111353770277525,46.3652634858561,46.630821228027344,1689908,0.0,0.0
2021-04-19,46.98489559689358,47.39588064233046,46.65611188664552,46.86476516723633,1618276,0.0,0.0
2021-04-20,46.782569922742034,46.826825941228186,45.574906239404164,45.81517791748047,1785865,0.0,0.0
2021-04-21,45.46109570118483,46.82050275422466,45.30302536513958,46.75094985961914,3307847,0.0,0.0
2021-04-22,46.22616131891663,46.23880975924576,45.688724276543596,45.891056060791016,2992285,0.0,0.0
2021-04-23,46.561264946261964,47.389556507096096,46.283064192603156,47.21883773803711,1909736,0.0,0.0
2021-04-26,47.59188760590859,48.002867215346534,47.45278182336673,47.85112380981445,2413401,0.0,0.0
2021-04-27,47.23781269197293,47.40220455541096,46.991224896815865,47.155616760253906,2291212,0.0,0.0
2021-04-28,47.12399755720469,48.123002453459016,47.06076618201847,47.88273620605469,1528932,0.0,0.0
2021-04-29,47.996547992026734,48.047130932161735,46.83315118417503,47.27574920654297,2752728,0.0,0.0
2021-04-30,46.80785616770288,47.04180089619574,45.94795165818531,46.00485610961914,2468554,0.0,0.0
2021-05-03,46.42848920840913,46.97857464496619,46.35261479568124,46.85844421386719,1281303,0.0,0.0
2021-05-04,47.0418084019981,47.161938839164534,46.42849155337751,47.149295806884766,1400129,0.0,0.0
2021-05-05,48.135652004599464,48.93865218409531,47.971260140573484,48.81219482421875,2129788,0.0,0.0
2021-05-06,48.7869057230224,49.60255438195556,48.57825242099343,49.551971435546875,2022508,0.0,0.0
2021-05-07,49.74165126933306,50.29173671697455,49.324344694734215,50.19057083129883,2603747,0.0,0.0
2021-05-10,51.543656443422314,51.891410119730246,51.056796970489614,51.10737991333008,3037350,0.0,0.0
2021-05-11,50.2411506589048,51.19589418242275,49.84281406447599,51.02518081665039,2649820,0.0,0.0
2021-05-12,50.47510318395875,51.23384198881478,49.7795903596626,49.9819221496582,2741742,0.0,0.0
2021-05-13,48.95129703425797,49.551965393903814,48.45811607071828,49.10936737060547,2529088,0.0,0.0
2021-05-14,48.52765991356816,49.10936368265956,48.407529495236396,48.982906341552734,2464967,0.0,0.0
2021-05-17,48.79322811648024,49.83016760632127,48.673092278007665,49.7606201171875,2419791,0.0,0.0
2021-05-18,50.00720713347326,50.05779007440751,48.79954888201496,49.00188064575195,2087975,0.0,0.0
2021-05-19,47.37691343559112,47.56660217995071,46.56759714451565,46.85211944580078,3173103,0.0,0.0
2021-05-20,46.78889346943234,46.97225529005338,46.46010433248589,46.85211944580078,2192003,0.0,0.0
2021-05-21,47.149297272911994,47.155618789248436,46.24513116984447,46.38423156738281,1661210,0.0,0.0
2021-05-24,46.11235037670714,46.34629514010146,45.88472712938716,46.18822479248047,1518619,0.0,0.0
2021-05-25,45.84046921805611,45.90369519144523,45.35360975550312,45.4674186706543,2294239,0.0,0.0
2021-05-26,45.467418839666976,45.941635272355654,45.35993414374324,45.81517791748047,2490638,0.0,0.0
2021-05-27,47.105031350682246,47.3705890877586,46.74462924709571,46.94063949584961,1886307,0.0,0.0
2021-05-28,46.7383083751413,47.02915758678478,46.60552950477421,46.85844421386719,1252045,0.0,0.0
2021-06-01,48.13564996019601,48.42017765592713,47.945966632250894,48.24313735961914,2213078,0.0,0.0
2021-06-02,48.04080778723581,48.25578257170531,47.79421461053426,48.21152114868164,1501467,0.0,0.0
2021-06-03,47.534978778149274,47.534978778149274,47.04180323610745,47.389556884765625,1307422,0.0,0.0
2021-06-04,48.053455266742944,48.24946552317135,47.629827173980914,48.129329681396484,1121224,0.0,0.0
2021-06-07,47.88906329154995,47.94596775049799,47.11767611488749,47.31368637084961,1187475,0.0,0.0
2021-06-08,47.75628247530434,48.35062932735044,47.256779989397835,48.05978012084961,1873639,0.0,0.0
2021-06-09,47.332657180189145,47.39588315624369,46.883737608846,47.05445098876953,2007823,0.0,0.0
2021-06-10,47.18090609785186,47.67408707348342,47.13032315637032,47.57924270629883,1726564,0.0,0.0
2021-06-11,48.07875512112218,48.21153401800995,47.762614375424825,47.97126770019531,1127950,0.0,0.0
2021-06-14,47.8195126287662,48.03449285030438,47.667769200352595,47.730995178222656,1491715,0.0,0.0
2021-06-15,47.250459777670756,47.47175609460126,46.902700697312916,47.37059020996094,2537047,0.0,0.0
2021-06-16,46.89005796281046,47.27575154854009,46.40952000772251,46.67508316040039,2189986,0.0,0.0
2021-06-17,45.71400903938625,46.03014970205407,44.411506480923975,44.57590103149414,3761852,0.0,0.0
2021-06-18,44.25975849622676,44.37357011029737,43.33662796020508,43.33662796020508,2733783,0.0,0.0
2021-06-21,44.00684894222474,44.64545453419967,43.91200727714705,44.53164291381836,1691589,0.0,0.0
2021-06-22,44.60751508240875,45.14495476255215,44.209178486841765,45.0690803527832,1931595,0.0,0.0
2021-06-23,45.5749041121983,45.840467248854495,45.220828942701104,45.2840576171875,1438579,0.0,0.0
2021-06-24,45.770915708394426,46.07441335490314,45.5053579715127,46.02383041381836,1105642,0.0,0.0
2021-06-25,46.510689588465446,46.643468471540714,46.29571476897476,46.30203628540039,1126045,0.0,0.0
2021-06-28,46.523331764696515,46.69404513096686,45.73298008908936,46.03647232055664,1614688,0.0,0.0
2021-06-29,46.27674568412382,46.44114296768,45.922670458459926,46.04280090332031,1036701,0.0,0.0
2021-06-30,45.95428129714616,46.18190455074716,45.53697470269127,46.04912567138672,1320202,0.0,0.0
2021-07-01,46.29571652367597,46.46643532703042,45.54329921931304,45.783565521240234,1116852,0.0,0.0
2021-07-02,45.80252423890873,46.143956354202466,45.524323497633105,46.13131332397461,989731,0.0,0.0
2021-07-06,46.58655477871074,46.643459230522296,45.40418809813548,45.701358795166016,1374234,0.0,0.0
2021-07-07,46.63082483181685,47.01651844317182,46.270422693462656,46.807865142822266,1698539,0.0,0.0
2021-07-08,45.90369621374884,46.649791917541606,45.70769136577591,46.47275161743164,1681612,0.0,0.0
2021-07-09,47.37059442651918,48.616192732492856,47.124006616479285,48.356956481933594,2925362,0.0,0.0
2021-07-12,47.89538141772178,48.52134123710187,47.712019614296096,48.375919342041016,1117189,0.0,0.0
2021-07-13,47.90803442316029,48.363275513547194,47.838481522945806,48.16727066040039,1191175,0.0,0.0
2021-07-14,48.685730092376936,48.837478901251096,47.77524805438456,48.09138870239258,2253995,0.0,0.0
2021-07-15,47.686724482376334,48.5023675580614,47.60452856406714,48.274749755859375,1470752,0.0,0.0
2021-07-16,47.99655548211028,47.99655548211028,46.87741451650958,47.0291633605957,1939106,0.0,0.0
2021-07-19,45.834146372085144,46.13132253328109,45.53697561851655,45.73930740356445,2212406,0.0,0.0
2021-07-20,45.94796061670473,46.94696569201826,45.68240285315327,46.6814079284668,1968700,0.0,0.0
2021-07-21,47.44013765366206,47.96493156418126,47.35794173374809,47.88905715942383,1930474,0.0,0.0
2021-07-22,48.05345234459235,48.11668372343868,47.3642665462661,47.81950759887695,1126381,0.0,0.0
2021-07-23,48.25577975343025,48.42649851253213,47.66775988817907,48.32533264160156,1190614,0.0,0.0
2021-07-26,49.008205885077146,50.051472361579314,49.001884368886756,49.969276428222656,2385600,0.0,0.0
2021-07-27,49.191564640301905,49.77326306134018,48.717353618305914,49.33698654174805,2338630,0.0,0.0
2021-07-28,49.30536686128345,50.1652713445051,49.12200507470038,50.01984405517578,1767257,0.0,0.0
2021-07-29,50.77859828174059,50.89872872020912,50.54465351338472,50.734336853027344,2633453,0.0,0.0
2021-07-30,49.88706721531304,50.2601177260885,49.3686002245958,49.67209243774414,1382641,0.0,0.0
2021-08-02,50.39922764561509,50.50671505476094,49.53932296482099,49.57726287841797,1520749,0.0,0.0
2021-08-03,49.8238528461717,50.59523470043078,49.47609913047005,50.41187286376953,1908390,0.0,0.0
2021-08-04,50.456128836850766,50.77226952739963,49.962947845458984,49.962947845458984,1692486,0.0,0.0
2021-08-05,48.938653432075014,49.08408075154837,48.5023768812822,48.698387145996094,2228548,0.0,0.0
2021-08-06,48.85645115744288,48.99555153498848,48.30636575506182,48.508697509765625,1134228,0.0,0.0
2021-08-09,48.43282974456686,48.565608624895916,48.20520648930536,48.39488983154297,1098132,0.0,0.0
2021-08-10,48.05978595625518,49.0651125658435,48.002876085085376,49.020851135253906,1897180,0.0,0.0
2021-08-11,49.01451907255957,49.31801668965333,48.67308695714224,49.23582077026367,1091406,0.0,0.0
2021-08-12,48.58457783838413,48.67309528804066,48.26843713694722,48.55295944213867,1628028,0.0,0.0
2021-08-13,48.82483792877815,49.40653631301925,48.74896352114325,49.20420455932617,1546195,0.0,0.0
2021-08-16,48.24313993394214,48.7932308073023,47.497049613986356,47.93964767456055,3718469,0.0,0.0
2021-08-17,44.803522564710136,45.25244209954501,43.43146978650179,44.15227127075195,12732206,0.0,0.0
2021-08-18,42.14161878497007,42.185877508677386,41.20583973675652,41.39552307128906,9718397,0.0,0.0
2021-08-19,40.06773472914575,40.4407799111375,39.542940704694736,39.73262405395508,8798169,0.0,0.0
2021-08-20,40.023466719147976,40.23211997722854,39.694677636744025,40.21315002441406,5364546,0.0,0.0
2021-08-23,40.33961275475781,40.775886578223634,40.16257245595768,40.73794937133789,3505031,0.0,0.0
2021-08-24,40.687364772864065,41.33229455985983,40.687364772864065,41.2437744140625,3446178,0.0,0.0
2021-08-25,41.41449656373375,41.736961504553065,41.21848899261098,41.62314987182617,4416628,0.0,0.0
2021-08-26,41.18686864521429,41.36390894278842,40.73794908922864,40.99086380004883,4991365,0.0,0.0
2021-08-27,41.31964893683461,42.12897057869323,41.31964893683461,42.097354888916016,3585182,0.0,0.0
2021-08-30,42.78654479980469,43.07739401392388,42.36923823006261,42.78654479980469,2482679,0.0,0.0
2021-08-31,42.15426076905796,42.31865533153758,41.45242920415942,41.81915283203125,4257670,0.0,0.0
2021-09-01,41.104674539530045,41.446106710469955,40.93395845406009,41.275390625,3743804,0.0,0.0
2021-09-02,41.22151015121982,41.760354343620364,41.22151015121982,41.679527282714844,5425528,3.568243,0.0
2021-09-03,42.08365386549177,42.6157609554726,41.84117271643295,42.440635681152344,3774183,0.0,0.0
2021-09-07,41.89505755879159,42.0769169810533,41.52460456692266,41.72666931152344,4633541,0.0,0.0
2021-09-08,41.4572517059892,41.652582317445436,40.71634278808308,41.086795806884766,4836330,0.0,0.0
2021-09-09,40.80390178947592,40.99249824291808,40.54795234010702,40.7028694152832,3585182,0.0,0.0
2021-09-10,41.2080324048956,41.544808891342434,40.97902531580854,40.992496490478516,1907718,0.0,0.0
2021-09-13,41.36294724926274,41.46397961370354,40.95881491119722,41.14741134643555,4341745,0.0,0.0
2021-09-14,40.9520845204688,41.01943751607202,40.116877419842034,40.29199981689453,4622668,0.0,0.0
2021-09-15,40.30547879306755,40.925150091033665,40.24485993317104,40.6287841796875,4719746,0.0,0.0
2021-09-16,39.63191803090816,39.63191803090816,38.594643301588135,39.14022445678711,3844918,0.0,0.0
2021-09-17,37.58430875620159,37.79984465005855,36.897284674173655,37.409183502197266,6872178,0.0,0.0
2021-09-20,35.70510343505578,36.4460124265291,35.60407104537829,36.39886474609375,6224577,0.0,0.0
2021-09-21,37.045471831986475,37.058943007964494,36.223735857933164,36.73563766479492,4033134,0.0,0.0
2021-09-22,37.2879485151512,37.46307090150151,36.81646029292707,37.045467376708984,6056203,0.0,0.0
2021-09-23,37.19365853552286,37.42266567004513,36.823202598751074,37.07915496826172,9491171,0.0,0.0
2021-09-24,36.675016209337265,36.98485035453244,36.594189159207424,36.72890090942383,4511577,0.0,0.0
2021-09-27,36.61439179686073,37.193649400015,36.54703592669136,37.09261703491211,4779832,0.0,0.0
2021-09-28,36.344973083268265,36.472947803082484,35.31443541693423,35.40199661254883,8142159,0.0,0.0
2021-09-29,35.543441883957385,35.8869553934805,35.23360775082807,35.44240951538086,5912266,0.0,0.0
2021-09-30,36.230473942809226,36.51336576629588,35.96778744372756,36.048614501953125,4277624,0.0,0.0
2021-10-01,36.041874787937644,36.23720539060952,35.61080005649254,36.068817138671875,2589510,0.0,0.0
2021-10-04,36.24394167418946,36.50662814830275,35.89369400213925,35.94084167480469,2781201,0.0,0.0
2021-10-05,36.109227925824015,36.15637559588138,35.482822639221,35.89369201660156,2757212,0.0,0.0
2021-10-06,35.563652840197435,36.21700053345051,35.31443753285225,36.203529357910156,3417032,0.0,0.0
2021-10-07,36.580720079992794,37.032000148618955,36.499893025232154,36.675018310546875,2992734,0.0,0.0
2021-10-08,37.14650294391914,37.36204175221136,36.86361113833826,37.08588409423828,3052371,0.0,0.0
2021-10-11,38.123158402220255,38.37237660537087,37.60452243210863,37.61125946044922,4292870,0.0,0.0
2021-10-12,37.597785326583036,37.83352945450855,37.44960239807761,37.63819885253906,3350445,0.0,0.0
2021-10-13,37.287953154790486,37.55737379516938,37.07241433824515,37.41592788696289,3596953,0.0,0.0
2021-10-14,38.298283782472424,38.93816034144821,38.257870253245265,38.83039093017578,4688022,0.0,0.0
2021-10-15,39.06612899949929,39.11327954974699,38.60137780614452,38.71588134765625,3841219,0.0,0.0
2021-10-18,38.72262445502777,39.08634333829371,38.271341484825335,39.072872161865234,4368425,0.0,0.0
2021-10-19,39.106546829574114,39.37596746521101,38.81691799009039,39.120018005371094,4166981,0.0,0.0
2021-10-20,38.72935860309058,39.1402280440076,38.4532009264583,39.072872161865234,3648295,0.0,0.0
2021-10-21,37.81332089937808,37.82005792712601,37.42265969907574,37.671875,4326387,0.0,0.0
2021-10-22,37.97497620166533,38.358903266654,37.55063849012248,38.203983306884766,3865881,0.0,0.0
2021-10-25,38.439726651877244,38.8573302071992,38.298280750929905,38.688941955566406,3407840,0.0,0.0
2021-10-26,38.57443731200662,38.57443731200662,38.12989141859878,38.32522201538086,2245811,0.0,0.0
2021-10-27,37.90761566880254,38.01538506052086,37.50348333016117,37.56410217285156,2990492,0.0,0.0
2021-10-28,37.725757835859355,37.97497312446406,37.570840768946084,37.793113708496094,2646345,0.0,0.0
2021-10-29,37.30142101928236,37.3822480683112,36.81646160541181,36.93770217895508,3821377,0.0,0.0
2021-11-01,36.92422655123877,37.058938293882896,36.68174829478172,36.70869064331055,4015646,0.0,0.0
2021-11-02,35.765716552734375,35.85328063135114,35.408734731752055,35.765716552734375,6023694,0.0,0.0
2021-11-03,35.994725525285496,36.31803083952107,35.68489138582234,36.183319091796875,3489000,0.0,0.0
2021-11-04,35.96778590002895,36.00819942740723,35.49629762758508,35.819602966308594,5240115,0.0,0.0
2021-11-05,35.77245660005776,36.0351430974766,35.69162954234383,35.981258392333984,3374771,0.0,0.0
2021-11-08,36.190061530674484,36.87035163794871,36.190061530674484,36.85014343261719,3391025,0.0,0.0
2021-11-09,36.49315784233063,36.59419021776421,35.59059485037748,35.9677848815918,3466917,0.0,0.0
2021-11-10,35.6983620567156,35.93410329145174,35.2403450012207,35.2403450012207,2592425,0.0,0.0
2021-11-11,36.62786700691997,37.126297620793075,36.52010048307652,37.08588409423828,3992890,0.0,0.0
2021-11-12,36.708696792229084,36.944440941193626,36.540308525869115,36.72216796875,2076765,0.0,0.0
2021-11-15,36.26414848074799,36.31803318331513,35.994727848214964,36.19679260253906,3415799,0.0,0.0
2021-11-16,36.03514479307858,36.10249779737327,35.476095271372586,35.52324295043945,3572739,0.0,0.0
2021-11-17,35.503028585121385,35.75898090218462,35.22013679919606,35.2403450012207,2748356,0.0,0.0
2021-11-18,35.19320354925557,35.3413865079734,34.94398819519993,35.22688293457031,2495346,0.0,0.0
2021-11-19,35.36831675405507,35.58385264899687,35.179720325716566,35.26728439331055,3222427,0.0,0.0
2021-11-22,35.631003643732946,36.70868889258132,35.46261541360983,36.38538360595703,3968004,0.0,0.0
2021-11-23,36.890548836693746,37.456335256800486,36.88381468993526,37.40245056152344,4002082,0.0,0.0
2021-11-24,37.692086461347685,37.94803593184363,37.24754052184213,37.368778228759766,3947938,0.0,0.0
2021-11-26,35.981258529929164,36.728904496187795,35.88696029556898,36.66154861450195,2545455,0.0,0.0
2021-11-29,37.355305867846965,37.86720767290902,37.200388784795834,37.69208526611328,4162049,0.0,0.0
2021-11-30,37.94803249545362,38.43299192011709,37.51695777134193,37.84700012207031,5092479,0.0,0.0
2021-12-01,38.02212283326239,38.48013991144088,37.207123931427525,37.22732925415039,4560901,0.0,0.0
2021-12-02,37.98844933834751,39.05266362627389,37.79985286994639,38.837127685546875,6897177,0.0,0.0
2021-12-03,37.57758171285881,37.85373940046789,36.37192145564744,36.71543502807617,6099697,0.0,0.0
2021-12-06,37.67187858745873,37.78638214735433,37.34857323233468,37.604522705078125,4885318,0.0,0.0
2021-12-07,38.86406816438889,39.497207660032316,38.763035787053724,38.95836639404297,4666835,0.0,0.0
2021-12-08,39.00550977139595,39.14022151320314,38.688938618300234,38.82365036010742,2716856,0.0,0.0
2021-12-09,38.372368372589435,38.56096192112059,38.190506090349004,38.432987213134766,2806984,0.0,0.0
2021-12-10,38.85059566890924,38.97183624577433,38.3656362417515,38.52729034423828,2885566,0.0,0.0
2021-12-13,39.079600062949005,39.15369296161308,38.527287678275904,38.81691360473633,3003495,0.0,0.0
2021-12-14,39.14022620921792,39.490473899636704,38.944892720010344,39.120018005371094,3463217,0.0,0.0
2021-12-15,39.14022434036525,39.281670239328484,38.42625493751833,39.24125671386719,4324930,0.0,0.0
2021-12-16,39.45678955454697,39.71947600937892,39.31534366663031,39.36922836303711,3142948,0.0,0.0
2021-12-17,39.76663329177252,39.8003126753196,39.180644277447485,39.24799728393555,4116424,0.0,0.0
2021-12-20,38.98530732688749,39.24125967411732,38.64179665500689,39.214317321777344,3436426,0.0,0.0
2021-12-21,39.645386367610996,40.25832047459231,39.61844401915232,40.2179069519043,5482699,0.0,0.0
2021-12-22,39.67906725275596,39.968696090577374,39.1065466051243,39.908077239990234,3762637,0.0,0.0
2021-12-23,40.15055415014785,40.554686527620326,40.022579425337035,40.35935592651367,2586259,0.0,0.0
2021-12-27,40.34588362878271,40.615307126470405,40.00237298968468,40.60857009887695,1673541,0.0,0.0
2021-12-28,40.36609702447041,40.581632970047345,40.02931760903319,40.15729522705078,2001770,0.0,0.0
2021-12-29,40.588360180939105,40.972287208766204,40.500798988042625,40.554683685302734,2501399,0.0,0.0
2021-12-30,40.95208538503099,41.05985190845281,40.56142417683247,40.58836364746094,2306570,0.0,0.0
2021-12-31,40.50080388103862,40.77022739988885,40.440185029448685,40.64898681640625,1380399,0.0,0.0
2022-01-03,40.81063832129524,40.93861593375934,40.50754118100875,40.642250061035156,1776112,0.0,0.0
2022-01-04,40.77023047704815,41.51787359752954,40.70960874058001,41.302337646484375,3723177,0.0,0.0
2022-01-05,41.58522364772145,42.42043074140597,41.571752472652264,41.79402542114258,7154895,0.0,0.0
2022-01-06,41.948940660490805,42.19142180113613,41.35621474396265,41.84117126464844,3280382,0.0,0.0
2022-01-07,42.359813240653146,43.35667158656228,42.30592853866303,43.349937438964844,4178752,0.0,0.0
2022-01-10,42.528204664156476,42.73700645978035,41.8950622488826,42.53493881225586,4884085,0.0,0.0
2022-01-11,42.43390086819725,43.51832323372113,42.07018203061697,43.437496185302734,4725015,0.0,0.0
2022-01-12,45.12812123097892,45.27630417139401,44.52192405352289,45.229156494140625,5156040,0.0,0.0
2022-01-13,45.12811684182932,45.478367394199694,44.99340797122019,45.195472717285156,5830209,0.0,0.0
2022-01-14,44.622954521610346,45.28303925665047,44.51518511502376,45.107913970947266,6030195,0.0,0.0
2022-01-18,45.04055168384904,45.491834569574365,44.50844463498546,44.757659912109375,7000869,0.0,0.0
2022-01-19,45.66696004821588,46.333778881385655,45.56592767721205,46.124977111816406,5057616,0.0,0.0
2022-01-20,46.13172122373005,46.852421986556536,45.747794122533115,45.82188415527344,9697211,0.0,0.0
2022-01-21,44.25923382723648,44.515183277008845,43.74733204738914,43.76080322265625,10684251,0.0,0.0
2022-01-24,42.58881672130418,43.5317931653185,41.90852673699683,43.5183219909668,8935491,0.0,0.0
2022-01-25,42.93907013113132,43.43750076866815,42.33960711256217,43.026634216308594,8501440,0.0,0.0
2022-01-26,43.38361296367244,44.08410831321373,43.11419234007254,43.42402648925781,7639055,0.0,0.0
2022-01-27,43.7608090237844,44.51518917814099,43.713661344250724,44.31985855102539,11393059,0.0,0.0
2022-01-28,43.47791526217188,43.54527114445604,42.58208922854968,43.22196578979492,13538429,0.0,0.0
2022-01-31,42.9390641357244,42.9390641357244,42.32613002657892,42.83803176879883,9665598,0.0,0.0
2022-02-01,43.0939924492505,43.82816731854115,42.992960055950874,43.794490814208984,10462293,0.0,0.0
2022-02-02,43.97634283992852,44.31311934752955,43.653034627540976,44.13125991821289,7991945,0.0,0.0
2022-02-03,44.81154893372793,44.81828308118025,44.08410835283992,44.279441833496094,12548474,0.0,0.0
2022-02-04,44.353530384690565,44.74419157242993,44.21208448986114,44.56233215332031,7541640,0.0,0.0
2022-02-07,45.51877132147499,46.38092063946797,45.168523701097,46.10476303100586,7175857,0.0,0.0
2022-02-08,46.690765772047094,46.724442270532926,45.727581047478495,46.5829963684082,10837268,0.0,0.0
2022-02-09,46.091302942519086,46.48869829934371,45.64002000338793,46.40787124633789,10782787,0.0,0.0
2022-02-10,46.9803941211164,47.781924781125944,46.89283291634318,47.10837173461914,8724070,0.0,0.0
2022-02-11,46.17886007665549,46.73790949026236,46.03741418650223,46.41460418701172,5950380,0.0,0.0
2022-02-14,46.20580517350428,46.20580517350428,45.48510162525503,45.9767951965332,7391314,0.0,0.0
2022-02-15,45.161795681091014,45.50530632136512,44.50844801741528,45.47836685180664,7712704,0.0,0.0
2022-02-16,45.43121979198664,46.38766752497573,45.43121979198664,46.29336929321289,7078330,0.0,0.0
2022-02-17,45.902704547154016,46.17886219311115,45.525514529357274,45.74778747558594,6945156,0.0,0.0
2022-02-18,46.724440399126,46.852415120670216,46.20580448534022,46.7042350769043,6837540,0.0,0.0
2022-02-22,46.75138612033633,47.04101496175029,45.909444828170685,46.300106048583984,5094497,0.0,0.0
2022-02-23,46.93997433629919,47.02753840970422,46.252950205220095,46.31357192993164,5959012,0.0,0.0
2022-02-24,44.75006478112286,44.94022070165919,43.85562811959315,44.721893310546875,7321251,2.676182,0.0
2022-02-25,45.27827658227194,47.23618179434359,45.13742223722084,47.2291374206543,6325243,0.0,0.0
2022-02-28,47.16575111810205,47.94046052402876,47.130535274553594,47.743263244628906,4222247,0.0,0.0
2022-03-01,47.9545491257739,48.56727412077416,47.588323003536146,48.24330520629883,5324302,0.0,0.0
2022-03-02,50.053309195874405,50.694205668816444,49.76455311260105,50.687164306640625,5833684,0.0,0.0
2022-03-03,51.053386995804516,51.82105809855528,50.91253565983437,51.412574768066406,5664974,0.0,0.0
2022-03-04,49.85611537690446,51.51117592601655,49.84202963986805,51.497093200683594,6274910,0.0,0.0
2022-03-07,51.20833591805231,51.57455904915848,50.482924994937534,50.99000549316406,7550271,0.0,0.0
2022-03-08,49.00392856908925,49.79272375155741,48.63066108743554,48.99688720703125,8120076,0.0,0.0
2022-03-09,48.42642605080558,49.44059013346048,48.158797033617404,49.187049865722656,10645016,0.0,0.0
2022-03-10,49.20112922904692,50.18008034635536,48.92645888442304,50.15190887451172,6092411,0.0,0.0
2022-03-11,48.18696289791709,49.03210104090143,48.13766432739592,48.27851867675781,5286972,0.0,0.0
2022-03-14,47.18688328713405,47.34182638965592,45.80649314784352,46.12342071533203,7471689,0.0,0.0
2022-03-15,45.045862796349,45.65154640990723,44.63033811750344,45.623374938964844,5895563,0.0,0.0
2022-03-16,46.10228989007362,47.16575545709685,45.99664837311586,47.07419967651367,5730776,0.0,0.0
2022-03-17,46.86995629015509,47.848907403114985,46.53190164123628,47.820735931396484,4270225,0.0,0.0
2022-03-18,48.43345893198427,48.53205907894428,47.65874951499037,48.454586029052734,4995176,0.0,0.0
2022-03-21,49.59552620393827,50.77871897148894,49.56031035872179,50.454750061035156,6025263,0.0,0.0
2022-03-22,51.15903310378065,51.412576358501795,49.74342713921584,50.02513885498047,6743712,0.0,0.0
2022-03-23,50.43362431588302,51.40553715475606,50.31389705753329,51.38440704345703,4265181,0.0,0.0
2022-03-24,51.89852351812482,52.525337242047506,51.870358070529974,52.3070068359375,3983586,0.0,0.0
2022-03-25,52.285886183083065,53.09581150998554,52.285886183083065,53.06059265136719,3288454,0.0,0.0
2022-03-28,53.377521185172796,53.43386413189817,52.55351311857272,53.236663818359375,6250136,0.0,0.0
2022-03-29,52.29292481546859,53.35639334250846,51.743584135261955,53.26483154296875,4904599,0.0,0.0
2022-03-30,54.58184267743429,55.33541898712099,54.574795292116534,55.018497467041016,4130661,0.0,0.0
2022-03-31,55.13118187601746,55.45515080814175,54.356475393278814,54.40577697753906,2865612,0.0,0.0
2022-04-01,55.29316251236039,56.10308775416245,55.236819572579066,55.849544525146484,2776605,0.0,0.0
2022-04-04,55.490363505265144,55.638262218215125,55.046661343009134,55.48332214355469,2530433,0.0,0.0
2022-04-05,55.11709959394423,55.419938417618155,54.26492004672105,54.356475830078125,3086337,0.0,0.0
2022-04-06,54.76495669112013,54.94806824949372,53.98320285180848,54.45507049560547,3522967,0.0,0.0
2022-04-07,54.229698217383614,54.70861324240271,53.84938635627757,54.476200103759766,2964597,0.0,0.0
2022-04-08,54.93398555914155,55.22274164474421,54.58184516663225,54.70157241821289,2388515,0.0,0.0
2022-04-11,54.039543899518584,54.173359894190625,53.13806284034496,53.45499038696289,2926707,0.0,0.0
2022-04-12,53.990243181187815,54.969197308008404,53.976160457000724,54.25082778930664,3408401,0.0,0.0
2022-04-13,54.264911933353915,55.08891988377363,54.264911933353915,55.025535583496094,2446695,0.0,0.0
2022-04-14,54.7297468859349,55.2931703401049,54.617060990419525,55.03962707519531,3032529,0.0,0.0
2022-04-18,55.20161437988281,55.736866358467736,55.067798373533165,55.20161437988281,3047439,0.0,0.0
2022-04-19,54.462106275380826,54.87763695535275,54.314207566714856,54.83537673950195,3094296,0.0,0.0
2022-04-20,53.349349713287104,54.30013242174896,52.588725955880314,54.15927505493164,4871306,0.0,0.0
2022-04-21,52.15206932601031,52.44786677438885,50.151909844925896,50.327980041503906,8406491,0.0,0.0
2022-04-22,49.65187027653581,49.891324777961614,47.79256516258204,47.88412094116211,8564440,0.0,0.0
2022-04-25,45.764228836142635,46.56710967393602,44.975433732756265,46.412166595458984,10201548,0.0,0.0
2022-04-26,45.827622847599976,46.16567753331077,45.19377068835517,45.2501106262207,5411291,0.0,0.0
2022-04-27,47.405211637086424,47.905253790183345,46.79248660071858,47.313655853271484,6618832,0.0,0.0
2022-04-28,47.243224666169006,48.0108927674588,46.75727128739102,47.96863555908203,4777814,0.0,0.0
2022-04-29,48.48276264160146,48.82082032417524,47.13054094641656,47.17279815673828,3650985,0.0,0.0
2022-05-02,47.144628486318005,47.47563877446412,46.48260188661914,47.468597412109375,4315402,0.0,0.0
2022-05-03,47.602414195379936,48.19401216015625,47.49677266971745,47.80665588378906,3054613,0.0,0.0
2022-05-04,47.292526576717094,48.85603125069688,46.79952882060279,48.78560256958008,4593410,0.0,0.0
2022-05-05,47.91229191428056,48.01089206571852,45.84874816641078,46.33470153808594,5458149,0.0,0.0
2022-05-06,45.89804494878155,46.46147135192411,45.32757718380497,46.376956939697266,3810727,0.0,0.0
2022-05-09,44.750067934444424,44.961353978652596,43.672516638241,43.76407241821289,5975715,0.0,0.0
2022-05-10,44.59512269399336,44.67259272873287,43.33445697181566,44.03169631958008,3914980,0.0,0.0
2022-05-11,45.10220801967662,45.79240608097489,44.15142835653471,44.20777130126953,4290179,0.0,0.0
2022-05-12,43.1443028046774,43.91901221851182,42.74990523014892,43.65138626098633,4571662,0.0,0.0
2022-05-13,44.22889942537095,44.91909750267506,44.04578786243965,44.75006866455078,3130168,0.0,0.0
2022-05-16,44.69372314338887,44.996564955061004,44.228896877032376,44.700767517089844,4217538,0.0,0.0
2022-05-17,46.01073602208556,46.22906343911558,45.63746549849432,46.16567611694336,3809831,0.0,0.0
2022-05-18,45.45435379363156,45.60225554692129,44.778244400179766,44.94727325439453,3603118,0.0,0.0
2022-05-19,45.165598337159274,46.80657315884996,45.165598337159274,46.391048431396484,5452432,0.0,0.0
2022-05-20,47.355915198166876,47.57424262366773,46.510776971176696,47.41225814819336,4860320,0.0,0.0
2022-05-23,48.102448182451845,48.60953166743295,47.73622205766083,48.38416290283203,4398356,0.0,0.0
2022-05-24,47.7150903958212,48.69404142625346,47.630575987790436,48.60248565673828,3192832,0.0,0.0
2022-05-25,48.29965092551505,48.53206407571234,47.66579578435758,48.37712097167969,2301525,0.0,0.0
2022-05-26,48.06018993710416,48.36303174912497,47.93342132737238,48.1799201965332,2244242,0.0,0.0
2022-05-27,49.63778505777471,50.335021471070455,49.58144211292187,50.018096923828125,2622467,0.0,0.0
2022-05-31,50.497012203436256,50.83506688267469,49.51101662826267,49.764556884765625,3267603,0.0,0.0
2022-06-01,50.884363427004814,51.28579936596673,49.89836794952032,50.426578521728516,5143596,0.0,0.0
2022-06-02,52.4227930018606,53.63072684910485,52.304366815709855,53.243873596191406,3866300,0.0,1.121
2022-06-03,52.62806512617457,53.27545478971853,52.414896784518795,52.975440979003906,3632900,0.0,0.0
2022-06-06,52.880708625218524,53.22808450286083,52.3991131800032,52.72280502319336,3050000,0.0,0.0
2022-06-07,52.92808276619466,54.67287711074682,52.92018607933584,54.64129638671875,4557100,0.0,0.0
2022-06-08,53.480723251578006,54.12811294936729,53.1649220767867,53.36229705810547,3190300,0.0,0.0
2022-06-09,52.730705644750124,52.7701770306475,51.53855895996094,51.53855895996094,2719100,0.0,0.0
2022-06-10,50.18061596798657,50.6306276694653,49.67533348967233,50.117454528808594,3218500,0.0,0.0
2022-06-13,48.025285142470096,48.72793964153128,47.456844194149404,48.00949478149414,3559800,0.0,0.0
2022-06-14,47.662103972668675,48.001589141066496,46.8252360789741,47.34630584716797,3288600,0.0,0.0
2022-06-15,48.36476233942551,49.162158921526434,47.63053020637169,48.90951919555664,3582000,0.0,0.0
2022-06-16,47.4173701138888,47.87527853843259,47.07788487989957,47.53579330444336,3170400,0.0,0.0
2022-06-17,46.19364169829671,46.53312692470695,45.19097939149814,45.60151672363281,3963700,0.0,0.0
2022-06-21,44.96201956519239,45.86994263626149,44.93833252041453,45.5699348449707,3576800,0.0,0.0
2022-06-22,43.5646056759846,44.322524873756606,43.454076169439084,43.904090881347656,4035300,0.0,0.0
2022-06-23,43.919881316095896,43.98303974349983,42.6645763250223,43.225120544433594,3917300,0.0,0.0
2022-06-24,43.54881791806491,44.504112152229006,43.3356525662616,44.464637756347656,2783700,0.0,0.0
2022-06-27,45.396246550866884,45.84626127573922,45.15150048524904,45.53835678100586,2769800,0.0,0.0
2022-06-28,46.22522236144251,46.61207866955107,45.71204919106984,45.941001892089844,3026500,0.0,0.0
2022-06-29,46.30417416498679,46.41470367824542,45.48309347834648,45.941001892089844,2876400,0.0,0.0
2022-06-30,44.2909454622117,44.76464723358546,43.50144552162537,44.35410690307617,3594300,0.0,0.0
2022-07-01,42.78299810147272,43.035637826202084,41.559273870120535,42.73563003540039,4125700,0.0,0.0
2022-07-05,41.267163785157976,41.80402400558827,40.627667725371005,41.79612731933594,5291300,0.0,0.0
2022-07-06,41.15663538873944,41.480330264696384,40.46187455313546,41.44874954223633,4067600,0.0,0.0
2022-07-07,42.90142704977912,43.50144568168299,42.44351563693667,42.743526458740234,4148400,0.0,0.0
2022-07-08,42.09613905086905,42.26193332527101,41.275058341873475,41.83560562133789,3193100,0.0,0.0
2022-07-11,40.61187742066123,40.777674703452064,40.01185876790044,40.35923767089844,2775900,0.0,0.0
2022-07-12,39.86974989828614,40.1460736928998,39.48289357412353,39.625003814697266,3741900,0.0,0.0
2022-07-13,39.22235734301646,40.07501571393251,38.890765801430085,39.70395278930664,3406900,0.0,0.0
2022-07-14,37.903895890113574,38.2433811508908,37.382825980128196,38.08548355102539,4660100,0.0,0.0
2022-07-15,38.36969227622809,38.94602982860622,37.98283902850922,38.898658752441406,3198800,0.0,0.0
2022-07-18,40.36713190926311,40.74609151092685,39.83816539472818,40.00395965576172,3781300,0.0,0.0
2022-07-19,39.76711144658009,40.28818129060085,39.46710363545224,40.161861419677734,3153400,0.0,0.0
2022-07-20,40.12238808954042,40.23291760306864,39.68816370994953,40.153968811035156,2718000,0.0,0.0
2022-07-21,39.08024369272928,40.13027996887865,39.04866297501734,40.07501220703125,2922800,0.0,0.0
2022-07-22,40.97504825373411,41.19610727406873,40.15396759005798,40.33555221557617,3033300,0.0,0.0
2022-07-25,41.81981551615805,41.93034503310252,41.19610980002458,41.70138931274414,2490600,0.0,0.0
2022-07-26,41.70928199604533,41.81981150238141,41.29874167843761,41.6224365234375,2989300,0.0,0.0
2022-07-27,41.17242708880214,42.30141235398181,40.99083943460372,42.190879821777344,3000000,0.0,0.0
2022-07-28,43.027744225186055,43.14617041397331,42.11192446856765,42.64878463745117,2423500,0.0,0.0
2022-07-29,42.86194993951362,43.667240192261495,42.53825510365739,43.45407485961914,2655600,0.0,0.0
2022-08-01,43.01195281784918,43.06721756814913,42.37245683504587,42.782997131347656,2422900,0.0,0.0
2022-08-02,42.31719951839869,42.46720644845212,41.661916073287586,41.859291076660156,2393200,0.0,0.0
2022-08-03,42.34877515289311,42.38035587244667,41.76454689966825,42.040870666503906,2524600,0.0,0.0
2022-08-04,41.86718085888181,42.28561787508427,41.73296731468518,41.94613265991211,2650900,0.0,0.0
2022-08-05,41.88297237768252,43.17775183336395,41.77244286488581,42.94879913330078,2309200,0.0,0.0
2022-08-08,43.24091077206937,43.52513122377645,42.75931534131051,42.933006286621094,2330700,0.0,0.0
2022-08-09,42.68826017081607,42.9487965884306,42.38035568578302,42.554046630859375,2400400,0.0,0.0
2022-08-10,43.19353852107145,43.52513004296824,42.956689154975514,43.36722946166992,2325000,0.0,0.0
2022-08-11,43.493545761409635,44.1093546651531,43.48565208825775,43.698814392089844,2482400,0.0,0.0
2022-08-12,42.8619515054135,44.06199174874014,42.82247711163828,44.02251434326172,3036200,0.0,0.0
2022-08-15,42.59352602154101,43.27249651009591,42.34877993491899,43.21723175048828,3156800,0.0,0.0
2022-08-16,44.65411633505268,45.79099512992739,44.46463503005531,45.767311096191406,4584500,0.0,0.0
2022-08-17,44.42516214066017,45.214662083422844,44.369897385603046,44.64622116088867,3923000,0.0,0.0
2022-08-18,45.3567695164246,45.45940534593002,44.70937984422684,45.104129791259766,3809300,0.0,0.0
2022-08-19,44.93043897303343,45.00938775797353,44.43305319514216,44.80411911010742,3216600,0.0,0.0
2022-08-22,44.8514887728454,45.34097784977543,44.53568761964364,45.246238708496094,3738400,0.0,0.0
2022-08-23,45.39625142897039,46.66734695085413,45.39625142897039,46.41470718383789,4610500,0.0,0.0
2022-08-24,45.83047202518994,46.12258616679132,45.53835788358856,45.909423828125,3385700,0.0,0.0
2022-08-25,46.541025771195,47.32262908747676,46.5331290846124,47.314735412597656,2958700,0.0,0.0
2022-08-26,47.6147410417863,48.00949099998206,46.39891044773458,46.485755920410156,3353600,0.0,0.0
2022-08-29,45.672572826552994,46.23312010355782,45.640995116117445,45.68046951293945,3552900,0.0,0.0
2022-08-30,45.12782290622826,45.18308766899856,43.64356196340278,43.738304138183594,4607200,0.0,0.0
2022-08-31,43.81724684489993,43.81724684489993,43.14617309790258,43.33565139770508,4050000,0.0,0.0
2022-09-01,42.475521327740246,42.49238711865388,41.657551377763255,42.062320709228516,7320600,3.5,0.0
2022-09-02,43.08267390937141,43.27662566603372,42.129777698969185,42.34059524536133,4106200,0.0,0.0
2022-09-06,42.585140869848956,42.711632674012236,41.89365963188217,42.03701400756836,5097500,0.0,0.0
2022-09-07,41.0082309457948,41.48046020155253,40.66249029062052,41.32024002075195,5109700,0.0,0.0
2022-09-08,41.792465750790285,42.58513845708477,41.62381109373485,42.49237823486328,5296400,0.0,0.0
2022-09-09,44.170491485509075,45.10652186940857,44.170491485509075,44.98003005981445,3895000,0.0,0.0
2022-09-12,46.04254895375726,46.29553257249093,45.66307995929744,45.9919548034668,3382700,0.0,0.0
2022-09-13,44.80293823805675,45.31733347843553,43.89220504850351,44.0018310546875,4359200,0.0,0.0
2022-09-14,44.060864586974695,44.339145275808264,43.504306426127826,43.866912841796875,3149500,0.0,0.0
2022-09-15,43.580204010009766,44.1789250774541,43.3019233011066,43.580204010009766,2991800,0.0,0.0
2022-09-16,42.76223241310345,43.35252221500826,42.458654616876935,42.96461868286133,4872300,0.0,0.0
2022-09-19,42.23097657453127,43.791025283936065,42.171944696283546,43.757293701171875,3231100,0.0,0.0
2022-09-20,43.54646971150435,43.60549836422522,43.01520862019623,43.38624954223633,3754600,0.0,0.0
2022-09-21,43.4705766856475,43.554905632866834,42.171939849853516,42.171939849853516,2621500,0.0,0.0
2022-09-22,43.85005267276869,43.91751583633919,42.9393192654911,43.183868408203125,4884100,0.0,0.0
2022-09-23,41.455158540334246,41.54791876726288,40.62875421732853,41.210609436035156,5368900,0.0,0.0
2022-09-26,40.055334002572806,40.98292992432525,39.96257376703347,40.03003692626953,5592800,0.0,0.0
2022-09-27,40.89860153198242,41.261207947240464,40.56972669414845,40.89860153198242,3995700,0.0,0.0
2022-09-28,40.96606427206237,42.357458050104874,40.89860111789728,42.27313232421875,3765400,0.0,0.0
2022-09-29,42.635741649683766,42.77066475041484,41.70814251743976,42.51768112182617,4138000,0.0,0.0
2022-09-30,41.91895822957362,43.09110321905132,41.91895822957362,42.19723892211914,3093900,0.0,0.0
2022-10-03,43.00677725350509,43.80788453198346,42.90558573714771,43.56333541870117,3003500,0.0,0.0
2022-10-04,44.11146110068791,45.106520098853764,44.02713215866186,44.88726806640625,3274900,0.0,0.0
2022-10-05,43.89220950039397,44.617422324857195,43.70669225975053,44.34757614135742,3275400,0.0,0.0
2022-10-06,43.64766601815016,44.086166927071396,43.31035985370198,43.48744583129883,3393600,0.0,0.0
2022-10-07,43.3272201906453,43.75728654164896,42.964613777311506,43.158565521240234,3635100,0.0,0.0
2022-10-10,43.6223652579936,43.67296262595887,43.04894128833542,43.192298889160156,3440300,0.0,0.0
2022-10-11,42.27313232421875,43.1754311018453,41.716574169637695,42.27313232421875,4007200,0.0,0.0
2022-10-12,41.48045631994694,42.21410364532488,41.370833519730205,41.43829345703125,3570700,0.0,0.0
2022-10-13,40.620322124322435,42.812826473717756,40.36734171930539,42.36589431762695,3664900,0.0,0.0
2022-10-14,42.46708352529666,42.492380599375636,40.704648855476805,40.738380432128906,2833500,0.0,0.0
2022-10-17,42.05387860111742,42.374322136892104,41.72500377982082,42.0032844543457,4004600,0.0,0.0
2022-10-18,42.374323547152954,42.53454371196253,40.9660639902566,41.56478500366211,3294800,0.0,0.0
2022-10-19,41.08411813784027,41.40455844285497,40.603454463498245,40.95762634277344,2639500,0.0,0.0
2022-10-20,40.249285223567796,41.70814224598396,40.215553644399456,40.68778610229492,4480200,0.0,0.0
2022-10-21,40.384202339166954,42.49237747248593,40.32517369277962,42.38275146484375,3986900,0.0,0.0
2022-10-24,41.23591348315094,41.80933746838139,41.06725880217366,41.328670501708984,3782500,0.0,0.0
2022-10-25,41.31180645540959,42.20567076411565,40.957631316306525,41.88522720336914,3675600,0.0,0.0
2022-10-26,42.51768124032339,43.85004967847392,42.47551837438126,43.057376861572266,5160300,0.0,0.0
2022-10-27,42.23096672666765,42.32372373240794,41.6575428206766,42.07917785644531,4783300,0.0,0.0
2022-10-28,40.47696542389771,40.69621423787627,39.56623215778632,40.08062744140625,7580200,0.0,0.0
2022-10-31,39.70958944723321,40.696213927850884,39.70958944723321,40.32517623901367,3972500,0.0,0.0
2022-11-01,42.45021991061672,42.500817278185686,41.52262402292813,41.82619857788086,4150200,0.0,0.0
2022-11-02,41.82620170786071,42.450223087293956,40.51913350764393,40.5359992980957,4966600,0.0,0.0
2022-11-03,40.14809346922273,41.05882358372446,40.030036159641064,40.7552490234375,4326800,0.0,0.0
2022-11-04,44.3728718510895,45.21614195279606,44.00183416439387,44.727046966552734,7810100,0.0,0.0
2022-11-07,45.511286661103924,45.511286661103924,44.42346749987088,44.51622772216797,3550700,0.0,0.0
2022-11-08,44.6258503404155,45.52815227034349,44.34757289143323,44.98845672607422,4162400,0.0,0.0
2022-11-09,44.887268084182494,45.14868297933644,43.90064358823863,43.93437194824219,3225500,0.0,0.0
2022-11-10,45.24987739950139,46.00882184268421,44.81137652308691,45.90762710571289,4891700,0.0,0.0
2022-11-11,48.54706252954934,49.40719847302189,48.20132189493179,48.95183181762695,6602100,0.0,0.0
2022-11-14,49.21324738852102,49.862565802175666,49.11205586933937,49.23854446411133,3687100,0.0,0.0
2022-11-15,50.63837085345251,50.714265294110554,49.93002381291748,50.33479309082031,3461300,0.0,0.0
2022-11-16,50.005923715376035,50.208309984842835,49.21325086167403,49.483097076416016,3941200,0.0,0.0
2022-11-17,48.06639936444278,49.43249612988039,47.92304498058753,49.41563034057617,3270100,0.0,0.0
2022-11-18,49.575850453616134,49.66017617774294,49.03615809883618,49.533687591552734,2659000,0.0,0.0
2022-11-21,47.889307583450474,48.51332562778663,47.18939188805669,48.26877975463867,3662400,0.0,0.0
2022-11-22,48.90966926737034,49.60115054104615,48.72414880283573,49.54212188720703,2482200,0.0,0.0
2022-11-23,49.35660031874827,50.629940032958984,49.297571666229395,50.629940032958984,3658600,0.0,0.0
2022-11-25,50.07337841370855,50.52031052817741,50.04807812378875,50.326358795166016,1282700,0.0,0.0
2022-11-28,49.744510858458476,50.33479742909663,49.55899038378902,49.73607635498047,3012800,0.0,0.0
2022-11-29,50.97568096082516,51.43947889768613,50.89978651902461,51.279258728027344,3402200,0.0,0.0
2022-11-30,52.04663306774958,53.28623796223664,51.802083959822795,52.95736312866211,3757700,0.0,0.0
2022-12-01,52.948935360148575,53.4801932572965,52.84774062246478,53.142887115478516,2789900,0.0,0.0
2022-12-02,52.19842230397188,53.598250590301085,52.15625622403971,53.488624572753906,2857600,0.0,0.0
2022-12-05,53.572952095814955,54.18010763881533,52.55259597691073,52.68751907348633,3001200,0.0,0.0
2022-12-06,53.22721296645016,53.48862788082396,52.60319483343206,52.90677261352539,2885200,0.0,0.0
2022-12-07,52.535732001153214,53.303107742568855,52.468272058947036,52.66222381591797,2420700,0.0,0.0
2022-12-08,53.4801918593309,53.93555851654342,53.32840619041376,53.52235794067383,2243200,0.0,0.0
2022-12-09,54.53427833343381,54.964347905651515,53.952423095703125,53.952423095703125,2923600,0.0,0.0
2022-12-12,53.370570420191704,53.387436209796235,52.442971292864954,53.2019157409668,2631500,0.0,0.0
2022-12-13,54.09578398421042,54.34033311138795,53.24407929074953,53.42959976196289,2604800,0.0,0.0
2022-12-14,52.63692173417964,53.04169424094378,51.95387496475843,52.62849044799805,3227500,0.0,0.0
2022-12-15,52.62849603869138,52.70439048966933,51.937014692812575,52.00447463989258,3573100,0.0,0.0
2022-12-16,51.31299353431203,51.709331582033016,51.06844760607849,51.59127426147461,3155800,0.0,0.0
2022-12-19,52.19842637873065,52.36707784434372,51.000981028590715,51.28769302368164,2035600,0.0,0.0
2022-12-20,51.52380693033044,52.189991147399695,51.52380693033044,51.89484786987305,1722900,0.0,0.0
2022-12-21,52.662219923560016,53.04169212298632,52.52729683229958,52.83930587768555,1884200,0.0,0.0
2022-12-22,51.98760352679583,52.05506346279557,51.076870264647965,51.78521728515625,2307600,0.0,0.0
2022-12-23,52.30804342213877,52.40080364809338,51.717756923918856,52.32490921020508,1235100,0.0,0.0
2022-12-27,52.864606530985405,53.20191589038254,52.620060623083965,52.90677261352539,1457300,0.0,0.0
2022-12-28,53.016396269815566,53.06699363958133,51.97917431577126,52.06350326538086,1670300,0.0,0.0
2022-12-29,52.28275167884369,52.670655193456255,52.24902009927204,52.485137939453125,1495300,0.0,0.0
2022-12-30,52.28274634844939,52.645352749824575,51.97916859689621,52.32490921020508,1349400,0.0,0.0
2023-01-03,51.92857568358303,52.5778908470557,51.48164033125504,51.77678680419922,2137900,0.0,0.0
2023-01-04,52.603189235235426,52.940495341914925,52.012899527521164,52.932064056396484,3345600,0.0,0.0
2023-01-05,53.31154045755743,53.640415304729316,52.92363373980716,53.404300689697266,3024900,0.0,0.0
2023-01-06,54.55957462130882,55.74858858804387,54.05361383204219,55.68955993652344,2820300,0.0,0.0
2023-01-09,56.05216650654807,56.220817958899495,55.30165660639536,55.33538818359375,2844200,0.0,0.0
2023-01-10,55.917245347492006,56.34731495432836,55.53777632793358,56.31358337402344,2679600,0.0,0.0
2023-01-11,56.8617056264666,56.903871706795975,56.13649279355729,56.75208282470703,3299500,0.0,0.0
2023-01-12,57.494161159390245,58.18564245000114,56.465370509877246,58.177207946777344,3174600,0.0,0.0
2023-01-13,57.89049884979292,58.50608247522843,57.71341288492897,58.421756744384766,2635200,0.0,0.0
2023-01-17,57.898936243011526,57.92423332016325,57.106260179504545,57.139991760253906,3530300,0.0,0.0
2023-01-18,58.53981130931544,59.02890953237168,57.384535340283264,57.39296340942383,3548900,0.0,0.0
2023-01-19,57.23274397037996,58.455483041224575,57.16528081834487,58.084442138671875,3704400,0.0,0.0
2023-01-20,57.46886545922941,58.598844439917386,57.32551106919725,58.57354736328125,4344900,0.0,0.0
2023-01-23,58.320566598900754,58.65786951162242,57.991685321808,58.506080627441406,2272900,0.0,0.0
2023-01-24,59.02890584577184,59.02890584577184,57.51101712199593,58.82652282714844,2533900,0.0,0.0
2023-01-25,58.51451734068987,59.7456910328244,58.50608283746102,59.6697998046875,2654000,0.0,0.0
2023-01-26,60.14203286497987,60.31068433841713,59.37466029710661,60.07456970214844,2811000,0.0,0.0
2023-01-27,59.26502080905061,59.602330131284816,58.38801914469776,58.927711486816406,3123700,0.0,0.0
2023-01-30,58.775922683662294,59.19755772854836,58.59883673684697,58.75062561035156,2577100,0.0,0.0
2023-01-31,58.362730889927924,59.1975666025287,58.19407942014797,59.1554069519043,2369000,0.0,0.0
2023-02-01,58.95301471769565,59.39994683326618,57.637509010505994,59.11323165893555,4558000,0.0,0.0
2023-02-02,58.18563733508141,58.244665985177186,56.3388737435074,56.96289825439453,6053600,0.0,0.0
2023-02-03,56.827978170091214,57.34237350593872,56.406343070782846,56.566566467285156,3359300,0.0,0.0
2023-02-06,55.71485742531755,55.87508080933915,55.132998974831104,55.672691345214844,2881800,0.0,0.0
2023-02-07,55.59679566086647,56.54126045008386,55.082400406358076,56.338871002197266,3124400,0.0,0.0
2023-02-08,56.136499109489144,56.61716288457696,55.99314471406536,56.11963653564453,2310600,0.0,0.0
2023-02-09,57.426697783888464,57.426697783888464,56.03530070470041,56.22925567626953,2507100,0.0,0.0
2023-02-10,55.93410502839872,56.00156817776022,55.242623831543405,55.63896179199219,2827500,0.0,0.0
2023-02-13,55.419713496995556,56.448504076141994,55.33538777144791,56.27984619140625,2930700,0.0,0.0
2023-02-14,55.807621766466156,56.853275006922004,55.71486153031819,56.634029388427734,2350500,0.0,0.0
2023-02-15,55.031811357806646,56.37260779761894,54.90531954957289,56.330448150634766,2932200,0.0,0.0
2023-02-16,56.05216773489889,57.1484150664878,55.9172414231485,56.60872268676758,2713000,0.0,0.0
2023-02-17,56.060602305517406,56.39790521801953,55.78232161242656,56.02687072753906,2743200,0.0,0.0
2023-02-21,56.33044917799564,56.61715794382329,55.7485907096927,55.88351058959961,3126400,0.0,0.0
2023-02-22,54.247570300455116,54.5005474853028,53.51392295375141,54.12107849121094,4002600,0.0,0.0
2023-02-23,53.42115982439249,53.90182352653131,52.46826692257773,52.982662200927734,4134500,0.0,0.0
2023-02-24,50.70583612119139,51.01784518275638,50.46128700034458,50.95881652832031,4344600,0.0,0.0
2023-02-27,50.688965531488186,51.42260960773104,50.57933951927991,50.975677490234375,2873100,0.0,0.0
2023-02-28,51.66716115075979,51.92014154590434,51.2286602979931,51.414180755615234,3041500,0.0,0.0
2023-03-01,53.12602126651453,53.58138793512156,52.81401220105583,53.26094436645508,4786800,0.0,0.0
2023-03-02,53.513916551664174,55.0402332819933,53.26936746535267,54.820987701416016,5870900,0.0,0.0
2023-03-03,55.38598064846882,55.66426132666355,55.132997043993555,55.529335021972656,2686300,0.0,0.0
2023-03-06,54.22227711109121,54.30660284541685,53.82593908275546,54.00302505493164,3009500,0.0,0.0
2023-03-07,53.631980041674446,53.665711619578246,52.44296926353834,52.459835052490234,3367500,0.0,0.0
2023-03-08,53.36213403852254,53.5645202898321,53.14288521502249,53.34526824951172,2969800,0.0,0.0
2023-03-09,53.57961810091152,53.75321221362255,52.503340561961274,52.71165084838867,3042400,1.8,0.0
2023-03-10,52.69429823204906,53.4147127383627,52.052004232500565,52.173519134521484,4029100,0.0,0.0
2023-03-13,51.57461233972701,53.24111117933192,51.496498465917945,52.702972412109375,4309600,0.0,0.0
2023-03-14,52.494663369005494,53.03280218290718,52.381826689773135,52.946006774902344,2977400,0.0,0.0
2023-03-15,51.07119892432708,51.34894821099789,49.621691730420665,50.49834060668945,5445000,0.0,0.0
2023-03-16,49.144310772490265,49.99491838409583,49.02279587240842,49.977561950683594,4124500,0.0,0.0
2023-03-17,50.04699041969244,50.263982227497394,49.55224936277973,49.994911193847656,2879100,0.0,0.0
2023-03-20,50.611175927898394,51.079875767154185,50.359464608925094,51.00175857543945,2315300,0.0,0.0
2023-03-21,51.07119602101046,51.24479014306933,50.31606539774171,50.51569747924805,3041200,0.0,0.0
2023-03-22,50.94100027316913,51.04515873439687,49.90812036540464,49.93415832519531,3074600,0.0,0.0
2023-03-23,50.498338361345375,50.87156456953288,49.665090538382245,50.003597259521484,2404500,0.0,0.0
2023-03-24,50.24662812353713,50.576456635498516,50.05567425171224,50.4723014831543,2498800,0.0,0.0
2023-03-27,50.55041352190896,50.81948124728799,50.22058504357128,50.67192840576172,1952300,0.0,0.0
2023-03-28,51.70481033514039,51.86104470960841,51.46178055753786,51.765567779541016,1871300,0.0,0.0
2023-03-29,52.468623896002946,52.84185009952132,52.234272327907746,52.76373291015625,2417600,0.0,0.0
2023-03-30,54.72533474182391,54.864209370122424,54.265313156403636,54.58646011352539,3877600,0.0,0.0
2023-03-31,54.89025460993534,55.17668210294409,54.69930074057447,55.03780746459961,2488700,0.0,0.0
2023-04-03,54.24795774620087,54.707979368358224,53.935488979817535,54.51702880859375,2947400,0.0,0.0
2023-04-04,53.605662992529965,53.623022737149675,52.5120255697499,52.841854095458984,4352700,0.0,0.0
2023-04-05,52.38182218079065,52.69429092036316,51.9651982983714,52.6335334777832,2393000,0.0,0.0
2023-04-06,52.32106897961031,52.38182642711556,51.77425195206307,52.04331970214844,2658000,0.0,0.0
2023-04-10,51.98256296704737,52.37314892852866,51.73953317369573,52.35578918457031,1858300,0.0,0.0
2023-04-11,54.161161440113126,54.69061871766916,54.022286803026994,54.43022918701172,3459600,0.0,0.0
2023-04-12,54.33475342338405,54.534388822587836,53.96152720735843,54.15248107910156,2186000,0.0,0.0
2023-04-13,54.143801477683155,54.49098641347849,53.831332717744594,54.42155075073242,2036000,0.0,0.0
2023-04-14,54.09171865326484,54.21323353827086,53.015441119469514,53.449424743652344,2680400,0.0,0.0
2023-04-17,53.9528455826358,54.213235102451904,53.614338875771644,53.93548583984375,2288700,0.0,0.0
2023-04-18,54.43023065421096,54.99441074503699,54.308715757364155,54.9857292175293,2001800,0.0,0.0
2023-04-19,54.334753916919446,54.577787022536214,54.221920547166874,54.45627212524414,2716500,0.0,0.0
2023-04-20,53.16300096099458,53.588306425536935,52.5554231449481,52.694297790527344,3367200,0.0,0.0
2023-04-21,51.21007196953956,51.26215120080234,50.47230107066261,50.993080139160156,4056500,0.0,0.0
2023-04-24,50.932319835086474,51.40102295706741,50.715328016876676,51.31422424316406,2321400,0.0,0.0
2023-04-25,50.211907643011884,50.29002483348375,49.41337930577282,49.56093215942383,3722000,0.0,0.0
2023-04-26,50.88892309863751,50.993078246264204,50.35078099532932,50.654571533203125,3447400,0.0,0.0
2023-04-27,50.55041689132834,51.340267000050694,50.41154225609251,51.262149810791016,3345900,0.0,0.0
2023-04-28,50.71532855175403,51.357622486250946,50.611173405003896,51.244789123535156,3566400,0.0,0.0
2023-05-01,51.583297778220384,51.713494199840206,50.74136842341927,50.90628433227539,2174500,0.0,0.0
2023-05-02,50.00359551648411,50.2292655523663,49.639047537249915,50.116432189941406,2898700,0.0,0.0
2023-05-03,50.26398616781431,50.949681128878986,50.1685092351303,50.51569747924805,2524200,0.0,0.0
2023-05-04,50.48965907902511,50.81080938195228,50.15983387049894,50.49834060668945,2890900,0.0,0.0
2023-05-05,51.51385788031519,53.17167528925605,51.51385788031519,52.76373291015625,3144100,0.0,0.0
2023-05-08,53.336594498465345,53.53622659231049,52.746376433604595,52.83317184448242,2461200,0.0,0.0
2023-05-09,52.190872207609395,52.720332765332614,51.99991835111057,52.494659423828125,2126000,0.0,0.0
2023-05-10,52.59881630492381,52.650895534152255,51.175350483003974,51.77425003051758,3551400,0.0,0.0
2023-05-11,49.960198071897146,50.22926581094579,49.578290347777894,50.05567169189453,3606300,0.0,0.0
2023-05-12,50.454941154886264,50.975720221608256,50.37682396377471,50.611175537109375,2182100,0.0,0.0
2023-05-15,51.09723692743223,51.808969888992756,51.07987718312189,51.6266975402832,2763900,0.0,0.0
2023-05-16,50.94100422321825,51.314230460643586,50.40286537594352,50.4549446105957,2148200,0.0,0.0
2023-05-17,51.34894467352,51.574614711756155,50.949680515315485,51.33158493041992,2456900,0.0,0.0
2023-05-18,50.55909666353895,50.836845942559044,50.06435555334487,50.76741027832031,2086200,0.0,0.0
2023-05-19,51.08855481617368,51.14063073410214,50.60249194563611,50.8021240234375,1749400,0.0,0.0
2023-05-22,50.576454168261535,51.05383551350341,50.463617493957386,50.88024139404297,2111000,0.0,0.0
2023-05-23,50.203227593504,50.3421022258236,49.899440370002516,50.116432189941406,2824000,0.0,0.0
2023-05-24,48.64088693071881,48.81448104808614,47.981229946929425,48.09406661987305,3681900,0.0,0.0
2023-05-25,47.868394903576444,47.911792603635774,47.226097685188584,47.76423645019531,3398800,0.0,0.0
2023-05-26,49.161668033816454,49.343940374732775,48.89260028609213,49.187705993652344,2427500,0.0,0.0
2023-05-30,49.00543061399243,49.040150098975744,48.19822079880812,48.44993209838867,2452200,0.0,0.0
2023-05-31,47.70348125258136,47.8857535880267,47.42573198589348,47.651405334472656,3779500,0.0,0.0
2023-06-01,48.120102099126534,49.13562548122738,47.94651130173623,48.944671630859375,3518000,0.0,0.0
2023-06-02,50.697973754683154,51.10591947654796,50.45494395154636,50.967044830322266,4387400,0.0,0.0
2023-06-05,50.4375845613776,50.7326936005604,50.01227909186632,50.229270935058594,2356700,0.0,0.0
2023-06-06,50.51569593118353,51.01911522759113,50.40285925864829,51.01043701171875,2554600,0.0,0.0
2023-06-07,51.05383664183633,51.522539781428506,50.949681492271125,50.9757194519043,2395300,0.0,0.0
2023-06-08,51.869723875399764,52.13011671163664,51.539898688622635,52.08671569824219,2704600,0.0,0.0
2023-06-09,52.23427185559921,52.3210672603167,51.774250250738106,51.782928466796875,1617800,0.0,0.0
2023-06-12,51.63537332734601,51.71349051254145,51.15798868946704,51.66141128540039,2153800,0.0,0.0
2023-06-13,53.19771351650824,53.371307628614716,53.01544118876097,53.310546875,3922300,0.0,0.0
2023-06-14,54.98572483602461,55.01176610543999,54.05700012866303,54.44758605957031,3445500,0.0,0.0
2023-06-15,54.464947624230014,55.69745959073374,54.464947624230014,55.53254699707031,3096800,0.0,0.0
2023-06-16,55.51518945953409,55.6193479227537,54.78609677215982,54.82949447631836,2867200,0.0,0.0
2023-06-20,54.2913507260962,54.42154713777123,53.73585221687633,54.12643814086914,2720100,0.0,0.0
2023-06-21,53.25847490579521,53.93548835104484,53.11960026802522,53.76189422607422,3155200,0.0,0.0
2023-06-22,52.772412249635146,53.13696024477624,52.711654802283725,52.85921096801758,2647700,0.0,0.0
2023-06-23,51.37497896948059,51.61801204452036,50.95835509788239,51.4791374206543,2854500,0.0,0.0
2023-06-26,51.34894370246655,51.78292733866421,51.28818625828146,51.68745040893555,2172600,0.0,0.0
2023-06-27,52.09539790991413,52.520700034095974,51.84368659746142,52.468624114990234,1976000,0.0,0.0
2023-06-28,51.62669714324996,51.774253313236734,51.296868625955405,51.53990173339844,2926600,0.0,0.0
2023-06-29,51.32290420208033,51.93048193671185,51.218745748578506,51.87840270996094,2479000,0.0,0.0
2023-06-30,51.956522808186065,51.98256076750554,51.609334565774944,51.79160690307617,2233600,0.0,0.0
2023-07-03,52.555419301505246,52.867888058965505,52.36446874719368,52.76373291015625,1439500,0.0,0.0
2023-07-05,52.27767018487519,52.312389671591525,51.56593726235279,51.574615478515625,2192800,0.0,0.0
2023-07-06,50.576448445535284,50.663243839928384,49.71715947250254,50.16850280761719,3042100,0.0,0.0
2023-07-07,49.856044112670226,50.68929529709925,49.786608445403566,50.36814498901367,2145000,0.0,0.0
2023-07-10,49.45677465887104,50.09039036879571,49.413376957567344,49.882080078125,2240100,0.0,0.0
2023-07-11,50.437581800639826,51.01911831926857,50.3160669048686,51.00175857543945,2504200,0.0,0.0
2023-07-12,52.32974908056356,52.93732685008704,52.31238933731632,52.68561553955078,2993100,0.0,0.0
2023-07-13,53.67510118733696,54.23059976292641,53.544904760106384,54.100406646728516,2678100,0.0,0.0
2023-07-14,54.52570579874163,54.59514477239079,53.78793491439818,53.9007682800293,2484400,0.0,0.0
2023-07-17,52.772406173910774,53.084874902047666,52.56409589584096,53.04147720336914,2465700,0.0,0.0
2023-07-18,53.006765697810906,53.34527243389553,52.83317156593778,53.19771957397461,1874600,0.0,0.0
2023-07-19,52.51202051425897,52.807129522317595,52.36446766574587,52.59881591796875,1717300,0.0,0.0
2023-07-20,53.32791297075795,53.458109398107375,52.781095922368806,52.83317184448242,2689700,0.0,0.0
2023-07-21,52.9286433886544,52.972041089670284,52.41654257018938,52.720333099365234,1539300,0.0,0.0
2023-07-24,52.44258312269599,53.73585586754877,52.381825676061894,53.37131118774414,2775400,0.0,0.0
2023-07-25,55.06384587213182,55.96653599525654,54.70797940154219,55.71482467651367,4460700,0.0,0.0
2023-07-26,54.9076095569118,55.16800239391561,54.41286846425651,54.786094665527344,2543000,0.0,0.0
2023-07-27,54.60382449626211,54.74269913636242,53.77057665566029,53.84869384765625,2678100,0.0,0.0
2023-07-28,53.727174389379336,53.796610048017286,53.19771383425666,53.2324333190918,2122900,0.0,0.0
2023-07-31,53.831330631243674,54.38682915581111,53.78793292983041,54.378150939941406,1857100,0.0,0.0
2023-08-01,53.33659060891777,53.46678371574023,52.84184951872102,52.90260696411133,2272700,0.0,0.0
2023-08-02,52.086716643666804,52.433904890929476,51.59197554348863,51.800289154052734,2264100,0.0,0.0
2023-08-03,51.57461500271788,52.242950216195425,51.40102419280264,51.930484771728516,2652400,0.0,0.0
2023-08-04,51.869722532056706,52.64221618263665,51.869722532056706,51.98255920410156,2327900,0.0,0.0
2023-08-07,52.08671264214376,52.12143212640923,51.51385439589252,52.02595520019531,1561400,0.0,0.0
2023-08-08,50.88892830393184,51.63538077884607,50.53306181136027,51.58330154418945,1781500,0.0,0.0
2023-08-09,51.94784164379846,52.121435766216194,51.57461543946171,51.6440544128418,1622300,0.0,0.0
2023-08-10,52.147476669972065,52.44258237166435,51.40102426654872,51.48781967163086,1970600,0.0,0.0
2023-08-11,51.227433236717786,51.37498609646814,50.993081655614866,51.17535400390625,1946600,0.0,0.0
2023-08-14,49.95151668902708,50.35946237331993,49.50885482964974,50.20322799682617,2732300,0.0,0.0
2023-08-15,49.90811635755792,49.90811635755792,49.05750885870081,49.17902374267578,2639300,0.0,0.0
2023-08-16,48.4499307790791,48.91863388049393,48.206901012878326,48.276336669921875,3492500,0.0,0.0
2023-08-17,49.42205738639244,49.53489406366046,48.59749109160332,48.80580139160156,3994400,0.0,0.0
2023-08-18,48.371813969113354,48.57144603732475,48.111424458882496,48.43257141113281,2583900,0.0,0.0
2023-08-21,48.66692367294572,48.92731318697162,48.51937082904289,48.81447982788086,2390700,0.0,0.0
2023-08-22,48.9099564031465,49.04015282355124,47.642724930141476,48.0506706237793,4306700,0.0,0.0
2023-08-23,49.06618972353699,49.54357438068927,48.857879428627314,49.4567756652832,3254600,0.0,0.0
2023-08-24,48.04198931652297,48.44125679577726,47.84235723241209,48.059349060058594,2824100,0.0,0.0
2023-08-25,48.3197391791852,48.363140194068805,47.5038510892749,47.920475006103516,3110500,0.0,0.0
2023-08-28,48.649567593933234,49.03147533355966,48.397856276639914,48.666927337646484,2819100,0.0,0.0
2023-08-29,48.91863926948354,49.7345273680607,48.76240488513413,49.72584915161133,2769200,0.0,0.0
2023-08-30,50.24662551615544,50.34210244711343,49.90811880532797,50.1251106262207,2537900,0.0,0.0
2023-08-31,50.32474288165283,50.39418185387903,49.838680009166715,49.89944076538086,2152300,0.0,0.0
2023-09-01,50.697968327096035,51.19270940824899,50.42889728026294,50.567771911621094,2299000,0.0,0.0
2023-09-05,51.14931108798079,51.37498111957057,50.776084899902344,50.776084899902344,2069800,0.0,0.0
2023-09-06,50.83684234344699,50.97571697312509,50.27266229792402,50.776084899902344,2507000,0.0,0.0
2023-09-07,49.68739419655127,49.96403141551247,49.25012935421095,49.437530517578125,2600800,1.6,0.0
2023-09-08,49.08949594444579,49.40182891048352,48.94671622984299,49.071651458740234,1970500,0.0,0.0
2023-09-11,50.79392802477681,50.99025140020261,50.37451454655365,50.42805480957031,2391300,0.0,0.0
2023-09-12,50.55299701314324,50.83855646911723,50.30312993606308,50.41021728515625,1853800,0.0,0.0
2023-09-13,50.30312420430153,50.45482956282893,49.981869001901735,50.115726470947266,1919300,0.0,0.0
2023-09-14,52.25742662627744,52.525138165740984,52.01648521951918,52.114646911621094,4115300,0.0,0.0
2023-09-15,52.87316216600922,52.91778018743166,52.14141572144351,52.159263610839844,3046100,0.0,0.0
2023-09-18,52.35558849935372,52.35558849935372,51.87370905697685,51.98079299926758,1980100,0.0,0.0
2023-09-19,51.94509905598898,52.24850640666768,51.40967592144411,51.61492156982422,1929200,0.0,0.0
2023-09-20,51.67738382521999,52.203884678657396,51.2758148007106,51.28474044799805,1794200,0.0,0.0
2023-09-21,50.0711135975738,50.142501758704455,49.63384877065119,49.678466796875,2406000,0.0,0.0
2023-09-22,51.3025893299645,51.32043381661022,50.61546085344316,50.64223098754883,2721600,0.0,0.0
2023-09-25,49.678463332349146,50.124650371745005,49.1430402467289,50.08003234863281,2831100,0.0,0.0
2023-09-26,49.52675722295588,49.78554650111367,49.02702655521703,49.080570220947266,2261900,0.0,0.0
2023-09-27,49.97294989302753,50.017567917461754,49.1162715689971,49.705238342285156,3087600,0.0,0.0
2023-09-28,50.588687646405305,51.168732186164426,50.240662284204674,51.043800354003906,2946000,0.0,0.0
2023-09-29,51.29366284428002,51.37397664942167,50.63330791679275,50.75823974609375,2231300,0.0,0.0
2023-10-02,50.41914005083488,50.499453861417635,49.473222215542194,49.89263916015625,2554700,0.0,0.0
2023-10-03,49.080573200817234,49.59815178855701,48.76824364210315,49.00025939941406,2353000,0.0,0.0
2023-10-04,49.29474364743812,49.29474364743812,48.58084168952159,49.116268157958984,3047500,0.0,0.0
2023-10-05,49.00026213960299,49.48214497496986,48.95564411502541,49.37506103515625,1771900,0.0,0.0
2023-10-06,49.98187158549531,51.052721180801896,49.553532428200086,50.82070541381836,2952100,0.0,0.0
2023-10-09,49.88371121432428,50.222810905456896,49.508912339734444,50.18711853027344,2079600,0.0,0.0
2023-10-10,50.909937491012,51.24011492739938,50.66007385311202,50.95455551147461,2383900,0.0,0.0
2023-10-11,51.2936643511537,51.472139857171285,50.78501137169274,51.249046325683594,2288500,0.0,0.0
2023-10-12,51.19550526269491,51.2490489384711,50.10681108834424,50.499454498291016,2878700,0.0,0.0
2023-10-13,50.88317599982512,51.070573760071355,50.33882720699214,50.50837707519531,2097400,0.0,0.0
2023-10-16,51.24904689959692,52.016489201170735,51.061649148041596,51.58815002441406,2347200,0.0,0.0
2023-10-17,50.90994287746264,52.150342359900144,50.90994287746264,52.1057243347168,2773700,0.0,0.0
2023-10-18,51.36505307533375,51.543525167346786,50.73146489379443,50.99917984008789,3723100,0.0,0.0
2023-10-19,50.66007962519757,50.874247509474536,50.21389256146055,50.454833984375,2955500,0.0,0.0
2023-10-20,49.33936307748585,49.473217145314315,48.90209828598426,48.94671630859375,3325900,0.0,0.0
2023-10-23,48.85748026337477,49.28581940787231,48.43806336174436,48.94671630859375,2064300,0.0,0.0
2023-10-24,49.56245494291828,50.240657714736244,49.48214114324303,50.16926956176758,3063500,0.0,0.0
2023-10-25,50.66900062449643,51.12411332464989,50.54406879437965,50.570838928222656,2826100,0.0,0.0
2023-10-26,50.54407169031478,50.918870606276364,50.169276178490456,50.61546325683594,2771000,0.0,0.0
2023-10-27,51.382902723665865,51.4810610159772,50.793932544975476,51.034873962402344,2595500,0.0,0.0
2023-10-30,51.68630615594431,51.864781656488326,51.213348973019144,51.35612869262695,1903100,0.0,0.0
2023-10-31,50.36559460767933,51.14196255077106,50.222814883226334,50.91886901855469,2607500,0.0,0.0
2023-11-01,51.34720703361265,51.82908986932252,51.03487405307311,51.69523239135742,2114200,0.0,0.0
2023-11-02,52.40021173971593,52.891016846656115,52.25743201034902,52.67684555053711,2102500,0.0,0.0
2023-11-03,52.56083638289925,53.07841159597924,52.542988492222406,52.75715637207031,2218700,0.0,0.0
2023-11-06,53.06949202373019,53.176575969043746,52.5697612720382,52.66792297363281,1726500,0.0,0.0
2023-11-07,51.543529183936926,51.543529183936926,51.0527240843806,51.33828353881836,2573500,0.0,0.0
2023-11-08,51.09734112101807,51.39182621752951,50.70469772980662,50.91886901855469,2175900,0.0,0.0
2023-11-09,51.67738633747705,52.150343542593326,51.09734178452762,51.13303756713867,1841700,0.0,0.0
2023-11-10,51.33828089570088,51.918325422491556,51.04379921278316,51.82016372680664,1698500,0.0,0.0
2023-11-13,51.83801277947959,52.30204773048806,51.7844691067773,52.1057243347168,1693000,0.0,0.0
2023-11-14,53.694147370287084,54.2652696474576,53.66737723690645,54.12248992919922,2442800,0.0,0.0
2023-11-15,54.1492609776874,54.470516200232126,53.97971112318304,54.0778694152832,2140700,0.0,0.0
2023-11-16,53.58706853811044,54.06895140969501,53.58706853811044,53.881553649902344,1612200,0.0,0.0
2023-11-17,54.44374349652464,54.57760097601511,54.0778702439394,54.35450744628906,1799800,0.0,0.0
2023-11-20,54.40805284339117,55.14872161540606,54.399127195602446,54.97917175292969,1685600,0.0,0.0
2023-11-21,55.58597981248396,55.92507949697321,55.53243614455243,55.79122543334961,1994000,0.0,0.0
2023-11-22,55.63951996803272,55.75552954625693,55.14871492742739,55.52351379394531,2332600,0.0,0.0
2023-11-24,55.14871904558724,55.675219904059915,55.14871904558724,55.336116790771484,1025100,0.0,0.0
2023-11-27,55.06840388983698,55.202261364050905,54.66683487133216,54.711456298828125,1493800,0.0,0.0
2023-11-28,54.693613700470905,55.12195289360715,54.416976482260345,55.005943298339844,1493100,0.0,0.0
2023-11-29,54.98809418714934,55.0862558883422,54.04217976649944,54.25634765625,1957800,0.0,0.0
2023-11-30,54.35450993304598,54.45267163527835,54.10464625764525,54.39912796020508,1539400,0.0,0.0
2023-12-01,55.29150457688846,56.308810619525126,55.050563134558075,56.16603088378906,3721600,0.0,0.0
2023-12-04,54.979166513583806,55.291496073680754,54.63114117400809,54.756072998046875,2962700,0.0,0.0
2023-12-05,54.47051512657738,54.59544695418515,54.02432808275706,54.452667236328125,2189100,0.0,0.0
2023-12-06,55.82692340299669,55.84477129300767,54.74714818422243,54.836387634277344,2335600,0.0,0.0
2023-12-07,55.74660833681064,56.13032945300935,55.44320102177298,55.942928314208984,2981800,0.0,0.0
2023-12-08,55.54136616761569,56.02324560042153,55.380738555301384,55.73768615722656,2537000,0.0,0.0
2023-12-11,55.11301889062133,55.496739997910666,54.68467976242002,55.38965606689453,2896200,0.0,0.0
2023-12-12,55.58598377085132,55.6216795520143,55.139796718725314,55.46105194091797,1639100,0.0,0.0
2023-12-13,55.73768075127233,57.18332912188879,55.42535120436326,57.156558990478516,2656400,0.0,0.0
2023-12-14,57.98647416018462,58.771760946275705,57.97754851253747,58.47727584838867,3058500,0.0,0.0
2023-12-15,58.13817448118421,58.90561675850608,57.656291646009485,58.709293365478516,3616500,0.0,0.0
2023-12-18,58.97699737548828,59.34287400196801,58.86991684736634,58.97699737548828,2211900,0.0,0.0
2023-12-19,59.61058968041609,60.1549383993869,59.54812376880996,59.97645950317383,2595000,0.0,0.0
2023-12-20,59.52134708564943,59.88722371826362,58.90561361380361,58.923458099365234,2048100,0.0,0.0
2023-12-21,60.01215860879642,60.57435184441315,59.85153099743819,60.494041442871094,2681200,0.0,0.0
2023-12-22,60.681436778564084,60.833138736524766,60.38695170138827,60.520809173583984,1896800,0.0,0.0
2023-12-26,60.68144225302212,61.08300789756321,60.645746469997995,60.87776565551758,1390200,0.0,0.0
2023-12-27,60.89560248592885,61.564883014858864,60.886683647500114,61.47564697265625,2339200,0.0,0.0
2023-12-28,61.43103109532252,61.671975920130535,61.19901872629715,61.23471450805664,1949500,0.0,0.0
2023-12-29,60.97592777282188,61.17225117665691,60.69036831495489,60.95807647705078,1555200,0.0,0.0
2024-01-02,60.672508558120384,61.047310826025935,60.44941505001464,60.60112380981445,2545100,0.0,0.0
2024-01-03,59.30718133690171,60.217406723368626,59.19117515592119,59.94969177246094,2372800,0.0,0.0
2024-01-04,59.16440476160345,59.60166615843551,59.012695992345236,59.423187255859375,1888000,0.0,0.0
2024-01-05,58.57543202018883,59.39641451112183,58.56650637338395,58.91453170776367,2159000,0.0,0.0
2024-01-08,58.040008952548774,59.01269339779628,57.968617394657116,58.91453170776367,2329000,0.0,0.0
2024-01-09,57.79906753327133,57.87045909534593,57.5313593879027,57.64736557006836,2415700,0.0,0.0
2024-01-10,57.04055646816287,57.36181172053407,56.73715251218715,56.81746292114258,2976400,0.0,0.0
2024-01-11,56.84423139448101,57.07624716487969,56.24633897161155,56.65683364868164,2355900,0.0,0.0
2024-01-12,56.853152886667594,57.14763797257941,56.36234781428494,56.45158386230469,2615600,0.0,0.0
2024-01-16,55.49674615232482,55.52351969115055,54.56867964037071,54.89885711669922,3371700,0.0,0.0
2024-01-17,53.801233963695196,53.99755394598398,53.560292554210044,53.917240142822266,3059900,0.0,0.0
2024-01-18,53.59599154720876,53.979712695968956,53.25688842418266,53.970787048339844,3051600,0.0,0.0
2024-01-19,53.7566178430012,54.02432939496851,53.29258289766056,54.015403747558594,2475300,0.0,0.0
2024-01-22,53.363969071389235,53.91724004542779,53.274733025431615,53.64952850341797,3230500,0.0,0.0
2024-01-23,54.56867583897123,55.48782004337817,54.470514146435164,54.70252990722656,3452800,0.0,0.0
2024-01-24,56.34449720137167,56.406963112794635,55.452123147744274,55.4788932800293,3195900,0.0,0.0
2024-01-25,55.452129794329835,55.469977686038085,54.7025353632697,55.059486389160156,2514900,0.0,0.0
2024-01-26,55.17549009932855,55.34503994627036,54.872082780917935,55.29149627685547,1451800,0.0,0.0
2024-01-29,55.20226023196754,55.336114299299425,54.76499544208814,55.29149627685547,1811500,0.0,0.0
2024-01-30,54.961324436379755,55.24688389413594,54.336661845986626,55.121952056884766,2926100,0.0,0.0
2024-01-31,55.31827010509312,55.62167742510233,54.55975010300164,54.631141662597656,1908200,0.0,0.0
2024-02-01,54.782843331893105,55.36288783607533,54.693607287005186,55.29149627685547,1783500,0.0,0.0
2024-02-02,54.72930801162391,54.77392603809928,54.14926345503237,54.51513671875,2676700,0.0,0.0
2024-02-05,53.23904328475796,53.31935709688529,52.801778440034205,53.08734130859375,3395100,0.0,0.0
2024-02-06,53.533525794273345,53.881551161857054,53.45321198605117,53.83693313598633,2300900,0.0,0.0
2024-02-07,53.80123553527605,54.06894708558954,53.5781420093253,54.0064811706543,2136100,0.0,0.0
2024-02-08,53.676301951662126,53.75661575454582,53.42643489594789,53.57814025878906,1791400,0.0,0.0
2024-02-09,53.622757792087896,53.73876737389109,53.23903667116239,53.70307159423828,2242600,0.0,0.0
2024-02-12,53.667378303993665,54.18495692055711,53.613838036167834,53.94401550292969,1879600,0.0,0.0
2024-02-13,53.20334140909017,53.27473296909033,52.2038833980466,52.58760452270508,2801400,0.0,0.0
2024-02-14,53.04271516536973,53.46213208079895,52.935631226756506,53.40858840942383,2241500,0.0,0.0
2024-02-15,52.310971768396705,53.301507620478084,52.310971768396705,53.19442367553711,2390000,0.0,0.0
2024-02-16,53.7119982303125,54.202806730340825,53.631684421593064,53.845855712890625,2981100,0.0,0.0
2024-02-20,52.74823504428592,52.757157287710655,51.41859610094977,51.8469352722168,4523200,0.0,0.0
2024-02-21,51.68630923862153,51.93617631594055,51.35613175561171,51.54352951049805,2174000,0.0,0.0
2024-02-22,51.97186885094072,52.15926659411534,51.75769757007186,52.07895278930664,2355800,0.0,0.0
2024-02-23,52.239577899161006,52.51621167704693,51.92724493801202,52.034332275390625,1650200,0.0,0.0
2024-02-26,51.20442796796375,51.20442796796375,50.67792710090362,51.043800354003906,3202100,0.0,0.0
2024-02-27,51.71308210915206,51.82016605282538,51.38290463041263,51.52568435668945,2347500,0.0,0.0
2024-02-28,50.78501294398973,50.972410699248286,50.68685124243413,50.945640563964844,1760800,0.0,0.0
2024-02-29,51.33828154514837,51.57922296374924,51.04379985850535,51.168731689453125,1969800,0.0,0.0
2024-03-01,51.63276467207019,52.141417623946325,51.275813679392876,52.06110382080078,2713800,0.0,0.0
2024-03-04,51.766619721869674,51.9450952215893,51.64168789330704,51.811241149902344,2111300,0.0,0.0
2024-03-05,51.51675729798473,51.76662096109139,51.15980969413766,51.302589416503906,1478800,0.0,0.0
2024-03-06,52.36451115174177,52.73038438743312,52.159265522367306,52.25742721557617,2221200,0.0,0.0
2024-03-07,53.34612305118387,53.50164942788512,52.888687604478335,52.89783477783203,2788500,1.44,0.0
2024-03-08,53.04421639688374,53.07166140815019,52.248279660555625,52.42210388183594,3954000,0.0,0.0
2024-03-11,51.02234956750145,51.434042162873176,50.95830888488312,51.35170364379883,3077500,0.0,0.0
2024-03-12,51.91892216886793,52.010407860407994,51.17787550355388,51.23276901245117,2879900,0.0,0.0
2024-03-13,51.12298913485647,52.348916334785336,51.05894844821476,52.028709411621094,3653800,0.0,0.0
2024-03-14,51.671905321970684,51.82743518164707,51.013197191492495,51.26936340332031,2927600,0.0,0.0
2024-03-15,50.50087168515828,51.03149496408725,50.400235333131576,50.93085861206055,3439700,0.0,0.0
2024-03-18,51.653612990674304,51.66276365454795,51.11383899066737,51.122989654541016,1958100,0.0,0.0
2024-03-19,51.644466484116485,51.90977990058941,51.51638510787597,51.81829071044922,2521100,0.0,0.0
2024-03-20,51.95552013488749,52.9161338982833,51.78169242735067,52.86124038696289,2443100,0.0,0.0
2024-03-21,53.35527068226543,53.510800550256434,52.916133068455466,52.961875915527344,1786300,0.0,0.0
2024-03-22,52.376360490624634,52.62337605933142,52.17508777020674,52.18423843383789,2399700,0.0,0.0
2024-03-25,52.57763195266659,52.89783537298085,52.0927480005336,52.111045837402344,1592400,0.0,0.0
2024-03-26,52.028708888806925,52.047006726228645,51.44319205113448,51.7359504699707,2649200,0.0,0.0
2024-03-27,51.6902029116624,52.63251876831055,51.67190507590789,52.63251876831055,2384800,0.0,0.0
2024-03-28,52.61422691063552,52.879540324288236,52.39465983654452,52.77890396118164,2658600,0.0,0.0
2024-04-01,53.29123143595669,53.67547554967244,53.13570505372573,53.38271713256836,2281900,0.0,0.0
2024-04-02,53.60228457599392,54.187801376182605,53.51079888469772,54.13290786743164,3132600,0.0,0.0
2024-04-03,53.62973237715988,53.858450107262016,53.282083940172676,53.83100509643555,3781400,0.0,0.0
2024-04-04,54.25184624901239,54.288441924340034,52.81549914698126,52.824649810791016,2818700,0.0,0.0
2024-04-05,52.85209357415202,53.00761995568808,52.394658113226306,52.75145721435547,3435400,0.0,0.0
2024-04-08,54.06886860937013,54.67268326170986,53.94993790554426,54.608642578125,3632000,0.0,0.0
2024-04-09,54.87395951244364,55.386288504097685,54.77332314890841,55.340545654296875,2791300,0.0,0.0
2024-04-10,54.69098062699878,54.864808329478265,54.233545182504095,54.59949493408203,3291500,0.0,0.0
2024-04-11,54.3982259367626,54.59949866287163,53.70292554922661,54.42567443847656,2946700,0.0,0.0
2024-04-12,54.60864213802425,54.91055120673873,53.55654270906959,53.5748405456543,2585300,0.0,0.0
2024-04-15,54.67268298618568,54.873955699269764,53.83100344048036,54.03227615356445,2150000,0.0,0.0
2024-04-16,52.28487354267769,52.41295491080339,51.790842417088086,52.111045837402344,3171800,0.0,0.0
2024-04-17,53.95908292270776,54.306734826815756,53.20888909644417,53.43760681152344,3440200,0.0,0.0
2024-04-18,53.748667997085334,53.76696583477264,52.8520948901414,53.053367614746094,2890400,0.0,0.0
2024-04-19,52.842944332275934,53.46505685506904,52.81549932066778,53.172298431396484,2028600,0.0,0.0
2024-04-22,52.98017355333331,53.67547390009839,52.7971986757776,53.52909469604492,1955100,0.0,0.0
2024-04-23,52.71486431298639,53.739522312130724,52.57763576146306,53.70292663574219,3003700,0.0,0.0
2024-04-24,54.068867964227294,54.251842839410294,53.69377104058209,54.19695281982422,2063700,0.0,0.0
2024-04-25,52.4861428465701,53.18144668879697,52.2299801099368,52.33976364135742,3969900,0.0,0.0
2024-04-26,52.06530108155107,52.06530108155107,51.0497938572739,51.626163482666016,4065200,0.0,0.0
2024-04-29,51.122989473132606,52.056158257458144,51.11383880929143,51.973819732666016,2492100,0.0,0.0
2024-04-30,51.44319076773317,51.54382712606414,50.46427917480469,50.46427917480469,2456400,0.0,0.0
2024-05-01,50.59235835934867,50.99490377529318,50.14407358789917,50.31789779663086,2307600,0.0,0.0
2024-05-02,51.01319955125823,51.552973518712164,50.784481827590554,50.84852600097656,2781900,0.0,0.0
2024-05-03,51.47063446044922,51.90977555646062,51.15957821991517,51.47063446044922,2088000,0.0,0.0
2024-05-06,52.019561767578125,52.07445178994304,51.78169337081133,52.019561767578125,1181100,0.0,0.0
2024-05-07,52.65997524714547,52.797203801167335,52.431257500486495,52.57763671875,2043500,0.0,0.0
2024-05-08,51.76339978589759,51.92807334537393,51.55297639721333,51.690208435058594,1481100,0.0,0.0
2024-05-09,51.90062431803498,52.266574064003606,51.62616375353622,52.257423400878906,1551300,0.0,0.0
2024-05-10,52.60507576866752,52.76060214358757,52.26657451916971,52.32146453857422,1560200,0.0,0.0
2024-05-13,52.531883950084165,52.760601668759115,52.303166231409215,52.31231689453125,1485400,0.0,0.0
2024-05-14,54.233547864925576,54.325037052322905,53.51994965300465,53.78526306152344,2546800,0.0,0.0
2024-05-15,54.40737444769484,54.48971296966706,53.34612432558372,54.22439956665039,1589300,0.0,0.0
2024-05-16,54.46226469261421,55.60585334139214,54.34333398590934,54.910552978515625,2439500,0.0,0.0
2024-05-17,55.276500488903274,56.3651991404699,55.05693341780047,56.237117767333984,3522200,0.0,0.0
2024-05-20,56.13648057540107,56.74029524693755,56.01754637783848,56.33775329589844,2365400,0.0,0.0
2024-05-21,56.4383853520048,56.97815933013357,56.20966762381389,56.38349533081055,1787800,0.0,0.0
2024-05-22,56.072440416726856,56.072440416726856,53.675476055413505,53.730369567871094,3621400,0.0,0.0
2024-05-23,54.013982085511586,54.19695697472198,53.36442454427263,53.7486686706543,2125200,0.0,0.0
2024-05-24,53.82186063860086,54.66354025266819,53.7852649623486,54.55375671386719,2395700,0.0,0.0
2024-05-28,54.8648109099588,55.06608014183312,54.25184557072921,54.52630615234375,2118900,0.0,0.0
2024-05-29,54.956299073729504,55.66075014179594,54.352484371094825,54.38908004760742,3208000,0.0,0.0
2024-05-30,54.48056299669081,54.59949719437055,53.55654489613981,53.66632843017578,2229100,0.0,0.0
2024-05-31,54.51715852649837,54.78247193217299,53.675475461244055,54.46226501464844,2023700,0.0,0.0
2024-06-03,54.0048281857934,54.34333293203511,53.49250271464794,54.325035095214844,2064000,0.0,0.0
2024-06-04,52.989324356428504,53.245490598535746,52.4861460261499,53.126556396484375,3687900,0.0,0.0
2024-06-05,53.2912289748323,53.648028061077795,53.03506624418538,53.629730224609375,2605700,0.0,0.0
2024-06-06,53.67547462619059,54.681834721382714,53.5016504096368,54.617794036865234,2233100,0.0,0.0
2024-06-07,53.7669625449925,53.86759890113732,53.23633575439453,53.23633575439453,1665700,0.0,0.0
2024-06-10,53.34612112147388,53.556541000552166,53.09910557039362,53.43760681152344,1138100,0.0,0.0
2024-06-11,51.5987219948575,51.97381893762699,51.424894284091096,51.96466827392578,2494200,0.0,0.0
2024-06-12,53.181446308101734,53.26378482856667,52.385506113622164,52.50444030761719,2679600,0.0,0.0
2024-06-13,52.22998101289852,52.51359225475676,51.827439064093326,52.46784591674805,2062700,0.0,0.0
2024-06-14,51.53467578874978,52.2391232602387,51.49808011777612,51.99211120605469,2218500,0.0,0.0
2024-06-17,51.086393683435034,51.58957200494802,50.94001447190479,51.461490631103516,2568800,0.0,0.0
2024-06-18,51.27851418097775,51.955520194888926,51.18702848529367,51.836585998535156,2759200,0.0,0.0
2024-06-20,52.14764158888244,52.522738520362154,51.918923862615415,52.33976364135742,1895600,0.0,0.0
2024-06-21,51.80914388189139,51.99211877343615,51.52553262549921,51.76340103149414,2222300,0.0,0.0
2024-06-24,51.82744055983615,52.486145268713486,51.7816942205072,51.86403274536133,1872500,0.0,0.0
2024-06-25,52.14763849018075,52.20253199760697,51.88232510588704,52.12019348144531,1537200,0.0,0.0
2024-06-26,52.46784879161854,52.632525845597364,52.15679252187586,52.449554443359375,1905200,0.0,0.0
2024-06-27,52.01040764456772,52.14763967126373,51.79084058980059,51.90977478027344,1755300,0.0,0.0
2024-06-28,52.64166923208416,52.66911424063449,52.08359745852548,52.229976654052734,1610300,0.0,0.0
2024-07-01,52.888684612709426,53.46505073018699,52.63251840387521,52.79719543457031,1575200,0.0,0.0
2024-07-02,52.24827683178176,52.90698498615882,52.20253398549568,52.83379364013672,1558000,0.0,0.0
2024-07-03,53.97738532939468,54.91970127852881,53.940789654293866,54.47141647338867,1861700,0.0,0.0
2024-07-05,54.4073766006525,54.58120082504756,53.849304761863436,54.42567443847656,1500400,0.0,0.0
2024-07-08,53.63888336500115,53.977384630411066,53.20889291302394,53.38271713256836,1877700,0.0,0.0
2024-07-09,53.57483964944209,53.66632534087976,53.22718774005918,53.39186477661133,1551200,0.0,0.0
2024-07-10,53.089955812642884,53.64802760534476,53.04421296683815,53.56568908691406,1639200,0.0,0.0
2024-07-11,53.76696125083496,53.91334044989807,52.94357607488281,53.27293014526367,2212500,0.0,0.0
2024-07-12,54.34333376282262,54.68183502428373,54.142061044678165,54.22439956665039,2595200,0.0,0.0
2024-07-15,53.346126556396484,53.657182820193036,53.07166247837456,53.346126556396484,1878000,0.0,0.0
2024-07-16,52.147637318595976,52.45869354044546,51.681054730799374,52.33061218261719,2433300,0.0,0.0
2024-07-17,52.52274051849359,52.724013242051406,52.12934573515188,52.13849639892578,1820700,0.0,0.0
2024-07-18,52.101900552533706,52.12934556385389,51.27851531337166,51.34255599975586,2438300,0.0,0.0
2024-07-19,50.86682080156577,51.168729874679514,50.40938535014897,50.912567138671875,2077700,0.0,0.0
2024-07-22,50.866819181459675,51.09553689988343,50.67469713557303,51.004051208496094,1939100,0.0,0.0
2024-07-23,50.025139850567705,50.49172246241598,49.787271468091774,50.38193893432617,2585600,0.0,0.0
2024-07-24,50.38194170096152,50.53747157342188,49.768979854681966,49.796424865722656,2075100,0.0,0.0
2024-07-25,49.768979100298985,50.66555217691297,49.595151393127786,50.12577819824219,2668900,0.0,0.0
2024-07-26,50.51002036780128,50.82107660611047,50.26300481179498,50.665550231933594,1846900,0.0,0.0
2024-07-29,50.12578002021504,50.37279559468246,49.915360121214434,50.327049255371094,2167000,0.0,0.0
2024-07-30,49.18345521882365,49.59514779812949,48.92729249834684,49.503662109375,2892500,0.0,0.0
2024-07-31,50.46427889428107,51.232770592770855,50.33619752619203,50.80278015136719,2547800,0.0,0.0
2024-08-01,50.3087508371976,50.464277210414615,49.229202927961005,49.640892028808594,2525200,0.0,0.0
2024-08-02,49.9245070234311,49.997698373966436,49.01878674526823,49.41217803955078,2996200,0.0,0.0
2024-08-05,47.57329073300442,48.7168794525478,47.326275150788355,48.524757385253906,3524900,0.0,0.0
2024-08-06,48.030725098248766,49.32984017810836,47.95753374672983,48.96389389038086,2870200,0.0,0.0
2024-08-07,49.02792969668481,49.11026821396799,48.25029085897553,48.268585205078125,2465200,0.0,0.0
2024-08-08,48.46071586184277,48.98219202978021,48.433267359876346,48.62539291381836,2267800,0.0,0.0
2024-08-09,49.073676699901206,49.33899011028895,48.62539189334118,49.1834602355957,2124500,0.0,0.0
2024-08-12,49.14686749049379,49.35728738565952,48.6802813616847,49.00048828125,2226900,0.0,0.0
2024-08-13,48.8449567892963,49.15601303487344,48.69857758490444,49.09197235107422,2203900,0.0,0.0
2024-08-14,47.90264212783163,48.11306202150775,47.573288036875745,47.802005767822266,3564900,0.0,0.0
2024-08-15,48.09476214523235,48.47900973170902,48.01242362598417,48.16795349121094,2612100,0.0,0.0
2024-08-16,48.16795535694407,48.95474141695643,48.02157614927252,48.70772933959961,2683800,0.0,0.0
2024-08-19,49.05537594898365,49.503664218876324,49.02793093917885,49.366432189941406,2288600,0.0,0.0
2024-08-20,49.26579529473236,49.50366367695486,48.98218755663955,49.073673248291016,2324000,0.0,0.0
2024-08-21,50.42768359454978,50.720442006626115,50.2081165304703,50.63810348510742,2128600,0.0,0.0
2024-08-22,50.16236986716665,50.20811271120732,49.57684959759814,49.668338775634766,1792900,0.0,0.0
2024-08-23,49.89706190461116,50.50087658540593,49.714087018622145,50.49172592163086,2241100,0.0,0.0
2024-08-26,51.04979444155804,51.21447147926915,50.546616155198734,50.784481048583984,2845600,0.0,0.0
2024-08-27,50.80277725128305,51.05894346279338,50.56491236554703,50.93085861206055,2970800,0.0,0.0
2024-08-28,49.72323272227311,49.933656103410065,49.503665657542776,49.78727340698242,3465200,0.0,0.0
2024-08-29,50.09833147980373,50.65640331539504,49.924507256404674,50.43683624267578,2106700,0.0,0.0
2024-08-30,50.27215919315849,50.500876929715204,50.02514361888254,50.43683624267578,1650100,0.0,0.0
2024-09-03,48.25029578692505,48.323483648676465,47.500098391749724,47.88434600830078,4824700,0.0,0.0
2024-09-04,47.60073304780353,48.2594412297153,47.60073304780353,47.802005767822266,2353200,0.0,0.0
2024-09-05,48.067315900137324,48.34177646059247,47.930083874932066,48.03986740112305,1776600,0.0,0.0
2024-09-06,47.25308139105325,47.56413762355223,46.74075245224454,47.01521301269531,2871100,0.0,0.0
2024-09-09,47.51839229337389,47.57328580260702,47.17074387143046,47.372013092041016,2224200,0.0,0.0
2024-09-10,46.94202851600867,47.01521637538434,46.56693157557481,46.951175689697266,2482800,0.0,0.0
2024-09-11,47.62818167472939,48.360077717704,47.0518120140313,48.314334869384766,3468300,0.0,0.0
2024-09-12,48.38751882812878,49.192606155479616,48.2685846401217,49.110267639160156,3637800,0.0,0.0
2024-09-13,49.65593647227003,50.0981181944545,49.65593647227003,49.75942611694336,2782200,1.48,0.0
2024-09-16,50.295686106919206,50.559115265501866,50.01344391242027,50.37095260620117,3337400,0.0,0.0
2024-09-17,50.38036112462724,50.72845972536784,50.17338542119183,50.28628158569336,2040900,0.0,0.0
2024-09-18,50.38036277361705,50.81313440912485,49.88173474091913,49.90995788574219,2151300,0.0,0.0
2024-09-19,52.08323360730591,52.16790663693467,51.54697228262536,51.92329406738281,3185400,0.0,0.0
2024-09-20,51.198866790904496,51.33058317551999,50.60615921020508,50.60615921020508,3280100,0.0,0.0
2024-09-23,50.83195183538941,51.37762323658713,50.75668891837515,51.35880661010742,1792600,0.0,0.0
2024-09-24,53.68260840717784,54.011890401169296,53.31568957099578,53.955440521240234,4251800,0.0,0.0
2024-09-25,54.57637573376108,54.689275495458084,54.22827710745691,54.312950134277344,3242700,0.0,0.0
2024-09-26,56.77786707931979,57.57755752160442,56.382728706281384,57.30472183227539,4908500,0.0,0.0
2024-09-27,58.085595579049894,58.63126336814777,58.04796232769021,58.3396110534668,3577900,0.0,0.0
2024-09-30,58.80060815277755,58.85705802860977,58.08559433675767,58.433692932128906,3112000,0.0,0.0
2024-10-01,58.104409509636646,58.80061031488281,57.869207068377115,58.697120666503906,3066400,0.0,0.0
2024-10-02,58.81942949581415,59.46858696988255,58.715939842939925,58.73475646972656,2409000,0.0,0.0
2024-10-03,57.2106448281204,57.6622330982796,57.17301157504767,57.28590774536133,2833700,0.0,0.0
2024-10-04,57.07892756479178,57.323540117099164,56.7684622039764,56.98484802246094,1848100,0.0,0.0
2024-10-07,57.22946039449834,57.41761947856734,56.98484784296147,57.21064376831055,1372200,0.0,0.0
2024-10-08,55.1032304707125,55.13145361665835,54.538746018367654,54.943294525146484,3470300,0.0,0.0
2024-10-09,54.57637333861164,54.91506543102947,54.44466054465014,54.73631286621094,1633600,0.0,0.0
2024-10-10,54.79276251014239,55.44191995856273,54.52933333444205,55.42310333251953,1732600,0.0,0.0
2024-10-11,55.31961242338836,55.76179415306819,55.16908300737672,55.46073532104492,1648300,0.0,0.0
2024-10-14,55.08441318219789,56.03463309188161,54.90566061184665,55.91232681274414,2279100,0.0,0.0
2024-10-15,54.952697402306605,55.15967669593817,54.595188692098745,54.71749496459961,2547600,0.0,0.0
2024-10-16,55.30079832952943,55.33843158248134,53.25924280709959,53.37213897705078,4033500,0.0,0.0
2024-10-17,53.372137512380164,53.53207703858435,52.99581575990192,53.522666931152344,2796000,0.0,0.0
2024-10-18,53.917807967926265,53.96484773756113,53.58852240267347,53.739051818847656,1446400,0.0,0.0
2024-10-21,53.447406619848145,53.663792445567616,52.78883903479932,52.98640823364258,1711100,0.0,0.0
2024-10-22,53.26864751600907,53.372137163658344,53.04285518377829,53.2874641418457,1355100,0.0,0.0
2024-10-23,52.261981774859926,52.572450720262616,52.186718859822705,52.43132781982422,1517300,0.0,0.0
2024-10-24,52.948772632190675,52.976999365705744,52.177308908995194,52.83587646484375,1770900,0.0,0.0
2024-10-25,53.14634374260148,53.56029873581335,52.9675875952679,53.099300384521484,1727800,0.0,0.0
2024-10-28,53.37213659122959,53.79550169575212,53.29687367759468,53.739051818847656,1706700,0.0,0.0
2024-10-29,54.002482270613314,54.24709123186318,53.74846320187049,53.757869720458984,1854500,0.0,0.0
2024-10-30,53.10871303158621,53.58852444237152,52.741797790002536,53.08048629760742,1590800,0.0,0.0
2024-10-31,52.77942478608718,52.80765151863926,51.782168762220394,52.17730712890625,1642000,0.0,0.0
2024-11-01,52.77002152536449,52.91114443012352,52.56304222209247,52.62889862060547,1493000,0.0,0.0
2024-11-04,52.666531679777414,53.212203081337954,52.628898426792986,52.79824447631836,1586000,0.0,0.0
2024-11-05,53.17457052007703,53.36273319854234,53.005224468348715,53.32509994506836,1186200,0.0,0.0
2024-11-06,51.75394522447043,52.70416512685149,51.565786136664464,52.62889862060547,3068100,0.0,0.0
2024-11-07,54.07774135574333,55.046774202422796,54.058924730994654,54.33176040649414,2204500,0.0,0.0
2024-11-08,52.751207736096795,52.7794308830048,51.54697228262536,51.92329406738281,4307500,0.0,0.0
2024-11-11,50.389772296143974,51.01070659737367,50.27687254035353,50.36154556274414,4094000,0.0,0.0
2024-11-12,49.580678289260455,49.64653468962443,49.166719671081566,49.486595153808594,2423100,0.0,0.0
2024-11-13,49.37369684072923,49.57126603326017,49.01618811931289,49.223167419433594,3083400,0.0,0.0
2024-11-14,49.00677997982101,49.32665543810804,48.724537772839376,48.969146728515625,2381000,0.0,0.0
2024-11-15,49.00678219034288,49.27961789125702,48.65868357232751,48.77157974243164,2274800,0.0,0.0
2024-11-18,48.978561528355584,49.55245251567664,48.978561528355584,49.38311004638672,2485400,0.0,0.0
2024-11-19,49.03500436595137,49.62771552785982,48.837435174950045,49.561859130859375,2621800,0.0,0.0
2024-11-20,49.4771872345682,49.4771872345682,48.93151583110324,49.17612838745117,1830500,0.0,0.0
2024-11-21,48.63045285495975,48.99737165832797,48.44229378316589,48.940921783447266,2214400,0.0,0.0
2024-11-22,48.724538134047116,49.29843265954336,48.611638379294,49.260799407958984,2659500,0.0,0.0
2024-11-25,49.439550491004084,49.5336336171512,49.185531433763316,49.35487747192383,1654100,0.0,0.0
2024-11-26,48.592824647700866,48.63986441705663,48.09419304359763,48.16004943847656,2354200,0.0,0.0
2024-11-27,48.53637855387166,48.95033358093051,48.43288889988079,48.73394775390625,2799400,0.0,0.0
2024-11-29,49.09145624072797,49.84410337198676,49.06323309483845,49.53363800048828,1362500,0.0,0.0
2024-12-02,49.740610754191124,49.87232354569882,49.28902250234858,49.72179412841797,2330800,0.0,0.0
2024-12-03,50.0981210963894,50.3991799407483,49.84410202354198,49.97581481933594,2202400,0.0,0.0
2024-12-04,50.06048438537868,50.06048438537868,49.50540650651782,49.63711929321289,2223000,0.0,0.0
2024-12-05,49.41132954242294,49.59949221417091,48.94092465750525,49.100860595703125,1965800,0.0,0.0
2024-12-06,49.11967767769625,49.15731093017605,48.30117417523538,48.35762405395508,1691000,0.0,0.0
2024-12-09,51.01070898025362,51.43407052307888,50.54971059483563,50.56852722167969,3199800,0.0,0.0
2024-12-10,50.14515942449161,50.48385151187237,49.9381837180179,50.23924255371094,1794000,0.0,0.0
2024-12-11,50.34272715011716,50.5214832959891,50.07930157376397,50.3897705078125,1498800,0.0,0.0
2024-12-12,49.64653308909503,49.768839366787155,49.30784099019656,49.34547424316406,1738100,0.0,0.0
2024-12-13,48.865660008343255,48.91270336974451,48.40466521340956,48.61164093017578,1862900,0.0,0.0
2024-12-16,48.37643801615601,48.592827427599545,48.03774950407624,48.08478927612305,1890800,0.0,0.0
2024-12-17,47.877810700584256,48.22590932571021,47.72728127440239,47.981300354003906,2120400,0.0,0.0
2024-12-18,47.774316572888395,47.89662284173933,46.428958382240936,46.47600173950195,2564800,0.0,0.0
2024-12-19,46.43837011301657,46.54185976036257,45.95855512784956,46.04322814941406,2153100,0.0,0.0
2024-12-20,46.02440882558404,46.83350574223516,45.90210614853059,46.287837982177734,2916300,0.0,0.0
2024-12-23,46.21257309894052,46.626531678528345,46.03382054160307,46.485408782958984,2177000,0.0,0.0
2024-12-24,46.51363626820587,46.53245289529846,46.193760785441114,46.49481964111328,647400,0.0,0.0
2024-12-26,46.428958892822266,46.560675270135604,46.21257308487825,46.428958892822266,1467500,0.0,0.0
2024-12-27,46.20316929702437,46.50422814229432,46.02441314027346,46.29724884033203,1608600,0.0,0.0
2024-12-30,46.1749460021296,46.22198577363095,45.79862065230981,45.8927001953125,2002900,0.0,0.0
2024-12-31,45.986782812967505,46.287841653894915,45.87388305594137,45.93974304199219,1579000,0.0,0.0
2025-01-02,46.31606546677447,46.63594093848687,46.07145650083182,46.29724884033203,2608800,0.0,0.0
2025-01-03,46.21257386567006,46.24080059859484,45.67631259585608,45.92092514038086,3249100,0.0,0.0
2025-01-06,46.21257682802675,46.3819228808135,45.56341935161395,45.619869232177734,2507100,0.0,0.0
2025-01-07,45.89270099843807,46.071457157737754,45.2623601536991,45.328216552734375,1834300,0.0,0.0
2025-01-08,45.23413642846331,45.87388378390775,45.21531980199369,45.83625411987305,2147900,0.0,0.0
2025-01-10,46.12790305345443,46.1749464142802,45.51637884066954,45.666908264160156,2411300,0.0,0.0
2025-01-13,45.53519324094193,46.381919860839844,45.5069665080456,46.381919860839844,2122700,0.0,0.0
2025-01-14,46.57948993525616,46.730019354259056,46.32547445667363,46.682979583740234,1642300,0.0,0.0
2025-01-15,47.06871200815082,47.200424802743285,46.65475699815955,46.86173629760742,2246300,0.0,0.0
2025-01-16,46.51363375185302,46.711206531184374,46.1090852635097,46.62653350830078,4154000,0.0,0.0
2025-01-17,46.89936429962272,47.5014855504211,46.81469127911235,47.125160217285156,2349000,0.0,0.0
2025-01-21,47.087524955505245,47.27568761403848,46.889955779052244,47.15338134765625,3188200,0.0,0.0
2025-01-22,46.82410252773365,46.82410252773365,46.16553497314453,46.16553497314453,3222000,0.0,0.0
2025-01-23,46.11849735516053,46.579492152656705,45.89270142145502,46.54186248779297,2493800,0.0,0.0
2025-01-24,47.17220144241691,47.32273086253569,46.805286205183904,46.918182373046875,1743300,0.0,0.0
2025-01-27,46.86173810603482,47.01226753265018,46.5042293719841,46.9464111328125,2824900,0.0,0.0
2025-01-28,46.372514653688164,46.381921172316666,45.55400756573405,45.82684326171875,2630800,0.0,0.0
2025-01-29,45.89270094566996,46.391332580669626,45.75158162885859,45.9021110534668,2142000,0.0,0.0
2025-01-30,46.69239023911981,47.01226570686775,46.49481745837514,46.8052864074707,2105600,0.0,0.0
2025-01-31,46.7582474332995,46.8899602301044,46.10908637918313,46.24080276489258,1949600,0.0,0.0
2025-02-03,45.48815244411579,46.35369932729143,45.37525627288577,45.9021110534668,2607700,0.0,0.0
2025-02-04,46.39133267106268,47.031083624120264,46.25020976507175,46.88055419921875,2138800,0.0,0.0
2025-02-05,46.965221953875506,47.34154729710195,46.92759229067642,47.087528228759766,2203400,0.0,0.0
2025-02-06,48.169458831327596,48.21649859998575,47.55793107205874,47.68964385986328,2183600,0.0,0.0
2025-02-07,48.207093752359,48.21650027085488,47.29450713536853,47.36977005004883,2115800,0.0,0.0
2025-02-10,47.72727766346608,47.91544032918361,47.57674824867292,47.81195068359375,1834900,0.0,0.0
2025-02-11,46.93700062238955,47.275692726595864,46.72061479779209,47.22865295410156,2234400,0.0,0.0
2025-02-12,47.34154726464038,48.13182761375046,47.27569086795658,47.66142272949219,2463800,0.0,0.0
2025-02-13,47.91544246004274,48.89388549416301,47.81195280985057,48.76217269897461,2983200,0.0,0.0
2025-02-14,49.37369449107765,49.41132774183675,48.479924524522794,48.498741149902344,2833500,0.0,0.0
2025-02-18,49.25138966573489,49.27961639908463,48.639865473025154,48.865657806396484,1942700,0.0,0.0
2025-02-19,47.93426186217813,48.34821689801414,47.63320300176927,48.05656814575195,2756700,0.0,0.0
2025-02-20,49.138492783694474,49.29843230733317,48.79039418128702,49.025596618652344,3012500,0.0,0.0
2025-02-21,49.09145302161038,49.19494266829186,48.35762256536625,48.3952522277832,2155900,0.0,0.0
2025-02-24,48.404663466511806,48.42348009261231,48.0377482298132,48.06597137451172,1771800,0.0,0.0
2025-02-25,47.79313425681528,47.887217384517335,47.41681251272013,47.69905471801758,2287200,0.0,0.0
2025-02-26,47.332140062515464,47.66142204117908,47.12516076798154,47.247467041015625,2245300,0.0,0.0
2025-02-27,47.049893934037684,47.07812066694206,46.33488010443738,46.43836975097656,2091300,0.0,0.0
2025-02-28,45.76098397019243,46.06204279192494,45.23413282661266,45.61045455932617,3056100,0.0,0.0
2025-03-03,47.02167266711635,47.143978944172716,45.72335415772242,45.94915008544922,3512000,0.0,0.0
2025-03-04,45.99618695139005,47.021669696765,45.56341533856503,46.30665588378906,2894400,0.0,0.0
2025-03-05,47.23805688449954,47.7649116387172,46.95581467609538,47.70846176147461,2957600,0.0,0.0
2025-03-06,47.31332212169378,47.84958337998616,47.31332212169378,47.68964385986328,2627300,0.0,0.0
2025-03-07,46.71070874371436,48.24630035485106,46.71070874371436,48.14072799682617,3737900,1.0,0.0
2025-03-10,47.26736106305254,48.025559205476355,47.20017931991427,47.61286926269531,5071100,0.0,0.0
2025-03-11,48.28469034124212,48.342272600412315,47.33454279249932,47.776023864746094,3574400,0.0,0.0
2025-03-12,47.07541052699949,47.11380113962324,46.269225967552245,46.41318893432617,3711700,0.0,0.0
2025-03-13,46.422782447655244,47.1713847120586,46.269223665929196,46.69151306152344,3155600,0.0,0.0
2025-03-14,47.267363024406116,47.59367593081678,46.99863604070224,47.459312438964844,2319100,0.0,0.0
2025-03-17,48.11193588680299,48.63979400504425,48.08314109629975,48.53422164916992,3305200,0.0,0.0
2025-03-18,48.56301438956219,48.63979561861078,48.054351561072025,48.50543212890625,2091700,0.0,0.0
2025-03-19,47.95837697927965,48.30388517544231,47.756828090764515,48.04475402832031,2027700,0.0,0.0
2025-03-20,46.921849451828486,47.440111713610975,46.84507189145153,47.32494354248047,2110100,0.0,0.0
2025-03-21,46.749097305191384,47.2481642823141,46.68191556414893,47.17138671875,2242000,0.0,0.0
2025-03-24,47.57447690438878,47.9487762198978,47.05621462393154,47.315345764160156,2411600,0.0,0.0
2025-03-25,47.65126037597656,47.93918265832162,47.58407863213373,47.65126037597656,2143500,0.0,0.0
2025-03-26,48.05435082342537,48.05435082342537,47.603270262515345,47.814414978027344,2667900,0.0,0.0
2025-03-27,47.46890654147966,47.77602412918866,47.27695713387892,47.63206481933594,2749200,0.0,0.0
2025-03-28,47.526493684389266,47.785624842145054,46.87386787844074,46.950645446777344,2914700,0.0,0.0
2025-03-31,45.66458861243351,46.67231835935513,45.39585799509227,46.585941314697266,3272300,0.0,0.0
2025-04-01,46.57634452275698,46.98903446428861,46.41318990738097,46.816280364990234,2520700,0.0,0.0
2025-04-02,46.24043309530256,46.35560126770146,45.60700265541336,45.952510833740234,3720700,0.0,0.0
2025-04-03,44.551285539674346,45.13672958196491,44.24416795374002,44.60887145996094,4734800,0.0,0.0
2025-04-04,41.95998185415953,42.1999176997828,39.99250499114434,40.37640380859375,8172300,0.0,0.0
2025-04-07,40.078883011996474,42.459049879978544,39.493442609856544,40.61634063720703,7447500,0.0,0.0
2025-04-08,41.55688735696537,41.61447327740538,38.13060380508875,38.60087966918945,6841600,0.0,0.0
2025-04-09,39.186323703524664,42.698984304643155,39.023165426216124,42.56461715698242,8667100,0.0,0.0
2025-04-10,42.142329177435904,42.24790152877418,40.55875122962231,41.73923873901367,5250600,0.0,0.0
2025-04-11,42.526232990599624,43.83148098892908,42.507037682533365,43.42839050292969,4398200,0.0,0.0
2025-04-14,43.83147777819557,44.724039401676116,43.6395320338547,44.42652130126953,3888100,0.0,0.0
2025-04-15,44.53209315575281,44.848806559252296,44.196180784679015,44.38813018798828,1989400,0.0,0.0
2025-04-16,44.10980422733808,44.39772650494235,43.4955690588142,43.7930908203125,2678800,0.0,0.0
2025-04-17,44.49370157966165,45.06954611599316,44.388129227070486,44.61846923828125,2488600,0.0,0.0
2025-04-21,44.81041571000788,45.14632807930988,44.43611638915078,45.00236511230469,2683000,0.0,0.0
2025-04-22,45.53982396884731,45.981305043576334,45.35747038410195,45.731773376464844,2391700,0.0,0.0
2025-04-23,46.79708432946769,47.55528245778803,46.35560326530534,46.4323844909668,3599700,0.0,0.0
2025-04-24,46.86426719682831,47.497697629741296,46.7011089316908,47.32494354248047,2558400,0.0,0.0
2025-04-25,46.681916008049704,46.701111314405836,46.09647197814392,46.26922607421875,3407100,0.0,0.0
2025-04-28,46.1924489972763,46.605138935461326,46.10607194832757,46.47077178955078,2349900,0.0,0.0
2025-04-29,47.075409398762496,47.14259113867879,46.57634243000558,46.643524169921875,1501100,0.0,0.0
2025-04-30,45.040755740948086,45.75096377022847,44.86800164493278,45.63579559326172,3130800,0.0,0.0
2025-05-01,46.22124148916523,46.28842323353585,45.51102977007945,45.78935623168945,3852000,0.0,0.0
2025-05-02,46.82588245572323,47.14259588131484,46.557151807893,46.86427307128906,3316100,0.0,0.0
2025-05-05,47.104204441266916,47.104204441266916,46.45157868331805,46.6627197265625,1851200,0.0,0.0
2025-05-06,46.710710609025725,46.989037080182115,46.58594660013268,46.86427307128906,2184500,0.0,0.0
2025-05-07,46.65312673696261,46.84507614703764,46.27882740093808,46.422786712646484,2395300,0.0,0.0
2025-05-08,46.46117880729027,46.56675116925193,45.99090292067848,46.230838775634766,3583300,0.0,0.0
2025-05-09,46.701108981333284,46.845071941247056,46.50915958849164,46.7107048034668,2174000,0.0,0.0
2025-05-12,48.52462383805239,48.956505405469805,47.7568262490209,47.89119338989258,3145000,0.0,0.0
2025-05-13,48.21750728545645,48.908520004599666,48.09273962543365,48.76456069946289,2413800,0.0,0.0
2025-05-14,48.697382524654735,48.697382524654735,48.08314366324267,48.27509307861328,1793700,0.0,0.0
2025-05-15,48.19831243908909,48.51502584231612,47.97757190686895,48.49583053588867,1632700,0.0,0.0
2025-05-16,48.27508975449563,48.553416204561536,47.86239982126146,48.47663497924805,3266900,0.0,0.0
2025-05-19,47.54568835381138,48.34227346262681,47.54568835381138,48.32307815551758,2740300,0.0,0.0
2025-05-20,47.73763631604859,48.17911738278078,47.44011455657408,47.718441009521484,2643900,0.0,0.0
2025-05-21,47.680049761797825,47.92958142106787,47.30575044232759,47.353736877441406,1693900,0.0,0.0
2025-05-22,47.468904811615054,47.545686036309455,47.1521914125764,47.17138671875,2003000,0.0,0.0
2025-05-23,47.152192269373046,47.94877735383547,47.046619914065055,47.881595611572266,1973100,0.0,0.0
2025-05-27,47.478506010903615,47.91998708545845,47.46890652690478,47.79521942138672,2984200,0.0,0.0
2025-05-28,47.276954051388806,47.40172170736392,46.921850050215255,47.2193717956543,2050400,0.0,0.0
2025-05-29,47.41132390701976,47.44011503653651,47.075411531092556,47.286556243896484,2046100,0.0,0.0
2025-05-30,47.113802768767236,47.14259389866545,46.499567590068864,47.01782989501953,2280800,0.0,0.0
2025-06-02,46.93145404837517,47.45931218979237,46.825881687865625,47.44011688232422,2382400,0.0,0.0
2025-06-03,46.24043373042412,46.739500699181036,46.21164260221149,46.643524169921875,2987500,0.0,0.0
2025-06-04,47.25776497379785,47.50729663817168,47.12339782714844,47.12339782714844,2774200,0.0,0.0
2025-06-05,48.30388443002822,48.48623434801992,47.74723153121621,47.824012756347656,2427800,0.0,0.0
2025-06-06,47.70884374897638,47.78562497866287,47.38253084506987,47.58407974243164,1757400,0.0,0.0
2025-06-09,47.77602473341017,48.31348234926335,47.6320654217368,48.1599235534668,2240800,0.0,0.0
2025-06-10,48.26549639606475,48.84134097079401,48.20791047413962,48.83174514770508,2555700,0.0,0.0
2025-06-11,48.870130865381206,48.99489852916532,48.45744458264376,48.57261276245117,2637700,0.0,0.0
2025-06-12,47.63206310519633,47.88159476330607,47.54568605794098,47.80481719970703,2555600,0.0,0.0
2025-06-13,46.71070727035276,46.873865544280434,46.41318917380934,46.59553909301758,2710900,0.0,0.0
2025-06-16,47.06581719499693,47.53608941056726,46.89306309017871,46.931453704833984,2908100,0.0,0.0
2025-06-17,46.67232092317835,46.74909848868614,45.79895460638613,45.856536865234375,3816600,0.0,0.0
2025-06-18,45.731771016197925,46.144460939880595,45.645393970284566,45.70297622680664,2206900,0.0,0.0
2025-06-20,45.4054600862053,45.42465539291283,44.12899964863223,44.28255844116211,5841800,0.0,0.0
2025-06-23,43.93704882369743,44.99276869173394,43.898661872652504,44.94478225708008,3848700,0.0,0.0
2025-06-24,45.23270220663196,45.58780619821744,45.203907418411994,45.386260986328125,3067100,0.0,0.0
2025-06-25,44.848806583102274,45.04075598651361,44.56088430855044,44.85840606689453,2407800,0.0,0.0
2025-06-26,45.654990563752165,46.6147339073856,45.57821300004925,46.39399337768555,4231900,0.0,0.0
2025-06-27,46.40358858786543,46.81627851307222,46.31721154163307,46.6627197265625,3050800,0.0,0.0
2025-06-30,46.029292696352044,46.173255671151495,45.808552153155276,46.15406036376953,2644700,0.0,0.0
2025-07-01,46.19244620226356,46.91225367957211,46.11566498067484,46.7107048034668,2492300,0.0,0.0
2025-07-02,47.16178643860864,48.69737795639022,47.09460469870078,48.68777847290039,6941200,0.0,0.0
2025-07-03,48.870131732142596,49.12926288715306,48.22710541725516,48.486236572265625,4181000,0.0,0.0
2025-07-07,48.006361270619884,48.11193362152349,47.25776265312914,47.4017219543457,3537000,0.0,0.0
2025-07-08,47.78562236827654,48.687779801027375,47.24816477322244,47.37293243408203,5596000,0.0,0.0
2025-07-09,48.0735456418422,48.198313305297745,47.31534749941839,47.61286926269531,3732800,0.0,0.0
2025-07-10,49.177250995609846,50.06980894524234,49.03328802827506,49.436378479003906,5677100,0.0,0.0
2025-07-11,49.369197750878804,50.03142302085941,49.225238441718545,49.983436584472656,3351000,0.0,0.0
2025-07-14,49.76269039087506,50.00262622431443,49.45557281696307,49.829872131347656,3212600,0.0,0.0
2025-07-15,49.36919885045466,49.44598007928791,48.14072847816667,48.3422737121582,3863900,0.0,0.0
2025-07-16,48.70697501056367,49.11006546020508,48.40945325406857,49.11006546020508,3145100,0.0,0.0
2025-07-17,48.87013182200879,49.71470703309998,48.73576833274824,49.609134674072266,2924600,0.0,0.0
2025-07-18,49.91625215330146,50.09860574070872,49.417188811793395,49.75309753417969,3275200,0.0,0.0
2025-07-21,50.81841351116059,51.710975161641386,50.780022896678936,51.039154052734375,3784100,0.0,0.0
2025-07-22,52.066074317035145,52.89145414544547,52.0084884007053,52.843467712402344,3340600,0.0,0.0
2025-07-23,52.699509534271314,53.15059010029559,52.689913711243996,53.08340835571289,3301900,0.0,0.0
2025-07-24,52.27722291522256,52.56514519608805,51.80694704960892,51.902923583984375,3123900,0.0,0.0
2025-07-25,51.09673776605871,51.144724201521555,50.72243478273565,51.01036071777344,3187000,0.0,0.0
2025-07-28,50.213775136722695,50.300152190443626,49.73390342963541,50.175384521484375,3119000,0.0,0.0
2025-07-29,50.25216121558585,50.67444696169497,50.09860242962524,50.588069915771484,2708900,0.0,0.0
2025-07-30,49.906655979991555,50.021824160982696,48.25589618755316,48.61100387573242,5463100,0.0,0.0
2025-07-31,47.82401093655693,48.72616833074074,47.680047975478686,48.630191802978516,3557700,0.0,0.0
2025-08-01,48.77415551865767,48.99489604423066,48.380660901570124,48.68777847290039,2596500,0.0,0.0
2025-08-04,49.186848308710445,49.67631582244607,49.15805717882319,49.551551818847656,2971900,0.0,0.0
2025-08-05,49.70510862167095,49.81068097520098,49.071678161621094,49.071678161621094,2306100,0.0,0.0
2025-08-06,49.77228938485584,49.8298716411915,49.37879476833111,49.465171813964844,1839000,0.0,0.0
2025-08-07,50.35773429341152,50.43451185693361,49.637926787381645,50.01222610473633,2847800,0.0,0.0
2025-08-08,50.30974336950086,50.99116391312083,50.20417467903659,50.732032775878906,2176600,0.0,0.0
2025-08-11,50.76082722926492,51.23110310050214,50.5400866892574,51.16392135620117,2439100,0.0,0.0
2025-08-12,51.54781540201022,51.912518906863454,51.528620095320015,51.864532470703125,2105000,0.0,0.0
2025-08-13,52.18124428431485,52.54594777802769,52.133257849620335,52.52675247192383,2943600,0.0,0.0
2025-08-14,51.69177959133707,51.758961335772824,51.35586720802779,51.65338897705078,1954400,0.0,0.0
2025-08-15,52.45957171843377,52.526753460496536,51.864531862536275,51.9701042175293,2541200,0.0,0.0
2025-08-18,51.59580046578872,51.922113348582016,51.183114196882485,51.27908706665039,3358100,0.0,0.0
2025-08-19,52.392390461291285,52.61313099598778,51.384660659892376,51.5382194519043,4411400,0.0,0.0
2025-08-20,51.346266846436976,51.56700736737576,51.04874510371244,51.43264389038086,3126800,0.0,0.0
2025-08-21,51.528621546882455,52.30601501464844,51.4614398021394,52.30601501464844,2761100,0.0,0.0
2025-08-22,52.2100417611545,53.889592689816794,52.2100417611545,53.6976432800293,3995300,0.0,0.0
2025-08-25,53.73603179358626,53.99515927636963,53.39052360170131,53.52488708496094,2506800,0.0,0.0
2025-08-26,52.95863702500353,53.40971755981445,52.86266415684941,53.40971755981445,1742000,0.0,0.0
2025-08-27,53.32334295190866,53.68804279647221,53.16018467523094,53.6208610534668,2194800,0.0,0.0
2025-08-28,53.78402031486693,53.966370240487315,53.55368029096654,53.86079788208008,2892200,0.0,0.0
2025-08-29,53.601664649196294,54.023954066446926,53.52488708496094,53.52488708496094,2367800,0.0,0.0
2025-09-02,52.78588302946862,53.51528634770579,52.62272842108369,53.42890930175781,2753600,0.0,0.0
2025-09-03,53.65925191693132,53.76482427389751,53.44810720299893,53.64005661010742,2395700,0.0,0.0
2025-09-04,53.38092533446942,53.53448412756994,52.92984843912251,53.313743591308594,2355900,0.0,0.0
2025-09-05,52.47876589920356,52.92984643863224,51.91251718458489,52.200439453125,3270400,0.0,0.0
2025-09-08,52.152452775049596,52.1908433869771,51.72056754369083,52.018089294433594,2926300,0.0,0.0
2025-09-09,51.93171345872941,52.19084460358521,51.01036071777344,51.01036071777344,3709300,0.0,0.0
2025-09-10,50.96237171566859,51.31747940020688,50.79921709936486,51.1063346862793,2586600,0.0,0.0
2025-09-11,51.087139011953106,52.14285891286613,50.962371349063396,52.027687072753906,2604200,0.0,0.0
2025-09-12,52.133257825458465,52.277220790605575,51.806944944104586,51.8933219909668,2762300,0.0,0.0
2025-09-15,51.80694763504621,52.61313222725802,51.58620709518387,52.593936920166016,3009200,0.0,0.0
2025-09-16,52.210039553615225,52.39238947158149,51.66298613858611,51.93171310424805,3043000,0.0,0.0
2025-09-17,51.17351542750839,51.59580118596387,50.62646200770889,51.0295524597168,2908600,0.0,0.0
2025-09-18,50.77042310035042,50.856800145609064,50.041016126804024,50.07940673828125,3626000,0.0,0.0
2025-09-19,50.079406236092254,50.29055093596944,49.74349754186053,50.041015625,3586600,0.0,0.0
2025-09-22,50.78002070196927,51.298282991680885,50.59767078275831,51.01036071777344,3037700,0.0,0.0
2025-09-23,51.26948980343619,51.4422439054045,50.96237221352151,51.14472579956055,1959400,0.0,0.0
2025-09-24,51.259890654815194,51.60539883633566,51.13512299790386,51.34626770019531,2896500,0.0,0.0
2025-09-25,52.68991040833166,53.486495470362144,52.56514275001475,53.44810485839844,4887000,0.0,0.0
2025-09-26,52.776289909178,52.872262782420464,52.43078170769644,52.536354064941406,3039000,0.0,0.0
2025-09-29,53.31374190775609,54.225498814743325,53.16978260315619,53.95677185058594,4044200,0.0,0.0
2025-09-30,53.47690039950803,53.65925031720302,52.805079325222344,53.50569152832031,4138100,0.0,0.0
2025-10-01,53.50569152832031,54.29268077898545,53.428910303313806,53.50569152832031,3721700,0.0,0.0
2025-10-02,53.457704097517606,53.688040445986104,52.21963432582613,53.26575469970703,2871300,0.0,0.0
2025-10-03,53.60166501905588,54.023954439220375,53.083406388782734,53.23696517944336,3100600,0.0,0.0
2025-10-06,53.457707681422534,54.043151736485456,53.41931706706059,53.71683883666992,3436600,0.0,0.0
2025-10-07,53.592071801385956,53.81281234486971,52.9586413014798,52.97783660888672,3335900,0.0,0.0
2025-10-08,53.83200615660064,54.19670966493804,53.64965623299716,53.80321502685547,4277600,0.0,0.0
2025-10-09,54.77255397226642,55.26202514244391,53.457706577139994,53.784019470214844,5382600,0.0,0.0
2025-10-10,53.697640980512915,53.78401802816181,51.31747792001386,51.4614372253418,5832500,0.0,0.0
2025-10-13,53.58247225147012,53.8703945202872,53.04501466484936,53.46730041503906,5260900,0.0,0.0
2025-10-14,52.824272836710385,54.83013650772503,52.63232344184612,54.14871597290039,4448700,0.0,0.0
2025-10-15,54.46543809501187,54.68617863826392,54.03355283163589,54.40785217285156,3670600,0.0,0.0
2025-10-16,55.02208815481505,55.079670412840215,53.49609607793235,54.01435470581055,3180100,0.0,0.0
2025-10-17,53.91838344591373,53.9375787528724,53.10260303638817,53.352134704589844,3340200,0.0,0.0
2025-10-20,53.87039760454193,54.8301409963008,53.716838808305724,54.513423919677734,3957400,0.0,0.0
2025-10-21,53.99516163796778,54.21590583998371,53.448108197266805,53.71683883666992,3048000,0.0,0.0
2025-10-22,53.505692028739254,53.62086020619583,52.87226156103258,53.54408264160156,2864900,0.0,0.0
2025-10-23,53.774420855930835,53.86079790729261,53.045017491977376,53.064212799072266,3241800,0.0,0.0
2025-10-24,53.63045954666134,53.73603190118539,53.150587870555896,53.380924224853516,2570000,0.0,0.0
2025-10-27,54.24469597568661,54.34066884870144,53.87999246819547,54.11033248901367,2796300,0.0,0.0
2025-10-28,54.32147268998947,55.29081553343778,54.1487185923676,54.83013916015625,2812300,0.0,0.0
2025-10-29,55.972236276788394,56.548080867579756,55.36759689366603,55.62672805786133,3730900,0.0,0.0
2025-10-30,54.590202715565816,55.1084613415604,54.11992686366425,54.93571090698242,3539600,0.0,0.0
2025-10-31,54.70537049871567,55.002892252768234,54.475030485718484,54.75335693359375,2611400,0.0,0.0
2025-11-03,53.91838234632663,53.93757765289383,53.30414718069775,53.889591217041016,3292600,0.0,0.0
2025-11-04,52.229233037770506,52.62273133867398,52.075674243252514,52.24842834472656,3872700,0.0,0.0
2025-11-05,52.95863907197286,53.50569249608274,52.881857845577606,53.275352478027344,2597200,0.0,0.0
2025-11-06,53.39052556827893,53.678447851744885,52.9490408284253,53.37133026123047,2105600,0.0,0.0
2025-11-07,52.12366507471062,53.08340846923656,51.97010627803169,52.93944549560547,3966200,0.0,0.0
2025-11-10,53.52489003710841,53.726435273114014,52.99703189756162,53.61126708984375,2135000,0.0,0.0
2025-11-11,53.45770534333112,53.80321353521607,53.27535176365277,53.52488708496094,2077800,0.0,0.0
2025-11-12,54.004759383249706,54.33107227255845,53.83200528531388,54.0527458190918,2188200,0.0,0.0
2025-11-13,54.39825551379277,54.47503308102949,53.4673032560582,53.6976432800293,2045500,0.0,0.0
2025-11-14,52.10446867521498,53.06421204962175,52.02768744791983,53.00662612915039,2890800,0.0,0.0
2025-11-17,52.68031348630118,53.1121987390672,52.20044179681237,52.392391204833984,2178300,0.0,0.0
2025-11-18,51.33667617140467,51.97970249324578,51.1831173735672,51.54781723022461,3686800,0.0,0.0
2025-11-19,51.43264635700337,51.749359759233215,51.07754234203951,51.31747817993164,2028900,0.0,0.0
2025-11-20,51.375059668432,51.691776727048556,50.20417528662394,50.46330642700195,2942100,0.0,0.0
2025-11-21,50.11780019624113,51.06794408692024,50.07940958258348,50.943180084228516,2574900,0.0,0.0
2025-11-24,50.50169166696722,50.96236801387638,50.48249636153807,50.79921340942383,3821000,0.0,0.0
2025-11-25,51.38466041054654,51.787750864697934,51.16391987692119,51.51902389526367,3221400,0.0,0.0
2025-11-26,52.16204887411964,52.72829758909764,52.142857229184365,52.67071533203125,2280500,0.0,0.0
2025-11-28,52.07567193130875,52.7091023882151,52.008490190510365,52.52675247192383,1500100,0.0,0.0
2025-12-01,53.025820685436884,53.35213357456171,52.766689538679195,52.949039459228516,2354900,0.0,0.0
2025-12-02,53.45770730533517,54.100733616286675,53.34253912419006,54.0047607421875,3634800,0.0,0.0
2025-12-03,54.743761617057594,55.684309661656364,54.743761617057594,55.58833312988281,3792300,0.0,0.0
2025-12-04,55.65552124549381,56.5960693359375,55.540349401751754,56.5960693359375,3522800,0.0,0.0
2025-12-05,57.02794942542101,57.45023885236164,56.4425090436604,56.48089599609375,3652200,0.0,0.0
2025-12-08,56.48089588324781,56.58646823977204,55.86666071197637,55.99142837524414,2759200,0.0,0.0
2025-12-09,55.58833243393677,56.90318344429541,55.47316425838071,56.63445281982422,3203000,0.0,0.0
2025-12-10,57.62299332817966,58.21803319777825,57.36386217662936,58.093265533447266,3309500,0.0,0.0
2025-12-11,58.054877353329395,58.80347600122704,58.045277869513576,58.46756362915039,3851500,0.0,0.0
2025-12-12,58.218032453482074,58.53474952170458,56.84559914677865,57.23909378051758,2939800,0.0,0.0
2025-12-15,56.989562599158994,56.989562599158994,56.240960277529794,56.80720901489258,2206600,0.0,0.0
2025-12-16,56.70163945207061,56.740026404002,56.125791239535296,56.260154724121094,2313700,0.0,0.0
2025-12-17,56.90318394738435,56.97996151139042,56.57687106281529,56.67284393310547,2022900,0.0,0.0
2025-12-18,56.98955977850147,57.2390914326072,56.68244220677278,56.88398742675781,1875200,0.0,0.0
2025-12-19,56.69204047626881,57.219898596641976,56.47129994088113,56.931976318359375,2851500,0.0,0.0
2025-12-22,57.93970577425333,58.60193103756172,57.91091464493745,58.323604583740234,5719100,0.0,0.0
2025-12-23,58.71710095692754,58.76508739425361,58.31400682890144,58.62112808227539,3729700,0.0,0.0
2025-12-24,58.63072326754071,58.76508675504439,58.131656270290996,58.419578552246094,855000,0.0,0.0
2025-12-26,58.985827659529775,59.51368578991368,58.861063655290444,59.39851760864258,1436200,0.0,0.0
2025-12-29,58.51555335326031,58.69790327216535,57.94930462903582,57.958900451660156,2539500,0.0,0.0
2025-12-30,59.28334768036766,59.33133411605565,58.38119024159023,58.46756362915039,2179000,0.0,0.0
2025-12-31,58.352394827559756,58.467563004206,57.843732024669386,57.93970489501953,3443500,0.0,0.0
2026-01-02,59.091400378622296,59.30254509651722,58.67871042698977,59.27375030517578,2058800,0.0,0.0
2026-01-05,59.88798986835241,60.95330197134137,59.87839038408022,60.59819793701172,4944400,0.0,0.0
2026-01-06,61.193234295386375,62.46969104522717,61.13565203759421,62.19137191772461,4058000,0.0,0.0
2026-01-07,61.308406579640625,61.45236588629958,60.713363063166454,61.28921127319336,2584200,0.0,0.0
2026-01-08,60.339066548957206,60.58860188325677,59.782417280596796,60.41584777832031,4159000,0.0,0.0
2026-01-09,59.60006285757253,59.66724460176006,58.9186459315959,59.2353630065918,6063600,0.0,0.0
2026-01-12,59.67684125700536,60.94370217467511,59.50408716267491,60.271881103515625,4871500,0.0,0.0
2026-01-13,61.85545597785325,61.93223720319489,61.31800204498311,61.413978576660156,3372700,0.0,0.0
2026-01-14,62.10498986540045,63.37185076524955,62.047407608853824,63.36225128173828,4878500,0.0,0.0
2026-01-15,63.208694456059625,63.8325290668172,62.891977409054356,63.371849060058594,3454900,0.0,0.0
2026-01-16,62.12419077244856,62.508082257761586,61.49075664161276,62.24895477294922,3773600,0.0,0.0
2026-01-20,61.74029219212684,61.84586454765472,60.905312831750116,61.797874450683594,4006600,0.0,0.0
2026-01-21,63.650178340293266,64.07246775516879,62.4888897716462,62.9687614440918,4462600,0.0,0.0
2026-01-22,62.88238096806156,62.88238096806156,61.644318492162014,62.35452651977539,4169900,0.0,0.0
2026-01-23,64.17803733461928,64.84025523483082,63.84212132061973,64.80186462402344,3466800,0.0,0.0
2026-01-26,66.08793322915515,66.31826960230872,65.01301795066972,65.04180908203125,5844100,0.0,0.0
2026-01-27,65.69443573044768,67.7003033334662,65.67524408338677,67.65231323242188,5346000,0.0,0.0
2026-01-28,67.54673303567452,68.12258489238907,66.79813440865824,68.10338592529297,4572100,0.0,0.0
2026-01-29,71.64484579287412,71.96156287008789,68.0841986814792,69.26467895507812,8981400,0.0,0.0
2026-01-30,67.19163562973542,68.0458066463793,64.79227719595802,65.96316528320312,5703300,0.0,0.0
2026-02-02,66.49102340148787,67.17244035547913,65.99196004161443,66.59659576416016,3759800,0.0,0.0
2026-02-03,68.79440382032651,69.87891117295668,68.27614153115279,69.81172943115234,5044200,0.0,0.0
2026-02-04,70.52194655172647,70.67550168444464,68.25695159661193,69.31266784667969,4832100,0.0,0.0
2026-02-05,66.72135829503037,67.62351943887047,65.92477683378416,66.31826782226562,4756300,0.0,0.0
2026-02-06,66.41423555475252,67.01887853933312,66.10711798182255,66.8365249633789,5751200,0.0,0.0
2026-02-09,67.87305202887065,68.8807781700189,67.50834486346966,68.78480529785156,5903700,0.0,0.0
2026-02-10,69.34145846292847,69.68696666181182,68.70802432422207,69.43743133544922,2733900,0.0,0.0
2026-02-11,71.41450547199602,72.11511401000391,70.5411355175696,72.10551452636719,4578400,0.0,0.0
2026-02-12,71.36651281278697,71.84638446573886,69.55259855040963,69.83092498779297,4757400,0.0,0.0
2026-02-13,68.71762980912119,70.75228856664336,68.41051219687836,70.42597198486328,4468500,0.0,0.0
2026-02-17,69.82132608302946,71.3569139207471,68.89997338039888,71.29933166503906,4616900,0.0,0.0
2026-02-18,71.61605142442133,72.49901354921941,71.0977891366675,71.52967071533203,4655200,0.0,0.0
2026-02-19,70.09005810538872,72.1535078437755,69.61018641377603,72.04793548583984,3841400,0.0,0.0
2026-02-20,71.7312176825872,73.93863037046245,71.7312176825872,73.72748565673828,4562900,0.0,0.0
2026-02-23,73.90983974980783,75.09032000683396,73.7658767783444,74.86958312988281,3921500,0.0,0.0
2026-02-24,74.88877090782425,76.96182001640233,74.68722568708924,76.44355773925781,4167700,0.0,0.0
2026-02-25,78.3822385898808,79.02526488485412,77.7200206494689,78.39183807373047,5120300,0.0,0.0
2026-02-26,77.65284134925474,77.91196884325936,76.3475897505581,77.806396484375,4265600,0.0,0.0
2026-02-27,78.89089816928154,78.89089816928154,77.81599033448241,78.28626251220703,3748800,0.0,0.0
2026-03-02,78.2862640593275,79.86984203697268,77.67202890665769,79.66829681396484,3997300,0.0,0.0
2026-03-03,75.15749781028269,75.84851417927065,73.3723746311506,75.17669677734375,5731400,0.0,0.0
2026-03-04,75.73335483938082,76.09805469358844,74.61044950193813,74.98474884033203,3444800,0.0,0.0
2026-03-05,73.7946646326464,73.7946646326464,71.48168699690795,72.55659484863281,5170200,0.0,0.0
2026-03-06,70.64824852150208,71.22564437267836,70.0806337255816,70.31550598144531,4886300,1.46,0.0
2026-03-09,68.52458190659631,71.45072995201731,67.54593887329389,71.33329010009766,5750600,0.0,0.0
2026-03-10,72.00855846413282,73.24164334932085,71.86176051119499,72.31193542480469,3735400,0.0,0.0
2026-03-11,71.73454247850253,72.14557079005426,70.90268986730177,71.7834701538086,3047400,0.0,0.0
2026-03-12,70.70696286046788,70.78525609918282,68.90626316874983,69.2585678100586,4695200,0.0,0.0
2026-03-13,68.52458112417983,69.05304925210353,67.04683553661286,67.27191925048828,4568100,0.0,0.0
2026-03-16,68.78881818135525,69.19984645427849,67.99611973122423,68.80838775634766,3787300,0.0,0.0
2026-03-17,69.37600938433002,69.72832150080835,68.798613534046,68.97476959228516,3054600,0.0,0.0
2026-03-18,68.11355534815341,68.23099520304486,66.78260019186634,66.84132385253906,4136300,0.0,0.0
2026-03-19,64.54150410019373,66.13669699929186,63.52372193116963,65.93118286132812,5255700,0.0,0.0
2026-03-20,65.15805745205637,65.71588370380765,63.151836170142495,63.895606994628906,5113000,0.0,0.0
2026-03-23,66.08776491056531,67.477436269355,65.85289266583634,66.75324249267578,4540600,0.0,0.0
2026-03-24,65.96054100256211,67.59487305305363,65.95075248176083,67.30127716064453,3439400,0.0,0.0
2026-03-25,68.83774755269229,69.3368575915459,68.11355379682401,68.51480102539062,3121700,0.0,0.0
2026-03-26,67.38936043208479,67.97654476366856,66.92939700796711,67.03704833984375,2456700,0.0,0.0
2026-03-27,66.85110601685646,68.73988744893309,66.74345468136603,68.01569366455078,3012300,0.0,0.0
2026-03-30,69.00412782462698,69.3955865621897,67.4480813960901,67.54594421386719,4045400,0.0,0.0
2026-03-31,69.49344463525462,71.20606996201329,69.21942577760585,71.18649291992188,4303100,0.0,0.0
2026-04-01,71.94983653480766,72.56638645869512,71.69539470780904,71.98898315429688,2788300,0.0,0.0
2026-04-02,69.31729338077051,72.06727813487075,69.26835823861285,71.67581939697266,2752500,0.0,0.0
2026-04-06,71.3724372848807,71.99876823385786,70.75589485692146,71.23542785644531,2099600,0.0,0.0
2026-04-07,71.99877302870291,71.99877302870291,70.67760632854622,71.74432373046875,2208900,0.0,0.0
2026-04-08,76.36351586607569,76.38309290825636,74.68024862832607,75.31636810302734,2892500,0.0,0.0
2026-04-09,75.14999923040943,76.0014213551209,74.69982433222006,75.58060455322266,2729300,0.0,0.0
2026-04-10,76.58860783733624,76.77454494123465,74.88576353995462,75.16957092285156,3382000,0.0,0.0
2026-04-13,75.42402092961967,76.53967342949079,74.9249108744813,76.43202209472656,1900600,0.0,0.0
2026-04-14,77.48896027445072,77.9391352005129,77.09750154460623,77.47917175292969,2681700,0.0,0.0
2026-04-15,78.09572011893545,78.09572011893545,77.08771148312498,77.77276611328125,2495300,0.0,0.0
2026-04-16,78.27187617052374,78.38930856061319,77.34216077240897,77.77276611328125,2816200,0.0,0.0
2026-04-17,78.58504391977858,79.52454039984228,78.05657574978257,78.7318344116211,3218500,0.0,0.0
2026-04-20,77.8510586018891,78.13485851951062,77.24429721526684,77.89019775390625,2081400,0.0,0.0
2026-04-21,77.77276812522985,78.04678699779946,75.86440960591264,76.0307846069336,2966700,0.0,0.0
2026-04-22,78.18379608821546,78.85906221152786,77.71405158487539,78.83948516845703,2141600,0.0,0.0
2026-04-23,78.2914436489301,79.05478402987455,77.19536074992168,78.13485717773438,2296100,0.0,0.0
2026-04-24,78.22293911334158,78.59482078360132,77.63575477792212,78.11528778076172,1632500,0.0,0.0
2026-04-27,78.0467828875272,78.30123216999331,77.44002151132459,78.13485717773438,2062300,0.0,0.0
2026-04-28,77.11707670565252,77.41066514603035,75.88398434999425,76.45159912109375,2366600,0.0,0.0
2026-04-29,76.37330381205469,76.38309233307132,75.27722091826239,75.41423034667969,2117700,0.0,0.0
2026-04-30,76.8919867996802,77.88041840497901,76.24608624689333,77.60639953613281,2302400,0.0,0.0
2026-05-01,77.40087909442288,77.76297972887542,76.93113458824831,77.37152099609375,1815100,0.0,0.0
2026-05-04,77.29323411865246,77.29323411865246,75.81548097007551,76.20693969726562,1459100,0.0,0.0
2026-05-05,77.5183179884624,77.8608415754588,76.91155658688719,77.54767608642578,1440000,0.0,0.0
2026-05-06,80.64997597857229,82.61704310015662,80.42488479561662,82.52896881103516,3632800,0.0,0.0
2026-05-07,83.30209966135983,83.32166923725106,80.74784068645107,80.7869873046875,2113400,0.0,0.0
2026-05-08,82.05922234730595,82.99871882625061,81.88306629085044,82.91064453125,2000000,0.0,0.0
2026-05-11,84.12415932705275,86.05208741372084,84.05565460924265,85.77806854248047,3003600,0.0,0.0
2026-05-12,84.62326581619195,86.78606606296809,84.11436724844818,86.43375396728516,3552900,0.0,0.0
2026-05-13,87.4221873862806,89.49690591973904,87.20688471587549,88.87057495117188,3917300,0.0,0.0
2026-05-14,88.09744859651298,88.14638373810568,86.75671232774313,87.03073120117188,2437200,0.0,0.0
2026-05-15,82.58768462363376,83.29230879917742,82.18644486428204,82.59747314453125,2765900,0.0,0.0
2026-05-18,83.21401751055137,83.31188032245309,81.74605293266386,82.2255859375,2415100,0.0,0.0
2026-05-19,80.12151336669922,81.02186322766913,79.25052160412659,80.12151336669922,3224500,0.0,0.0
2026-05-20,80.72826588348777,81.97114678099622,79.97471399428159,81.76563262939453,2686100,0.0,0.0
2026-05-21,81.96135838428579,83.63483716397849,81.66776247214845,83.12594604492188,1814500,0.0,0.0
2026-05-22,82.78340911107227,83.24337252306667,81.51117767058201,82.79319763183594,2116800,0.0,0.0
2026-05-26,84.34924908158442,84.7504888600545,84.05565317230064,84.64283752441406,1855100,0.0,0.0
2026-05-27,84.65262654257876,86.04229792624204,83.76205775459121,85.9542236328125,2850000,0.0,0.0
2026-05-28,85.14194826923107,86.64905951387932,84.45690109732467,85.92486572265625,1653800,0.0,0.0
2026-05-29,87.2068874380658,87.4906948336904,85.99337208189343,87.01116180419922,3030700,0.0,0.0
2026-06-01,86.80563540521368,89.29138964408736,86.40439563793166,89.27182006835938,3097200,0.0,0.0
2026-06-02,89.91771793896963,91.69884793570705,89.91771793896963,91.16059875488281,3107000,0.0,0.0
2026-06-03,89.68285029542362,89.93729958411143,88.76292342078975,88.90972137451172,2112800,0.0,0.0
2026-06-04,86.81542167864633,87.92128560676764,86.16952116599035,86.88392639160156,2853800,0.0,0.0
2026-06-05,84.60368825868834,84.77006325085317,80.72826269623286,80.95335388183594,4947700,0.0,0.0
2026-06-08,82.28431132624964,82.98893553306945,81.8732830277561,81.91242218017578,2233400,0.0,0.0
2026-06-09,83.41953564896167,83.7229200867708,80.84570698710735,82.9204330444336,5179500,0.0,0.0
2026-06-10,82.24516106359856,83.5565391387276,81.13929712861122,81.17843627929688,2390500,0.0,0.0
2026-06-11,83.73269872851034,86.35546245629004,83.02807452306892,86.12059020996094,3453300,0.0,0.0
2026-06-12,86.9817935161797,88.97822627822498,86.17930649612315,88.88036346435547,3065300,0.0,0.0
2026-06-15,90.95509000308826,91.17039267474956,89.70242805864525,90.16238403320312,2667800,0.0,0.0
2026-06-16,90.72999686493725,91.82607977605366,90.39726180965157,90.53427124023438,2051500,0.0,0.0
2026-06-17,90.27003737859093,91.62056963400258,88.27360456027075,88.43019104003906,3286700,0.0,0.0
2026-06-18,86.06187477303732,87.13838066685302,85.35725056138946,85.99337005615234,3784300,0.0,0.0
2026-06-22,83.81098861978222,84.5743289897145,83.63483257545525,83.947998046875,3670700,0.0,0.0
2026-06-23,80.13129231854735,81.57968735524756,80.03342950430707,80.49339294433594,4244400,0.0,0.0
2026-06-24,78.40888650525207,79.10372219827286,78.02721630016254,78.9960708618164,3673800,0.0,0.0
2026-06-25,80.01385822858447,80.29766561037124,78.8394820832819,79.42667388916016,2101000,0.0,0.0
2026-06-26,78.66332663045105,79.42667449058212,78.53610572032288,79.28965759277344,2388000,0.0,0.0
2026-06-29,79.9551313375278,80.05300161218904,78.65354180210522,79.99427795410156,1929400,0.0,0.0
2026-06-30,80.95335824554513,81.638405427431,80.34659683697888,81.53075408935547,2197900,0.0,0.0
2026-07-01,79.45603385889343,81.4133200140758,79.319024425347,80.46403503417969,2440900,0.0,0.0
2026-07-02,81.01207442545588,82.76384646615085,80.44445963689353,81.55033111572266,2661500,0.0,0.0
2026-07-06,81.16865919257089,82.450679234127,81.08057743308807,81.85370635986328,2001900,0.0,0.0
2026-07-07,79.76919477080096,80.66954455860643,78.09571610005806,78.51653289794922,2461500,0.0,0.0
2026-07-08,76.441809641666,76.98984736333192,75.16957068327984,76.62775421142578,3525900,0.0,0.0
2026-07-09,78.2620853339327,78.38930624158401,77.64553543838635,78.203369140625,2139300,0.0,0.0
2026-07-10,79.30923119860678,80.4738187811115,79.22114944429325,79.93556213378906,1460900,0.0,0.0
2026-07-13,80.05300369570172,80.39552726656977,79.24072818017615,79.63218688964844,1970000,0.0,0.0
2026-07-14,82.61704292154991,83.75227242190897,82.21580316121872,82.54853820800781,2530500,0.0,0.0
2026-07-15,83.86970651539696,84.4862564162874,82.62683312540317,83.65441131591797,3354000,0.0,0.0
2026-07-16,80.37595373481963,80.95335703646042,78.58504256707936,78.98628234863281,2647700,0.0,0.0
2026-07-17,77.72383225320254,79.81812786410359,77.36173908919099,78.91777801513672,1876400,0.0,0.0
2026-07-20,79.07436527240488,79.29944900363773,78.1837964696937,78.77098083496094,2260500,0.0,0.0
2026-07-21,80.76741290679284,81.82434923442027,80.13129340591776,81.66776275634766,2892400,0.0,0.0
2026-07-22,82.59747238603187,83.44888703495037,82.47024401489419,82.73448181152344,1938900,0.0,0.0
2026-07-23,81.54054086573244,82.86170752620934,81.52097128943495,81.86349487304688,3031700,0.0,0.0
2026-07-24,81.32523781380124,82.3234579287488,80.99250275312146,81.93199920654297,2227300,0.0,0.0
2026-07-27,82.18644734654289,82.62683373633169,80.92399690497325,82.13751220703125,2005700,0.0,0.0
2026-07-28,80.84570442147403,82.39196226041695,79.73005192159219,82.00050354003906,2336100,0.0,0.0
2026-07-29,82.46046293871369,83.20422625791285,80.51295795347073,81.33502197265625,3044000,0.0,0.0
2026-07-30,83.8794927529322,84.38839130700163,83.11615238828178,84.06543731689453,2408800,0.0,0.0
2026-07-31,83.79141826888292,83.86970403617296,81.82434370317976,82.685546875,2176400,0.0,0.0
2026-08-03,81.45246734485256,82.0885793776816,80.94356875884428,81.7166976928711,2199200,0.0,0.0
2026-08-04,85.19087755544348,86.09122733849003,84.70155604729378,85.59211730957031,3084900,0.0,0.0
2026-08-05,86.2478112719569,87.57876644757162,85.93464578748603,87.47111511230469,3153400,0.0,0.0
2026-08-06,86.24781169281661,87.77449997020916,85.97379282587426,86.0227279663086,2233300,0.0,0.0
2026-08-07,87.63749231589375,88.66506308778865,87.42218963993835,88.4791259765625,2658900,0.0,0.0
2026-08-10,88.30296877976456,89.1837415824526,87.3928304127266,88.67485046386719,2114200,0.0,0.0
2026-08-11,88.94886475437447,89.35989303666595,87.83321229303826,88.09744262695312,1873700,0.0,0.0
2026-08-12,89.67305809858999,89.67305809858999,87.98979835979452,88.1953125,2340200,0.0,0.0
2026-08-13,86.69798256564233,87.0209365579451,85.14194372965339,85.36703491210938,3150100,0.0,0.0
2026-08-14,85.53340475541528,85.91507495068738,84.63305493407871,84.92664337158203,2410400,0.0,0.0
2026-08-17,86.2869558141911,86.60990981221951,85.61169718775908,86.4826889038086,3357800,0.0,0.0
2026-08-18,86.75671138291854,88.5280529857595,86.35546413230028,87.18730926513672,3341100,0.0,0.0
2026-08-19,90.69085140482848,91.82608094867315,89.41861989510546,90.3189697265625,4246400,0.0,0.0
2026-08-20,89.06630813371848,92.15881636077923,88.98801489595641,91.6303482055664,2519000,0.0,0.0
2026-08-21,93.67571315876259,95.19260539372941,93.40169430168234,94.95773315429688,3777000,0.0,0.0
2026-08-24,95.23175144308587,95.74065000301569,94.53691578350623,95.05559539794922,3964800,0.0,0.0
2026-08-25,93.81272145316906,96.60185259537988,93.81272145316906,96.58228302001953,2937800,0.0,0.0
2026-08-26,94.91859037047722,95.34919571554086,93.87144257208043,94.27268981933594,2223300,0.0,0.0
2026-08-27,93.47998365208443,94.75222264179132,93.1276790126645,94.31183624267578,2220000,0.0,0.0
2026-08-28,95.16324983231698,95.16324983231698,92.60899082777284,93.11788940429688,1656500,0.0,0.0
2026-08-31,94.0182381170012,94.0573847352264,91.81629124039839,91.91415405273438,1964200,0.0,0.0
2026-09-01,91.0431606263712,92.27625294480227,90.75935324938963,90.837646484375,2680900,0.0,0.0
2026-09-02,90.98444879519505,92.31540398793749,90.64192520878063,91.43462371826172,2120100,0.0,0.0
2026-09-03,92.47197915150048,92.47197915150048,90.24067420546208,90.72999572753906,2559600,0.0,0.0
2026-09-04,89.4800033569336,91.0199966430664,89.31999969482422,90.41999816894531,1781600,1.98,0.0
2026-09-08,93.0,93.61000061035156,91.91000366210938,91.98999786376953,2575200,0.0,0.0
2026-09-09,92.61000061035156,93.55999755859375,91.69000244140625,92.25,1917700,0.0,0.0
2026-09-10,87.77999877929688,88.26000213623047,86.58999633789062,87.3499984741211,3675600,0.0,0.0
2026-09-11,88.04000091552734,88.19999694824219,86.68000030517578,87.1500015258789,1915900,0.0,0.0
2026-09-14,83.80999755859375,85.33999633789062,83.36000061035156,84.73999786376953,3065900,0.0,0.0
2026-09-15,85.0199966430664,85.08999633789062,84.08999633789062,84.7699966430664,1497200,0.0,0.0
2026-09-16,86.1500015258789,86.30999755859375,83.2699966430664,84.13999938964844,1943400,0.0,0.0
2026-09-17,85.83999633789062,86.93000030517578,85.66000366210938,86.55999755859375,1929400,0.0,0.0
2026-09-18,86.44000244140625,86.5199966430664,85.33999633789062,86.2699966430664,2024900,0.0,0.0
2026-09-21,87.26000213623047,87.38999938964844,85.44999694824219,86.08999633789062,1666100,0.0,0.0
2026-09-22,86.5999984741211,88.30999755859375,86.30000305175781,87.83000183105469,2575500,0.0,0.0
2026-09-23,85.80000305175781,86.02999877929688,84.37999725341797,84.94999694824219,4111400,0.0,0.0
2026-09-24,84.9000015258789,85.36000061035156,84.37000274658203,85.08999633789062,3329800,0.0,0.0
2026-09-25,84.47000122070312,85.29000091552734,84.20999908447266,84.97000122070312,2964500,0.0,0.0
