Date,Open,High,Low,Close,Volume,Dividends,Stock Splits,Daily Log Return
2010-02-10,3.3079493045806885,3.3144483112889613,3.281953913098727,3.3079493045806885,18962,0.0,0.0,0.017839995680426782
2010-02-11,3.3209457328151655,3.3209457328151655,3.2559566497802734,3.2559566497802734,1742,0.0,0.0,-0.015842317845372374
2010-02-14,3.3079484917157593,3.3274455070495605,3.255957403852084,3.3274455070495605,743,0.0,0.0,0.021718760506833537
2010-02-15,3.301449473291566,3.3144471645355225,3.2494580729648264,3.3144471645355225,24693,0.0,0.0,-0.0039140527410164334
2010-02-16,3.31444677034144,3.3469414710998535,3.31444677034144,3.3469414710998535,35372,0.0,0.0,0.009756093234905724
2010-02-17,3.3144471645355225,3.4444256653523704,3.3144471645355225,3.3144471645355225,340367,0.0,0.0,-0.009756093234905701
2010-02-18,3.3144474968270266,3.3274455070495605,3.3079484917157593,3.3274455070495605,66029,0.0,0.0,0.003914052741016545
2010-02-21,3.359939766424368,3.4769202654947104,3.353440761566162,3.353440761566162,18107,0.0,0.0,0.007782017133719815
2010-02-22,3.3994682138584205,3.4126191403470196,3.3797421455383305,3.37974214553833,481347,0.05853,0.0,0.007812506539889326
2010-02-23,3.458647929262397,3.5178261545672465,3.4191954576462447,3.4783740043640137,190357,0.0,0.0,0.028765526187861122
2010-02-24,3.484949469868859,3.5178261545672465,3.4783740043640132,3.4783740043640137,24847,0.0,0.0,0.0
2010-02-25,3.419193894677336,3.419193894677336,3.3797417625083117,3.406043291091919,389192,0.0,0.0,-0.02101365206644565
2010-02-28,3.4060438527930073,3.5178251266479488,3.4060438527930073,3.517825126647949,84719,0.0,0.0,0.032291644503061205
2010-03-01,3.5507009513908376,3.616454601287842,3.5441254899773216,3.616454601287842,477155,0.0,0.0,0.027651217103576094
2010-03-02,3.616455703245585,3.616455703245585,3.5507020333130073,3.5901541709899902,15863,0.0,0.0,-0.007299007867057393
2010-03-03,3.6493310488366144,3.6493310488366144,3.5770022632336196,3.5967283248901367,445284,0.0,0.0,0.001829487469029716
2010-03-04,3.6164561293286193,3.6164561293286193,3.524400916294701,3.5441269874572754,449398,0.0,0.0,-0.0147327698363839
2010-03-07,3.616456388888597,3.6690594633727898,3.5835793869827577,3.6098809242248535,119803,0.0,0.0,0.018382923045309415
2010-03-08,3.616456388888597,3.616456388888597,3.5967303163102446,3.6098809242248535,104690,0.0,0.0,0.0
2010-03-09,3.616454034294253,3.616454034294253,3.5572755336761475,3.5572755336761475,48157,0.0,0.0,-0.014679834477919429
2010-03-10,3.57700398700347,3.57700398700347,3.5441269874572754,3.5441269874572754,36894,0.0,0.0,-0.003703088567390004
2010-03-11,3.550702724259086,3.550702724259086,3.511250257492065,3.5112502574920654,29100,0.0,0.0,-0.009319691006438261
2010-03-14,3.511250681305199,3.511250681305199,3.412620306015014,3.412620306015014,22301,0.0,0.0,-0.028491758370213876
2010-03-15,3.3468647714256097,3.406043291091919,3.3008371767574904,3.406043291091919,33186,0.0,0.0,-0.0019291219955737046
2010-03-16,3.340288985991234,3.484947204589844,3.340288985991234,3.484947204589844,38046,0.0,0.0,0.02290160236516632
2010-03-17,3.4849486325465966,3.4980992389836953,3.4717977046966553,3.4717977046966553,714323,0.0,0.0,-0.003780364444802627
2010-03-18,3.484947301493834,3.616454601287842,3.484947301493834,3.616454601287842,32770,0.0,0.0,0.04082162368627353
2010-03-21,3.616455550837482,3.6361816188446583,3.603304624557495,3.603304624557495,52056,0.0,0.0,-0.0036427783421834063
2010-03-22,3.649332223711842,3.649332223711842,3.603304624557495,3.603304624557495,100110,0.0,0.0,0.0
2010-03-23,3.603303113529043,3.629604633646793,3.5375494739410023,3.5572755336761475,15990,0.0,0.0,-0.01285642332483808
2010-03-24,3.6033048675818176,3.6033048675818176,3.484948451556227,3.517825126647949,15605,0.0,0.0,-0.011152015436554433
2010-03-25,3.524400916294701,3.56385305861985,3.504674845132126,3.5441269874572754,30198,0.0,0.0,0.007448926869164555
2010-03-28,3.5178251266479488,3.550702123152497,3.5178251266479488,3.517825126647949,14071,0.0,0.0,-0.0074489268691645
2010-03-29,3.504673787153687,3.5507013797760005,3.504673787153687,3.550701379776001,61450,0.0,0.0,0.009302218833446332
2010-03-30,3.5507026059093443,3.557277748973956,3.5309765338897705,3.5309765338897705,173005,0.0,0.0,-0.005570684556962745
2010-03-31,3.5309762307770214,3.5901544417556543,3.5309762307770214,3.5704283714294434,30658,0.0,0.0,0.011111109406608905
2010-04-05,3.616456116859976,3.6296067237854,3.616456116859976,3.6296067237854,81288,0.0,0.0,0.01643872126238457
2010-04-06,3.636181683360964,3.813716619988339,3.636181683360964,3.747962951660156,209572,0.0,0.0,0.032088177645608465
2010-04-07,3.747962068179002,3.747962068179002,3.675632953643799,3.675632953643799,7267,0.0,0.0,-0.019487129379569947
2010-04-08,3.715086368850861,3.74796304311074,3.5901541709899902,3.5901541709899902,15323,0.0,0.0,-0.023530203974996944
2010-04-11,3.5901541709899902,3.623031166662688,3.5901541709899902,3.5901541709899902,36368,0.0,0.0,0.0
2010-04-12,3.590154869613227,3.596730334309877,3.511250257492065,3.5112502574920654,77118,0.0,0.0,-0.022222973373792344
2010-04-13,3.511248927947762,3.5572765205700754,3.511248927947762,3.550701379776001,24757,0.0,0.0,0.01117298297072008
2010-04-14,3.5507023011032324,3.5704283714294434,3.5375513732771973,3.5704283714294434,7239,0.0,0.0,0.005540424849646132
2010-04-15,3.583577973114071,3.623030424118042,3.583577973114071,3.623030424118042,26730,0.0,0.0,0.014625228780803814
2010-04-18,3.6164550376060545,3.623030499812887,3.544125917569168,3.550701379776001,17113,0.0,0.0,-0.02016565363045006
2010-04-19,3.5835779142946027,3.682208558066518,3.5835779142946027,3.649331569671631,31460,0.0,0.0,0.027398863486467716
2010-04-20,3.649332258708705,3.7019353215075057,3.6230310487221113,3.682209253311157,96723,0.0,0.0,0.008968893395263236
2010-04-21,3.747962864468654,3.780839858574309,3.7150861917758,3.734812259674072,213311,0.0,0.0,0.014184639551730088
2010-04-22,3.734812259674072,3.780839858574309,3.6493322035644886,3.734812259674072,29383,0.0,0.0,0.0
2010-04-26,3.73481271294078,3.73481271294078,3.669059038162231,3.669059038162231,8337,0.0,0.0,-0.017762315853060824
2010-04-27,3.6822096445528048,3.728237249039073,3.655908110358818,3.669059038162231,27806,0.0,0.0,0.0
2010-04-28,3.682208558066518,3.6887840200280446,3.649331569671631,3.649331569671631,277185,0.0,0.0,-0.005391217093932421
2010-04-29,3.6493317058147023,3.655907168021535,3.5309753145682605,3.550701379776001,26379,0.0,0.0,-0.027398863486467695
2010-05-02,3.5572760913916346,3.616454601287842,3.530974888563009,3.616454601287842,19783,0.0,0.0,0.0183489982701298
2010-05-03,3.616454601287842,3.649331265529984,3.530974888563009,3.616454601287842,114586,0.0,0.0,0.0
2010-05-04,3.530974678897514,3.6164543865466534,3.530974678897514,3.5967283248901367,37196,0.0,0.0,-0.005469520398027676
2010-05-05,3.471797529047961,3.4783729926402587,3.353440791450726,3.432345390319824,165795,0.0,0.0,-0.04678081884547421
2010-05-06,3.2416590552346745,3.419193975610344,3.221932988683242,3.333714246749878,119286,0.0,0.0,-0.029156742944988063
2010-05-09,3.3731663280054547,3.4257693856092577,3.3731663280054547,3.386317253112793,159114,0.0,0.0,0.01565590304390873
2010-05-10,3.419193894677336,3.419193894677336,3.3797417625083117,3.406043291091919,12291,0.0,0.0,0.005808317537944002
2010-05-11,3.392891744060627,3.4191932678222656,3.3863166041797528,3.4191932678222656,6588,0.0,0.0,0.0038533442432437384
2010-05-12,3.392891711598511,3.484947204589844,3.392891711598511,3.484947204589844,14679,0.0,0.0,0.019048258121922474
2010-05-13,3.45864568107985,3.484947204589844,3.4454947586184983,3.484947204589844,12709,0.0,0.0,0.0
2010-05-16,3.4586462974548344,3.4586462974548344,3.4586462974548344,3.458646297454834,286,0.0,0.0,-0.007575625765380761
2010-05-17,3.452070835052327,3.4586462974548344,3.386317175265555,3.458646297454834,9390,0.0,0.0,0.0
2010-05-18,3.452070835052327,3.4980984290443433,3.4126187034628175,3.458646297454834,400321,0.0,0.0,0.0
2010-05-19,3.425770282745361,3.458647282710716,3.425770282745361,3.4257702827453613,96556,0.0,0.0,-0.009550922504161508
2010-05-20,3.4257700938201068,3.5704283714294434,3.4257700938201068,3.5704283714294434,85203,0.0,0.0,0.04135923409052979
2010-05-23,3.4980977574007923,3.5967283888500043,3.4980977574007923,3.5243992805480957,117833,0.0,0.0,-0.012975575714287308
2010-05-24,3.5243993291484785,3.5243993291484785,3.452070219849174,3.484947204589844,8908,0.0,0.0,-0.011257110106700122
2010-05-25,3.544127141431863,3.544127141431863,3.5046749973927156,3.5309765338897705,11936,0.0,0.0,0.01312157641437855
2010-05-26,3.530974888563009,3.616454601287842,3.458645777252489,3.616454601287842,32296,0.0,0.0,0.023919682827092337
2010-05-27,3.6822082511848455,3.6953588525991585,3.6098791398743257,3.616454601287842,88822,0.0,0.0,0.0
2010-05-30,3.550701883675958,3.603304624557495,3.5309758156687807,3.603304624557495,3219,0.0,0.0,-0.0036427783421834063
2010-05-31,3.6164553746779458,3.6164553746779458,3.570427777765628,3.577003240585327,30546,0.0,0.0,-0.007326009441347968
2010-06-01,3.544125917569168,3.6164550376060545,3.537550455362335,3.550701379776001,51121,0.0,0.0,-0.007380210486598365
2010-06-02,3.56385305861985,3.56385305861985,3.5441269874572754,3.5441269874572754,2963,0.0,0.0,-0.0018532919642818464
2010-06-03,3.563851982776908,3.577002907190574,3.5507013797760005,3.550701379776001,14599,0.0,0.0,0.0018532919642818496
2010-06-06,3.537549734115601,3.537549734115601,3.484947011424021,3.5375497341156006,6363,0.0,0.0,-0.003710833756002358
2010-06-07,3.491522344407809,3.491522344407809,3.484947204589844,3.484947204589844,150909,0.0,0.0,-0.014981427215338938
2010-06-08,3.484947204589844,3.4980978056384853,3.484947204589844,3.484947204589844,170812,0.0,0.0,0.0
2010-06-09,3.484949195363647,3.6164565666243607,3.458647656828925,3.4980998039245605,96093,0.0,0.0,0.0037670131311016526
2010-06-10,3.484947204589844,3.530974790379154,3.484947204589844,3.484947204589844,7124,0.0,0.0,-0.0037670131311015216
2010-06-14,3.491522344407809,3.511248406687127,3.484947204589844,3.484947204589844,157548,0.0,0.0,0.0
2010-06-15,3.484947204589844,3.530974790379154,3.4783717433591677,3.484947204589844,43933,0.0,0.0,0.0
2010-06-16,3.550700852658472,3.609879039496425,3.484947204589844,3.484947204589844,64661,0.0,0.0,0.0
2010-06-17,3.4389198079108754,3.6098795753992214,3.4389198079108754,3.550701379776001,9821,0.0,0.0,0.0186922609713412
2010-06-20,3.524398874588462,3.603303113529043,3.524398874588462,3.5572755336761475,21748,0.0,0.0,0.001849796603108191
2010-06-21,3.5507013797760005,3.5507013797760005,3.544125917569168,3.550701379776001,18813,0.0,0.0,-0.0018497966031081736
2010-06-22,3.5507013797760005,3.5507013797760005,3.5507013797760005,3.550701379776001,198,0.0,0.0,0.0
2010-06-23,3.5507017059716377,3.563852310180664,3.5507017059716377,3.563852310180664,3786,0.0,0.0,0.00369691366620088
2010-06-24,3.544125391427796,3.57042691493779,3.484947204589844,3.484947204589844,212851,0.0,0.0,-0.02238917463754219
2010-06-27,3.484947204589844,3.491522344407809,3.4783717433591677,3.484947204589844,5573,0.0,0.0,0.0
2010-06-28,3.484947204589844,3.491522344407809,3.4783717433591677,3.484947204589844,2817,0.0,0.0,0.0
2010-06-29,3.45207070695557,3.4586461691140804,3.43891978263855,3.43891978263855,26112,0.0,0.0,-0.013295489372232386
2010-06-30,3.4849486325465966,3.4849486325465966,3.4586470982595565,3.4717977046966553,37739,0.0,0.0,0.009515124927429867
2010-07-01,3.4849483633804295,3.5901541709899902,3.4783728999633263,3.5901541709899902,5956,0.0,0.0,0.033522615819216166
2010-07-04,3.583578586578369,3.583578586578369,3.583578586578369,3.583578586578369,27261,0.0,0.0,-0.001833239814033587
2010-07-05,3.583578586578369,3.583578586578369,3.583578586578369,3.583578586578369,0,0.0,0.0,0.0
2010-07-06,3.5178238194080933,3.5507008036953995,3.392891664811578,3.5243992805480957,4691,0.0,0.0,-0.016651901453679917
2010-07-07,3.5178257221887153,3.5375517948657857,3.511250257492065,3.5112502574920654,17058,0.0,0.0,-0.0037378321060788635
2010-07-08,3.5112495730893234,3.5178250365043033,3.452071366592959,3.491523504257202,6825,0.0,0.0,-0.00563399763762806
2010-07-11,3.5178251266479488,3.5178251266479488,3.5112496630644743,3.517825126647949,12195,0.0,0.0,0.0075047617749017925
2010-07-12,3.5375506276343867,3.5375506276343867,3.4849478916563443,3.504673957824707,20131,0.0,0.0,-0.0037454427659257845
2010-07-13,3.484947204589844,3.484947204589844,3.484947204589844,3.484947204589844,34,0.0,0.0,-0.005644599371969274
2010-07-14,3.48494836225504,3.544126568751404,3.4586468300079387,3.491523504257202,86234,0.0,0.0,0.0018852803629930551
2010-07-15,3.4849478916563443,3.504673957824707,3.4849478916563443,3.504673957824707,127157,0.0,0.0,0.0037593190089760162
2010-07-18,3.5507013797760005,3.5507013797760005,3.5507013797760005,3.550701379776001,1025,0.0,0.0,0.013047661599372058
2010-07-19,3.5507017059716377,3.563852310180664,3.5507017059716377,3.563852310180664,16572,0.0,0.0,0.00369691366620088
2010-07-20,3.5375509573959705,3.603304624557495,3.5375509573959705,3.603304624557495,11083,0.0,0.0,0.011009306261745363
2010-07-21,3.609878925523581,3.609878925523581,3.5967283248901367,3.5967283248901367,3006,0.0,0.0,-0.0018267420558442837
2010-07-22,3.596727974559107,3.596727974559107,3.5572755336761475,3.5572755336761475,1742,0.0,0.0,-0.011029681268993815
2010-07-25,3.5901525141765025,3.596727974559107,3.5507003947062117,3.5572755336761475,8104,0.0,0.0,0.0
2010-07-26,3.544125917569168,3.5507013797760005,3.544125917569168,3.550701379776001,1299,0.0,0.0,-0.0018497966031081736
2010-07-27,3.570427777765628,3.5835783819922384,3.570427777765628,3.577003240585327,5514,0.0,0.0,0.007380210486598246
2010-07-28,3.570427981600992,3.5901540497734605,3.570427981600992,3.583578586578369,4093,0.0,0.0,0.0018365401024403394
2010-07-29,3.603304776411379,3.609880239828482,3.5901541709899902,3.5901541709899902,16253,0.0,0.0,0.0018332398140336779
2010-08-01,3.6098809242248535,3.6098809242248535,3.590154851646501,3.6098809242248535,1052,0.0,0.0,0.005479640677955198
2010-08-02,3.609880087697488,3.609880087697488,3.603304624557495,3.603304624557495,4914,0.0,0.0,-0.0018234111530812285
2010-08-03,3.596728972398314,3.596728972398314,3.5507013797760005,3.550701379776001,4914,0.0,0.0,-0.014706219927946313
2010-08-04,3.5835780479846484,3.5835780479846484,3.5507013797760005,3.550701379776001,9738,0.0,0.0,0.0
2010-08-05,3.5507017059716377,3.563852310180664,3.5507017059716377,3.563852310180664,2598,0.0,0.0,0.00369691366620088
2010-08-08,3.5572755336761475,3.5572755336761475,3.5572755336761475,3.5572755336761475,633,0.0,0.0,-0.0018471170630926965
2010-08-09,3.557276847369758,3.563852310180664,3.5507017059716377,3.563852310180664,3434,0.0,0.0,0.0018471170630927972
2010-08-10,3.577003414823128,3.603304624557495,3.5638524885431413,3.603304624557495,4214,0.0,0.0,0.011009306261745363
2010-08-11,3.5967293076316365,3.603304449038548,3.5507017107193186,3.577003240585327,17554,0.0,0.0,-0.007326009441347968
2010-08-12,3.577003414823128,3.603304624557495,3.577003414823128,3.603304624557495,6177,0.0,0.0,0.007326009441347928
2010-08-15,3.603304624557495,3.616455550837482,3.603304624557495,3.603304624557495,4838,0.0,0.0,0.0
2010-08-16,3.616454601287842,3.616454601287842,3.616454601287842,3.616454601287842,4620,0.0,0.0,0.003642778342183374
2010-08-17,3.616456388888597,3.655908534045302,3.6098809242248535,3.6098809242248535,73277,0.0,0.0,-0.0018193671891021407
2010-08-18,3.649332258708705,3.682209253311157,3.629606190512356,3.682209253311157,6001,0.0,0.0,0.019838125800703266
2010-08-19,3.6493318415543894,3.6493318415543894,3.6164551721228686,3.642756700515747,7030,0.0,0.0,-0.01077218230071216
2010-08-22,3.649332794879964,3.649332794879964,3.616456116859976,3.6296067237854,3396,0.0,0.0,-0.0036164284689880785
2010-08-23,3.61743554729801,3.6512434858856992,3.583627939224243,3.583627939224243,11646,0.148276,0.0,-0.01274862372900303
2010-08-24,3.583628063435445,3.624197326735695,3.583628063435445,3.597151041030884,5720,0.0,0.0,0.0037664765426623135
2010-08-25,3.6039123535156254,3.6039123535156254,3.6039123535156254,3.603912353515625,629,0.0,0.0,0.0018778655599044894
2010-08-26,3.644481318552693,3.651242971420288,3.644481318552693,3.651242971420288,2942,0.0,0.0,0.01304762951284799
2010-08-29,3.651242971420288,3.651242971420288,3.651242971420288,3.651242971420288,8300,0.0,0.0,0.0
2010-08-30,3.6444804668426514,3.6444804668426514,3.5971495688583985,3.6444804668426514,26210,0.0,0.0,-0.0018538275392627774
2010-08-31,3.644482011759549,3.644482011759549,3.6106740715049312,3.630959033966065,116477,0.0,0.0,-0.0037170121318328667
2010-09-01,3.651242971420288,3.6647659466416034,3.6174350375961857,3.651242971420288,30583,0.0,0.0,0.0055708396710957096
2010-09-02,3.651243266384654,3.651243266384654,3.6039123535156254,3.603912353515625,4358,0.0,0.0,-0.013047629512848146
2010-09-05,3.60391206237487,3.651242971420288,3.60391206237487,3.651242971420288,9026,0.0,0.0,0.01304762951284799
2010-09-06,3.61067338472859,3.658004293774008,3.61067338472859,3.651242971420288,18603,0.0,0.0,0.0
2010-09-07,3.64448160245811,3.64448160245811,3.610673666000366,3.610673666000366,804,0.0,0.0,-0.011173283723381482
2010-09-08,3.651242971420288,3.6647659466416034,3.644481318552693,3.651242971420288,11081,0.0,0.0,0.011173283723381484
2010-09-09,3.651242971420288,3.651242971420288,3.651242971420288,3.651242971420288,0,0.0,0.0,0.0
2010-09-12,3.658004760742187,3.658004760742187,3.658004760742187,3.658004760742187,3985,0.0,0.0,0.001850201689315979
2010-09-13,3.637719665685097,3.6850505747305142,3.630958343331377,3.651242971420288,30463,0.0,0.0,-0.001850201689316025
2010-09-14,3.630958806846964,3.6782897219344823,3.630958806846964,3.658004760742187,69557,0.0,0.0,0.001850201689315979
2010-09-15,3.658004928168572,3.678289890289306,3.658004928168572,3.678289890289306,13933,0.0,0.0,0.00553008901862966
2010-09-16,3.651242943830091,3.718858480453491,3.651242943830091,3.718858480453491,3843,0.0,0.0,0.010968820653846696
2010-09-19,3.7256213815619383,3.7797136306762695,3.7256213815619383,3.7797136306762695,13588,0.0,0.0,0.016231486580564832
2010-09-20,3.7864746763742425,3.8473289012908936,3.7864746763742425,3.8473289012908936,38124,0.0,0.0,0.01773086796096007
2010-09-21,3.854091346820123,3.9217069149017334,3.854091346820123,3.9217069149017334,4029,0.0,0.0,0.019147880859677096
2010-09-22,3.9217047038127775,3.948750981899316,3.833804547916908,3.9419896602630615,1144408,0.0,0.0,0.005158589257911125
2010-09-23,4.023128596782991,4.056936530656396,3.9825593405460062,3.989320993423462,24303,0.0,0.0,0.011935453573328416
2010-09-26,3.9960819575287183,4.15159797668457,3.9960819575287183,4.15159797668457,115424,0.0,0.0,0.03987227541773144
2010-09-27,4.144836346881016,4.144836346881016,4.063697510727636,4.083982467651367,239986,0.0,0.0,-0.01642070739319649
2010-09-28,4.070459467755503,4.090744095683919,4.056936492641182,4.063697814941406,10095,0.0,0.0,-0.00497925640579066
2010-09-29,4.056936365737353,4.056936365737353,4.0434130605321785,4.050174713134766,64603,0.0,0.0,-0.003333331718294368
2010-09-30,3.9893209934234624,4.0501748777789395,3.9893209934234624,3.989320993423462,4568,0.0,0.0,-0.015138979900450104
2010-10-03,3.9893209934234624,3.9893209934234624,3.9893209934234624,3.989320993423462,0,0.0,0.0,0.0
2010-10-04,3.8878992961179417,3.941991882788841,3.8878992961179417,3.9217069149017334,16150,0.0,0.0,-0.017094042831239564
2010-10-05,3.941991882788841,3.941991882788841,3.9149455894533913,3.9217069149017334,10765,0.0,0.0,0.0
2010-10-06,3.948752403259278,3.948752403259278,3.948752403259278,3.948752403259278,2949,0.0,0.0,0.006872685244724646
2010-10-07,3.948752061744848,3.955513715744018,3.935229084260438,3.9555137157440186,12662,0.0,0.0,0.0017108012387367633
2010-10-10,3.955512597877048,3.955512597877048,3.928466320037842,3.928466320037842,5811,0.0,0.0,-0.006861382625543574
2010-10-11,3.8878977298736577,3.8878977298736577,3.8878977298736577,3.8878977298736577,235,0.0,0.0,-0.010380518152441117
2010-10-12,3.88789776224606,3.88789776224606,3.7999972609562658,3.820282220840454,118876,0.0,0.0,-0.017544282516722364
2010-10-13,3.9284669372109344,3.9284669372109344,3.7594279220447775,3.766189575195313,12267,0.0,0.0,-0.014260532115297484
2010-10-14,3.7594283767452863,3.7594283767452863,3.7459053993225098,3.7459053993225098,9934,0.0,0.0,-0.0054004176570607125
2010-10-17,3.732382139041006,3.732382139041006,3.597151041030884,3.597151041030884,167676,0.0,0.0,-0.04052119525214296
2010-10-18,3.6174346598487666,3.6174346598487666,3.448395669407753,3.5565807819366455,34689,0.0,0.0,-0.011342525846388599
2010-10-19,3.46868063138165,3.718858480453491,3.46868063138165,3.718858480453491,15458,0.0,0.0,0.04461713228093355
2010-10-20,3.725620133269993,3.725620133269993,3.7120968276369894,3.718858480453491,27634,0.0,0.0,0.0
2010-10-21,3.739144361212025,3.7797136306762695,3.739144361212025,3.7797136306762695,1770,0.0,0.0,0.016231486580564832
2010-10-24,3.7256201579547223,3.739143133163452,3.7256201579547223,3.739143133163452,2128,0.0,0.0,-0.010791771284091266
2010-10-25,3.73238148030215,3.739143133163452,3.7256201579547223,3.739143133163452,10484,0.0,0.0,0.0
2010-10-26,3.759426693818663,3.759426693818663,3.7526650428771977,3.7526650428771977,4100,0.0,0.0,0.0036097892736172026
2010-10-27,3.79323647264637,3.928467574511784,3.7526668776755914,3.881136655807495,15775,0.0,0.0,0.03366179758986759
2010-10-28,3.8202818959491696,3.8811357788848007,3.8202818959491696,3.8540894985198975,91030,0.0,0.0,-0.006993271296331339
2010-10-31,3.847329099270377,3.847329099270377,3.718859319346252,3.732382297515869,8356,0.0,0.0,-0.032088076520411894
2010-11-01,3.786474014276027,3.8067586421966553,3.779712361464527,3.8067586421966553,53483,0.0,0.0,0.019731361521829978
2010-11-02,3.786474466323853,3.8135207502848982,3.7188589216781938,3.786474466323853,9925,0.0,0.0,-0.005342710761837293
2010-11-03,3.840567083236853,4.016367435455322,3.8202824526357926,4.016367435455322,107784,0.0,0.0,0.058942504892546654
2010-11-04,4.023128596782991,4.036651902537903,3.9757976876685497,3.989320993423462,11993,0.0,0.0,-0.006756831763313165
2010-11-07,3.9893212001386673,4.056936740875244,3.9893212001386673,4.056936740875244,7679,0.0,0.0,0.016807152182760934
2010-11-08,4.050175292638656,4.050175292638656,4.0434136390686035,4.0434136390686035,5166,0.0,0.0,-0.0033388961552426513
2010-11-09,4.056937004725775,4.056937004725775,3.9893214595916935,3.9960827827453618,5097,0.0,0.0,-0.011774718386206714
2010-11-10,4.050175584705695,4.083983524480014,4.043413930648045,4.077221870422363,97521,0.0,0.0,0.020101265402134062
2010-11-11,4.090744495391846,4.090744495391846,4.090744495391846,4.090744495391846,2050,0.0,0.0,0.0033111393261478017
2010-11-14,4.090743967722564,4.090743967722564,4.050174713134766,4.050174713134766,105505,0.0,0.0,-0.009966962469143524
2010-11-15,4.056936492641182,4.063697814941406,3.8067586436583376,4.063697814941406,168625,0.0,0.0,0.0033333317182943647
2010-11-16,4.063697814941406,4.063697814941406,4.056936492641182,4.063697814941406,3592,0.0,0.0,0.0
2010-11-17,4.063698212006631,4.090744495391846,4.0569368890457564,4.090744495391846,5740,0.0,0.0,0.0066336307508491925
2010-11-18,4.090744495391846,4.090744495391846,4.090744495391846,4.090744495391846,0,0.0,0.0,0.0
2010-11-21,4.056936740875244,4.070459716817003,4.056936740875244,4.056936740875244,75836,0.0,0.0,-0.008298790186832742
2010-11-22,4.023128032684326,4.023128032684326,4.023128032684326,4.023128032684326,1025,0.0,0.0,-0.00836847387835918
2010-11-23,4.023128032684326,4.023128032684326,4.023128032684326,4.023128032684326,0,0.0,0.0,0.0
2010-11-24,3.955513309962675,4.138075305100479,3.955513309962675,4.097506046295166,4547,0.0,0.0,0.018318789603098046
2010-11-25,4.056936998460753,4.192168088520082,4.056936998460753,4.158360481262207,16492,0.0,0.0,0.014742374267554736
2010-11-28,4.151597902211832,4.178644180297852,4.151597902211832,4.178644180297852,3852,0.0,0.0,0.0048659536323480395
2010-11-29,4.124552769032075,4.165122032165527,4.124552769032075,4.165122032165527,5650,0.0,0.0,-0.00324126051147137
2010-11-30,4.178643832606447,4.192166805267334,4.097505005099686,4.192166805267334,12493,0.0,0.0,0.006472162930855139
2010-12-01,4.15835920835821,4.192166805267334,4.117789629347923,4.192166805267334,22460,0.0,0.0,0.0
2010-12-02,4.198929156388638,4.253021717071533,4.192167503674808,4.253021717071533,58828,0.0,0.0,0.014411984993257075
2010-12-05,4.259783194951827,4.2800678233207785,4.192167656884027,4.198929309844971,9952,0.0,0.0,-0.012800155990479758
2010-12-06,4.124551280935273,4.198928456854683,4.124551280935273,4.192166805267334,17016,0.0,0.0,-0.001611829002777272
2010-12-07,4.219215341542592,4.286830902099609,4.219215341542592,4.286830902099609,8665,0.0,0.0,0.022330004934493386
2010-12-08,4.354445194432721,4.401776767116782,4.347683871706034,4.3814921379089355,6368,0.0,0.0,0.021841594634276738
2010-12-09,4.327399071427157,4.3814922993448615,4.327399071427157,4.361207008361816,5641,0.0,0.0,-0.004640481299768064
2010-12-12,4.361206101927165,4.361206101927165,4.313875198364258,4.313875198364258,3417,0.0,0.0,-0.010912237727766071
2010-12-13,4.327400172331022,4.327400172331022,4.286830902099609,4.286830902099609,1383,0.0,0.0,-0.006288875606742495
2010-12-14,4.327398831460358,4.361206766520269,4.2800679206848145,4.2800679206848145,257665,0.0,0.0,-0.001578863707765674
2010-12-15,4.3814921379089355,4.4964389209432225,4.354445194432721,4.3814921379089355,48957,0.0,0.0,0.023420458342042327
2010-12-16,4.428822843316279,4.428822843316279,4.395015239715576,4.395015239715576,102174,0.0,0.0,0.003081661514491693
2010-12-19,4.395015239715576,4.40177656212739,4.395015239715576,4.395015239715576,51965,0.0,0.0,0.0
2010-12-20,4.428822911425443,4.516723409269592,4.327398777008057,4.327398777008057,48432,0.0,0.0,-0.015504381487929084
2010-12-21,4.320638742671485,4.428824231859687,4.29359245300293,4.29359245300293,8114,0.0,0.0,-0.007842833008095271
2010-12-22,4.31387708762585,4.31387708762585,4.286830797957295,4.29359245300293,6614,0.0,0.0,0.0
2010-12-23,4.2800679206848145,4.2800679206848145,4.266544944969183,4.2800679206848145,1928,0.0,0.0,-0.0031549053605095675
2010-12-28,4.293591683466838,4.293591683466838,4.2259761366711075,4.259783744812012,6871,0.0,0.0,-0.00475048392256966
2010-12-29,4.253021362405946,4.253021362405946,4.158359554361797,4.178644180297852,9377,0.0,0.0,-0.0192315597235418
2010-12-30,4.192167233508926,4.239498138427734,4.1583596331462624,4.239498138427734,15101,0.0,0.0,0.014458063519421136
2011-01-03,4.225975164385439,4.246259790705806,4.225975164385439,4.239498138427734,16597,0.0,0.0,0.0
2011-01-04,4.259782764748103,4.259782764748103,4.239498138427734,4.239498138427734,6745,0.0,0.0,0.0
2011-01-05,4.259783744812012,4.259783744812012,4.259783744812012,4.259783744812012,246,0.0,0.0,0.004773496204120545
2011-01-06,4.219213081102921,4.219213081102921,4.192166805267334,4.192166805267334,15970,0.0,0.0,-0.01600065730415794
2011-01-09,4.2597827604554634,4.2597827604554634,4.15159797668457,4.15159797668457,4593,0.0,0.0,-0.009724422809054797
2011-01-10,4.15835920835821,4.192166805267334,4.070458729264099,4.192166805267334,8254,0.0,0.0,0.009724422809054884
2011-01-11,4.253021362405946,4.253021362405946,4.178644180297852,4.178644180297852,24533,0.0,0.0,-0.0032309024193837364
2011-01-12,4.178645465127363,4.178645465127363,4.070460319519043,4.070460319519043,239964,0.0,0.0,-0.02623074146251931
2011-01-13,4.0636980323535585,4.124552249908447,3.9757978631230424,4.124552249908447,14457,0.0,0.0,0.013201374740377424
2011-01-16,4.124552249908447,4.124552249908447,4.124552249908447,4.124552249908447,0,0.0,0.0,0.0
2011-01-17,4.124552249908447,4.192167790125298,4.090744314543077,4.124552249908447,268659,0.0,0.0,0.0
2011-01-18,4.124552651220551,4.259783744812012,4.124552651220551,4.259783744812012,3521,0.0,0.0,0.03226092644568356
2011-01-19,4.219214603352753,4.225976257379639,4.124552769032075,4.165122032165527,6906,0.0,0.0,-0.02247282023501313
2011-01-20,4.192166805267334,4.192166805267334,4.192166805267334,4.192166805267334,491,0.0,0.0,0.006472162930855139
2011-01-23,4.192167656884027,4.205690962805915,4.185406003923083,4.198929309844971,50935,0.0,0.0,0.00161182900277733
2011-01-24,4.158360185273818,4.253022007680187,4.117790596732595,4.124552249908447,9975,0.0,0.0,-0.017872098144302958
2011-01-26,4.1245520292405295,4.15835996279714,4.056936492641182,4.063697814941406,11993,0.0,0.0,-0.014864117466516225
2011-01-27,4.2597836335497465,4.293591571321536,4.151598827605066,4.158360481262207,11009,0.0,0.0,0.023027530556310186
2011-01-30,4.151599178725283,4.151599178725283,3.975798482368734,4.070460319519043,28409,0.0,0.0,-0.021364787830171213
2011-01-31,4.063698485129209,4.2124528884887695,4.050175507784671,4.2124528884887695,8918,0.0,0.0,0.03428901819636301
2011-02-01,4.259783744812012,4.259783744812012,4.259783744812012,4.259783744812012,6379,0.0,0.0,0.011173282989698139
2011-02-02,4.1583601477024645,4.2800679206848145,4.1583601477024645,4.2800679206848145,23219,0.0,0.0,0.004750483922569745
2011-02-03,4.165121972011994,4.219214542418003,4.165121972011994,4.2124528884887695,3411,0.0,0.0,-0.01592376691226782
2011-02-06,4.158360481262207,4.158360481262207,4.131314197147558,4.158360481262207,17662,0.0,0.0,-0.012924230366191695
2011-02-07,4.158359308391623,4.2462594590864455,4.158359308391623,4.185405254364014,31638,0.0,0.0,0.006482652718503756
2011-02-08,4.158360481262207,4.158360481262207,4.158360481262207,4.158360481262207,23680,0.0,0.0,-0.006482652718503722
2011-02-09,4.158360481262207,4.185406434862941,4.158360481262207,4.158360481262207,7457,0.0,0.0,0.0
2011-02-10,4.185406434862941,4.192168088520082,4.158360481262207,4.158360481262207,6873,0.0,0.0,0.0
2011-02-13,4.158360481262207,4.192168088520082,4.158360481262207,4.158360481262207,13202,0.0,0.0,0.0
2011-02-14,4.192167806178883,4.239498717563318,4.192167806178883,4.232737064361572,5304,0.0,0.0,0.017727962429588212
2011-02-15,4.232737459990934,4.259783744812012,4.232737459990934,4.259783744812012,2997,0.0,0.0,0.006369550926301719
2011-02-16,4.259782642716981,4.327398172019158,4.259782642716981,4.313875198364258,339793,0.0,0.0,0.012618223237077827
2011-02-17,4.313876504819419,4.313876504819419,4.29359187293696,4.300353527069092,10608,0.0,0.0,-0.0031393831837163363
2011-02-20,4.29359245300293,4.307115432580217,4.280069142911661,4.29359245300293,23770,0.0,0.0,-0.0015734507702823506
2011-02-21,4.241347944740201,4.241347944740201,4.234473705291748,4.234473705291748,934,0.101452,0.0,-0.013864736424032513
2011-02-22,4.337585952949815,4.337585952949815,4.234473705291748,4.234473705291748,4613,0.0,0.0,0.0
2011-02-23,4.234473705291748,4.234473705291748,4.234473705291748,4.234473705291748,0,0.0,0.0,0.0
2011-02-24,4.289466730051835,4.392578972450447,4.289466730051835,4.310089111328125,221011,0.0,0.0,0.017699531660937007
2011-02-27,4.351333873880705,4.358208112978522,4.310089111328125,4.310089111328125,3817,0.0,0.0,0.0
2011-02-28,4.3169636726379395,4.330711815842554,4.3169636726379395,4.3169636726379395,10312,0.0,0.0,0.0015937221985423845
2011-03-01,4.248221102709631,4.3582072257995605,4.248221102709631,4.3582072257995605,273343,0.0,0.0,0.009508484474645622
2011-03-02,4.358208091613659,4.413201332092285,4.358208091613659,4.413201332092285,222439,0.0,0.0,0.012539565689413867
2011-03-03,4.365081612671596,4.585054874420166,4.365081612671596,4.585054874420166,26082,0.0,0.0,0.03820172213879535
2011-03-06,4.571308172591085,4.571308172591085,4.468195915222168,4.468195915222168,101537,0.0,0.0,-0.025817345112056134
2011-03-07,4.468195915222168,4.468195915222168,4.468195915222168,4.468195915222168,0,0.0,0.0,0.0
2011-03-08,4.468195915222168,4.5094406837628505,4.468195915222168,4.468195915222168,106685,0.0,0.0,0.0
2011-03-09,4.420076360861006,4.420076360861006,4.399453639984131,4.399453639984131,1537,0.0,0.0,-0.015504368290161876
2011-03-10,4.433824775003873,4.571308581157025,4.365083375953158,4.536937713623047,10637,0.0,0.0,0.030771911566314855
2011-03-14,4.468196042907046,4.468196042907046,4.399453639984131,4.399453639984131,96626,0.0,0.0,-0.030771911566314876
2011-03-15,4.399453200337924,4.468195596391273,4.365082674345623,4.433824062347412,25890,0.0,0.0,0.007782070705619799
2011-03-16,4.433824062347412,4.433824062347412,4.433824062347412,4.433824062347412,150627,0.0,0.0,0.0
2011-03-17,4.399452228666074,4.447572231292725,4.399452228666074,4.447572231292725,3233,0.0,0.0,0.003095950112348772
2011-03-20,4.468194946934177,4.475068849523195,4.227599283855795,4.3238372802734375,89038,0.0,0.0,-0.02821511399151291
2011-03-21,4.282593340141758,4.392579843447214,4.282593340141758,4.36508321762085,134588,0.0,0.0,0.009493986547160223
2011-03-22,4.310088984078652,4.330711364746094,4.310088984078652,4.330711364746094,68978,0.0,0.0,-0.007905437865960749
2011-03-23,4.399453639984131,4.399453639984131,4.378831255124477,4.399453639984131,178571,0.0,0.0,0.015748544492344804
2011-03-24,4.365082611698811,4.399453137197833,4.365082611698811,4.38570499420166,326259,0.0,0.0,-0.0031299735336110085
2011-03-27,4.38570499420166,4.38570499420166,4.38570499420166,4.38570499420166,0,0.0,0.0,0.0
2011-03-28,4.36508321762085,4.385705602986316,4.337586591794486,4.36508321762085,128105,0.0,0.0,-0.0047131330927731455
2011-03-29,4.399452848121861,4.399452848121861,4.261970083125023,4.2963409423828125,18130,0.0,0.0,-0.01587353704732179
2011-03-30,4.303214323639752,4.358207557377215,4.22759904727214,4.261969566345215,9878,0.0,0.0,-0.008032323856606453
2011-03-31,4.399452134876394,4.399452134876394,4.3444592394034816,4.351333141326904,195476,0.0,0.0,0.020750874466079424
2011-04-03,4.34445908641973,4.399451979956147,4.34445908641973,4.3582072257995605,18882,0.0,0.0,0.0015785186382419104
2011-04-04,4.344460677248202,4.371957302093506,4.310089812187267,4.371957302093506,15222,0.0,0.0,0.003150017991009395
2011-04-05,4.36508235207634,4.36508235207634,4.310089111328125,4.310089111328125,66453,0.0,0.0,-0.01425222466419739
2011-04-06,4.371956591174157,4.371956591174157,4.310089111328125,4.310089111328125,3052,0.0,0.0,0.0
2011-04-07,4.399453639984131,4.399453639984131,4.365083110557114,4.399453639984131,126343,0.0,0.0,0.020521781099179123
2011-04-10,4.399453639984131,4.399453639984131,4.385705495416768,4.399453639984131,56567,0.0,0.0,0.0
2011-04-11,4.3994529819212005,4.3994529819212005,4.392579078674316,4.392579078674316,4920,0.0,0.0,-0.0015638164530975508
2011-04-12,4.399453639984131,4.399453639984131,4.365083110557114,4.399453639984131,33018,0.0,0.0,0.0015638164530975558
2011-04-13,4.351333141326904,4.351333141326904,4.351333141326904,4.351333141326904,3213,0.0,0.0,-0.010998093064233062
2011-04-14,4.337585001462953,4.39257823295297,4.337585001462953,4.351333141326904,3172,0.0,0.0,0.0
2011-04-17,4.34446072569746,4.399453639984131,4.34446072569746,4.399453639984131,11319,0.0,0.0,0.010998093064233092
2011-04-18,4.399453639984131,4.399453639984131,4.399453639984131,4.399453639984131,0,0.0,0.0,0.0
2011-04-19,4.399452813879143,4.399452813879143,4.378830432891846,4.378830432891846,5426,0.0,0.0,-0.004698696206203323
2011-04-20,4.3788312062919195,4.406327831137224,4.3650830618778755,4.371957302093506,1166471,0.0,0.0,-0.0015708602287784865
2011-04-26,4.36508321762085,4.36508321762085,4.36508321762085,4.36508321762085,3303,0.0,0.0,-0.0015735501914023377
2011-04-27,4.413202120568714,4.447573658047392,4.385705495416768,4.399453639984131,78293,0.0,0.0,0.007843106626384214
2011-04-28,4.399453639984131,4.399453639984131,4.399453639984131,4.399453639984131,0,0.0,0.0,0.0
2011-05-01,4.420075148108006,4.420075148108006,4.344459533691406,4.344459533691406,4964,0.0,0.0,-0.012578997605994366
2011-05-02,4.337586055453455,4.344460295064356,4.3169636726379395,4.3169636726379395,17915,0.0,0.0,-0.0063490612946425565
2011-05-03,4.351334030234901,4.358208269579727,4.303215026855469,4.303215026855469,23549,0.0,0.0,-0.0031898775929895926
2011-05-04,4.323837624907441,4.330711528044348,4.1863545219118246,4.227599620819092,14701,0.0,0.0,-0.017728057528352312
2011-05-05,4.241347187697946,4.268843804566678,4.22759904727214,4.261969566345215,193678,0.0,0.0,0.008097026491666312
2011-05-08,4.268843804566678,4.268843804566678,4.241347187697946,4.261969566345215,16990,0.0,0.0,0.0
2011-05-09,4.261970262820863,4.303215026855469,4.261970262820863,4.303215026855469,5754,0.0,0.0,0.009631031036686001
2011-05-10,4.296340948088075,4.413201332092285,4.289466709023957,4.413201332092285,26649,0.0,0.0,0.02523792775704891
2011-05-11,4.413201332092285,4.413201332092285,4.413201332092285,4.413201332092285,1216,0.0,0.0,0.0
2011-05-12,4.296341667773223,4.399453590921594,4.296341667773223,4.371957302093506,2409,0.0,0.0,-0.009389547698404358
2011-05-15,4.296340842306074,4.330711364746094,4.296340842306074,4.330711364746094,41,0.0,0.0,-0.009478988057363144
2011-05-16,4.330712351333588,4.36508321762085,4.296341821063554,4.36508321762085,3472,0.0,0.0,0.00790543786596065
2011-05-17,4.296340536882401,4.358207674486639,4.296340536882401,4.344459533691406,6486,0.0,0.0,-0.004735890979610107
2011-05-18,4.351333846771252,4.365082324881231,4.2963409423828125,4.2963409423828125,32195,0.0,0.0,-0.011137646067711709
2011-05-19,4.2963409423828125,4.406327087176851,4.2963409423828125,4.2963409423828125,11670,0.0,0.0,0.0
2011-05-22,4.36508321762085,4.36508321762085,4.303215725507224,4.36508321762085,500,0.0,0.0,0.015873537047321907
2011-05-23,4.261969566345215,4.261969566345215,4.261969566345215,4.261969566345215,1,0.0,0.0,-0.023905860903928315
2011-05-24,4.261969566345215,4.261969566345215,4.261969566345215,4.261969566345215,5210,0.0,0.0,0.0
2011-05-25,4.261969566345215,4.261969566345215,4.261969566345215,4.261969566345215,1,0.0,0.0,0.0
2011-05-26,4.268842697143555,4.268842697143555,4.268842697143555,4.268842697143555,2,0.0,0.0,0.0016113664380896756
2011-05-29,4.268843804566678,4.268843804566678,4.261969566345215,4.261969566345215,2981,0.0,0.0,-0.0016113664380896205
2011-05-30,4.261969566345215,4.261969566345215,4.261969566345215,4.261969566345215,60526,0.0,0.0,0.0
2011-05-31,4.2963409423828125,4.2963409423828125,4.261970083125023,4.2963409423828125,6703,0.0,0.0,0.008032323856606436
2011-06-01,4.316963222973516,4.413201223433016,4.316963222973516,4.330711364746094,9420,0.0,0.0,0.007968099181361155
2011-06-02,4.330711364746094,4.399452745643287,4.330711364746094,4.330711364746094,11590,0.0,0.0,0.0
2011-06-05,4.365081795598678,4.365081795598678,4.22759904727214,4.261969566345215,64715,0.0,0.0,-0.016000423037967604
2011-06-06,4.261970327068378,4.261970327068378,4.234473705291748,4.234473705291748,10032,0.0,0.0,-0.006472345229803743
2011-06-07,4.255095328123752,4.261969566345215,4.255095328123752,4.261969566345215,4099,0.0,0.0,0.006472345229803693
2011-06-08,4.289466703327823,4.2963409423828125,4.289466703327823,4.2963409423828125,6970,0.0,0.0,0.008032323856606436
2011-06-09,4.261969566345215,4.261969566345215,4.261969566345215,4.261969566345215,180661,0.0,0.0,-0.008032323856606453
2011-06-13,4.255096609949331,4.399453639984131,4.255096609949331,4.399453639984131,23615,0.0,0.0,0.031748967530312415
2011-06-14,4.365082985818831,4.468195915222168,4.365082985818831,4.468195915222168,5401,0.0,0.0,0.015504368290161812
2011-06-15,4.468194696886378,4.536936071049647,4.261969566345215,4.261969566345215,13250,0.0,0.0,-0.04725333582047438
2011-06-16,4.261970850241623,4.399453639984131,4.261970850241623,4.399453639984131,2894,0.0,0.0,0.031748967530312415
2011-06-19,4.351333141326904,4.351333141326904,4.351333141326904,4.351333141326904,4716,0.0,0.0,-0.010998093064233062
2011-06-20,4.351333141326904,4.399452134876394,4.351333141326904,4.351333141326904,12044,0.0,0.0,0.0
2011-06-21,4.330711364746094,4.330711364746094,4.330711364746094,4.330711364746094,8765,0.0,0.0,-0.004750451428111771
2011-06-22,4.261969566345215,4.261969566345215,4.261969566345215,4.261969566345215,512,0.0,0.0,-0.016000423037967604
2011-06-23,4.261969947566964,4.261969947566964,4.200102806091309,4.200102806091309,2398,0.0,0.0,-0.01462239032241402
2011-06-26,4.193229451909872,4.200103692196491,4.131361961364746,4.131361961364746,117498,0.0,0.0,-0.016501877293129553
2011-06-27,4.131361303229301,4.138235542420838,4.090116540114417,4.124487400054932,87157,0.0,0.0,-0.001665379925854057
2011-06-28,4.1244877722305775,4.158858299255371,4.1244877722305775,4.158858299255371,65876,0.0,0.0,0.008298843899685058
2011-06-29,4.158858299255371,4.158858299255371,4.158858299255371,4.158858299255371,5125,0.0,0.0,0.0
2011-06-30,4.2757182121276855,4.2757182121276855,4.2757182121276855,4.2757182121276855,2059,0.0,0.0,0.02771150180347353
2011-07-03,4.282592114604269,4.282592114604269,4.2757182121276855,4.2757182121276855,612452,0.0,0.0,0.0
2011-07-04,4.2757182121276855,4.2757182121276855,4.2757182121276855,4.2757182121276855,0,0.0,0.0,0.0
2011-07-05,4.2757182121276855,4.2757182121276855,4.2757182121276855,4.2757182121276855,0,0.0,0.0,0.0
2011-07-06,4.296340969149652,4.399452875531102,4.296340969149652,4.310089111328125,13466,0.0,0.0,0.00800648826937228
2011-07-07,4.310089429537317,4.433824062347412,4.310089429537317,4.433824062347412,9784,0.0,0.0,0.02830385180479905
2011-07-10,4.454447269439697,4.461321509280003,4.454447269439697,4.454447269439697,18276,0.0,0.0,0.004640552326099604
2011-07-11,4.330711364746094,4.365082223203267,4.330711364746094,4.330711364746094,34657,0.0,0.0,-0.02817116752406429
2011-07-12,4.330711364746094,4.330711364746094,4.330711364746094,4.330711364746094,0,0.0,0.0,0.0
2011-07-13,4.330710940508483,4.330710940508483,4.261969566345215,4.261969566345215,127461,0.0,0.0,-0.016000423037967604
2011-07-14,4.261969566345215,4.261969566345215,4.261969566345215,4.261969566345215,0,0.0,0.0,0.0
2011-07-17,4.261969566345215,4.261969566345215,4.2344729494764834,4.261969566345215,37054,0.0,0.0,0.0
2011-07-18,4.261969566345215,4.261969566345215,4.261969566345215,4.261969566345215,0,0.0,0.0,0.0
2011-07-19,4.227598342911105,4.227598342911105,4.220724105834961,4.220724105834961,1293,0.0,0.0,-0.009724690564333059
2011-07-20,4.193229675292969,4.193229675292969,4.193229675292969,4.193229675292969,2223,0.0,0.0,-0.006535459813428642
2011-07-21,4.165732080423806,4.2963409423828125,4.131361221166016,4.2963409423828125,16076,0.0,0.0,0.024292474234368294
2011-07-24,4.296340842306074,4.330711364746094,4.296340842306074,4.330711364746094,8980,0.0,0.0,0.007968099181361155
2011-07-25,4.392579078674316,4.4269496029602475,4.344460075860278,4.392579078674316,19211,0.0,0.0,0.014184728039247337
2011-07-26,4.151983873049001,4.28259239693728,4.151983873049001,4.2482218742370605,38548,0.0,0.0,-0.033416031172688765
2011-07-27,4.23447277224492,4.23447277224492,4.151983261108398,4.151983261108398,2549,0.0,0.0,-0.022914398526969304
2011-07-28,4.151984903410493,4.193229675292969,4.151984903410493,4.193229675292969,64558,0.0,0.0,0.009885128244681319
2011-08-01,4.241347010178665,4.24822124811241,4.151983261108398,4.151983261108398,5540,0.0,0.0,-0.009885128244681289
2011-08-02,4.193228783918794,4.2482220254167515,4.117613160863396,4.124487400054932,14569,0.0,0.0,-0.006644368918954604
2011-08-03,4.117613445145529,4.117613445145529,4.055746296201862,4.096991062164307,5036,0.0,0.0,-0.006688928405385569
2011-08-04,3.987004368544234,3.987004368544234,3.7670317345842386,3.815150737762451,179986,0.0,0.0,-0.07127264118598291
2011-08-07,3.643296576264749,4.0557451248168945,3.643296576264749,4.0557451248168945,44506,0.0,0.0,0.061154249445151576
2011-08-08,3.643298971649725,4.055747791377449,3.6089280966652,3.918264627456665,54590,0.0,0.0,-0.0344855665596282
2011-08-09,4.193228567254963,4.323837425059769,4.193228567254963,4.200102806091309,225633,0.0,0.0,0.06946014392482876
2011-08-10,4.213850695246654,4.255095453758977,4.200102554414922,4.241347312927246,15548,0.0,0.0,0.009771978620364533
2011-08-11,4.241348569410826,4.36508321762085,4.227600424506259,4.36508321762085,8233,0.0,0.0,0.028756272605977753
2011-08-14,4.378829531702381,4.44069766998291,4.378829531702381,4.44069766998291,159870,0.0,0.0,0.017174243122209245
2011-08-15,4.454446835849567,4.619426559854803,4.454446835849567,4.605678081512451,280191,0.0,0.0,0.03647841085933143
2011-08-16,4.591929912567139,4.591929912567139,4.48194343053459,4.591929912567139,19878,0.0,0.0,-0.002989511880331727
2011-08-17,4.598804655667736,4.619427376828518,4.495692729949951,4.495692729949951,22621,0.0,0.0,-0.021180628684849278
2011-08-18,4.371957350849406,4.502566572334063,4.371957350849406,4.399453639984131,21461,0.0,0.0,-0.02163940678997549
2011-08-21,4.502565552223903,4.5163140296936035,4.433823500892544,4.5163140296936035,384664,0.0,0.0,0.026215820519772892
2011-08-22,4.660670757293701,4.660670757293701,4.640048378299782,4.660670757293701,382320,0.0,0.0,0.03146319610965769
2011-08-23,4.720109509069687,4.755073070526123,4.678152756781117,4.755073070526123,107831,0.112183,0.0,0.020052685859356625
2011-08-24,4.678152946147203,4.838986429164808,4.678152946147203,4.831993579864502,36791,0.0,0.0,0.016047068989153774
2011-08-25,4.755073263005853,4.887935690637139,4.755073263005853,4.831993579864502,46972,0.0,0.0,0.0
2011-08-28,4.825000647187893,4.901920962717354,4.825000647187893,4.894928455352783,113991,0.0,0.0,0.012940528051898737
2011-08-29,5.04177622586669,5.209602213091327,4.978841267023141,5.07673978805542,78662,0.0,0.0,0.036469621547359055
2011-08-30,5.07673978805542,5.167645801738892,5.07673978805542,5.07673978805542,499038,0.0,0.0,0.0
2011-08-31,5.034783921524465,5.104711395283779,4.922899690057616,4.929892539978027,184509,0.0,0.0,-0.02935209090812607
2011-09-01,4.929892657479261,5.027791191438644,4.894929090673734,5.020798683166504,396909,0.0,0.0,0.018271830628572724
2011-09-04,4.971848964691162,4.971848964691162,4.89492864616325,4.971848964691162,127842,0.0,0.0,-0.009797225267782064
2011-09-05,4.964856115239104,4.999819678869575,4.964856115239104,4.971848964691162,74194,0.0,0.0,0.0
2011-09-06,4.964856147766113,5.013805410621391,4.950870448770369,4.964856147766113,307962,0.0,0.0,-0.0014074721953188935
2011-09-07,4.936884664130117,5.020797825394233,4.894928254405501,4.999819278717041,13542,0.0,0.0,0.007017443706480807
2011-09-08,4.950870448770369,4.964856147766113,4.894928678232134,4.964856147766113,24106,0.0,0.0,-0.007017443706480785
2011-09-11,4.957863170952508,4.957863170952508,4.685145807502807,4.873950004577637,175758,0.0,0.0,-0.018479626242775278
2011-09-12,4.859965503145126,4.943878684289325,4.783045172550017,4.936885833740234,14602,0.0,0.0,0.012830036812121743
2011-09-13,4.894928614538759,4.90192112213073,4.727102279663086,4.727102279663086,7601,0.0,0.0,-0.043422345479255775
2011-09-14,4.720110570647483,5.027791553011696,4.720110570647483,4.887936592102051,7045,0.0,0.0,0.03345786072137445
2011-09-15,5.027790546417236,5.027790546417236,4.9508702307723595,5.027790546417236,3603,0.0,0.0,0.028210382796115267
2011-09-18,4.89492864616325,5.034783584314957,4.89492864616325,4.971848964691162,112484,0.0,0.0,-0.0111888364122614
2011-09-19,4.971848997263986,4.999819711625647,4.894928678232134,4.964856147766113,180014,0.0,0.0,-0.0014074721953188935
2011-09-20,4.894928974005838,4.929892539978027,4.894928974005838,4.929892539978027,102517,0.0,0.0,-0.007067133165471709
2011-09-21,4.894928455352783,4.894928455352783,4.873949907814377,4.894928455352783,152969,0.0,0.0,-0.007117530639232902
2011-09-22,4.825000535253887,4.831993384271129,4.755073070526123,4.755073070526123,9514,0.0,0.0,-0.028987597041052485
2011-09-25,4.790038283389114,4.894929680065406,4.671161526669642,4.8669586181640625,11092,0.0,0.0,0.023257165308511095
2011-09-26,4.880943473748279,4.971849500986003,4.859965264944173,4.915907382965088,26410,0.0,0.0,0.010007123328154496
2011-09-27,4.922899392593795,4.999819711625647,4.901921185915092,4.964856147766113,26589,0.0,0.0,0.00990797220909154
2011-09-28,5.027790845399401,5.027790845399401,4.797030226557278,4.859964847564697,39897,0.0,0.0,-0.021353118942943478
2011-09-29,4.629202811655923,4.636195659637451,4.5452900031369445,4.636195659637451,16280,0.0,0.0,-0.04713707587951717
2011-10-03,4.335506394591097,4.706122875213623,4.195651492945988,4.706122875213623,9451,0.0,0.0,0.014970271299090976
2011-10-04,4.706124749076222,4.713117599487305,4.706124749076222,4.713117599487305,1906,0.0,0.0,0.0014851994867793815
2011-10-05,4.713117599487305,4.713117599487305,4.713117599487305,4.713117599487305,0,0.0,0.0,0.0
2011-10-06,4.713116910691508,4.713116910691508,4.538298068667957,4.685145854949951,15681,0.0,0.0,-0.005952552248869578
2011-10-09,4.699131377434327,4.699131377434327,4.559276103973389,4.559276103973389,46,0.0,0.0,-0.027233185736673254
2011-10-10,4.559276103973389,4.559276103973389,4.559276103973389,4.559276103973389,186,0.0,0.0,0.0
2011-10-11,4.559276815712841,4.559276815712841,4.538298606872559,4.538298606872559,1860,0.0,0.0,-0.004611676176542123
2011-10-12,4.53130576361156,4.580255031585693,4.51032687110917,4.580255031585693,5834,0.0,0.0,0.009202494709012715
2011-10-13,4.580255031585693,4.580255031585693,4.580255031585693,4.580255031585693,0,0.0,0.0,0.0
2011-10-16,4.587246894836426,4.692138258445724,4.545290486118656,4.587246894836426,34586,0.0,0.0,0.0015253587427684545
2011-10-17,4.552282993028367,4.587246894836426,4.545290486118656,4.587246894836426,4631,0.0,0.0,0.0
2011-10-18,4.587247359932131,4.587247359932131,4.545290946960449,4.545290946960449,52853,0.0,0.0,-0.009188298757555644
2011-10-19,4.587247359932131,4.594240209365714,4.545290946960449,4.545290946960449,3260,0.0,0.0,0.0
2011-10-20,4.545290747534742,4.559276103973389,4.545290747534742,4.559276103973389,242,0.0,0.0,0.0030721214823164833
2011-10-23,4.559276103973389,4.559276103973389,4.559276103973389,4.559276103973389,0,0.0,0.0,0.0
2011-10-24,4.55927621202465,4.699131488800049,4.55927621202465,4.699131488800049,8090,0.0,0.0,0.030213840227621965
2011-10-25,4.699131732425003,4.720109939575195,4.6921388827699655,4.720109939575195,135135,0.0,0.0,0.004454389585786194
2011-10-26,4.734095129069966,4.769059034289459,4.727102279663086,4.727102279663086,3403,0.0,0.0,0.001480297298815772
2011-10-27,4.720110755063347,4.769060027475679,4.545291876188591,4.678153991699219,116943,0.0,0.0,-0.01040880301083195
2011-10-30,4.587246174633798,4.706122875213623,4.587246174633798,4.706122875213623,77708,0.0,0.0,0.005960814397371453
2011-11-01,4.769058704376221,4.769058704376221,4.769058704376221,4.769058704376221,50686,0.0,0.0,0.013284548523621867
2011-11-02,4.713117307674025,4.790037631988525,4.713117307674025,4.790037631988525,8093,0.0,0.0,0.004389318938938732
2011-11-03,4.894928950238448,5.034783897078008,4.894928950238448,4.978841781616211,73279,0.0,0.0,0.03865902225739325
2011-11-06,5.034783830601218,5.069747737756928,4.978841715878053,4.992827415466309,66652,0.0,0.0,0.0028050756085302385
2011-11-07,5.034783807342669,5.041776657104492,4.99282739240158,5.041776657104492,28617,0.0,0.0,0.009756165673089484
2011-11-08,5.055761846721712,5.055761846721712,5.034783639948641,5.048768997192383,94604,0.0,0.0,0.0013859193440421444
2011-11-09,4.992827194204079,5.062754663601664,4.901921176353797,5.055761814117432,8240,0.0,0.0,0.0013840955452535228
2011-11-10,4.964856074310972,5.069747447967529,4.964856074310972,5.069747447967529,7684,0.0,0.0,0.002762457152917841
2011-11-13,5.069747710887587,5.174638748168945,5.069747710887587,5.174638748168945,47579,0.0,0.0,0.020478526259464565
2011-11-14,5.0907262073286415,5.097718715667725,5.0907262073286415,5.097718715667725,29002,0.0,0.0,-0.01497640059405173
2011-11-15,5.1047105153385735,5.118696212768555,5.069746955393369,5.118696212768555,44623,0.0,0.0,0.00410663167635243
2011-11-16,5.104710578918457,5.104710578918457,5.090725223129161,5.104710578918457,10344,0.0,0.0,-0.0027360043201736938
2011-11-17,5.1117034277205455,5.1117034277205455,5.104710578918457,5.104710578918457,5125,0.0,0.0,0.0
2011-11-20,5.111704007351351,5.244566440582275,5.111704007351351,5.244566440582275,29054,0.0,0.0,0.027028820600351066
2011-11-21,5.244566957416678,5.2795305252075195,5.181631988489241,5.2795305252075195,6224,0.0,0.0,0.006644601124374008
2011-11-22,5.244566562109752,5.244566562109752,5.174638748168945,5.174638748168945,31873,0.0,0.0,-0.020067648486852017
2011-11-23,5.244566440582275,5.2725371553325475,5.174638628261841,5.244566440582275,35284,0.0,0.0,0.013423047362478017
2011-11-24,5.244567600696238,5.314495086669922,5.244567600696238,5.314495086669922,3192,0.0,0.0,0.013245432516823308
2011-11-27,5.314493911087792,5.314493911087792,5.118696856946378,5.244566440582275,9281,0.0,0.0,-0.0132454325168233
2011-11-28,5.181631477856867,5.244566440582275,5.174638628261841,5.244566440582275,12133,0.0,0.0,0.0
2011-11-29,5.216594987544389,5.272536754608154,5.1886239331050605,5.272536754608154,12327,0.0,0.0,0.005319027388347349
2011-11-30,5.391414889230373,5.454349517822266,5.391414889230373,5.454349517822266,13621,0.0,0.0,0.033901762697428665
2011-12-01,5.454349517822266,5.489313428249957,5.454349517822266,5.454349517822266,130016,0.0,0.0,0.0
2011-12-04,5.4893133790978235,5.594204425811768,5.4893133790978235,5.594204425811768,20364,0.0,0.0,0.025317770829392554
2011-12-05,5.594204425811768,5.594204425811768,5.524276947397486,5.594204425811768,35693,0.0,0.0,0.0
2011-12-06,5.594204425811768,5.664132246041007,5.594204425811768,5.594204425811768,111532,0.0,0.0,0.0
2011-12-07,5.594204425811768,5.594204425811768,5.454349468983204,5.594204425811768,288224,0.0,0.0,0.0
2011-12-08,5.503297328948975,5.503297328948975,5.503297328948975,5.503297328948975,165,0.0,0.0,-0.016383710919490466
2011-12-11,5.594204425811768,5.67811760499788,5.566233707898021,5.594204425811768,375087,0.0,0.0,0.016383710919490514
2011-12-12,5.594203883408903,5.838950205036252,5.594203883408903,5.608189582824707,2333,0.0,0.0,0.0024968170674157003
2011-12-13,5.608190126583598,5.622175485540471,5.594204425811768,5.594204425811768,23927,0.0,0.0,-0.002496817067415576
2011-12-14,5.594204425811768,5.629168335926387,5.594204425811768,5.594204425811768,44617,0.0,0.0,0.0
2011-12-15,5.838949996714202,5.838949996714202,5.6221747398376465,5.6221747398376465,5024,0.0,0.0,0.00498741556277733
2011-12-18,5.517283042825603,5.545253753662109,5.419384187638347,5.545253753662109,44495,0.0,0.0,-0.01377617107472532
2011-12-19,5.524276996862689,5.524276996862689,5.454349517822266,5.454349517822266,208051,0.0,0.0,-0.016529015317444693
2011-12-20,5.41938420247576,5.496304512023926,5.41938420247576,5.496304512023926,2700,0.0,0.0,0.00766259245713171
2011-12-21,5.489313428249957,5.489313428249957,5.454349517822266,5.454349517822266,108007,0.0,0.0,-0.007662592457131789
2011-12-22,5.454349517822266,5.454349517822266,5.454349517822266,5.454349517822266,2050,0.0,0.0,0.0
2011-12-27,5.454348303237156,5.454348303237156,5.314493376299483,5.391413688659668,26636,0.0,0.0,-0.011605736614645963
2011-12-28,5.454349217110308,5.489313125610352,5.454349217110308,5.489313125610352,2209,0.0,0.0,0.017995503530588368
2011-12-29,5.524276256561279,5.594203726230808,5.524276256561279,5.524276256561279,1626,0.0,0.0,0.006349110573877168
2012-01-02,5.55924090729038,5.594204475903111,5.454349517822266,5.454349517822266,4665,0.0,0.0,-0.012738877489819651
2012-01-03,5.496305887668782,5.594204425811768,5.496305887668782,5.594204425811768,4616,0.0,0.0,0.025317770829392554
2012-01-04,5.594204425811768,5.594204425811768,5.545255156740275,5.594204425811768,34158,0.0,0.0,0.0
2012-01-05,5.594204425811768,5.594204425811768,5.594204425811768,5.594204425811768,0,0.0,0.0,0.0
2012-01-08,5.594204425811768,5.594204425811768,5.573226216468979,5.594204425811768,7259,0.0,0.0,0.0
2012-01-09,5.594203426402759,5.594203426402759,5.517283453159334,5.559239864349365,146643,0.0,0.0,-0.006269754004278034
2012-01-10,5.517283026139802,5.517283026139802,5.503297328948975,5.503297328948975,1705,0.0,0.0,-0.010113956915212413
2012-01-11,5.55924022840112,5.55924022840112,5.3774285316467285,5.3774285316467285,28284,0.0,0.0,-0.023137135140718273
2012-01-12,5.300508211897737,5.300508211897737,5.111704007351351,5.244566440582275,33151,0.0,0.0,-0.02501771485495979
2012-01-15,5.279529607966682,5.314493511498009,5.181631088256836,5.181631088256836,13429,0.0,0.0,-0.012072688350814757
2012-01-16,5.2445667409569126,5.2445667409569126,5.2096028327941895,5.2096028327941895,3246,0.0,0.0,0.005383732540768729
2012-01-17,5.2655451664541735,5.314494434813312,5.2655451664541735,5.2795305252075195,4659,0.0,0.0,0.01333355693442021
2012-01-18,5.279530004927574,5.314493911087792,5.244566440582275,5.244566440582275,17935,0.0,0.0,-0.0066446011243739556
2012-01-19,5.2795304657574,5.398407210174562,5.2795304657574,5.335472583770752,102270,0.0,0.0,0.017184885645625536
2012-01-22,5.3354728583053745,5.34945821762085,5.328480007740154,5.34945821762085,2501,0.0,0.0,0.0026178254397772748
2012-01-23,5.391414701784104,5.391414701784104,5.335472583770752,5.335472583770752,4600,0.0,0.0,-0.0026178254397771937
2012-01-24,5.384421851578698,5.489313237399996,5.335472583770752,5.335472583770752,2554,0.0,0.0,0.0
2012-01-26,5.244566290123488,5.244566290123488,5.0417763922047865,5.069747447967529,28250,0.0,0.0,-0.05108645926756819
2012-01-29,5.139675140380859,5.16065334766312,5.111704083399536,5.139675140380859,3539,0.0,0.0,0.01369887187096749
2012-01-30,5.160652882863997,5.244566046250247,5.104710773939829,5.181631088256836,6821,0.0,0.0,0.008130013400160372
2012-01-31,5.244566046250247,5.244566046250247,5.174638239187592,5.181631088256836,3917,0.0,0.0,0.0
2012-02-01,5.174638252984536,5.286522471131183,5.174638252984536,5.223587512969971,19241,0.0,0.0,0.008064540249179904
2012-02-02,5.5592381984522286,5.5592381984522286,5.34246301651001,5.34246301651001,29952,0.0,0.0,0.022502356822355712
2012-02-05,5.482320131642337,5.482320131642337,5.349457693007597,5.447356224060059,3580,0.0,0.0,0.019443608794148526
2012-02-06,5.447354013053152,5.447354013053152,5.34246301651001,5.34246301651001,3849,0.0,0.0,-0.01944360879414858
2012-02-07,5.349456968885185,5.384420871734619,5.349456968885185,5.384420871734619,3581,0.0,0.0,0.007822974433738094
2012-02-08,5.3844220387818424,5.489313428249957,5.342465619720581,5.454349517822266,89804,0.0,0.0,0.012903606931316975
2012-02-09,5.454349517822266,5.454349517822266,5.454349517822266,5.454349517822266,0,0.0,0.0,0.0
2012-02-12,5.384421461698783,5.384421461698783,5.139675140380859,5.139675140380859,7419,0.0,0.0,-0.059423491836751156
2012-02-13,5.153661277291501,5.412393337132547,5.048769883203781,5.062755584716797,127795,0.0,0.0,-0.01507895818092009
2012-02-14,5.209602041117219,5.524275799502585,5.209602041117219,5.384420871734619,811953,0.0,0.0,0.06159884308635426
2012-02-15,5.377429188333313,5.580219116821011,5.377429188333313,5.454349517822266,169033,0.0,0.0,0.012903606931316975
2012-02-16,5.5522483526026,5.769023993534704,5.524277291133458,5.706089019775391,464568,0.0,0.0,0.04512048670593074
2012-02-19,5.741051709986713,5.741051709986713,5.594203916150828,5.601196765899658,63395,0.0,0.0,-0.018553570646747886
2012-02-20,5.828657877810102,5.828657877810102,5.686495304107666,5.686495304107666,15518,0.126815,0.0,0.01511383574029949
2012-02-21,5.700709819793701,5.8286559194095755,5.615412304231797,5.700709819793701,108197,0.0,0.0,0.0024965780302558657
2012-02-22,5.686495008720783,5.7575764656066895,5.686495008720783,5.7575764656066895,11986,0.0,0.0,0.00992593679210921
2012-02-23,5.814439769597538,5.828656196594238,5.764682970017041,5.828656196594238,421517,0.0,0.0,0.012269842114579908
2012-02-26,5.828657006044601,5.864197731018066,5.793116281071136,5.864197731018066,23653,0.0,0.0,0.0060792077113320095
2012-02-27,5.928169241821107,6.12008891486807,5.928169241821107,5.963710308074951,113076,0.0,0.0,0.01682713880098443
2012-02-28,6.0347917385143335,6.041899952575181,5.970819201782728,6.006359577178955,26853,0.0,0.0,0.007126015134499326
2012-02-29,6.027682243038758,6.169845104217529,5.970817932456688,6.169845104217529,60128,0.0,0.0,0.02685489550807526
2012-03-01,6.077441307864812,6.105874168692562,5.963711949278185,5.9779276847839355,4600,0.0,0.0,-0.03159976603996359
2012-03-04,5.992143504003624,6.169846781327088,5.864197728053496,5.8713059425354,30781,0.0,0.0,-0.017996880368099828
2012-03-05,5.878411924042573,6.027682304382325,5.864196193706315,6.027682304382324,17666,0.0,0.0,0.02628548952539832
2012-03-06,6.049007972669038,6.049007972669038,5.821548257101669,5.9281697273254395,7271,0.0,0.0,-0.016647057005529573
2012-03-07,5.9281697273254395,6.041899758836122,5.9281697273254395,5.9281697273254395,5247,0.0,0.0,0.0
2012-03-08,5.956602568796691,5.970818996429443,5.942386141163938,5.970818996429443,1222,0.0,0.0,0.007168584277960424
2012-03-11,6.027682357924629,6.19116916496072,5.949493408203125,5.949493408203125,8814,0.0,0.0,-0.0035780288726981347
2012-03-12,6.04189882164179,6.4683860261979245,6.04189882164179,6.290682792663574,94687,0.0,0.0,0.05576354245944468
2012-03-13,6.290683737216722,6.39730555436514,6.226710507946074,6.319116592407227,18809,0.0,0.0,0.004509801792499663
2012-03-14,6.304899823200601,6.304899823200601,6.120089054107666,6.120089054107666,4703,0.0,0.0,-0.03200277096312773
2012-03-15,6.219603553138011,6.276467878860307,6.162738532507665,6.184062480926514,13713,0.0,0.0,0.010398767133641348
2012-03-18,6.248035701307476,6.255143915733061,6.041900262597699,6.219603538513184,11699,0.0,0.0,0.005730750053955696
2012-03-19,6.219601370247044,6.290682099906764,6.184060310509378,6.255141735076904,12623,0.0,0.0,0.0056976382161250515
2012-03-20,6.326225379956403,6.326225379956403,6.120089940761918,6.184062480926514,13221,0.0,0.0,-0.011428388270080525
2012-03-21,6.148522853851318,6.148522853851318,6.1271982079224365,6.148522853851318,10456,0.0,0.0,-0.005763548273366057
2012-03-22,6.148522103623066,6.219603553138011,6.112981726319618,6.184062480926514,13679,0.0,0.0,0.00576354827336617
2012-03-25,6.18406145513086,6.312007904052734,6.12719644393313,6.312007904052734,7320,0.0,0.0,0.020478420892352574
2012-03-26,6.397304593802608,6.397304593802608,6.205385629715501,6.290682792663574,9505,0.0,0.0,-0.0033842188553660046
2012-03-27,6.290682792663574,6.290682792663574,6.240925998459217,6.290682792663574,30686,0.0,0.0,0.0
2012-03-28,6.290682792663574,6.290682792663574,6.233817785728897,6.290682792663574,1212,0.0,0.0,0.0
2012-03-29,6.283573333142547,6.468384742736817,6.205384398439092,6.468384742736816,62589,0.0,0.0,0.027856807066738386
2012-04-01,6.503927699755026,6.582116665658996,6.454170895568494,6.525252342224121,17491,0.0,0.0,0.00875320161825325
2012-04-02,6.5252520105544045,6.5252520105544045,6.3262248039245605,6.3262248039245605,111446,0.0,0.0,-0.03097596484267586
2012-04-03,6.326225215405637,6.39019775390625,6.326225215405637,6.39019775390625,5672,0.0,0.0,0.010061554557660364
2012-04-04,6.397304534912109,6.397304534912109,6.397304534912109,6.397304534912109,1226,0.0,0.0,0.0011115199164049546
2012-04-09,6.390196801913047,6.3973050151114945,6.361764644027186,6.3830885887146,141114,0.0,0.0,-0.0022246502001887114
2012-04-10,6.368872219953767,6.368872219953767,6.1840607800102285,6.2693586349487305,23391,0.0,0.0,-0.017978026693984756
2012-04-11,6.248035227049574,6.29068381545779,6.205386638641357,6.205386638641357,17579,0.0,0.0,-0.010256330800125824
2012-04-12,6.262251456383454,6.283575402457851,6.127196786644386,6.134305000305176,4542,0.0,0.0,-0.011520940173977102
2012-04-15,6.1343062270053474,6.1343062270053474,5.935278984334891,6.105874061584473,98673,0.0,0.0,-0.004645518616554998
2012-04-16,6.1840624663852575,6.219603538513184,6.105873497519918,6.219603538513184,6233,0.0,0.0,0.018454896185419324
2012-04-17,6.276466309424815,6.4612777539882,6.276466309424815,6.397304534912109,70935,0.0,0.0,0.028170570299412133
2012-04-18,6.397305208958539,6.475494861602783,6.397305208958539,6.475494861602783,9727,0.0,0.0,0.012148295937448959
2012-04-19,6.503927705027326,6.567900937578447,6.4968194908651995,6.511035919189453,14010,0.0,0.0,0.005473539765106854
2012-04-22,6.5252533178234815,6.752712730294808,6.5252533178234815,6.745604515075684,437501,0.0,0.0,0.03539253888826974
2012-04-23,6.6105489066857945,6.717170719286207,6.589224266202529,6.702954292297363,31456,0.0,0.0,-0.0063427414603007045
2012-04-25,6.745603288181389,6.894874390817217,6.745603288181389,6.788251876831055,20518,0.0,0.0,0.012645084514845079
2012-04-26,6.788250709833777,6.809575347946599,6.731385703107463,6.7598185539245605,10482,0.0,0.0,-0.004197404316303693
2012-04-29,6.759818896757394,7.001495361328125,6.752710683692618,7.001495361328125,99951,0.0,0.0,0.035127700728811224
2012-04-30,6.909091289272149,6.909091289272149,6.788252339202669,6.823793411254883,285011,0.0,0.0,-0.025708213405851294
2012-05-01,6.82379204945549,6.82379204945549,6.688737392425537,6.688737392425537,193954,0.0,0.0,-0.01999041013304528
2012-05-02,6.674522993359724,6.823793411254883,6.546576523787847,6.823793411254883,12025,0.0,0.0,0.019990410133045346
2012-05-03,6.823793411254883,6.8593337883990495,6.752711962058501,6.823793411254883,295548,0.0,0.0,0.0
2012-05-06,6.823793701980645,6.859334080639,6.6816307975310725,6.752712249755859,22497,0.0,0.0,-0.01047129692503835
2012-05-07,6.752711370838499,6.752711370838499,6.617657393588604,6.646089553833008,44681,0.0,0.0,-0.015915594268550274
2012-05-08,6.575008805768005,6.646089553833008,6.56079237819181,6.646089553833008,260109,0.0,0.0,0.0
2012-05-09,6.603440561852469,6.603440561852469,6.5323591232299805,6.5323591232299805,207456,0.0,0.0,-0.017260492030128787
2012-05-10,6.532359988986535,6.710063261640423,6.532359988986535,6.6531982421875,13003,0.0,0.0,0.018329525070171975
2012-05-13,6.717170992225696,6.752711366233963,6.617657389076158,6.660305976867676,9468,0.0,0.0,0.0010677482409609542
2012-05-14,6.724278248236438,6.724278248236438,6.589223595407156,6.631872177124023,7798,0.0,0.0,-0.004278281976743479
2012-05-15,6.631873604851764,6.674522890658172,6.603441442555528,6.638981819152832,639,0.0,0.0,0.0010714672486011583
2012-05-16,6.610549820412764,6.610549820412764,6.397306165736859,6.43995475769043,21465,0.0,0.0,-0.03043709635322046
2012-05-17,6.3617641664955595,6.496818122404749,6.3617641664955595,6.397304534912109,450129,0.0,0.0,-0.006644779658079516
2012-05-20,6.48971093521882,6.717170996805997,6.397305545789524,6.646089553833008,16473,0.0,0.0,0.038151909458438056
2012-05-21,6.64609042517697,6.7384958267211905,6.64609042517697,6.738495826721191,15579,0.0,0.0,0.013808084219628095
2012-05-22,6.653197767621106,6.745603157050401,6.646089553833008,6.646089553833008,8388,0.0,0.0,-0.01380808421962797
2012-05-23,6.653195457423342,6.653195457423342,6.468384742736817,6.468384742736816,7659,0.0,0.0,-0.02710222070808078
2012-05-24,6.475496506197742,6.745604515075684,6.468388290978618,6.745604515075684,31830,0.0,0.0,0.04196468584046857
2012-05-27,6.752711731659586,6.752711731659586,6.46838733439115,6.496819496154785,13723,0.0,0.0,-0.03757836095363318
2012-05-28,6.539467336583023,6.546575549936066,6.461278379515434,6.5323591232299805,29630,0.0,0.0,0.0054554037911166775
2012-05-29,6.532359590689629,6.681629997061589,6.496819216289066,6.560792446136475,11169,0.0,0.0,0.004343242717759974
2012-05-30,6.539468765258789,6.567901624882681,6.475496220921225,6.539468765258789,18683,0.0,0.0,-0.003255461760037776
2012-05-31,6.468387323881224,6.525252342224121,6.468387323881224,6.525252342224121,2212,0.0,0.0,-0.002176308017420822
2012-06-03,6.397306159869804,6.51103620158039,6.397306159869804,6.454171180725098,92532,0.0,0.0,-0.010953009121924056
2012-06-04,6.432846931485388,6.539468765258789,6.397306551863619,6.539468765258789,41129,0.0,0.0,0.013129317139344775
2012-06-05,6.539467124703564,6.539467124703564,6.454169957046569,6.503926753997803,18140,0.0,0.0,-0.0054498231195461815
2012-06-06,6.539467939146298,6.717171204622581,6.461278974874178,6.6816301345825195,128845,0.0,0.0,0.026955879404049313
2012-06-07,6.6816307975310725,6.859334080639,6.660306848299291,6.752712249755859,120207,0.0,0.0,0.010582249056453902
2012-06-11,6.575009661556008,6.752712249755859,6.503928209331222,6.752712249755859,16722,0.0,0.0,0.0
2012-06-12,6.575008926604838,6.894874383499862,6.567900712686105,6.809576511383057,137035,0.0,0.0,0.008385692983265816
2012-06-13,6.575009661556008,6.816685487267359,6.575009661556008,6.752712249755859,34783,0.0,0.0,-0.008385692983265797
2012-06-14,6.589225396074505,6.823793701980645,6.589225396074505,6.752712249755859,35305,0.0,0.0,0.0
2012-06-17,6.752711213287642,6.894874095916748,6.681629771973089,6.894874095916748,16090,0.0,0.0,0.02083401192078431
2012-06-18,6.823792654602195,6.894874095916748,6.823792654602195,6.894874095916748,4399,0.0,0.0,0.0
2012-06-19,6.9090915923134215,7.086794180736559,6.852225874535678,7.037037372589111,4941,0.0,0.0,0.02040900296194268
2012-06-20,6.930416236480075,7.108118824903213,6.930416236480075,7.037037372589111,105127,0.0,0.0,0.0
2012-06-21,6.894875162868986,7.0725784462002,6.894875162868986,7.037037372589111,95527,0.0,0.0,0.0
2012-06-24,7.037036407763299,7.086793209088749,7.001496033933115,7.072577476501465,105519,0.0,0.0,0.005037724906856593
2012-06-25,7.0796849464810965,7.10811710357666,7.072576733480228,7.10811710357666,46058,0.0,0.0,0.005012406308202577
2012-06-26,7.1081166247301395,7.179198055042429,6.965954459013424,7.12233304977417,8451,0.0,0.0,0.0019979622251315877
2012-06-27,7.1791978932765,7.1791978932765,6.980170726776123,6.980170726776123,33936,0.0,0.0,-0.020161971381395048
2012-06-28,6.96595513369599,7.143657684326172,6.96595513369599,7.143657684326172,19052,0.0,0.0,0.02315154999980541
2012-07-01,7.150766839001804,7.250280447234504,7.143658624855465,7.179199695587158,235026,0.0,0.0,0.004962987939051869
2012-07-02,7.250280377688203,7.257388591766357,7.143658556331904,7.257388591766357,41414,0.0,0.0,0.010832152188492507
2012-07-03,7.2858200018408,7.371117867074539,7.221847471550424,7.307144641876221,19934,0.0,0.0,0.00683252156131036
2012-07-04,7.285821910982443,7.349795152944002,7.236065099436369,7.2929301261901855,5255,0.0,0.0,-0.001947184573102721
2012-07-05,7.250279903411864,7.292928490182928,7.214739530253973,7.250279903411865,20726,0.0,0.0,-0.005865327525732702
2012-07-08,7.264496330638209,7.314253131022444,7.228955957480317,7.250279903411865,75768,0.0,0.0,0.0
2012-07-09,7.250279903411864,7.392442090951398,7.236063476185521,7.250279903411865,13951,0.0,0.0,0.0
2012-07-10,7.2218474679445,7.321361064910889,7.108117444294929,7.321361064910889,47132,0.0,0.0,0.0097561730297888
2012-07-11,7.321361893789869,7.321361893789869,7.136550410709127,7.179199695587158,216703,0.0,0.0,-0.019608334680756078
2012-07-12,7.122334152196942,7.236063485429068,6.845116600560982,6.894874095916748,38981,0.0,0.0,-0.04040966295959582
2012-07-15,6.866440702913207,7.179198603223785,6.866440702913207,7.001495361328125,16649,0.0,0.0,0.015345498410105327
2012-07-16,7.086791776496948,7.179197841628353,6.880655704209848,7.065467834472656,12388,0.0,0.0,0.009095483265111224
2012-07-17,6.89487381895649,7.015712055864887,6.89487381895649,6.9659552574157715,20960,0.0,0.0,-0.014184483625115622
2012-07-18,6.965957000667049,6.965957000667049,6.859334468841553,6.859334468841553,153730,0.0,0.0,-0.015424328100467722
2012-07-19,6.859334080639,6.859334080639,6.752712249755859,6.752712249755859,24464,0.0,0.0,-0.015666181870417652
2012-07-22,6.681630410051204,6.710063267255476,6.582116799652324,6.638981819152832,26058,0.0,0.0,-0.016985627715688217
2012-07-23,6.610550403594971,6.717172240339092,6.610550403594971,6.610550403594971,28786,0.0,0.0,-0.004291692524510325
2012-07-24,6.752711652011551,6.766928080179698,6.575009079541781,6.596333026885986,52433,0.0,0.0,-0.0021530260755160497
2012-07-25,6.59633302432201,6.60344123840332,6.432846185175919,6.60344123840332,64008,0.0,0.0,0.0010770202674052673
2012-07-26,6.603441313481059,6.610549527643186,6.468387329124714,6.511035919189453,13675,0.0,0.0,-0.01409234197612277
2012-07-29,6.560793409976708,6.845117836767049,6.50392838563702,6.539468765258789,20278,0.0,0.0,0.004357362683475377
2012-07-30,6.539468075628829,6.539468075628829,6.482603057285932,6.525252342224121,5888,0.0,0.0,-0.002176308017420822
2012-07-31,6.511035913911391,6.525252342224121,6.503927699755026,6.525252342224121,6145,0.0,0.0,0.0
2012-08-01,6.489709909739864,6.525250973064289,6.37598059182533,6.397304534912109,39704,0.0,0.0,-0.01980289036861048
2012-08-02,6.3973069151475945,6.461280158026105,6.10587425690169,6.148522853851318,46489,0.0,0.0,-0.039664868626733914
2012-08-05,6.098764626909198,6.248035029061873,5.992142811813291,6.134305000305176,66403,0.0,0.0,-0.0023150792415426434
2012-08-06,6.134305509930682,6.404414176940918,6.134305509930682,6.404414176940918,41984,0.0,0.0,0.04309068040658359
2012-08-07,6.404414176940918,6.5252524293973995,6.326225209992393,6.404414176940918,12343,0.0,0.0,0.0
2012-08-08,6.397303324445521,6.468384742736817,6.390195113125618,6.468384742736816,21870,0.0,0.0,0.009938956212050045
2012-08-09,6.539468947462852,6.681631164818976,6.539468947462852,6.610550403594971,27860,0.0,0.0,0.02174049473643248
2012-08-12,6.610549384318412,6.752711579754635,6.610549384318412,6.6816301345825195,56795,0.0,0.0,0.010695071183744631
2012-08-13,6.823794088171797,6.894875544419423,6.823794088171797,6.859334468841553,1232164,0.0,0.0,0.026248430926871517
2012-08-14,6.916198736783505,6.9659555372313005,6.845116600560982,6.894874095916748,518722,0.0,0.0,0.00516783005036664
2012-08-15,6.894874095916748,6.930415164028009,6.866441241427739,6.894874095916748,332937,0.0,0.0,0.0
2012-08-16,6.994388779163881,7.079686660922419,6.973064829905304,7.037037372589111,78548,0.0,0.0,0.02040900296194268
2012-08-19,7.001497073606567,7.001497073606567,6.894875241375436,6.951740264892578,102396,0.0,0.0,-0.012195227781204219
2012-08-20,7.051253792428578,7.0939023857957135,7.001496984348908,7.058362007141113,122475,0.0,0.0,0.015220988207969634
2012-08-21,7.066293501248842,7.10955640040346,7.015820001415546,7.080714702606201,112073,0.137546,0.0,0.003161835040007481
2012-08-22,7.102346364355458,7.109556965607373,7.037451658005726,7.059083461761475,231614,0.0,0.0,-0.003059627509250157
2012-08-23,6.994187121263532,7.095134105369696,6.900450031807223,6.929291725158691,25611,0.0,0.0,-0.01855761798058887
2012-08-26,6.9292927719574715,7.037451076887517,6.9292927719574715,6.986977577209473,3563,0.0,0.0,0.008290466532596663
2012-08-27,7.023030580491973,7.023030580491973,6.986977577209473,6.986977577209473,19080,0.0,0.0,0.0
2012-08-28,7.00139700019222,7.023028796667321,6.958133407242021,6.9941864013671875,76103,0.0,0.0,0.0010312195476129451
2012-08-29,6.986977183440815,6.986977183440815,6.936502981689915,6.96534538269043,55303,0.0,0.0,-0.004132095568729621
2012-08-30,7.00139700019222,7.015818197842287,6.958133407242021,6.9941864013671875,11097,0.0,0.0,0.004132095568729599
2012-09-02,7.06629422795014,7.203293540181751,7.008610121505901,7.188872337341309,27243,0.0,0.0,0.027455031891862734
2012-09-03,7.224924309639983,7.4628705978393555,7.18887130770263,7.4628705978393555,65857,0.0,0.0,0.03740581704876567
2012-09-04,7.448451311662505,7.621503650691996,7.426820209857325,7.571030139923096,20596,0.0,0.0,0.014389001245499449
2012-09-05,7.571027392029064,7.571027392029064,7.12397655960638,7.26097583770752,33293,0.0,0.0,-0.04181490737167207
2012-09-06,7.210500922029292,7.571025897639035,7.145606243141062,7.325869083404541,10822,0.0,0.0,0.008897561352328467
2012-09-09,7.20329187633902,7.304238863069951,7.20329187633902,7.268186569213867,40746,0.0,0.0,-0.007904973906966675
2012-09-10,7.203290466458587,7.246553351601635,7.066291212686063,7.1383957862854,23775,0.0,0.0,-0.01801874884158649
2012-09-11,7.0590814153438926,7.239343574713998,7.0590814153438926,7.196080684661865,172596,0.0,0.0,0.008048457142347183
2012-09-12,7.232135484099532,7.354713585664237,7.203293080260201,7.282608985900879,86404,0.0,0.0,0.011952646733423049
2012-09-13,7.354713585664237,7.470081791186595,7.282608985900878,7.282608985900879,4072,0.0,0.0,0.0
2012-09-16,7.405184601369624,7.426816396986817,7.109554290771484,7.109554290771484,35376,0.0,0.0,-0.024049620996026488
2012-09-17,7.21050214767456,7.318659729233892,7.102344566115229,7.21050214767456,6510,0.0,0.0,0.014099040678716626
2012-09-18,7.210502161509647,7.3186597432765055,7.059081688019513,7.1456074714660645,17615,0.0,0.0,-0.009040766606814665
2012-09-19,7.239344038835961,7.3186599297809884,7.160028852808289,7.26097583770752,47812,0.0,0.0,0.016016404444579087
2012-09-20,7.210503693409954,7.419608301928677,7.1023460886645795,7.297029495239258,8023,0.0,0.0,0.004953114168715561
2012-09-23,7.28260716968344,7.419606439001412,7.196080684661865,7.196080684661865,54482,0.0,0.0,-0.013930818422593099
2012-09-24,7.210500922029292,7.419605450177976,7.196079725628081,7.325869083404541,15668,0.0,0.0,0.017875265606205885
2012-09-25,7.390764844849196,7.4268178445717234,7.361923149988561,7.397975444793701,27878,0.0,0.0,0.009794580172760133
2012-09-26,7.498921726691039,7.5710270144158835,7.47729063381571,7.556605815887451,64621,0.0,0.0,0.021215748986948963
2012-09-27,7.556607665969495,7.895501684855072,7.5133447647094735,7.513344764709473,61326,0.0,0.0,-0.005741381802511326
2012-09-30,7.643135856869414,7.643135856869414,7.56381993299149,7.607082843780518,18260,0.0,0.0,0.012399025001609514
2012-10-01,7.607079961549683,7.830605738339028,7.607079961549683,7.7512898445129395,126198,0.0,0.0,0.018779494644511542
2012-10-02,7.751292536039268,7.881081969215904,7.751292536039268,7.808976650238037,90192,0.0,0.0,0.007414663499849175
2012-10-03,7.787344467197292,7.881080875416695,7.772923264419682,7.801764965057373,3667,0.0,0.0,-0.0009239388968717526
2012-10-04,7.82339410325803,7.917130479535036,7.80897290539471,7.852235794067383,715996,0.0,0.0,0.006448320103139251
2012-10-07,7.859446392999043,7.895499387657344,7.830604702189691,7.852235794067383,54208,0.0,0.0,0.0
2012-10-08,7.845026706242279,7.852236600997572,7.801763108206362,7.830605506896973,35824,0.0,0.0,-0.0027584671005676455
2012-10-09,7.830605506896973,7.830605506896973,7.679185028523344,7.830605506896973,108860,0.0,0.0,0.0
2012-10-10,7.816185837351812,7.816185837351812,7.686397132593625,7.729660034179688,15944,0.0,0.0,-0.012974957094861858
2012-10-11,7.715237420898125,7.715237420898125,7.614290434021309,7.664763927459717,355565,0.0,0.0,-0.008431168494175424
2012-10-14,7.664764118153471,7.664764118153471,7.390764844849196,7.397975444793701,228301,0.0,0.0,-0.03542733884707025
2012-10-15,7.462870824161893,7.527765524699723,7.297029124972971,7.369134426116943,49709,0.0,0.0,-0.0039061205069493223
2012-10-16,7.347501209787581,7.354711809005568,7.282607226660327,7.304238319396973,92452,0.0,0.0,-0.008845482355201498
2012-10-17,7.304240083862892,7.333082487702224,7.275398384941045,7.282608985900879,58796,0.0,0.0,-0.0029655961833923226
2012-10-18,7.282609383139773,7.2898192795753936,7.131188869476318,7.131188869476318,40016,0.0,0.0,-0.02101121280265505
2012-10-21,7.051871022250819,7.18166040111721,6.878818047150746,7.102344512939453,316961,0.0,0.0,-0.004053019759371202
2012-10-22,7.1167668219661975,7.160029720031967,7.030241025834658,7.044661521911621,29579,0.0,0.0,-0.008154843583493034
2012-10-23,7.0302397695406915,7.0302397695406915,6.878817891075773,6.936501979827881,58892,0.0,0.0,-0.015472489085157618
2012-10-24,7.0302397695406915,7.0302397695406915,6.849976199158376,6.936501979827881,39795,0.0,0.0,0.0
2012-10-25,6.922082901000977,6.922082901000977,6.84997759909528,6.922082901000977,15074,0.0,0.0,-0.0020808883668707377
2012-10-28,6.922082901000977,6.95092459881278,6.922082901000977,6.922082901000977,20275,0.0,0.0,0.0
2012-10-29,6.92208231222153,6.92208231222153,6.77787172067642,6.849977016448975,38929,0.0,0.0,-0.010471424587887433
2012-10-30,6.8571894745126505,6.8571894745126505,6.77066366007484,6.806715965270996,40395,0.0,0.0,-0.00633553026932608
2012-10-31,6.712977133153063,6.922081696896386,6.662503642074238,6.842765808105469,1276193,0.0,0.0,0.00528224107773166
2012-11-01,6.92208231222153,6.994187607994085,6.806714120952401,6.849977016448975,514732,0.0,0.0,0.0010532891915943964
2012-11-04,6.849976421405892,6.849976421405892,6.756240038486433,6.777871131896973,261222,0.0,0.0,-0.010582236704774569
2012-11-05,6.662503916207204,6.849976689380145,6.662503916207204,6.712977409362793,156241,0.0,0.0,-0.009620480557244583
2012-11-06,6.655294503685984,6.70576800584528,6.431768692015894,6.633662700653076,169610,0.0,0.0,-0.011885484549127549
2012-11-07,6.554346706776954,6.6120308029717165,6.446189114526451,6.575977802276611,267942,0.0,0.0,-0.00873381301246206
2012-11-08,6.561557529860976,6.60482042724766,6.41013703654887,6.482241630554199,982067,0.0,0.0,-0.014356900996918201
2012-11-11,6.496662405537896,6.922082160974011,6.496662405537896,6.907660961151123,69768,0.0,0.0,0.06356469873327729
2012-11-12,6.813926567293746,6.8644000765354,6.66971664159153,6.806715965270996,45907,0.0,0.0,-0.014721313182076453
2012-11-13,6.691345974387888,6.734608870173499,6.525504286445209,6.640872478485107,205625,0.0,0.0,-0.024666414517575265
2012-11-14,6.67692585867688,6.886030476369728,6.67692585867688,6.821136474609375,531847,0.0,0.0,0.02678274425981044
2012-11-15,6.828344333982459,6.958133708620079,6.749029153306263,6.8932390213012695,53490,0.0,0.0,0.010514982770624126
2012-11-18,6.979765003147202,6.979765003147202,6.849976329670099,6.9437127113342285,61848,0.0,0.0,0.007295525037387755
2012-11-19,6.943713998130465,6.943713998130465,6.857188199777595,6.922082901000977,50133,0.0,0.0,-0.003119882693033446
2012-11-20,6.85718692901616,6.986976307410591,6.85718692901616,6.9437127113342285,46198,0.0,0.0,0.0031198826930335217
2012-11-21,6.8571874666884005,6.943713255790959,6.849976866776957,6.907660961151123,226572,0.0,0.0,-0.005205524368170507
2012-11-22,7.174449920654296,7.282607503196449,7.073502937603933,7.174449920654297,788955,0.0,0.0,0.03789501267745702
2012-11-25,7.340290662937314,7.3691330600150335,7.253764881538798,7.333080768585205,240459,0.0,0.0,0.02186963085385246
2012-11-26,7.318658104532432,7.527762621804786,7.318658104532432,7.448446750640869,290821,0.0,0.0,0.015609797357934083
2012-11-27,7.354711840822332,7.628711087704603,7.354711840822332,7.542185306549072,1148710,0.0,0.0,0.012506447674920186
2012-11-28,7.462870191469227,7.787342961732539,7.462870191469227,7.744080066680908,287298,0.0,0.0,0.026416720627497992
2012-11-29,7.5061325888635855,7.715237155180638,7.498921989346812,7.650342464447021,34314,0.0,0.0,-0.012178275679161582
2012-12-02,7.6359235440229645,7.643134145025775,7.556607637909537,7.578239440917969,37704,0.0,0.0,-0.009469504485088273
2012-12-03,7.318660255238915,7.4268178445717234,7.318660255238915,7.397975444793701,82383,0.0,0.0,-0.024074534709184067
2012-12-04,7.354713656811064,7.5133447647094735,7.318661356580627,7.513344764709473,61277,0.0,0.0,0.015474367184437555
2012-12-05,7.448451311662505,7.571030139923096,7.333083790560455,7.571030139923096,46126,0.0,0.0,0.007648398662145813
2012-12-06,7.434027062074072,7.484500547382103,7.361921780955203,7.426816463470459,32028,0.0,0.0,-0.01923184376940001
2012-12-09,7.484501017459627,7.520553307824762,7.369132842390434,7.491711616516113,11617,0.0,0.0,0.00869999533773519
2012-12-10,7.4556599974518845,7.484502399001766,7.426818300819433,7.4628705978393555,2908,0.0,0.0,-0.0038571528138345934
2012-12-11,7.491713666538208,7.520555365739059,7.369134858870235,7.513344764709473,138423,0.0,0.0,0.00674060258335359
2012-12-12,7.571030139923096,7.571030139923096,7.513346026913266,7.571030139923096,144006,0.0,0.0,0.007648398662145813
2012-12-13,7.571028507099639,7.643133809040572,7.571028507099639,7.599870204925537,242429,0.0,0.0,0.00380202876403486
2012-12-16,7.585448265075684,7.599868758785901,7.549395268506825,7.585448265075684,77803,0.0,0.0,-0.0018994589036078612
2012-12-17,7.585449504077581,7.585449504077581,7.477291906539271,7.534976005554199,28868,0.0,0.0,-0.006676062269093542
2012-12-18,7.498923562650302,7.53497656779823,7.390765957041499,7.513344764709473,131688,0.0,0.0,-0.0028749062534792983
2012-12-19,7.527767231395126,7.571030139923096,7.462872516144365,7.571030139923096,121351,0.0,0.0,0.007648398662145813
2012-12-20,7.599870973555058,7.607081574970158,7.470082262835865,7.5493974685668945,17205,0.0,0.0,-0.0028613854946658
2012-12-23,7.578239687225282,7.635923792205121,7.462871477265603,7.498923778533936,15801,0.0,0.0,-0.006708240538251936
2012-12-26,7.607079289957061,7.607079289957061,7.51334290955235,7.542185306549072,1891,0.0,0.0,0.005752454432270145
2012-12-27,7.563819537682166,7.571030139923096,7.513346026913266,7.571030139923096,20190,0.0,0.0,0.003817171600647514
2012-12-30,7.571030139923096,7.607082446210136,7.571030139923096,7.571030139923096,8234,0.0,0.0,0.0
2013-01-01,7.578240742164026,7.599871843969206,7.571030139923096,7.571030139923096,32207,0.0,0.0,0.0
2013-01-02,7.571030139923096,7.643135457414787,7.491714925108086,7.571030139923096,37440,0.0,0.0,0.0
2013-01-03,7.5710275403480125,7.715237420898125,7.5710275403480125,7.664763927459717,26952,0.0,0.0,0.012304573000486955
2013-01-06,7.664764906180631,7.664764906180631,7.585449708471317,7.599870204925537,49866,0.0,0.0,-0.008502544236452003
2013-01-07,7.607082843780518,7.664766959805104,7.571030535609269,7.607082843780518,22649,0.0,0.0,0.0009485975754287419
2013-01-08,7.643132209777832,7.664763302391762,7.60707921389243,7.643132209777832,19466,0.0,0.0,0.004727727840803161
2013-01-09,7.6647619624657874,7.787340717212757,7.607077884050577,7.700814247131348,111076,0.0,0.0,0.007518575386168286
2013-01-10,7.931553038697102,8.003658335471904,7.80176364548594,7.873868942260742,231734,0.0,0.0,0.022223478367273952
2013-01-13,7.881078852061536,7.996447034828209,7.859447053448779,7.888289451599121,221114,0.0,0.0,0.0018297637926746252
2013-01-14,7.895503173995003,7.924344878635575,7.787345547987014,7.808976650238037,130554,0.0,0.0,-0.010105387242559388
2013-01-15,7.808972695259177,7.9459726614395425,7.751288610275434,7.86665678024292,244581,0.0,0.0,0.007359242046916012
2013-01-16,7.859447200670225,7.87386840001553,7.830605506896973,7.830605506896973,81500,0.0,0.0,-0.004593327941216161
2013-01-17,7.859448026298107,7.859448026298107,7.729659333308252,7.823395729064941,46391,0.0,0.0,-0.0009211419154945654
2013-01-20,7.859450162047256,7.859450162047256,7.6359250125593565,7.808976650238037,19137,0.0,0.0,-0.0018447721902053777
2013-01-21,7.808974095417723,7.808974095417723,7.614290714263916,7.614290714263916,29961,0.0,0.0,-0.025247085793147564
2013-01-22,7.614291988493614,7.686397295947791,7.498923778533936,7.498923778533936,26448,0.0,0.0,-0.015267324723594329
2013-01-23,7.549395874066258,7.62150116807043,7.498922379738553,7.592659473419189,15084,0.0,0.0,0.01242240773929191
2013-01-24,7.59986870655543,7.607079305819647,7.513342925219472,7.556605815887451,125469,0.0,0.0,-0.004759798566008647
2013-01-28,7.498924016028371,7.527766421890499,7.37634590586693,7.405187606811523,83993,0.0,0.0,-0.020241340671195724
2013-01-29,7.441238912000408,7.571027593938998,7.3907647132873535,7.3907647132873535,108813,0.0,0.0,-0.0019495734752851982
2013-01-30,7.4628705978393555,7.534975896796629,7.419607700431963,7.4628705978393555,39909,0.0,0.0,0.009708929760616053
2013-01-31,7.426818300819433,7.534975896796629,7.37634480302457,7.4628705978393555,76462,0.0,0.0,0.0
2013-02-03,7.470081329345703,7.534976029054573,7.448449527803599,7.470081329345703,118449,0.0,0.0,0.0009657477104250564
2013-02-04,7.513341426153678,7.614288385877079,7.405183868604723,7.448446750640869,205575,0.0,0.0,-0.0029003657404933015
2013-02-05,7.47728994877849,7.506131638275685,7.376342978162429,7.426816463470459,68766,0.0,0.0,-0.002908224493832296
2013-02-06,7.39076552301792,7.470081424768035,7.32587152739754,7.369134426116943,120740,0.0,0.0,-0.007797042584132645
2013-02-07,7.405186499657022,7.55660699304161,7.405186499657022,7.4628705978393555,146860,0.0,0.0,0.012639885108033322
2013-02-10,7.455659539432359,7.513343634071016,7.361923149988561,7.397975444793701,52983,0.0,0.0,-0.008733764601083903
2013-02-11,7.455658152967653,7.455658152967653,7.390763470452398,7.426816463470459,115781,0.0,0.0,0.003890922077183378
2013-02-12,7.426817378280204,7.4340279777719935,6.922081758111046,7.174449920654297,762716,0.0,0.0,-0.034571203717954246
2013-02-13,7.138398832317291,7.275398849466432,7.0951359287134945,7.188872337341309,753896,0.0,0.0,0.002008229193088994
2013-02-14,7.239342418660482,7.563815099612269,7.239342418660482,7.484499931335449,235327,0.0,0.0,0.04029988441004185
2013-02-17,7.56381666584038,7.715237140655518,7.498921975228938,7.715237140655518,162530,0.0,0.0,0.0303630167530836
2013-02-18,7.777427926397888,7.901808492294219,7.770111338371172,7.857909679412842,162564,0.151203,0.0,0.018323404024651494
2013-02-19,7.8652250677554365,7.887174830483736,7.740845224798354,7.828642845153809,39970,0.0,0.0,-0.0037314595634652835
2013-02-20,7.828642175663605,8.026187162209151,7.828642175663605,7.967655181884766,107555,0.0,0.0,0.017601076566834017
2013-02-21,7.9018096923828125,7.953025101069253,7.653049238088533,7.9018096923828125,121153,0.0,0.0,-0.008298435755549944
2013-02-24,7.901810406774027,7.953025820090779,7.872544047576404,7.91644287109375,63705,0.0,0.0,0.0018501642740197668
2013-02-25,8.011554703587164,8.011554703587164,7.850591936514804,7.967655181884766,38054,0.0,0.0,0.006448271481530112
2013-02-26,7.996924643608124,7.996924643608124,7.901810406774027,7.91644287109375,43046,0.0,0.0,-0.006448271481530163
2013-02-27,7.726215081663294,8.04082417922516,7.726215081663294,8.011558532714844,85459,0.0,0.0,0.011943343027470294
2013-02-28,8.011556614764878,8.011556614764878,7.887176037494394,7.8944926261901855,89480,0.0,0.0,-0.014719935090525063
2013-03-03,7.94570753834918,7.94570753834918,7.726212752222118,7.806694507598877,69788,0.0,0.0,-0.011183744638174677
2013-03-04,7.806696624766152,8.08472276166713,7.806696624766152,8.048140525817871,76350,0.0,0.0,0.03045943836914344
2013-03-05,8.06277346483137,8.121305469604936,8.026190514798449,8.07740592956543,119769,0.0,0.0,0.003629698498440985
2013-03-06,8.084721571946941,8.340798615766587,8.033506163183013,8.318849563598633,93808,0.0,0.0,0.02945319900165882
2013-03-07,8.377380856202107,8.618824701396097,8.377380856202107,8.450545310974121,427838,0.0,0.0,0.015707001463447577
2013-03-10,8.450545781538944,8.560293185087163,8.17251969347719,8.340798377990723,90017,0.0,0.0,-0.013072032565140354
2013-03-11,8.19446773818139,8.267632903316878,7.909125096238706,7.945707321166992,157264,0.0,0.0,-0.04852711733089335
2013-03-12,7.9018079874593745,7.909124575018644,7.623781236601485,7.755478382110596,207939,0.0,0.0,-0.024232341582048064
2013-03-13,7.755478382110596,7.8140096520270115,7.704262984474579,7.755478382110596,122197,0.0,0.0,0.0
2013-03-14,7.762797083412085,8.223736545396749,7.6164674247359185,8.048140525817871,1417826,0.0,0.0,0.03704159251453456
2013-03-17,7.901809694584453,8.004240511985873,7.835961107603819,7.974974155426025,55148,0.0,0.0,-0.009132666199681462
2013-03-18,7.931077213157564,8.099356657371498,7.931077213157564,8.070090293884277,57165,0.0,0.0,0.011856263085780418
2013-03-19,8.048140525817871,8.143254768193422,7.982291929065901,8.048140525817871,74993,0.0,0.0,-0.0027235968860990483
2013-03-20,8.084722277072423,8.143254280090332,7.9969246301851005,8.143254280090332,79570,0.0,0.0,0.011748814662714543
2013-03-21,8.1359350642475,8.1359350642475,8.018871095996703,8.121302604675293,20970,0.0,0.0,-0.0026993282263480132
2013-03-24,8.040822053631745,8.253000259399414,8.040822053631745,8.253000259399414,84491,0.0,0.0,0.01608624143869627
2013-03-25,8.304216384887695,8.40664720241046,8.231051208680423,8.304216384887695,178277,0.0,0.0,0.006186581952928892
2013-03-26,8.406646493415879,8.487127536705193,8.326165450126563,8.435912132263184,29300,0.0,0.0,0.015734462762192158
2013-03-27,8.48712945313383,8.523712404052251,8.413964981855246,8.457863807678223,45724,0.0,0.0,0.002598789974210674
2013-04-01,8.413963083588115,8.487127538360129,8.370064267669113,8.450545310974121,193331,0.0,0.0,-0.0008656636008472599
2013-04-02,8.450544543560701,8.450544543560701,8.070086981347975,8.194467544555664,161025,0.0,0.0,-0.03077173625359497
2013-04-03,8.194467583847683,8.399329184034013,8.15056877170474,8.392012596130371,55695,0.0,0.0,0.02382113518533369
2013-04-04,8.348114300223182,8.721255299431059,8.29689889700951,8.699305534362793,49030,0.0,0.0,0.03596282677630782
2013-04-07,8.611507417185027,8.72857139369803,8.428595579752507,8.618824005126953,48455,0.0,0.0,-0.009294549788695516
2013-04-08,8.538342480764742,8.670039636673996,8.516393431632483,8.567608833312988,212209,0.0,0.0,-0.005959971321285865
2013-04-09,8.735888947041008,8.735888947041008,8.5310273231435,8.604191780090332,95394,0.0,0.0,0.004260823072280888
2013-04-10,8.560294374750663,8.743206977844238,8.560294374750663,8.743206977844238,77616,0.0,0.0,0.016027552667848586
2013-04-11,8.757837787256026,8.918800590056067,8.75052119868162,8.896851539611816,28820,0.0,0.0,0.017420401088080247
2013-04-14,8.882217902667097,9.116345148533464,8.882217902667097,8.999281883239746,106444,0.0,0.0,0.011447328845398902
2013-04-15,8.92611648278578,9.07244609702973,8.88953425804452,9.013914108276367,27004,0.0,0.0,0.0016246121190073243
2013-04-16,9.043181432457857,9.248043057478323,9.013915077295511,9.21146011352539,154418,0.0,0.0,0.021678977851637287
2013-04-17,9.22609352799247,9.22609352799247,9.145612479787593,9.174878120422363,54839,0.0,0.0,-0.003979263397542492
2013-04-18,9.14561249124754,9.40900611840656,9.14561249124754,9.401689529418944,27855,0.0,0.0,0.02442030032266504
2013-04-21,9.401689530153511,9.577285520032916,9.218776951285928,9.416322708129885,183789,0.0,0.0,0.001555231389555195
2013-04-22,9.40169000624794,9.847996234895732,9.35779118537484,9.526070594787598,106602,0.0,0.0,0.011587671412483727
2013-04-23,9.65776824951172,9.694350482832276,9.599236247031378,9.65776824951172,48075,0.0,0.0,0.01373027836218321
2013-04-25,9.65776538668439,9.65776538668439,9.518752369050292,9.6504487991333,51787,0.0,0.0,-0.000758169509965005
2013-04-28,9.6504487991333,9.65776538668439,9.60654998910563,9.6504487991333,94189,0.0,0.0,0.0
2013-04-29,9.730931741618376,9.730931741618376,9.526069410872774,9.591917991638184,51998,0.0,0.0,-0.006083553925396496
2013-04-30,9.6065496599158,10.235767584401543,9.6065496599158,10.16991901397705,133364,0.0,0.0,0.05851337877507671
2013-05-01,9.92115896212928,10.016273169735708,9.562651179077962,9.6504487991333,376371,0.0,0.0,-0.052429824849680055
2013-05-02,9.694350482832276,9.869946490273296,9.526071065111182,9.65776824951172,154435,0.0,0.0,0.0007581695099649573
2013-05-05,9.657766570576175,9.708981974433144,9.533385997518264,9.577284812927246,70473,0.0,0.0,-0.00836846210076527
2013-05-06,9.584601637769966,9.7089822138956,9.48217082752967,9.555335998535156,63670,0.0,0.0,-0.0022943876050211453
2013-05-07,9.51143623419993,9.599233858434037,9.504119646300603,9.562651634216309,55866,0.0,0.0,0.0007653144440461514
2013-05-08,9.562653541561945,9.855312824234728,9.555336952203266,9.782148361206056,136283,0.0,0.0,0.022694072558157332
2013-05-09,9.877262115478516,9.884578704483978,9.8040969407029,9.877262115478516,38233,0.0,0.0,0.009676230780648313
2013-05-12,9.877262352302598,9.884578941483488,9.474854954306831,9.811413764953612,116210,0.0,0.0,-0.006688981670763497
2013-05-13,9.877262115478516,9.884578704483978,9.818730118713823,9.877262115478516,74802,0.0,0.0,0.006688981670763566
2013-05-14,9.913844345226815,10.023591749750734,9.584602131655064,9.877262115478516,113355,0.0,0.0,0.0
2013-05-15,9.950425187832307,10.16991996628139,9.877260738535222,10.162603378295898,34923,0.0,0.0,0.02847928780954738
2013-05-16,10.08212082110424,10.08212082110424,9.818727269728468,9.862626075744627,81690,0.0,0.0,-0.029962177912481642
2013-05-19,9.862628014233309,10.089439391054936,9.584601234446689,10.082122802734377,116196,0.0,0.0,0.022011366544714597
2013-05-20,9.65776730643068,9.95042657497512,9.562653079917688,9.877262115478516,201782,0.0,0.0,-0.020528476441780408
2013-05-21,9.826045757938203,9.86994457244873,9.78946281644698,9.86994457244873,301674,0.0,0.0,-0.0007411218690688174
2013-05-22,9.840679645517374,9.86994600295208,9.643134593949291,9.782148361206056,193992,0.0,0.0,-0.008935108911579445
2013-05-23,9.694347924170623,9.694347924170623,8.413962227817711,8.889533996582031,460748,0.0,0.0,-0.0956844994383045
2013-05-26,8.779788004219117,8.779788004219117,8.42128015260035,8.545660018920898,441003,0.0,0.0,-0.03945107536982896
2013-05-27,8.501760969930372,8.684673542893911,8.46517874144926,8.626141548156738,247037,0.0,0.0,0.009373753619058903
2013-05-28,8.618823777976136,8.750520211623195,8.509076392297475,8.670039176940918,183318,0.0,0.0,0.0050760018915873
2013-05-29,8.633457670706875,8.721255300432118,8.618824493993017,8.706622123718262,63600,0.0,0.0,0.004210590307634267
2013-05-30,8.706623788665723,8.779788970947266,8.706623788665723,8.779788970947266,55781,0.0,0.0,0.008368472390365181
2013-06-02,8.779787993055871,8.779787993055871,8.30421614939267,8.35543155670166,42844,0.0,0.0,-0.04954055893745573
2013-06-03,8.23104985385254,8.63345718383789,8.113986592580112,8.63345718383789,143217,0.0,0.0,0.03273321233168211
2013-06-04,8.472495098420037,8.73588870989219,8.435912155660734,8.648090362548828,145504,0.0,0.0,0.001693503682923524
2013-06-05,8.523709130228173,8.787102699279785,8.509075955481181,8.787102699279785,158360,0.0,0.0,0.015946514848241812
2013-06-06,8.80173803719713,8.80173803719713,8.296900496116411,8.560294151306152,170262,0.0,0.0,-0.026150491050353608
2013-06-10,8.560292961660581,8.779787763028134,8.552976372911132,8.589558601379395,87601,0.0,0.0,0.0034127964711160507
2013-06-11,8.560292019673579,8.75783703305464,8.560292019673579,8.63345718383789,86580,0.0,0.0,0.00509767604807222
2013-06-12,8.633456008617834,8.735886795337244,8.509075461053348,8.684671401977539,95805,0.0,0.0,0.00591453830392285
2013-06-13,8.67735743643048,9.013915530776432,8.662724258113126,8.721256256103516,154961,0.0,0.0,0.00420372975458976
2013-06-16,8.670040365389871,8.677356954141892,8.567609553419565,8.626141548156738,107241,0.0,0.0,-0.01096598604232531
2013-06-17,8.691987037658691,8.757835603127319,8.509075230031026,8.691987037658691,91155,0.0,0.0,0.007604263528515893
2013-06-18,8.779787320606316,8.977332345771035,8.670039925452816,8.918800354003906,114696,0.0,0.0,0.02575987698847739
2013-06-19,8.926116971966076,9.423637830717055,8.889534745219992,9.145611763000488,222397,0.0,0.0,0.02511272741889605
2013-06-20,9.072447272276978,9.101713628084289,8.574926376342773,8.574926376342773,2111944,0.0,0.0,-0.06443176833894433
2013-06-23,8.750522648609204,8.794422187329626,8.099355456217728,8.1505708694458,280988,0.0,0.0,-0.05075443703542093
2013-06-24,8.055454711230768,8.172518689335984,7.777427942050608,7.945707321166992,258659,0.0,0.0,-0.025456146896563607
2013-06-25,7.982291450188106,8.348115932571355,7.982291450188106,8.1505708694458,203151,0.0,0.0,0.025456146896563676
2013-06-26,8.472495789257886,8.472495789257886,8.194468978012015,8.296899795532227,147544,0.0,0.0,0.017793956286040632
2013-06-27,8.30421323164598,8.384694251162934,8.121301433500856,8.172516822814941,134582,0.0,0.0,-0.015105008336224971
2013-06-30,8.128619161087341,8.157885513253103,7.91644096900123,7.945707321166992,104383,0.0,0.0,-0.0281450948463793
2013-07-01,7.916442394257461,8.340798854829746,7.916442394257461,8.231051445007324,223383,0.0,0.0,0.035281940889808426
2013-07-02,8.0627727508674,8.150570392613652,7.828644752505328,8.033506393432617,146028,0.0,0.0,-0.02429266977632347
2013-07-03,8.048140525817871,8.077406171441453,7.931076512765285,8.048140525817871,89074,0.0,0.0,0.0018199798190015111
2013-07-04,8.048140525817871,8.099355942118486,8.01887416491516,8.048140525817871,145369,0.0,0.0,0.0
2013-07-07,8.048137666524106,8.099353064629224,7.953023457940156,8.05545425415039,86178,0.0,0.0,0.0009083349320836847
2013-07-08,8.16520145589929,8.340796693898769,8.121302646399421,8.282264709472656,140672,0.0,0.0,0.027767037536888733
2013-07-09,8.267631308717364,8.450543113359037,8.24568154882655,8.311530113220215,105849,0.0,0.0,0.0035272744303260386
2013-07-10,8.450544816583253,8.450544816583253,8.289582024111242,8.348114013671875,38119,0.0,0.0,0.004391925659227316
2013-07-11,8.340796190137796,8.450543564898464,8.209099769592285,8.209099769592285,79693,0.0,0.0,-0.01679237974861956
2013-07-14,8.340797913537136,8.5237104810251,8.326165451750112,8.450545310974121,84256,0.0,0.0,0.028987706153641067
2013-07-15,8.450545077700976,8.574925648770485,8.37738062494863,8.487127304077148,69818,0.0,0.0,0.004319607636350747
2013-07-16,8.392013786959192,8.465178961098854,8.333481790703264,8.370064735412598,38881,0.0,0.0,-0.013888962075882097
2013-07-17,8.41396035778016,8.41396035778016,8.011553841061826,8.187149047851562,96339,0.0,0.0,-0.022095883032298997
2013-07-18,8.15788794864478,8.231052420343296,8.026190755140837,8.048140525817871,114797,0.0,0.0,-0.017124661491716684
2013-07-21,8.121304750454659,8.40664744376939,8.040822982788086,8.040822982788086,118275,0.0,0.0,-0.0009096351707725426
2013-07-22,8.048137222134837,8.216416582410977,8.011555001302229,8.165201187133789,80263,0.0,0.0,0.015349927311078152
2013-07-23,8.17983463309492,8.37006377798671,8.135935819744176,8.348114013671875,138572,0.0,0.0,0.022154280418220085
2013-07-24,8.377381561094966,8.377381561094966,8.253000976126312,8.304216384887695,52928,0.0,0.0,-0.005272262730534123
2013-07-25,8.37737889489848,8.37737889489848,8.223732717513982,8.245681762695312,34358,0.0,0.0,-0.007073743384891239
2013-07-28,8.377381561511555,8.377381561511555,8.267634154834703,8.318849563598633,18874,0.0,0.0,0.008834331056999288
2013-07-29,8.304215686151128,8.472495076573104,8.22373464284612,8.450545310974121,93948,0.0,0.0,0.015707001463447577
2013-07-30,8.465178254363023,8.516393657401242,8.42859602798685,8.487127304077148,59753,0.0,0.0,0.004319607636350747
2013-07-31,8.574926613328035,8.633458611281299,8.479812384883619,8.523711204528809,232007,0.0,0.0,0.004301252620283815
2013-08-01,8.509077327479085,8.721255534406545,8.487127561819431,8.662723541259766,90140,0.0,0.0,0.016177336425305774
2013-08-04,8.633455774218568,8.765152189877032,8.574923795499654,8.691987037658691,134720,0.0,0.0,0.003372401285581606
2013-08-05,8.670041555164493,8.962700853732496,8.670041555164493,8.779788970947266,200093,0.0,0.0,0.010050801061070697
2013-08-06,8.78710435239701,8.78710435239701,8.567609551013987,8.596875190734863,386083,0.0,0.0,-0.021053584841210695
2013-08-07,8.596874014728847,8.699304812658413,8.582241554509544,8.670039176940918,278985,0.0,0.0,0.008474522143211368
2013-08-08,8.604191778878295,8.648090596096008,8.574926139159482,8.589558601379395,204384,0.0,0.0,-0.009325959955846697
2013-08-11,8.53834296482885,8.68467330530813,8.501760737348514,8.648090362548828,69991,0.0,0.0,0.006791179730995813
2013-08-12,8.648090362548828,8.648090362548828,8.648090362548828,8.648090362548828,0,0.0,0.0,0.0
2013-08-13,8.648090362548828,8.648090362548828,8.648090362548828,8.648090362548828,0,0.0,0.0,0.0
2013-08-14,8.648090362548828,8.648090362548828,8.648090362548828,8.648090362548828,0,0.0,0.0,0.0
2013-08-15,9.787819734087993,9.825321101630523,9.596563403372263,9.66031551361084,2157055,0.0,0.0,0.11068778031981873
2013-08-18,10.087825163240506,10.087825163240506,9.720313483599972,9.862817764282228,316266,0.0,0.0,0.020745595543041652
2013-08-19,9.84032158994598,10.057828671546408,9.84032158994598,10.050328254699709,76363,0.0,0.0,0.018833391032305854
2013-08-20,10.167173034025078,10.971442286949449,10.091299040395,10.78934383392334,242863,0.154,0.0,0.07095366886401855
2013-08-21,10.850042870729618,10.865217379391751,10.098886240283964,10.31892204284668,602178,0.0,0.0,-0.04457966360961264
2013-08-22,10.372037195943484,10.493436198097225,10.144413705107649,10.243050575256348,164769,0.0,0.0,-0.007379818399729165
2013-08-25,10.394796969440282,10.508609050832582,10.189936380686088,10.37962245941162,261187,0.0,0.0,0.013245022165065495
2013-08-26,10.37962152468502,10.508608104490222,10.273397069670471,10.31892204284668,85158,0.0,0.0,-0.0058652037653362694
2013-08-27,10.174760730759784,10.440321519548036,10.16717311425842,10.417558670043944,165840,0.0,0.0,0.009513414787012193
2013-08-28,10.387210430403542,10.49343490600586,10.35306759839766,10.49343490600586,77821,0.0,0.0,0.007257098395685513
2013-08-29,10.35686068360217,10.5465467820095,10.35686068360217,10.49343490600586,83013,0.0,0.0,0.0
2013-09-01,10.68311839097503,11.00179101622926,10.68311839097503,10.941091537475586,134995,0.0,0.0,0.04177575235504413
2013-09-02,10.971443913071344,10.971443913071344,10.569309588804678,10.584484100341797,111494,0.0,0.0,-0.033136402272957444
2013-09-03,10.743817395320647,10.766579517949468,10.356857692656556,10.440320014953612,504720,0.0,0.0,-0.013713929892013034
2013-09-04,10.561719392387296,10.62241887090488,10.136822319169362,10.21269702911377,96292,0.0,0.0,-0.022043481821548607
2013-09-05,10.265810069288612,10.39479665683047,10.01542451078852,10.11406135559082,116242,0.0,0.0,-0.009705083895002912
2013-09-08,10.182348098559832,10.220285456545106,9.992662032228385,10.098886489868164,120810,0.0,0.0,-0.0015014997999953286
2013-09-09,10.144410298682244,10.318921848374782,9.985073980960747,10.197522163391112,52619,0.0,0.0,0.009719596379902218
2013-09-10,10.243045642780045,10.243045642780045,9.962310404587075,10.129234313964844,70522,0.0,0.0,-0.006719036203269798
2013-09-11,9.977485499347566,9.977485499347566,9.787799457735671,9.86367416381836,190513,0.0,0.0,-0.026566996966809638
2013-09-12,9.818150969499134,9.924375432489713,9.56017851411337,9.719514846801758,172576,0.0,0.0,-0.014723028105135413
2013-09-15,9.863675164227558,9.863675164227558,9.666401487280233,9.711926460266112,124279,0.0,0.0,-0.0007810421060887361
2013-09-16,9.67398949005832,9.840913432885516,9.620877622447592,9.636052131652832,133473,0.0,0.0,-0.007843167409445812
2013-09-17,9.673991455290338,9.673991455290338,9.48430534832386,9.545004844665527,176268,0.0,0.0,-0.00949353009250605
2013-09-18,9.453952758889448,9.772625380707789,9.453952758889448,9.57535171508789,230907,0.0,0.0,0.0031743023001972845
2013-09-19,9.560178914819218,9.613290786743164,9.34014308651218,9.613290786743164,464280,0.0,0.0,0.003954330910961225
2013-09-22,9.522239852649786,9.636051193187113,9.514652236988669,9.57535171508789,171001,0.0,0.0,-0.003954330910961297
2013-09-23,9.636052528656467,10.144411270887495,9.567765425432158,10.136823654174805,125545,0.0,0.0,0.05698243295676671
2013-09-24,10.159587023859787,10.30374813079834,10.106474427749802,10.30374813079834,550585,0.0,0.0,0.01633302524033769
2013-09-25,10.318921431778293,10.417557541228366,10.280984076977187,10.394795417785645,153445,0.0,0.0,0.008797515052162603
2013-09-26,10.46308515920449,10.5465467820095,10.40997328320085,10.49343490600586,64995,0.0,0.0,0.009444574280362454
2013-09-29,10.50101854343334,10.54654278458295,10.303744902198982,10.34926986694336,131899,0.0,0.0,-0.01383384160163199
2013-09-30,10.341683555221012,10.546544113395209,10.341683555221012,10.394795417785645,71885,0.0,0.0,0.0043892673212697075
2013-10-01,10.417556956928742,10.728642669973752,10.417556956928742,10.599656105041504,83146,0.0,0.0,0.019516317383521296
2013-10-02,10.538958733406025,10.576895370055292,10.493433756393951,10.531371116638184,39300,0.0,0.0,-0.006463029494943803
2013-10-03,10.478257355243992,10.561718953841444,10.417557155651958,10.501019477844238,60506,0.0,0.0,-0.0028861825979142547
2013-10-06,10.432732014840497,10.485843873547529,10.288570945380776,10.296157836914062,56880,0.0,0.0,-0.01970154547633598
2013-10-07,10.243047520781126,10.35685887046295,10.197522546751449,10.28098487854004,85361,0.0,0.0,-0.001474739358496378
2013-10-08,10.22028577186674,10.379622101444884,10.212698155316604,10.23546028137207,88214,0.0,0.0,-0.00443787132997223
2013-10-09,10.220288443251302,10.288575562861563,10.220288443251302,10.243050575256348,57300,0.0,0.0,0.0007412935720766696
2013-10-10,10.356859218215208,10.501021037820616,10.212698122204738,10.326509475708008,111613,0.0,0.0,0.008114841370414723
2013-10-13,10.318921478316968,10.501019913869714,10.189934905568393,10.21269702911377,67885,0.0,0.0,-0.011082571419462683
2013-10-14,10.243047886786664,10.349272347588258,10.212698144214055,10.265810012817385,76945,0.0,0.0,0.005187204583596049
2013-10-15,10.20511320618452,10.303750076333218,10.189938692712866,10.243050575256348,82787,0.0,0.0,-0.002219474534548017
2013-10-16,10.243048458163384,10.379622669155957,10.243048458163384,10.311335563659668,68807,0.0,0.0,0.006644347260814283
2013-10-17,10.43273292209455,10.724849617575966,10.38720795096185,10.698293685913086,131707,0.0,0.0,0.036840429898782744
2013-10-20,10.751406603098111,11.051110220149711,10.698294734566296,10.933505058288574,75539,0.0,0.0,0.021747673004289196
2013-10-21,10.94868001461592,11.237002923177378,10.918330272851287,11.214240074157717,112454,0.0,0.0,0.025352472755010777
2013-10-22,11.191476250016729,11.191476250016729,11.062489686196743,11.085251808166504,60635,0.0,0.0,-0.011568846976306715
2013-10-23,11.085253595603003,11.252177538684697,10.86521778482961,10.91074275970459,147936,0.0,0.0,-0.01586768076766364
2013-10-24,10.979029766510846,11.183890342712402,10.865217692092273,11.183890342712402,60617,0.0,0.0,0.024726502446761774
2013-10-27,11.206653150724891,11.358401859132506,11.138366051042734,11.305289268493652,152811,0.0,0.0,0.010796312455112202
2013-10-28,11.381164026161992,11.426689000648404,11.138366091820911,11.183890342712402,311427,0.0,0.0,-0.010796312455112216
2013-10-29,11.244587517930874,11.57084771792094,11.237000626736396,11.3811616897583,392682,0.0,0.0,0.0174851245820554
2013-10-30,11.381163120299956,11.89710941330391,11.381163120299956,11.821234703063965,154747,0.0,0.0,0.03793796013728553
2013-10-31,11.7832987453995,11.836411338304366,11.472213698992949,11.593612670898438,262229,0.0,0.0,-0.01944315068672312
2013-11-03,11.616374583480004,12.071620691390928,11.441863032751312,11.532912254333496,216653,0.0,0.0,-0.0052494316506441815
2013-11-04,11.608786543083625,11.9502212924342,11.47979996965865,11.76053524017334,154356,0.0,0.0,0.01954457206574763
2013-11-05,11.7529481552227,11.957809448242188,11.62396157597226,11.957809448242188,234867,0.0,0.0,0.016635120190846505
2013-11-06,11.957808836886144,12.306830476313932,11.942633605470226,12.033682823181152,203316,0.0,0.0,0.0063250444808340914
2013-11-07,12.253720317673412,12.35235788840469,12.064034240163949,12.291658401489258,317948,0.0,0.0,0.0212112338438051
2013-11-10,12.443405187635864,12.891064402891145,12.208194879562852,12.322006225585938,142780,0.0,0.0,0.002465934263330224
2013-11-11,12.367526696208447,12.54583200039154,12.230953991018344,12.48133945465088,126882,0.0,0.0,0.012847897445293802
2013-11-12,12.428232342725568,12.443407577694028,12.064035386622928,12.22337245941162,155766,0.0,0.0,-0.02088479093546408
2013-11-13,12.21578386392702,12.337182839575318,12.09059107984034,12.28407096862793,241872,0.0,0.0,0.004953485540657028
2013-11-14,12.261307934436582,12.337182654878353,12.101971600384832,12.291658401489258,220090,0.0,0.0,0.000617473686183109
2013-11-17,12.29165656653687,12.420643137875222,11.79847240447998,11.79847240447998,175394,0.0,0.0,-0.04095078772658814
2013-11-18,11.745362032213972,11.745362032213972,11.40392722403938,11.48738956451416,357768,0.0,0.0,-0.02672019174347191
2013-11-19,11.449451766176589,11.61637571716544,11.350814918937497,11.555675506591797,176316,0.0,0.0,0.005926828029038608
2013-11-20,11.426689602450136,11.775712013244627,11.145953571589274,11.775712013244627,186230,0.0,0.0,0.018862404161043057
2013-11-21,11.684661066702668,11.965397073711117,11.601199460367257,11.927459716796877,149177,0.0,0.0,0.012804174773618972
2013-11-24,11.988159850546143,12.329594634157678,11.91987274910485,12.268895149230955,323051,0.0,0.0,0.028223928717007497
2013-11-25,12.291656075326433,12.32959270477295,12.075413380069222,12.32959270477295,1931068,0.0,0.0,0.004935073984442971
2013-11-26,12.367529416313149,12.367529416313149,11.715009689331056,11.715009689331056,179690,0.0,0.0,-0.05113138471852423
2013-11-27,11.98057298805671,11.995748222040946,11.631550565964067,11.73018741607666,179975,0.0,0.0,0.0012947409908848646
2013-11-28,11.684661529862192,11.821235730729065,11.540500436187658,11.608787536621094,99372,0.0,0.0,-0.010403282458466636
2013-12-01,11.5480859824686,11.601197840575974,11.199063650059855,11.274937629699709,206946,0.0,0.0,-0.02918000393992854
2013-12-02,11.214241656211138,11.365990386442306,11.032143179933737,11.138367652893066,214646,0.0,0.0,-0.012186660137906678
2013-12-03,11.032141423982564,11.282526969909668,11.032141423982564,11.282526969909668,111302,0.0,0.0,0.012859549634224256
2013-12-04,11.22182676749129,11.328051216727896,11.092840194702148,11.092840194702148,216728,0.0,0.0,-0.016955370441572477
2013-12-05,11.115602084782587,11.312875747680664,11.115602084782587,11.312875747680664,100464,0.0,0.0,0.01964165104478217
2013-12-08,11.282524888964309,11.282524888964309,11.100426475257118,11.229413032531738,290123,0.0,0.0,-0.007405024161289332
2013-12-09,11.130776969131142,11.381162485934109,11.130776969131142,11.267351150512695,134734,0.0,0.0,0.0033727654018301688
2013-12-10,11.199063276384914,11.426686654899036,11.199063276384914,11.3811616897583,116295,0.0,0.0,0.01005024020972377
2013-12-11,11.381163751564236,11.669486653435252,11.350814010503862,11.464625358581545,166540,0.0,0.0,0.007306733620395886
2013-12-12,11.38116410970795,11.646724895039108,11.343226751289938,11.608787536621094,164840,0.0,0.0,0.012496118769740857
2013-12-15,11.570851298969124,11.64672602315446,11.457039936286115,11.631550788879396,83305,0.0,0.0,0.001958943903389696
2013-12-16,11.6618992199888,11.722598703060584,11.525325021279832,11.616374969482422,189127,0.0,0.0,-0.001305563490722108
2013-12-17,11.684661529862192,11.79088598871364,11.532912819785071,11.608787536621094,184494,0.0,0.0,-0.000653380412667555
2013-12-18,11.593610533677085,11.843996047973633,11.48738681463904,11.843996047973633,164822,0.0,0.0,0.020058718986585875
2013-12-19,11.813647087320998,11.912283921194982,11.73018548493295,11.821234703063965,140526,0.0,0.0,-0.0019236112394367699
2013-12-22,11.94263421605042,12.010921313723582,11.821235252895862,11.957809448242188,104416,0.0,0.0,0.01148710991922684
2013-12-23,11.988162071112937,12.352359771728516,11.92746257494285,12.352359771728516,120313,0.0,0.0,0.03246254420964533
2013-12-26,12.564805214631368,12.678616570300674,12.488930495121862,12.557217597961426,93105,0.0,0.0,0.016448488218749537
2013-12-29,12.610328683121995,12.61791485125958,12.193018523262044,12.32959270477295,179094,0.0,0.0,-0.018293323908664803
2013-12-30,12.29924416809938,12.450993604011115,12.268895149230955,12.268895149230955,76354,0.0,0.0,-0.0049350739844428995
2014-01-01,12.291657172841967,12.526867480229416,12.291657172841967,12.443405151367188,58368,0.0,0.0,0.014123566067972292
2014-01-02,12.59515437921582,12.674822175229234,12.394086176223706,12.671029090881348,112260,0.0,0.0,0.018127437828180906
2014-01-05,12.686204674950192,12.936590245929803,12.686204674950192,12.815191268920898,124830,0.0,0.0,0.011313071421164902
2014-01-06,12.91382824082539,12.997289129138435,12.860716371756208,12.959352493286133,105041,0.0,0.0,0.011186442639789919
2014-01-07,13.080752957190258,13.179390537164888,12.966941589457274,13.095928192138672,102022,0.0,0.0,0.010483629125221522
2014-01-08,13.179385503572009,13.255258754955744,12.951761407852285,13.126272201538086,81884,0.0,0.0,0.0023143765578977626
2014-01-09,13.202148704646396,13.278023413590567,12.769664745011228,13.050400733947754,128887,0.0,0.0,-0.005796892541872684
2014-01-12,13.057987767843242,13.088338232308391,12.511692432178696,12.595154762268066,101960,0.0,0.0,-0.03550664355463812
2014-01-13,12.420644585142696,12.549631171510708,12.215783280818812,12.268895149230955,158382,0.0,0.0,-0.026244987543716333
2014-01-14,12.367530620348823,12.625503779543418,12.322006370840894,12.595154762268066,88893,0.0,0.0,0.026244987543716434
2014-01-15,12.671028891925518,12.76207738674274,12.655853660392738,12.7393159866333,79687,0.0,0.0,0.011380761160680212
2014-01-16,12.686205178753216,12.686205178753216,12.40547057596764,12.496519088745115,80044,0.0,0.0,-0.019242825858392827
2014-01-19,12.458581311839929,12.48134416155049,11.988159938412464,12.026097297668455,160379,0.0,0.0,-0.038371069433054336
2014-01-20,11.988161382565726,12.230960076895853,11.798475287030175,12.22337245941162,113499,0.0,0.0,0.01627083114956265
2014-01-21,12.238542768035796,12.420642641510105,12.238542768035796,12.32959270477295,130017,0.0,0.0,0.00865238942193102
2014-01-22,12.3371813718384,12.344768987812476,11.98057138060068,11.995746612548828,102920,0.0,0.0,-0.027450145763668166
2014-01-23,11.950221795172084,12.14749547148532,11.836410448465546,12.079208374023438,181111,0.0,0.0,0.006933520405796766
2014-01-27,11.927459900154016,12.07920860654887,11.836410676317104,11.919872283935549,116613,0.0,0.0,-0.01327871126278795
2014-01-28,12.00333195592794,12.094381165082494,11.95780771314806,12.010919570922852,144295,0.0,0.0,0.007609253120231853
2014-01-29,11.912284790199925,12.139908213930095,11.798473440132296,12.094383239746094,194636,0.0,0.0,0.006924949503410068
2014-01-30,12.094381694792482,12.337180320100185,11.980570359263275,12.32959270477295,103312,0.0,0.0,0.019261133997017503
2014-02-02,12.268896717126935,12.306833357358022,12.177846754506248,12.22337245941162,98292,0.0,0.0,-0.008652389421930948
2014-02-03,11.980569819868034,12.177842744330617,11.935044853549106,12.101968765258787,159948,0.0,0.0,-0.009981747103762864
2014-02-04,12.003333642198411,12.170258301157446,11.9046968041921,12.139907836914062,105223,0.0,0.0,0.0031300466752286343
2014-02-05,12.101970587360274,12.375118255615234,11.942634266646156,12.375118255615234,113295,0.0,0.0,0.019189670503346665
2014-02-06,12.390294204055932,12.67861639763767,12.382706587489322,12.663442611694336,180758,0.0,0.0,0.023031443585733273
2014-02-09,12.89865285549404,12.94417710741791,12.276482772838236,12.746903419494627,229358,0.0,0.0,0.006569065043583543
2014-02-10,12.762077449095774,13.027638213457989,12.625503259012936,12.99728775024414,177429,0.0,0.0,0.01945232804998291
2014-02-11,13.36148718042396,15.000374702889436,13.323549098261878,14.605827331542969,502703,0.0,0.0,0.11667988028194035
2014-02-12,14.605828192398247,15.250761155266808,14.203693180917863,14.271980285644531,544214,0.0,0.0,-0.02312238687390844
2014-02-13,14.105054904877266,14.916910973721704,13.657395707575986,14.803099632263184,331066,0.0,0.0,0.036538398948340836
2014-02-16,14.985199859415332,15.319047755167375,14.985199859415332,15.167298316955566,239789,0.0,0.0,0.024305090239287223
2014-02-17,15.35638395383913,16.244390111242,15.35638395383913,15.739145278930664,576743,0.177,0.0,0.03700925533928809
2014-02-18,15.823352943572525,15.846319148293825,15.2109354188568,15.302797317504885,300229,0.0,0.0,-0.028115296136384565
2014-02-19,15.180309390945144,15.754451200678496,14.9429978517551,15.65493392944336,327808,0.0,0.0,0.022750491460759296
2014-02-20,15.846312135300312,16.23672722194917,15.838656737114544,15.945829391479492,253614,0.0,0.0,0.01841118052390108
2014-02-23,15.945837803476604,16.060665916603238,15.708526174999069,16.022390365600586,132512,0.0,0.0,0.004789826964244835
2014-02-24,16.22907551252629,16.420456113097977,15.76976177913062,15.792726516723633,104058,0.0,0.0,-0.014437654847292746
2014-02-25,15.792732414449029,16.06066564733148,15.693215107439425,16.04535484313965,141125,0.0,0.0,0.01586990281578757
2014-02-26,15.62431613082905,15.739144228670408,15.62431613082905,15.670247077941896,75175,0.0,0.0,-0.023655565992390368
2014-02-27,15.69321328155756,15.769765833491292,15.517143434192912,15.670247077941896,228412,0.0,0.0,0.0
2014-03-02,15.66259435474655,15.930527602266936,15.501835282305558,15.8616304397583,110396,0.0,0.0,0.012139189104072816
2014-03-03,15.86928346519929,16.320941925048828,15.831007918480587,16.320941925048828,159820,0.0,0.0,0.028546050940742907
2014-03-04,16.42046068270707,16.78025578626581,16.14487207395318,16.320941925048828,181332,0.0,0.0,0.0
2014-03-05,16.343902614156967,16.696042197524267,16.213763755060786,16.619489669799805,133958,0.0,0.0,0.01812701930155512
2014-03-06,16.65011384404414,16.803218923209084,16.305628145982134,16.512319564819336,163408,0.0,0.0,-0.006469340566232068
2014-03-09,16.51232039860422,17.08646228428653,16.466389456582768,17.06349754333496,161800,0.0,0.0,0.0328347927130414
2014-03-10,17.063497641351177,17.07115158163345,16.581217636941464,16.772598266601562,166540,0.0,0.0,-0.017195036083957258
2014-03-11,16.703700675214886,16.703700675214886,15.984109118155194,16.38218116760254,201808,0.0,0.0,-0.023552269255345478
2014-03-12,16.38218139492923,16.38218139492923,15.846316514884933,15.884592056274414,239232,0.0,0.0,-0.030844643648949902
2014-03-13,15.61665942847345,15.785075320719269,15.325761507504506,15.593694686889648,220949,0.0,0.0,-0.01848294051403597
2014-03-16,15.586037230382438,15.831004175752051,15.417621360352202,15.685554504394531,298459,0.0,0.0,0.005873547733127937
2014-03-17,15.785074595976509,16.07597250358941,15.71617745415166,15.84631633758545,162365,0.0,0.0,0.01019687204381428
2014-03-18,15.899900521048693,16.328592654129316,15.869278924341028,16.12955665588379,309990,0.0,0.0,0.017716340484201197
2014-03-19,15.84631762308114,16.060663006041562,15.677901724905482,15.808040618896484,259756,0.0,0.0,-0.02013469555589151
2014-03-20,15.86928394925672,16.098941616929668,15.853973146054813,15.96114730834961,528744,0.0,0.0,0.009638765408600031
2014-03-23,15.85396976936546,16.037696448419847,15.578382671020371,15.616658210754396,358816,0.0,0.0,-0.02181929737701657
2014-03-24,15.4252824916644,15.524801262774028,14.935348418874575,14.981279373168944,360838,0.0,0.0,-0.0415367986882812
2014-03-25,14.950652423851944,15.302792013480504,14.950652423851944,15.057825088500977,265409,0.0,0.0,0.005096415647766214
2014-03-26,14.659758825979974,14.897070444644472,14.567896923324708,14.652103424072266,235685,0.0,0.0,-0.027313891916845783
2014-03-27,14.59085524769718,14.996582609539075,14.575545910737809,14.935340881347656,388090,0.0,0.0,0.01914637214455693
2014-03-30,15.103762884186835,15.555421404869776,15.103762884186835,15.310454368591309,448075,0.0,0.0,0.024805611389241082
2014-03-31,15.218588140589338,15.364037838596438,15.065484501740466,15.195623397827148,277090,0.0,0.0,-0.00752843508774533
2014-04-01,15.272176379840444,15.30279652443005,15.019553981472669,15.22624397277832,94418,0.0,0.0,0.0020130641501247422
2014-04-02,15.24920563403803,15.24920563403803,14.897064585379496,14.942996978759766,138110,0.0,0.0,-0.018777755612904023
2014-04-03,14.92769233374734,15.027209640186786,14.789898017047612,14.958313941955566,250150,0.0,0.0,0.001024501205056974
2014-04-06,14.797547174700856,14.935341433252956,14.613821983337404,14.613821983337402,350436,0.0,0.0,-0.023299469726595627
2014-04-07,14.544926276237511,14.598512613110003,14.315270129607343,14.483684539794922,252447,0.0,0.0,-0.008944980296387399
2014-04-08,14.675068040725908,15.172657429897248,14.644446436410892,15.088449478149414,269010,0.0,0.0,0.04090670412976508
2014-04-09,15.425276906762177,15.616657517168946,15.172654559429963,15.333415031433104,288112,0.0,0.0,0.01610492005697386
2014-04-10,15.149691892937051,15.149691892937051,14.812861563714046,14.996586799621582,121663,0.0,0.0,-0.022211807426093327
2014-04-13,14.996583498929589,15.157342497421832,14.560235977172852,14.560235977172852,187395,0.0,0.0,-0.029528378657024672
2014-04-14,14.659758850517566,15.226245451568635,14.659758850517566,15.08079719543457,289129,0.0,0.0,0.0351279757406595
2014-04-15,15.126724470407527,15.1956216108287,14.85496433881194,15.00424098968506,161621,0.0,0.0,-0.005089331814735622
2014-04-16,15.180310839905292,15.180310839905292,14.927688477914543,15.11906909942627,85346,0.0,0.0,0.007623907571229671
2014-04-21,15.15734803816693,15.279831546587458,15.050175333328616,15.203280448913574,94547,0.0,0.0,0.00555442221636291
2014-04-22,15.425276047450478,15.938176113172702,15.295137181218925,15.82334804534912,342476,0.0,0.0,0.039975350087719436
2014-04-23,15.93052340973808,16.121904041868923,15.509486603097567,15.800384521484377,165422,0.0,0.0,-0.00145229712225592
2014-04-27,15.35638144632079,15.524797336336604,15.302795103176976,15.455900192260742,126925,0.0,0.0,-0.022043456630348245
2014-04-28,15.6932152777168,15.708526082074762,14.575552841721736,14.965968132019045,289953,0.0,0.0,-0.03221198761195652
2014-04-29,15.080795634419696,15.233899276626508,14.981276879872723,15.157346725463867,95061,0.0,0.0,0.01270651449023572
2014-04-30,15.310451567930162,15.409968860669592,14.935345679730084,15.16500186920166,142934,0.0,0.0,0.0005049176106215437
2014-05-01,15.164998783240044,15.233895918085164,14.797548370811503,15.027204513549805,98207,0.0,0.0,-0.009128071708046128
2014-05-04,15.073134629862572,15.187962683860036,14.644441086765754,14.805201530456545,88631,0.0,0.0,-0.014883618905211839
2014-05-05,14.85113590872284,15.157344610529012,14.835825108602966,15.00424098968506,84398,0.0,0.0,0.013354320001649114
2014-05-06,14.996586409920544,14.996586409920544,14.6980330918438,14.83582592010498,72208,0.0,0.0,-0.01128796784187939
2014-05-07,14.76692632119032,14.82816804866568,14.667407601469138,14.751615524291992,81839,0.0,0.0,-0.005692322085838262
2014-05-08,14.667412345346529,14.698033949047124,14.254030916217491,14.276995658874512,264007,0.0,0.0,-0.03270305711604715
2014-05-11,14.231061793053511,14.751617268191827,14.200440195636842,14.30761432647705,279289,0.0,0.0,0.002142319194046953
2014-05-12,14.40713275847456,14.736307656631215,14.391821958532798,14.720996856689451,236029,0.0,0.0,0.028482966313419667
2014-05-13,14.88941311924238,15.23389736609366,14.835825318066226,15.142035484313965,198458,0.0,0.0,0.02819985086452862
2014-05-14,15.01955439583402,15.12672709503205,14.881760091083112,15.0118989944458,108709,0.0,0.0,-0.008631530185586104
2014-05-15,14.889415141326204,14.996587837996724,14.743965438617296,14.95065689086914,98003,0.0,0.0,-0.004087914869213775
2014-05-18,14.98127553825774,14.98127553825774,14.403306675969548,14.491341590881348,148951,0.0,0.0,-0.031203898650911242
2014-05-19,14.529619913786163,14.88941650285538,14.491344364366238,14.652103424072266,165372,0.0,0.0,0.011032564182588708
2014-05-20,14.552584724201658,14.659757420396584,14.261685320074752,14.521963119506836,246139,0.0,0.0,-0.00892170226587298
2014-05-21,14.62148062676864,15.19944949493083,14.60616982572794,15.149691581726074,193765,0.0,0.0,0.04231797278054207
2014-05-22,15.172656540215344,15.66259049957958,15.065483851634008,15.41762351989746,193213,0.0,0.0,0.01753106541349602
2014-05-25,15.463553002206462,15.7467954714076,15.33341413632218,15.70851993560791,114244,0.0,0.0,0.018691996699590305
2014-05-26,15.723832016382284,15.976454369570712,15.532451401538983,15.915212631225586,155273,0.0,0.0,0.013072184854282413
2014-05-27,15.999423462795386,15.999423462795386,15.60135132516568,15.899906158447266,121682,0.0,0.0,-0.0009622138493636357
2014-05-28,15.861626086250226,16.297975149080653,15.861626086250226,16.13721466064453,276600,0.0,0.0,0.014814867034999749
2014-05-29,16.229077820524676,16.504664931659875,16.098938935223664,16.114248275756836,296195,0.0,0.0,-0.0014242075663361748
2014-06-01,16.167836878487524,16.320940512227434,16.11424907355425,16.1908016204834,148111,0.0,0.0,0.004739413080476422
2014-06-02,16.198454141800898,16.20610954114485,15.586036795465906,15.65493392944336,228340,0.0,0.0,-0.033657145416430626
2014-06-03,15.65493392944336,15.739140401990593,15.578381396121951,15.65493392944336,111435,0.0,0.0,0.0
2014-06-04,15.64727863376764,15.64727863376764,15.172654092124883,15.463553428649902,217343,0.0,0.0,-0.012300270994604283
2014-06-05,15.371695773623298,15.693215366363292,15.264523062749523,15.47886848449707,110130,0.0,0.0,0.0009899068108358668
2014-06-09,15.540103472834325,15.68555313146085,15.348722881000809,15.509483337402344,199439,0.0,0.0,0.0019758948808679595
2014-06-10,15.379348514241023,15.677901848645652,15.264520421017584,15.501832008361816,119180,0.0,0.0,-0.0004934540254403019
2014-06-11,15.295139855360176,15.455900346514392,15.157345565833232,15.379347801208496,153404,0.0,0.0,-0.007932653493476704
2014-06-12,15.142033365134536,15.279826168519502,15.042514636996522,15.264516830444336,235364,0.0,0.0,-0.007494583965632743
2014-06-15,15.1573427032097,15.310447764905993,15.111411768748043,15.264516830444336,104279,0.0,0.0,0.0
2014-06-16,15.19562344351622,15.647281880697514,15.042518344088569,15.54010772705078,112899,0.0,0.0,0.017893303588543536
2014-06-17,15.593697383393112,16.03770047225129,15.555420373937208,15.899906158447266,113898,0.0,0.0,0.022888930066197036
2014-06-18,15.999424158927788,16.129563076502954,15.938182401252336,16.022390365600586,258654,0.0,0.0,0.00767393462085553
2014-06-19,15.892246431801832,16.022385308300002,15.769762955111576,15.915212631225586,97162,0.0,0.0,-0.006711720771491824
2014-06-22,15.739140519501808,16.144867927051802,15.616657049320326,15.999418258666992,134024,0.0,0.0,0.005276941671785987
2014-06-23,15.953490710929955,16.106595811235692,15.769765466634146,16.083629608154297,196028,0.0,0.0,0.005249597434138052
2014-06-24,15.984105981134508,16.190797365488514,15.6396218006625,16.16017723083496,103398,0.0,0.0,0.004748060107840257
2014-06-25,16.160181603828747,16.94866890102936,16.11424919924196,16.849151611328125,207522,0.0,0.0,0.04175028576726959
2014-06-26,16.864459580758442,16.983114622385546,16.688388312980738,16.703699111938477,206022,0.0,0.0,-0.00867010745144195
2014-06-29,16.70370253461418,16.734324138804187,16.42811393737793,16.42811393737793,86149,0.0,0.0,-0.01663606697312096
2014-06-30,16.420456850450467,17.002252617409713,16.420456850450467,16.841493606567383,193045,0.0,0.0,0.02485156722763317
2014-07-01,16.948669737887464,17.32377563315705,16.93336039572102,17.27018928527832,165082,0.0,0.0,0.025136153592693455
2014-07-02,16.764940750391343,17.591704907776947,16.65776807854522,17.155357360839844,189073,0.0,0.0,-0.006671345063545336
2014-07-03,17.270189466497655,17.3697082222754,17.178327572061182,17.293155670166016,113127,0.0,0.0,0.008000289834218886
2014-07-06,17.407983445494704,17.51515614038957,16.84149690657855,16.856807708740234,153604,0.0,0.0,-0.025556203693348115
2014-07-07,16.856803311392852,17.117081039770326,16.627145719232573,16.918045043945312,161679,0.0,0.0,0.0036262128368950365
2014-07-08,16.657772284623746,16.657772284623746,16.183147620671882,16.320941925048828,137437,0.0,0.0,-0.03593174249860594
2014-07-09,16.382180791973834,16.76494203225415,16.374525391954037,16.58121681213379,194088,0.0,0.0,0.015821473506000876
2014-07-10,16.382182478508597,16.535287574430093,16.26735438662668,16.443424224853516,73076,0.0,0.0,-0.008344883249314473
2014-07-13,16.44342055425495,16.44342055425495,16.320937088906607,16.351558685302734,100604,0.0,0.0,-0.005602428888949611
2014-07-14,16.535288878951853,16.558253623068953,16.35156362542243,16.38983917236328,83804,0.0,0.0,0.00233835492728774
2014-07-15,16.35156178138664,16.42045892620516,16.13721494638253,16.22907829284668,93538,0.0,0.0,-0.009856990583255143
2014-07-16,16.611839076101973,16.611839076101973,16.098938935223664,16.114248275756836,203565,0.0,0.0,-0.007100722884881183
2014-07-17,16.045350305893773,16.053005705824923,15.700866069701464,15.907557487487791,172812,0.0,0.0,-0.012909556714085188
2014-07-20,15.892250574238233,15.976458533956562,15.76211166381836,15.76211166381836,171218,0.0,0.0,-0.00918524570390415
2014-07-21,15.723835939819809,15.853973388671877,15.63962798103922,15.853973388671877,181140,0.0,0.0,0.005811091614016603
2014-07-22,15.88458973647544,16.098936533260755,15.685553738057235,15.70851993560791,211227,0.0,0.0,-0.009216919669609658
2014-07-23,15.7774150117463,15.968795586036798,15.723828684563829,15.945829391479492,143662,0.0,0.0,0.014994078661529513
2014-07-24,15.86927440829808,16.083621143899123,15.73913557956132,16.007068634033203,279691,0.0,0.0,0.003833099425621084
2014-07-27,16.00707217721318,16.206108162874294,15.991761379827398,16.16017723083496,158235,0.0,0.0,0.00951960598089583
2014-07-28,16.16018018392309,16.588872368237475,16.152524783831264,16.489355087280273,162964,0.0,0.0,0.020165006197273128
2014-07-29,16.56590771754335,16.849151706962594,16.420459482548175,16.443424224853516,159591,0.0,0.0,-0.0027893723619391137
2014-07-30,16.45107851971034,16.650114546980394,16.428112318830532,16.519975662231445,62095,0.0,0.0,0.004644640738422535
2014-07-31,16.14487077674941,16.328596014450593,16.121904574492365,16.25969886779785,257538,0.0,0.0,-0.01588071072866441
2014-08-03,16.229079406086967,16.3362521008814,16.106595909145202,16.15252685546875,88348,0.0,0.0,-0.0066130850637885616
2014-08-04,16.152526482423497,16.24438837294903,15.938179637666556,15.97645664215088,162987,0.0,0.0,-0.010960320354780622
2014-08-05,15.884592056274414,15.95348919887013,15.80803951337714,15.884592056274414,105823,0.0,0.0,-0.0057665923877633606
2014-08-06,15.922867400962229,16.10659408569336,15.899902660459556,16.10659408569336,321402,0.0,0.0,0.013879172353050646
2014-08-07,16.007075669781113,16.190800898143276,15.65493601378321,15.693211555480955,296147,0.0,0.0,-0.02600052483155829
2014-08-10,15.7008684468362,15.892249093735542,15.37169350055038,15.777420997619627,385050,0.0,0.0,0.005351633334742371
2014-08-11,16.63480551017969,18.051022591992844,16.497011210527166,17.90557289123535,744443,0.0,0.0,0.1265321319155597
2014-08-12,18.36488826182524,18.58689053195025,17.966816132019517,18.10461044311523,605285,0.0,0.0,0.011054627352091449
2014-08-13,18.14288386687595,18.51033431711244,18.14288386687595,18.35722923278809,284973,0.0,0.0,0.013856834106864948
2014-08-14,18.449098384775233,18.984963428410452,18.403167429062215,18.969654083251953,400541,0.0,0.0,0.03281708828706668
2014-08-17,18.96964998168237,19.459583963672284,18.96964998168237,19.3524112701416,344090,0.0,0.0,0.019976476312165845
2014-08-18,19.52082754693139,19.60503550554825,19.33710228640979,19.398344039916992,602035,0.0,0.0,0.002370678502659227
2014-08-19,19.52082061767578,19.643304081212538,19.199301160862284,19.52082061767578,177301,0.0,0.0,0.006293916282394655
2014-08-20,19.788753671919935,20.064340733846727,19.681579546614692,19.97247886657715,347393,0.0,0.0,0.022873649306189178
2014-08-21,20.072728123684545,20.118996004424385,19.5483539058683,19.741138458251953,505529,0.19,0.0,-0.011650564247961943
2014-08-24,19.73343086242676,19.995618023986005,19.59462572150366,19.73343086242676,203713,0.0,0.0,-0.00039050943712786476
2014-08-25,19.833680699472797,19.918506400899904,19.37099879925557,19.424978256225582,155879,0.0,0.0,-0.015754418679886195
2014-08-26,19.478957555508195,19.87994990522488,19.448111311300813,19.787412643432617,177312,0.0,0.0,0.018486233579999473
2014-08-27,19.664026260375977,19.764273590224654,19.432685363291608,19.664026260375977,102824,0.0,0.0,-0.006255122185237172
2014-08-28,19.78741309554937,19.895372011082166,19.548360580799635,19.76427841186523,126690,0.0,0.0,0.005085299424775212
2014-08-31,19.91849989344586,20.049593447899916,19.741138458251953,19.741138458251953,247090,0.0,0.0,-0.0011714827025235675
2014-09-01,19.66402793425661,20.03031894484497,19.43268701747958,19.957059860229492,204727,0.0,0.0,0.010878253442191914
2014-09-02,19.949351077955832,20.041886862396876,19.864525383193396,19.98790740966797,115177,0.0,0.0,0.0015445027335861399
2014-09-03,19.664027662470257,19.97248270418621,19.664027662470257,19.895368576049805,120872,0.0,0.0,-0.004640491403635798
2014-09-04,19.84909898844642,19.92621310998197,19.56377865084328,19.60233497619629,104348,0.0,0.0,-0.014838279192143042
2014-09-07,19.664027036062546,19.664027036062546,19.332437325219733,19.49437713623047,127164,0.0,0.0,-0.005522618579379565
2014-09-08,19.463530619384027,19.471242178924737,19.309303841058615,19.43268585205078,137234,0.0,0.0,-0.0031695859431034217
2014-09-09,19.432686828210468,19.617759853995462,19.13194187433389,19.610048294067383,245347,0.0,0.0,0.009085616874770563
2014-09-10,19.664025845967103,20.04959498020175,19.46352971966554,19.53293228149414,225730,0.0,0.0,-0.003940226891801756
2014-09-11,19.47895401692857,19.694873274666342,19.317014205917832,19.49437713623047,193390,0.0,0.0,-0.0019758040398653886
2014-09-14,19.30930294846939,19.53293228149414,19.278456711732453,19.53293228149414,192823,0.0,0.0,0.001975804039865429
2014-09-15,19.432683992598488,19.50979663896773,19.07024808301346,19.12422752380371,177799,0.0,0.0,-0.02114588805531686
2014-09-16,19.20134219464403,19.509797201503194,19.116517987026196,19.324724197387695,131256,0.0,0.0,0.010429334583001765
2014-09-17,19.44810691453305,19.525221036787904,19.216766018598037,19.44039535522461,124823,0.0,0.0,0.0059678134607645894
2014-09-18,19.494378625054424,19.872236251831055,19.424976053725068,19.872236251831055,129371,0.0,0.0,0.021970458331090528
2014-09-21,19.903083235944592,20.928697328662864,19.903083235944592,20.512283325195312,244758,0.0,0.0,0.031700298939146034
2014-09-22,20.612525382523515,21.22943687438965,20.5585459395365,21.22943687438965,256998,0.0,0.0,0.03436485707130544
2014-09-23,21.160035609795287,21.160035609795287,20.56625875889416,20.72819709777832,183019,0.0,0.0,-0.023893798385648982
2014-09-24,20.72819855629892,20.982674157329686,20.45058974570244,20.751333236694336,164639,0.0,0.0,0.0011155449991237228
2014-09-25,20.412031002748837,20.51999136878056,20.142133764743612,20.496856689453125,119290,0.0,0.0,-0.012338954817446741
2014-09-28,20.134423200052925,20.28093843054552,19.903080807834066,20.088153839111328,148736,0.0,0.0,-0.020141262080791464
2014-09-29,20.072728650362407,20.33491576614992,19.725715858634977,20.22695541381836,136611,0.0,0.0,0.00688586119295747
2014-09-30,19.9339256660796,21.121477902128166,19.78740897491796,20.951828002929688,210438,0.0,0.0,0.035209756793233474
2014-10-01,20.49686008031627,20.913275552121263,20.412034379578987,20.797603607177734,139815,0.0,0.0,-0.007388129194801624
2014-10-02,20.69735391021014,20.882426941989657,20.466012988193174,20.820735931396484,102491,0.0,0.0,0.0011116410148678348
2014-10-05,20.774463928902833,21.005804805126417,20.47371902481687,20.91326904296875,49210,0.0,0.0,0.004434430065424677
2014-10-06,21.028947995164486,21.10606214207037,20.09586961218033,20.442882537841797,178875,0.0,0.0,-0.022749060208111054
2014-10-07,20.011043145570433,20.203827755948453,19.509801981923697,19.579204559326172,279589,0.0,0.0,-0.04316676863371155
2014-10-08,19.741138891390104,19.97247977099455,19.34014666063492,19.79511833190918,174112,0.0,0.0,0.010967347293794163
2014-10-09,19.255325815767247,19.255325815767247,18.70010668292751,19.101099014282227,286431,0.0,0.0,-0.03568948499684147
2014-10-12,18.700107318305204,19.95706233830862,18.638416301449144,19.64860725402832,272634,0.0,0.0,0.028260584733741274
2014-10-13,19.355575291669503,19.70258670992364,19.25532647000974,19.64860725402832,181239,0.0,0.0,0.0
2014-10-14,19.610044903797895,19.86452045411114,19.40183723422449,19.741138458251953,154251,0.0,0.0,0.004698246853733628
2014-10-15,20.041886053282717,20.712777082129616,19.664028428605164,20.666507720947266,436251,0.0,0.0,0.045809700426027895
2014-10-16,20.759044920803312,21.113767864006626,20.65108601997269,20.820735931396484,303671,0.0,0.0,0.007435004465942698
2014-10-19,21.144617531423304,22.36301629121492,21.144617531423304,21.42222785949707,526607,0.0,0.0,0.02847965809954544
2014-10-20,21.74610334374224,21.784659675189427,21.530184063480583,21.591875076293945,239961,0.0,0.0,0.007888022060236113
2014-10-21,21.946600195797107,22.632914435687304,21.838641280438384,22.386150360107425,288267,0.0,0.0,0.03612539009602974
2014-10-22,22.347589193730656,22.50952901324854,22.177939284986397,22.363012313842773,139741,0.0,0.0,-0.001034122068171022
2014-10-23,22.586643294060487,22.6791790736928,22.278186773073585,22.355300903320312,165951,0.0,0.0,-0.0003448882591546297
2014-10-26,22.424702008822372,22.648332824848783,22.19336110402159,22.332164764404297,232595,0.0,0.0,-0.001035464447916234
2014-10-27,22.33216564934398,22.339877209253533,21.80008125305176,21.80008125305176,341927,0.0,0.0,-0.02411430837970538
2014-10-28,21.39908783372579,21.84634798907498,20.38889707214615,20.45829963684082,999058,0.0,0.0,-0.06352504662615183
2014-10-29,20.58939552307129,20.705065986965675,20.334919914171746,20.58939552307129,694484,0.0,0.0,0.006387512451011032
2014-10-30,20.78217797541775,21.160035569592488,20.766754856268676,20.88242530822754,268566,0.0,0.0,0.014131748060446534
2014-11-02,20.70506922440736,21.13690637685561,20.689646101255285,20.89785385131836,298316,0.0,0.0,0.0007385562807378597
2014-11-03,20.94411618949773,21.48391358986988,20.94411618949773,21.39908790588379,352300,0.0,0.0,0.02370183274076194
2014-11-04,21.46078423423367,21.576454714194885,21.306555947065423,21.34511375427246,239816,0.0,0.0,-0.002525450386336099
2014-11-05,21.52247302900018,21.715257632607013,21.36053466796875,21.36053466796875,350616,0.0,0.0,0.0007221955378862869
2014-11-06,21.661280419220414,21.661280419220414,21.25257648780552,21.34511375427246,186525,0.0,0.0,-0.0007221955378862884
2014-11-09,21.414510406800716,21.476201410419968,20.828445137003033,20.84386825561523,179183,0.0,0.0,-0.023763032980157986
2014-11-10,20.97496557171369,20.99038722225317,20.697355270385746,20.697355270385746,180220,0.0,0.0,-0.007053889139565611
2014-11-11,20.813022871390203,21.098344694091324,20.80531131176805,20.951828002929688,138911,0.0,0.0,0.012219970678324182
2014-11-12,20.982671777538904,21.01351801456764,20.651083554457216,20.77446556091309,104661,0.0,0.0,-0.00850128276723066
2014-11-13,20.80531240326399,21.229439379755306,20.759044513933375,21.19859313964844,159229,0.0,0.0,0.020210202834472276
2014-11-16,21.352816859380955,21.39137318048862,20.658792783637335,20.720483779907227,123436,0.0,0.0,-0.02281205256878569
2014-11-17,20.77446321778971,20.80530798050997,20.458296678052847,20.720483779907227,68447,0.0,0.0,0.0
2014-11-18,20.604812065705612,20.604812065705612,19.980190538835917,20.273223876953125,95286,0.0,0.0,-0.021821771035534857
2014-11-19,20.03417398943173,20.118999678637156,19.502089586678625,19.957059860229492,253611,0.0,0.0,-0.015718036092633354
2014-11-20,20.00332834886971,20.01874999737462,18.954579767395796,19.34014892578125,340681,0.0,0.0,-0.03139976804382407
2014-11-23,19.432687518378195,20.48529121725614,19.432687518378195,19.725719451904297,215095,0.0,0.0,0.019740149783219776
2014-11-24,19.725721426623195,19.81825868748086,19.355575324852268,19.57149314880371,175088,0.0,0.0,-0.007849263839779566
2014-11-25,19.39412820335644,20.19611275179692,19.347860316586285,20.01103973388672,209927,0.0,0.0,0.022210031618429486
2014-11-26,19.9879058470732,20.126710983713167,18.79264200748176,18.800352096557617,343824,0.0,0.0,-0.0624085097588845
2014-11-27,18.56901274111101,19.34786270697701,16.425247444841318,18.89289093017578,500674,0.0,0.0,0.004910111845362688
2014-11-30,18.892886887938214,19.25532133139189,18.391647325893505,18.468761444091797,443951,0.0,0.0,-0.022704975793751952
2014-12-01,18.507320105344085,18.831198266020795,18.11403937660597,18.522743225097656,311985,0.0,0.0,0.0029186063020607235
2014-12-02,18.30682625142961,19.40184288682807,18.29140312974643,19.309307098388672,310542,0.0,0.0,0.041587872196473405
2014-12-03,19.81054374441734,20.018749971849505,19.38641678823636,20.003328323364254,378019,0.0,0.0,0.035311463125599164
2014-12-04,19.941638345862497,20.003329355475397,19.43268714884867,19.51751136779785,232332,0.0,0.0,-0.024586594423141265
2014-12-07,19.586916698463444,19.718010296223685,19.21677058860978,19.270750045776367,173276,0.0,0.0,-0.012723676807135428
2014-12-08,19.162786457820378,19.378704233826426,18.422492947833756,18.57672119140625,226527,0.0,0.0,-0.03667915661760295
2014-12-09,18.314534223546037,18.622989242618797,17.53568438111885,18.49189567565918,324223,0.0,0.0,-0.004576683511790097
2014-12-10,17.851854939209087,18.322249867427946,17.797875482691488,18.121753692626953,242065,0.0,0.0,-0.02021948643135135
2014-12-11,18.198867148010745,18.808065739727432,18.06777355675579,18.36080551147461,225931,0.0,0.0,0.013105179318395001
2014-12-14,17.913545690981515,18.58443678404692,17.8827009180705,18.414785385131836,167349,0.0,0.0,0.002935638074471598
2014-12-15,18.353090330286623,18.90059926958097,18.299110886446943,18.862041473388672,285886,0.0,0.0,0.02399761942087743
2014-12-16,18.746368555902823,18.96999933185743,18.38393414443736,18.738656997680664,167713,0.0,0.0,-0.0065629056687799975
2014-12-17,18.715525499144096,19.101094620407903,18.12946025832358,18.16030502319336,339804,0.0,0.0,-0.031350439767071206
2014-12-18,18.515029271376697,18.954577831715785,18.268265270542784,18.831195831298828,224672,0.0,0.0,0.03627667789647391
2014-12-21,19.047117393671787,20.057308197021484,19.047117393671787,20.057308197021484,292197,0.0,0.0,0.06307873858374743
2014-12-22,20.0495952339671,20.0495952339671,19.363282637008297,19.748851776123047,157117,0.0,0.0,-0.015498234204426305
2014-12-23,19.55607080926945,19.70258605012745,19.33243996138647,19.455821990966797,53636,0.0,0.0,-0.014948995310307906
2014-12-28,19.5406471677194,20.16526885969697,19.49437927556582,20.065021514892575,91386,0.0,0.0,0.030831719549161397
2014-12-29,20.095862984040473,20.095862984040473,19.664025962960665,19.6794490814209,105942,0.0,0.0,-0.019403178576055776
2014-12-30,19.486665298006155,19.671738314494405,19.332437048851155,19.43268585205078,57766,0.0,0.0,-0.012618411345045422
2015-01-01,19.43268877968912,19.571492459844627,19.21676949250864,19.455821990966797,67685,0.0,0.0,0.0011898703719398218
2015-01-04,19.27074608204537,19.44039597979281,18.923734726994297,19.27845764160156,111246,0.0,0.0,-0.009158068288769576
2015-01-05,18.95458055826804,19.30159340362577,18.89288954918552,19.093385696411133,139509,0.0,0.0,-0.009646311680005421
2015-01-06,19.062537107358832,19.24761011179966,18.85433089663134,19.116518020629883,92457,0.0,0.0,0.0012108026869752924
2015-01-07,19.278461925282823,19.34786450588024,18.746375964312644,18.900604248046875,144188,0.0,0.0,-0.011358886796456047
2015-01-08,19.124232436583156,19.93392866892625,18.869756814036432,19.671741485595703,101601,0.0,0.0,0.03998927124037862
2015-01-11,19.309304708883744,19.60233663045258,19.20520085664978,19.463531494140625,80311,0.0,0.0,-0.010640628778655485
2015-01-12,19.20905861114392,19.482812407029844,19.124232911246363,19.21677017211914,120573,0.0,0.0,-0.012759190546510006
2015-01-13,19.232192972473225,19.432689141986703,18.89289164938658,18.93144798278809,173670,0.0,0.0,-0.01495889053901382
2015-01-14,18.92373717238661,19.185922877029732,18.877467809070367,18.89289093017578,182839,0.0,0.0,-0.00203874368068404
2015-01-15,18.60756951688168,19.147367001808416,18.592147866238204,18.8697566986084,182166,0.0,0.0,-0.001225244304315511
2015-01-18,19.054823816366117,19.185917366449875,18.754080395338995,18.87746238708496,113036,0.0,0.0,0.00040827847826922987
2015-01-19,18.81577691510455,19.047119320667225,18.6769717659329,18.96229362487793,118115,0.0,0.0,0.004483717066500909
2015-01-20,19.016271015814304,19.263035044987397,18.91216716522635,18.97000312805176,181021,0.0,0.0,0.0004064875549299397
2015-01-21,18.969999023118714,19.070246336716576,18.800347686650976,18.908308029174805,209613,0.0,0.0,-0.0032575450989796137
2015-01-22,19.19363227501587,19.209055394383544,18.939156688767703,19.18592071533203,160267,0.0,0.0,0.014575310221609272
2015-01-26,19.247608877974695,19.602333216869585,19.01626800496063,19.594621658325195,203730,0.0,0.0,0.021078409428787095
2015-01-27,19.355571334653767,20.07273017825955,19.31701353773275,19.887657165527344,142411,0.0,0.0,0.014844172968908645
2015-01-28,19.856810831556132,19.887657068943145,19.53293269314029,19.664026260375977,179448,0.0,0.0,-0.011308408084677334
2015-01-29,19.810545124147957,20.44287835180075,19.795122003758937,20.23467063903809,307359,0.0,0.0,0.02860661312239436
2015-02-01,20.242377214253153,20.3657592053213,20.05730422765093,20.14212989807129,135348,0.0,0.0,-0.0045838650796084105
2015-02-02,20.31178391841772,20.944117119554836,20.30407235854658,20.635662078857425,267904,0.0,0.0,0.0242071116064274
2015-02-03,20.635662056284616,21.275706816592745,20.635662056284616,20.71277618408203,210097,0.0,0.0,0.0037299689114956287
2015-02-04,20.782180385031147,21.283420048856083,20.782180385031147,21.082923889160156,204238,0.0,0.0,0.01771270163602572
2015-02-05,21.26027931953188,21.39908442682234,20.78217447311956,20.86699867248535,153403,0.0,0.0,-0.010294518340606173
2015-02-08,20.805313330119542,20.805313330119542,20.496858269457935,20.58939552307129,245893,0.0,0.0,-0.013392737316183215
2015-02-09,20.69735674675719,21.275710601892,20.681933624287755,20.99810028076172,246649,0.0,0.0,0.01965580799337881
2015-02-10,25.061999667774547,25.763735540805843,23.905291990800336,25.447568893432617,872778,0.0,0.0,0.19218824280719407
2015-02-11,25.21622085571289,25.586366855262533,24.367968503622865,25.21622085571289,548167,0.0,0.0,-0.009132741426022252
2015-02-12,25.60179362954539,26.8279037151494,25.424432163283093,26.450044631958008,422062,0.0,0.0,0.0477703735197885
2015-02-15,26.419200568738628,27.86894159971707,26.3652211155012,27.676156997680664,444011,0.0,0.0,0.04531343861025125
2015-02-16,27.62988778881125,28.33162355177289,27.182626145205735,27.69928741455078,419042,0.0,0.0,0.0008354034341702932
2015-02-17,27.68386538781695,27.76097803903954,26.997549848635956,27.413965225219727,407587,0.0,0.0,-0.010354124451965532
2015-02-18,27.566165568673263,27.566165568673263,26.688706511308695,26.8673038482666,257516,0.246,0.0,-0.020142486303996343
2015-02-19,27.33321446425055,27.33321446425055,26.533405339529804,26.766361236572266,243783,0.0,0.0,-0.003764155618360504
2015-02-22,26.867303612124527,26.867303612124527,26.401397777386418,26.541170120239254,203599,0.0,0.0,-0.008448804518035017
2015-02-23,26.440223027317803,27.069198576278698,26.347042451894477,26.983781814575195,249852,0.0,0.0,0.016538895129885205
2015-02-24,27.20120131063899,27.37203481624758,26.405278671290393,26.99154281616211,284905,0.0,0.0,0.0002875759133824086
2015-02-25,26.991539752523988,27.030367699141937,26.238325575070096,26.789648056030273,220957,0.0,0.0,-0.007508041576206545
2015-02-26,26.789653957925843,27.263326574315464,26.49457867913021,27.123554229736328,252197,0.0,0.0,0.012386963823264263
2015-03-01,27.1779132062498,28.76199800118901,27.1235576168099,28.389272689819336,315424,0.0,0.0,0.04560884146881079
2015-03-02,28.73093098367228,29.286136930626817,28.109722257537765,28.334911346435547,192226,0.0,0.0,-0.0019166907713059982
2015-03-03,28.544567733919628,28.87070417619045,28.078661915997827,28.094192504882812,187214,0.0,0.0,-0.008531778295486896
2015-03-04,28.303851053141585,28.55233455135222,28.032070190490803,28.148548126220703,183475,0.0,0.0,0.0019328943664923095
2015-03-05,28.249499098110057,28.39703526843089,27.31768437916822,27.643817901611328,180923,0.0,0.0,-0.018093657981219445
2015-03-08,26.952715918876237,27.333207892020543,26.87506594663776,27.08472442626953,206497,0.0,0.0,-0.020432224287013544
2015-03-09,27.294385345663947,28.23784710726184,27.294385345663947,27.799116134643555,208093,0.0,0.0,0.026034331819131055
2015-03-10,27.52733416171229,27.56615914554234,26.983775501622432,27.472978591918945,100171,0.0,0.0,-0.011801301522829995
2015-03-11,27.43415628774491,28.90176273982784,27.43415628774491,28.521270751953125,157053,0.0,0.0,0.037447226123105866
2015-03-12,28.334909855476187,28.334909855476187,27.387564746621525,27.54286766052246,123153,0.0,0.0,-0.034906536087077444
2015-03-15,27.37204183976356,28.28055925346052,27.27109447307805,27.822420120239254,80857,0.0,0.0,0.010098559825822567
2015-03-16,28.156315643632823,28.544571530932632,27.93889329463528,28.01654624938965,120368,0.0,0.0,0.006953098306286512
2015-03-17,27.752529070128205,28.001012573652822,27.286620279401777,27.612756729125977,107660,0.0,0.0,-0.01451740684652557
2015-03-18,27.410864909979473,27.68264580698616,27.29438992168289,27.65158462524414,236328,0.0,0.0,0.001405170189508033
2015-03-19,27.68264137604665,28.42032507032186,27.68264137604665,28.10195541381836,257287,0.0,0.0,0.016156125137365727
2015-03-22,27.806879749741174,28.299963282023057,27.271084882960693,27.488510131835938,164968,0.0,0.0,-0.022071057622550273
2015-03-23,27.480749453829212,28.26502795431713,27.3487438825106,28.032072067260746,223356,0.0,0.0,0.019581181666846068
2015-03-24,28.22620380444909,28.30385676465782,27.876775851061225,28.125259399414062,172919,0.0,0.0,0.0033187979290754837
2015-03-25,28.032068678001952,28.032068678001952,27.333209987800785,27.36427116394043,131193,0.0,0.0,-0.027429893208701178
2015-03-26,27.643815189571917,27.96995164217624,27.27108993099344,27.90782928466797,202784,0.0,0.0,0.01966907861954749
2015-03-29,27.768057962466365,28.140786196893725,27.441924460038862,28.032072067260746,355886,0.0,0.0,0.004442016660078383
2015-03-30,28.17961163897399,29.158015123978387,28.17961163897399,28.862939834594727,393414,0.0,0.0,0.0292091278851188
2015-03-31,29.041544876017763,29.119194877494675,28.350446829379436,28.769763946533203,262886,0.0,0.0,-0.0032334408462231126
2015-04-01,28.707632115740022,29.17353784731539,28.591154201767985,28.730926513671875,138259,0.0,0.0,-0.0013508512143547546
2015-04-06,28.629980700755013,28.971647686670007,28.078658198045986,28.26502227783203,118865,0.0,0.0,-0.01634904316352866
2015-04-07,28.43585809083376,29.080364234236548,28.43585809083376,29.04930305480957,127282,0.0,0.0,0.027369413477273386
2015-04-08,28.948353590842817,29.28225383993058,28.769756265402805,28.777523040771484,91394,0.0,0.0,-0.009399859322483061
2015-04-09,29.119190113656472,29.19684010243001,28.808584234247924,28.92506217956543,59690,0.0,0.0,0.005113790300842265
2015-04-12,28.979411887708743,29.39096207663753,28.61445049773396,28.76198959350586,93905,0.0,0.0,-0.005653713109772286
2015-04-13,28.614459949774236,28.816354685787516,28.350445807250576,28.59116554260254,68769,0.0,0.0,-0.005956936654659137
2015-04-14,28.598925263397135,28.684339056004603,27.674874511481576,28.02430534362793,128651,0.0,0.0,-0.020025591369320642
2015-04-15,28.31938267723995,28.60669117714388,28.156312968825823,28.272790908813477,79821,0.0,0.0,0.00882770854622929
2015-04-16,28.27278445994632,28.529034684607055,27.224495087794757,27.325439453125,125541,0.0,0.0,-0.034081773782553726
2015-04-19,27.28662201478952,27.465219359171545,26.937191140060676,27.21673583984375,122376,0.0,0.0,-0.003986044070514595
2015-04-20,27.410862228143653,27.89229864941267,27.410862228143653,27.88453483581543,111154,0.0,0.0,0.024240155863093565
2015-04-21,27.876771068070877,28.420326885483004,27.799118121185543,27.90782928466797,140729,0.0,0.0,0.0008350408007742042
2015-04-22,27.923365574042588,28.125260315000197,27.566170831927003,27.96995735168457,127775,0.0,0.0,0.0022237134417064626
2015-04-23,28.218431837932723,28.831876716664382,28.218431837932723,28.684337615966797,144808,0.0,0.0,0.025220263710489927
2015-04-26,28.808582561030452,29.577330438730872,28.808582561030452,29.313316345214844,225114,0.0,0.0,0.021690649413473557
2015-04-27,29.398732270893532,29.678276945760494,29.27449052230343,29.491912841796875,127100,0.0,0.0,0.006074189257389667
2015-04-28,29.57732451147436,29.95004969312859,29.119182586953368,29.181304931640625,132267,0.0,0.0,-0.010587822641575822
2015-04-29,28.73093492364097,29.499682864136236,28.319384641544005,28.443626403808594,256882,0.0,0.0,-0.02560415467597534
2015-04-30,28.265024407286447,28.653280220781276,27.993243560545995,28.536802291870117,152851,0.0,0.0,0.003270455250835929
2015-05-03,28.56786312750567,29.54626646250682,28.56786312750567,29.468616485595703,256334,0.0,0.0,0.03213128637245469
2015-05-04,29.895700754646263,32.3339470435476,29.895700754646263,32.03887176513672,461179,0.0,0.0,0.08362405914535619
2015-05-05,31.448722606205816,31.448722606205816,29.794751921216232,31.02940559387207,349133,0.0,0.0,-0.03201458583381876
2015-05-06,29.895693413828564,30.369365913291382,28.614448225516224,29.49967384338379,429896,0.0,0.0,-0.05055611529533944
2015-05-07,29.499678946615063,30.72656581577915,29.499678946615063,29.981115341186523,185283,0.0,0.0,0.01618848769571547
2015-05-10,31.060464639192492,31.8214456673939,30.28395302321268,30.726564407348633,210883,0.0,0.0,0.02455987576321329
2015-05-11,30.780926812035,31.44872742386977,30.780926812035,31.07600212097168,337069,0.0,0.0,0.01130831475218648
2015-05-12,31.060467574831662,31.060467574831662,30.43925881576643,30.765392303466797,184775,0.0,0.0,-0.010045453612117408
2015-05-13,30.547971494156485,30.65668266211764,29.833579164164792,30.043237686157227,333762,0.0,0.0,-0.02375283147264123
2015-05-14,30.283952014075357,30.29171582662748,29.15800961599251,29.37543487548828,273151,0.0,0.0,-0.02247882362784696
2015-05-17,29.352140754347197,29.43755751263479,28.311614990234375,28.311614990234375,269869,0.0,0.0,-0.036886632495058996
2015-05-18,28.26502355267246,29.064829556398916,27.845706575858777,28.661043167114254,242818,0.0,0.0,0.012266675621162565
2015-05-19,28.45138868054725,29.19683921385205,28.342677514709937,29.04930305480957,125955,0.0,0.0,0.013455672028753862
2015-05-20,29.08812863047109,30.369374166996835,29.08812863047109,30.190776824951172,230105,0.0,0.0,0.038541982806933495
2015-05-21,30.33054543662663,30.78092064322637,30.11312016522559,30.237361907958984,183772,0.0,0.0,0.0015418344239404693
2015-05-24,30.38490295982796,30.68774204200002,29.965585940440334,30.35384178161621,191991,0.0,0.0,0.003844783072513509
2015-05-25,30.40819431589503,30.625616617280343,29.961699550844457,30.089824676513672,101109,0.0,0.0,-0.008736028096250244
2015-05-26,29.87240977612708,30.23736830642127,29.670515050114822,29.701576232910156,126489,0.0,0.0,-0.012986947773125106
2015-05-27,29.8491086598386,30.089828353039454,29.422027817581707,29.77922248840332,119994,0.0,0.0,0.0026108021838070353
2015-05-28,29.81028381068431,30.439259356627147,29.81028381068431,30.058767318725582,173253,0.0,0.0,0.009343457723553173
2015-05-31,29.98111546399705,30.408196281680368,29.561798459512232,30.175243377685547,220760,0.0,0.0,0.0038674563686888846
2015-06-01,30.175246565547972,30.283957734753216,28.831881616362654,28.862939834594727,220319,0.0,0.0,-0.04446341896322782
2015-06-02,28.730933819786937,29.282256433519184,28.148550026142605,28.179611206054688,274412,0.0,0.0,-0.023959703957320434
2015-06-03,28.319386791591512,28.319386791591512,26.688710205638603,26.85177993774414,413220,0.0,0.0,-0.04826659890485619
2015-06-04,26.494578526754417,27.201204059326287,26.24609501829994,26.90613174438477,336138,0.0,0.0,0.0020220958537901738
2015-06-08,26.89059852228713,27.830176881782116,26.86730115916731,27.13131523132324,230141,0.0,0.0,0.008334397830316257
2015-06-09,27.33321769497263,27.744768027319314,27.076967362800644,27.527345657348633,226359,0.0,0.0,0.014491293786391435
2015-06-10,27.674874668165177,28.645514228424375,27.66711085503212,28.334911346435547,307257,0.0,0.0,0.028914762714705243
2015-06-11,28.03207485865765,28.428097536363204,27.853477499711843,27.938894271850582,302720,0.0,0.0,-0.014074882900523614
2015-06-14,27.95441740986677,28.30384821992143,27.83405906057553,28.249492645263672,230949,0.0,0.0,0.011055720020608117
2015-06-15,28.26502242254588,28.707633781877732,28.210666849445936,28.428089141845703,232683,0.0,0.0,0.0063022126940915175
2015-06-16,28.73092855837764,29.585090114439737,28.66104239745208,28.98717880249023,312403,0.0,0.0,0.019475911302385938
2015-06-17,28.90952380951431,29.27448517528073,28.56785980383614,28.730926513671875,359076,0.0,0.0,-0.008879500500166178
2015-06-18,28.94058759064798,29.530735101324904,27.597222882600548,28.29608154296875,1349979,0.0,0.0,-0.015250787784460885
2015-06-21,28.334910609183694,28.971649907173727,28.148546515113953,28.65328025817871,184041,0.0,0.0,0.01254459710072386
2015-06-22,28.54456851227723,29.41426374060977,28.54456851227723,29.336610794067383,218189,0.0,0.0,0.023568320400460373
2015-06-23,29.41425748718462,29.88792999284153,28.68433475565178,28.730926513671875,294613,0.0,0.0,-0.02086212971672316
2015-06-24,28.917293467140528,28.917293467140528,28.435854139394397,28.684337615966797,97350,0.0,0.0,-0.0016228753324229327
2015-06-25,28.420325022392426,28.50574177728829,27.760291308999236,28.07866096496582,211937,0.0,0.0,-0.021341354547636922
2015-06-28,27.68264364745701,27.729232454278307,26.906131937426316,27.17790985107422,220424,0.0,0.0,-0.03260538607652537
2015-06-29,27.263316624929168,27.760283463334815,26.875060912155256,27.71369171142578,264460,0.0,0.0,0.01952207117422893
2015-06-30,27.51180996736719,28.65328312253039,27.51180996736719,28.637752532958984,250756,0.0,0.0,0.03279928931662983
2015-07-01,28.73093922059267,29.63169287226548,28.73093922059267,29.546276092529297,344625,0.0,0.0,0.031231849351396963
2015-07-02,29.429794289880792,29.43755810344595,28.73869639630039,29.282255172729492,851767,0.0,0.0,-0.00897600829976016
2015-07-05,28.855174972825523,29.274492006383387,28.210671795015113,28.831880569458008,156304,0.0,0.0,-0.015499967927630453
2015-07-06,28.940594160116387,29.85687829001883,28.839646800135313,29.825817108154297,281259,0.0,0.0,0.033892625235489145
2015-07-07,29.69380081041581,30.28394824204014,29.445314407348633,29.445314407348633,226123,0.0,0.0,-0.012839570238079388
2015-07-08,29.266720764662075,29.779218295644775,28.591156510675024,29.37543487548828,182025,0.0,0.0,-0.0023760174968022177
2015-07-09,29.66274217422715,30.019936780786708,28.925055600049618,29.111419677734375,153053,0.0,0.0,-0.00902825064115074
2015-07-12,29.274492490652666,30.03547362220327,29.119189553933587,29.60062599182129,181008,0.0,0.0,0.016664983493200333
2015-07-13,30.05876627487809,30.276191558481504,29.810282775465872,29.996646881103516,191422,0.0,0.0,0.013290095306738433
2015-07-14,30.012175785737515,30.78092064322637,29.965584021403693,30.237361907958984,249842,0.0,0.0,0.007992704226943417
2015-07-15,30.74986034339565,30.96728562099345,29.918993109781415,30.175243377685547,200720,0.0,0.0,-0.002056476520813063
2015-07-16,30.57903871354443,30.897408466375985,30.29172718472351,30.71104431152344,168285,0.0,0.0,0.017600506968217033
2015-07-19,30.811980427591216,31.21576681377385,30.641146928241,31.1070556640625,108445,0.0,0.0,0.012812324221302603
2015-07-20,31.495320275928087,31.55743968079268,30.8275196412281,31.19247817993164,169461,0.0,0.0,0.0027423180923531634
2015-07-21,31.161413703977896,31.21576928313343,30.283954699934824,30.42372703552246,231364,0.0,0.0,-0.024954183199252338
2015-07-22,30.49360798622504,31.31671127028946,30.485841212156252,31.091522216796875,160052,0.0,0.0,0.021712385918860135
2015-07-23,31.075995178121698,31.20800073079553,30.447019703790325,30.703269958496097,118023,0.0,0.0,-0.012566022266007044
2015-07-26,30.58678998796898,30.613967774183585,30.01217309024411,30.447017669677734,128759,0.0,0.0,-0.00838111475029177
2015-07-27,30.136420227076,30.4625537201464,29.554036450458515,30.004411697387695,179148,0.0,0.0,-0.014643620046795655
2015-07-28,30.478089999702497,30.478089999702497,29.600630783045776,29.67051696777344,202688,0.0,0.0,-0.011190569356791085
2015-07-29,29.973351652549365,30.346079890386488,29.748165501642458,30.29172134399414,178108,0.0,0.0,0.0207205941394419
2015-07-30,30.415957201898205,31.518605187093303,30.322776641594423,31.41765785217285,203159,0.0,0.0,0.03649563462097746
2015-08-02,31.56520537696928,31.611794188483167,30.97505475909593,31.07600212097168,168982,0.0,0.0,-0.010934201494326418
2015-08-03,31.075994370565073,32.21746736248834,31.075994370565073,32.163108825683594,301254,0.0,0.0,0.03438422176476509
2015-08-04,32.24852255168935,33.6229483007011,31.72049447990552,32.046630859375,348683,0.0,0.0,-0.003628050655370609
2015-08-05,32.264063897629185,33.13375626266238,32.240769492097115,32.3883056640625,210839,0.0,0.0,0.0106053649020517
2015-08-06,32.03110404095874,32.45818483574018,31.813681737176925,31.992279052734375,207725,0.0,0.0,-0.012302827265664623
2015-08-09,31.95345687866211,32.13981802341463,31.805917763396295,31.95345687866211,314880,0.0,0.0,-0.0012142225991005732
2015-08-10,31.448719350295843,32.29511710067896,29.06482900935706,31.89133071899414,1248215,0.0,0.0,-0.0019461629246324988
2015-08-11,31.448726409636627,32.99398612175564,31.425432004630935,32.8464469909668,604281,0.0,0.0,0.02950937194945808
2015-08-12,32.81538333971701,33.12598920648298,31.883571663733267,31.93792724609375,471923,0.0,0.0,-0.02804933506785721
2015-08-13,32.61348775079435,32.66007951395762,31.308948003790036,31.992279052734375,221601,0.0,0.0,0.0017003486421320992
2015-08-16,32.02334152235387,32.99398107797356,32.02334152235387,32.473716735839844,121560,0.0,0.0,0.014936452243257847
2015-08-17,32.644544809468805,33.27351724099194,32.17863612306151,32.83090591430664,261335,0.0,0.0,0.010939278904574572
2015-08-18,32.83090192304383,32.88525748552654,32.38052683930767,32.6678352355957,145152,0.0,0.0,-0.004979363352025294
2015-08-19,31.89910238289692,32.6600835011927,31.89910238289692,32.03887176513672,179230,0.0,0.0,-0.01944105362354596
2015-08-20,31.391661026639625,31.80594245311957,30.946112289757274,31.30567741394043,300109,0.272,0.0,-0.023150440133010233
2015-08-23,30.62562086859218,31.09461846040024,30.187887596241083,30.63343620300293,405884,0.0,0.0,-0.021707369340575457
2015-08-24,29.703248895068825,31.42291126956703,28.960667076329457,31.25094413757324,578978,0.0,0.0,0.019957489344623512
2015-08-25,30.34422286364772,31.360386358806036,30.328589212114316,30.953920364379883,189427,0.0,0.0,-0.009549929349649308
2015-08-26,31.110251982226693,32.126415414812804,31.110251982226693,31.493268966674805,215150,0.0,0.0,0.01727418062164984
2015-08-27,31.80593753771902,32.0404393476815,30.907024866182233,31.321306228637695,291828,0.0,0.0,-0.005475263252232631
2015-08-30,31.08680467924898,31.594884932125066,30.66470503644304,30.993005752563477,157668,0.0,0.0,-0.010537018004260466
2015-08-31,30.81322538051875,31.931006297421593,30.81322538051875,31.15715980529785,353408,0.0,0.0,0.005282509965536076
2015-09-01,30.79758506720268,30.79758506720268,29.851768676960393,30.359851837158203,292207,0.0,0.0,-0.025922995792896326
2015-09-02,30.336405447639216,30.71160411325904,29.281156405132883,29.312423706054688,285855,0.0,0.0,-0.03510962889192305
2015-09-03,29.39058155073644,30.359846761720743,29.3046009676462,30.140981674194336,226886,0.0,0.0,0.02787431972093271
2015-09-06,30.14099544915627,30.164444438732648,29.695446756317857,30.04719352722168,127384,0.0,0.0,-0.003116499962629926
2015-09-07,30.94610730279432,30.94610730279432,30.266059811113205,30.84449005126953,244940,0.0,0.0,0.026188866719882974
2015-09-08,31.00082272667963,31.47763868375052,30.813221881574226,31.094621658325195,166263,0.0,0.0,0.00807673729573311
2015-09-09,30.289509618549737,30.82885723249781,30.11754241621219,30.617807388305664,220413,0.0,0.0,-0.01545308670775404
2015-09-10,30.563081000611888,30.695965517212873,30.070634508596797,30.18006706237793,145929,0.0,0.0,-0.014400105073406572
2015-09-13,30.617797277502454,30.63343092544454,29.804868457208283,30.18006706237793,158138,0.0,0.0,0.0
2015-09-14,30.062823015995207,30.46928900928997,29.42967653063236,29.867406845092773,162116,0.0,0.0,-0.010413861651860713
2015-09-15,30.101905151935743,30.63343736647347,30.031555212311215,30.29732131958008,263913,0.0,0.0,0.01429148954746812
2015-09-16,30.805402432608787,30.86793703323115,30.406754789989805,30.602170944213867,215419,0.0,0.0,0.010011649018178139
2015-09-17,30.51618493041633,31.5870645354227,30.281686160374488,31.35256576538086,201217,0.0,0.0,0.024225153994751364
2015-09-20,30.586538268504743,30.742871793227348,30.24260391775222,30.320772171020508,305693,0.0,0.0,-0.03346307849406239
2015-09-21,30.75850728443376,31.227507932132227,30.40676052592796,30.617807388305664,86924,0.0,0.0,0.00974875265893204
2015-09-22,30.203521105282647,30.594353423895132,29.781421485545813,29.836137771606445,193815,0.0,0.0,-0.0258614447785768
2015-09-23,30.055008170089476,30.6256230405896,29.890859299496466,30.531824111938477,321634,0.0,0.0,0.023049217429855218
2015-09-24,30.727243748298815,30.97737624076232,30.305144049086216,30.907026290893555,178861,0.0,0.0,0.0122139929677263
2015-09-27,30.852314134179817,31.852844238281257,30.57091429694756,31.85284423828125,148407,0.0,0.0,0.030143132966246575
2015-09-28,31.14933696881663,31.649604879397184,30.91483815618417,31.08680534362793,339013,0.0,0.0,-0.024343215395084012
2015-09-29,31.008637671744474,31.555803566118684,30.93829071025611,31.45418930053711,192402,0.0,0.0,0.011748715699031341
2015-09-30,31.383840031235717,31.993537565076007,31.250955476892862,31.81375503540039,238020,0.0,0.0,0.01136656516716535
2015-10-01,31.376020459076784,31.970087298585977,31.321304168834384,31.641786575317383,115628,0.0,0.0,-0.00542013752380116
2015-10-04,31.75122274395668,32.54070584692528,31.75122274395668,32.51725387573242,122581,0.0,0.0,0.027292229925010673
2015-10-05,32.853367258510765,33.25201793590403,32.62668675567509,32.72048568725586,219779,0.0,0.0,0.006230518418586667
2015-10-06,32.814285249587854,32.814285249587854,32.071703154248446,32.282752990722656,226440,0.0,0.0,-0.013468230882910843
2015-10-07,32.81428095667476,32.81428095667476,31.79811752948252,31.83720016479492,122963,0.0,0.0,-0.01389770189706401
2015-10-08,32.03262011750519,32.196768994349455,31.51672151755587,31.860652923583984,176057,0.0,0.0,0.0007363752061248884
2015-10-11,31.87629636704038,32.08734626572946,31.52454951770713,31.78249740600586,180286,0.0,0.0,-0.0024560555679883837
2015-10-12,31.555802968892856,31.79812009830777,30.97737276318706,31.08680534362793,177397,0.0,0.0,-0.022132278544154706
2015-10-13,32.04824721750045,33.298909330823776,32.04824721750045,33.23637771606445,567935,0.0,0.0,0.06686152672399343
2015-10-14,33.767912478326785,36.85548835093396,33.767912478326785,36.44120407104492,674448,0.0,0.0,0.09205512400529615
2015-10-15,37.43392420571311,37.496458816658766,36.5506422078991,36.76169204711914,534141,0.0,0.0,0.008756211591369651
2015-10-18,36.11291386325152,37.410477294261085,35.776797765295925,37.261959075927734,374527,0.0,0.0,0.013516616316970355
2015-10-19,37.41047149651983,38.22340346706968,37.24632263183594,37.24632263183594,550209,0.0,0.0,-0.00041972365924855136
2015-10-20,37.355745808241416,37.39482843545336,36.61316396396128,37.19159698486328,416844,0.0,0.0,-0.001470370400305155
2015-10-21,36.82423160342218,36.82423160342218,36.02693309767704,36.19108200073242,380854,0.0,0.0,-0.027270113348228677
2015-10-22,36.3474099760067,37.12125937136514,36.11291115316952,36.425575256347656,413326,0.0,0.0,0.006458409944833264
2015-10-25,36.51155310037599,37.22286777392232,36.47247046636409,36.98836898803711,166669,0.0,0.0,0.015332366695101686
2015-10-26,36.86329713395839,36.89456442911288,36.355214024044734,36.66788101196289,454161,0.0,0.0,-0.008702316466727436
2015-10-27,36.76951740538328,36.96493362928713,36.54283387001924,36.64445114135742,171064,0.0,0.0,-0.000639179540876087
2015-10-28,36.97274583426099,37.14471305090971,36.27706461318527,36.449031829833984,192390,0.0,0.0,-0.0053471190369772555
2015-10-29,36.27705768102041,36.769507264348626,36.13635780006948,36.542823791503906,153144,0.0,0.0,0.002569930918802404
2015-11-01,36.7382293328372,36.855480193646024,36.05036377850615,36.28486251831055,186803,0.0,0.0,-0.007084183642049199
2015-11-02,36.73823322401426,37.480815130224066,36.589718035497725,37.43391418457031,402039,0.0,0.0,0.031176446125033706
2015-11-03,37.51990407297576,37.81693748179476,36.94928922301694,37.24632263183594,256166,0.0,0.0,-0.00502387124860704
2015-11-04,37.41046782918088,37.66060025993517,36.1050864107315,36.94146728515625,459207,0.0,0.0,-0.008218523909430987
2015-11-05,36.86331111356138,37.66842488732431,36.667894917458575,37.0352783203125,264734,0.0,0.0,0.0025362317489054566
2015-11-08,36.7382430367987,37.36357423680687,36.175443465884165,36.23015975952149,315548,0.0,0.0,-0.02197901200942486
2015-11-09,36.03474155601318,36.3083259906995,35.620460218288486,35.97220993041992,383562,0.0,0.0,-0.007145220514498083
2015-11-10,35.956574859122014,36.261423603663445,35.7846076773544,36.120723724365234,263728,0.0,0.0,0.004120071038899949
2015-11-11,35.839322556653684,36.09727331916311,35.79242458660759,35.98002243041992,181713,0.0,0.0,-0.003902913078003858
2015-11-12,35.589192572680716,36.09727581663546,34.98731040033011,35.79242706298828,338281,0.0,0.0,-0.005227515459088339
2015-11-15,35.0967427766287,35.6204566429352,35.0967427766287,35.35469055175781,184322,0.0,0.0,-0.012305264060722422
2015-11-16,35.88622809500863,36.82422637939453,35.51102937761714,36.82422637939453,234315,0.0,0.0,0.04072488168477544
2015-11-17,36.59753527776241,36.96491858334529,36.019105160263535,36.535003662109375,234457,0.0,0.0,-0.007885148621894846
2015-11-18,36.847668614940424,38.00453186035156,36.58190253276396,38.00453186035156,312724,0.0,0.0,0.03943460661965137
2015-11-19,38.00453990349923,38.05925619830843,37.238508794356065,37.87165832519531,281999,0.0,0.0,-0.0035023811990996805
2015-11-22,37.67623601436555,38.56733322143555,37.67623601436555,38.56733322143555,262379,0.0,0.0,0.01820259766608338
2015-11-23,38.38755239763136,38.54388592789986,37.98890174635598,38.35628509521485,280109,0.0,0.0,-0.0054872264302622915
2015-11-24,38.496988113953954,38.778387895024416,38.246855637850054,38.55170440673828,195999,0.0,0.0,0.005081909782339844
2015-11-25,38.64549818169747,39.38026484126876,38.51261662604713,38.653316497802734,191615,0.0,0.0,0.0026322679158703633
2015-11-26,39.0832348971773,39.56786617499433,38.62205260611804,38.78620147705078,183546,0.0,0.0,0.0034319715089786594
2015-11-29,38.78619082961403,39.23173934658645,38.59859302342216,38.80964279174805,199948,0.0,0.0,0.0006041899699978844
2015-11-30,39.05978266205814,39.880529930279536,38.8252808867258,39.71638107299805,375724,0.0,0.0,0.023094982762023045
2015-12-01,39.66948291078727,40.177566150646165,39.20048529077456,39.73201751708984,199858,0.0,0.0,0.0003936251597557332
2015-12-02,39.47406493605183,39.896164563874684,39.294282423863734,39.43498229980469,265376,0.0,0.0,-0.007504051229124251
2015-12-03,38.692400468757135,38.9659819056086,38.25466718798078,38.84091567993164,245268,0.0,0.0,-0.01517907916641619
2015-12-06,39.5834910007039,39.85707537307061,38.55951238307897,38.80182647705078,246225,0.0,0.0,-0.0010068991665534612
2015-12-07,38.41881903190568,39.19266537146497,38.25466718798078,38.84091567993164,227659,0.0,0.0,0.0010068991665535595
2015-12-08,38.60641661011671,39.57568208871007,38.450083083657915,38.90345001220703,212877,0.0,0.0,0.0016087171129401871
2015-12-09,38.880001068115234,38.91908370431789,38.25466696161671,38.880001068115234,250301,0.0,0.0,-0.0006029288872239682
2015-12-10,38.840915761827986,40.2557298655056,38.77838413976467,39.3724479675293,205564,0.0,0.0,0.01258627445790687
2015-12-13,38.60642068639011,39.552234297699634,38.52825540581461,39.106685638427734,174750,0.0,0.0,-0.006772840952657009
2015-12-14,39.286469983332466,39.91961951976255,38.55170617382485,38.58297348022461,229849,0.0,0.0,-0.013482362961293664
2015-12-15,41.42823197271749,43.90610781226761,41.42823197271749,41.77216339111328,690319,0.0,0.0,0.07941909249980895
2015-12-16,41.764350229059644,43.35112880848827,41.764350229059644,42.20208358764648,839688,0.0,0.0,0.01023942382984711
2015-12-17,41.95975871072064,44.74248594216446,41.81905883497374,44.50798416137695,573244,0.0,0.0,0.05319899849730204
2015-12-20,43.92174491091637,45.10206045217585,43.92174491091637,44.29694366455078,272714,0.0,0.0,-0.004752909535066665
2015-12-21,45.83682151709379,45.83682151709379,44.38292457156585,44.76594161987305,128165,0.0,0.0,0.010531935698830543
2015-12-22,46.10257447315136,46.35270688882652,44.57832801513402,44.890995025634766,120414,0.0,0.0,0.0027895998131612075
2015-12-23,45.336551977078784,45.336551977078784,44.164054943188816,44.4063720703125,75368,0.0,0.0,-0.010854244174176155
2015-12-27,44.4063720703125,44.4063720703125,44.4063720703125,44.4063720703125,0,0.0,0.0,0.0
2015-12-28,44.476726467345095,46.49342001712702,44.476726467345095,46.38398742675781,162677,0.0,0.0,0.043571326872742816
2015-12-29,47.33761682791406,47.33761682791406,43.46837584210963,44.93008804321289,299611,0.0,0.0,-0.031846618466542465
2015-12-30,44.94570860098967,46.81388627270587,44.94570860098967,45.1411247253418,187475,0.0,0.0,0.004686004813641576
2016-01-03,45.180226729702866,46.3136413333806,44.71904435917805,45.078609466552734,305668,0.0,0.0,-0.0013858446681184072
2016-01-04,44.68777262662603,45.938438024121794,44.3829238491671,45.25057220458984,270032,0.0,0.0,0.003807472681558339
2016-01-05,45.06297166165595,45.70393648442084,44.57052206013173,45.45380401611328,247115,0.0,0.0,0.004481198373994143
2016-01-06,45.64921762968462,45.92279906971474,44.43763501345792,44.531436920166016,360620,0.0,0.0,-0.020501126445579762
2016-01-07,44.117159813435315,45.32874262721221,43.62471314108701,44.3751106262207,201574,0.0,0.0,-0.003516646621969593
2016-01-10,43.77322561293651,44.2187742779516,43.24169334909141,44.09370803833008,163620,0.0,0.0,-0.0063616433717531675
2016-01-11,44.33602342383737,44.78938740630526,43.64034230716892,43.773223876953125,241692,0.0,0.0,-0.007294793970323518
2016-01-12,43.8592158277023,44.36729619826228,43.218250880228915,44.085899353027344,181664,0.0,0.0,0.0071176853268592015
2016-01-13,43.05409071803796,44.17968675012131,42.67888905886282,43.84357070922851,203628,0.0,0.0,-0.00551190078010271
2016-01-14,44.53143289526139,44.91444687668544,43.44491958618164,43.44491958618164,254630,0.0,0.0,-0.0091341686267378
2016-01-17,42.74924467527549,44.15624362952775,42.74924467527549,44.101524353027344,167289,0.0,0.0,0.015000428328030457
2016-01-18,44.03117266894792,44.82065268040176,43.82012284842523,44.62523651123047,256290,0.0,0.0,0.01180519237360912
2016-01-19,44.468912931455215,45.80555911208638,44.468912931455215,45.28184509277344,263948,0.0,0.0,0.01460664152273428
2016-01-20,46.11821454571637,46.3292643599297,44.539251588197885,44.72685241699219,313542,0.0,0.0,-0.012332135111328937
2016-01-21,45.2583833822703,45.914981792375634,44.76593382923782,45.64921569824219,213735,0.0,0.0,0.020412379663273843
2016-01-24,46.430885947720114,46.98586718791037,46.24328510135821,46.81389999389648,206398,0.0,0.0,0.025193741109935462
2016-01-26,46.852981543687854,47.173463954829494,46.18075239925029,46.587215423583984,360964,0.0,0.0,-0.00485401088377414
2016-01-27,46.50904782833012,47.63464387878958,45.875898372676254,46.97023010253906,340511,0.0,0.0,0.008187842594431229
2016-01-28,47.02494327032793,47.43140922925251,46.13384608345298,46.75136184692383,246526,0.0,0.0,-0.004670613226684684
2016-01-31,47.50176577961308,47.70499729647224,46.767002010273934,47.36888122558594,253394,0.0,0.0,0.013122113147155516
2016-02-01,47.40796375836878,47.52521167059683,46.32144735477859,46.57158279418945,223035,0.0,0.0,-0.016974955035465426
2016-02-02,45.922796162527526,46.64974449351775,44.74248390507173,44.82846450805664,304119,0.0,0.0,-0.03814723769433757
2016-02-03,45.375637745181805,45.41472038597789,41.35788144233171,42.18644714355469,464123,0.0,0.0,-0.06074429441914376
2016-02-04,41.94412879986445,42.13172964485924,37.942006264180165,40.92014694213867,888797,0.0,0.0,-0.030476479685771437
2016-02-07,40.623114893799595,42.131727984056575,39.356815949083455,41.08429718017578,457168,0.0,0.0,0.00400345271622604
2016-02-08,40.29481756763252,40.86543248158427,39.75546995955017,40.10721969604492,553262,0.0,0.0,-0.02406962435232076
2016-02-09,40.06031410535966,40.787262482792286,38.54388572780008,39.23956680297851,395091,0.0,0.0,-0.021870765445461324
2016-02-10,39.37244871065122,39.8961655916596,38.69240128062693,39.70856475830078,397327,0.0,0.0,0.011881306453396301
2016-02-11,39.06759710770044,39.71638016955093,38.582965881211344,39.16139602661133,379121,0.0,0.0,-0.013875435082690063
2016-02-14,39.72419984574689,40.26354741570506,39.31773384361924,40.11503219604492,381110,0.0,0.0,0.02405966547147934
2016-02-15,40.64656728248722,40.97486504849793,39.66948633819666,40.9279670715332,375719,0.0,0.0,0.02006248905094698
2016-02-16,47.68154361943448,48.455392934436574,42.58899890503922,43.39802169799805,854393,0.0,0.0,0.05860023622207581
2016-02-17,45.07860370081459,47.7440833017023,44.14060840708272,47.52521514892578,845184,0.0,0.0,0.09084655836066101
2016-02-18,47.47830872899642,47.47830872899642,45.938428525367755,46.61066055297851,380090,0.0,0.0,-0.01943113323298147
2016-02-21,46.65756378559465,47.79097817062591,46.65756378559465,47.01713180541992,305199,0.0,0.0,0.008682759592334438
2016-02-22,47.212553490484154,47.87696735492881,46.7748201440716,47.09530258178711,343422,0.0,0.0,0.0016612213859565157
2016-02-23,46.97805305557073,48.18181755726906,46.97023771960769,47.50177001953125,320502,0.0,0.0,0.00859371073744829
2016-02-24,47.978957518609434,48.15191228566308,45.31389705724123,45.80131149291992,368651,0.347,0.0,-0.03645424798865346
2016-02-25,46.06860355274176,46.162944151743126,45.12522155423398,45.746280670166016,340457,0.0,0.0,-0.0012022343369596264
2016-02-28,46.10792257188499,47.07489140703264,45.919244336250394,46.19439697265625,292731,0.0,0.0,0.009748021495039701
2016-02-29,46.02929372708363,46.79579530387942,45.777724809277096,46.44595718383789,207459,0.0,0.0,0.005430912517161894
2016-03-01,47.16922168059161,47.38148353802688,46.162945911065925,47.027713775634766,238297,0.0,0.0,0.012447657130722259
2016-03-02,47.192802450277505,47.31072669685412,45.879927299819535,46.30445098876953,303553,0.0,0.0,-0.015498992594343496
2016-03-03,46.13149723621207,46.27300513562498,42.92398884810393,43.43498992919922,626668,0.0,0.0,-0.06397275428563295
2016-03-06,44.29975659521987,44.45698792364919,43.78482691857855,44.33120346069336,615628,0.0,0.0,0.020423460306840203
2016-03-07,44.70069336171178,44.74786065753242,43.56077006268521,43.8752326965332,247790,0.0,0.0,-0.010338810762925227
2016-03-08,43.73372962455671,44.70855849868748,43.73372962455671,44.268314361572266,517166,0.0,0.0,0.0089191843083172
2016-03-09,44.747865765343704,45.754144509157705,44.72428211474139,45.290313720703125,320592,0.0,0.0,0.022824014770118903
2016-03-10,45.4318234469534,45.96640820762469,45.25100845421729,45.62049865722656,315289,0.0,0.0,0.007263962992753091
2016-03-13,46.24155947823632,46.32803686335371,45.5654668297967,46.045021057128906,206028,0.0,0.0,0.009262489021679794
2016-03-14,46.17080427105512,46.178667487091026,44.89723617661679,44.952266693115234,240416,0.0,0.0,-0.02401844985518845
2016-03-15,45.21168934435334,45.67552005884559,44.14252303538102,44.28403091430664,248774,0.0,0.0,-0.014977050545346262
2016-03-16,44.91295920122778,44.991573367242424,44.1818360613264,44.66925048828125,265875,0.0,0.0,0.008661220273319909
2016-03-17,45.16452826862079,45.471127715524275,44.574913024902344,44.574913024902344,1379427,0.0,0.0,-0.002114143823031292
2016-03-20,44.920823170888525,45.32962346597944,44.417685268911534,44.44126892089844,235259,0.0,0.0,-0.0030026945999207027
2016-03-21,44.889372720921834,45.589051996408955,44.85399724576379,45.44754409790039,225374,0.0,0.0,0.022390265974458742
2016-03-22,45.43182319285832,45.43182319285832,44.095361298654794,44.126808166503906,314460,0.0,0.0,-0.029491291222231705
2016-03-23,44.0324707750753,44.59064222383071,44.0324707750753,44.26045608520508,215163,0.0,0.0,0.003024146559770417
2016-03-28,44.284032906997,45.04659984559035,44.284032906997,44.84220123291016,287165,0.0,0.0,0.013058048579763622
2016-03-29,45.17239212187702,45.439684507169595,44.26831714143038,44.44126892089844,312697,0.0,0.0,-0.008981169891760817
2016-03-30,45.06232969463447,45.73055913784293,44.700699713579034,45.188114166259766,324613,0.0,0.0,0.016665573395087008
2016-03-31,44.68497341105086,45.17238783244032,44.61421946287028,44.78717422485352,195176,0.0,0.0,-0.008912282526006466
2016-04-03,44.81076227470649,45.14094539934545,44.34693145751953,44.34693145751953,184739,0.0,0.0,-0.00987829167946393
2016-04-04,44.20542097571443,44.952267569967816,43.83592778721325,44.00102233886719,325910,0.0,0.0,-0.007830648506385032
2016-04-05,43.98530309730976,44.33120966914692,43.26204008481934,43.977439880371094,283889,0.0,0.0,-0.0005360961868627412
2016-04-06,44.15038525194675,44.29189313728455,43.466432472105986,43.8752326965332,224811,0.0,0.0,-0.0023267870390707274
2016-04-07,43.42713361651625,44.07963965675136,43.42713361651625,43.90668487548828,224970,0.0,0.0,0.0007165981598705083
2016-04-10,44.02461115128499,44.3862411659967,43.529333436130216,44.37051773071289,311244,0.0,0.0,0.010508650251970989
2016-04-11,44.30761459020668,45.51042856292551,43.898814384035425,45.250999450683594,409422,0.0,0.0,0.019649523401443394
2016-04-12,45.47898084583606,47.53870526883921,45.43967376883415,47.01984405517578,493310,0.0,0.0,0.03834496933280508
2016-04-13,47.16136181965073,47.23211577266395,46.31231438349208,46.76042175292969,347130,0.0,0.0,-0.005532570455820428
2016-04-14,47.011988465208795,47.648774012094904,46.76828274890804,47.585880279541016,311568,0.0,0.0,0.01749892836349291
2016-04-17,47.71952894097614,49.53554202113085,47.71952894097614,49.17391204833984,324141,0.0,0.0,0.03282715549943331
2016-04-18,49.999368849099376,49.999368849099376,47.648771213323286,49.57484817504883,544269,0.0,0.0,0.008120371920787591
2016-04-19,50.046549026865456,51.12357885526109,49.96007163207846,50.18805694580078,460137,0.0,0.0,0.012293477075904967
2016-04-20,50.439614001356496,50.63615238634082,49.55125666258703,49.826412200927734,296000,0.0,0.0,-0.007231880029521153
2016-04-21,49.48051601283555,49.48051601283555,48.19122434090812,48.71794891357422,323311,0.0,0.0,-0.022497685876664807
2016-04-25,48.033992243504954,49.0953015903011,47.680225460178086,48.15191650390625,316066,0.0,0.0,-0.011686582807308466
2016-04-26,48.623595124899744,49.1660429854307,47.97894946366571,48.55284118652344,308001,0.0,0.0,0.008291773626683208
2016-04-27,48.9459257475121,49.07171021365683,48.073297700535726,48.78083419799805,214852,0.0,0.0,0.004684780011791167
2016-04-28,47.95537197790121,48.993094541442375,47.71166327019906,48.749385833740234,183047,0.0,0.0,-0.0006448947892765256
2016-05-01,48.96165258770752,49.65346869911362,48.89483024143595,49.370452880859375,260174,0.0,0.0,0.012659526345953692
2016-05-02,49.43334980858551,51.40659444821116,49.378319284699366,51.155025482177734,315079,0.0,0.0,0.035508612039179356
2016-05-03,50.9034485799585,52.14557278016441,50.77766111761426,50.85628128051758,341565,0.0,0.0,-0.005857096927581967
2016-05-04,50.84842161154441,50.84842161154441,50.06226791068434,50.17232894897461,285949,0.0,0.0,-0.013539981973472578
2016-05-05,49.73994365135565,50.71477553326307,48.74152811872846,50.612571716308594,363922,0.0,0.0,0.008736339759261738
2016-05-08,50.54968765735785,51.25722122192383,49.44120800988432,51.25722122192383,367450,0.0,0.0,0.012656511658389394
2016-05-09,51.30439227187792,51.94117485117677,50.927035855852495,51.272945404052734,255138,0.0,0.0,0.00030672304102550137
2016-05-10,52.4993421899268,53.0810942381448,51.75249858739869,52.88455581665039,425843,0.0,0.0,0.030948112677489346
2016-05-11,52.821678556354726,53.33267375528527,51.48521342640378,52.019798278808594,269037,0.0,0.0,-0.01648696345173686
2016-05-12,52.75090327636623,54.00089056987782,52.53864445181749,53.45844268798828,585263,0.0,0.0,0.027280197620238103
2016-05-15,53.7729191612428,54.08738186936602,53.19902426907713,53.42700958251953,363542,0.0,0.0,-0.0005881643517839228
2016-05-16,53.77291547495121,53.98517433960398,52.98676175747496,53.6392707824707,239052,0.0,0.0,0.003965048142479431
2016-05-17,53.26978069929178,53.50562322963814,52.25564162453392,53.30122756958008,467146,0.0,0.0,-0.006322101430900643
2016-05-18,53.33265687584755,53.576368568259255,52.41285861142933,52.688011169433594,335721,0.0,0.0,-0.011571424604817202
2016-05-19,52.89241536149118,55.67539993642176,52.82166441364502,55.25873947143555,613171,0.0,0.0,0.04763857074115206
2016-05-22,55.52604240895021,55.52604240895021,53.84367370605469,53.84367370605469,440375,0.0,0.0,-0.025941591590734243
2016-05-23,53.98516725127966,54.904965540465696,53.70215147031841,54.39397048950195,515077,0.0,0.0,0.01016839435264396
2016-05-24,55.02289487338661,55.38452484965919,54.45686325908982,54.61409759521485,416914,0.0,0.0,0.004038736009093266
2016-05-25,54.60622972126161,54.95213923335541,53.615674480732366,54.04806137084961,371183,0.0,0.0,-0.010418371025486449
2016-05-26,54.23673861378026,54.70842960402832,54.05592663315875,54.205291748046875,303429,0.0,0.0,0.0029048612949031842
2016-05-29,54.268196402070615,54.5512122527573,53.74147479024499,54.32322692871094,331820,0.0,0.0,0.002173349982543571
2016-05-30,54.40182878839957,55.42383090639131,53.631401589929915,54.14240264892578,6958335,0.0,0.0,-0.0033342257452209137
2016-05-31,54.000892734938375,54.614091583637254,52.821662334247925,52.95530700683594,646787,0.0,0.0,-0.022169367861816634
2016-06-01,54.18956394382033,54.346792253226354,52.71159744262695,52.71159744262695,570742,0.0,0.0,-0.004612797121561928
2016-06-02,52.908147533907794,53.615681080647626,51.7918046977895,52.53865432739258,529362,0.0,0.0,-0.0032863250771137708
2016-06-05,52.2949391044072,52.7980829675501,52.01978652150782,52.59368133544922,360452,0.0,0.0,0.0010468142410169946
2016-06-06,53.277626864129154,53.90655214364779,52.326381727317305,52.95530700683594,347532,0.0,0.0,0.006852307957658906
2016-06-07,53.00247898095843,54.692710570684504,52.672295879117016,54.63768005371094,415845,0.0,0.0,0.031275461824629563
2016-06-08,54.920685786331,55.305899334526586,54.0480548929565,54.425411224365234,364508,0.0,0.0,-0.003892592716524239
2016-06-09,54.14240176804226,54.87352487184856,54.07950803918501,54.22101593017578,234806,0.0,0.0,-0.0037625818110775177
2016-06-13,53.69429667403936,54.40183016047327,53.54492556127487,54.205291748046875,329725,0.0,0.0,-0.00029004367253383426
2016-06-14,53.96159235661661,54.80277662041654,53.678576529742145,53.7571907043457,269621,0.0,0.0,-0.008301098801620912
2016-06-15,54.008754324295566,54.40183115634394,53.58423662381462,53.725738525390625,216283,0.0,0.0,-0.000585249770883957
2016-06-16,53.81221147748904,54.00874987733068,52.868829557399586,53.35624694824219,453684,0.0,0.0,-0.006901124254440393
2016-06-19,53.77290186049026,53.92226695043756,52.994611556645275,53.49774932861328,275061,0.0,0.0,0.002648519812405384
2016-06-20,52.88455081606955,54.44900082170724,52.88455081606955,54.18170547485352,297427,0.0,0.0,0.01270372970971563
2016-06-21,54.71629538926034,54.86566650903889,53.86724796821905,54.370391845703125,267511,0.0,0.0,0.0034764240496157044
2016-06-22,54.260327344974435,54.58265325051949,53.985174741385315,54.165992736816406,142175,0.0,0.0,-0.0037664669099000694
2016-06-23,54.04806360934744,54.48830773542678,51.9175879308187,52.27135467529297,350321,0.0,0.0,-0.03560476197390913
2016-06-26,51.88613702038213,53.12039791867922,50.80124722373674,52.845245361328125,352893,0.0,0.0,0.010919234219725599
2016-06-27,53.8593901523465,54.142405956220685,52.279219580361705,52.75877380371094,478470,0.0,0.0,-0.0016376569306111183
2016-06-28,53.458455923144314,53.64713114699685,52.326392584274664,53.30122756958008,285687,0.0,0.0,0.010229275673148939
2016-06-29,53.85152506709176,53.97731253017073,53.332660778705545,53.560646057128906,386896,0.0,0.0,0.0048552208258015065
2016-06-30,53.62354556463872,54.58265408135737,53.33266652334432,54.10309982299805,251131,0.0,0.0,0.010076899176524219
2016-07-03,54.244607445211095,54.29177474975586,52.54651250707571,54.29177474975586,349723,0.0,0.0,0.003481255327792577
2016-07-04,54.55905559210379,54.55905559210379,52.404996622581976,52.92385482788086,325140,0.0,0.0,-0.025518558414491202
2016-07-05,51.32011228867928,52.64085073719133,50.219498914211485,50.74622344970703,499828,0.0,0.0,-0.042016978777532056
2016-07-06,50.974197564971774,52.75876963149016,50.78552237660181,52.46003341674805,430925,0.0,0.0,0.03321441106445931
2016-07-07,52.6487116460295,53.214743241708625,52.424654973624655,52.76663589477539,205278,0.0,0.0,0.0058274836162126335
2016-07-10,53.4584556980399,54.055934235247136,53.34839465143293,53.71788787841797,281391,0.0,0.0,0.01786695860279367
2016-07-11,54.1266818747282,54.17385517600715,53.48203607076631,53.59996032714844,294914,0.0,0.0,-0.0021977257410055817
2016-07-12,53.79650069426378,53.79650069426378,52.821671735595515,53.04179382324219,176817,0.0,0.0,-0.01046816240875034
2016-07-13,53.36411508757227,54.173858498862366,53.128272558219,53.71788787841797,186335,0.0,0.0,0.012665888149756018
2016-07-14,53.985174203104755,54.024484288029925,53.53706682519139,53.670711517333984,135108,0.0,0.0,-0.0008786102879499451
2016-07-17,53.67857457374781,55.03075992001416,53.61568083720592,54.94428253173828,175228,0.0,0.0,0.02345218351381368
2016-07-18,55.21157264263891,56.658092457757334,54.90103859677977,56.41438674926758,325084,0.0,0.0,0.026404583304229907
2016-07-19,56.60306521723077,58.80429793038483,56.60306521723077,57.66437149047851,355975,0.0,0.0,0.02191529411201108
2016-07-20,57.45212124868518,57.66438013600772,56.55590639487441,56.95684051513672,318921,0.0,0.0,-0.012345707213421342
2016-07-21,56.08420220511169,56.91752920754142,56.052761335172534,56.367218017578125,196907,0.0,0.0,-0.010406048386031147
2016-07-24,56.90179282809417,58.670638347871616,56.90179282809417,58.316871643066406,234272,0.0,0.0,0.03400369632980249
2016-07-25,58.01815128779123,58.87505602789707,57.61721118110635,58.65493392944336,228984,0.0,0.0,0.0057802515055724105
2016-07-26,58.85145964743062,58.96152067285654,57.71153931357248,58.43479919433594,221274,0.0,0.0,-0.0037601075448272883
2016-07-27,58.63919186534038,58.93793406036699,57.92379523604792,58.35618209838867,208763,0.0,0.0,-0.0013462873066304574
2016-07-28,58.7256936512368,59.34675594902512,58.35620635821379,59.118770599365234,256034,0.0,0.0,0.012983179740840112
2016-07-31,59.4882482975794,60.24295512042158,59.00083684829945,59.048004150390625,134820,0.0,0.0,-0.001197738663587455
2016-08-01,59.032273698518814,59.535417544033336,57.70367813110352,57.70367813110352,284105,0.0,0.0,-0.023029825500765728
2016-08-02,57.54644779667254,58.033865244452,57.15337095107266,57.28702163696289,256640,0.0,0.0,-0.007246817671687413
2016-08-03,57.60146939359831,58.875040335321835,57.37349013659217,58.35618209838867,220616,0.0,0.0,0.018491202095200433
2016-08-04,58.64706397179422,60.785402964512464,58.57631301879883,58.57631301879883,245203,0.0,0.0,0.0037650984910032356
2016-08-07,59.260271260014385,59.889196698902715,58.8436107058488,59.15807342529297,205465,0.0,0.0,0.009882671647026551
2016-08-08,59.228822896107786,59.621899786040686,58.52914651185742,58.88291931152344,182748,0.0,0.0,-0.004662017926979308
2016-08-09,58.72568549159414,59.39392100886706,58.19896389377817,58.52128982543945,237790,0.0,0.0,-0.0061604372181302556
2016-08-10,58.230393608709974,59.35459343284984,58.230393608709974,59.25239562988281,301936,0.0,0.0,0.012415595097891724
2016-08-11,59.590450310357184,61.13131077670653,59.40963232802534,60.46308135986328,242889,0.0,0.0,0.020226741546929546
2016-08-14,60.596730169729526,61.20992911159474,59.65334210711799,60.51811599731445,317049,0.0,0.0,0.0009098048696759011
2016-08-15,60.06213712530355,60.06213712530355,56.45368892919474,58.261844635009766,651373,0.0,0.0,-0.037995345038020184
2016-08-16,58.804305301549846,63.15173475699997,58.804305301549846,62.970916748046875,585229,0.0,0.0,0.07772556773527779
2016-08-17,63.41115785933057,63.434741509754765,60.03069468141101,60.53383255004883,715641,0.0,0.0,-0.03947055644634149
2016-08-18,60.51810889712815,61.39073390579613,59.68478197324178,60.01496505737305,391093,0.0,0.0,-0.008608475691668904
2016-08-21,60.6615259365328,62.13124692390501,60.09260693401715,60.3138542175293,194874,0.38826,0.0,0.004967883449187476
2016-08-22,60.653637602145025,61.499121863715175,60.511406323164195,60.866981506347656,245680,0.0,0.0,0.009129019897114959
2016-08-23,60.80376969816893,60.80376969816893,59.729134647087555,60.34547424316406,162668,0.0,0.0,-0.008604899188637717
2016-08-24,60.81167221195689,61.61765150262199,60.40078518251756,60.77216720581055,176738,0.0,0.0,0.007045955037132734
2016-08-25,60.82746743402897,60.97759607440705,59.74492919269044,60.35335922241211,113862,0.0,0.0,-0.006915299602728507
2016-08-28,60.843268227765904,61.03290789529085,59.5631869077658,60.35335922241211,146535,0.0,0.0,0.0
2016-08-29,60.98551207938566,60.98551207938566,60.0768125241837,60.84328079223633,212560,0.0,0.0,0.008084782521247842
2016-08-30,60.75635571940964,60.7800599269864,59.39725821866331,59.80815124511719,381328,0.0,0.0,-0.01715943074468789
2016-08-31,59.334049817661835,59.72123868116233,58.74932385874327,58.844146728515625,266673,0.0,0.0,-0.016249592212331333
2016-09-01,58.78092600922242,59.397259534014914,58.41744741840985,58.47275924682617,264227,0.0,0.0,-0.006331376014920467
2016-09-04,58.51226205720084,59.23131572557149,58.275207952420544,58.63078308105469,90543,0.0,0.0,0.0026988753201942182
2016-09-05,58.78883996394433,58.98638310493303,58.01446819871181,58.10929107666016,180958,0.0,0.0,-0.0089343008734366
2016-09-06,57.92754593667317,59.04959550498653,57.69839518076896,58.93106842041016,216324,0.0,0.0,0.014042862682827648
2016-09-07,58.44115526999075,58.773026261178984,57.08996106712077,57.22428894042969,184839,0.0,0.0,-0.02938998893567669
2016-09-08,56.971432717301695,57.72999754957886,56.102244223767705,57.12947082519531,230622,0.0,0.0,-0.001658330030570432
2016-09-11,56.04692818647947,56.18125604670388,54.91698142113338,55.0908203125,303960,0.0,0.0,-0.03633700826992429
2016-09-12,55.699255788604205,57.066256815887755,55.33577717539608,56.89241790771485,352994,0.0,0.0,0.03217897753296699
2016-09-13,56.82919161335709,56.82919161335709,55.70714836964002,56.110137939453125,263492,0.0,0.0,-0.013845571177911463
2016-09-14,55.928402266605474,56.03112853826355,55.23305271544013,55.912601470947266,263205,0.0,0.0,-0.003526724561254717
2016-09-15,56.18127492357691,57.43765258789063,55.70717253325699,57.437652587890625,221487,0.0,0.0,0.026910273128248393
2016-09-18,57.68258915540833,57.84852464736242,57.1136640238301,57.33491134643555,28660,0.0,0.0,-0.0017903454515005189
2016-09-19,57.28750893353916,57.54036390424222,56.418320348531,56.592159271240234,240296,0.0,0.0,-0.013039264414454368
2016-09-20,56.829191555334496,57.75369171878269,56.71856791330837,56.91611099243164,262871,0.0,0.0,0.005707999954566202
2016-09-21,57.68258333491795,58.219900790686054,57.0030346106072,57.06624984741211,172863,0.0,0.0,0.002634424146102971
2016-09-22,57.311206714705925,57.334910923590634,55.430598457891726,56.68696975708008,403110,0.0,0.0,-0.006668496894631906
2016-09-25,56.497336701977744,57.003046646117994,55.94421833449249,56.48943328857422,147468,0.0,0.0,-0.0034907748219624207
2016-09-26,55.86519493302087,55.86519493302087,55.359485000870535,55.47801208496094,261335,0.0,0.0,-0.01806683561699909
2016-09-27,55.699259799182904,56.71067967024716,55.58863612756887,56.252384185791016,177966,0.0,0.0,0.013861662107920817
2016-09-28,56.89241842766413,56.89241842766413,55.59653604576146,55.98371887207031,186204,0.0,0.0,-0.004787511675075706
2016-09-29,55.74665315385353,56.22865869570956,55.49379828177624,55.564910888671875,284024,0.0,0.0,-0.007509011131334438
2016-10-02,55.6202383478549,56.17335665218219,54.47449070523235,55.920501708984375,176673,0.0,0.0,0.006379166886270799
2016-10-03,55.67555425442662,55.94421604229594,55.20935536786744,55.44640350341797,263500,0.0,0.0,-0.00851421827126356
2016-10-04,55.312072817891,56.070637664540435,55.20935256721699,55.80987930297851,266145,0.0,0.0,0.006534050636455607
2016-10-05,56.10224104330357,56.96352607548185,55.454299909015354,56.8845100402832,481554,0.0,0.0,0.01907217063613423
2016-10-06,57.28751016988257,57.73000487102808,55.01576407693896,55.106632232666016,704385,0.0,0.0,-0.031752996678310205
2016-10-09,55.20144312559577,56.11803995448754,54.205824235621854,54.25323867797851,343547,0.0,0.0,-0.015607386342448036
2016-10-10,54.5614058831272,55.31206724141739,53.368243887500576,53.510475158691406,344055,0.0,0.0,-0.013785257677013414
2016-10-11,53.2892278162735,53.46306670633127,52.388431775553165,53.344539642333984,231843,0.0,0.0,-0.0031058093071550798
2016-10-12,53.34454475707206,53.88975965807638,53.2813295130741,53.60529708862305,308437,0.0,0.0,0.004876266686319525
2016-10-13,53.67641050451496,54.64832519334309,53.3840445509729,54.27694320678711,248148,0.0,0.0,0.012451628630279299
2016-10-16,52.941555343919035,54.13471745831726,52.55437252267789,52.92575454711914,233869,0.0,0.0,-0.02520944427204745
2016-10-17,53.21020212919238,53.33663259645186,52.57806787850447,52.90993881225586,257342,0.0,0.0,-0.00029887336642292467
2016-10-18,53.0995887941895,54.28484752645746,53.02057275107917,53.81074523925781,254716,0.0,0.0,0.016881972396140393
2016-10-19,53.72382728275631,53.747531493497256,52.712407434224026,52.76771926879883,290805,0.0,0.0,-0.019573546602069797
2016-10-20,52.775617144697655,53.036375492565,51.9143260640702,52.06446075439453,182294,0.0,0.0,-0.01341704549304391
2016-10-23,51.37700399841304,51.66146652920949,49.85987451985641,51.3928108215332,252839,0.0,0.0,-0.012984285373445472
2016-10-24,51.40071512246227,52.65708629810461,51.40071512246227,52.3568229675293,202690,0.0,0.0,0.018583967098600374
2016-10-25,52.20668905686665,52.20668905686665,51.24267778590497,51.63776397705078,219888,0.0,0.0,-0.01382899766310196
2016-10-26,52.15139267181028,52.15139267181028,50.63030797413369,51.01354217529297,212326,0.0,0.0,-0.012162134503330627
2016-10-27,51.01352848425219,51.4086146863385,50.571033867047376,50.88710403442383,214517,0.0,0.0,-0.002481597722083254
2016-10-30,50.87130546401316,51.24268751879538,50.389302751250526,50.768585205078125,257256,0.0,0.0,-0.002331770782979106
2016-10-31,50.76068047586409,50.76068047586409,49.80457245990096,50.25497055053711,228724,0.0,0.0,-0.010168303344660783
2016-11-01,49.02230242687436,49.49640471926594,45.83000481624904,48.63511657714844,516062,0.0,0.0,-0.032763625176808676
2016-11-02,47.80543105547101,51.843212574009456,47.41034484840099,50.934513092041016,537608,0.0,0.0,0.046194917298840864
2016-11-03,50.93451122549569,52.49115178887283,50.626344477557126,52.388431549072266,539272,0.0,0.0,0.028145044391099872
2016-11-06,52.941544546403314,55.57281977443893,52.483243161690226,53.905555725097656,470502,0.0,0.0,0.02854775229124911
2016-11-07,55.69925587099527,57.84852595969862,54.95649784661804,57.51665496826172,699061,0.0,0.0,0.06484101020405679
2016-11-08,58.47276212091179,59.262934582005194,54.93278684265687,56.3867073059082,597006,0.0,0.0,-0.019841112824084906
2016-11-09,57.36651874127379,58.59128845183228,55.00390480059381,55.920501708984375,479632,0.0,0.0,-0.00830237486890757
2016-11-10,55.78617517787685,55.88099804455305,53.02847494548904,54.087303161621094,545798,0.0,0.0,-0.03333160350516051
2016-11-13,54.41128510325439,54.45869352958619,53.11540253618526,53.43147277832031,245247,0.0,0.0,-0.012199516063770637
2016-11-14,53.33663879334446,53.96877914601379,52.98106361280371,53.45516586303711,239607,0.0,0.0,0.0004433310918186986
2016-11-15,53.45517635948191,53.526288998138845,51.835320155527945,52.46746063232422,386735,0.0,0.0,-0.018650101350030632
2016-11-16,53.54997387527521,53.86604399954718,52.751904196445295,53.73171615600586,258182,0.0,0.0,0.023810264635085784
2016-11-17,54.419175900798514,55.027606002307905,53.84234739049162,54.99599838256836,569780,0.0,0.0,0.023256981305734205
2016-11-20,55.15404922690067,55.73877525586491,54.22164532899305,55.50962448120117,369927,0.0,0.0,0.009295993888603027
2016-11-21,55.73875627717504,55.75455707104765,54.814256107949376,55.075008392333984,247381,0.0,0.0,-0.007860374725108078
2016-11-22,54.95650576589146,55.343688645027854,54.22164501979431,55.19355392456055,314500,0.0,0.0,0.0021501246666462076
2016-11-23,55.61232656080066,55.865181465921545,54.41917067992149,55.4147834777832,357529,0.0,0.0,0.0040002381995077945
2016-11-24,55.81778651079988,55.93631359489028,55.446404460634305,55.47801208496094,130488,0.0,0.0,0.0011403556688926882
2016-11-27,55.6676478193911,55.6676478193911,54.20582996296955,54.35596466064453,205343,0.0,0.0,-0.020432410691860265
2016-11-28,54.308560018031976,54.308560018031976,53.70012380091273,53.897666931152344,343894,0.0,0.0,-0.008467161069878248
2016-11-29,53.87396589310696,53.96878877148041,53.147008577858635,53.55789566040039,321565,0.0,0.0,-0.0063239611782745595
2016-11-30,53.70802409050149,54.324357656437606,53.39985730753342,54.2374382019043,258644,0.0,0.0,0.012608181062353107
2016-12-01,54.46658661071948,54.46658661071948,53.69221496582031,53.69221496582031,275706,0.0,0.0,-0.01010339342415274
2016-12-04,53.305029141593344,53.463067238007,51.44812521562579,51.50343704223633,330598,0.0,0.0,-0.041619474174764394
2016-12-05,51.969643584854985,52.51486454855931,51.10045502530251,51.8353157043457,310017,0.0,0.0,0.006423143192806841
2016-12-06,51.66938590278687,52.11188063026319,51.17947671983915,51.7721061706543,155892,0.0,0.0,-0.001220174006645798
2016-12-07,52.15137766646803,52.33311996846802,51.44022131076336,52.080265045166016,170497,0.0,0.0,0.005934573767134515
2016-12-08,52.83093375260416,52.87044478895967,51.38491663293596,51.47183609008789,156764,0.0,0.0,-0.011751301036750029
2016-12-11,52.78351616500305,54.67992500996729,52.372623161000554,52.47534942626953,406377,0.0,0.0,0.019308738550393036
2016-12-12,52.5543778411358,53.71197772994176,51.70099004267942,51.75630187988281,156047,0.0,0.0,-0.013797324405780619
2016-12-13,52.54647344830393,52.79932841774071,51.55875778198242,51.55875778198242,325223,0.0,0.0,-0.0038241150764449228
2016-12-14,50.78438339613512,51.361211967713714,50.13644520826047,50.19965744018555,386683,0.0,0.0,-0.02671388233796292
2016-12-15,50.19175278536202,50.49201915078334,48.75363921335737,49.55171203613281,531160,0.0,0.0,-0.012991390906766187
2016-12-18,49.52800341524143,49.8598743572427,49.00648978190492,49.67023468017578,252226,0.0,0.0,0.0023890420282599587
2016-12-19,49.954697241004595,51.13205236180734,49.3857721809146,50.89500427246094,318709,0.0,0.0,0.024358916955666707
2016-12-20,51.32960380665232,51.32960380665232,50.32608439085759,51.10835647583008,176522,0.0,0.0,0.004183244805549774
2016-12-21,51.321692626459395,52.072359989324,50.65795073444779,51.91432189941406,245816,0.0,0.0,0.015646688266871735
2016-12-22,51.91432750678871,51.91432750678871,50.681660415031814,51.18737030029297,157896,0.0,0.0,-0.014101876129228497
2016-12-27,51.511351577279065,51.63382736061082,50.96613057685949,51.519248962402344,119942,0.0,0.0,0.006462676302654131
2016-12-28,51.67727690038621,51.815553455229846,51.377007525853706,51.57455062866211,151127,0.0,0.0,0.0010728418543779665
2016-12-29,51.63776838081783,51.75629545397716,51.23477874349106,51.35330581665039,52799,0.0,0.0,-0.00429903352504618
2017-01-02,51.6772750075801,51.7562910401019,51.36120484895608,51.63776397705078,132953,0.0,0.0,0.005523952402877119
2017-01-03,51.59826498051795,51.780001273616456,51.17157112099367,51.43232345581055,156608,0.0,0.0,-0.003986429010049023
2017-01-04,51.2031889129678,51.64568365730561,50.72908051141873,50.87921524047851,174882,0.0,0.0,-0.010812340638695716
2017-01-05,51.47974106591053,51.64567657227328,51.03724035373861,51.05304718017578,143663,0.0,0.0,0.003410737760285513
2017-01-08,51.36120350658273,52.56226284371898,51.24267644662943,52.514854431152344,197372,0.0,0.0,0.028230838182454948
2017-01-09,51.99334395863738,52.672892673908336,51.503434922721645,51.91432189941406,366483,0.0,0.0,-0.011501367199630397
2017-01-10,52.18298504093426,52.77561432982179,51.75629122951082,52.388431549072266,233324,0.0,0.0,0.009091091065713068
2017-01-11,52.546470588984185,52.7045026755811,51.98544884446616,52.08816909790039,191415,0.0,0.0,-0.005747952670906747
2017-01-12,52.451639793744256,52.688693916355184,52.09606463836462,52.3568229675293,176462,0.0,0.0,0.005144420173930103
2017-01-15,52.54647253135617,52.76771987218529,52.15928968490521,52.31732177734375,118907,0.0,0.0,-0.0007547459242575864
2017-01-16,52.1513829788108,52.1711384962527,50.90290903034784,51.36911392211914,192920,0.0,0.0,-0.018290421174113385
2017-01-17,51.124154816703374,51.748391772124975,51.10045060790237,51.62196731567383,212716,0.0,0.0,0.004910209671430493
2017-01-18,51.91432815506642,51.95383918943915,51.084650690076174,51.23477935791016,193475,0.0,0.0,-0.0075287192946235214
2017-01-19,51.20316981170557,51.4481213068654,50.934508082482346,51.17156219482422,170692,0.0,0.0,-0.0012346339134409717
2017-01-22,51.416529338021064,51.68519114900846,50.34979756490793,50.571044921875,171289,0.0,0.0,-0.011804774097949776
2017-01-23,50.57103272865058,50.64214534972754,49.2830508948476,49.43318557739258,198809,0.0,0.0,-0.022757206281849417
2017-01-24,49.417378267300634,49.51219810295479,47.75801456487753,47.8923454284668,415723,0.0,0.0,-0.03166628299377719
2017-01-26,47.394546891983865,48.990695727395135,47.315530846518215,48.20842361450195,463943,0.0,0.0,0.006578081090039561
2017-01-29,48.342747105138706,48.48497837660904,47.789625828783905,47.90024948120117,287810,0.0,0.0,-0.006413056794377304
2017-01-30,47.892349836553215,48.12940095464129,46.857222903304134,46.97574996948242,344905,0.0,0.0,-0.019489202317354563
2017-01-31,47.015261363604445,47.13378843829582,44.88969853163033,45.07143783569336,581719,0.0,0.0,-0.041382771989538464
2017-02-01,44.96081796018433,47.32343212625145,44.842290875510635,47.2839241027832,694563,0.0,0.0,0.04792162827933729
2017-02-02,47.410349483130624,48.98279406726608,47.23651057045978,48.44547653198242,455399,0.0,0.0,0.024268603593588463
2017-02-05,48.8405522527017,48.8405522527017,45.70356717334485,46.14606475830078,414088,0.0,0.0,-0.04862728370807528
2017-02-06,45.656163574164005,47.07057299479041,45.52183570340163,46.96784973144531,530542,0.0,0.0,0.01765163273810218
2017-02-07,46.738695856693944,47.21279806249282,46.57275737182285,47.015254974365234,419507,0.0,0.0,0.0010088035948294118
2017-02-08,47.41033998716974,49.543805889446034,47.41033998716974,49.4489860534668,502775,0.0,0.0,0.05046943040855535
2017-02-09,50.57103889120901,50.69746938213508,49.74135838725387,50.61054992675781,461008,0.0,0.0,0.02321849775871288
2017-02-12,47.80543711928071,48.90377643196958,47.11798787577561,48.20052337646485,884584,0.0,0.0,-0.04879017170678775
2017-02-13,49.038106477401,50.11273854634133,49.038106477401,49.417388916015625,537797,0.0,0.0,0.024932485173596218
2017-02-14,49.78087178650402,49.78087178650402,41.231204841455494,42.3216438293457,2316070,0.0,0.0,-0.15500373495996567
2017-02-15,42.25841328884795,45.74307293265588,41.56306083654151,45.59294128417969,1494850,0.0,0.0,0.07445427849445936
2017-02-16,45.988038310287266,46.30410548940597,43.39627056160888,44.32867431640625,910592,0.0,0.0,-0.02812116471471142
2017-02-19,44.328668523119056,44.494607010808885,43.285641241229314,43.46738052368164,418410,0.0,0.0,-0.019620959643440718
2017-02-20,43.80539616241879,44.69027361104243,43.6858169781629,44.14021301269531,425522,0.484,0.0,0.015360442879192021
2017-02-21,44.32356388974354,44.84970680713242,43.90105605880205,44.4112548828125,485853,0.0,0.0,0.006121699007455363
2017-02-22,44.6822985018113,45.232359081178934,43.59015395132285,45.120750427246094,454132,0.0,0.0,0.015849313193960574
2017-02-23,44.83376460752389,45.35193394445164,44.29167761062808,44.70621490478515,577425,0.0,0.0,-0.009229711004866848
2017-02-26,44.64244092790283,44.969287248769696,44.53083531214707,44.762020111083984,409144,0.0,0.0,0.001247486630893124
2017-02-27,45.0410306640703,45.0410306640703,44.1322386735185,44.403282165527344,539646,0.0,0.0,-0.008046625134007774
2017-02-28,44.48300776663893,44.48300776663893,43.94889425122093,44.16413497924805,587475,0.0,0.0,-0.005400355462376545
2017-03-01,44.578658465995254,45.38381836862822,44.40327953990676,45.22438049316406,408211,0.0,0.0,0.02372329896992377
2017-03-02,44.56272089942369,44.88159363425794,43.88511063597945,44.65838241577149,265163,0.0,0.0,-0.012594307082788542
2017-03-05,44.650412767245335,44.889571140640065,44.05252291580859,44.32356643676758,257337,0.0,0.0,-0.00752551643265281
2017-03-06,44.32356798095106,44.921457853217625,44.052524450549214,44.38734436035156,325423,0.0,0.0,0.0014378825332608633
2017-03-07,44.44314672804218,44.92145740466936,44.044553483844496,44.55475234985352,297524,0.0,0.0,0.0037644308688026145
2017-03-08,44.48300772318163,45.670816989794865,44.48300772318163,45.65487289428711,244335,0.0,0.0,0.024391523269179944
2017-03-09,45.66283103828096,45.91793041517447,45.1127735770464,45.47150802612305,377337,0.0,0.0,-0.004024413430927845
2017-03-12,45.47151398562988,45.551231410972726,44.518876459966194,44.6982421875,253942,0.0,0.0,-0.017151756403609608
2017-03-13,44.40328656992295,44.483003999763774,42.9763220721869,43.31114196777344,332409,0.0,0.0,-0.03152425400269355
2017-03-14,43.1676488528936,43.44666290283203,42.4422092820286,43.44666290283203,493978,0.0,0.0,0.00312412342580723
2017-03-15,43.74161117049167,44.11230291943755,43.32707393202348,44.100345611572266,423151,0.0,0.0,0.014933573814222362
2017-03-16,44.100351882313795,44.97725571540053,43.86916709396417,44.93739700317383,308249,0.0,0.0,0.018802724057749017
2017-03-19,44.562724186464074,44.602582901130326,43.956860775847126,44.11629867553711,222191,0.0,0.0,-0.018441044824364726
2017-03-20,43.84525292746328,44.37538262452311,43.57420942408887,43.653926849365234,233633,0.0,0.0,-0.01053605822855189
2017-03-21,42.49003361799003,43.87713926286228,42.41031619607685,43.2872200012207,209228,0.0,0.0,-0.008435799068224064
2017-03-22,43.51043763549442,44.897540347066,43.51043763549442,44.762020111083984,165181,0.0,0.0,0.03350257313125178
2017-03-23,44.84174007327403,46.11723724117044,44.83376954642317,45.45557403564453,303552,0.0,0.0,0.015375439664918888
2017-03-26,45.24829899305168,45.47948378026232,44.82579117168553,45.41571044921875,207594,0.0,0.0,-0.0008773638275039825
2017-03-27,45.75849514523756,46.635398864746094,45.75849514523756,46.635398864746094,229489,0.0,0.0,0.02650179472324029
2017-03-28,46.79484090972966,46.81078500218295,45.74255513600971,46.276668548583984,374251,0.0,0.0,-0.00772197000245302
2017-03-29,46.63541079669914,46.64338132374151,46.02955038764781,46.20492935180664,166841,0.0,0.0,-0.001551426722618961
2017-03-30,46.71512671673745,47.225328620639054,46.19695732707699,46.33247756958008,171888,0.0,0.0,0.002756686248083154
2017-04-02,45.90996878700282,46.5477173528261,45.90996878700282,46.41219711303711,188428,0.0,0.0,0.0017191189329896959
2017-04-03,45.8382157324133,46.53974058119626,45.8382157324133,46.09331512451172,179521,0.0,0.0,-0.006894362160887806
2017-04-04,46.07738328107234,46.42814731921931,45.32005542901235,45.63893127441406,947068,0.0,0.0,-0.009906823046998314
2017-04-05,45.43962626531741,47.56811256226401,45.43962626531741,47.209381103515625,891568,0.0,0.0,0.03383151674021194
2017-04-06,47.04994172632449,48.03048063409762,47.04994172632449,47.92684555053711,307564,0.0,0.0,0.01508317229426782
2017-04-09,47.831184033956134,48.397185648512,47.831184033956134,47.92684555053711,276994,0.0,0.0,0.0
2017-04-10,48.158038142217656,48.76389856679744,47.831191786649896,48.75592803955078,274848,0.0,0.0,0.017150993532070134
2017-04-11,49.34584151230978,49.776319875763896,48.987107008577254,49.38570022583008,403395,0.0,0.0,0.012834122314480044
2017-04-12,49.24220994431848,49.840099812936685,49.2182953227018,49.40961837768555,485213,0.0,0.0,0.0004841960663895781
2017-04-17,49.40961266117285,49.6487679727457,48.48487655967297,48.85158157348633,553263,0.0,0.0,-0.011358355158049982
2017-04-18,48.88347734888554,49.31395880116752,48.229784643283395,49.11466217041016,228521,0.0,0.0,0.0053708546795964585
2017-04-19,49.058852884149616,49.08276750355707,48.41313079092461,48.49285125732422,122697,0.0,0.0,-0.012741218441524404
2017-04-20,49.41758809552326,49.4733909022981,48.42907558503698,48.62837219238281,292113,0.0,0.0,0.002790760210835236
2017-04-23,48.7878107710051,49.20234808502378,48.13411813302082,49.0269660949707,163608,0.0,0.0,0.008163324670137998
2017-04-25,49.59296773792845,49.75240563424716,48.85158410491763,49.0269660949707,173910,0.0,0.0,0.0
2017-04-26,49.130595802049854,49.53715950415459,48.8675228457868,48.96318435668945,161560,0.0,0.0,-0.0013017991501133878
2017-04-27,48.86752332930169,49.60890688843817,48.60445341146032,48.724029541015625,176422,0.0,0.0,-0.0048963479236899645
2017-04-30,48.62837007217724,49.19437168251566,48.158029977706995,49.13856887817383,248848,0.0,0.0,0.008471915180217681
2017-05-01,49.34583925500018,49.36975387381341,48.68417308493624,49.1864013671875,137720,0.0,0.0,0.000972947007613696
2017-05-02,49.02696671707429,49.569053746821496,48.89144648014997,49.23423385620117,114501,0.0,0.0,0.0009720013017812108
2017-05-03,49.2023501267061,49.433531892885085,48.8356420376488,49.17843246459961,197270,0.0,0.0,-0.0011340287722681826
2017-05-04,49.130601183731606,49.51325031028155,48.83564001118326,49.0269660949707,155706,0.0,0.0,-0.0030846876435408174
2017-05-07,49.62485655508739,49.62485655508739,49.02696671707429,49.23423385620117,186432,0.0,0.0,0.004218716415809183
2017-05-08,49.13857251839235,50.25463476995709,49.10668433039908,49.54513931274414,281962,0.0,0.0,0.006294967729511864
2017-05-09,50.62133856080662,51.28300476074219,49.75240522607461,51.28300476074219,293651,0.0,0.0,0.034475246724503514
2017-05-10,51.49825338835175,53.45136421686519,51.48231233237846,53.25206756591797,508105,0.0,0.0,0.03767722529067747
2017-05-11,53.00492576019779,53.08464318939341,51.027906755126594,51.227203369140625,445883,0.0,0.0,-0.03876592461401674
2017-05-14,51.1315422138955,51.22720678453833,48.41313633914476,48.668235778808594,522590,0.0,0.0,-0.051244132199947424
2017-05-15,49.0189948808316,49.61688470286909,48.34935815850861,48.62837219238281,433499,0.0,0.0,-0.0008194240166756673
2017-05-16,48.628372415712185,49.04290972581829,48.34935838055658,48.41313171386719,194508,0.0,0.0,-0.004436057208939926
2017-05-17,48.413123187900275,49.266112277757145,47.663769167575126,49.15450668334961,454698,0.0,0.0,0.015197441502965038
2017-05-18,48.90739059448242,49.32192793970966,48.66823525251194,48.90739059448242,141499,0.0,0.0,-0.00504001286585009
2017-05-21,48.915364978009315,49.11466160647837,48.445024813181334,48.64432144165039,146668,0.0,0.0,-0.005393442822218712
2017-05-22,48.65229060256413,50.12310065249296,48.65229060256413,49.40961837768555,165039,0.0,0.0,0.015610030103186703
2017-05-23,49.61688966862452,49.9517065427827,49.44947819052024,49.64080429077149,307818,0.0,0.0,0.004668053435140589
2017-05-24,49.632820743921826,49.86400551494621,49.0588486406168,49.25017166137695,221357,0.0,0.0,-0.007900309556169473
2017-05-25,49.89590051261184,50.21477631212438,49.03493767854296,49.06682586669922,141695,0.0,0.0,-0.0037296909349320167
2017-05-28,47.97467108594338,47.98264161077778,46.39624259961224,47.185455322265625,1368959,0.0,0.0,-0.0390974670357255
2017-05-29,46.794844748943135,46.86659165035699,45.31207748040686,46.53974533081055,401799,0.0,0.0,-0.013779009342006892
2017-05-30,45.98967946632551,46.49988128511448,45.4396219792404,45.814300537109375,510807,0.0,0.0,-0.01571040462428685
2017-05-31,45.57514288469448,46.0933152367323,44.9533384950688,45.35990524291992,833180,0.0,0.0,-0.009967710768833007
2017-06-01,45.17655517286043,45.997659293546015,45.17655517286043,45.60703659057617,562677,0.0,0.0,0.005433445396006992
2017-06-04,45.65486484262501,46.511840818623384,45.6150061313977,45.82227325439453,362293,0.0,0.0,0.004708272692728906
2017-06-05,45.59906160993573,45.862131534382094,45.280185841066185,45.39976501464844,316340,0.0,0.0,-0.00926335936006063
2017-06-06,45.35991051938186,45.43962794849554,44.65041201976015,44.77796173095703,300416,0.0,0.0,-0.013790836407564344
2017-06-07,43.885112912585456,43.988748001269585,43.18358799391781,43.74161911010742,833359,0.0,0.0,-0.023416061482036208
2017-06-08,43.29519301087484,44.69823968925459,43.2872194441713,43.598121643066406,610386,0.0,0.0,-0.003285963409600945
2017-06-12,43.14372727110708,43.41477076971928,42.55381103596715,42.73716354370117,730640,0.0,0.0,-0.019945185536191207
2017-06-13,42.585701884113185,42.84080436493419,42.18710862930407,42.250885009765625,553535,0.0,0.0,-0.011443581749214523
2017-06-14,42.147242739382634,43.43071328801013,42.011722515502555,42.93645858764648,585997,0.0,0.0,0.01609601498287222
2017-06-15,42.94443183568569,43.84525334684418,42.753108796782485,43.74959182739258,366291,0.0,0.0,0.018760967557132267
2017-06-18,43.82134287331615,44.020639498294265,43.51841115186237,43.98077774047851,287772,0.0,0.0,0.005270385827881051
2017-06-19,44.09238329923759,44.3395091505478,43.64595779596196,43.789451599121094,272894,0.0,0.0,-0.004359711620738023
2017-06-20,43.566243638386304,43.85322822522271,43.39484841847037,43.510440826416016,364317,0.0,0.0,-0.006392029014890384
2017-06-21,42.003757560641446,42.38640673366863,41.3739825072776,41.932010650634766,705524,0.0,0.0,-0.036951415704685756
2017-06-22,41.85228698224557,42.94841830797105,41.85228698224557,42.729190826416016,643794,0.0,0.0,0.018832799992138886
2017-06-25,42.74514417783563,42.968358491316906,42.61759444485726,42.721229553222656,403378,0.0,0.0,-0.00018633666589413622
2017-06-26,42.72919048465778,42.761078670997065,42.05158325058436,42.23493576049805,302568,0.0,0.0,-0.011448235737597158
2017-06-27,42.25885795487148,43.20751190185547,42.25088742737031,43.20751190185547,256682,0.0,0.0,0.02276662657384592
2017-06-28,43.50245875526558,43.74161405139572,42.86471028524367,42.99225997924805,282496,0.0,0.0,-0.004994267741636162
2017-06-29,42.09143961575471,42.80890856325479,41.453691129657216,41.5174674987793,507747,0.0,0.0,-0.03490585674229781
2017-07-02,41.270342457668065,41.63704749105682,40.95146666453222,40.99132537841797,745764,0.0,0.0,-0.012753774083857418
2017-07-03,40.9036369051393,41.62110286905161,40.86377515073453,41.493553161621094,375032,0.0,0.0,0.012177601483411514
2017-07-04,41.453686620666566,41.50151889230532,40.83985281924531,41.047122955322266,402459,0.0,0.0,-0.01081732257415909
2017-07-05,41.05509864578242,41.4935505473868,40.87971666873079,41.389915466308594,356598,0.0,0.0,0.00831651629660046
2017-07-06,40.935520808139295,41.00726770645428,40.40937790083769,40.81594467163086,255813,0.0,0.0,-0.013964457545976845
2017-07-09,40.72028539476013,41.57327465442494,40.608676737109846,41.01524353027344,196949,0.0,0.0,0.004870985184915005
2017-07-10,41.02320783563774,41.93997333207682,40.83985534455483,41.88417053222656,287624,0.0,0.0,0.0209641729256678
2017-07-11,41.852291107177734,42.0436172045759,41.501530143143775,41.852291107177734,362258,0.0,0.0,-0.0007614228250131575
2017-07-12,42.394380548239376,42.904579448572136,41.820405264852354,42.88066482543945,300454,0.0,0.0,0.02427447983875198
2017-07-13,42.89660716834655,44.71419143676758,42.64947825564755,44.71419143676758,485551,0.0,0.0,0.04186991207274967
2017-07-16,43.84524989772488,44.431182360194775,43.374909822635566,44.24384307861328,279867,0.0,0.0,-0.010574710732941089
2017-07-17,45.13669362292054,45.6708100982459,43.893084771223826,44.08440780639648,386219,0.0,0.0,-0.003610066853441373
2017-07-18,44.34748070845267,44.48300093805942,43.69378809747056,44.15615463256836,204298,0.0,0.0,0.0016261646571482085
2017-07-19,44.403279153847336,44.76998413550945,43.673852932632286,44.730125427246094,374514,0.0,0.0,0.012914901427055706
2017-07-20,44.64243992204708,45.53528786900105,44.56272249573909,45.24032974243164,306733,0.0,0.0,0.01134171842014757
2017-07-23,44.54677798007266,45.407737731933594,44.02860559090716,45.407737731933594,356856,0.0,0.0,0.0036935851913711725
2017-07-24,45.83821937955659,46.33247411094485,45.60703458675286,46.236812591552734,459058,0.0,0.0,0.0180937649955709
2017-07-25,45.08089133043805,45.18452641626671,43.39484375931418,43.845252990722656,806619,0.0,0.0,-0.053109832814263465
2017-07-26,43.70175883878778,44.323563266681624,43.24736282747693,43.940914154052734,257386,0.0,0.0,0.0021794140080623995
2017-07-27,43.34302409115492,44.24384558242825,42.26682365826254,42.52192306518555,305039,0.0,0.0,-0.032826091578244856
2017-07-30,42.3305972702909,43.39085665818079,42.3305972702909,42.498008728027344,212686,0.0,0.0,-0.0005625583856513126
2017-07-31,42.33059960487696,42.649475403744866,42.258852702182935,42.36248779296875,247303,0.0,0.0,-0.0031939725979411217
2017-08-01,42.26682812881765,42.52989808958351,41.60516188142222,42.139278411865234,157031,0.0,0.0,-0.005282964138397616
2017-08-02,41.80444879649451,42.28276240476206,41.60515221997247,41.796478271484375,141346,0.0,0.0,-0.008168200535237185
2017-08-03,41.79648014723933,42.50597550493483,41.67690097954983,42.4262580871582,165265,0.0,0.0,0.014955380959693688
2017-08-06,42.65744406245325,43.032122653563576,42.65744406245325,42.84877014160156,186344,0.0,0.0,0.009909478089698715
2017-08-07,42.84877066135807,42.92051756178088,42.05158423044908,42.34654235839844,275879,0.0,0.0,-0.011790169817163422
2017-08-08,41.73271191617574,42.6335335095887,41.66893857772645,41.852291107177734,246084,0.0,0.0,-0.011740232206968654
2017-08-09,41.589210140634705,41.652986507898405,40.72825046974681,41.358028411865234,512332,0.0,0.0,-0.01187998102301602
2017-08-10,39.90715437201098,40.99132537841797,39.899180804618865,40.99132537841797,260886,0.0,0.0,-0.008906091922429412
2017-08-13,41.453693262816294,42.50597907928272,40.51301305703194,40.744197845458984,398057,0.0,0.0,-0.006047022794003337
2017-08-14,31.887460731598267,35.881363850179845,31.48886747245329,33.0832405090332,3537527,0.0,0.0,-0.20828662026581135
2017-08-15,33.481830211167924,35.474796295166016,32.52520588264386,35.474796295166016,2704135,0.0,0.0,0.0697956556985158
2017-08-16,35.87338285459408,36.20022911007274,34.42649084089421,34.85298538208008,1129805,0.0,0.0,-0.01768368352260647
2017-08-17,34.91676984220235,36.01688811883926,33.93623076297011,35.84947967529297,936763,0.0,0.0,0.028190255702604673
2017-08-20,35.75204885019826,36.15466199908926,35.02734395351664,35.9050407409668,590182,0.449,0.0,0.0015486432480025603
2017-08-21,35.550733157729965,36.025816674440094,34.49588587237188,34.777713775634766,525067,0.0,0.0,-0.031900923364445145
2017-08-22,34.91460572563653,34.96291732788086,34.02080422378903,34.96291732788086,526578,0.0,0.0,0.005311222014594774
2017-08-23,34.46368097717741,35.03539084581138,34.24626953311361,35.027339935302734,463827,0.0,0.0,0.0018409026665877077
2017-08-24,34.83407978557993,35.9291877746582,34.57640767893725,35.9291877746582,445475,0.0,0.0,0.025421097532986065
2017-08-27,35.91308095738215,35.9855514254684,35.373580972946215,35.74398422241211,325958,0.0,0.0,-0.005168013617716865
2017-08-28,35.07564544470572,35.429943776662725,34.80186848356377,34.995121002197266,449142,0.0,0.0,-0.021173329646362597
2017-08-29,35.244753744876554,35.49437499111708,34.23822092055986,34.62472915649414,487293,0.0,0.0,-0.01064050955332443
2017-08-30,34.53615337086775,34.94682047851469,34.23822051844357,34.745513916015625,439157,0.0,0.0,0.003482325453412362
2017-08-31,34.62472883045176,35.01929104541406,34.0610698398032,34.197959899902344,554155,0.0,0.0,-0.01588447749554031
2017-09-03,34.22210923849262,34.866289503937246,34.07716829480585,34.64082717895508,708697,0.0,0.0,0.012866972469551208
2017-09-04,34.28653257578014,35.14007036958235,34.28653257578014,34.737457275390625,371751,0.0,0.0,0.0027856024310666193
2017-09-05,34.3187428022339,35.421905004876024,33.86379106503114,33.94028854370117,513700,0.0,0.0,-0.02321580378810347
2017-09-06,34.15769041345169,34.60861814484385,34.02885435758162,34.286529541015625,371440,0.0,0.0,0.010149790931421173
2017-09-07,34.141585587136454,34.49588394165039,34.141585587136454,34.49588394165039,348383,0.0,0.0,0.00608745859706176
2017-09-10,34.30262750764186,34.503934014310396,33.9402782529933,34.01274871826172,362353,0.0,0.0,-0.014104594243482675
2017-09-11,34.17380394813535,34.17380394813535,33.02233006368296,33.127010345458984,594719,0.0,0.0,-0.026386444498104625
2017-09-12,33.05454108991945,33.22363788640075,32.65998189812974,32.732452392578125,627609,0.0,0.0,-0.01198195845928015
2017-09-13,32.700234971471495,33.2799987917837,32.24930721437377,33.102848052978516,804837,0.0,0.0,0.011252308898289539
2017-09-14,33.1753184858458,34.769665917863485,33.13505779208812,34.66498565673828,906758,0.0,0.0,0.046110796048456
2017-09-17,35.02733574381759,35.40579299801466,34.979021071464615,35.244747161865234,367892,0.0,0.0,0.016586382842972865
2017-09-18,35.405792997399544,35.69567488812471,35.276956942821016,35.421897888183594,327835,0.0,0.0,0.0050137118377062756
2017-09-19,35.59099806653714,35.760094828537824,35.4621619995327,35.735939025878906,401770,0.0,0.0,0.008826664503143573
2017-09-20,35.34943501726107,35.615158093105954,34.89850719341901,35.518531799316406,575657,0.0,0.0,-0.006102295019392587
2017-09-21,35.38163906554074,35.64736519303878,34.82603407853702,35.590999603271484,425623,0.0,0.0,0.002038202969792551
2017-09-24,35.61515985292435,36.28349917458779,35.228651586973484,36.1546630859375,442742,0.0,0.0,0.01571314722053394
2017-09-25,36.08219046957735,36.13855606306214,34.92266266830291,35.28501510620117,462672,0.0,0.0,-0.02434756040896521
2017-09-26,35.24474533931642,36.251277923583984,35.236691358493815,36.251277923583984,536655,0.0,0.0,0.027016261171362212
2017-09-27,36.55727155453864,37.04040605703972,36.29154542797707,36.87936019897461,569420,0.0,0.0,0.017177416610231137
2017-09-28,37.01624718760134,37.26586532881843,36.48479805018902,36.89546203613281,442083,0.0,0.0,0.00043651307928787154
2017-10-01,37.0967678132957,37.87783814760004,37.06455803067215,37.523536682128906,399915,0.0,0.0,0.016879817513268155
2017-10-02,37.44301264314772,37.773155212402344,37.229628223856686,37.773155212402344,400225,0.0,0.0,0.006630289816018824
2017-10-03,37.92615284514158,38.09525268186913,36.92767407587343,37.21755599975586,362466,0.0,0.0,-0.01481808533261442
2017-10-04,37.0484620156892,37.36250286396796,36.396230655612904,36.5814323425293,325739,0.0,0.0,-0.01723978679501465
2017-10-05,37.072619317333064,37.072619317333064,36.41233400191086,36.72637176513672,491210,0.0,0.0,0.0039542750797469176
2017-10-08,36.36400987348356,37.10481946891849,36.3479049831813,36.637786865234375,276480,0.0,0.0,-0.0024149378826891065
2017-10-09,36.26739495018166,36.83910491215815,36.25934096666385,36.54117202758789,238023,0.0,0.0,-0.002640510202490591
2017-10-10,36.718315367219866,37.676536560058594,36.69013257164781,37.676536560058594,386405,0.0,0.0,0.03059790265818197
2017-10-11,37.68457990665355,38.66695670659577,37.60405852738021,38.594486236572266,713913,0.0,0.0,0.024071894367926592
2017-10-12,38.7716407598788,40.30962259972328,38.67501140924053,39.882850646972656,672417,0.0,0.0,0.03283700049963767
2017-10-15,39.76206894033265,40.02779197785298,39.28698537948691,39.64933776855469,421428,0.0,0.0,-0.005872177141809569
2017-10-16,39.67350157439888,39.97948843930803,39.238678619795586,39.705711364746094,544161,0.0,0.0,0.0014207944243082558
2017-10-17,39.40776908051606,39.67349520064826,38.39318542113443,38.4092903137207,451304,0.0,0.0,-0.03319567485247305
2017-10-18,39.21450851528428,39.915054305596584,38.71526923370372,39.7379035949707,620627,0.0,0.0,0.03400611712660588
2017-10-19,39.89090462870619,40.05195047474261,39.75401458448233,39.882850646972656,495073,0.0,0.0,0.0036409404433683863
2017-10-22,39.93921317669841,40.26130484412896,39.5043934188691,40.07610321044922,439420,0.0,0.0,0.004833803606546494
2017-10-23,39.85869638240702,40.01974223465456,39.64128494262695,39.64128494262695,330625,0.0,0.0,-0.01090910252190435
2017-10-24,39.34334828896468,39.34334828896468,38.296554958630054,38.44954681396485,411032,0.0,0.0,-0.03052421473045975
2017-10-25,38.449546828460875,39.28698272172183,38.33681566430918,38.997100830078125,314456,0.0,0.0,0.01414039616679159
2017-10-26,38.932681266737816,39.1259368850649,38.25629121013379,38.997100830078125,203527,0.0,0.0,0.0
2017-10-29,38.8280032848616,38.8280032848616,37.93420182791713,37.982513427734375,333215,0.0,0.0,-0.02636142481619882
2017-10-30,37.84563028026275,38.6428055462222,37.49133186855527,37.51548767089844,548529,0.0,0.0,-0.012372028589210344
2017-10-31,37.281967497895494,37.861731267896005,35.15617110348532,36.42037582397461,1242649,0.0,0.0,-0.029625458859933517
2017-11-01,36.235177573336735,37.829525017960265,36.235177573336735,37.2819709777832,631603,0.0,0.0,0.023381464584756973
2017-11-02,37.43496625448259,38.29655801662279,37.257815512911826,38.25629425048828,649504,0.0,0.0,0.025798244307510237
2017-11-05,38.32876541426183,39.21451606625381,38.32876541426183,39.17425537109375,284959,0.0,0.0,0.023711678000693244
2017-11-06,39.174250780031976,39.34334752290325,38.3851265032451,38.707218170166016,786994,0.0,0.0,-0.011993681635030316
2017-11-07,38.45759963364584,39.01320764391404,38.27239798745444,38.73137664794922,262195,0.0,0.0,0.0006239389705787488
2017-11-08,38.89241814526271,38.89241814526271,37.096764397221826,37.38664627075195,688768,0.0,0.0,-0.03533644856110542
2017-11-09,37.4430149144583,37.66847724713019,36.96793137654688,37.46717071533203,285248,0.0,0.0,0.002151512878959772
2017-11-12,37.64432182312011,38.54617423453019,37.64432182312011,38.24824142456055,333794,0.0,0.0,0.020632481429961904
2017-11-13,37.81342354663879,38.24019554319413,37.515490697492105,37.676536560058594,229172,0.0,0.0,-0.015060055099520787
2017-11-14,37.78926924048867,38.24824797039789,37.65237917678718,37.902000427246094,238015,0.0,0.0,0.0059663641293865866
2017-11-15,37.80536535659654,37.92614742649486,37.298072062281136,37.636268615722656,195237,0.0,0.0,-0.007035716096271851
2017-11-16,37.56379851169805,37.877836196869666,37.06455612182617,37.06455612182617,228492,0.0,0.0,-0.015307023952824537
2017-11-19,36.91961859812813,37.084691437088615,36.31569897173545,36.91156768798828,472483,0.0,0.0,-0.00413616296900531
2017-11-20,36.71832176866957,37.636282423826955,36.637800359195445,37.42692184448242,212355,0.0,0.0,0.013865291478301105
2017-11-21,37.60406150109392,37.9905696812196,37.42691076665107,37.83757781982422,612959,0.0,0.0,0.01091245015366152
2017-11-22,37.81341278511827,37.81341278511827,37.22559816498007,37.33832931518555,191283,0.0,0.0,-0.013282336414636957
2017-11-23,36.98403814373915,37.5718528778039,36.9759841619101,37.55574798583984,251236,0.0,0.0,0.0058060474007504085
2017-11-26,37.322230894510085,37.89394379658033,37.322230894510085,37.716793060302734,153474,0.0,0.0,0.004278992523689413
2017-11-27,37.6845832806524,38.05498657318293,37.15313414346259,37.813419342041016,233691,0.0,0.0,0.0025586141327728516
2017-11-28,37.84563256614176,37.90199815614302,37.44301945373599,37.757057189941406,328716,0.0,0.0,-0.0014916450216179975
2017-11-29,37.644312716544945,38.111345236424974,37.644312716544945,37.84561920166016,406674,0.0,0.0,0.0023428284937593315
2017-11-30,37.29807057820504,38.5059096592912,37.29807057820504,37.87783432006836,362381,0.0,0.0,0.0008508624172168044
2017-12-03,37.83757127952917,37.83757127952917,37.257807573706906,37.45911407470703,254398,0.0,0.0,-0.01111604772756325
2017-12-04,37.45912284001261,37.95836221923906,37.233660489076954,37.72484588623047,243317,0.0,0.0,0.0070688726209448115
2017-12-05,37.61211358391695,37.93420527991313,37.2417102837072,37.2819709777832,296548,0.0,0.0,-0.011809061460610268
2017-12-06,37.20144199916234,37.68054938279111,36.92766503493443,37.45911407470703,293899,0.0,0.0,0.004740188839665596
2017-12-07,37.5235393381253,37.94225732678735,37.5235393381253,37.72484588623047,243214,0.0,0.0,0.0070688726209448115
2017-12-10,37.04845693861691,37.563804298359834,36.98806742962234,37.15313720703125,185361,0.0,0.0,-0.01527070483145175
2017-12-11,37.04846039827087,37.29808165497077,36.84715382497258,36.90352249145508,246886,0.0,0.0,-0.006741207661274064
2017-12-12,36.927669493941245,36.93974739398871,36.19491386468846,36.28348922729492,201995,0.0,0.0,-0.01694421138803406
2017-12-13,36.074127210974616,36.452584445655376,36.058022321020786,36.170753479003906,346298,0.0,0.0,-0.0031119182275099575
2017-12-14,36.04997753208564,36.126475004429864,35.550738145535966,35.6715202331543,567634,0.0,0.0,-0.013898259508946588
2017-12-17,35.60710221283869,35.792303863296375,35.28501051622894,35.349430084228516,320678,0.0,0.0,-0.009070347713235642
2017-12-18,35.22864690235325,35.333327170366054,34.109382955098134,34.616676330566406,572626,0.0,0.0,-0.02094672930277278
2017-12-19,34.62472198908759,36.09828721326875,34.62069499854949,35.96944808959961,493931,0.0,0.0,0.038334373136044646
2017-12-20,36.63779372960789,36.88741496852067,36.122449430157026,36.71831512451172,711966,0.0,0.0,0.020605766331842225
2017-12-21,36.71831054670387,37.523536682128906,36.43648262798269,37.523536682128906,221208,0.0,0.0,0.02169270065563609
2017-12-26,37.515490697492105,37.877843120343115,36.98404150120873,37.676536560058594,158252,0.0,0.0,0.004069147341139078
2017-12-27,37.75705222736884,37.91809806550305,37.41080475047315,37.86173248291016,125445,0.0,0.0,0.00490337669249826
2017-12-28,37.845628352920755,37.845628352920755,37.23365784173801,37.604061126708984,154666,0.0,0.0,-0.006828851727719885
2018-01-01,37.596008704170735,37.62821848811963,36.89546279759947,37.00819396972656,166560,0.0,0.0,-0.015972706485261248
2018-01-02,36.72636752558777,37.3141822838186,36.66194795508314,37.21755599975586,162216,0.0,0.0,0.00564123866274839
2018-01-03,37.30612525852986,37.46716801500663,36.98403360218896,37.16923522949219,236547,0.0,0.0,-0.0012991762720697974
2018-01-04,37.44301835313366,37.58795931507488,36.89546429062112,37.21755599975586,210781,0.0,0.0,0.0012991762720697586
2018-01-07,37.13702964450109,37.53964272455936,37.08066405902845,37.32223129272461,142707,0.0,0.0,0.0028085768843284847
2018-01-08,37.52353055774648,38.44149078252955,37.20949290765723,37.45911407470703,310272,0.0,0.0,0.003660884521024409
2018-01-09,37.46717342712547,37.612114386246176,36.557270049160536,36.75052261352539,224808,0.0,0.0,-0.01909760050130631
2018-01-10,36.653897472075016,36.76662865007859,36.34791065199801,36.62974166870117,200792,0.0,0.0,-0.0032919220195886446
2018-01-11,36.597524608784525,36.629734388010306,36.00165597988202,36.23517227172851,155069,0.0,0.0,-0.01083026747356298
2018-01-14,36.23518262362236,36.44454010501327,35.98556137084961,35.98556137084961,140130,0.0,0.0,-0.00691247186792665
2018-01-15,36.235179519825714,36.83909917848948,36.02582205636774,36.27544021606445,286937,0.0,0.0,0.008023149245870012
2018-01-16,36.23517872136938,36.80688858176661,36.15465733066622,36.710262298583984,170179,0.0,0.0,0.011915408417964929
2018-01-17,36.25128172539341,37.01624718400033,36.09023588068238,36.79883575439453,261497,0.0,0.0,0.002409864928888007
2018-01-18,36.839098746438346,37.12092668849845,36.549216822208415,36.76662826538086,274503,0.0,0.0,-0.0008756144340448716
2018-01-21,36.55726968508364,36.76662713967624,36.154656596356695,36.22712707519531,204499,0.0,0.0,-0.014782388216753073
2018-01-22,36.23517836356032,36.6055816718479,36.20296857891945,36.57337188720703,187053,0.0,0.0,0.009512226638538094
2018-01-23,36.79883723765156,37.72484550660029,36.58142579928253,37.668479919433594,276232,0.0,0.0,0.02950323678623646
2018-01-24,37.42691002260628,38.29655571437104,36.97598228557708,38.19187545776367,417599,0.0,0.0,0.013799140300715352
2018-01-28,38.0469322625456,38.96488950185348,38.0469322625456,38.771636962890625,459523,0.0,0.0,0.015066164562644493
2018-01-29,38.46565322620979,38.68306465345978,37.9422550044938,38.48175811767578,299145,0.0,0.0,-0.007504659320335736
2018-01-30,38.36903376139108,38.6428108215332,37.942261741005275,38.6428108215332,324758,0.0,0.0,0.004176436644534514
2018-01-31,38.80385132963016,39.359459400109955,38.586439876619934,38.69112014770508,427863,0.0,0.0,0.0012493696324587145
2018-02-01,38.65086142438557,38.95684827073641,38.27240408999622,38.32876968383789,174178,0.0,0.0,-0.009409339277617815
2018-02-04,37.63627661060437,37.92615548295405,37.21755858828451,37.789268493652344,255364,0.0,0.0,-0.014175620848623319
2018-02-05,36.70221330288641,37.00014615006376,36.23518061170011,36.71831512451172,362284,0.0,0.0,-0.028749479742484034
2018-02-06,36.57336776144737,38.111352551763794,36.30764474737117,37.982513427734375,332314,0.0,0.0,0.03385020056911436
2018-02-07,37.443012393250754,39.68153989317408,37.443012393250754,39.456077575683594,451130,0.0,0.0,0.03806221225151883
2018-02-08,38.57033235543226,40.16870362252898,38.40928651718219,39.50439453125,367123,0.0,0.0,0.001223826563031068
2018-02-11,39.29503783260563,39.72180980612981,38.497865617047914,39.42387390136719,482086,0.0,0.0,-0.0020403502931448953
2018-02-12,39.254776347767226,40.01571484354226,38.91658282595348,39.85869598388672,361037,0.0,0.0,0.010969029963139799
2018-02-13,36.63778990058489,37.82952423644019,36.19491613151003,37.443016052246094,1429596,0.0,0.0,-0.06252039402863316
2018-02-14,36.63779480512752,37.0404079348542,34.479788184056986,34.62472915649414,2276603,0.0,0.0,-0.07825206303407788
2018-02-15,34.616676764789396,34.70524906931747,33.89197193360134,34.22211456298828,1043464,0.0,0.0,-0.011696082536093262
2018-02-18,34.39120527151662,35.73593442755568,34.35094458170092,35.26890182495117,777732,0.0,0.0,0.030129547781372522
2018-02-19,35.36764611881809,35.743028785576975,34.42918633893372,34.68216323852539,584887,0.581,0.0,-0.01677608043999438
2018-02-20,34.64136131613632,35.03306537444826,34.53935495367007,34.68216323852539,383826,0.0,0.0,0.0
2018-02-21,34.323106035850685,34.372067103332085,33.099029541015625,33.099029541015625,1600841,0.0,0.0,-0.046721564136420965
2018-02-22,33.06638811183176,33.466251373291016,31.33636079972844,33.466251373291016,1833019,0.0,0.0,0.011033546397255995
2018-02-25,32.65019557738342,33.28671740475547,32.45434510202831,32.64203643798828,1233418,0.0,0.0,-0.0249365903284978
2018-02-26,32.64203092271116,33.05005630924505,32.274807452233325,32.625709533691406,931441,0.0,0.0,-0.0005003054539226133
2018-02-27,32.601227044397646,32.927645466185744,32.02999091503539,32.14423751831055,889083,0.0,0.0,-0.01486741632439123
2018-02-28,31.84231228368355,32.07080558109066,31.454686167881977,31.809669494628903,1072281,0.0,0.0,-0.010462881517398569
2018-03-01,31.434280478349525,32.49514600674454,31.099699739863706,32.478824615478516,1243468,0.0,0.0,0.02081801096788429
2018-03-04,32.470670362228816,32.93173806116974,32.16872924785462,32.68284225463867,569936,0.0,0.0,0.006261911814508743
2018-03-05,32.64203057442766,33.841626194193594,32.64203057442766,33.62129211425781,661742,0.0,0.0,0.028309321640601653
2018-03-06,33.621296937109285,34.06196516019308,33.376482295280645,34.02116012573242,629470,0.0,0.0,0.011823127525073812
2018-03-07,34.27413967699046,35.72670936238317,34.2414968920859,35.204437255859375,676567,0.0,0.0,0.03418944539268262
2018-03-08,35.25340484702986,36.069455870743575,35.22076205896429,35.66143035888672,609919,0.0,0.0,0.012897589583689542
2018-03-11,36.17554103064789,36.257144882534845,35.17179559711139,35.83279800415039,471440,0.0,0.0,0.004793896720810941
2018-03-12,35.4982160159741,35.76751432136367,35.16363525390625,35.16363525390625,319083,0.0,0.0,-0.01885116014721249
2018-03-13,34.82088459858942,35.14730614931791,34.3720573010777,35.122825622558594,485823,0.0,0.0,-0.0011612374680600912
2018-03-14,35.10651328555793,35.71855151624133,34.73928972455041,35.25340270996094,282637,0.0,0.0,0.0037108336248333493
2018-03-15,34.886183344992794,35.52270218530674,34.56792392483582,35.22076416015625,391985,0.0,0.0,-0.0009262557781877865
2018-03-18,34.90249920121853,35.73487153653088,34.90249920121853,35.16363525390625,343568,0.0,0.0,-0.001623340378585538
2018-03-19,34.82905559311677,35.19627915162885,34.66584477677947,34.98410415649414,174935,0.0,0.0,-0.005118667854688685
2018-03-20,34.88617699310256,34.98410223232397,34.08644746132207,34.461830139160156,291233,0.0,0.0,-0.01504145258986529
2018-03-21,34.10276950219462,34.47815218717472,33.45808851299795,33.6539421081543,430680,0.0,0.0,-0.02372213923139287
2018-03-22,33.29487902865559,34.4863127004315,33.29487902865559,33.59681701660156,546056,0.0,0.0,-0.0016988687127259048
2018-03-25,33.33567296435671,34.20884704589844,33.26222826997532,34.20884704589844,573103,0.0,0.0,0.01805296533473736
2018-03-26,34.33127273044653,35.13916476452289,34.33127273044653,35.033077239990234,301047,0.0,0.0,0.02380838302950665
2018-03-27,34.66584287011397,35.10651111609115,34.363904899938746,34.461830139160156,162272,0.0,0.0,-0.016440340420125366
2018-03-28,34.4210260049647,34.84537283165452,33.93139672731562,34.053802490234375,293186,0.0,0.0,-0.011910638694704743
2018-04-02,33.45808256616989,33.760020488423436,33.25406986759569,33.286712646484375,641737,0.0,0.0,-0.022783402350692993
2018-04-03,33.050075319354924,33.278568671085516,32.658371096535994,32.73997497558594,423600,0.0,0.0,-0.016561490126725423
2018-04-04,32.78892491311949,33.40096307882532,32.78076266097064,32.90317153930664,336929,0.0,0.0,0.004972244891162914
2018-04-05,32.68284729529411,33.23776231547339,32.42987343605723,33.156158447265625,567817,0.0,0.0,0.0076594220630381805
2018-04-08,32.99293989571046,33.58865671092443,32.739962982542615,33.35200119018555,276153,0.0,0.0,0.005889301704811442
2018-04-09,33.21327295924271,33.47440900375967,32.69916000966805,32.91133499145508,281043,0.0,0.0,-0.013300649213450744
2018-04-10,32.93582054163359,33.25407994982381,32.597158612205455,32.77260971069336,364384,0.0,0.0,-0.004224030321476295
2018-04-11,32.64203700510584,33.16430909910957,32.64203700510584,33.07454299926758,227016,0.0,0.0,0.009170796071878956
2018-04-12,33.09902770980896,33.825312558484654,33.05822267184866,33.66210174560547,232143,0.0,0.0,0.017608734464043662
2018-04-15,33.254074621200566,33.46624648833313,32.56859173148332,32.64203643798828,380433,0.0,0.0,-0.030771708245657198
2018-04-16,32.60123291182939,32.92765139236491,32.41354158509939,32.42986297607422,359624,0.0,0.0,-0.0065212239303853855
2018-04-17,31.866791713625968,32.601238876941395,31.426123415636713,32.41354751586914,353537,0.0,0.0,-0.0005032264782375427
2018-04-18,32.53594990738489,32.53594990738489,31.85046699745336,31.99735641479492,197312,0.0,0.0,-0.012923181261287523
2018-04-19,31.825982588965687,32.41354018676393,31.825982588965687,31.95655059814453,255312,0.0,0.0,-0.0012761009950367523
2018-04-22,32.021842515256424,32.05448218928963,31.711742264534653,31.76886558532715,149191,0.0,0.0,-0.005890445813889486
2018-04-23,32.486986369042896,32.75628153833187,32.025915633567976,32.470664978027344,249179,0.0,0.0,0.02185032513124766
2018-04-25,32.642039520074505,33.2051135811203,32.52779287983224,33.1724739074707,384109,0.0,0.0,0.0213833671852338
2018-04-26,33.62129743361651,35.81647321637905,33.4744080237527,35.80015182495117,626021,0.0,0.0,0.07623170146102506
2018-04-29,35.65326636894785,35.65326636894785,34.15173243392464,34.41286849975586,468855,0.0,0.0,-0.03952155559558981
2018-04-30,34.35574380744843,34.95962288117607,34.070127219664144,34.70664596557617,368275,0.0,0.0,0.008500616276961496
2018-05-01,34.690332491442874,35.07387752229075,34.4863197070324,34.5924072265625,1386570,0.0,0.0,-0.0032969813362092736
2018-05-02,34.84537909666514,35.62878732695104,34.355746617995756,34.9677848815918,356533,0.0,0.0,0.010792992014046019
2018-05-03,34.96777376114429,35.114663146732596,34.15988525339519,34.31493377685547,334894,0.0,0.0,-0.018846559178518383
2018-05-06,34.869856215622605,35.00042424121472,34.208853835007176,34.274139404296875,190036,0.0,0.0,-0.0011895299200536755
2018-05-07,34.192536787635916,34.665844730090484,34.192536787635916,34.559757232666016,240102,0.0,0.0,0.008298802814695064
2018-05-08,34.396556135739615,34.82089998096221,34.16805970409515,34.5434455871582,308638,0.0,0.0,-0.00047209521831559565
2018-05-09,34.86985574907086,35.253400681047886,34.771930509433815,34.926979064941406,292968,0.0,0.0,0.011041745502513587
2018-05-10,35.48188774794613,35.91847479327498,34.82088549161272,34.861690521240234,491146,0.0,0.0,-0.001871036176359938
2018-05-13,35.12283833761068,35.12283833761068,33.80899563412616,34.3231086730957,289846,0.0,0.0,-0.015569683930623234
2018-05-14,34.396544651826105,34.77192729657283,34.347580480038154,34.73928451538086,936371,0.0,0.0,0.012052315618058269
2018-05-15,35.294203289237196,37.13031791122064,35.26972275710002,36.20817947387695,397611,0.0,0.0,0.04141388043669794
2018-05-16,36.093934217276825,36.20002171556509,35.04938996639981,35.25340270996094,246331,0.0,0.0,-0.026722990246872587
2018-05-17,35.08203125,35.17179423841311,34.58423967895218,35.08203125,256790,0.0,0.0,-0.004872986187128279
2018-05-20,34.91882054411763,35.89808229680158,34.64952223910995,35.78383255004883,211362,0.0,0.0,0.019807117463892545
2018-05-21,35.873601528214685,36.550925358402424,35.76751713863321,36.46931838989258,354863,0.0,0.0,0.01897512837981375
2018-05-22,36.46931255380018,36.56724090034077,36.06944936754746,36.2897834777832,360119,0.0,0.0,-0.004935060270922822
2018-05-23,36.12656855523455,37.0405445610204,35.95519863783471,36.363224029541016,297796,0.0,0.0,0.0020216802935297397
2018-05-24,36.151058709349265,37.42409939114976,36.151058709349265,37.391456604003906,367406,0.0,0.0,0.02788431021995931
2018-05-27,37.53834059623358,39.20308514370519,37.53018145712262,38.803218841552734,623911,0.0,0.0,0.03706095774442478
2018-05-28,39.04802662639069,40.059930912735176,38.66448489578902,39.08066940307617,803362,0.0,0.0,0.0071247530507350925
2018-05-29,39.59479868664779,40.02730476192485,39.17861089350496,39.668243408203125,475616,0.0,0.0,0.01492299736723173
2018-05-30,40.3537227381327,40.80255016737633,39.655999503829065,40.174190521240234,600514,0.0,0.0,0.012673809162619204
2018-05-31,40.95759944856668,43.642408043318824,40.57405758716465,42.76923370361328,1004400,0.0,0.0,0.06259424279603604
2018-06-03,43.005886154488486,43.29150274489434,41.93685827770721,43.046688079833984,516336,0.0,0.0,0.006466290572158237
2018-06-04,42.94876045974345,44.22996014521574,42.728426339485594,43.56079864501953,761007,0.0,0.0,0.011872336292662277
2018-06-05,43.41391123282196,43.53631700772756,41.30033914438364,41.651241302490234,652745,0.0,0.0,-0.04482646091374308
2018-06-06,41.8307631494724,42.48360628783977,41.3003319907824,41.61859130859375,571391,0.0,0.0,-0.0007841974589332556
2018-06-07,41.78181109912175,43.51183831752884,41.78181109912175,43.1772575378418,400207,0.0,0.0,0.036766936854635196
2018-06-11,43.31598646750541,43.77297301296727,42.43464993613633,43.08749008178711,724303,0.0,0.0,-0.0020812090902368914
2018-06-12,43.25069742137483,43.650563729513195,42.27959797730612,42.39384460449219,287154,0.0,0.0,-0.016229524378517234
2018-06-13,41.98582670444582,42.39385222516349,41.66756729636406,41.969505310058594,541086,0.0,0.0,-0.01005988675174246
2018-06-14,42.24694830987953,42.99771351646527,42.01029284185231,42.6304931640625,537360,0.0,0.0,0.01562650865958821
2018-06-17,42.597855529846946,43.185410032426134,42.442803874079765,42.57337188720703,272727,0.0,0.0,-0.0013408144191284922
2018-06-18,42.842676027925584,44.02595055986578,42.761072175924504,42.89979934692383,465452,0.0,0.0,0.007638163929701458
2018-06-19,42.91611532291465,43.60975731633243,42.91611532291465,43.30781936645508,247124,0.0,0.0,0.009466055840006945
2018-06-20,44.433973373363855,44.433973373363855,43.65056523451686,43.9525032043457,561804,0.0,0.0,0.014776373704390522
2018-06-21,44.06675713037097,44.83384400418703,43.01405051847283,43.60160827636719,531988,0.0,0.0,-0.008015541492228384
2018-06-24,43.69137106650154,44.52374345585706,43.52000110448386,43.609764099121094,377798,0.0,0.0,0.0001870357627803656
2018-06-25,43.340462190711534,43.65056239285441,41.83892846584474,41.961334228515625,439289,0.0,0.0,-0.03853249185847057
2018-06-26,41.716520867621746,42.581535936724606,41.692040336935335,42.39384460449219,277570,0.0,0.0,0.010254596625102586
2018-06-27,42.02661878701185,42.45912474147964,42.01029739644875,42.18166732788086,234640,0.0,0.0,-0.0050174741339283225
2018-06-28,42.0592628596205,42.96507982927156,41.62675377888503,42.61417770385742,332319,0.0,0.0,0.010201304713279437
2018-07-01,42.59785835829858,42.761069163791426,41.75732379955595,41.78996658325195,255841,0.0,0.0,-0.019530731031611796
2018-07-02,41.82261261731815,43.413912646818474,41.82261261731815,43.20989990234375,287695,0.0,0.0,0.033413356577547466
2018-07-03,43.39758665097528,44.14835197678249,42.35304250620452,43.936180114746094,303228,0.0,0.0,0.016668495654975864
2018-07-04,41.49618983558713,41.60227733142224,39.39893912931422,39.92121124267578,1224041,0.0,0.0,-0.09583033632363715
2018-07-05,39.66823080426585,40.64749240952986,39.40709479126036,40.04361343383789,616025,0.0,0.0,0.003061403242120681
2018-07-08,39.32549135091234,39.766159579553566,38.338070519058064,38.5339241027832,526850,0.0,0.0,-0.038430197135727255
2018-07-09,38.43600601694112,39.211255193658225,38.02798046214137,38.99092102050781,453292,0.0,0.0,0.011789825843132944
2018-07-10,38.77874734582742,39.36630511429062,38.43600427656129,38.93379592895508,249081,0.0,0.0,-0.0014661612905935446
2018-07-11,38.762415168731735,39.28468721187463,38.762415168731735,39.129638671875,270368,0.0,0.0,0.005017538743824807
2018-07-12,39.06434640274977,39.30100185447424,38.81137267634246,39.10514831542969,191320,0.0,0.0,-0.000626073341242448
2018-07-15,40.14970542079664,40.90863301663084,39.40709921673154,39.51318359375,510056,0.0,0.0,0.010380249293191231
2018-07-16,40.06810171522248,40.06810171522248,39.61111516053172,39.84777069091797,390134,0.0,0.0,0.008432083071851499
2018-07-17,40.0272933769354,41.21056772632835,39.87224483685817,41.09632110595703,290241,0.0,0.0,0.030852145531978042
2018-07-18,41.27585208234864,41.44722200789895,41.05551798678961,41.088157653808594,152875,0.0,0.0,-0.00019866165238208885
2018-07-19,40.76990066134479,41.0800008631496,39.25204554717922,39.95384979248047,394002,0.0,0.0,-0.027994912201463735
2018-07-22,39.986493260727315,40.43940174976024,39.59478921050721,40.19050598144531,289988,0.0,0.0,0.005905765278704901
2018-07-23,39.58663249137219,41.12080923723757,39.58663249137219,40.67198181152344,168392,0.0,0.0,0.011908649691220343
2018-07-24,39.70087965222858,40.214989505357295,39.54582798062922,39.87224960327149,368277,0.0,0.0,-0.019858864548426097
2018-07-25,39.57847504526782,40.03954275759384,39.33366035830699,39.88041305541992,245039,0.0,0.0,0.000204719238324956
2018-07-26,40.3374015203089,41.04736502467896,40.24763541147144,40.68014144897461,224997,0.0,0.0,0.019854745789879745
2018-07-29,39.986493360156686,41.0228783575396,39.839603951835514,40.99839782714844,273766,0.0,0.0,0.007792940266392396
2018-07-30,40.47612575344484,40.85151155518969,39.9293731128181,40.76174545288086,398880,0.0,0.0,-0.005788958425590036
2018-07-31,39.98649376817538,41.38194004847847,39.93752959390634,40.96575546264648,332083,0.0,0.0,0.004992454956267598
2018-08-01,40.77807284873624,41.373789754593034,40.56589782786311,41.21057891845703,265858,0.0,0.0,0.00595850817638173
2018-08-02,41.2268879897081,42.33671760809407,41.2268879897081,41.855247497558594,246157,0.0,0.0,0.015522184047014444
2018-08-05,41.83892540084472,42.16534385704162,41.3003319907824,41.61859130859375,133233,0.0,0.0,-0.005670203417366627
2018-08-06,40.8106986152298,41.569626098541846,40.8106986152298,41.455379486083984,214357,0.0,0.0,-0.00392931819537259
2018-08-07,40.48429312817608,40.9902439080344,39.415265130954886,40.85151672363281,641536,0.0,0.0,-0.01467370598123555
2018-08-08,40.908634949853,41.64307893624762,40.598534717559815,40.802547454833984,560690,0.0,0.0,-0.0011994326347934165
2018-08-09,41.08000009192789,42.58153378696846,40.76174075712362,42.02661895751953,296369,0.0,0.0,0.02955868515006039
2018-08-12,41.90421525438284,43.10381115325309,41.65124145088424,42.77738952636719,294110,0.0,0.0,0.017706478673867498
2018-08-13,38.354390436289265,42.3530408971823,37.14663553653476,39.98649215698242,1861774,0.0,0.0,-0.06746797989703966
2018-08-14,39.80696841516773,43.169100914301815,39.415264292673854,42.42649459838867,843802,0.0,0.0,0.05923133868348843
2018-08-15,43.25069972446986,46.54754626190489,43.25069972446986,45.6988525390625,1468574,0.0,0.0,0.07430014934067737
2018-08-16,44.882802853850755,46.00895405163838,43.91986247085642,45.74781799316406,618454,0.0,0.0,0.0010709074151353491
2018-08-19,45.27603861689984,45.53127522365797,44.52678989940185,45.37483978271485,534505,0.497,0.0,-0.008186334826309587
2018-08-20,45.38307171831115,46.305226398242304,45.30073793727521,45.695945739746094,380400,0.0,0.0,0.007051817679064144
2018-08-21,45.69593957718467,46.20641586059593,45.07430924944946,45.42423248291016,615368,0.0,0.0,-0.0059638615175125
2018-08-22,44.80672224111305,45.74534423026713,44.80672224111305,45.3830680847168,372488,0.0,0.0,-0.0009066319724460072
2018-08-23,45.28427155014174,46.51106501592096,45.136068228347405,45.51480865478515,211525,0.0,0.0,0.0028986521365788748
2018-08-26,45.03726721370259,46.099389976557994,45.03726721370259,45.63007736206055,177071,0.0,0.0,0.0025293524138678596
2018-08-27,45.613610425106245,47.27677536010742,45.54362325866311,47.27677536010742,385423,0.0,0.0,0.03545207736961537
2018-08-28,45.7865142044694,47.5896503693504,45.7865142044694,47.50731658935547,435163,0.0,0.0,0.004864564910279046
2018-08-29,47.293234177559505,47.4990717267772,45.25132606621972,45.53126525878906,1185907,0.0,0.0,-0.042484494115522
2018-08-30,45.2101581836026,45.498329489794656,44.28800686295636,44.543243408203125,603278,0.0,0.0,-0.02193875922397851
2018-09-02,44.30448315342773,45.60537506406987,44.24684888059859,44.57618713378906,398127,0.0,0.0,0.0007393163732340543
2018-09-03,44.46092161546224,45.41600795416109,43.74460764664623,44.01631164550781,240929,0.0,0.0,-0.01263951123755125
2018-09-04,43.62933531656336,44.84377579553016,43.472896743917545,44.00807571411133,374370,0.0,0.0,-0.00018712840083441972
2018-09-05,43.81047211483206,44.008077584159174,42.94183722954167,43.0859260559082,335467,0.0,0.0,-0.02117675387700674
2018-09-06,42.74835323859848,45.28427409554889,42.69071895919802,45.03726959228515,422657,0.0,0.0,0.0442939579958246
2018-09-09,44.798490928694896,44.91375947133002,43.102388133376365,43.36585998535156,289146,0.0,0.0,-0.03781786488947589
2018-09-10,43.234121907156734,43.86810200092241,42.81421464548444,43.184722900390625,245524,0.0,0.0,-0.0041856991225880805
2018-09-11,42.81421464548444,43.79400034994117,42.81421464548444,43.184722900390625,327402,0.0,0.0,0.0
2018-09-12,43.12708893235925,43.42349553834893,42.42723930358761,42.550743103027344,353903,0.0,0.0,-0.014789477043031941
2018-09-13,42.76481279577983,42.76481279577983,42.13906795933771,42.550743103027344,157710,0.0,0.0,0.0
2018-09-16,42.73188528061112,43.703438964414296,42.328442219032226,43.637569427490234,188076,0.0,0.0,0.025221144337262375
2018-09-17,43.22588991467779,43.70343458704887,41.99086448854414,42.43547439575195,263500,0.0,0.0,-0.02793379072513803
2018-09-18,42.55898002145191,43.22589496010753,42.03203628066188,42.789520263671875,257016,0.0,0.0,0.008308546243705578
2018-09-19,42.15553125935448,42.76480865414256,41.241612026340555,41.57918548583984,389107,0.0,0.0,-0.028693525800817823
2018-09-20,41.66152390722812,42.14730070966973,41.39805206259866,41.7109260559082,384206,0.0,0.0,0.003163417060985708
2018-09-23,41.17574678956484,41.990864961969194,41.17574678956484,41.90853118896485,138529,0.0,0.0,0.0047263043174032475
2018-09-24,41.752098746409416,42.30374515710518,41.43922785044189,41.7685661315918,119726,0.0,0.0,-0.003345364320449952
2018-09-25,41.40628654064058,42.44370651662673,41.35688439289569,42.43547439575195,175048,0.0,0.0,0.015840622499173222
2018-09-26,42.57544262348095,43.22589010456845,42.40253981686238,42.987117767333984,217726,0.0,0.0,0.012915811292314366
2018-09-27,42.987123994184586,43.90927871139215,42.987123994184586,43.802242279052734,331521,0.0,0.0,0.01878452565544846
2018-09-30,43.10239212499579,43.703440680110255,42.657785296633705,43.03652572631836,168685,0.0,0.0,-0.017635819034554228
2018-10-01,42.73188180947149,43.225890732943704,41.58742225462408,41.7109260559082,220890,0.0,0.0,-0.03128608040933526
2018-10-02,42.15553931631925,42.15553931631925,41.636827706934305,41.80973052978515,113542,0.0,0.0,0.0023659900198964292
2018-10-03,41.57918814586033,42.29138750299807,41.455684350480425,41.653289794921875,159857,0.0,0.0,-0.003748748067376554
2018-10-04,41.3980512373206,42.19670201715049,41.3898191164541,41.57095718383789,170128,0.0,0.0,-0.001978573334867493
2018-10-07,41.175754996224846,41.73563355857265,41.011087417396574,41.505096435546875,163411,0.0,0.0,-0.0015855534590141316
2018-10-08,41.99087205096693,42.155542765607834,40.961684010502054,41.03578567504883,288443,0.0,0.0,-0.011371718012568728
2018-10-09,41.38159157117852,43.20119842352074,41.38159157117852,43.09416198730469,401132,0.0,0.0,0.0489430278444903
2018-10-10,42.814220111942525,42.92948866355687,41.58742665369173,42.591915130615234,524149,0.0,0.0,-0.011723085606965635
2018-10-11,41.57919734883981,43.31646728515625,41.57919734883981,43.31646728515625,398318,0.0,0.0,0.01686841992924098
2018-10-14,42.468410028464845,44.02454159464895,42.427240000753706,43.86810302734375,291284,0.0,0.0,0.012654603944794895
2018-10-15,43.63757456438907,45.03727098046999,43.63757456438907,44.65029525756836,316152,0.0,0.0,0.01767344654066842
2018-10-16,44.86436080437582,45.3871868812687,43.86810451935991,45.30073547363281,448735,0.0,0.0,0.014462347966083922
2018-10-17,44.8149596494777,45.29250121762212,44.222146394425835,44.69145584106445,234107,0.0,0.0,-0.013540929124341957
2018-10-18,44.049241136027305,45.52303892970532,43.9751394832493,45.160762786865234,265941,0.0,0.0,0.010446291048110914
2018-10-21,44.46092489049569,45.72065009065992,44.46092489049569,45.5065803527832,362729,0.0,0.0,0.007628308736084688
2018-10-22,45.53950618881726,46.7909990207585,45.53950618881726,46.32992172241211,439403,0.0,0.0,0.01793107122315605
2018-10-23,45.6959385535477,46.48635403418778,44.35387677605561,45.17722702026367,557164,0.0,0.0,-0.025194876971829133
2018-10-24,43.22588980622591,44.460915229260934,43.22588980622591,43.621097564697266,450426,0.0,0.0,-0.03505221047243257
2018-10-25,42.81422058813952,44.04924618202816,42.57544821952125,42.92125701904297,254411,0.0,0.0,-0.016173717593994368
2018-10-28,42.764814635729934,43.58816495853374,42.6660134764265,43.349395751953125,310513,0.0,0.0,0.00992555948181476
2018-10-29,43.34116517852871,44.73262938472908,43.06122591285816,44.46092224121094,485124,0.0,0.0,0.025317887183257864
2018-10-30,43.686970231792074,44.64205650188565,43.67873496951455,44.46915054321289,458089,0.0,0.0,0.00018505105793356117
2018-10-31,44.61735970381011,45.572446099085305,44.008082130372735,45.48188018798828,348284,0.0,0.0,0.022518306466625865
2018-11-01,45.111366899584304,46.272290779527864,44.76555811575411,45.99235153198242,380415,0.0,0.0,0.011161102608061172
2018-11-04,46.0993815551757,46.766293242851795,45.04549110682366,45.17722702026367,327810,0.0,0.0,-0.017881978731266086
2018-11-05,45.36660388062943,45.60537624041321,44.66675732631958,44.9219970703125,226409,0.0,0.0,-0.0056655456300148755
2018-11-06,44.78202404663307,46.23112238955011,44.78202404663307,45.844146728515625,353182,0.0,0.0,0.020319941974503444
2018-11-07,42.64130826043622,42.64130826043622,40.64056699273549,40.936973571777344,1483916,0.0,0.0,-0.11321387523646832
2018-11-08,40.63234048867204,40.75584430350049,39.80075797676893,40.442970275878906,584320,0.0,0.0,-0.012140813583968502
2018-11-11,40.17949913924387,41.57919545602919,40.0642305850673,41.422760009765625,419383,0.0,0.0,0.023937648045855558
2018-11-12,40.75583732416065,41.274548860446544,40.467665993352895,40.89580535888672,322529,0.0,0.0,-0.012802989132463584
2018-11-13,41.18398384628997,41.752094442777064,40.82171083211689,40.99461364746094,224252,0.0,0.0,0.0024131842949063438
2018-11-14,40.846406953355675,41.81796051266438,39.85015389128163,40.04775619506836,405365,0.0,0.0,-0.023368036768778303
2018-11-15,39.726645758613685,40.34415838698592,39.685478878221865,39.70194625854492,583610,0.0,0.0,-0.00867243621676903
2018-11-18,39.71018817200259,39.93249314994341,39.24087870996057,39.45494842529297,266355,0.0,0.0,-0.006240735842040752
2018-11-19,38.72216960514647,39.05974315483078,37.882351792090546,38.96917724609375,268556,0.0,0.0,-0.012388468160809005
2018-11-20,37.78354856620928,39.026809403170915,37.3142390992544,38.37636184692383,682873,0.0,0.0,-0.01532931348795564
2018-11-21,37.93998352259595,38.59866313774543,37.58594264054708,37.62710952758789,717346,0.0,0.0,-0.0197169044696537
2018-11-22,37.783543126159906,38.64806027550773,37.44596964343049,37.68474197387695,429257,0.0,0.0,0.0015305016777596601
2018-11-25,37.31423912715211,38.15405689518147,37.09193414671795,37.948219299316406,395021,0.0,0.0,0.006967290103091896
2018-11-26,38.351660014916575,38.7056977685056,38.038786008974725,38.53279495239258,222849,0.0,0.0,0.015287115192237044
2018-11-27,38.524560980673016,38.524560980673016,37.454206227455906,37.71767807006836,859287,0.0,0.0,-0.021380796775418754
2018-11-28,37.88235023480803,38.32696020123678,37.64358100765111,38.27756118774414,1421171,0.0,0.0,0.01473495585273104
2018-11-29,38.2775618926928,38.51633112424709,37.371874558380426,37.86588668823242,596838,0.0,0.0,-0.010813235341382765
2018-12-02,38.28579552304155,39.11737808684447,38.12112480660387,39.00210952758789,278391,0.0,0.0,0.02956511573301428
2018-12-03,38.7139323576951,38.98563632960192,38.00585058116186,38.08818435668945,332711,0.0,0.0,-0.023711622954526904
2018-12-04,37.87411397788489,37.87411397788489,36.84492609805106,37.19896697998047,293777,0.0,0.0,-0.023623120625093908
2018-12-05,37.06723755406146,37.618880846743814,36.77083089018264,36.844932556152344,286175,0.0,0.0,-0.00956289779577324
2018-12-06,37.08370282826411,38.46693175371144,37.05900018045906,38.07172393798828,484817,0.0,0.0,0.032753758999183466
2018-12-09,37.4624424449981,37.66004791898196,35.57696931319731,35.67577362060547,408872,0.0,0.0,-0.06500000438308581
2018-12-10,35.99688027029375,36.383852820132795,35.461701257272786,35.59343719482422,329713,0.0,0.0,-0.0023105759547608173
2018-12-11,35.42876496973588,36.57322146708592,35.31349642192111,36.30974960327149,327863,0.0,0.0,0.019925016916986834
2018-12-12,36.39208328853372,36.40031540943194,34.547777264956224,34.5971794128418,383606,0.0,0.0,-0.048314130440021225
2018-12-13,33.6338567170524,34.737146186243486,33.263351614344096,33.37862014770508,555731,0.0,0.0,-0.035856579197500765
2018-12-16,32.950483971106614,34.004371496789425,32.76111375263751,33.8808708190918,423224,0.0,0.0,0.01493499281319743
2018-12-17,33.92203065162967,34.004364419625695,32.612903639168564,33.041046142578125,470502,0.0,0.0,-0.025099961433909072
2018-12-18,32.6046640452897,33.36214780169109,31.95421982655696,32.703468322753906,502510,0.0,0.0,-0.010269473867734295
2018-12-19,32.84344551160716,33.46919354700241,32.30826965960142,32.42353820800781,479612,0.0,0.0,-0.00859649025957978
2018-12-20,32.05303102572012,32.374137176206105,31.369648692464303,31.86366081237793,602496,0.0,0.0,-0.017418445966296194
2018-12-23,32.118894180560915,33.01634614323994,31.80602332445789,32.687007904052734,223322,0.0,0.0,0.025511486182424648
2018-12-26,33.33745691194568,34.34194219891556,32.97106311818531,33.26335525512695,168797,0.0,0.0,0.017478661114389858
2018-12-27,33.016356240135615,33.633869160892516,32.761119576355966,33.090457916259766,152355,0.0,0.0,-0.0052113879190047235
2018-12-30,33.34569249843799,34.20197770158043,33.05752110354998,33.46919631958008,179304,0.0,0.0,0.011380542624718888
2019-01-01,33.3456862195048,33.84793039102306,33.041047496438594,33.51035690307617,293260,0.0,0.0,0.001229049364977556
2019-01-02,33.43625527877088,34.3666419719726,33.43625527877088,33.938499450683594,266420,0.0,0.0,0.012695494668044743
2019-01-03,33.551520520120185,33.971427738528725,32.983410015018805,33.84792709350586,207274,0.0,0.0,-0.0026722875269932327
2019-01-06,33.79853024816858,34.613648452730914,33.74089597662533,34.43251037597656,310165,0.0,0.0,0.017123427674405844
2019-01-07,34.41604625649433,35.14882761346706,33.773833946488125,34.95945739746094,259176,0.0,0.0,0.015187842847463287
2019-01-08,35.815743992283714,36.00511421580277,34.473681901185685,34.5560188293457,245627,0.0,0.0,-0.011607288609134084
2019-01-09,34.41604097850037,35.0582563308499,33.52682431184787,33.938499450683594,329532,0.0,0.0,-0.018031694385741873
2019-01-10,33.790299569655666,35.1405936591791,33.790299569655666,35.00885772705078,218964,0.0,0.0,0.031051060381918093
2019-01-13,34.84418768215093,35.23116336417162,34.556016306709424,35.0335578918457,153467,0.0,0.0,0.0007052916607905513
2019-01-14,34.50661959042994,35.37113699380395,34.35841624804206,34.8524284362793,466810,0.0,0.0,-0.0051835817351873715
2019-01-15,35.01709209719956,36.08745014790807,34.86888877143476,35.716941833496094,165636,0.0,0.0,0.024502320067473087
2019-01-16,35.963940973995015,35.963940973995015,35.17352544817431,35.57696533203125,167587,0.0,0.0,-0.003926750178026493
2019-01-17,35.78280424527513,36.06274348042719,35.65106831937018,36.03804397583008,107671,0.0,0.0,0.012876770365271769
2019-01-20,36.2274128353006,36.41678302549436,35.832205072178986,36.00510787963867,77304,0.0,0.0,-0.0009143436298316795
2019-01-21,36.062742504157555,36.770824264539975,36.062742504157555,36.655555725097656,119736,0.0,0.0,0.01790419158676673
2019-01-22,36.828458052103535,37.72590999279637,36.65555524520369,37.190731048583984,194332,0.0,0.0,0.014494559348016
2019-01-23,36.84492311142057,37.260715860602495,36.515581760237126,36.894325256347656,218916,0.0,0.0,-0.00800181274242457
2019-01-24,37.05077025214889,37.58594930101301,36.74613146506437,37.38834381103515,209099,0.0,0.0,0.013301240907808745
2019-01-28,37.30600813151744,37.478910963464074,36.42502344588545,36.466190338134766,261115,0.0,0.0,-0.02497345382808629
2019-01-29,36.35092046044144,36.86139681558473,36.22741664735611,36.43325424194336,204609,0.0,0.0,-0.0009036035493042119
2019-01-30,36.92725775289224,37.750608009508184,36.441480975855555,37.46243667602539,269486,0.0,0.0,0.027856806652097287
2019-01-31,37.791780550457894,38.409293284022034,37.47067129070552,37.85764694213867,509158,0.0,0.0,0.010494249983278171
2019-02-03,38.28578932913069,39.02680586280157,37.89058155811694,38.606895446777344,292358,0.0,0.0,0.019597906739394245
2019-02-04,38.83743386013888,39.15854312963193,38.39282706551827,38.64806365966797,390899,0.0,0.0,0.0010657753822828125
2019-02-05,39.27381417564427,39.27381417564427,38.78803732059773,39.03504180908203,158630,0.0,0.0,0.00996307622155567
2019-02-06,39.38085749983127,39.39732174655772,38.689242926498295,38.90331268310547,247778,0.0,0.0,-0.0033803446909016037
2019-02-07,38.86213501703652,39.067972593248754,38.28578917547583,38.919769287109375,239485,0.0,0.0,0.00042292347803689914
2019-02-10,38.89506842541478,38.993869579115035,38.36812161040529,38.45869064331055,147408,0.0,0.0,-0.011917634479956071
2019-02-11,38.170525210422674,38.76745299665264,37.63534619179181,38.63159942626953,248578,0.0,0.0,0.004485884610338221
2019-02-12,37.96468935344605,39.24911403182807,37.96468935344605,39.00210952758789,214444,0.0,0.0,0.00954515556205324
2019-02-13,38.49986671029084,39.02681365096517,37.80002006503245,38.17876052856445,232732,0.0,0.0,-0.021336381240165472
2019-02-14,37.66828019780976,38.35989464838645,37.63534542853647,38.0634880065918,178350,0.0,0.0,-0.003023851264146319
2019-02-17,37.84118535281569,38.31049485091311,37.511847062322985,37.915287017822266,266404,0.0,0.0,-0.003901120455668414
2019-02-18,37.725905227353294,38.10464555867296,37.495368180607706,37.79177474975586,262374,0.0,0.0,-0.003262902423211634
2019-02-19,35.40406224968728,36.754356214351525,34.74538264995254,36.63908767700195,1041780,0.0,0.0,-0.030975839883805357
2019-02-20,36.721430273028915,37.1742755511918,35.74987645215136,36.56499481201172,1059741,0.0,0.0,-0.0020242830118756983
2019-02-21,36.47442583743684,36.71319823175647,35.64284323000692,36.1368522644043,555483,0.0,0.0,-0.01177817385205447
2019-02-24,36.21917693778589,36.21917693778589,35.07471751334058,35.247623443603516,504828,0.0,0.0,-0.024915076041026784
2019-02-25,35.186631175674286,36.013861980524965,34.61843075794063,34.75212478637695,574621,0.627,0.0,-0.014157391872591138
2019-02-26,34.6769184921727,34.852391290623046,34.092005976488124,34.468021392822266,601384,0.0,0.0,-0.008208737038422037
2019-02-27,34.284190925388515,34.518157844172414,34.13378475885486,34.468021392822266,513592,0.0,0.0,0.0
2019-02-28,34.610078790462026,35.687988865302245,34.610078790462026,35.512516021728516,445665,0.0,0.0,0.029853220302827735
2019-03-03,35.696339491507985,35.80496369465343,35.002799550185536,35.22840881347656,319565,0.0,0.0,-0.008032372673625431
2019-03-04,35.0863607845048,35.61277921849132,34.92759693733555,35.161563873291016,312471,0.0,0.0,-0.001899275073648509
2019-03-05,35.721416777693335,35.821686528774826,35.32033458584945,35.554298400878906,425352,0.0,0.0,0.011107509766813217
2019-03-06,35.76318703521401,35.95537200702796,35.47908681872445,35.88016891479492,394375,0.0,0.0,0.00912368459253609
2019-03-07,35.62949469583986,35.77990088745128,35.32868231261703,35.35375213623047,293729,0.0,0.0,-0.014780215772226369
2019-03-10,35.15320638680157,35.20751848939568,34.67692121784696,34.8189697265625,181511,0.0,0.0,-0.015242183828831414
2019-03-11,35.2534725063474,35.52921820098617,34.7103419733726,34.79389953613281,294363,0.0,0.0,-0.0007202746210313026
2019-03-12,34.710350054628606,34.93595935162753,34.40953765863003,34.56829833984375,231817,0.0,0.0,-0.006505041614418178
2019-03-13,34.860756905958375,34.860756905958375,34.21735331079607,34.42625045776367,364104,0.0,0.0,-0.004117661040152627
2019-03-14,34.610074211271176,34.83568348923788,34.14214669031846,34.25912857055664,382195,0.0,0.0,-0.004866311269503394
2019-03-17,34.26748227108551,34.676922030092925,34.21734900213728,34.618431091308594,1462429,0.0,0.0,0.010433173931153155
2019-03-18,34.86075206989689,35.25347648420334,34.46802446807338,34.701988220214844,263733,0.0,0.0,0.002410751989203516
2019-03-19,34.50980839526069,34.877469417703296,34.20482034257174,34.29255676269531,296795,0.0,0.0,-0.011868656103844345
2019-03-20,34.426247132895945,34.685277530107555,33.8413345403737,34.217350006103516,555106,0.0,0.0,-0.0021955010697956904
2019-03-21,34.28419464721665,34.65185562199675,34.142146134245884,34.434600830078125,319544,0.0,0.0,0.006329071396572776
2019-03-24,34.434597805886916,34.67691921116173,34.04187341847678,34.09200668334961,269482,0.0,0.0,-0.009998948248163055
2019-03-25,33.96666811546707,35.30360821671471,33.96666811546707,35.153202056884766,316613,0.0,0.0,0.030652762333095804
2019-03-26,34.88581767755692,35.24512096492593,34.51815990822171,35.22840881347656,349876,0.0,0.0,0.0021371146322405345
2019-03-27,34.74376852743454,35.49579620361328,34.72705637629498,35.49579620361328,724458,0.0,0.0,0.0075614470059044096
2019-03-28,35.5960639638749,36.63219496488492,35.47908209985308,36.281246185302734,340695,0.0,0.0,0.021886701085849867
2019-03-31,36.96644259134105,37.17533974995787,36.36063891884165,36.582069396972656,251050,0.0,0.0,0.008257239421275637
2019-04-01,37.07505378127406,37.67667840653337,36.64890513005975,37.44271469116211,305573,0.0,0.0,0.02325394358054839
2019-04-02,37.40930166762174,37.85216260162805,36.98314970044952,37.51792907714844,252617,0.0,0.0,0.002006770685169158
2019-04-03,37.37586938932433,37.559699860476634,37.02492378532465,37.49285125732422,287475,0.0,0.0,-0.0006686457772264099
2019-04-04,37.00821242184741,37.48449757313192,36.80766979564066,37.15026092529297,198978,0.0,0.0,-0.009179486965385963
2019-04-07,36.9246476428139,37.36751163107351,36.72410822597487,37.31737518310547,220053,0.0,0.0,0.004488246091313901
2019-04-08,36.96643669739056,37.22546709276415,35.83839030820548,35.96372985839844,249458,0.0,0.0,-0.03694811414197212
2019-04-09,35.89687249560933,37.08340953556829,35.89687249560933,36.53192138671875,279211,0.0,0.0,0.015675510275694846
2019-04-10,36.4316532163807,36.84944741926358,35.88016499607597,35.97208023071289,186929,0.0,0.0,-0.015443348509764539
2019-04-11,36.41494725126675,36.61548670015123,35.98879534423237,36.44001388549805,195767,0.0,0.0,0.012924365027249902
2019-04-14,36.14755758208159,36.59877614300985,35.66291790322757,35.72140884399414,339045,0.0,0.0,-0.019917256890939795
2019-04-15,35.64620875418984,35.988799945055135,35.286905409194844,35.938663482666016,239893,0.0,0.0,0.006063496651607227
2019-04-16,35.72140353465434,36.465076688881894,35.72140353465434,36.29795837402344,262092,0.0,0.0,0.0099478033459085
2019-04-17,37.15026354028769,37.15026354028769,35.86345649930181,36.04728698730469,206055,0.0,0.0,-0.00692989259046831
2019-04-22,36.38152523812813,37.12937735245027,36.11413716443406,37.04999542236328,217854,0.0,0.0,0.027436624230358555
2019-04-23,37.41765227452892,37.802025409759395,37.17533403032883,37.484500885009766,227739,0.0,0.0,0.01165930961814219
2019-04-25,36.74917386171332,36.933004311771505,35.68797631481495,35.86344909667969,504769,0.0,0.0,-0.04420889197219981
2019-04-28,35.93030674224757,36.02222199042818,35.22841225047972,35.345394134521484,357546,0.0,0.0,-0.014550555205686874
2019-04-29,35.74647119586887,36.06399568449402,35.32032250884622,35.930301666259766,1266636,0.0,0.0,0.016412906404558517
2019-04-30,36.34810560400111,36.49851181322598,35.11143480733262,35.20335006713867,432889,0.0,0.0,-0.0204397465966111
2019-05-01,35.14485131512408,35.487442451739504,34.81061466049182,35.119781494140625,217671,0.0,0.0,-0.002376703382817077
2019-05-02,35.32032453294325,35.387169952132666,34.88581815190254,35.161563873291016,173227,0.0,0.0,0.0011890035358420323
2019-05-05,35.13649864706898,35.58771723879538,34.71034987989456,34.785552978515625,138081,0.0,0.0,-0.010751394301717655
2019-05-06,34.844043975702064,35.0529411180174,34.61007700879703,34.660213470458984,137903,0.0,0.0,-0.0036097130340354473
2019-05-07,34.30926574605713,34.36775668740009,33.89982596913917,34.008453369140625,276648,0.0,0.0,-0.018983321037262458
2019-05-08,34.008449592133964,34.3259740866721,33.93324650625696,34.02516174316406,296834,0.0,0.0,0.0004911799654267475
2019-05-09,34.092010721775694,34.250774579391205,33.83298032253729,34.05023193359375,398707,0.0,0.0,0.0007365419488310511
2019-05-12,33.96666780294559,34.14214059196048,33.69927978515625,33.69927978515625,264441,0.0,0.0,-0.01036037836201397
2019-05-13,33.39011886883115,33.53217058484253,32.955612425027894,33.07259750366211,570087,0.0,0.0,-0.018771396240177544
2019-05-14,32.821910794763554,33.147789755426864,32.52109846568459,32.930538177490234,385331,0.0,0.0,-0.004304630198766983
2019-05-15,32.9388928125421,33.13108094730789,32.813556466518854,32.99738693237305,278888,0.0,0.0,0.002027935133136812
2019-05-16,33.29819154340685,33.29819154340685,32.989024773607454,33.10600662231445,315753,0.0,0.0,0.0032863604078279896
2019-05-19,33.66586371034947,33.90818515676715,33.23971176147461,33.23971176147461,615015,0.0,0.0,0.004030563642251446
2019-05-20,32.88039817067087,33.27312568977315,32.345622171264765,32.90546798706055,537141,0.0,0.0,-0.010106454337661507
2019-05-21,32.872047398833054,33.09765664669499,32.60465936896336,32.99738693237305,306545,0.0,0.0,0.0027895302875819393
2019-05-22,32.855341518691645,33.79119980183623,32.83862936519582,33.406829833984375,633554,0.0,0.0,0.012331990661880161
2019-05-23,33.74942049734543,34.49309378522679,33.557235516349365,33.75777816772461,627635,0.0,0.0,0.010450489868946299
2019-05-26,33.84133502779621,34.10454426383953,33.65750453356563,34.008453369140625,248815,0.0,0.0,0.007398267222737673
2019-05-27,33.13944451533124,33.423544773405894,31.518403741327397,32.303855895996094,1289649,0.0,0.0,-0.05142252152866067
2019-05-28,32.12837093740147,32.145083085989214,31.518391857772738,31.877695083618164,751690,0.0,0.0,-0.013280049141468025
2019-05-29,31.852629080872703,32.62137207037271,31.71058058214325,32.55452346801758,491036,0.0,0.0,0.021009777283510604
2019-05-30,32.629734142039965,32.88876775514573,32.42919466335989,32.67987060546875,453216,0.0,0.0,0.003842981712247808
2019-06-02,32.67986300367505,33.08929953679142,32.50439020376803,32.55452346801758,277467,0.0,0.0,-0.0038429817122478094
2019-06-03,32.303850265944355,32.60884146135428,31.501686096191406,31.501686096191406,464721,0.0,0.0,-0.03287525756843975
2019-06-04,31.677166117514066,31.88606328346642,31.418132484226746,31.585250854492188,356460,0.0,0.0,0.0026491952601596642
2019-06-05,31.74401008293038,32.78013808901634,31.685515952530007,32.08660125732422,463654,0.0,0.0,0.0157482701613637
2019-06-06,32.437535007349325,32.470959301732236,31.78577720446337,32.07823181152344,172334,0.0,0.0,-0.00026087329921877693
2019-06-10,32.696574741652206,33.26477510443326,32.479319974256455,32.922183990478516,501965,0.0,0.0,0.025969052583327008
2019-06-11,32.79684380815786,33.29819555951792,32.738352876749744,33.04751968383789,293336,0.0,0.0,0.003799800125914114
2019-06-12,33.28984173624171,33.61572069981857,32.85533538896697,32.922183990478516,331433,0.0,0.0,-0.0037998001259140347
2019-06-13,32.92218375971877,33.44024766773494,32.771777594888796,32.8219108581543,168383,0.0,0.0,-0.0030504096317249467
2019-06-16,32.81356063612198,33.1227274872851,32.47096948009875,32.73835754394531,206952,0.0,0.0,-0.002548902299575855
2019-06-17,32.57123612410199,33.1394365028717,32.32056023641344,32.36233901977539,369993,0.0,0.0,-0.011552033254064243
2019-06-18,32.37069185785853,33.22298911129684,32.262064487315854,32.98067092895508,292244,0.0,0.0,0.018926289651821724
2019-06-19,32.78013411540784,32.9305402895941,32.02810643199348,32.05317306518555,416886,0.0,0.0,-0.028525478374303803
2019-06-20,32.08659859035537,32.521101790652374,31.259364600811537,31.46826171875,647561,0.0,0.0,-0.01841670864692694
2019-06-23,31.911123747511652,32.872051799928066,31.543465954095925,32.69657897949219,485113,0.0,0.0,0.03829098065301908
2019-06-24,32.42083271728539,32.571238900221346,30.33186149597168,30.33186149597168,624550,0.0,0.0,-0.07507175950549073
2019-06-25,30.173096326406768,31.317851492292405,30.131317545720673,30.83321189880371,571555,0.0,0.0,0.016393722864656367
2019-06-26,31.09225081008536,31.87770612826331,30.83322038602031,31.83592414855957,492124,0.0,0.0,0.032002924947252064
2019-06-27,31.635381932102465,32.17851255853466,31.35128170730875,31.45155143737793,389072,0.0,0.0,-0.012147030160550968
2019-06-30,31.911119576143538,32.47931993829548,31.87769846294153,31.96125602722168,184802,0.0,0.0,0.016076107889458905
2019-07-01,31.919482020495312,32.45425816193535,31.919482020495312,32.25371551513672,336074,0.0,0.0,0.009108826275829597
2019-07-02,32.028105850056356,32.42918791142658,32.003036029802864,32.21193313598633,287295,0.0,0.0,-0.0012962681947753189
2019-07-03,32.437545625042226,32.846985396463275,32.36234253182274,32.51274871826172,239657,0.0,0.0,0.009295302490269683
2019-07-04,32.59629880505572,32.771774773930396,32.36233509657809,32.57958984375,236920,0.0,0.0,0.0020537332183343353
2019-07-07,32.404117841039216,32.830269719373376,32.270423821614486,32.379051208496094,598314,0.0,0.0,-0.006174367846879814
2019-07-08,32.59630359578672,33.76612868513884,32.58794911390599,33.69092559814453,482627,0.0,0.0,0.03971688496961008
2019-07-09,33.883109910101496,34.493089076298645,33.69092495534213,34.100364685058594,399520,0.0,0.0,0.012079547794897281
2019-07-10,34.016808359017084,34.07529930123214,33.4068291134048,33.65750503540039,1399994,0.0,0.0,-0.01307201533045835
2019-07-11,33.339981412472234,33.423538984927724,32.81355978095484,33.2062873840332,190635,0.0,0.0,-0.01349682644868312
2019-07-14,33.23970327374419,34.083649285417295,33.039163856377904,33.67420959472656,352748,0.0,0.0,0.01399301341676078
2019-07-15,33.423541328258146,33.45696563459055,32.203582834780875,32.23700714111328,437833,0.0,0.0,-0.04361716772763265
2019-07-16,31.760718292274923,32.15344591729354,30.51569318054094,30.582538604736328,695117,0.0,0.0,-0.052685870466029454
2019-07-17,31.418127473470083,31.777430796605643,31.15073939869719,31.31785774230957,657484,0.0,0.0,0.02375925749828039
2019-07-18,31.57688970895911,31.752362526337393,31.09224685618048,31.30950164794922,525251,0.0,0.0,-0.00026685124492849765
2019-07-21,31.16743978879328,31.49331868271177,30.666088134690387,31.418115615844727,447687,0.0,0.0,0.003463038488646297
2019-07-22,31.334564567017573,31.6520890471347,31.08388868798478,31.21758270263672,381193,0.0,0.0,-0.006403172751500161
2019-07-23,31.64372374444157,32.27041488459762,31.48496313644112,31.98631477355957,429404,0.0,0.0,0.024326663756183767
2019-07-24,32.18686689969823,32.29549428875633,31.51839678918092,31.96961212158203,411992,0.0,0.0,-0.0005223175761224762
2019-07-25,31.969611558584383,32.20357848378288,31.585241650245457,31.593599319458008,343768,0.0,0.0,-0.011831283528807789
2019-07-28,31.593599875833927,32.195221381541046,31.526751271023738,31.96961212158203,543748,0.0,0.0,0.011831283528807787
2019-07-29,32.04481876074373,32.59630706149846,31.9946854890952,32.13673400878906,327137,0.0,0.0,0.005213907074512926
2019-07-30,31.919478499698354,32.38740597808622,31.610311674689672,32.22864532470703,467886,0.0,0.0,0.0028559259446975746
2019-07-31,32.312204975909594,32.4793233093319,31.451549861932765,31.45990753173828,372256,0.0,0.0,-0.0241417050494287
2019-08-01,31.376348342946734,31.769075968033786,31.10060578837718,31.45155143737793,351666,0.0,0.0,-0.00026564618104286914
2019-08-04,31.33456908352801,31.752363337975048,30.632674608556293,30.80814743041992,296999,0.0,0.0,-0.020669130251911794
2019-08-05,30.423775889231,31.017042934495503,29.492093348062262,30.79979133605957,520805,0.0,0.0,-0.00027126680680758205
2019-08-06,31.342919073816187,31.74400430561405,30.883346097297196,31.09224319458008,355965,0.0,0.0,0.009450457957513455
2019-08-07,31.33456832955628,31.894411087036133,31.083892420423258,31.894411087036133,521250,0.0,0.0,0.025472420297122496
2019-08-08,31.769072260761337,32.67568493573391,31.76071459151247,32.33727264404297,361616,0.0,0.0,0.013789723357960835
2019-08-11,32.587946614629296,33.139434814453125,32.33727073971241,33.139434814453125,366736,0.0,0.0,0.02450344060466767
2019-08-12,32.796851708084645,33.25642478878361,32.29549983596167,33.055885314941406,1404307,0.0,0.0,-0.0025243338566835493
2019-08-13,33.172864849935785,34.03352000471126,32.80520386147462,34.008453369140625,695447,0.0,0.0,0.028409498703453145
2019-08-14,33.423541952220056,34.050233363824184,33.080950774710494,33.39011764526367,854057,0.0,0.0,-0.01834914489981264
2019-08-15,33.064234555109586,33.599010650577455,32.88876174644362,33.54051971435547,672775,0.0,0.0,0.004494274316906241
2019-08-18,33.67421449629655,34.99444580078125,33.5990114069586,34.99444580078125,393675,0.0,0.0,0.04243510585590366
2019-08-19,34.92759243969298,37.10847854614258,34.69362872138214,37.10847854614258,630755,0.0,0.0,0.05865611825456435
2019-08-20,37.183689498069555,37.334095688119305,34.88582104594166,35.32868194580078,1122037,0.0,0.0,-0.04915032201003715
2019-08-21,35.47907987245094,36.398228951734296,35.10306448490395,35.73811340332031,757627,0.0,0.0,0.011522567902530884
2019-08-22,35.16157312480135,36.431665111232526,35.16157312480135,35.80497360229492,495863,0.0,0.0,0.0018690895581290384
2019-08-25,34.994447731954516,36.13920309947945,34.88582033302352,35.72140884399414,674614,0.0,0.0,-0.002336614643803053
2019-08-26,36.65881357700591,36.97184660941935,35.57588317108829,36.37961959838867,5894680,0.528,0.0,0.018258520144614855
2019-08-27,36.21041488647461,36.438845465199826,35.99044649254174,36.21041488647461,757553,0.0,0.0,-0.004661935197236741
2019-08-28,35.68587367831666,36.692657470703125,35.61818910704127,36.692657470703125,533120,0.0,0.0,0.013229884626785145
2019-08-29,36.65881415260834,36.92954595149427,35.990443612130974,36.18503189086914,483355,0.0,0.0,-0.013931116479767832
2019-09-01,36.5995903328884,36.61651147456713,35.94814412883475,35.98198318481445,211560,0.0,0.0,-0.005627203553959908
2019-09-02,35.998912331162586,36.24426409899371,35.73664264526866,36.1088981628418,216470,0.0,0.0,0.003520975379170434
2019-09-03,36.405004562480634,37.12413861036352,36.08351253048301,36.65035629272461,556959,0.0,0.0,0.014883828307234708
2019-09-04,36.65881885305695,37.38640863874455,36.37116587643514,37.352569580078125,461964,0.0,0.0,0.018978556758539385
2019-09-05,37.420252358524486,38.82467500939871,37.352571011220434,38.6639289855957,671846,0.0,0.0,0.034505391297890806
2019-09-08,38.2324423326169,38.2324423326169,37.32718225579747,37.479469299316406,493028,0.0,0.0,-0.031113800135031424
2019-09-09,37.41179354079565,37.80097016454456,37.2425853308332,37.47101593017578,501864,0.0,0.0,-0.00022557210004937178
2019-09-10,37.43717232481906,37.73328426129578,36.71804149201669,37.56407928466797,429812,0.0,0.0,0.002480529995842138
2019-09-11,38.122469904621525,39.205397411379685,37.961720634014355,39.01926803588867,566037,0.0,0.0,0.038007320732546694
2019-09-12,39.154629004721905,39.72147601841907,38.8415959171633,39.36613845825195,430421,0.0,0.0,0.008850440460278755
2019-09-15,39.713008362827054,40.77901766911682,38.985418653900425,40.677494049072266,490060,0.0,0.0,0.03276895094741773
2019-09-16,40.49137234214971,40.66903951750394,39.68763573272752,40.48291015625,465977,0.0,0.0,-0.004795054129139602
2019-09-17,40.44059912935072,40.85515899897141,40.23755190015581,40.559043884277344,481369,0.0,0.0,0.0018788725253663448
2019-09-18,40.27140215572855,40.59289745665792,40.01759143494365,40.30524444580078,402894,0.0,0.0,-0.006277190514907936
2019-09-19,40.271393347914376,41.19357457273141,40.051424965311305,40.313697814941406,391035,0.0,0.0,0.00020971173608959473
2019-09-22,40.186798026497826,40.7917152206234,40.059891057568095,40.22909927368164,227247,0.0,0.0,-0.0021007110611691083
2019-09-23,39.90759838272994,40.660574677347526,39.74685237504906,40.47444534301758,323063,0.0,0.0,0.006080199484349465
2019-09-24,39.78915477588039,40.44060423764276,39.31537569632808,40.08526992797851,290032,0.0,0.0,-0.009661862414409621
2019-09-25,40.110648714820314,40.47444519749659,39.77223233132403,40.1783332824707,264208,0.0,0.0,0.0023189438917215494
2019-09-26,40.00065994262695,40.46598324230531,39.52688091368547,40.00065994262695,231908,0.0,0.0,-0.004431924710400093
2019-09-29,39.76377440348853,40.44060396062552,39.205389615428274,39.29845428466797,322365,0.0,0.0,-0.01771076562071795
2019-09-30,39.44228365378181,40.59289564588367,39.3323010570208,40.50829315185547,273058,0.0,0.0,0.030321535408970226
2019-10-01,40.44061154310694,41.00745862231344,40.07681498280179,40.82978820800781,303299,0.0,0.0,0.00790519582016028
2019-10-02,40.2206377426635,40.567513111189704,39.789156657802806,40.3729248046875,294250,0.0,0.0,-0.011252535956342027
2019-10-03,40.44060758717572,40.93977003546048,40.144495637929765,40.57597351074219,244477,0.0,0.0,0.005016723788283156
2019-10-06,40.60981673349587,41.15128044022863,40.398307271342254,41.08359909057617,135288,0.0,0.0,0.012432886986037402
2019-10-07,41.02436911929444,42.27650451660156,40.77901741395907,42.27650451660156,557275,0.0,0.0,0.02862248998340542
2019-10-08,41.904248638667376,42.2765073134246,40.47444600596024,40.61827087402344,631193,0.0,0.0,-0.04001349604726767
2019-10-09,40.18679290331839,40.677496344752925,39.83991755682697,40.32215881347656,405358,0.0,0.0,-0.007316822575341062
2019-10-10,40.27139752336635,41.75196365624567,40.186795035295894,41.396629333496094,364257,0.0,0.0,0.026298296120709476
2019-10-13,41.878867768430695,42.12421948548309,41.39662651898445,41.709659576416016,390776,0.0,0.0,0.007533286046268742
2019-10-14,41.345868931619734,41.73504879642296,41.18512290156463,41.33740997314453,367768,0.0,0.0,-0.0089648460416796
2019-10-15,41.63351820409519,43.08024202723873,41.32894408819592,42.78413009643555,487317,0.0,0.0,0.03439934123199462
2019-10-16,42.8602698219667,42.86872877893414,41.95500973969825,42.16651916503906,424375,0.0,0.0,-0.014540720256959381
2019-10-17,42.16652553933561,42.420336242637504,42.03961857399557,42.217288970947266,187783,0.0,0.0,0.001203306965061148
2019-10-20,41.878866156348,42.3272651046551,41.5658331109663,42.20882034301758,257538,0.0,0.0,-0.00020061632655839906
2019-10-21,42.301889154752494,42.66568565967361,42.246897860707406,42.37803268432617,230665,0.0,0.0,0.004000918841937567
2019-10-22,42.02268953230926,42.56415635226815,41.47276698307157,41.811180114746094,266303,0.0,0.0,-0.013466360283691435
2019-10-23,41.96346671505781,42.784124279387754,41.85348414278616,42.53877258300781,226475,0.0,0.0,0.017252185484225028
2019-10-24,42.85182205079568,43.10563278198242,42.63185038368957,43.10563278198242,295392,0.0,0.0,0.013237723455643445
2019-10-27,43.15638495998241,43.78245432594561,42.85181407566896,42.97871780395508,435227,0.0,0.0,-0.002948621186481873
2019-10-28,42.34418680128599,42.741825558322155,41.34586204385145,42.631839752197266,781036,0.0,0.0,-0.008103672255703217
2019-10-29,42.301887841974875,42.97025844444878,42.15806297245357,42.47109603881836,448357,0.0,0.0,-0.0037776347676579188
2019-10-30,42.68261199317215,43.325599366470534,42.68261199317215,43.15639114379883,216766,0.0,0.0,0.016006769776144486
2019-10-31,41.845026497188854,43.647087815105536,41.845026497188854,43.17330551147461,401665,0.0,0.0,0.0003918551448119825
2019-11-03,43.190223693847656,43.57094130215758,42.9617931288617,43.190223693847656,216132,0.0,0.0,0.0003917899776707985
2019-11-04,43.24945353825027,43.841680672562795,42.61492515735361,42.93642044067383,204189,0.0,0.0,-0.005893739165227784
2019-11-05,42.91102806573257,43.26636230826828,41.95500467493644,42.02268600463867,273099,0.0,0.0,-0.021510811664954815
2019-11-06,41.95501125294476,42.44571145919776,41.9127100118264,42.327266693115234,212982,0.0,0.0,0.007221865633033077
2019-11-07,42.648757959194,42.648757959194,41.24433558429069,41.37124252319336,398014,0.0,0.0,-0.022845466635408193
2019-11-10,41.7773423052759,42.674140196937394,41.30356003396466,42.57261657714844,390590,0.0,0.0,0.02862522881147247
2019-11-11,42.51340199912467,43.63863388973561,42.50494304066382,43.35943984985352,699349,0.0,0.0,0.018313195220657136
2019-11-12,43.850143120733264,43.96012571703456,42.96180080025896,43.68093490600586,227773,0.0,0.0,0.0073872962773666295
2019-11-13,43.61324619259355,44.74693692814866,43.367894465878514,44.08702850341797,389832,0.0,0.0,0.009253866207799322
2019-11-14,44.62003456519224,45.37300768360849,44.41275298246296,45.10227584838867,220663,0.0,0.0,0.022767106564542137
2019-11-17,44.47620159711922,44.83999806603386,43.596321615215075,44.25623321533203,347217,0.0,0.0,-0.01893648234880129
2019-11-18,43.57094311528292,43.833215973561025,43.24098891680977,43.75707244873047,333519,0.0,0.0,-0.011342969447225605
2019-11-19,43.824759113473114,44.2985414619125,43.6301707991261,43.917823791503906,252073,0.0,0.0,0.003666990890204697
2019-11-20,43.993962332759175,44.4169812013434,43.680929273672646,44.3069953918457,249203,0.0,0.0,0.008822327507278295
2019-11-21,44.24777267793956,44.71309278443107,44.01934210332493,44.33237838745117,166422,0.0,0.0,0.0005727250818017523
2019-11-24,44.4169812013434,44.66233291969293,44.09548595755359,44.3069953918457,225130,0.0,0.0,-0.0005727250818016597
2019-11-25,44.416981346166665,45.0515096511119,44.137787342849386,44.797698974609375,313448,0.0,0.0,0.01101420182078995
2019-11-26,44.58618980670182,45.30532059899625,44.49312513837193,45.00920867919922,547721,0.0,0.0,0.004710330222538669
2019-11-27,44.840008188768415,45.02613755740742,44.1800996670533,44.77232360839844,289853,0.0,0.0,-0.005276934230398406
2019-11-28,44.98382170413255,45.31377910891904,44.569265050036435,44.68770980834961,209475,0.0,0.0,-0.00189165646487608
2019-12-01,44.569267398136645,45.28839816999788,44.4169803501744,44.48466491699219,299341,0.0,0.0,-0.0045539942811376145
2019-12-02,44.00242424983283,44.197015782562936,43.51172400750549,43.71477127075195,267214,0.0,0.0,-0.017458460837845285
2019-12-03,43.3171283346729,43.5624800277956,42.34418374601532,42.733360290527344,305497,0.0,0.0,-0.02270617369440754
2019-12-04,42.63184341471095,43.63863044308263,42.63184341471095,43.48634338378906,176103,0.0,0.0,0.017467056961442025
2019-12-05,43.23253239414097,43.57094882157048,42.58954505487878,42.93642044067383,282207,0.0,0.0,-0.012726516512069604
2019-12-08,42.87719566194868,43.8755205171483,42.87719566194868,43.71477127075195,206192,0.0,0.0,0.01796563324503504
2019-12-09,43.14792121019422,43.57939900225002,42.98717521460041,43.24098587036133,260724,0.0,0.0,-0.010897267863046123
2019-12-10,43.28329113027662,43.93474058460099,43.28329113027662,43.49480056762695,155778,0.0,0.0,0.005852611296510866
2019-12-11,43.46941642875943,43.46941642875943,42.98717521460041,43.24098587036133,160756,0.0,0.0,-0.005852611296510829
2019-12-12,43.46941912327319,44.611568758683894,43.342512173837434,44.20547103881836,186639,0.0,0.0,0.02205976810923568
2019-12-15,44.54388163656168,45.43222048515821,44.54388163656168,45.19532775878906,227481,0.0,0.0,0.022145152744513837
2019-12-16,44.839998656332654,45.30531875163037,44.61156808721318,45.059967041015625,149499,0.0,0.0,-0.00299950976972662
2019-12-17,44.92460113643124,45.46606798214652,44.577725804222645,45.059967041015625,234545,0.0,0.0,0.0
2019-12-18,45.364544044365694,45.85524749708522,45.06843211764043,45.27994155883789,201795,0.0,0.0,0.004869939675169118
2019-12-19,45.161494898032,45.85524557793432,45.12765261428607,45.56759262084961,172669,0.0,0.0,0.0063326324901599035
2019-12-22,45.79602464608495,46.01599304264737,45.38992691040039,45.38992691040039,151827,0.0,0.0,-0.003906569513226742
2019-12-23,44.84000108588428,46.2867248746506,44.84000108588428,45.7706413269043,127588,0.0,0.0,0.00835266030703258
2019-12-26,45.49990247458682,45.68603178499015,45.263012972166166,45.576045989990234,98768,0.0,0.0,-0.00426059525525361
2019-12-29,45.49991468180482,45.81295101099114,45.32224750732282,45.63528060913086,128862,0.0,0.0,0.0012988436782274577
2019-12-30,45.35608542180717,45.56336377204601,44.213932494477085,44.29853820800781,163012,0.0,0.0,-0.02972943599456863
2020-01-01,44.27316046321022,45.906010479005175,44.24777713411148,45.58451843261719,130676,0.0,0.0,0.028616471873033573
2020-01-02,45.516824938643374,45.99906614110276,44.873837744490025,45.67757415771485,137404,0.0,0.0,0.0020393079910016763
2020-01-05,45.34761844782443,45.592970150086195,45.085348832021104,45.51682662963867,137044,0.0,0.0,-0.003525385180969484
2020-01-06,46.34594889382585,47.09046304932442,45.550674536678805,46.99739837646485,312551,0.0,0.0,0.032010172857925547
2020-01-07,46.58284349414644,47.13276614028381,46.00753751881202,46.94664001464844,244482,0.0,0.0,-0.0010806085755940434
2020-01-08,47.54732303275613,48.08878668591053,47.538860847775496,47.96187973022461,282549,0.0,0.0,0.02139488518887426
2020-01-09,47.77575152049143,48.11416467517671,47.49655752118272,47.99571990966797,193246,0.0,0.0,0.000705315284526184
2020-01-12,47.22582896601706,47.71653243113917,46.794351115114885,46.99739837646485,148806,0.0,0.0,-0.021019591897806375
2020-01-13,46.95509171539903,48.28337062825704,46.87048923749352,48.11416244506836,222139,0.0,0.0,0.023484324815152988
2020-01-14,48.20724120503946,48.50335641906075,47.83498567506313,48.12263870239258,209620,0.0,0.0,0.0001761541789642116
2020-01-15,48.75715202795132,48.977120403017345,48.00417901490931,48.09724044799805,186611,0.0,0.0,-0.0005279211574296667
2020-01-16,47.86881573279785,47.95341821382209,46.53207458644589,46.91279220581055,240771,0.0,0.0,-0.024934411139730436
2020-01-19,47.301970910490475,47.91111912888013,47.149683855893066,47.45425796508789,352319,0.0,0.0,0.011475863676250848
2020-01-20,47.217368290847176,47.59808269887579,46.91279418252196,46.96355438232422,158658,0.0,0.0,-0.010394394630935328
2020-01-21,46.56592149053323,47.44580158095792,45.68604140010854,47.31043243408203,436093,0.0,0.0,0.007358967810421352
2020-01-22,46.95509680785297,47.20044853871698,46.46439334612495,46.82818984985352,163885,0.0,0.0,-0.010245461234020372
2020-01-23,47.217367098299945,47.944956838571905,46.64206118096652,46.972015380859375,391775,0.0,0.0,0.003066638145760706
2020-01-27,45.68603883411478,46.10059875469285,44.88230232026125,45.38992691040039,277743,0.0,0.0,-0.0342618007408629
2020-01-28,45.58451669938024,46.895874618926115,45.58451669938024,46.70128631591797,217227,0.0,0.0,0.028481502324267806
2020-01-29,46.853572253365854,47.521939633824466,46.34594765876249,46.47285461425781,278616,0.0,0.0,-0.00490333813773232
2020-01-30,46.43055166283851,46.58283871287733,46.16827880390991,46.43901062011719,178051,0.0,0.0,-0.0007285182694828192
2020-02-02,46.17674713785944,46.18520609626459,45.288404818541046,45.70296478271485,205621,0.0,0.0,-0.015976681435206943
2020-02-03,45.24610163950816,46.565921783447266,45.24610163950816,46.565921783447266,306826,0.0,0.0,0.018705810715156427
2020-02-04,46.92970843517618,47.49655209893601,46.405162780123206,46.64205551147461,183723,0.0,0.0,0.0016336315231535387
2020-02-05,46.87048845894778,47.175059310775126,46.33748382033913,46.819725036621094,123268,0.0,0.0,0.0038019763399031845
2020-02-06,46.82818819363878,47.02277971632312,46.10905739675071,46.37133026123047,167818,0.0,0.0,-0.009623203306173993
2020-02-09,44.247777147572044,46.81127392561049,44.247777147572044,46.49823760986328,260628,0.0,0.0,0.0027330250486942765
2020-02-10,46.88740720154237,48.79099200286028,46.73512338662439,48.68946838378906,339811,0.0,0.0,0.04604834073717396
2020-02-11,48.77407850289994,49.83162571044437,48.190310378813535,48.4948844909668,330203,0.0,0.0,-0.0040044337815087075
2020-02-12,48.9179046223246,49.61588644259137,48.74023746149394,49.01942825317383,367050,0.0,0.0,0.010758396522436521
2020-02-13,49.25631628300927,49.43398342672361,48.76561286431894,49.23939514160156,365323,0.0,0.0,0.004477302867813757
2020-02-16,49.32399335486197,49.696251978876646,49.0448026142284,49.3493766784668,272340,0.0,0.0,0.0022311178130694207
2020-02-17,48.7402416256993,49.33246877311078,48.24107915925825,48.61333465576172,291937,0.0,0.0,-0.015027266265589492
2020-02-18,50.76226370675224,55.99923931135397,50.76226370675224,53.30037689208984,1251418,0.0,0.0,0.09204553338765425
2020-02-19,53.511888187364264,55.19550151825958,52.31897507781616,54.78094482421875,483932,0.0,0.0,0.027399009005854
2020-02-20,54.231023676540545,54.84863413326782,53.004271403484246,53.114253997802734,654054,0.0,0.0,-0.03089708220353238
2020-02-23,51.60830581935295,52.615089639874384,50.49999513908123,51.912879943847656,503317,0.0,0.0,-0.022878401237223484
2020-02-24,50.13976485756118,52.166912291724,50.09699873618703,51.722137451171875,575584,0.667,0.0,-0.003681047446164037
2020-02-25,49.60945456044446,51.14905767009601,49.19033876729895,49.86605453491211,364267,0.0,0.0,-0.036545378984368715
2020-02-26,48.75412330079915,50.03712654555702,48.309348451074904,48.97650909423828,407373,0.0,0.0,-0.017999724508835222
2020-02-27,46.03415840676312,48.60016502146718,45.786110317591984,47.53955078125,684341,0.0,0.0,-0.029778764310830343
2020-03-01,45.93152259402411,48.62582778930664,45.93152259402411,48.62582778930664,876068,0.0,0.0,0.02259281313046513
2020-03-02,49.35285524894454,50.3621513232083,48.21525755430061,48.232364654541016,391213,0.0,0.0,-0.008124564152251613
2020-03-03,47.667845817601275,48.506074194855024,47.04345130993815,48.258026123046875,575834,0.0,0.0,0.0005318968843230379
2020-03-04,49.455502771250806,50.413477703315415,49.35714100714912,50.2509651184082,547216,0.0,0.0,0.040467594620841714
2020-03-05,49.70354180666564,50.712837863870206,48.55739221269668,48.66858673095703,523566,0.0,0.0,-0.031995967453435276
2020-03-08,47.70206053222832,47.82180697843003,46.27364857133924,47.47967147827149,495181,0.0,0.0,-0.02473213508050901
2020-03-09,44.52021264131063,49.464054107666016,44.40046619197035,49.464054107666016,967443,0.0,0.0,0.04094457557809704
2020-03-10,49.85750486289507,51.49119546479573,48.57450166989939,48.58305358886719,927464,0.0,0.0,-0.017971447623074108
2020-03-11,48.41198888063434,48.66859214560609,44.89656265210478,45.811771392822266,1204567,0.0,0.0,-0.058733703104927634
2020-03-12,43.981347951883926,47.35137176513672,42.19369996611551,47.35137176513672,876349,0.0,0.0,0.03305471455768812
2020-03-15,43.570791072287086,49.22455949289147,43.39117139263259,47.4283561706543,765435,0.0,0.0,0.0016244913152675122
2020-03-16,46.367733168231304,47.30860410484385,41.432447314614855,42.93783950805664,956725,0.0,0.0,-0.09946680430005066
2020-03-17,42.7667648568775,45.307111733486494,39.64478971718735,41.38112258911133,998353,0.0,0.0,-0.036928676246154486
2020-03-18,40.046808440812505,40.500135218401375,35.63327732610005,38.27626419067383,1089360,0.0,0.0,-0.07799483058694008
2020-03-19,35.92408800655276,44.41756907484396,35.92408800655276,40.44025802612305,1035368,0.0,0.0,0.05499580445265573
2020-03-22,38.49009753548525,40.65409530836959,35.924091033119566,39.986934661865234,530857,0.0,0.0,-0.01127300729560278
2020-03-23,41.91144144832763,45.991392364532906,41.184407544668574,45.67491912841797,623166,0.0,0.0,0.1329965643708057
2020-03-24,48.42055024484373,49.47261267186829,41.20151548288354,41.91144561767578,845499,0.0,0.0,-0.08599037695008747
2020-03-25,43.194446973318,45.230146575954514,41.85157036804652,42.97206115722656,563572,0.0,0.0,0.024991209266133112
2020-03-26,44.905112139427374,46.96647048998059,43.25431442260742,43.25431442260742,639504,0.0,0.0,0.006546819847562354
2020-03-29,43.19444666649844,45.77756050225436,42.339111088944016,44.09254837036133,674557,0.0,0.0,0.01919381314328367
2020-03-30,44.47744483656448,45.007751919095895,42.84375420481219,43.7076416015625,843378,0.0,0.0,-0.00876784514318746
2020-03-31,44.47745034876309,45.298571725964834,42.04829716073987,42.97206115722656,558769,0.0,0.0,-0.016972787847658728
2020-04-01,42.08251128065881,44.255064441696135,41.32981505501471,43.90437698364258,461434,0.0,0.0,0.02146385461980005
2020-04-02,44.21228673387159,44.56297412594402,41.65483565244837,41.7403678894043,303216,0.0,0.0,-0.05054530316732349
2020-04-05,41.911441497802734,42.92928961669619,41.312705966693464,42.76677703857422,330212,0.0,0.0,0.02429284829943122
2020-04-06,43.622116635752874,43.639223739700626,41.00478846298298,41.31270980834961,497560,0.0,0.0,-0.034591367575771144
2020-04-07,41.184402527323506,43.16878047679366,41.02188670634594,42.27067565917969,756387,0.0,0.0,0.02292340265040314
2020-04-08,43.78462667522427,43.835947984074174,41.32981450171307,42.59571075439453,607760,0.0,0.0,0.0076599628719040535
2020-04-13,41.911435627947775,43.04047812261177,41.697601772703145,42.40753173828125,415659,0.0,0.0,-0.004427579890091179
2020-04-14,42.24502090211086,43.22010287496437,41.97986897855888,43.09180450439453,683936,0.0,0.0,0.016006846519214336
2020-04-15,42.98061092376709,43.35695738708193,42.51872894866741,42.76677703857422,443241,0.0,0.0,-0.007571264575659264
2020-04-16,43.90436297483952,45.24723914887167,43.66486686959727,44.47743606567383,695608,0.0,0.0,0.039220442129526606
2020-04-19,44.306373596191406,45.495289294324856,44.27215939670014,44.306373596191406,316717,0.0,0.0,-0.00385346566704522
2020-04-20,44.04977629983264,44.90511176196531,43.28852826058989,43.3227424621582,209615,0.0,0.0,-0.022450813009136233
2020-04-21,42.83520400901377,44.742601809316305,42.7069023770697,43.459598541259766,323835,0.0,0.0,0.003154010158526115
2020-04-22,44.15241861273511,44.52021314722895,41.92854756668286,42.45885467529297,339762,0.0,0.0,-0.023296255647694518
2020-04-23,41.911433403909214,41.911433403909214,40.06390912314867,40.97056579589844,839412,0.0,0.0,-0.03568158023891148
2020-04-26,41.740374077820306,43.476707458496094,41.73182215799509,43.476707458496094,364551,0.0,0.0,0.05937143249185517
2020-04-27,43.86160288980385,46.03415581781946,43.57934387474053,45.83742904663086,568195,0.0,0.0,0.052875651503337846
2020-04-28,46.17100973892533,46.96647201220447,44.96498681860629,46.701316833496094,612022,0.0,0.0,0.018671376533246853
2020-04-29,47.20595817049361,49.652217864990234,46.70131016874189,49.652217864990234,905615,0.0,0.0,0.06127069748653432
2020-04-30,49.60946012258657,49.652226245985105,47.85602296047816,47.90734100341797,400195,0.0,0.0,-0.035774309952677795
2020-05-03,47.08621586361786,48.976506424781434,46.92370330276414,47.64218521118164,401461,0.0,0.0,-0.0055501368430814785
2020-05-04,48.56594593146232,49.58379720779445,48.39488145130017,48.83965301513672,277948,0.0,0.0,0.024823932007605697
2020-05-05,48.99361028826531,49.08769770359157,48.25802132790968,48.728458404541016,172063,0.0,0.0,-0.002279323789682574
2020-05-06,49.12191656895267,49.369964639678,48.30934721548624,48.70280075073242,198718,0.0,0.0,-0.0005266821885327989
2020-05-07,49.78052648597337,51.730690371418696,48.163942921686214,48.71135711669922,611687,0.0,0.0,0.00017566986516364013
2020-05-10,48.75412994853456,49.22456388318798,47.53099976072782,47.992881774902344,411199,0.0,0.0,-0.014859505027336913
2020-05-11,48.56594567471281,49.54958274467407,48.13827795087674,48.60871505737305,340838,0.0,0.0,0.012750133443621725
2020-05-12,48.027086751909096,49.44694346630425,48.027086751909096,49.284427642822266,256156,0.0,0.0,0.013805324839155357
2020-05-13,48.6685905113802,49.643672444423544,48.57450308576269,49.07915115356445,227649,0.0,0.0,-0.0041738373039758615
2020-05-14,49.29298480924994,49.72065255083985,48.59160997407016,49.52392578125,284621,0.0,0.0,0.00902157738175029
2020-05-17,49.994364916029106,50.173984603353645,49.301541926974984,49.763423919677734,201658,0.0,0.0,0.004824352823661736
2020-05-18,51.32012652100974,51.47408716160043,49.74630917718494,50.17397689819336,249012,0.0,0.0,0.008216249066805861
2020-05-19,49.4640594874163,50.58454703911918,49.3015436346254,50.19109344482422,231372,0.0,0.0,0.0003410857330803415
2020-05-20,50.59309961809648,51.705035192185655,50.19964278120807,50.98655319213867,200797,0.0,0.0,0.01572434552111319
2020-05-21,50.89245750713455,51.901753564102016,50.404916578598055,50.72138977050781,247525,0.0,0.0,-0.005214224468248616
2020-05-24,51.69647436324938,52.201122418438025,51.03786566323397,51.49119567871094,229337,0.0,0.0,0.01506312476816269
2020-05-25,52.124145226488075,52.9794807434082,51.51685779255784,52.9794807434082,353613,0.0,0.0,0.02849384744339611
2020-05-26,51.87609919096513,53.98877564952569,51.54251560639095,53.63808822631836,277717,0.0,0.0,0.012354734153302252
2020-05-27,54.93820202370757,54.93820202370757,53.03080098784044,53.60387420654297,322092,0.0,0.0,-0.0006380715190217156
2020-05-28,53.18476294194274,53.80060556100136,52.611686446352955,53.31306457519531,231835,0.0,0.0,-0.005439930320076235
2020-05-31,51.73924736787508,53.56966487020319,51.4911992824223,53.13344192504883,314103,0.0,0.0,-0.003374893672747953
2020-06-01,53.28740100635097,54.34801846218075,53.01369390733283,53.44991683959961,697148,0.0,0.0,0.0059385601710899944
2020-06-02,53.355824070647216,55.39152327077462,52.757088627922016,54.998069763183594,441377,0.0,0.0,0.028553007786008354
2020-06-03,55.94749313130346,57.02521106541082,55.160579582891685,56.53767013549805,611806,0.0,0.0,0.027609054648121016
2020-06-04,56.32383774577058,56.8712519084925,55.536930702569265,55.9560432434082,223375,0.0,0.0,-0.010340703625084711
2020-06-08,56.999555466256425,57.27326255691332,54.44210422614742,54.74147033691406,413615,0.0,0.0,-0.021944876798257858
2020-06-09,54.17694956909432,55.682338582003865,53.74928182802564,55.15203475952149,382996,0.0,0.0,0.007472076397276091
2020-06-10,53.45846994779247,54.903989063402264,53.20186994461229,54.134185791015625,280300,0.0,0.0,-0.018627753717372707
2020-06-11,52.945267938176485,53.894687587736016,52.6202395395949,53.62953567504883,296138,0.0,0.0,-0.009365931282185656
2020-06-14,52.74854390738613,53.96312213353669,51.7820170465639,52.124149322509766,302446,0.0,0.0,-0.028471594990329408
2020-06-15,53.14198984769555,54.082857491978,52.66300084427512,53.73217010498047,349622,0.0,0.0,0.030383532965811803
2020-06-16,54.19404915213437,55.160575763617786,53.843361783621475,54.89542388916016,377005,0.0,0.0,0.021418098474418584
2020-06-17,54.6901452290595,55.049387799832886,54.014432731360365,54.998069763183594,601812,0.0,0.0,0.0018680979276024944
2020-06-18,55.305995165243,58.436519622802734,55.006622527251885,58.436519622802734,534667,0.0,0.0,0.06064294099821436
2020-06-21,58.008844283808976,58.24833714227221,56.52056257357963,57.87199401855469,309230,0.0,0.0,-0.009707458546717713
2020-06-22,58.16282365155337,58.38521274565042,56.837050796277495,57.726600646972656,209322,0.0,0.0,-0.002515488162630465
2020-06-23,58.14570772463709,58.57337545671514,56.87125318454644,58.08583450317383,348485,0.0,0.0,0.0062037381023638954
2020-06-24,57.623950234460985,58.09438080526946,56.580439966364025,57.50420379638672,215441,0.0,0.0,-0.010063767159692627
2020-06-25,57.60683895791884,58.539157954644814,57.1449570502323,57.98318862915039,198199,0.0,0.0,0.00829506267657716
2020-06-28,57.68383780000892,59.31752548330204,57.25616997889543,58.72734832763672,199930,0.0,0.0,0.01275240098621206
2020-06-29,60.48932446822812,60.976865416925385,58.27400224471484,58.75299453735352,292040,0.0,0.0,0.00043660427776705073
2020-06-30,59.39449399551998,60.232719057566435,59.035248157522936,60.0445442199707,521802,0.0,0.0,0.02174456786912723
2020-07-01,59.9675710274249,60.84856552775196,59.9675710274249,60.56630325317383,329568,0.0,0.0,0.008651996050241261
2020-07-02,62.86716499718177,64.1501683644712,61.310454505898306,61.755226135253906,296329,0.0,0.0,0.01943991920290754
2020-07-05,60.266940281780485,61.86642006207274,59.625438638314016,61.49007034301758,293648,0.0,0.0,-0.004302901756505309
2020-07-06,61.74666504820815,63.22639164622134,61.57559405159105,62.22565078735352,280924,0.0,0.0,0.01189160287488982
2020-07-07,61.18215759437039,62.18289873206289,60.420909392977656,60.532100677490234,312208,0.0,0.0,-0.027593492780100214
2020-07-08,60.04454529987409,61.447294899936246,59.92479886028523,60.86567306518555,174880,0.0,0.0,0.005495541094838872
2020-07-09,61.618365336515254,61.92628661425125,61.02818179990603,61.27622985839844,270931,0.0,0.0,0.006722645211979047
2020-07-12,62.422380328394624,62.653318014961336,61.10516303004833,61.51572036743164,202964,0.0,0.0,0.0039007575376858853
2020-07-13,61.71244417077703,61.806531577312114,60.23271120719938,60.63471984863281,266867,0.0,0.0,-0.01442509407222126
2020-07-14,62.04603696272788,62.88426208496094,60.88278017923999,62.88426208496094,131261,0.0,0.0,0.03642826326657278
2020-07-15,63.29483593949897,63.465900453382616,62.32830903723985,62.94414520263672,210954,0.0,0.0,0.0009518219849975689
2020-07-16,63.23496208776923,63.6284156864026,62.34541226776182,63.30339050292969,130508,0.0,0.0,0.0056911411049778956
2020-07-19,61.93484295691136,63.28626800598726,61.67823971209013,62.362510681152344,111069,0.0,0.0,-0.014974585700876099
2020-07-20,62.54214230248126,64.71469554017612,62.54214230248126,64.61205291748047,136682,0.0,0.0,0.035436666592699465
2020-07-21,64.67190690622203,64.79165333422341,63.05532360251252,63.83367538452149,121417,0.0,0.0,-0.012120092612596332
2020-07-22,63.55143122944097,64.19293286422392,62.85005636977263,64.05607604980469,199837,0.0,0.0,0.0034780095665042396
2020-07-23,63.19218095463471,64.30411965444911,63.19218095463471,64.20147705078125,87562,0.0,0.0,0.0022673294437810456
2020-07-26,64.24424136300206,65.44171220851207,64.07317689608253,64.74888610839844,126992,0.0,0.0,0.008490280019804258
2020-07-27,65.09959025769419,65.71543290750279,64.07319019180817,64.31268310546875,147595,0.0,0.0,-0.006759636761370438
2020-07-28,63.72249084890699,64.80021534012242,63.72249084890699,64.00475311279297,172300,0.0,0.0,-0.0047995127218304345
2020-07-29,63.40601549344034,64.4837400035126,63.012561963726405,63.491554260253906,379030,0.0,0.0,-0.008050454712045681
2020-07-30,63.71393559690719,64.74889070432175,62.875710513536134,63.22639465332031,206071,0.0,0.0,-0.004185042390917918
2020-08-02,62.52501447397758,64.15870816907413,62.52501447397758,63.58562850952149,218144,0.0,0.0,0.005665627093889781
2020-08-03,65.27919997856547,65.67265349462049,64.3725465079035,64.51795196533203,266310,0.0,0.0,0.014556032140102319
2020-08-04,63.99620033063432,64.74889320352725,63.37180255914396,64.59493255615234,170602,0.0,0.0,0.0011924541880924456
2020-08-05,64.62915275698893,65.25355058643288,63.9619920650057,64.6462631225586,161421,0.0,0.0,0.0007943375768957029
2020-08-06,64.45809487240436,65.08248624025289,64.21004675172033,64.60350036621094,110162,0.0,0.0,-0.0006617073293399169
2020-08-09,64.47517904591253,65.3647286304145,64.25279654405537,64.74888610839844,207469,0.0,0.0,0.0022479029165243572
2020-08-10,65.13380090577922,66.67340092051698,64.45808506446234,65.58712768554688,297525,0.0,0.0,0.012862954917270457
2020-08-11,66.03189866027445,66.42535873687898,65.27065057959938,66.25428771972656,191363,0.0,0.0,0.010120730679975348
2020-08-12,66.71616870101894,66.71616870101894,63.534319611167334,64.03897094726562,344372,0.0,0.0,-0.03400836397632367
2020-08-13,64.21860257042994,65.33909019072685,63.48301338476678,65.24500274658203,269765,0.0,0.0,0.01865763791714701
2020-08-16,64.68046845594752,65.23643127254523,63.23067514317389,63.55142593383789,263136,0.0,0.0,-0.026300021643624022
2020-08-17,63.56852593393727,66.17730148413088,63.55142209743864,65.7496337890625,337963,0.0,0.0,0.03400466592724161
2020-08-18,67.57150875885516,72.87458658281746,67.29352731411151,71.59158325195312,741226,0.0,0.0,0.08512341341549384
2020-08-19,71.37774664171621,73.69571164703233,70.29574772933454,73.19961547851562,720361,0.0,0.0,0.022212653217967917
2020-08-20,72.7633873202927,74.2602243752746,71.89949667850946,72.7035140991211,601973,0.0,0.0,-0.00680044756716077
2020-08-23,72.61798920137514,73.95231056566395,72.13899685787499,73.30225372314453,426416,0.0,0.0,0.008201634623420167
2020-08-24,74.25408297345034,74.70160778731402,73.26437145362708,73.83238220214844,326293,0.526,0.0,0.007206063612175446
2020-08-25,73.59142433291584,75.37290278111098,71.73248687428146,71.99928283691406,470393,0.0,0.0,-0.02514126022812839
2020-08-26,72.36933831573815,74.95979939808456,72.36933831573815,74.43482208251953,476961,0.0,0.0,0.033267712718587375
2020-08-27,73.83240128985108,74.2627101865869,72.72220354835355,72.84268951416016,262040,0.0,0.0,-0.02162169332073091
2020-08-30,72.43818374125766,72.46400121938518,69.15062468452811,69.494873046875,445354,0.0,0.0,-0.047049197025929225
2020-08-31,68.83220036630014,69.77887843826053,68.37606751074547,69.494873046875,676921,0.0,0.0,0.0
2020-09-01,70.08009557230415,71.74108790110681,69.6067532379336,71.60338592529297,317458,0.0,0.0,0.029889381567928
2020-09-02,73.30742977167145,73.88404216356085,72.55868986773007,73.01481628417969,423186,0.0,0.0,0.01952002104332345
2020-09-03,70.57063980013135,71.9562345946571,69.03874159649192,70.88046264648438,265193,0.0,0.0,-0.029667549896167607
2020-09-06,69.6239632947291,70.57064131626123,68.87522363895833,69.89936065673828,180424,0.0,0.0,-0.013938330798764291
2020-09-07,70.81160666399727,71.32797584944689,69.27110055511275,69.976806640625,325214,0.0,0.0,0.0011073507845825595
2020-09-08,68.84940982972137,69.65839249633783,68.48795200395325,69.494873046875,341687,0.0,0.0,-0.00691087270090218
2020-09-09,70.10590259651947,70.63948782423817,69.34856154045893,70.6136703491211,225652,0.0,0.0,0.01597077602255386
2020-09-10,69.71004981112539,70.6050932139035,69.20228840244962,70.41575622558594,235082,0.0,0.0,-0.0028067086177158787
2020-09-13,70.41574733582961,70.8632656977242,69.09900316730193,69.8907699584961,291964,0.0,0.0,-0.007483453997369247
2020-09-14,69.60674718124987,70.36409485034375,69.5594129519315,70.03705596923828,278672,0.0,0.0,0.00209087882365668
2020-09-15,70.08009240798674,70.96652749779051,68.95268543738095,69.5809326171875,336564,0.0,0.0,-0.006533899813293713
2020-09-16,68.95268603157807,69.14201639241743,67.48103069029116,68.10066986083984,485716,0.0,0.0,-0.02150352362133542
2020-09-17,68.00601586092158,69.2969425646034,67.8769284433476,68.0490493774414,659787,0.0,0.0,-0.0007582900083928292
2020-09-20,68.41910500293207,68.82359635979739,66.86999056514821,67.58430480957031,198267,0.0,0.0,-0.006852980809703684
2020-09-21,67.12818158533294,69.12481441600059,67.12818158533294,68.52238464355469,280145,0.0,0.0,0.01378469628543343
2020-09-22,69.88215893793073,71.6894614725607,69.5207010574017,70.93211364746094,289803,0.0,0.0,0.03456279882812491
2020-09-23,69.18504473869402,70.73415896448273,68.78916145121265,69.71002197265625,335619,0.0,0.0,-0.017379179132738037
2020-09-24,69.45184669735967,70.61368586077378,69.24960100986118,70.19197845458984,280990,0.0,0.0,0.006889942774977154
2020-09-27,70.35548602024289,70.75997732681996,69.24528857218803,69.62396240234375,135634,0.0,0.0,-0.008125241997089836
2020-09-28,70.14034475121055,70.27804673920818,68.84941816069747,69.54651641845703,215067,0.0,0.0,-0.0011129658033404636
2020-09-29,68.84941952269769,69.71003726673142,68.1178957534675,68.17813873291016,205412,0.0,0.0,-0.019871862648568207
2020-09-30,68.93546585993421,69.25389672374163,68.34164420309195,68.47933959960938,131621,0.0,0.0,0.004408121064534852
2020-10-01,68.10926768419745,70.63087719442066,67.95435627324211,69.36576843261719,272301,0.0,0.0,0.012861407484671608
2020-10-04,70.57066484307512,70.92352131896725,69.1334345861338,70.14896392822266,109738,0.0,0.0,0.011227541488310852
2020-10-05,70.16615969741545,70.56204304961746,69.3916024578933,70.2522201538086,178375,0.0,0.0,0.0014708742647298009
2020-10-06,70.25221996425212,72.48983122038787,69.73585066129462,72.20582580566406,205324,0.0,0.0,0.027428821145268394
2020-10-07,72.92874244794314,73.272990842975,72.09394222393824,72.70498657226562,173438,0.0,0.0,0.006889240804849979
2020-10-08,71.7927388020702,72.36074972945316,70.77720948589497,71.35382843017578,175517,0.0,0.0,-0.018758973748955247
2020-10-11,71.08701570295095,71.47429758028517,70.3641000375135,70.74276733398438,139883,0.0,0.0,-0.008600696725830548
2020-10-12,71.43125842789887,72.78242775238935,71.04398314715606,72.46399688720703,357762,0.0,0.0,0.02403954105471375
2020-10-13,72.3004857149267,74.6327586004416,72.08533131700845,74.3831787109375,159083,0.0,0.0,0.026139979823884683
2020-10-14,74.86512686544062,75.1835577568496,74.0819682252607,75.0372543334961,191053,0.0,0.0,0.008754890974838855
2020-10-15,75.24379953359333,76.63800245572774,75.08028008303674,76.40563201904297,221289,0.0,0.0,0.018071696326036946
2020-10-18,77.4297684870025,78.35062907972569,76.64660329945731,77.5244369506836,262853,0.0,0.0,0.014536791168298459
2020-10-19,77.5330443972528,79.76204762455255,77.5330443972528,79.45222473144531,288179,0.0,0.0,0.024562692094616395
2020-10-20,79.95139140546772,84.37496617700495,78.74652522543202,79.17683410644531,306978,0.0,0.0,-0.0034721368668153506
2020-10-21,77.45560118489244,78.31621897583568,74.81350482933637,75.3212661743164,354082,0.0,0.0,-0.04992124313165987
2020-10-22,74.7704519984563,75.71713657673749,73.75492300483816,75.47615814208984,118957,0.0,0.0,0.0020543059398814055
2020-10-25,74.89955257880693,76.87036777338163,74.51227726503103,74.61554718017578,200729,0.0,0.0,-0.01146792744962777
2020-10-26,73.97869199251662,74.79628269504099,73.16970930492178,73.53117370605469,215328,0.0,0.0,-0.01463944438152448
2020-10-27,73.15248567894193,75.7343381146693,72.97175679635986,75.6740951538086,322090,0.0,0.0,0.028726449478056366
2020-10-28,74.03893701679701,74.47785386648418,72.90292195630627,73.88402557373047,402986,0.0,0.0,-0.02393925598288369
2020-10-29,74.01311701138809,74.19384592779923,72.30909119581055,72.92013549804688,277781,0.0,0.0,-0.013131833867834062
2020-11-01,72.57588528911973,73.52256335555634,71.02677095059337,73.22994995117188,186738,0.0,0.0,0.0042396816429664495
2020-11-02,72.92873937678985,73.6516616325125,72.21443170222004,73.2988052368164,218358,0.0,0.0,0.0009398194999238737
2020-11-03,73.15250773266649,74.88235122458738,72.868502303278,74.8651351928711,242055,0.0,0.0,0.021143988284536123
2020-11-04,75.47616459899521,75.60095783407684,72.4467933873088,72.49842834472656,525791,0.0,0.0,-0.03212341378825986
2020-11-05,72.9889854246243,73.66026618364086,72.33492069665496,72.70498657226562,191712,0.0,0.0,0.002845089655637419
2020-11-08,72.92014831565828,75.3212661743164,71.90461905970555,75.3212661743164,358669,0.0,0.0,0.035352540969127974
2020-11-09,69.34858029600925,71.84437309950923,65.15736946405599,66.92163848876953,469338,0.0,0.0,-0.1182401541365274
2020-11-10,64.97662865189554,68.37606553775055,62.56689675099168,67.05072021484375,984860,0.0,0.0,0.001926991019139806
2020-11-11,67.39497119843193,68.03183303540438,66.21592913045383,67.51545715332031,390137,0.0,0.0,0.006907215397902929
2020-11-12,67.54127675680847,68.57401532105052,67.36054127037404,68.09207153320312,190918,0.0,0.0,0.008504215962159199
2020-11-15,67.87691096621015,68.41909767839537,67.27447472001329,67.61011505126953,25088,0.0,0.0,-0.007103179698059871
2020-11-16,67.38636758330273,67.39496903266685,65.07130390192891,65.40694427490234,488040,0.0,0.0,-0.03312916839154717
2020-11-17,65.13154442310221,66.84417171886504,65.01105847662593,65.75119018554688,415010,0.0,0.0,0.005249338175642692
2020-11-18,66.59458477484574,67.1281700285732,65.57905578613281,65.57905578613281,518689,0.0,0.0,-0.0026213991561850015
2020-11-19,66.09544538698617,66.62902418620376,65.338097569786,65.47579956054688,278934,0.0,0.0,-0.0015757714077621109
2020-11-22,65.47578548637888,66.47409844083633,65.37250901550775,65.55323791503906,456972,0.0,0.0,0.0011820030887822357
2020-11-23,65.38973273580059,66.25895184541784,64.75287093949737,65.77700805664062,304301,0.0,0.0,0.0034077505375102245
2020-11-24,65.73397698370711,66.00937438264361,63.49637229659904,63.72013473510742,310352,0.0,0.0,-0.0317697561111611
2020-11-25,64.53772225981004,65.22621907581396,62.92837129383867,63.246795654296875,371200,0.0,0.0,-0.0074561347944024576
2020-11-26,62.99721547535752,65.01967240218303,62.773459592127985,64.25372314453125,292238,0.0,0.0,0.01579520513908367
2020-11-29,64.0299502646924,64.87335182930273,63.02302925621244,63.702911376953125,493275,0.0,0.0,-0.008609403832769962
2020-11-30,67.5584852225312,71.93902588974295,67.16260189322261,71.57756805419922,540515,0.0,0.0,0.11655146350849405
2020-12-01,71.86157847942764,72.19721885962105,69.96822215187545,70.52761840820312,362670,0.0,0.0,-0.01477734597194319
2020-12-02,70.38992688073932,70.47598734293248,69.0129397876716,69.98543548583984,231224,0.0,0.0,-0.007717227662069756
2020-12-03,70.19199285371522,70.93212476277543,70.04568938857373,70.72557830810547,260031,0.0,0.0,0.010520138096765516
2020-12-06,71.49149675364913,73.25576528691175,71.05257998224403,72.36932373046875,338774,0.0,0.0,0.022975210213212787
2020-12-07,72.48982971208049,74.22827452793013,72.14558132860768,73.99591064453125,285709,0.0,0.0,0.02222732589388819
2020-12-08,73.92706716640826,75.20938579500002,73.14390185027995,73.54839324951172,358242,0.0,0.0,-0.006066228997826487
2020-12-09,73.10946833825967,74.34015186728497,72.87710445671974,74.2454833984375,262425,0.0,0.0,0.009433345062958894
2020-12-10,73.88401411182701,74.0045000415216,73.27297644952147,73.70328521728516,159727,0.0,0.0,-0.007329572440280593
2020-12-13,73.70328946358336,73.98729484250768,71.62920449778244,71.81853485107422,210311,0.0,0.0,-0.025904785443173046
2020-12-14,72.61892026034907,73.31602507276487,71.69805957006396,72.5328598022461,126563,0.0,0.0,0.00989710953220296
2020-12-15,73.80657196044922,74.1508203357836,72.75661737037557,73.80657196044922,117857,0.0,0.0,0.017408080765535797
2020-12-16,73.94427453671558,75.57944955352032,72.95456282396596,75.08889770507812,199405,0.0,0.0,0.017224935757777983
2020-12-17,75.17494494915483,75.4245248374296,74.24978366905982,75.08027648925781,235717,0.0,0.0,-0.00011482004713729209
2020-12-20,73.95288122848285,75.12332185749256,73.89263825048936,74.92537689208984,157583,0.0,0.0,-0.0020652508586652863
2020-12-21,74.365966796875,75.50198171779817,73.58280166259165,74.365966796875,127932,0.0,0.0,-0.007494241790572238
2020-12-22,74.98560901163397,76.58635827050935,74.98560901163397,75.57943725585938,254458,0.0,0.0,0.016185850560678765
2020-12-23,75.30403725476106,75.8290144969021,74.60693912529125,75.47615814208984,143989,0.0,0.0,-0.0013674320317716168
2020-12-28,76.15605124196843,76.16465925663319,74.80488184321922,75.7687759399414,63143,0.0,0.0,0.003869460682893807
2020-12-29,75.10610206660974,75.32986450195312,74.32294339189559,75.32986450195312,121371,0.0,0.0,-0.005809617759670761
2020-12-30,75.69131675010907,75.8032012424964,74.23687744299575,74.59833526611328,61123,0.0,0.0,-0.00975847161668505
2021-01-03,74.10779408004596,76.15606193647622,73.72912017351561,75.89788055419922,118677,0.0,0.0,0.017270568331527278
2021-01-04,73.8151683495155,75.31264769467029,73.8151683495155,74.77045440673828,134796,0.0,0.0,-0.014965947437389826
2021-01-05,73.44510573253872,73.89263057916575,72.09393630982314,72.6705551147461,145774,0.0,0.0,-0.02848652894449179
2021-01-06,74.08197398964633,74.08197398964633,71.46569536555191,71.78412628173828,132633,0.0,0.0,-0.012272914257903968
2021-01-07,71.43127067996079,74.15942727346577,71.23332571554606,73.952880859375,113553,0.0,0.0,0.029764776067490943
2021-01-10,72.29186907000222,73.35903291779637,71.38821808023104,71.79270935058594,171395,0.0,0.0,-0.029645215431959762
2021-01-11,71.74969889343917,72.23164269680328,71.0439926530881,71.14726257324219,143135,0.0,0.0,-0.009031080047927013
2021-01-12,71.00096225803486,71.49151409826888,70.467376905187,71.13866424560547,132850,0.0,0.0,-0.00012085984664004834
2021-01-13,70.44154290502281,71.28495096612781,70.14893609904169,70.6136703491211,98141,0.0,0.0,-0.007407233163263408
2021-01-14,69.96823780719362,70.76861271581295,69.88217076450856,70.41575622558594,96700,0.0,0.0,-0.0028067086177158787
2021-01-17,70.5276131833117,72.42097593659007,70.39852578971743,71.41405487060547,164506,0.0,0.0,0.014077648756174531
2021-01-18,73.84099477984626,77.14576330496814,73.66886731541821,77.10272979736328,203618,0.0,0.0,0.07664398897361552
2021-01-19,76.90478731686561,77.72237138979783,76.21629062787666,77.11994171142578,246810,0.0,0.0,0.0002232086108426752
2021-01-20,77.29207106693903,78.87561099867177,76.8445527662706,78.1182632446289,228609,0.0,0.0,0.01286197938432474
2021-01-21,78.11826639988126,79.16822105330965,77.58468762360862,78.69488525390625,140457,0.0,0.0,0.007354289021128532
2021-01-24,78.47112182360885,79.11658509593532,77.77832431533878,78.91864013671875,115670,0.0,0.0,0.002839287206799886
2021-01-26,79.09936992019988,81.75006724369072,79.09076190537927,79.55549621582031,215232,0.0,0.0,0.008037393635937777
2021-01-27,78.2645762965999,78.970282552987,77.23183110964843,77.88590240478516,175492,0.0,0.0,-0.021209877647580856
2021-01-28,78.62602654498126,80.02022945768645,77.97195531316989,79.19403076171875,283482,0.0,0.0,0.016655960723723426
2021-01-31,78.63463935490891,81.94801609157304,77.90310907811988,81.40582275390625,263454,0.0,0.0,0.027545876243667073
2021-02-01,81.54352869728011,82.12014099191353,79.55550387184648,80.1407241821289,176792,0.0,0.0,-0.01566266142345955
2021-02-02,80.70010553976013,82.78280502066384,79.93415643827575,82.6192855834961,255747,0.0,0.0,0.030458993284753343
2021-02-03,82.94632538710174,82.9979669101317,81.13902966484865,81.4488525390625,124951,0.0,0.0,-0.014267887884107523
2021-02-04,81.9394080996736,82.18898801349746,80.29563175371938,81.04436492919922,272964,0.0,0.0,-0.004978527124088466
2021-02-07,81.51770041098605,83.42827254030468,81.13902656452903,83.04959869384766,130620,0.0,0.0,0.02444128403812221
2021-02-08,82.92051820564983,83.97047290242546,82.17178497164828,83.80695343017578,278148,0.0,0.0,0.009077976594771903
2021-02-09,83.92743170403989,84.15980215027467,82.01686600539755,82.86026763916016,216752,0.0,0.0,-0.0113603138789685
2021-02-10,81.87055254336731,82.71396070738494,80.99272545232084,82.4815902709961,101743,0.0,0.0,-0.004580546451440276
2021-02-11,82.3438984529286,83.30779260152177,82.06850106275793,82.72257232666016,174068,0.0,0.0,0.0029173868599230613
2021-02-14,83.4971243440014,86.34577332692733,83.4971243440014,85.50236511230469,165550,0.0,0.0,0.0330515306234062
2021-02-15,85.20114072774153,85.20114072774153,82.86886786543643,84.0048828125,233836,0.0,0.0,-0.01766911181820029
2021-02-16,84.2458680246125,91.44924069956178,83.87580214264038,90.36486053466795,364369,0.0,0.0,0.07298055505663177
2021-02-17,98.36860237128516,99.8058323052806,93.65241464758572,95.39946746826172,384985,0.0,0.0,0.054217515414193306
2021-02-18,94.76260381171464,95.52855294518506,90.22714541384858,92.67130279541016,338609,0.0,0.0,-0.029014142407611236
2021-02-21,90.96728470340892,92.50779111403702,89.74520919307547,90.3562469482422,410109,0.0,0.0,-0.02529869763747041
2021-02-22,88.85821080029493,88.85821080029493,82.60914981424352,83.03443145751953,548857,0.884,0.0,-0.08450479768671593
2021-02-23,82.25329869792786,83.98914973963929,79.99669366805225,81.8193359375,489903,0.0,0.0,-0.014741762283940004
2021-02-24,80.7778281988456,83.82424864010163,80.37858325268681,82.73934173583984,384454,0.0,0.0,0.011181608857060125
2021-02-25,78.1306550362779,78.66009015110322,76.09103131972363,78.06990051269531,398103,0.0,0.0,-0.0580906193895348
2021-02-28,78.11329725933005,79.82311160326368,77.497070931116,78.9638671875,412633,0.0,0.0,0.011385784667912492
2021-03-01,78.71216723431523,79.39782918716858,77.41895344667913,78.11329650878906,359947,0.0,0.0,-0.01083007831744582
2021-03-02,77.57517779751512,79.43253781362547,77.42763205365262,78.70348358154297,308550,0.0,0.0,0.00752712635677665
2021-03-03,78.85102767289871,79.76235206564888,75.52687153156678,76.37744140625,303482,0.0,0.0,-0.030000035483863114
2021-03-04,75.49216576353984,75.49216576353984,72.5325365179781,75.11895751953125,449395,0.0,0.0,-0.016614425751949193
2021-03-07,76.37744496624123,78.2868784416988,75.86537209320117,76.0302734375,372517,0.0,0.0,0.012058638407884932
2021-03-08,75.87404991617615,75.87404991617615,74.59819829946804,74.9019775390625,375340,0.0,0.0,-0.014951303110747615
2021-03-09,76.22988827349035,78.33894722722249,76.15177154541016,76.15177154541016,286467,0.0,0.0,0.016548050397697356
2021-03-10,77.25405134399304,78.3563138259104,76.93291652210955,78.02650451660156,321398,0.0,0.0,0.02432022750200893
2021-03-11,79.96198908010903,81.4461411716747,79.27632701059963,80.71708679199219,239156,0.0,0.0,0.03390171464154265
2021-03-14,81.32462227935464,81.32462227935464,79.71028020888728,80.08348846435547,185327,0.0,0.0,-0.007880588806213978
2021-03-15,80.62159693173483,81.69782266783037,80.343861044299,81.08159637451172,168012,0.0,0.0,0.012386313971112797
2021-03-16,81.15970924112985,82.40951736412984,80.70838430697371,81.88876342773438,181787,0.0,0.0,0.009905772490389275
2021-03-17,82.70462645179978,85.03934830019344,82.53971847834553,83.15594482421875,327765,0.0,0.0,0.01535591550143789
2021-03-18,82.71330641363518,83.57255084209905,81.62839949121995,83.5291519165039,390184,0.0,0.0,0.0044779974121963205
2021-03-21,84.62273061039551,85.49065605255342,83.99782323256252,84.35367584228516,252939,0.0,0.0,0.009822690817296656
2021-03-22,84.45782046604877,84.50121938572887,83.84159421271501,84.10197448730469,268842,0.0,0.0,-0.002988341938067011
2021-03-23,83.9370613043189,85.70762984457834,83.55517202453402,85.36045837402344,131361,0.0,0.0,0.014852932316850795
2021-03-24,85.18690156546185,86.66237248181542,85.18690156546185,86.46275329589844,134034,0.0,0.0,0.01283074659715307
2021-03-25,86.74047088623047,87.07028017071866,85.86386433477382,86.74047088623047,196508,0.0,0.0,0.003206843632891796
2021-03-28,87.2265174298731,87.23519853942776,84.32764928278127,85.15217590332031,181187,0.0,0.0,-0.018480606551707898
2021-03-29,84.90915257370254,85.73367914339583,83.71141115538452,83.7895278930664,173841,0.0,0.0,-0.016131926347245976
2021-03-30,83.65066210512471,84.47519535047498,83.32085278003247,83.53783416748047,322646,0.0,0.0,-0.003008401164226428
2021-03-31,83.91104850092039,85.64689972632483,83.50745964770546,85.14350128173828,154210,0.0,0.0,0.019038450332522022
2021-04-05,86.52350377333953,89.8910526626474,86.4627492471992,89.4310531616211,224307,0.0,0.0,0.04912988929731307
2021-04-06,90.48989889540935,91.94801374909002,89.504801768523,90.26423645019533,312834,0.0,0.0,0.009273356704845666
2021-04-07,90.9672604875298,91.40990430258891,90.34235313020994,91.01934051513672,255769,0.0,0.0,0.008330687695132531
2021-04-08,91.20160849813983,92.82462486280808,90.43782985900587,92.52953338623048,284424,0.0,0.0,0.01645585634230086
2021-04-11,93.01557450355725,93.30199150857004,90.18614213337314,92.34727478027344,358317,0.0,0.0,-0.0019716768891556683
2021-04-12,92.2257721322242,93.02426206056464,90.7589758125308,91.56614685058594,497160,0.0,0.0,-0.008494569018271909
2021-04-13,89.39631410650632,93.58839527955452,87.20046395540825,92.59896087646484,377299,0.0,0.0,0.011216292449594836
2021-04-14,91.90462329236097,93.28462816996026,90.70254471720686,91.9653778076172,281537,0.0,0.0,-0.006865741910974916
2021-04-15,92.00010135200851,93.09368931650803,91.11482027143477,92.25180053710938,262007,0.0,0.0,0.003109622705861253
2021-04-18,92.36463000620628,93.3887823598057,92.26048318425296,92.8072738647461,232987,0.0,0.0,0.006003218136037592
2021-04-19,91.93934381132956,93.85745827432108,91.5834911959611,92.52953338623048,175921,0.0,0.0,-0.002997145473091147
2021-04-20,91.97406072616788,93.07632313086624,90.68952815036803,92.2951889038086,231540,0.0,0.0,-0.002535857812732807
2021-04-21,92.58161481607894,93.30199459613333,91.4619900863158,92.06954193115234,221040,0.0,0.0,-0.002447833534161191
2021-04-22,91.58349761540303,93.24991964011764,90.06462796106547,91.1321792602539,228629,0.0,0.0,-0.010233210089179722
2021-04-25,90.57671649478394,91.91332271854428,90.20350822047588,90.53331756591795,121347,0.0,0.0,-0.0065930391195011435
2021-04-26,90.80237286694714,91.88727979778156,90.13406648937514,91.08878326416016,119383,0.0,0.0,0.006116738299738593
2021-04-27,91.5661443049426,92.40803313670442,90.49859297909856,91.77444458007812,175005,0.0,0.0,0.007499206235778998
2021-04-28,92.12160779611116,92.56425163480692,91.14952889706736,91.45330810546876,124565,0.0,0.0,-0.003505329282582381
2021-04-29,92.50350024135936,94.21331451480675,92.03481968251494,92.5642547607422,200267,0.0,0.0,0.012074501317638466
2021-05-02,93.37142944335938,95.2201084252987,92.60765074446722,93.37142944335938,204209,0.0,0.0,0.008682354403230667
2021-05-03,92.86804342158226,93.87484034178756,91.17559107334571,92.65106201171876,189403,0.0,0.0,-0.00774498854337211
2021-05-04,91.03670105699356,91.64424623087808,88.67594274404952,90.83708190917967,215387,0.0,0.0,-0.019772821976839324
2021-05-05,90.58538070671248,92.868022233866,90.58538070671248,92.35594940185548,256517,0.0,0.0,0.016582533588182194
2021-05-06,90.71558143486348,91.49671580469304,89.94312817518393,91.46199798583984,282804,0.0,0.0,-0.009726563444708009
2021-05-09,91.52274781295056,92.8767161917,90.1774671656518,91.1755828857422,242616,0.0,0.0,-0.003136433734226246
2021-05-10,90.76765338625128,92.40803210585554,90.50293583511164,91.91331481933594,275231,0.0,0.0,0.008058772928678667
2021-05-11,93.510290356537,94.74274958378356,91.72236596766308,92.18236541748048,573650,0.0,0.0,0.0029229451701818423
2021-05-12,90.57669235372636,92.96348712678082,90.57669235372636,91.51405334472656,219173,0.0,0.0,-0.007276298861749189
2021-05-13,93.25859709465736,93.6838853790597,91.13218215963118,91.8525619506836,172249,0.0,0.0,0.003692155084584341
2021-05-16,92.13029175799002,93.03293505896777,91.47066653386284,92.40802764892578,309044,0.0,0.0,0.006029150151711803
2021-05-17,92.7725582152561,93.21520208412608,90.6374622326864,91.28840637207033,192929,0.0,0.0,-0.012190058529997211
2021-05-18,89.7521715777814,90.78499833304704,88.14650424055532,88.42424011230469,314250,0.0,0.0,-0.03187765419095179
2021-05-19,88.39821092943009,90.94123291156625,88.39821092943009,89.80425262451172,200401,0.0,0.0,0.015486189336983536
2021-05-20,90.48122836778512,92.36462500933924,89.83028427880825,90.2208480834961,279012,0.0,0.0,0.004628201300565187
2021-05-23,90.8544333222301,94.83387058233976,90.18613366172312,94.34349060058594,292561,0.0,0.0,0.04468174528200708
2021-05-24,95.34161631654536,97.3031298307929,93.97897352546433,96.5219955444336,478061,0.0,0.0,0.02282863808524154
2021-05-25,98.9435166925755,99.28200714099458,97.06879425048828,97.06879425048828,473858,0.0,0.0,0.005649030728503181
2021-05-26,96.33972705188462,96.7650086775744,91.84387285792684,92.31255340576172,5668477,0.0,0.0,-0.05023980737986119
2021-05-27,92.9374547689948,93.96160702071684,91.40990418875364,93.24990844726562,398574,0.0,0.0,0.010102937900965036
2021-05-30,95.2201058751135,97.26841058624548,94.6385973789373,95.73218536376952,263910,0.0,0.0,0.02627148038385272
2021-05-31,97.03408202328448,97.7631363285192,95.41973992255431,97.2076644897461,163381,0.0,0.0,0.015295004024306814
2021-06-01,97.2076611201766,99.68992871066368,97.01671644063968,99.09973907470705,276304,0.0,0.0,0.019277247250158974
2021-06-02,102.07672933213736,102.38050196477158,98.36200886050332,99.0737075805664,316327,0.0,0.0,-0.000262714250871747
2021-06-03,99.07370305647504,101.76427094254704,98.63105917099412,100.95709991455078,465897,0.0,0.0,0.018831579154606544
2021-06-06,101.2261470564466,102.13747146551783,100.4189760895322,100.57520294189452,222513,0.0,0.0,-0.0037899376364195696
2021-06-07,101.1827481647429,102.4065195770836,100.69670542141476,101.20010375976562,210634,0.0,0.0,0.006194046496649973
2021-06-08,101.54728110753967,102.1635074034118,100.02841151832432,100.87030029296876,249814,0.0,0.0,-0.003264246055122912
2021-06-09,99.98500930078625,100.85293475173664,98.63104771626226,98.98690032958984,316112,0.0,0.0,-0.018848014615437125
2021-06-10,100.14123686537562,101.38237053401006,99.6378451327391,100.07180786132812,238110,0.0,0.0,0.01090048542987511
2021-06-14,101.3823729635994,103.04011380497457,100.80954559144207,102.4846420288086,290171,0.0,0.0,0.023824946580684587
2021-06-15,101.94653814285284,102.84918154341308,101.09597478003904,102.14616394042967,211362,0.0,0.0,-0.003308186130337139
2021-06-16,101.69482536096928,102.14615031190615,100.52312730507816,101.70350646972656,217558,0.0,0.0,-0.004342986334769898
2021-06-17,103.92539586643744,105.53973780055476,103.83860464216416,104.7325668334961,252535,0.0,0.0,0.02934833751943798
2021-06-20,104.14237351467747,104.28992587458728,102.5280316382764,103.9253921508789,314553,0.0,0.0,-0.007736860006983064
2021-06-21,104.23785640595108,105.70465269280508,104.18578299232192,104.64578247070312,138934,0.0,0.0,0.006907888262280952
2021-06-22,104.3159706155855,105.5050243428928,103.5521919182534,103.8472900390625,144151,0.0,0.0,-0.007659691768611685
2021-06-23,103.05747142526722,103.69105995020426,100.86162098233146,101.58200073242188,167514,0.0,0.0,-0.022055093723413268
2021-06-24,102.97935979701164,103.67369620978904,101.26954553743836,102.41520690917967,139332,0.0,0.0,0.008168845247523728
2021-06-27,101.28690540967033,102.77973836169808,100.98313280239636,102.5367202758789,199467,0.0,0.0,0.0011857744653208273
2021-06-28,102.59748188462072,102.98805236816406,101.79031083139384,102.98805236816406,271522,0.0,0.0,0.004392004058524352
2021-06-29,103.69106090587726,105.12313931021777,103.00539896387798,104.5937042236328,134022,0.0,0.0,0.015470375676841518
2021-06-30,104.5937024594895,105.1925665436886,100.67067554380692,101.11331939697266,183301,0.0,0.0,-0.033841498626757574
2021-07-01,101.11331463462598,101.97255897356963,100.05444452918748,100.44501495361328,157491,0.0,0.0,-0.006631399238275675
2021-07-04,100.49709496752207,100.9570944254591,98.83935407537584,99.43822479248048,165915,0.0,0.0,-0.010073867891297102
2021-07-05,99.62049307778726,101.96389602426794,98.82200316494782,99.09973907470705,136210,0.0,0.0,-0.0034097866134483266
2021-07-06,98.94350422263544,102.41520612518404,98.29256011590756,101.94652557373048,217266,0.0,0.0,0.02832160834835482
2021-07-07,101.9291748038981,102.83181813590834,100.74879557140366,101.37370300292967,183071,0.0,0.0,-0.005634698430105204
2021-07-08,100.26274919628656,100.71407415703634,97.2076544001362,99.56841278076172,186394,0.0,0.0,-0.017968744765867073
2021-07-11,99.98502392444786,101.20012105784583,99.59446006309516,101.0612564086914,114749,0.0,0.0,0.014881858555584753
2021-07-12,100.74880082095332,101.33899046795258,100.2020034790039,100.2020034790039,122351,0.0,0.0,-0.008538648839659333
2021-07-13,100.97444129399705,101.5646308509526,100.34954054699602,101.20010375976562,108581,0.0,0.0,0.009911598895657122
2021-07-14,101.30426257584782,103.10954915439213,100.87029983802924,101.94652557373048,122407,0.0,0.0,0.007348634584389794
2021-07-15,101.31294684909804,103.03143563635712,100.76614954445064,102.05935668945312,109596,0.0,0.0,0.0011061556262569243
2021-07-18,102.06804256248468,104.83672716442824,101.57332526769896,104.2638931274414,121256,0.0,0.0,0.02137054685149548
2021-07-19,104.46351333031204,106.45106351270248,103.8472870221598,105.1318130493164,121863,0.0,0.0,0.008289806014347385
2021-07-20,103.7865273949174,104.73256296148875,101.26954225357107,102.15482330322266,266984,0.0,0.0,-0.028725387226068204
2021-07-21,102.60614937447086,102.96199537126748,100.28878997569268,101.7816162109375,173249,0.0,0.0,-0.0036600375077035746
2021-07-22,104.06426873449932,104.82804079037824,102.4586078844634,103.28313446044922,191906,0.0,0.0,0.014644594740473577
2021-07-25,103.28314252197806,104.90616571686648,102.04200869570964,102.44125366210938,159196,0.0,0.0,-0.008184595960154245
2021-07-26,102.25897953643128,102.9533225674165,101.41709076342909,102.10275268554688,110895,0.0,0.0,-0.0033098137816518895
2021-07-27,102.74502117772596,104.324645367004,101.92917568771172,102.61483764648438,193467,0.0,0.0,0.0050028532298382
2021-07-28,102.61484410437644,103.41333404772548,101.26955680841606,102.98805236816406,159377,0.0,0.0,0.003630446357748623
2021-07-29,102.98803943379124,103.55218569181324,101.00048931316827,101.2435073852539,152451,0.0,0.0,-0.01708440573544423
2021-08-01,101.98124080468575,104.26388236397496,101.28689779306195,103.15293884277344,147999,0.0,0.0,0.018684150733325158
2021-08-02,103.14425907010748,105.45294398517564,103.14425907010748,104.3159637451172,115024,0.0,0.0,0.011211676262418828
2021-08-03,104.41144344676792,106.05182216148668,104.41144344676792,105.54842376708984,106980,0.0,0.0,0.011745434327777816
2021-08-04,106.43370122293268,108.5427604437222,106.43370122293268,107.51860809326172,171258,0.0,0.0,0.018494090465847237
2021-08-05,108.42125630677415,109.20239061308304,105.60917942580856,106.1820068359375,185192,0.0,0.0,-0.012509263833323993
2021-08-08,106.80691286935485,107.5533293497686,105.34879772409846,105.77408599853516,87326,0.0,0.0,-0.003849111724809196
2021-08-09,106.4076602514876,107.77898406982422,106.09520655561988,107.77898406982422,83820,0.0,0.0,0.018777130927275697
2021-08-10,107.45785307243636,108.75974131076195,107.27558951368027,107.96993255615234,140029,0.0,0.0,0.0017700996062625586
2021-08-11,108.27370390703678,109.31521183700328,108.15219486926554,108.57747650146484,89005,0.0,0.0,0.005611201187105779
2021-08-12,109.35860682308898,112.17936453876388,108.35181012151784,110.7646484375,125022,0.0,0.0,0.019943678687875502
2021-08-15,111.01636432445814,112.7088165599338,110.23522997664374,112.3269271850586,158059,0.0,0.0,0.014005946051658145
2021-08-16,112.63069450817476,113.29898759993922,110.14842707785722,110.20050048828124,249957,0.0,0.0,-0.01911217368746093
2021-08-17,110.20052931903206,119.174878052098,110.14845589498454,118.05525970458984,463059,0.0,0.0,0.06885137908305602
2021-08-18,118.62803565614212,123.25407956266696,117.08312952522648,122.38615417480467,364450,0.0,0.0,0.03602842676534119
2021-08-19,124.37371171337914,125.41521953835596,121.81333444762636,123.00238800048828,347630,0.0,0.0,0.00502252562922795
2021-08-22,122.9676879787157,127.75864081685192,122.95033900269034,127.49826049804688,204411,0.0,0.0,0.035898951530766644
2021-08-23,128.22369474622033,128.22369474622033,124.89763301081432,125.03730010986328,220384,0.851,0.0,-0.019490627684318664
2021-08-24,126.82694111479626,127.98800984639774,126.16347897702134,127.14994049072266,783039,0.0,0.0,0.016754930175296712
2021-08-25,129.20143286708227,130.47599340375257,128.8129491919106,129.63792419433594,681830,0.0,0.0,0.019378342224321478
2021-08-26,129.5768090146045,129.85616985796275,127.45546755806764,129.63792419433594,364242,0.0,0.0,0.0
2021-08-29,130.65057959919244,132.48383507362075,128.80858577351088,132.3616180419922,515709,0.0,0.0,0.020792341464741033
2021-08-30,134.4393516699047,136.83132934570312,132.87671831353344,136.83132934570312,318274,0.0,0.0,0.03321128712044654
2021-08-31,136.83130580148304,137.32889898685926,131.0696149644798,133.2084197998047,256230,0.0,0.0,-0.026834026834567457
2021-09-01,136.0892842064954,136.9709920134487,134.04650771078582,135.41708374023438,406441,0.0,0.0,0.016444557080221054
2021-09-02,136.07179920816745,137.07573723194344,135.1551780969109,136.80511474609375,661644,0.0,0.0,0.01019786808537582
2021-09-05,135.8710160155457,138.30663169242823,135.8448276022954,137.88760375976562,149898,0.0,0.0,0.007881494806669076
2021-09-06,137.81777976420094,141.01289976319967,137.32891156513958,139.54629516601562,576588,0.0,0.0,0.011957523404750047
2021-09-07,138.71696477217358,140.98672543247775,138.18444471913782,140.4454803466797,335272,0.0,0.0,0.006422962033775974
2021-09-08,140.7771842323491,141.41447118890792,138.8042481422424,139.67723083496094,1660840,0.0,0.0,-0.005485106399490047
2021-09-09,140.76845757264292,144.2778516865639,139.6685041879775,141.40573120117188,341186,0.0,0.0,0.012299017643918308
2021-09-12,142.63665340622418,144.08580799273406,141.414482863782,142.950927734375,186583,0.0,0.0,0.010868124195458377
2021-09-13,142.99457548138184,144.46991844334153,142.060477555631,144.02468872070312,287613,0.0,0.0,0.0074833256601138124
2021-09-14,144.2429319264993,145.91905716007287,143.16916690450012,143.47471618652344,291454,0.0,0.0,-0.003825908475966222
2021-09-15,142.58428983997965,144.04216959436448,139.07489506916818,139.08363342285156,451572,0.0,0.0,-0.031083394358219503
2021-09-16,136.18530641736447,142.06921483621875,134.64012324938284,139.1534423828125,870641,0.0,0.0,0.0005017948181319828
2021-09-19,138.5074287566846,138.5074287566846,135.05914999537234,135.8710174560547,164841,0.0,0.0,-0.023871191652703738
2021-09-20,133.20844114696084,139.66852180561955,133.12987589257287,139.60740661621094,385554,0.0,0.0,0.027128210250109298
2021-09-21,139.68596450381406,140.5502222184832,138.39395376848475,139.33677673339844,160839,0.0,0.0,-0.00194038796203047
2021-09-22,141.597796434403,142.26127183579567,139.9042078033986,141.71128845214844,152940,0.0,0.0,0.016897951021779285
2021-09-23,141.99935563021575,142.863599895533,138.0447454421941,138.3852081298828,211359,0.0,0.0,-0.023750648173165
2021-09-26,139.39786903588606,139.7994469329084,136.23767597224506,138.5947265625,261124,0.0,0.0,0.0015128783448667593
2021-09-27,138.38523837271808,138.48562287035642,134.76235172924825,135.60914611816406,271788,0.0,0.0,-0.021777215661658796
2021-09-28,134.70123291015625,136.11546061772404,132.94652916267594,134.70123291015625,288426,0.0,0.0,-0.006717586098423079
2021-09-29,134.81469895865166,140.41052072266223,134.81469895865166,140.07879638671875,364108,0.0,0.0,0.03914585923058918
2021-09-30,136.63051473583272,137.2765267158148,128.90462599414226,131.30532836914062,442136,0.0,0.0,-0.06467973348897998
2021-10-03,132.70208965394912,134.36948973531162,131.96878741483394,133.4615936279297,124457,0.0,0.0,0.016288386145938565
2021-10-04,131.50612620500652,133.14733810348557,130.01331978150438,132.92909240722656,195363,0.0,0.0,-0.003997902012908174
2021-10-05,135.18137070913866,135.46944326578202,128.5728855555635,129.31492614746094,342766,0.0,0.0,-0.02756512903281837
2021-10-06,128.01419629968044,131.30534516079751,125.97141975994998,127.08883666992188,437561,0.0,0.0,-0.01736437396456543
2021-10-07,128.13639201313714,128.25860905103593,123.55323311094578,124.12066650390624,578470,0.0,0.0,-0.023632133858877736
2021-10-10,122.22629845350936,125.48253339341969,121.26602551187224,125.0809555053711,307688,0.0,0.0,0.007706962313723066
2021-10-11,125.64840252073895,127.01899185077748,124.4611587524414,124.4611587524414,273146,0.0,0.0,-0.004967482376873752
2021-10-12,123.40482524628032,124.08575063278172,121.16125349078013,121.58901977539062,291407,0.0,0.0,-0.023347021782281163
2021-10-13,121.16999798056771,122.17392272877336,119.19704860941584,121.72870635986328,579303,0.0,0.0,0.0011481826830899119
2021-10-14,126.44282070187792,126.44282070187792,119.67720426155768,120.31449127197266,370223,0.0,0.0,-0.011685775061187346
2021-10-17,120.42795896568953,120.42795896568953,115.48687376202764,115.83607482910156,418998,0.0,0.0,-0.037933031531090164
2021-10-18,116.08050495549313,117.9050355114852,113.51393381286096,116.90983581542967,423947,0.0,0.0,0.009226960004502906
2021-10-19,119.82559878595268,121.34459345631056,117.3463311525804,118.28915405273438,343389,0.0,0.0,0.011729081412560717
2021-10-20,120.8993768176787,120.8993768176787,115.1376857695308,116.10669708251952,524599,0.0,0.0,-0.01862251428025955
2021-10-21,116.12415326523498,116.97094748266468,114.17739240790476,116.0193862915039,173258,0.0,0.0,-0.0007522704373763262
2021-10-24,116.52572702679618,117.1892024037934,114.98055723919327,115.42577362060548,181132,0.0,0.0,-0.00512962960877997
2021-10-25,115.1551653093659,116.72653702665798,114.40439956225194,115.76625061035156,176519,0.0,0.0,0.002945406417258589
2021-10-26,116.8574768600028,118.1582260131836,115.50435087070171,118.1582260131836,228564,0.0,0.0,0.020451547527097897
2021-10-27,118.15821708522128,118.97880965686892,116.06305055409874,118.48121643066406,269112,0.0,0.0,0.0027298121962974135
2021-10-28,119.14468238986578,119.6772024019784,117.85267164531663,118.2542495727539,247382,0.0,0.0,-0.0019174729607069401
2021-10-31,121.34457907555183,122.77626997930042,119.1708476477547,122.38343048095705,375476,0.0,0.0,0.03432202511039394
2021-11-01,124.05084131154706,124.66192650940202,122.02551514647544,124.39130401611328,327605,0.0,0.0,0.01627328542725367
2021-11-02,127.60388760512896,127.84832171069468,123.36992923891836,124.22544860839844,485412,0.0,0.0,-0.001334225715428053
2021-11-03,102.13898046928922,109.85614468556614,100.21842110750283,101.37075805664062,1242778,0.0,0.0,-0.2033133812562831
2021-11-04,101.2223360055588,103.66669009940264,99.03987937188715,102.08659362792967,745154,0.0,0.0,0.007036742777991264
2021-11-07,102.05167933432398,104.66189575195312,101.78978185923688,104.66189575195312,352718,0.0,0.0,0.024913703952991594
2021-11-08,102.40088729094474,103.73654993781552,102.2437501171758,102.61913299560548,283646,0.0,0.0,-0.01971071742372735
2021-11-09,103.85002644301665,106.0674034123582,102.20008958942856,105.70075225830078,317781,0.0,0.0,0.029587612979694936
2021-11-10,105.32537355124636,107.26339638504322,103.78019030361696,106.18089294433594,689533,0.0,0.0,0.004532167073160459
2021-11-11,106.5038829299458,107.16735160653266,105.80549414824075,106.25071716308594,259667,0.0,0.0,0.0006573807092948782
2021-11-14,106.63483853480652,111.66322077045427,106.63483853480652,108.77364349365234,469633,0.0,0.0,0.02346750022226863
2021-11-15,109.11410327690194,110.09184627593906,106.31182967414802,108.71253204345705,321219,0.0,0.0,-0.0005619801042777353
2021-11-16,112.02115506818384,113.48775972299504,110.30137129101418,110.68548583984376,350066,0.0,0.0,0.017985640890760206
2021-11-17,109.4545652417298,111.30529090787736,108.30222837874378,109.8648681640625,218887,0.0,0.0,-0.007441579193434961
2021-11-18,110.06565760119425,110.47596052535958,108.96569756241703,109.32362365722656,136097,0.0,0.0,-0.004938631608085973
2021-11-21,108.68634655822208,110.70293447149088,108.45064415888172,110.14422607421876,209810,0.0,0.0,0.007478145360988619
2021-11-22,110.43230317291288,110.48467999963432,107.5951096131345,109.1664810180664,157890,0.0,0.0,-0.008916587312299919
2021-11-23,107.88320343013504,107.98795709129668,105.30790047453148,106.33802032470705,262983,0.0,0.0,-0.026251174373789238
2021-11-24,106.21579748749797,109.9958139626292,104.93251192561463,109.8037567138672,185903,0.0,0.0,0.03207185120783878
2021-11-25,110.42357451238868,112.2044599334137,109.10537549464124,109.17520904541016,182693,0.0,0.0,-0.005740728498522242
2021-11-28,112.09097109710054,115.01546841153976,111.97749240643113,113.63615417480467,277477,0.0,0.0,0.04004770009114541
2021-11-29,116.10669101187698,116.69158778165334,112.32667458571812,113.2433090209961,587637,0.0,0.0,-0.0034630331091034952
2021-11-30,110.8775366410447,111.43624504654396,109.0180791930688,109.49822235107422,343416,0.0,0.0,-0.03363036623744133
2021-12-01,109.12282798016516,109.48075405289796,106.51261179977168,108.695068359375,205660,0.0,0.0,-0.0073618910690456405
2021-12-02,110.28391822196704,111.0346839593862,107.6475064481472,108.20621490478516,292674,0.0,0.0,-0.004507620010072256
2021-12-05,108.24984658846796,110.80768597185056,108.24984658846796,109.1664810180664,378329,0.0,0.0,0.008835261998990126
2021-12-06,110.48468187778826,111.56718515751147,109.54186567913092,110.07437896728516,175070,0.0,0.0,0.008282243912816479
2021-12-07,110.86879920431508,110.86879920431508,108.17128594819172,108.81729125976562,313885,0.0,0.0,-0.011486060906516368
2021-12-08,107.6125818267094,108.75619377061165,104.32143975413253,105.52615356445312,485330,0.0,0.0,-0.030711425535597685
2021-12-09,105.06346546160586,106.99275640822437,103.22147145196485,106.96656799316406,407757,0.0,0.0,0.013557513699046585
2021-12-12,106.86183323959172,108.37208983146137,106.2332845256201,107.53402709960938,135663,0.0,0.0,0.005290991663820913
2021-12-13,107.3768703501645,108.2935048343586,105.02854479412788,105.10711669921876,285148,0.0,0.0,-0.022827339452356467
2021-12-14,104.6531680005672,104.871413684581,101.52789486734052,102.723876953125,250225,0.0,0.0,-0.02293540703596985
2021-12-15,103.74526823645752,105.45632031102392,102.25246851271544,103.30877685546876,374289,0.0,0.0,0.005677755082127964
2021-12-16,103.3087812343468,104.09446708549494,101.38822174072266,101.38822174072266,355382,0.0,0.0,-0.018765409227981728
2021-12-19,101.38820447782564,102.46197606829035,100.6810906623544,101.78104400634766,163715,0.0,0.0,0.00386695058112997
2021-12-20,102.3659497650788,103.88493774622386,101.73740117692796,103.57066345214844,147808,0.0,0.0,0.017430239825102303
2021-12-21,104.45237338099288,104.63569893470178,102.86354525518664,103.64923095703124,203569,0.0,0.0,0.0007583008269707304
2021-12-22,104.46983948346735,104.91506253121076,103.8238341418698,104.3214340209961,69969,0.0,0.0,0.006464425210294102
2021-12-23,105.37774517279874,105.4650421142578,104.38254538744002,105.4650421142578,39839,0.0,0.0,0.010902699188135325
2021-12-28,105.63089948778284,106.59117906015142,105.39519710542096,106.032470703125,80490,0.0,0.0,0.0053658309524757565
2021-12-29,107.0975175519758,107.66495763718495,105.27298025157464,106.1023178100586,62928,0.0,0.0,0.0006585163135872692
2021-12-30,104.87142484010536,105.80551620063356,103.03816223144533,103.03816223144533,63079,0.0,0.0,-0.029304464194731372
2022-01-03,104.69682779259014,107.18482744818029,103.95479374237276,106.81817626953124,113941,0.0,0.0,0.036028675124833834
2022-01-04,106.81817046782724,107.12371310010624,101.48424530029295,101.48424530029295,169037,0.0,0.0,-0.05122453411722869
2022-01-05,101.24854380933154,102.09533149498225,98.54229191507142,98.6732406616211,261733,0.0,0.0,-0.02808977595422173
2022-01-06,100.23587702645789,101.2747286088914,99.25813396885404,100.86442565917967,104941,0.0,0.0,0.021963503152706117
2022-01-09,99.47638062984504,99.58114095643852,97.50344443147478,98.57720947265624,125892,0.0,0.0,-0.02293720127594638
2022-01-10,97.89628497054844,99.310519422088,97.32011981940036,97.94866180419922,165409,0.0,0.0,-0.0063966113727743305
2022-01-11,97.77405636809593,97.77405636809593,91.9338003340892,93.84563446044922,365165,0.0,0.0,-0.04279223645499421
2022-01-12,91.67191227731604,94.64005469501411,90.57195224539544,93.6710433959961,358860,0.0,0.0,-0.00186213959098886
2022-01-13,90.8775001035669,93.05995691037845,90.17911792158498,90.22276306152344,255956,0.0,0.0,-0.03750734888985935
2022-01-16,90.02197238767131,93.98531437925357,89.96958890015848,93.30438232421876,325802,0.0,0.0,0.03358531966732583
2022-01-17,94.26466899485207,94.55274820602686,92.38775497489723,93.55754852294922,368893,0.0,0.0,0.002709662181952848
2022-01-18,91.82904615675412,94.93686222804033,90.79019468244776,92.22188568115234,330545,0.0,0.0,-0.014379264973795802
2022-01-19,90.53704074026132,92.04730383726424,89.87357198143377,90.82512664794922,209273,0.0,0.0,-0.015261501683678113
2022-01-20,87.74349844645008,90.02198396661967,87.74349844645008,88.06649780273438,340590,0.0,0.0,-0.03084378656099741
2022-01-23,87.29826482740792,91.244143467062,85.55229953085977,90.27513885498048,304627,0.0,0.0,0.024769919333029872
2022-01-24,89.0442400383769,90.86877077945984,88.71687150882404,89.21883392333984,648375,0.0,0.0,-0.011769945358770267
2022-01-26,90.24895326757934,93.23455930036552,82.6016292602695,83.51825714111328,369382,0.0,0.0,-0.06602690358353394
2022-01-27,86.03244669996813,87.29826893539968,84.27774962947437,86.87923431396484,649486,0.0,0.0,0.03945378664851834
2022-01-30,87.31572509408757,91.43620442684949,87.13239952974807,90.26641082763672,269204,0.0,0.0,0.03824637510608963
2022-01-31,91.66320031026204,92.04731490001086,90.05691504464093,91.13941192626952,187150,0.0,0.0,0.009624915285128693
2022-02-01,91.58461751404936,92.16951431984494,89.46326930377447,91.0084457397461,144188,0.0,0.0,-0.0014380208559175748
2022-02-02,90.51958897815,90.7378346789091,89.59422267790686,90.20531463623048,107560,0.0,0.0,-0.008863966625237536
2022-02-03,90.20530144996756,91.34017493182029,89.22319594011637,90.8425750732422,127846,0.0,0.0,0.007039718273348459
2022-02-06,92.44013964074604,93.44407110029904,89.89103169812748,90.54576873779295,156026,0.0,0.0,-0.0032726094093166068
2022-02-07,89.91721961899944,91.43620767776794,89.41088804596676,89.7164306640625,177166,0.0,0.0,-0.009201528972979127
2022-02-08,89.14025870796905,91.06954956054688,87.90062494645682,91.06954956054688,337542,0.0,0.0,0.014969569685138141
2022-02-09,90.71163633299064,93.50517833284984,89.93467559581502,92.52743530273438,253027,0.0,0.0,0.015881702921254397
2022-02-10,92.5274425296212,93.40915699795222,89.14027175769463,90.3799057006836,222087,0.0,0.0,-0.023483237791600622
2022-02-13,90.28386403637128,90.33624752437872,87.43794539369554,88.29346466064453,133031,0.0,0.0,-0.023355868650134053
2022-02-14,87.86571248114029,90.05690098273578,87.33319248680438,89.42835235595703,116140,0.0,0.0,0.012771680380422116
2022-02-15,90.37989519041604,91.85523804105644,89.94340385333467,91.68936920166016,129295,0.0,0.0,0.02496867000488863
2022-02-16,92.47505445530358,92.47505445530358,88.81725493844692,90.06562042236328,268241,0.0,0.0,-0.01786792189439745
2022-02-17,89.79500845453045,90.88623691945492,88.40696238377494,88.52045440673828,309859,0.0,0.0,-0.017304871909501737
2022-02-20,87.01891496589654,89.68151483943264,84.99359538777921,89.40216064453125,233944,0.0,0.0,0.0099112016217645
2022-02-21,87.47287054314499,88.10141920070636,85.55231112088966,87.45541381835938,284571,0.0,0.0,-0.022015743036767288
2022-02-22,78.39385422053999,80.23584837011495,72.67581449967673,75.19000244140625,1309836,0.0,0.0,-0.15111083127423877
2022-02-23,74.70985329429952,76.1502759315546,70.29255676269531,70.29255676269531,654293,0.0,0.0,-0.06735236084642497
2022-02-24,74.21225628608929,74.47414708257934,71.25284566154755,71.75917053222656,597193,0.0,0.0,0.020649743754938995
2022-02-27,69.88226037842085,71.35759645573272,68.64262001420636,68.9219741821289,987506,0.0,0.0,-0.040340602972524196
2022-02-28,67.61887371557991,71.680072914915,66.93023758191438,70.38225555419922,419530,0.884,0.0,0.020966123810912094
2022-03-01,69.45524145521819,69.76424398597754,68.17508522675084,68.94317626953125,769307,0.0,0.0,-0.020658546624073678
2022-03-02,68.89019659916941,72.05086600612806,68.86371163395313,70.94728088378906,819805,0.0,0.0,0.028654445488627254
2022-03-03,70.62945301010484,71.48583620557228,69.6936149131608,70.9914321899414,555415,0.0,0.0,0.0006221179073731525
2022-03-06,71.5123345067823,71.80368267135309,69.74659785229385,70.43523406982422,670431,0.0,0.0,-0.007865574468544913
2022-03-07,70.42638342279548,71.08853447945705,69.78630541517241,70.5411605834961,550800,0.0,0.0,0.0015027556048177431
2022-03-08,70.33810746431634,71.07088968259258,69.93198890299149,70.64710998535156,690947,0.0,0.0,0.0015008246976320114
2022-03-09,71.90078829358238,74.23155980045786,70.64711033163057,73.11031341552734,285717,0.0,0.0,0.034272240987211385
2022-03-10,74.20507067669293,74.20507067669293,71.17683265378754,71.2916030883789,540743,0.0,0.0,-0.02519089146117815
2022-03-13,71.95375624681543,74.80542341517366,71.71538480334723,74.478759765625,309451,0.0,0.0,0.043735429180052014
2022-03-14,74.54939229574089,75.57351589597846,73.39283038378971,74.3639907836914,374534,0.0,0.0,-0.0015421510857010223
2022-03-15,76.12090038350205,76.41224851795388,74.24921729836458,75.6971206665039,341819,0.0,0.0,0.01776829377754131
2022-03-16,75.56467239197967,77.2509535833586,73.90488289985815,74.0196533203125,404875,0.0,0.0,-0.02240948025818378
2022-03-17,74.0373244715646,74.1697560427773,72.4128435538046,73.9402084350586,480350,0.0,0.0,-0.0010738708720869317
2022-03-20,75.04379864460951,75.82072025276607,74.39930188075523,74.65533447265625,282076,0.0,0.0,0.009625208732983078
2022-03-21,75.04379900791761,75.78540508260058,73.9313831601432,74.80542755126953,215143,0.0,0.0,0.002008461980737525
2022-03-22,74.86722192886312,76.38574949115727,74.78776029265181,75.84720611572266,435758,0.0,0.0,0.01383042758769762
2022-03-23,75.76774491056227,76.50052709693233,75.27334089843282,76.05026245117188,318505,0.0,0.0,0.002673598952255007
2022-03-24,76.36810551558753,76.55350704438735,74.16093483594626,74.3463363647461,253004,0.0,0.0,-0.022660073566335794
2022-03-27,74.38163221844975,74.6729802876358,71.04439211176904,71.07087707519531,282001,0.0,0.0,-0.04505674840025531
2022-03-28,71.58295375804576,74.39047484407493,71.32692117717285,73.20742797851562,204940,0.0,0.0,0.029619243168116576
2022-03-29,74.46992573205802,77.58203725056778,74.20065068184371,77.41870880126953,254110,0.0,0.0,0.05593157623045726
2022-03-30,77.73656000920502,79.14914800565334,76.60648287629549,77.55998229980469,426797,0.0,0.0,0.001823134995683553
2022-03-31,77.10970315453172,77.63942944801595,74.41695926281845,74.478759765625,205220,0.0,0.0,-0.04053762124290911
2022-04-03,74.1697592959479,74.5317317550063,73.11031341552734,73.11031341552734,200543,0.0,0.0,-0.018544537718873794
2022-04-04,73.1103096645637,73.8784073832797,72.05970114179637,72.9513931274414,716923,0.0,0.0,-0.002176071395554641
2022-04-05,73.101473711119,74.44784203388083,73.101473711119,73.54290771484375,202999,0.0,0.0,0.008075642515545827
2022-04-06,73.0926517962838,73.31336882427026,71.41520103643693,71.80366516113281,162955,0.0,0.0,-0.023933492755928428
2022-04-07,71.8654600972316,72.0861771081348,70.09972401000601,71.25627899169922,265049,0.0,0.0,-0.007652580098607202
2022-04-10,70.62945556640625,71.95375785827638,70.13505153288133,70.62945556640625,228660,0.0,0.0,-0.00883566632257064
2022-04-11,70.7265754886714,71.15034847330979,69.49055860126752,70.45288848876953,202638,0.0,0.0,-0.0025030370880888032
2022-04-12,70.02027875091092,70.8766620311169,69.74659174885547,70.3204574584961,186213,0.0,0.0,-0.0018814793162593149
2022-04-13,70.25864886554498,72.0597006965528,70.25864886554498,71.62709045410156,168710,0.0,0.0,0.018410601966413642
2022-04-18,71.07971661846044,72.23627173912931,70.8943151153131,71.2916030883789,136512,0.0,0.0,-0.004694808966128664
2022-04-19,72.33338128001893,72.33338128001893,69.57000664443271,70.3734130859375,290471,0.0,0.0,-0.012963014933447986
2022-04-20,70.77071665850174,70.98260313604077,69.97613394804333,70.92962646484375,319758,0.0,0.0,0.007872672144431724
2022-04-21,70.46170855351005,71.45935392567438,70.13505163193393,71.43286895751953,242713,0.0,0.0,0.0070699040127746825
2022-04-25,70.42639319565221,71.46817793879501,69.41992398872185,71.15034484863281,269694,0.0,0.0,-0.003962941654856419
2022-04-26,69.59649874754368,70.29396540301694,68.20156543659714,70.18801879882812,387427,0.0,0.0,-0.01361754722321858
2022-04-27,70.66477168171583,71.09737521459617,69.35812377929688,69.35812377929688,224755,0.0,0.0,-0.011894342449293964
2022-04-28,70.18801180058985,70.39107442110092,65.7207015068347,66.4887924194336,732499,0.0,0.0,-0.042249883222847194
2022-05-01,66.2151101185218,66.82429128705199,62.560036578839345,62.754268646240234,511287,0.0,0.0,-0.05780679647895232
2022-05-02,63.16922038474971,63.769571010986205,61.09447479248047,61.09447479248047,462620,0.0,0.0,-0.026805168772817
2022-05-03,59.05505315767942,60.54710256602938,58.472363650257115,60.34403991699219,579673,0.0,0.0,-0.012359249118533328
2022-05-04,60.970878583223254,62.17157993014266,59.743692266787264,60.953224182128906,441243,0.0,0.0,0.010044569290832481
2022-05-05,59.2934311584008,60.176299352642026,58.0044376673488,58.525333404541016,280489,0.0,0.0,-0.040647043183453836
2022-05-08,58.2692933679455,60.953213143486195,57.87200542564544,59.681880950927734,333597,0.0,0.0,0.01956876252395865
2022-05-09,58.4635193766654,61.83607482910156,57.227502843491536,61.83607482910156,715313,0.0,0.0,0.03545845658221125
2022-05-10,62.09211490788424,63.05443790090872,61.34167837223,62.15391540527344,503481,0.0,0.0,0.00512688599737775
2022-05-11,60.917899992027515,61.83608364077696,60.56475139854709,61.253387451171875,575356,0.0,0.0,-0.014594662031885431
2022-05-12,61.52708214385327,62.215718207630914,59.761345883603205,59.83197021484375,656336,0.0,0.0,-0.02347901614471342
2022-05-15,61.20924831371907,64.70540525706153,60.9355546164889,61.89788436889648,659394,0.0,0.0,0.033945863821909616
2022-05-16,61.55356548645909,62.43643359329701,60.07034679754144,60.246917724609375,433589,0.0,0.0,-0.02703458793363003
2022-05-17,60.33519520462322,62.8248894027903,60.29988641248096,61.83607482910156,398027,0.0,0.0,0.026035516290941474
2022-05-18,60.65303770925337,61.98617046876193,60.11448761222505,61.42996597290039,518281,0.0,0.0,-0.006589167996280197
2022-05-19,61.60653694776824,63.25750277343567,61.438789847862395,62.763092041015625,280856,0.0,0.0,0.021469433094789728
2022-05-22,62.75426409053676,63.55767053239448,61.75661885962977,62.083282470703125,179095,0.0,0.0,-0.01089044502644422
2022-05-23,62.02148409340496,63.21777333395396,60.979699464825984,61.341678619384766,303467,0.0,0.0,-0.012017225195941868
2022-05-24,60.98853666452347,62.1627529830977,60.18512337210432,60.34403991699219,396853,0.0,0.0,-0.016397340089671836
2022-05-25,60.767809724874134,61.32401417358045,59.59359359741211,59.59359359741211,242386,0.0,0.0,-0.012514105724231936
2022-05-26,60.41466370400302,61.27104682953136,59.346394122758575,60.67069625854492,345637,0.0,0.0,0.017912739729464024
2022-05-29,61.78311696450692,63.32813624860752,61.76545582924032,62.68363952636719,1326827,0.0,0.0,0.03263966294921828
2022-05-30,62.86021172681832,63.46056235869719,60.569174457561495,60.767818450927734,1509075,0.0,0.0,-0.03104013394769227
2022-05-31,60.91789987945469,62.32165694786513,60.41466532379351,61.57122039794922,369229,0.0,0.0,0.013134212986407984
2022-06-01,60.38817772956606,61.68599487866237,59.9467436916829,60.97086715698242,354789,0.0,0.0,-0.009798397533351712
2022-06-02,62.40112515255435,62.40112515255435,58.50767312575295,58.71956634521485,344996,0.0,0.0,-0.037623163351766846
2022-06-05,58.39289951168766,58.91379522821486,56.96265066888789,58.44586944580078,249029,0.0,0.0,-0.004671981893079572
2022-06-06,58.18100524802897,58.71955529188941,57.16570565374706,57.289306640625,267965,0.0,0.0,-0.019987031534290028
2022-06-07,57.28931539383472,57.28931539383472,55.70015335083008,55.70015335083008,441294,0.0,0.0,-0.028131085636263098
2022-06-08,55.956187128495195,56.697796546829814,54.98503009350647,56.23870468139648,375773,0.0,0.0,0.009622315170127805
2022-06-09,56.06212651066688,56.33581684464989,54.29639024261438,55.09980010986328,454127,0.0,0.0,-0.020459126874198045
2022-06-13,52.9720948426707,56.22105026245117,52.212827611065734,56.22105026245117,716383,0.0,0.0,0.020145158217603595
2022-06-14,55.94735734454837,56.18573216462582,54.155135961739184,54.47296905517578,490887,0.0,0.0,-0.031586648608575865
2022-06-15,55.179259311022314,56.03564249324929,54.83052598803169,55.13511657714844,539096,0.0,0.0,0.012082239611905974
2022-06-16,53.5900936491137,54.02269712649796,53.26343339935168,53.51946258544922,711754,0.0,0.0,-0.029741463211491858
2022-06-19,55.12628432880771,56.1857267488511,54.41999050473699,55.88555145263672,341994,0.0,0.0,0.04326050102973693
2022-06-20,55.84141278859027,57.47471758624494,55.143946113059414,56.37996292114258,421946,0.0,0.0,0.008807952604696535
2022-06-21,56.07095610816929,56.70662563744887,55.23223403927385,56.34464645385742,278299,0.0,0.0,-0.0006265973089012877
2022-06-22,57.033281661454254,57.32462977018335,55.80609546065539,56.14158630371094,357038,0.0,0.0,-0.003610403971096633
2022-06-23,56.733109315840466,58.56064612048066,56.06212763451983,58.401729583740234,281196,0.0,0.0,0.03946867880957742
2022-06-26,59.54945582312639,61.88905783849247,59.34639991450856,61.43879318237305,450449,0.0,0.0,0.05069594087695846
2022-06-27,61.306360710225896,62.3569691293435,60.58240916492479,61.4211311340332,376124,0.0,0.0,-0.0002875152098584369
2022-06-28,59.83197321318784,60.02620528926874,58.54298648690055,59.4611701965332,385262,0.0,0.0,-0.032430433447226306
2022-06-29,60.05268857895178,61.35933640423944,59.58476953733,60.0350341796875,279140,0.0,0.0,0.009604797036428029
2022-06-30,61.50059881338658,62.25103539680219,60.061519412128376,60.52061462402344,226356,0.0,0.0,0.008055749774223016
2022-07-03,61.93320019324938,62.36580368763288,60.94438547033786,61.103302001953125,221736,0.0,0.0,0.009581862716367469
2022-07-04,61.747795989332005,62.374631521077355,61.16509982036512,61.9420280456543,219126,0.0,0.0,0.013633008806268497
2022-07-05,62.58652000479902,66.97437560504653,62.3481485779688,65.95907592773438,329182,0.0,0.0,0.06283557189894348
2022-07-06,66.89491141429662,67.76895566266649,65.49115440117046,66.32105255126953,378791,0.0,0.0,0.005472893490616724
2022-07-07,66.61239808745302,67.41581132341447,64.3257728510999,66.66537475585938,378501,0.0,0.0,0.005178317531760838
2022-07-10,65.33224310670502,65.66773057886967,62.37463615105138,62.48940658569336,447808,0.0,0.0,-0.06468865128243725
2022-07-11,62.96615729896909,63.91965653436377,60.600070345813506,60.89141845703125,481752,0.0,0.0,-0.0259047949964056
2022-07-12,61.986166696268555,63.82253390762797,61.18276025114185,62.92200469970703,298284,0.0,0.0,0.032803686020113035
2022-07-13,63.33695305064437,63.7342477210523,62.46291555294498,63.69010162353515,256656,0.0,0.0,0.012133221207089057
2022-07-14,63.80488152703936,64.00794417574059,62.45409426560232,62.79841232299805,194884,0.0,0.0,-0.014099368304760055
2022-07-17,63.328132992280224,63.442903422613526,61.81842258484295,62.39228820800781,161480,0.0,0.0,-0.006488110345826981
2022-07-18,62.10977434510245,64.06974275810029,61.368168316265205,62.71012496948242,228225,0.0,0.0,0.005081236040980161
2022-07-19,63.566499109903944,65.19980364266146,63.35461266554721,64.1227035522461,354244,0.0,0.0,0.022275573430122382
2022-07-20,64.66127000805284,66.36520603329308,64.17569650251048,65.78251647949219,385052,0.0,0.0,0.02555560522739006
2022-07-21,65.28809736879789,65.29692793635786,61.04150369863259,62.83372497558594,492333,0.0,0.0,-0.04586214479258535
2022-07-24,62.5600381498381,63.09858826451935,61.04150384193356,61.20042037963867,237267,0.0,0.0,-0.026337892790694883
2022-07-25,60.926731285976366,61.21807264850507,59.59359852916597,60.449981689453125,196196,0.0,0.0,-0.012337784286278984
2022-07-26,60.18512300163352,61.120967864990234,59.76135004170762,61.120967864990234,171804,0.0,0.0,0.011038706063536107
2022-07-27,61.68599236546474,62.91317840192226,61.05915686549891,61.35049819946289,718072,0.0,0.0,0.003748311514299749
2022-07-28,61.8007708595054,64.21982771856761,61.44762225030119,63.95497131347656,333102,0.0,0.0,0.041575970774355264
2022-07-31,64.44938025982044,64.9790998463128,62.36581071530049,63.67245864868164,210286,0.0,0.0,-0.004427153728764962
2022-08-01,63.74307673309085,65.46467363996166,63.43407423260101,65.2262954711914,232032,0.0,0.0,0.024110583619790682
2022-08-02,64.44938058971739,64.67009764653149,62.04797793385997,63.054447174072266,515953,0.0,0.0,-0.033864098391248126
2022-08-03,63.9461352109204,65.38520775435991,63.25749918724077,63.40758514404297,270665,0.0,0.0,0.005584899774169074
2022-08-04,64.00794434852551,64.00794434852551,62.356978393562585,63.442909240722656,367608,0.0,0.0,0.0005569406373083771
2022-08-07,63.10742306698141,63.20453237388774,62.05680773410901,62.701297760009766,200499,0.0,0.0,-0.01175828906873435
2022-08-08,62.33932267765593,63.332549379343305,62.33932267765593,63.222190856933594,116789,0.0,0.0,0.008273215326751187
2022-08-09,62.46292723161408,63.74308346997612,61.88023096703547,62.73661422729492,169951,0.0,0.0,-0.007710124509010482
2022-08-10,63.94614409148776,65.93259754447175,63.66362653649337,65.10269927978516,210463,0.0,0.0,0.03702077577689544
2022-08-11,64.27280805722181,64.59064115007428,61.06799216025116,61.191593170166016,401935,0.0,0.0,-0.061956198364019256
2022-08-14,62.23337575489429,63.946142169425585,62.13625971680749,62.89552688598633,254886,0.0,0.0,0.027465232905340586
2022-08-15,62.90435903025779,64.15803025329842,62.304008386924984,63.60182571411133,276956,0.0,0.0,0.011167129643356607
2022-08-16,63.60181854190342,63.928482162795234,63.072099030638896,63.61064910888672,230400,0.0,0.0,0.00013871901795496495
2022-08-17,63.37227819552749,63.58416467710712,62.10977640254298,62.30400848388672,214745,0.0,0.0,-0.02075512978974151
2022-08-18,62.10094736700057,62.37464109553418,61.60654331919788,62.03032302856445,204356,0.0,0.0,-0.004402418769206424
2022-08-21,61.62419899106001,62.1715729280886,59.92908703965869,60.16746520996094,531826,0.0,0.0,-0.030491585385320003
2022-08-22,58.89613329774284,59.78783201252038,57.73957818022654,59.213966369628906,527791,0.0,0.0,-0.01597432873298491
2022-08-23,58.77253423599968,65.2792751212123,56.600679330253925,63.69894027709961,1224470,0.0,0.0,0.07301049381597031
2022-08-24,63.495880911791446,63.495880911791446,57.61598205566406,57.61598205566406,1098053,0.0,0.0,-0.10036793082807897
2022-08-25,57.73074697965382,58.74604668505864,56.106269471730926,58.36641311645508,815445,0.0,0.0,0.012940611062169892
2022-08-28,57.024449210142585,59.70836913017795,56.56536074686317,57.37759780883789,715823,0.0,0.0,-0.01708666145188917
2022-08-29,58.06550024716771,58.663284170798946,55.683278420505786,55.834957122802734,538248,0.681,0.0,-0.027253800099072654
2022-08-30,55.406693165247134,57.28927221949545,55.10333914602884,56.700408935546875,623753,0.0,0.0,0.015381278004256862
2022-08-31,56.17400104993324,56.20969055920113,54.87136459350586,54.87136459350586,499874,0.0,0.0,-0.03278980263955323
2022-09-01,55.31747162086408,56.83424168472457,54.28249970732495,54.30926513671875,534584,0.0,0.0,-0.010296779281957812
2022-09-04,54.46986820541452,55.01412133016971,53.44382030128013,53.62226104736328,368964,0.0,0.0,-0.012730541149417591
2022-09-05,53.71148411781908,55.09442030301697,53.58657423578739,53.666873931884766,369745,0.0,0.0,0.0008316384897947419
2022-09-06,53.086930433909096,53.756093422571816,52.417767445246376,53.53303909301758,531550,0.0,0.0,-0.002496921958699628
2022-09-07,53.98806795858985,55.62974794598427,53.97914728304235,54.87136459350586,410080,0.0,0.0,0.024692603900280344
2022-09-08,54.246811312419496,54.88920885936529,54.014836311321794,54.26465606689453,216649,0.0,0.0,-0.011118506485688424
2022-09-11,55.031962755986854,57.012686230233136,54.72860874104408,56.66471862792969,474073,0.0,0.0,0.04327865678746504
2022-09-12,57.10190959663237,59.368142450598086,57.10190959663237,59.04694366455078,542767,0.0,0.0,0.041181012234124396
2022-09-13,58.00305086889795,59.38598365424841,57.280350198553386,58.83281326293945,1060550,0.0,0.0,-0.003633034928424066
2022-09-14,58.44915601725494,58.70789984574018,55.14795139498542,55.94202423095703,545650,0.0,0.0,-0.05038387507181333
2022-09-15,55.754663175956416,55.87957305921824,54.38956832885742,54.38956832885742,464939,0.0,0.0,-0.028143496057804036
2022-09-18,54.559095347733944,54.71969475194737,52.31070709228515,52.31070709228515,506560,0.0,0.0,-0.03897130217759179
2022-09-19,53.131545271319865,53.738253373113984,52.40438931857717,52.60513687133789,353554,0.0,0.0,0.005612699490676849
2022-09-20,52.06087701670286,52.55159924438337,50.08907764133895,50.41919708251953,643614,0.0,0.0,-0.04244177707636522
2022-09-22,49.312849854036315,49.598359113553386,47.14476157464562,47.51057052612305,768606,0.0,0.0,-0.059419773374977815
2022-09-25,46.787878581178845,48.77752294713229,45.708296359015904,48.07267379760742,747428,0.0,0.0,0.011761679684026766
2022-09-26,47.66225257564485,48.43848417561527,46.8146487560039,47.8496208190918,802509,0.0,0.0,-0.004650709857246366
2022-09-27,47.10907474187012,48.010216158776295,46.67189015245306,47.55518341064453,528088,0.0,0.0,-0.006172400763810464
2022-09-28,48.39387162934498,48.89351117810427,47.653329578806506,48.31357192993164,373134,0.0,0.0,0.015821720787845852
2022-09-29,47.55518295749897,48.14404625852845,45.95365448555827,45.967037200927734,701603,0.0,0.0,-0.049787956493157426
2022-10-02,45.85997080816632,46.10979056426908,44.84284022216453,45.797515869140625,550018,0.0,0.0,-0.0036947060484278328
2022-10-03,46.26146450873493,48.38494258363434,46.26146450873493,47.88529968261719,800852,0.0,0.0,0.04457871035177919
2022-10-04,48.36709915933775,50.21398870352221,47.590871059030675,49.98201370239258,706568,0.0,0.0,0.04285465342319953
2022-10-05,49.09871270448292,50.30320799794863,48.69721767686629,49.277156829833984,442012,0.0,0.0,-0.014202591398004028
2022-10-06,48.49201306699603,48.89351156725834,47.50611327407032,48.34925842285156,481760,0.0,0.0,-0.019009739266040233
2022-10-09,47.25182509907886,47.28751460619698,45.779668667612945,46.06517791748047,593716,0.0,0.0,-0.04839357922791829
2022-10-10,45.949188885912015,46.725416949052104,45.83319968913148,46.2793083190918,568329,0.0,0.0,0.004637651778198381
2022-10-11,45.52092743550412,46.877098151282,44.45919006488976,46.50236511230469,823984,0.0,0.0,0.0048082172847268905
2022-10-12,46.57374477150651,48.34925533182142,46.50236575222804,47.305362701416016,1478749,0.0,0.0,0.017120491492505132
2022-10-13,48.67045752094154,51.677229146127615,48.53662695572781,50.9010009765625,705703,0.0,0.0,0.0732589234918743
2022-10-16,49.84817716972412,51.04374842962507,47.79161612112353,50.52626419067383,782689,0.0,0.0,-0.007389304845765952
2022-10-17,51.570159006862774,53.524117062563285,50.52626640467117,53.26537322998047,533770,0.0,0.0,0.052793178009842574
2022-10-18,54.2468139435373,54.933821708222986,52.9263326801876,54.19328308105469,740284,0.0,0.0,0.017270510293502343
2022-10-19,53.53303448843339,53.53303448843339,52.31961849546271,52.614051818847656,542420,0.0,0.0,-0.029573743460171394
2022-10-20,52.09656889879616,52.34638865988019,51.28465127173409,51.9002799987793,269784,0.0,0.0,-0.013659043787710375
2022-10-23,53.52411825345888,53.631183378326085,52.13225801602939,53.33675003051758,620465,0.0,0.0,0.02730140246183479
2022-10-24,53.443820027105694,53.497350889240394,51.75752639554267,52.23040390014648,682207,0.0,0.0,-0.02096081206127899
2022-10-25,52.69435674512759,54.24681299364194,52.69435674512759,53.470584869384766,526197,0.0,0.0,0.02346691164776917
2022-10-26,53.8453118098888,54.978428170717045,53.10477323288256,53.916690826416016,796434,0.0,0.0,0.008308405634608003
2022-10-27,53.84531596264313,55.53160962099412,52.86387823447361,55.38885498046875,478995,0.0,0.0,0.02693830707029032
2022-10-30,56.459509624332625,57.91382817907587,56.156155606355135,56.87885284423828,808490,0.0,0.0,0.02654521741562558
2022-10-31,56.655799784176835,56.8208612135465,54.969509595009306,56.557655334472656,584642,0.0,0.0,-0.005663051046377895
2022-11-01,56.30783348497703,56.5041223771025,52.917408477623304,53.54195785522461,724977,0.0,0.0,-0.054794960738861254
2022-11-02,49.96417309451802,49.96417309451802,47.269676208496094,47.269676208496094,1236195,0.0,0.0,-0.12459661055690303
2022-11-03,47.40350544426489,49.93740267724849,47.29643691920246,48.47416687011719,761562,0.0,0.0,0.025162019235277357
2022-11-06,49.071950610711866,51.61476850821504,49.071950610711866,51.48093795776367,529114,0.0,0.0,0.060180588223605495
2022-11-07,51.748603180741256,52.61405504720678,50.51734235896721,51.41848373413086,520481,0.0,0.0,-0.0012138888688569618
2022-11-08,51.48094145729785,52.10549427914281,50.87423339076722,51.08836364746094,395513,0.0,0.0,-0.00644095953354761
2022-11-09,50.660099109534855,51.25788649285008,50.12477007082365,50.758243560791016,396950,0.0,0.0,-0.006482714581121644
2022-11-10,53.515194724391016,55.308553452929694,53.318905823834406,54.53232192993164,852945,0.0,0.0,0.07171954938520274
2022-11-13,55.3085533662351,56.0134024649182,54.37172245398446,55.88849258422851,419511,0.0,0.0,0.024564912988719458
2022-11-14,55.88849583664558,57.860295418941746,55.36208744914841,57.22682189941406,522353,0.0,0.0,0.023664201005085105
2022-11-15,57.33388219079934,57.423102554072344,55.25501437185917,55.638668060302734,357214,0.0,0.0,-0.02814427456448408
2022-11-16,55.48698938828978,57.08405907792052,54.8802813877992,56.99483871459961,295625,0.0,0.0,0.02408228662735766
2022-11-17,56.74501454526536,57.280343522592176,55.843876639272864,57.15543365478515,240695,0.0,0.0,0.0028137479273063933
2022-11-20,56.59333837363975,57.298190792255866,56.38812882205631,57.00375747680664,245473,0.0,0.0,-0.002657276487776588
2022-11-21,57.31603957421508,58.083347025272126,57.04837505498423,57.655086517333984,342050,0.0,0.0,0.01136128751852293
2022-11-22,58.05657757828194,58.21717695941861,56.64687605929634,57.45879364013672,364244,0.0,0.0,-0.0034104152719806498
2022-11-23,57.73538589477539,57.878143943101165,56.959157726469606,57.73538589477539,809467,0.0,0.0,0.00480220072401911
2022-11-24,57.994122143121466,59.00232520060014,57.779991905805495,58.71681594848633,375896,0.0,0.0,0.016855899247378164
2022-11-27,58.886342855078105,59.47520955102629,57.90490516890905,59.15401077270508,318540,0.0,0.0,0.007418236408268673
2022-11-28,59.33245407273023,59.46628803731745,56.67364676481303,58.52945709228515,557514,0.0,0.0,-0.010614227390689266
2022-11-29,58.574061375835186,59.61795388100753,57.73537501762299,59.22537612915039,6392918,0.0,0.0,0.011819933332551548
2022-11-30,59.22537612915039,59.22537612915039,59.22537612915039,59.22537612915039,0,0.0,0.0,0.0
2022-12-01,59.689336747572554,60.63508487587465,58.27070774804185,59.20753860473633,1065278,0.0,0.0,-0.00030122579671397324
2022-12-04,59.25215348844274,61.11688435689825,58.574066442150865,59.84993743896485,484043,0.0,0.0,0.010791511627306532
2022-12-05,59.97484857658287,61.518380708583706,59.95700041844627,60.528018951416016,504685,0.0,0.0,0.011265994285989771
2022-12-06,59.84993458687197,60.17113334048918,56.48627515588525,56.99483871459961,892841,0.0,0.0,-0.0601456661241831
2022-12-07,57.44987654397747,58.02089512251522,57.155443174928145,57.61940002441406,371544,0.0,0.0,0.010898602106774315
2022-12-08,58.05658206056363,59.1986191670058,57.913830825797405,58.26179504394531,278410,0.0,0.0,0.011087244997429356
2022-12-11,58.877416845836294,59.02017487911161,57.548014994578935,58.6900520324707,436468,0.0,0.0,0.007323679162069254
2022-12-12,59.24322198951248,59.4930417102577,58.51160417572568,59.18076705932617,231635,0.0,0.0,0.008326367215795785
2022-12-13,59.57334725128819,60.019455909715646,58.94879785232092,59.287837982177734,213764,0.0,0.0,0.0018075835697956997
2022-12-14,59.154010525699725,59.76517720633321,58.52945432287067,58.85957717895508,249515,0.0,0.0,-0.007249632644410919
2022-12-15,58.33316730639987,59.609038376364786,58.22610558200551,59.34137725830078,679135,0.0,0.0,0.008152264928534015
2022-12-18,59.59119853369859,60.04623129513181,58.94880094275245,59.33245468139648,312769,0.0,0.0,-0.00015037143025184874
2022-12-19,59.020183302875544,60.55479834422749,56.86993947108185,56.95915985107422,606235,0.0,0.0,-0.04082193558445437
2022-12-20,57.99412393725485,58.84172764119902,57.96735850764701,58.11903381347656,204126,0.0,0.0,0.02015869738067521
2022-12-21,58.4402376650207,59.10047661204817,58.181493811181134,58.761436462402344,172103,0.0,0.0,0.010992582699638175
2022-12-22,57.84245616686291,58.50269514248728,57.39634746307482,58.003055572509766,185113,0.0,0.0,-0.012990105826267532
2022-12-27,57.4587948996854,57.994123912850014,57.02160692955451,57.137596130371094,141933,0.0,0.0,-0.015033365347737339
2022-12-28,57.173291262961115,58.93987786089016,56.84316838228139,58.60083770751953,129858,0.0,0.0,0.025286665735281766
2022-12-29,58.88633595592571,59.7250223129566,58.65435757496623,59.10939025878906,148272,0.0,0.0,0.008640807587362824
2023-01-02,59.77856713556971,60.20683449225261,58.493771872599744,59.23431396484375,143639,0.0,0.0,0.002111202336867586
2023-01-03,59.98377604212681,61.295329841942625,59.74733217947414,60.965213775634766,317921,0.0,0.0,0.028802433781444238
2023-01-04,62.00910488506426,62.59797159453572,61.705754258059976,61.97341537475586,379656,0.0,0.0,0.01640207327606838
2023-01-05,61.830661493915336,61.97341272196034,60.2425089850244,60.5726318359375,178001,0.0,0.0,-0.02286233761741202
2023-01-08,61.18826554971365,61.67006372023241,60.33173773781739,60.6618537902832,181244,0.0,0.0,0.0014718909391636923
2023-01-09,60.60832959935395,62.14294465054399,60.32282029730084,61.47378158569336,155821,0.0,0.0,0.013295706099878124
2023-01-10,61.83957959638239,62.03586849377372,61.32209872980636,61.57191848754883,125805,0.0,0.0,0.0015951296567968
2023-01-11,62.223236217366974,62.35707018157157,60.43880151351412,61.32210159301758,361039,0.0,0.0,-0.004065571920696165
2023-01-12,61.72358394325429,64.06119537353516,61.50945372895488,64.06119537353516,314087,0.0,0.0,0.04369847825401975
2023-01-15,64.66790552760207,65.64934308431218,64.42700307209905,65.64041900634766,416916,0.0,0.0,0.024352845376639332
2023-01-16,64.77498159805835,65.881329263285,63.70432344552654,64.62330627441406,315920,0.0,0.0,-0.01561652563564559
2023-01-17,64.64115059626607,66.00624899300068,64.44486847804664,65.64936065673828,329728,0.0,0.0,0.015752738072400293
2023-01-18,66.568337328329,67.26426577533555,65.31923167127916,65.62258911132812,388149,0.0,0.0,-0.0004078791520749739
2023-01-19,65.69395956850322,66.21144725368978,64.82851447620185,65.35491943359375,269810,0.0,0.0,-0.004087267399468028
2023-01-22,66.03299363253268,66.47017813306398,65.23892090812664,65.56011962890625,195873,0.0,0.0,0.0031348631116803138
2023-01-23,65.9348486966351,66.41664677412055,64.5162198895263,65.06939697265625,353020,0.0,0.0,-0.007513232497538422
2023-01-24,65.68504277742342,66.46126750381089,64.13257971049234,64.99803161621094,317247,0.0,0.0,-0.001097359490859093
2023-01-26,65.38168666551277,66.068697840619,64.87312304559957,65.75641632080078,331626,0.0,0.0,0.011600266315178511
2023-01-29,66.77354042696469,67.71929540740811,66.36312127989893,67.63899230957031,309361,0.0,0.0,0.028227373146781684
2023-01-30,67.30887617835563,67.71929532492146,66.70216813406745,67.54084777832031,318056,0.0,0.0,-0.0014520589524413983
2023-01-31,68.03156522312263,68.65611457447116,66.30958566060181,66.40773010253906,323540,0.0,0.0,-0.016919100205753036
2023-02-01,67.89774077957722,68.57582788959535,65.6404319131682,66.57726287841797,321257,0.0,0.0,0.0025496541214063985
2023-02-02,66.46126370216486,66.46126370216486,63.55264025203837,65.07833099365234,330089,0.0,0.0,-0.02277148446985803
2023-02-05,64.92665524654872,65.3192330689849,63.83815576929281,64.45378112792969,256639,0.0,0.0,-0.009643241283356115
2023-02-06,64.19503050745749,64.44039162062185,63.54371570568766,63.6240119934082,143278,0.0,0.0,-0.012957449122253644
2023-02-07,63.7221642978963,64.0790526149636,62.508748104114545,62.856712341308594,250267,0.0,0.0,-0.01213321744129009
2023-02-08,62.01802839155744,63.28497536395162,61.85742900019212,63.21359634399414,259922,0.0,0.0,0.005661681322466491
2023-02-09,62.46413075549377,63.90060105363394,62.44628259876558,63.7400016784668,159104,0.0,0.0,0.008292925281751988
2023-02-12,63.597244974754595,63.96305731743508,62.99053696785529,63.5347900390625,169303,0.0,0.0,-0.003224704821170382
2023-02-13,64.07903677796315,64.65897929898114,62.526580810546875,62.526580810546875,304707,0.0,0.0,-0.015995871201356735
2023-02-14,63.22252336575751,63.276054229678046,61.839583719798235,61.98234176635742,251638,0.0,0.0,-0.00874222504076789
2023-02-15,61.88419030232264,64.82851001189813,61.88419030232264,64.55191802978516,299710,0.0,0.0,0.04062029645417922
2023-02-16,63.91845453199478,64.53408672146635,62.945940825167895,63.57941436767578,262175,0.0,0.0,-0.015180086224798307
2023-02-19,63.81137432644657,63.95413235295234,62.812095369215626,63.383113861083984,205629,0.0,0.0,-0.003092261405793443
2023-02-20,62.945934839502755,64.68575589594172,62.945934839502755,63.66862869262695,276256,0.0,0.0,0.004494472982856939
2023-02-21,53.39920372988986,54.39848955056755,47.80500428686731,48.50985336303711,2253660,0.0,0.0,-0.27192501663207674
2023-02-22,48.53662918555965,50.32106403203553,48.001296689493266,49.25932312011719,1343547,0.0,0.0,0.015331712200777229
2023-02-23,49.87495653926055,49.91956673080476,47.002015277092866,47.546268463134766,761214,0.0,0.0,-0.03539534178653314
2023-02-26,47.06446168853525,47.06446168853525,44.20044502632868,44.48595428466797,1330193,0.0,0.0,-0.0665298045506508
2023-02-27,45.09555023113118,45.93668290188198,44.16397459693147,45.18599319458008,825973,0.674,0.0,0.015613648441344125
2023-02-28,44.769946000215285,44.769946000215285,43.4585024475472,44.20014572143555,557143,0.0,0.0,-0.022059067794946437
2023-03-01,44.33581434969537,45.39401143503683,43.96499270651874,44.860389709472656,995064,0.0,0.0,0.014827130348517464
2023-03-02,45.04128554997567,45.32166427666638,44.22728847116669,44.54384231567383,435346,0.0,0.0,-0.00708129155391508
2023-03-05,45.13172912597656,45.68343672732615,44.64332883936094,45.13172912597656,510050,0.0,0.0,0.013111602702898916
2023-03-06,46.25323697843027,46.29845846040335,44.145885556919175,45.005104064941406,401781,0.0,0.0,-0.0028096204370699407
2023-03-07,44.29059758422368,44.29059758422368,43.19621836946022,43.29570770263672,500684,0.0,0.0,-0.03872240617825315
2023-03-08,43.58512732205041,43.91072750643166,43.14195197678092,43.431373596191406,298385,0.0,0.0,0.0031285730404096465
2023-03-09,43.04246424576404,43.36806444223026,42.14706370548192,42.50884246826172,452915,0.0,0.0,-0.02146996149982582
2023-03-12,42.40934954052041,42.67163894878995,41.586306202643115,42.291770935058594,341880,0.0,0.0,-0.005119585781621091
2023-03-13,41.69484537694357,42.20133499609947,41.15218063870232,41.6858024597168,525373,0.0,0.0,-0.01443192434417398
2023-03-14,41.523001685216094,41.64962322543875,40.302004318579655,40.971290588378906,800439,0.0,0.0,-0.017289010362887217
2023-03-15,40.88084610359721,41.36924641224444,40.51002441373796,40.70899963378906,768412,0.0,0.0,-0.006422402649181907
2023-03-16,40.83562057835914,41.29688519075994,40.437663277283114,40.926063537597656,606591,0.0,0.0,0.0053179211708350065
2023-03-19,40.6999531389155,41.73101806640625,40.51906376826254,41.73101806640625,552483,0.0,0.0,0.019477580417916043
2023-03-20,41.785287486201995,44.37199626846933,41.785287486201995,44.05543899536133,927439,0.0,0.0,0.05420412716353501
2023-03-21,44.634283528963394,44.90561932806649,42.83444296929045,44.49861907958984,1246159,0.0,0.0,0.010009338790905806
2023-03-22,44.35390218483282,45.1045883623175,44.15492354614114,44.72472381591797,536569,0.0,0.0,0.0050682974432103315
2023-03-23,44.69759664267015,44.74282157834766,43.70271016097227,44.29059982299805,630475,0.0,0.0,-0.009753993291517476
2023-03-26,43.89264219069842,44.977975086662475,43.86550998960722,44.43531036376953,295725,0.0,0.0,0.0032619709120443414
2023-03-27,44.281550597140175,45.07746180122434,43.684618056621545,44.806129455566406,382848,0.0,0.0,0.008310516431687415
2023-03-28,44.62524267176425,44.67046415697563,44.109710149962496,44.43531036376953,233277,0.0,0.0,-0.008310516431687304
2023-03-29,44.7337755346372,45.17695437616312,44.63428619571231,45.04128646850586,306945,0.0,0.0,0.013545114388287094
2023-03-30,45.20408834183117,45.258356197047654,44.7789987680812,45.10459899902344,418929,0.0,0.0,0.001404668457120234
2023-04-02,45.22217021952443,45.547770397133455,44.77899143329487,44.923702239990234,1229163,0.0,0.0,-0.0040186696848879535
2023-04-03,44.76994830132445,46.56074581935609,44.76994830132445,46.34368133544922,426323,0.0,0.0,0.03111941270586581
2023-04-04,46.25323482731267,47.5646784446076,46.12661330360572,47.401878356933594,321257,0.0,0.0,0.02257689799779247
2023-04-05,47.06723921748651,47.48328238750574,45.810063340588655,46.3075065612793,277599,0.0,0.0,-0.023357778995205122
2023-04-10,47.03105951597971,47.30239186161324,46.379859126316894,46.85017013549805,349400,0.0,0.0,0.011650563467850865
2023-04-11,46.69641829954481,47.93550491333008,46.41603957591216,47.93550491333008,389257,0.0,0.0,0.022901819593101672
2023-04-12,47.410927648153205,47.573727757718835,46.0994873046875,46.0994873046875,355586,0.0,0.0,-0.03905463119764064
2023-04-13,46.62405691218086,48.478165205356625,46.39794606056973,48.188743591308594,418742,0.0,0.0,0.04432362976548914
2023-04-16,47.99881591984891,48.27014827783965,47.43806191997765,47.71843719482422,183714,0.0,0.0,-0.009807611119230737
2023-04-17,47.34761284106156,47.447102171778184,46.75972667346562,47.21194839477539,337681,0.0,0.0,-0.010670842700554987
2023-04-18,46.74163747275198,47.11245914687069,46.04521560668945,46.04521560668945,382792,0.0,0.0,-0.025023142829505456
2023-04-19,46.099481636143835,47.564678991890815,45.94572446260357,47.13054656982422,480311,0.0,0.0,0.02329747625300822
2023-04-20,47.012968519933096,47.356657985307685,46.217057344920626,46.87730407714844,235890,0.0,0.0,-0.005387701208185596
2023-04-23,46.88634519787101,47.17576680494237,46.443166421318026,46.77781295776367,232974,0.0,0.0,-0.0021246283163213406
2023-04-25,46.687367511544345,46.859213966282354,46.054256439208984,46.054256439208984,210838,0.0,0.0,-0.015588819163364648
2023-04-26,46.03617044262396,46.12661340255787,45.05936991448447,45.140769958496094,271339,0.0,0.0,-0.02003436088260306
2023-04-27,44.59810995640064,46.054261084413696,44.40817420041796,45.6020393371582,340886,0.0,0.0,0.010166609460310623
2023-04-30,45.99094474801125,46.208012678493375,45.14981212393182,45.62916946411133,284721,0.0,0.0,0.0005947554155938916
2023-05-01,45.375929328881064,46.13566201676605,44.98702179298848,45.20408630371094,346857,0.0,0.0,-0.009359705540761288
2023-05-02,44.806127130637186,45.17694878883645,44.57096991313846,44.99605941772461,260396,0.0,0.0,-0.0046125702602948255
2023-05-03,44.83325948436176,46.04521378978674,44.634280830430285,45.9095458984375,293428,0.0,0.0,0.020098149645947215
2023-05-04,46.69641721927793,47.00392813640761,45.801016667872155,46.39794921875,193182,0.0,0.0,0.010582193296773923
2023-05-07,46.75972690954801,47.12150221831561,46.44316963292616,47.012969970703125,210556,0.0,0.0,0.013168260080760927
2023-05-08,46.777814921792874,46.85016860150973,46.406993256527144,46.5878791809082,169056,0.0,0.0,-0.009083116579595272
2023-05-09,46.470305117885715,46.84112679191155,45.93668334792875,46.02712631225586,222356,0.0,0.0,-0.012109478761571778
2023-05-10,45.67439336098026,46.45221526529472,45.32166097418135,46.28036880493164,164855,0.0,0.0,0.005486946162050368
2023-05-11,46.39794599770504,46.54265680453299,45.73770272591643,46.198970794677734,175462,0.0,0.0,-0.0017603506172563536
2023-05-14,45.95477260778273,46.84112676842,45.90502794237439,45.99094772338867,204371,0.0,0.0,-0.004512932166387609
2023-05-15,45.782923183478815,45.936680353024,45.330701490970625,45.62916946411133,257249,0.0,0.0,-0.007897395259665459
2023-05-16,44.81517231505476,45.47541562038186,44.399129155562825,44.71568298339844,312976,0.0,0.0,-0.020222903415420206
2023-05-17,45.21312791572098,45.71961402092344,44.74281692504883,44.74281692504883,297906,0.0,0.0,0.0006066263688807973
2023-05-18,45.00510132704502,45.33070149772788,44.45339376025207,44.46243667602539,852925,0.0,0.0,-0.006286203132766757
2023-05-21,44.399132078232064,44.80613234808235,44.10518724721918,44.29059982299805,216252,0.0,0.0,-0.0038722521396583284
2023-05-22,44.29060156231898,44.50766608131128,43.7931548517568,44.31773376464844,293863,0.0,0.0,0.0006124467394863064
2023-05-23,44.01021452461772,44.290593213155454,43.50372499214953,43.67557144165039,420289,0.0,0.0,-0.014595967774946868
2023-05-24,43.41328601739332,43.50372898319169,41.13408808745881,41.32402038574219,615049,0.0,0.0,-0.05534500158568649
2023-05-25,41.28784518169135,42.852531947884735,41.28784518169135,42.50884246826172,450162,0.0,0.0,0.02826817406412642
2023-05-28,42.85253469078672,43.38615650244506,42.32795579619659,43.1600456237793,350878,0.0,0.0,0.01520308510812219
2023-05-29,43.11481873980854,44.26346236555185,42.93393280519162,44.154930114746094,377597,0.0,0.0,0.022789390719639334
2023-05-30,43.883593016998994,44.31772542345231,42.66259238930748,43.693660736083984,846108,0.0,0.0,-0.010501559862451092
2023-05-31,43.23239670642364,43.95595078452962,43.21430742319874,43.51277542114258,518891,0.0,0.0,-0.004148445512183813
2023-06-01,43.63939721894006,43.93786521869909,43.051507586178474,43.3499755859375,221813,0.0,0.0,-0.0037484427776045934
2023-06-04,43.865506972488845,44.60715031951462,43.66652831103092,43.91072845458984,176129,0.0,0.0,0.012852534114108907
2023-06-05,43.71175435227971,44.10970823511373,43.20526476943622,43.3499755859375,300468,0.0,0.0,-0.012852534114108796
2023-06-06,43.4132871348102,43.50373010293649,42.82539749145508,42.82539749145508,439228,0.0,0.0,-0.01217481411251121
2023-06-07,42.499803594908045,42.734957397961225,41.197402685141775,41.378292083740234,501111,0.0,0.0,-0.03437492841848952
2023-06-08,41.60440004647565,41.99331101857651,41.43255702747822,41.83955383300781,314316,0.0,0.0,0.011085758542210852
2023-06-12,40.473840570703246,40.519062048903145,36.85606711186944,39.38850784301758,1523506,0.0,0.0,-0.06036806140673589
2023-06-13,38.00471308260108,40.49193249808404,38.00471308260108,39.0176887512207,901090,0.0,0.0,-0.009458993618993248
2023-06-14,38.40267152767247,39.23476137092339,37.88713899062131,38.54738235473633,1361178,0.0,0.0,-0.012126905924061427
2023-06-15,38.565469758491155,40.15729222873617,38.45693750603112,39.686981201171875,787472,0.0,0.0,0.02913500936803402
2023-06-18,39.686978259578055,41.47777581823643,39.686978259578055,41.2968864440918,397660,0.0,0.0,0.03976390389118788
2023-06-19,40.91702016462397,41.251663250281155,39.76837665420315,40.139198303222656,872740,0.0,0.0,-0.028433737709091175
2023-06-20,40.247730203506634,40.77230901730054,40.06684083839916,40.17537307739258,312529,0.0,0.0,0.0009008272345693737
2023-06-21,40.03066692912734,40.103024063653315,39.46991293726334,39.77742385864258,330455,0.0,0.0,-0.00995468627120719
2023-06-22,39.777424691617576,39.9854462824688,39.16240283597998,39.32520294189453,202018,0.0,0.0,-0.011433902052400484
2023-06-25,39.24380290972157,39.43373521666309,38.80062752685804,39.36138153076172,311762,0.0,0.0,0.0009195618709088243
2023-06-26,39.70506868440991,39.78646873260815,38.94985578439032,39.56940078735352,616770,0.0,0.0,0.005270940743158811
2023-06-27,39.78646612451711,41.15217412123143,39.56939819349176,41.07077407836914,334261,0.0,0.0,0.03724066339379516
2023-06-28,41.188353167771666,42.68068270417693,40.75422075080771,41.91190719604492,463263,0.0,0.0,0.020273192274158195
2023-06-29,41.61344476386937,42.1651558621267,41.179312289054955,41.99331283569336,316824,0.0,0.0,0.0019404195629356127
2023-07-02,42.3641296130636,42.725908358421286,41.939040104794984,42.57215118408203,218974,0.0,0.0,0.013689924019736253
2023-07-03,42.74399461534321,43.82932741202512,42.68973021812472,43.35901641845703,383359,0.0,0.0,0.01831436136916318
2023-07-04,43.23239243866243,43.53990332277324,42.65354923331917,42.70781707763672,246583,0.0,0.0,-0.01513269958468672
2023-07-05,41.89382073077031,42.174199445030055,41.061734404855706,41.32402038574219,309474,0.0,0.0,-0.03293803491133008
2023-07-06,40.69995727777937,41.07982188961981,40.30200338201632,40.419578552246094,386352,0.0,0.0,-0.022129653094152046
2023-07-09,40.74517648028098,40.97128734138152,40.265822558804786,40.71804428100586,169137,0.0,0.0,0.00735705741857685
2023-07-10,41.43255826342448,42.28273391723633,40.98033651029896,42.28273391723633,265708,0.0,0.0,0.03770747847148168
2023-07-11,42.62641880082798,42.816351088535434,42.1651507304781,42.7711296081543,183680,0.0,0.0,0.011484512018656749
2023-07-12,43.45850646485178,44.24537128911938,43.45850646485178,44.05543899536133,344555,0.0,0.0,0.029585484863984938
2023-07-13,44.15492733608017,44.76090621948242,43.73888419235793,44.76090621948242,276041,0.0,0.0,0.01588631144871638
2023-07-16,44.88753101282107,45.430195722374314,44.03735193096209,45.050331115722656,274988,0.0,0.0,0.006445204558707636
2023-07-17,45.10459034673971,45.195036754750454,44.31772557302354,44.552879333496094,149248,0.0,0.0,-0.011103550655750293
2023-07-18,44.99605916486169,45.15885925292969,44.14588361064489,45.15885925292969,199986,0.0,0.0,0.01350969550915401
2023-07-19,45.40306173132823,45.51611716220794,44.815172110682546,44.96892929077149,319785,0.0,0.0,-0.0042146877534719905
2023-07-20,44.86039439476397,44.86039439476397,44.426261946448214,44.49861907958984,103238,0.0,0.0,-0.010513634316450297
2023-07-23,44.498621738233275,45.22217586198946,44.22728937309698,45.04128646850586,212536,0.0,0.0,0.012121389452024579
2023-07-24,44.63428082120841,44.760905796524504,42.11088633409186,42.7711296081543,504883,0.0,0.0,-0.05171621310691527
2023-07-25,43.09672669691342,43.70270208096008,42.988191011567935,43.41328048706055,279148,0.0,0.0,0.01490206318682331
2023-07-26,43.983085326127494,44.652371537693455,43.232395617011775,44.07352828979492,467812,0.0,0.0,0.015093940380486616
2023-07-27,43.331890711142606,43.99213409423828,43.13291202439271,43.99213409423828,369035,0.0,0.0,-0.0018484893323825525
2023-07-30,44.18206174190511,44.95988367131127,43.68461852780382,44.408172607421875,404344,0.0,0.0,0.00941267288311721
2023-07-31,44.49862137538592,44.521230393025625,43.331888419617506,44.21824264526367,218192,0.0,0.0,-0.004286086769418771
2023-08-01,43.74792929413427,45.48446253539561,43.74792929413427,44.408172607421875,327855,0.0,0.0,0.004286086769418797
2023-08-02,44.010214970864695,44.634279664376585,43.44946103828107,44.4443473815918,243776,0.0,0.0,0.0008142656206743407
2023-08-03,44.44435371470178,46.26228710948224,43.60322097088005,46.2080192565918,488439,0.0,0.0,0.03891557415226488
2023-08-06,46.09043557528362,46.28036786428762,45.26739220608848,45.8191032409668,182045,0.0,0.0,-0.008452254518745695
2023-08-07,45.95477316655585,46.289416278680825,45.493505072647665,45.7196159362793,464732,0.0,0.0,-0.0021736669412330514
2023-08-08,45.4211530044795,46.94966125488281,45.10459571403916,46.94966125488281,307974,0.0,0.0,0.02654855206229359
2023-08-09,47.012965366004565,47.012965366004565,46.07234344501798,46.29845428466797,193081,0.0,0.0,-0.0139674148552583
2023-08-10,46.28942107209446,46.92253224585925,46.25324250212429,46.271331787109375,157312,0.0,0.0,-0.0005859902995494969
2023-08-13,45.83719622032229,45.99094995710445,44.22728791670627,44.8332633972168,489344,0.0,0.0,-0.03157223499577791
2023-08-14,45.28548435786839,45.43924154216988,44.58906247054785,45.35784149169922,145769,0.0,0.0,0.011632721666218163
2023-08-15,44.83326159809936,45.30357260672509,44.263461257817305,44.71568298339844,312797,0.0,0.0,-0.01425878229880312
2023-08-16,44.52574963486112,45.394014499423086,44.13683868403439,45.33070373535156,176230,0.0,0.0,0.013660299721103103
2023-08-17,44.42625913963135,44.806127164269114,43.55799429785614,43.82932662963867,502378,0.0,0.0,-0.03368143846478485
2023-08-20,43.57608434583147,44.344859874422525,43.19621631451766,43.34092712402344,197225,0.0,0.0,-0.011205763324797127
2023-08-21,43.23240045823352,43.86551162533589,43.132911116951654,43.44042205810547,294146,0.0,0.0,0.0022930037067634087
2023-08-22,41.15217782626618,48.70427940991635,40.79039905871131,48.5686149597168,981664,0.0,0.0,0.11158714811220774
2023-08-23,48.975611351439554,50.41367649137604,46.57883496815282,48.55052185058594,800280,0.0,0.0,-0.00037259617279169365
2023-08-24,47.781751330825955,47.781751330825955,46.189928853060046,46.786861419677734,923462,0.0,0.0,-0.037002518791017514
2023-08-27,47.056797757806656,47.83196029620593,46.874409846490515,47.23918914794922,194609,0.426,0.0,0.009621402045897148
2023-08-28,48.08730497308504,48.50680272492284,47.15711203716665,48.35177230834961,344949,0.0,0.0,0.023279050376991593
2023-08-29,48.734795605444326,49.30020930128951,47.37598678790322,49.154296875,458093,0.0,0.0,0.01646138943872227
2023-08-30,49.46435767506,49.80177948442185,48.50680374982345,49.29108428955078,386065,0.0,0.0,0.0027789521653919366
2023-08-31,49.1998900360002,49.86561564668508,48.643597866829246,49.77442169189453,310509,0.0,0.0,0.009758012797364574
2023-09-03,50.029769994252504,50.39454931007462,49.33668338018534,50.07536697387695,319385,0.0,0.0,0.00602797857218769
2023-09-04,49.68322032045745,50.23951244553749,49.245483110269745,49.96592712402344,241457,0.0,0.0,-0.0021878943989412387
2023-09-05,49.601152045985096,49.66498851491526,48.552407571542034,48.725677490234375,286750,0.0,0.0,-0.025135165947918633
2023-09-06,48.461205495168855,48.59799990340557,47.439818611167304,47.87755584716797,315572,0.0,0.0,-0.017559317745515453
2023-09-07,48.333531706202464,48.66183549704547,48.06906437704268,48.50680160522461,221783,0.0,0.0,0.013057195476344775
2023-09-10,48.26969670093333,48.44296660518345,47.41246170473214,48.25145721435547,230539,0.0,0.0,-0.005277998731074186
2023-09-11,48.160265678430974,48.160265678430974,47.20271171855937,47.64957046508789,239946,0.0,0.0,-0.012552412976965813
2023-09-12,47.57661545186837,48.37001755209772,47.015765961831384,48.04171371459961,407845,0.0,0.0,0.008196053550033562
2023-09-13,48.14201787913707,49.04484974182571,48.0417024546548,48.707427978515625,455469,0.0,0.0,0.01376187444814452
2023-09-14,49.50083208025576,49.68322346575383,48.5888786315918,48.5888786315918,338065,0.0,0.0,-0.0024368737050737763
2023-09-17,48.33353404361216,48.68919534128312,48.13290316643309,48.242340087890625,139485,0.0,0.0,-0.0071576094518500215
2023-09-18,47.95051975032869,48.12378967397414,47.45806399408152,48.04171371459961,140759,0.0,0.0,-0.004167391291220703
2023-09-19,47.83195989835277,48.196739196777344,47.494538090632794,48.196739196777344,194111,0.0,0.0,0.003221698013141604
2023-09-20,48.032586953087865,48.51592465132981,47.95963248545266,48.29705429077149,184393,0.0,0.0,0.0020792037810459974
2023-09-21,47.54925225672709,48.70743355398948,47.54013425292403,48.5888786315918,188216,0.0,0.0,0.006024098948882941
2023-09-24,48.461206772151805,50.08448283328189,48.205860914129474,49.29108428955078,482394,0.0,0.0,0.014348548661414075
2023-09-25,48.96277906249832,49.6832231168011,48.51592382393423,48.68919372558594,242883,0.0,0.0,-0.012286107925855943
2023-09-26,48.42473096451156,48.734795303307834,48.12378810914182,48.634483337402344,398891,0.0,0.0,-0.0011242977166022305
2023-09-27,48.33353528222097,48.52504468143972,47.731646114086,48.032588958740234,247915,0.0,0.0,-0.012453095822731856
2023-09-28,48.26057843098659,48.81687063275195,47.649571244671584,48.49768829345703,560568,0.0,0.0,0.00963641557993985
2023-10-01,48.698317158884144,48.7074351629884,46.372833004910035,46.51874542236328,245088,0.0,0.0,-0.041660774033080494
2023-10-02,45.916856960757215,46.38195519012482,45.324089277864694,45.79830551147461,378463,0.0,0.0,-0.015608265852301682
2023-10-03,45.14169857025147,45.661511790633085,44.959307173192215,45.59767532348633,364412,0.0,0.0,-0.0043903573969338375
2023-10-04,45.88037926461379,45.88037926461379,45.30584761775949,45.87125778198242,768989,0.0,0.0,0.005981993339937842
2023-10-05,45.7800682563591,46.18132656028949,45.33320949251419,46.008056640625,213903,0.0,0.0,0.0029777967018652074
2023-10-08,46.06276476447756,47.12063057072913,45.697985491288904,45.8530158996582,829415,0.0,0.0,-0.0033755514473109544
2023-10-09,45.98069190799722,47.53101348996475,45.65239158372149,46.910884857177734,181457,0.0,0.0,0.022808760964100453
2023-10-10,48.26969528198242,48.91718138174408,47.87755502915184,48.26969528198242,242568,0.0,0.0,0.028554201838530583
2023-10-11,48.9810201031392,50.431026261497465,48.49768587662859,50.3398323059082,568740,0.0,0.0,0.04199272160230047
2023-10-12,49.67410440305993,50.116402372845805,49.2546031817089,49.7470588684082,254611,0.0,0.0,-0.011845314838045698
2023-10-15,49.0539800184576,49.73794514929334,48.014353576199525,48.16938400268555,273589,0.0,0.0,-0.03222771106033619
2023-10-16,48.90806501694683,48.90806501694683,47.93227509339061,48.3426513671875,145399,0.0,0.0,0.0035905895050206823
2023-10-17,48.588884188823506,48.68008163141618,47.54925769505412,47.80460357666016,173308,0.0,0.0,-0.011192278083651362
2023-10-18,47.23918540476979,47.78635953184001,46.73761173074169,47.62220764160156,275605,0.0,0.0,-0.003822744464545049
2023-10-19,47.02943825850632,47.28022684409584,46.719373952153035,46.88352584838867,137445,0.0,0.0,-0.015632847013416745
2023-10-22,46.87441047143516,47.37598419189453,46.55522466472359,47.37598419189453,118868,0.0,0.0,0.010449085168725074
2023-10-23,47.28478499136621,47.521894836510945,46.37283154135856,46.87440872192383,181948,0.0,0.0,-0.010643567407169652
2023-10-24,46.87440784474281,47.34862056850547,46.68289497991705,46.88352584838867,134060,0.0,0.0,0.00019448223844453042
2023-10-25,46.42755043592515,46.801451214779995,44.84074988735438,45.57943344116211,528374,0.0,0.0,-0.02820975876455367
2023-10-26,45.415284896525876,46.18132599747663,45.38792740397191,45.6341552734375,225113,0.0,0.0,0.001199861547202522
2023-10-29,45.18728864910612,45.68886230530215,44.96842178912015,45.39703750610352,135793,0.0,0.0,-0.005209605551124474
2023-10-30,45.397043206725016,46.464030589325475,45.23289130170956,46.32723617553711,316094,0.0,0.0,0.020283192720992518
2023-10-31,46.56434710592503,48.24234169025097,45.86214249130111,47.4124641418457,519905,0.0,0.0,0.023155108243344293
2023-11-01,48.242336882709914,48.242336882709914,46.54610297990503,46.80144882202149,424773,0.0,0.0,-0.012970990533110287
2023-11-02,47.67692703263956,48.196740240239,47.23918977775722,47.37598419189453,358193,0.0,0.0,0.012201277505974351
2023-11-05,47.531017064379384,48.28794016498966,47.257431700828995,48.05995178222656,245024,0.0,0.0,0.01433378933907995
2023-11-06,48.351770890063015,49.04485396064653,48.29705243232239,48.37001037597656,175952,0.0,0.0,0.006430774322535743
2023-11-07,48.89894130633132,49.47347293382775,48.49768305472932,49.3731575012207,184503,0.0,0.0,0.020526904746525323
2023-11-08,49.40051512720978,49.43699409895439,48.61623810765788,49.18164825439453,232786,0.0,0.0,-0.0038863551381433416
2023-11-09,48.4429692041022,48.95366441920146,48.36089324951172,48.36089324951172,165642,0.0,0.0,-0.01682905454631038
2023-11-12,48.26969548391947,48.3335319459193,46.70113446603504,46.88352584838867,267745,0.0,0.0,-0.03102514389241246
2023-11-13,47.25742721557617,47.45805808659013,46.73761403051846,47.25742721557617,245761,0.0,0.0,0.007943478817210423
2023-11-14,47.50365689682771,49.136054460412545,47.248311035735625,49.04485702514648,2305236,0.0,0.0,0.037125497500697976
2023-11-15,49.00837635077539,49.01749435392521,47.038557181938145,47.39421844482422,312006,0.0,0.0,-0.03423508131133582
2023-11-16,47.59484667401106,47.695162104581904,46.965600080647754,47.62220764160156,228776,0.0,0.0,0.00479895200684418
2023-11-19,48.19673895348037,49.108692413177835,47.85931714746369,48.9627799987793,1063608,0.0,0.0,0.02776121808232038
2023-11-20,49.14517215940369,50.35807194971358,49.13605415534692,49.528194427490234,313452,0.0,0.0,0.01148167420385716
2023-11-21,49.65586445059586,49.792655376398834,49.072214817986904,49.18164825439453,222487,0.0,0.0,-0.007021540860871525
2023-11-22,48.77126966180926,49.09045545381229,48.06906509399414,48.06906509399414,132283,0.0,0.0,-0.02288171808471171
2023-11-23,47.904920886002344,48.04171531579473,47.448944091796875,47.448944091796875,110012,0.0,0.0,-0.012984561133515293
2023-11-26,47.52189832705648,47.759004710790656,46.27708024567894,46.591705322265625,228008,0.0,0.0,-0.01823174382575412
2023-11-27,46.86528365656448,47.20270543320101,46.36370999316941,46.728492736816406,213059,0.0,0.0,0.002931573557702158
2023-11-28,46.99295770929855,48.351769809467,46.66465392784437,48.287933349609375,261148,0.0,0.0,0.03282760084667525
2023-11-29,48.67095482954035,49.06309509277344,48.178502608656345,49.06309509277344,308547,0.0,0.0,0.015925422432236363
2023-11-30,48.561526964362706,48.92630977909988,47.89580128447009,48.04171371459961,130189,0.0,0.0,-0.021037455512723183
2023-12-03,48.85334358815014,49.14516839920873,47.658683376186055,48.33353042602539,121435,0.0,0.0,0.00605586228818267
2023-12-04,47.88667375087127,48.04626838642273,47.189029923739625,47.83195877075195,129439,0.0,0.0,-0.010431521905280444
2023-12-05,47.83195537820721,49.29107939167025,47.65412474777972,49.20900344848633,218212,0.0,0.0,0.02838259405811633
2023-12-06,48.98101715255351,50.13919840866634,48.91261995056856,49.32756042480469,158365,0.0,0.0,0.0024063561558729566
2023-12-07,49.2819688723034,49.79266061515371,49.09957747321689,49.40052032470703,132475,0.0,0.0,0.0014779971945174757
2023-12-10,49.592029621099705,49.6923450572848,48.2058599586335,49.25460433959961,152927,0.0,0.0,-0.0029581046500249415
2023-12-11,49.418755077275335,49.89297127793101,49.4005155912317,49.7470588684082,293151,0.0,0.0,0.009948491256912446
2023-12-12,49.74706488677191,49.82002283977284,49.12693620157072,49.674110412597656,116783,0.0,0.0,-0.0014674635076009869
2023-12-13,50.4219095778218,51.890155261510806,49.783541435501384,51.79895782470703,372788,0.0,0.0,0.04188614972239425
2023-12-14,52.10902271534757,52.1637411780212,50.83228989573514,51.27002716064453,294896,0.0,0.0,-0.01026371429636319
2023-12-17,51.197069774804305,51.73512248780018,50.36719221531845,51.64392852783203,135930,0.0,0.0,0.007266322819553491
2023-12-18,51.8263152374211,52.51028031177775,51.6803993485518,52.273170471191406,238699,0.0,0.0,0.012110608170267175
2023-12-19,52.628836885503354,53.09393512956404,52.537642924893255,52.8294677734375,173477,0.0,0.0,0.010585890258643198
2023-12-20,52.89330529883981,52.95714176830814,52.072545721637496,52.52852249145508,154325,0.0,0.0,-0.005712829178055712
2023-12-21,52.28229542211587,52.75650817709575,52.081664540436805,52.37348937988281,97123,0.0,0.0,-0.002955772185458415
2023-12-26,53.02097641994921,53.62286559631954,52.74739106320388,53.26720428466797,100098,0.0,0.0,0.016920302129367924
2023-12-27,53.704941325677936,53.796138763427734,53.25808605659678,53.796138763427734,65195,0.0,0.0,0.009880856828776777
2023-12-28,53.79613833023543,53.9602867592102,53.46783451463288,53.75053787231445,66383,0.0,0.0,-0.000848020511140661
2024-01-01,53.631988302355275,54.25211698049111,53.47239365169074,54.060604095458984,83290,0.0,0.0,0.005752041438175214
2024-01-02,53.08481394713037,53.34928130475609,51.85367807778203,52.06342697143555,154107,0.0,0.0,-0.03764299058055238
2024-01-03,51.972225525303216,52.086219699707975,51.13322659269457,51.87191009521485,151372,0.0,0.0,-0.0036853123948686227
2024-01-04,51.370335654305485,51.98134275012838,50.46750027585662,50.83228302001953,169731,0.0,0.0,-0.020245767082596566
2024-01-07,50.83228912226215,51.963109503031355,50.595179266444205,51.32474136352539,198774,0.0,0.0,0.009641278436726509
2024-01-08,51.999591153133686,53.07569660625735,51.96767291845742,52.48292541503906,175537,0.0,0.0,0.022314962807669952
2024-01-09,52.56499336437247,53.34927384416382,52.48291741930533,52.82033920288086,150064,0.0,0.0,0.006408442203789776
2024-01-10,53.42223318064982,53.6958185117409,52.9844924763126,53.1395263671875,116875,0.0,0.0,0.006024698654533468
2024-01-11,52.89330286202483,53.23984616519227,52.58323853368059,53.130409240722656,86737,0.0,0.0,-0.0001715843043483597
2024-01-14,53.07568815449105,53.31279450592558,52.8340210620214,53.258079528808594,16366,0.0,0.0,0.002400078257493376
2024-01-15,52.774741904064314,53.2216005975314,51.74423707423655,51.82631301879883,156916,0.0,0.0,-0.027251527693963808
2024-01-16,51.9904672237552,52.62427810335531,51.06027772014222,51.79895782470703,171685,0.0,0.0,-0.0005279637776490998
2024-01-17,51.23354743876191,52.22757688380491,51.23354743876191,51.707763671875,126734,0.0,0.0,-0.0017620918740292831
2024-01-18,51.70776505441602,52.89330392948396,51.70776505441602,52.30965423583984,106480,0.0,0.0,0.011573009480244147
2024-01-21,52.82946678855009,52.82946678855009,51.5162549945829,51.89015579223633,113839,0.0,0.0,-0.008051851724285065
2024-01-22,51.93575061149778,53.09393193137978,51.89015363393933,52.96625900268555,160317,0.0,0.0,0.02052599250025216
2024-01-23,53.039216805346285,53.14865025413144,52.15462077403091,52.25493621826172,105928,0.0,0.0,-0.013520728771675589
2024-01-24,41.94986014224351,41.94986014224351,35.6573797293764,36.031280517578125,3291189,0.0,0.0,-0.37174689501514396
2024-01-28,36.34134487750828,37.37185328656121,36.158956964112534,36.414302825927734,1388893,0.0,0.0,0.010574167798020662
2024-01-29,37.02530962146317,37.818711647925205,36.487256933106515,37.75487518310547,1345873,0.0,0.0,0.03615297903772265
2024-01-30,37.64543619537931,38.21084982250179,36.15895462036133,36.15895462036133,2391454,0.0,0.0,-0.043189986009060634
2024-01-31,36.15895694979146,37.19858336257185,35.45675235125131,37.03443145751953,737600,0.0,0.0,0.023923434585174357
2024-02-01,36.93411259192837,37.55424118041992,36.541972352769704,37.55424118041992,428389,0.0,0.0,0.013938259523738084
2024-02-04,37.48128952976725,37.937266304965526,37.35361658932401,37.61808395385742,347240,0.0,0.0,0.0016985716132392392
2024-02-05,37.60896452922982,37.84607091269797,37.20770275575461,37.636322021484375,347093,0.0,0.0,0.0004847043238902266
2024-02-06,37.50864851704074,37.50864851704074,36.177193760009914,36.25926971435547,1030275,0.0,0.0,-0.037274530448044095
2024-02-07,36.386942940064365,36.56933084145719,36.085996640879,36.39606094360352,434383,0.0,0.0,0.003765488082934813
2024-02-08,36.31398817686135,36.56933404423573,35.94920538447521,36.25926971435547,527122,0.0,0.0,-0.0037654880829349
2024-02-11,36.25927100908604,36.532859852558104,35.8853701990111,35.9127311706543,239470,0.0,0.0,-0.009603203531567977
2024-02-12,36.022165173799294,36.2866325378418,35.84889525192319,36.2866325378418,282442,0.0,0.0,0.010357562466654107
2024-02-13,35.93097024594299,36.47814096894654,35.89449127005565,36.250152587890625,222078,0.0,0.0,-0.0010058331910768313
2024-02-14,36.38694118886368,37.04354525569504,36.341340736883865,36.51461410522461,428343,0.0,0.0,0.007268976286746727
2024-02-15,36.624053393669264,36.87939926722737,36.1589586269989,36.250152587890625,301899,0.0,0.0,-0.00726897628674664
2024-02-18,36.21367310492186,36.28663105567493,35.461310762206956,35.63914489746094,362576,0.0,0.0,-0.016998981074236027
2024-02-19,35.66649850544169,36.19542967549377,35.35643420616074,36.11335372924805,350989,0.0,0.0,0.013218096797964908
2024-02-20,36.432538876646305,37.96462086068156,36.21366853085864,36.934112548828125,3087314,0.0,0.0,0.0224728769783005
2024-02-21,37.67279369917161,39.77940368652344,37.67279369917161,39.77940368652344,1532608,0.0,0.0,0.07421369971502301
2024-02-22,40.00739235402208,40.755193820166355,39.086321004345926,39.6790885925293,1109389,0.0,0.0,-0.0025249698153893244
2024-02-25,40.145580566199584,40.74601059783867,39.51743957191623,39.79456329345703,561020,0.555,0.0,0.0029059890781542924
2024-02-26,39.87769925875659,40.81067500922288,39.65600449294513,40.50584030151367,282328,0.0,0.0,0.01771586639883924
2024-02-27,40.7367780565893,41.004662486086,40.26567399417708,40.86610412597656,288986,0.0,0.0,0.008854800777915891
2024-02-28,40.819912564160155,41.80831028635433,40.40423397958825,41.61432647705078,468770,0.0,0.0,0.018143524977858906
2024-02-29,41.66050656841073,41.66050656841073,40.98617947853901,41.44804763793945,349511,0.0,0.0,-0.004003715593254488
2024-03-03,41.47576412972857,41.67898373352729,41.11550398800101,41.39262771606445,513281,0.0,0.0,-0.0013379883711947223
2024-03-04,41.35567986966718,41.974581578509145,41.1478370612872,41.89144515991211,432268,0.0,0.0,0.011978842804602
2024-03-05,41.82678124353908,43.04611295655571,41.6882229038358,42.55653381347656,398157,0.0,0.0,0.015751766076726938
2024-03-06,42.68585304845958,42.699708528984026,41.919153761320864,42.187034606933594,420284,0.0,0.0,-0.008720462331707233
2024-03-07,42.22398647715676,42.48263504375438,41.66050675634243,42.14085006713867,353731,0.0,0.0,-0.0010953564076967327
2024-03-10,42.3810259282526,42.676621286745366,41.161694193526266,41.37415313720703,417201,0.0,0.0,-0.018361215120008812
2024-03-11,41.10626800693423,41.91915699013273,39.79456406756295,40.34880447387695,500694,0.0,0.0,-0.02509460012802943
2024-03-12,40.44118000318495,40.92152337231504,40.247196197509766,40.247196197509766,356940,0.0,0.0,-0.0025214236277886965
2024-03-13,40.265663256833456,40.73676719361991,39.886931535487754,40.37651062011719,471009,0.0,0.0,0.003207853833626187
2024-03-14,40.080918359452056,40.47812525893871,39.63752534872207,40.05320739746094,436009,0.0,0.0,-0.008039440444416509
2024-03-17,39.914646802710216,40.958469863949595,39.914646802710216,40.82914733886719,157989,0.0,0.0,0.0191874667733112
2024-03-18,40.82914954013099,41.050844302574845,40.18253335608276,40.29338073730469,118414,0.0,0.0,-0.01320901614403984
2024-03-19,40.33956504008546,40.755247105709934,40.062444837594,40.23795700073242,561086,0.0,0.0,-0.0013764516244129882
2024-03-20,40.53355421207182,41.05084434077197,40.016260559596965,40.875335693359375,214243,0.0,0.0,0.01571608772217535
2024-03-21,40.884566914107005,40.884566914107005,39.93311965675083,40.20100402832031,218156,0.0,0.0,-0.016634870723320407
2024-03-24,40.18253326416016,40.552029232420935,40.10863266099812,40.18253326416016,142938,0.0,0.0,-0.0004595658540885137
2024-03-25,39.9885481762113,40.01625913961556,39.52667999267578,39.52667999267578,181606,0.0,0.0,-0.01645651853708998
2024-03-26,39.37888111952084,39.720662578305216,39.064810623299536,39.33269500732422,190076,0.0,0.0,-0.004919779712250518
2024-03-27,39.600577830141624,40.09939632364486,39.498966264008594,40.0809211730957,252762,0.0,0.0,0.01884433283464816
2024-04-01,40.043969062463226,40.26566733526019,39.56362926498972,40.02549743652344,143350,0.0,0.0,-0.001383752922122563
2024-04-02,39.72065931657948,39.7298951287506,38.41819132645191,38.7230224609375,263790,0.0,0.0,-0.03308236816410799
2024-04-03,39.00015321316017,39.212612169266855,38.86159133911133,38.86159133911133,146241,0.0,0.0,0.0035720748929054
2024-04-04,38.5752278331363,38.77845095462324,38.39048338499306,38.519805908203125,150997,0.0,0.0,-0.008833845490464102
2024-04-07,38.95396306352066,39.82227755183201,38.41819777333527,39.69295501708984,293674,0.0,0.0,0.030001168267757575
2024-04-08,39.54515346979622,39.69295114132359,38.90777314826771,39.46201705932617,207226,0.0,0.0,-0.005835100612403501
2024-04-09,39.57286639571563,40.37651605428855,39.545155432108686,40.210243225097656,325414,0.0,0.0,0.018783153917025643
2024-04-10,39.489733080109346,40.4134695264277,39.44354696254841,40.11787414550781,213999,0.0,0.0,-0.002299795472009133
2024-04-11,40.09015876839069,40.976944813572494,37.06954049845156,37.10648727416992,864174,0.0,0.0,-0.07803016082039058
2024-04-14,36.19199297168464,37.18039065246943,35.52690162619403,35.637752532958984,1345728,0.0,0.0,-0.0403862730975829
2024-04-15,34.917233939838894,35.332916009410404,33.568579690806516,34.529266357421875,1411838,0.0,0.0,-0.031598275722608385
2024-04-16,34.70477510061256,35.600800506129374,34.24290691612341,34.99113464355469,721596,0.0,0.0,0.013287468856985334
2024-04-17,34.824865181127365,35.45300625464562,34.25214956366363,34.418418884277344,373221,0.0,0.0,-0.01650287973725028
2024-04-18,34.33527794768046,34.603162331060176,34.00273582640073,34.446128845214844,378880,0.0,0.0,0.0008047671362592598
2024-04-21,34.677067924161975,34.87105173712609,34.26138580797104,34.409183502197266,422357,0.0,0.0,-0.0010731298807190061
2024-04-22,34.81562093582632,35.38833999633789,34.60316200322665,35.38833999633789,277320,0.0,0.0,0.028058896223706945
2024-04-23,35.7763100146533,36.37674007854942,35.42528919927828,35.65622329711914,369963,0.0,0.0,0.007541310916296807
2024-04-25,35.63774713921778,36.081140127846126,34.83409404379055,35.212825775146484,274847,0.0,0.0,-0.012513313314400646
2024-04-28,35.563851622434186,36.47835221461481,35.563851622434186,36.33979034423828,217245,0.0,0.0,0.03150290881785594
2024-04-29,36.39521264886182,36.75546925214795,36.17351438019182,36.432159423828125,238661,0.0,0.0,0.0025385915724360827
2024-04-30,36.27512907773583,36.80165854712704,36.108856242793905,36.33979034423828,533466,0.0,0.0,-0.002538591572436054
2024-05-01,36.21970233668767,36.21970233668767,35.41605267889972,35.683937072753906,345993,0.0,0.0,-0.0182126480762223
2024-05-02,35.74859731864295,35.94258110572561,35.360626220703125,35.360626220703125,158995,0.0,0.0,-0.00910169811754016
2024-05-05,35.27748877169699,35.74859626793631,35.2128275112366,35.5084228515625,218415,0.0,0.0,0.004170984289012373
2024-05-06,35.59155614711781,36.0718994140625,35.28672502072977,36.0718994140625,226118,0.0,0.0,0.015744220874878576
2024-05-07,36.10885181662817,36.44139744574911,35.80401714867586,36.12732696533203,204595,0.0,0.0,0.0015354059853035262
2024-05-08,36.02572122746606,36.06267153084123,34.963422909966724,35.13893508911133,282942,0.0,0.0,-0.027739781129747773
2024-05-09,35.00036831490129,35.305202989421275,34.852570645860375,35.05579376220703,173801,0.0,0.0,-0.00236887775319784
2024-05-12,34.92647556129895,35.16664548177462,34.58469054630979,35.15740966796875,205099,0.0,0.0,0.0028944976654879636
2024-05-13,35.101984785736164,35.443766282519256,34.93571194432279,35.13893508911133,219473,0.0,0.0,-0.000525619912289999
2024-05-14,35.351391463750176,36.23817753728287,35.17588282120973,35.91487121582031,269869,0.0,0.0,0.0218416722219424
2024-05-15,36.04419200533196,36.16427871484176,35.6007989899586,35.6192741394043,243148,0.0,0.0,-0.008264549955964854
2024-05-16,35.48995170916411,35.49919104671553,34.46460723876953,34.46460723876953,318731,0.0,0.0,-0.03295397943147696
2024-05-19,34.69553917798928,35.055795796950996,34.141295244085065,34.178245544433594,254444,0.0,0.0,-0.008343573845905802
2024-05-20,34.20595646360351,34.69553913315241,34.076633936325365,34.29833221435547,298712,0.0,0.0,0.00350738301937536
2024-05-21,34.40917730910013,34.65858653392505,33.73485023032505,33.901123046875,235093,0.0,0.0,-0.011648587437477135
2024-05-22,33.82722222731431,34.621636006956955,33.753325155878,34.6031608581543,1007206,0.0,0.0,0.020496890108968175
2024-05-23,33.99349818127061,34.53850278805733,33.92883691637851,34.0396842956543,207313,0.0,0.0,-0.01641800302162485
2024-05-26,34.22443122639624,34.446129501917135,34.039683250757925,34.18748092651367,240615,0.0,0.0,0.004332493122430355
2024-05-27,34.54774080970194,35.17588180797103,33.67019057472825,33.7348518371582,543619,0.0,0.0,-0.01332804016621844
2024-05-28,33.67019120434052,34.90799807422003,33.559343827212764,34.29833221435547,745315,0.0,0.0,0.016565247393921834
2024-05-29,34.067395702213354,35.35138859433743,33.90112288645023,35.30520248413086,523744,0.0,0.0,0.028933602732303863
2024-05-30,35.50842234791623,35.75783157348633,35.09274382907376,35.75783157348633,506664,0.0,0.0,0.012738977907550261
2024-06-02,36.07190296761328,36.127328415950366,35.37910072038469,35.6192741394043,156961,0.0,0.0,-0.0038824103818466604
2024-06-03,35.628507803165014,35.77630546604113,35.10197840893296,35.212825775146484,187791,0.0,0.0,-0.011476514909517408
2024-06-04,35.33291542377056,36.053428649902344,35.22206804831364,36.053428649902344,250696,0.0,0.0,0.023591582538786612
2024-06-05,36.071901447609825,36.08114078383057,35.37909922957465,35.42528533935547,236051,0.0,0.0,-0.017576127099136342
2024-06-06,35.582330430532984,36.33979407922022,35.582330430532984,36.228946685791016,229262,0.0,0.0,0.02243259121069963
2024-06-10,35.96105526215259,36.228939640976165,35.549992881167015,35.739356994628906,160471,0.0,0.0,-0.013605913127685856
2024-06-11,35.582328158288696,35.62851427562021,35.009612551073126,35.13893508911133,142508,0.0,0.0,-0.016942740879124216
2024-06-12,35.48995124396146,35.74859983538869,35.10198364248274,35.17588424682617,211657,0.0,0.0,0.0010509636934216034
2024-06-13,35.19435196264691,35.323678005874655,34.529264216347535,34.59392547607422,221084,0.0,0.0,-0.016682638811851228
2024-06-16,34.418414874129226,34.64934896178751,33.98426118549834,34.196720123291016,299321,0.0,0.0,-0.011548365733314438
2024-06-17,34.5477403874789,34.58468716286268,33.95654617227037,34.09510803222656,312215,0.0,0.0,-0.00297582210916018
2024-06-18,34.1782470877748,34.326044772068244,33.53163089757546,33.550106048583984,427620,0.0,0.0,-0.01611389020839169
2024-06-19,33.26374545375216,33.80875005825454,33.10671196075087,33.69790267944336,2894579,0.0,0.0,0.0043955760659924814
2024-06-20,33.82722520868551,33.9934980387896,33.33764605547604,33.69790267944336,957865,0.0,0.0,0.0
2024-06-23,33.80875395096966,34.45537019540597,33.69790655939559,34.390708923339844,241023,0.0,0.0,0.020350838070554572
2024-06-24,34.54774478059986,34.78791470811973,34.11358751971883,34.77867889404297,333234,0.0,0.0,0.011218085098752616
2024-06-25,34.473841235153614,34.529266686215784,33.39307136775099,33.7071418762207,459891,0.0,0.0,-0.03129478354382039
2024-06-26,33.30069149931185,34.04891913916859,33.291455687163875,33.94730758666992,402626,0.0,0.0,0.007099805591381824
2024-06-27,34.05815807697471,34.159769638798686,33.152896881103516,33.152896881103516,1104787,0.0,0.0,-0.023679445731359567
2024-06-30,33.11594591121704,33.36535514234323,32.60789163615604,33.060523986816406,427836,0.0,0.0,-0.00279015803754169
2024-07-01,32.79263891664349,32.9312007722799,31.979749979376916,32.14602279663086,660736,0.0,0.0,-0.028051206532375774
2024-07-02,32.35848182772965,32.6356055398865,32.136787086533424,32.25687026977539,400484,0.0,0.0,0.003442316868836729
2024-07-03,32.31230037124254,32.626370902988064,31.96127953605052,32.007469177246094,201461,0.0,0.0,-0.00776176482233674
2024-07-04,31.87814111724241,32.37695961118246,31.69339665913839,32.062889099121094,543960,0.0,0.0,0.0017299711500809024
2024-07-07,32.053652240955536,32.524756231804886,31.99822679106609,32.21068572998047,163157,0.0,0.0,0.004598993964565081
2024-07-08,32.330772620876246,33.62400493522112,32.16449979406692,33.60552978515625,496760,0.0,0.0,0.04239237790001464
2024-07-09,33.32841554500684,33.5778213060711,32.857307943496124,32.958919525146484,385191,0.0,0.0,-0.019428707260339385
2024-07-10,33.13441998905203,33.44849047100498,32.83882465589329,32.8572998046875,292625,0.0,0.0,-0.0030879865858184537
2024-07-11,33.16213840780106,33.457733776023126,32.986626235324074,33.31917190551758,261636,0.0,0.0,0.01395902769334762
2024-07-14,33.577819224940086,33.6424804958417,33.11595099062853,33.365360260009766,245574,0.0,0.0,0.0013852796256805361
2024-07-15,33.41154623730671,33.624008725112986,33.1621404927558,33.37459945678711,275078,0.0,0.0,0.00027687151372492164
2024-07-16,33.63324184752417,33.919601397226344,33.23603491758472,33.337646484375,345302,0.0,0.0,-0.0011078318731477844
2024-07-17,31.674924032881048,31.674924032881048,29.799736624466625,30.59415054321289,1494498,0.0,0.0,-0.08587845151383584
2024-07-18,30.68652311097452,31.50864791036133,30.668047960858857,31.15762710571289,719365,0.0,0.0,0.018250234201436583
2024-07-21,31.18533686564555,31.462460582912495,30.954402783772725,30.963642120361328,409611,0.0,0.0,-0.006245384818990071
2024-07-22,31.203814360175095,31.471698760986328,31.092966979202235,31.471698760986328,419724,0.0,0.0,0.016275008600376884
2024-07-23,31.499404605476737,31.499404605476737,31.046775817871097,31.046775817871097,937533,0.0,0.0,-0.013593725355405933
2024-07-24,30.80660696371058,31.388561871660706,30.5756728679593,31.083730697631836,462861,0.0,0.0,0.0011895890180611453
2024-07-25,31.314662034980767,31.314662034980767,30.335500286687513,30.344736099243164,366358,0.0,0.0,-0.024061491042195744
2024-07-28,30.53872609309225,30.66804862291912,29.688886788298376,29.864398956298828,497564,0.0,0.0,-0.01595596194230951
2024-07-29,29.71659779867451,30.049143460906528,29.550326729445832,29.744312286376953,374925,0.0,0.0,-0.004029170565098981
2024-07-30,29.92905823871994,30.353976101083113,29.753546082345363,30.27083969116211,579953,0.0,0.0,0.017546932631358023
2024-07-31,30.483298899160577,30.668046869970983,29.96600528564632,30.086091995239254,294161,0.0,0.0,-0.006121857680474029
2024-08-01,29.439477146077536,29.439477146077536,27.167084894085587,27.305644989013672,1521500,0.0,0.0,-0.09696954804338545
2024-08-04,26.78835576180616,28.566547637791793,26.58513438685812,27.51810836791992,1186114,0.0,0.0,0.00775081710183709
2024-08-05,27.425735760152936,28.016926525778644,27.287175644695346,27.4164981842041,487120,0.0,0.0,-0.0036993183703593275
2024-08-06,27.27793422652853,28.42798496091301,27.27793422652853,28.17395782470703,498744,0.0,0.0,0.027253114177559757
2024-08-07,28.063110021600092,28.220145274282995,27.73056612795011,28.19243431091309,328276,0.0,0.0,0.0006555852226041432
2024-08-08,28.451077326853913,28.839046643214974,28.36794091892746,28.5434513092041,263976,0.0,0.0,0.012373878479598952
2024-08-11,28.802099954098964,29.374815509993788,28.635827127585213,29.30091667175293,243597,0.0,0.0,0.02619126767773061
2024-08-12,29.0699829652458,29.827448269559405,29.033034426581917,29.75354766845703,289202,0.0,0.0,0.015329572982909757
2024-08-13,29.95677365489958,30.621865033156908,29.855162080579717,30.59415054321289,360566,0.0,0.0,0.027860457724746157
2024-08-14,30.547961186426942,30.788134613679784,30.252365832711572,30.575672149658203,330146,0.0,0.0,-0.0006041669994547943
2024-08-15,30.788135952016496,31.000594901498935,30.45559028368756,30.94516944885254,329984,0.0,0.0,0.012012246016301088
2024-08-18,30.9728800271652,31.416273071484657,30.732710116241,31.185338973999023,361458,0.0,0.0,0.007731168712623724
2024-08-19,31.453224592682385,31.610261617426033,30.71423615682208,30.86203384399414,624342,0.0,0.0,-0.010421329424213985
2024-08-20,29.559559436643475,31.092961441468393,28.60811048299718,30.41863441467285,1115741,0.0,0.0,-0.01447135548478285
2024-08-21,30.39092821083266,30.889743176311487,28.469554855385837,28.58964157104492,707503,0.0,0.0,-0.06201092539595134
2024-08-22,28.524978455262183,29.36558017657896,28.18319698352263,29.347105026245117,537557,0.0,0.0,0.026149435774285995
2024-08-25,29.66060452030512,29.669991002279676,28.37468513440485,28.543638229370117,423336,0.504,0.0,-0.027759822987391616
2024-08-26,28.53425330132059,28.684433440515292,28.04147460769494,28.055553436279297,473544,0.0,0.0,-0.017247486337429167
2024-08-27,27.942917019038507,27.961689982526565,27.25771996431941,27.773963928222656,538985,0.0,0.0,-0.010087563324903317
2024-08-28,27.57685423358902,28.215120735640863,27.44544705620959,28.205734252929688,378763,0.0,0.0,0.015426267059566038
2024-08-29,28.19634903013271,28.637502967528764,27.872521648698143,28.177576065063477,501446,0.0,0.0,-0.0009988129483122232
2024-09-01,28.233893623453557,28.759524121814945,28.036782857926234,28.70320701599121,400694,0.0,0.0,0.018482372613303735
2024-09-02,28.684433388261617,29.322699873820625,28.421619040293887,28.96602249145508,412296,0.0,0.0,0.009114645615846151
2024-09-03,28.4967098461106,28.81584309713652,27.98985052143819,28.205734252929688,384272,0.0,0.0,-0.026598205280837738
2024-09-04,28.19634838144198,28.36529969231269,28.00862231564549,28.149415969848633,326369,0.0,0.0,-0.001998692279468311
2024-09-05,28.14941627855786,28.346528828834717,28.046166762208628,28.10248565673828,321884,0.0,0.0,-0.0016685773330937668
2024-09-08,27.642555591193176,27.642555591193176,27.22017288208008,27.22017288208008,439385,0.0,0.0,-0.031899681470821284
2024-09-09,27.454831998601016,27.74580578516868,27.332811310778585,27.539308547973633,493988,0.0,0.0,0.011656037302906187
2024-09-10,27.614400138113748,28.08371353149414,27.295266887392,28.08371353149414,367854,0.0,0.0,0.019575432891343666
2024-09-11,28.29959683696454,29.25230422858783,28.26205269700905,29.24761009216309,485573,0.0,0.0,0.040608045402731476
2024-09-12,29.285155981009076,29.951580129301195,29.12558935827472,29.867103576660156,399851,0.0,0.0,0.02095979579970128
2024-09-15,29.942192948786875,30.402119841173384,29.369631849030192,30.045440673828125,1141435,0.0,0.0,0.005953264916649115
2024-09-16,30.15807998770244,31.10609147714091,30.1111493639717,30.139307022094727,564765,0.0,0.0,0.003119276161126243
2024-09-17,30.02667118705048,30.148691883607512,29.388404675118785,29.970354080200195,637826,0.0,0.0,-0.005621505219761076
2024-09-18,30.355188107859338,30.467822311103543,29.24760829765714,29.576128005981445,670201,0.0,0.0,-0.013241146086025923
2024-09-19,29.876489259171056,31.040386209594704,29.876489259171056,30.74941062927246,1921217,0.0,0.0,0.03890327788053858
2024-09-22,30.47721138514887,30.50536904155648,29.853023743883192,30.34580421447754,334538,0.0,0.0,-0.01321256623251138
2024-09-23,30.42089149434739,31.28442992849552,30.2988690196204,31.19056510925293,327040,0.0,0.0,0.02745738743016493
2024-09-24,31.51909290066431,32.21367479889622,31.321978531175972,31.716203689575195,420543,0.0,0.0,0.016712058947866152
2024-09-25,31.63172042945815,32.157349088615234,31.453379065321258,31.941465377807617,340320,0.0,0.0,0.0070773131275748274
2024-09-26,32.00716843319215,32.664207826896806,31.932080160510367,32.241825103759766,412519,0.0,0.0,0.00935950514003733
2024-09-29,32.44832988016839,33.4902062553443,32.44832988016839,33.274322509765625,687274,0.0,0.0,0.03152147778202528
2024-09-30,33.18045609052999,33.18045609052999,31.997787892895403,32.401397705078125,326264,0.0,0.0,-0.026584442822835782
2024-10-01,32.22305787048123,32.692371242922306,31.950855255126953,31.950855255126953,262328,0.0,0.0,-0.014002611899595976
2024-10-02,32.05410679014547,32.42017067082815,31.885153678972372,32.401397705078125,281331,0.0,0.0,0.014002611899595936
2024-10-03,32.147969747190594,33.105369567871094,32.11981208735735,33.105369567871094,461994,0.0,0.0,0.021493930907204976
2024-10-06,33.133521129694735,33.70608397810949,32.47648173675031,33.56528854370117,423804,0.0,0.0,0.013796962098025662
2024-10-07,33.480815176598796,33.978289799630446,33.46204579210127,33.9125862121582,287059,0.0,0.0,0.01029376625726841
2024-10-08,34.015834281327905,34.12846848640174,33.527747951905525,33.69670104980469,366914,0.0,0.0,-0.00638627930652109
2024-10-09,34.053375405546404,34.98261741059821,34.01583305892215,34.466373443603516,387252,0.0,0.0,0.02258422506164021
2024-10-10,33.79056281413488,34.45698694363076,33.18045399776003,34.01583480834961,589942,0.0,0.0,-0.013158020075953868
2024-10-13,34.297423894574,34.710418394715234,33.76240690871354,33.89381408691406,1085249,0.0,0.0,-0.003593623431617404
2024-10-14,34.072150249186755,34.58839424466686,33.92197011267296,34.5039176940918,256626,0.0,0.0,0.017840351517276885
2024-10-15,34.400671839041664,34.90752756308775,34.353737637053804,34.41944122314453,677018,0.0,0.0,-0.002451317363972058
2024-10-16,34.91691762503202,35.1234130859375,34.31619704680321,35.1234130859375,440582,0.0,0.0,0.020246391008468725
2024-10-17,35.10464175539936,35.10933231111705,34.090923150384974,34.2598762512207,450220,0.0,0.0,-0.02489306674424529
2024-10-20,34.616552264403154,34.616552264403154,34.1003083169064,34.41005325317383,305068,0.0,0.0,0.004373886574666497
2024-10-21,34.09092254827907,34.119080204395416,33.76240462499896,34.02521896362305,600440,0.0,0.0,-0.011246783524194363
2024-10-22,33.93135880148139,34.306807357082675,33.621610252047816,33.75301742553711,536703,0.0,0.0,-0.008032165368258307
2024-10-23,33.62161035346608,33.69670221315901,33.18045462921248,33.340023040771484,427276,0.0,0.0,-0.01231125011589491
2024-10-24,33.32125233747633,33.59345497647311,33.00681320996825,33.53713607788086,308714,0.0,0.0,0.005894796085556702
2024-10-27,33.45265708816832,33.78117860187282,33.13352384716857,33.508975982666016,283436,0.0,0.0,-0.0008400217702500475
2024-10-28,33.762408849555364,33.959519628187124,33.508979171067125,33.602840423583984,395575,0.0,0.0,0.002797257089703827
2024-10-29,33.462046128686275,33.462046128686275,32.30753203874231,32.420169830322266,794354,0.0,0.0,-0.03582984507553135
2024-10-30,32.38262601917535,32.485875544592616,31.25627309369728,31.42522621154785,434202,0.0,0.0,-0.03116980182824793
2024-10-31,31.209338150609717,31.612947922913367,30.974681472785583,31.397064208984375,326254,0.0,0.0,-0.0008965608945931999
2024-11-03,31.72558028685022,31.84760275480767,31.3031975751333,31.641103744506836,265405,0.0,0.0,0.007742634743111713
2024-11-04,30.14869288434383,32.85193916692687,28.468551783613936,29.660608291625977,1786440,0.0,0.0,-0.06463718143676792
2024-11-05,29.069271015182736,30.730642651919492,28.63750355151652,30.392736434936523,963206,0.0,0.0,0.02438380148150756
2024-11-06,30.693096462670976,31.124863922703,27.802126048062604,28.252666473388672,1743397,0.0,0.0,-0.07301580522514725
2024-11-07,28.815840758729895,29.228835222776024,28.44977512385433,28.628114700317383,614455,0.0,0.0,0.013201424869729889
2024-11-10,28.32775620504037,28.374686827424963,27.858442820040462,28.177576065063477,562009,0.0,0.0,-0.015862779819425455
2024-11-11,28.51548055424932,28.853386765163737,28.02739599328109,28.834613800048828,375746,0.0,0.0,0.023050046906927697
2024-11-12,28.7595231813852,28.806455593277395,28.299596286572427,28.39345932006836,232498,0.0,0.0,-0.01541772052256067
2024-11-13,28.42161812176912,28.609342394209445,26.713315963745117,26.713315963745117,850136,0.0,0.0,-0.060996646693342836
2024-11-14,26.882270734658583,27.9241470460768,26.844726593950025,27.792739868164062,698968,0.0,0.0,0.0396126644500278
2024-11-17,27.68948798883157,28.956634407395093,27.360968281753856,28.628114700317383,639152,0.0,0.0,0.029614435678373716
2024-11-18,28.571798796332587,29.097429275512695,28.252665557829697,29.097429275512695,537996,0.0,0.0,0.016260562781064455
2024-11-19,28.956636845951216,29.24761064973516,28.45916400246571,28.53425407409668,361405,0.0,0.0,-0.019544566316531183
2024-11-20,28.646890330197817,28.844001098615248,28.074327410014448,28.280824661254883,231774,0.0,0.0,-0.008921261725875384
2024-11-21,28.440390609209363,28.64688964580494,28.06494025670172,28.130643844604492,304341,0.0,0.0,-0.005324490761637523
2024-11-24,28.628116827827064,28.646889793121108,28.243279990741648,28.252666473388672,269670,0.0,0.0,0.0043283311532497796
2024-11-25,28.534252964242427,29.73569585389575,28.346528687610896,29.425949096679688,561258,0.0,0.0,0.04068906582194963
2024-11-26,29.57612677992992,31.012226238924217,29.482263754258497,30.55229759216309,602044,0.0,0.0,0.03756298299047285
2024-11-27,30.486599944683736,30.87143681357532,30.092378382658005,30.5898494720459,278803,0.0,0.0,0.0012283469393056376
2024-11-28,30.56168936985685,30.655550616007027,30.29887143559771,30.599231719970703,173251,0.0,0.0,0.00030666412423779204
2024-12-01,30.786955795983904,31.040385440844183,30.46782256696468,30.683706283569336,193113,0.0,0.0,0.0027568722993251064
2024-12-02,30.833887623259432,31.47215410628803,30.786957001390817,31.115478515625,370341,0.0,0.0,0.013973623087964824
2024-12-03,31.068543560533907,31.15302011008172,30.542914879415832,30.758798599243164,238328,0.0,0.0,-0.011529310207014858
2024-12-04,30.786955337951643,31.19995338146556,30.47721038589295,31.19056510925293,227679,0.0,0.0,0.013939562105855606
2024-12-05,30.6086176288409,30.711867139977716,29.669990917526928,30.486595153808594,384022,0.0,0.0,-0.022828564889044917
2024-12-08,30.486597503410273,30.486597503410273,29.61367430816596,29.73569679260254,258970,0.0,0.0,-0.02493884755047879
2024-12-09,30.00789719302056,30.064214297940953,29.16313345806068,29.33208656311035,400807,0.0,0.0,-0.013666214922784269
2024-12-10,28.890931901835287,29.14435976277161,28.609342803711623,28.646888732910156,267382,0.0,0.0,-0.023637179822601887
2024-12-11,28.618729807769935,28.900318911027355,27.50176345778797,27.520536422729492,493239,0.0,0.0,-0.04011233657369501
2024-12-12,27.50176360399223,27.961692296062232,27.31403932444445,27.642559051513672,338319,0.0,0.0,0.004424074710036577
2024-12-15,27.6425571064886,28.252664105094514,27.595624697187617,27.84905433654785,297923,0.0,0.0,0.0074424305068634625
2024-12-16,27.849056527795884,28.431005916899107,27.773966457294357,28.130643844604492,238379,0.0,0.0,0.010060500226358323
2024-12-17,27.999235833326814,28.355913209994014,27.7317273532543,28.149415969848633,364143,0.0,0.0,0.0006670968723981856
2024-12-18,27.605010493913458,27.93353018971331,27.43605740519992,27.69887351989746,308847,0.0,0.0,-0.0161348620811814
2024-12-19,27.642559068286577,27.839669830474623,27.248335753622005,27.35158348083496,676239,0.0,0.0,-0.01261732109994985
2024-12-22,27.426673534115423,27.764579743705305,27.426673534115423,27.642559051513672,181387,0.0,0.0,0.01058215557551132
2024-12-23,27.642558742833263,27.933532536570578,27.54869570896329,27.689489364624023,118119,0.0,0.0,0.0016963161750621113
2024-12-26,28.158802500298883,28.346528566416257,27.858442226741847,27.94291877746582,268985,0.0,0.0,0.009110918415231312
2024-12-29,27.783352398494,27.933532536570578,27.445446192677466,27.689489364624023,298725,0.0,0.0,-0.009110918415231366
2024-12-30,27.73642071761081,27.8772161672717,27.5111505045573,27.6331729888916,116839,0.0,0.0,-0.0020359249822477503
2025-01-01,27.69887485575464,27.80212436834538,27.276492113600177,27.586238861083984,149212,0.0,0.0,-0.0016999144879447986
2025-01-02,27.586239090289254,27.84905521984551,27.529921987630203,27.6237850189209,160130,0.0,0.0,0.001360121260105421
2025-01-05,27.68948826064299,27.90537197673472,27.548694610595703,27.548694610595703,191792,0.0,0.0,-0.0027220257343568872
2025-01-06,27.75519421490124,27.91476084265851,27.52992399753014,27.661331176757812,304165,0.0,0.0,0.004080299577047376
2025-01-07,27.43606021724154,28.10248615877338,27.09815579546947,28.008623123168945,417026,0.0,0.0,0.012476979949315613
2025-01-08,27.924144091125672,27.924144091125672,27.332810062805176,27.567466735839844,238109,0.0,0.0,-0.015876095441280526
2025-01-09,27.727034736490612,27.85844190709193,27.06999530290718,27.248334884643555,298279,0.0,0.0,-0.011643921914345257
2025-01-12,27.088768925898425,27.276493204137022,26.89165637491615,26.985519409179688,326338,0.0,0.0,-0.009692010135799727
2025-01-13,27.31403917923816,27.614399457148632,26.788408692894844,27.520536422729492,306631,0.0,0.0,0.01963210102440803
2025-01-14,27.492379856445893,27.952306774031296,27.314040263002234,27.661331176757812,280572,0.0,0.0,0.0051029465177019505
2025-01-15,28.06493985864697,28.116564617063652,26.84472578273172,27.10754013061523,565809,0.0,0.0,-0.020223528709969456
2025-01-16,27.069994506151637,27.417285386887084,26.957358513031153,27.38912773132324,386718,0.0,0.0,0.010334213734024492
2025-01-19,27.454834006299496,27.989850997924805,27.0606106771616,27.989850997924805,399893,0.0,0.0,0.021695843587364084
2025-01-20,28.055553084743057,28.825226736044012,27.989849498454703,28.271438598632812,349691,0.0,0.0,0.010010078120101427
2025-01-21,28.496708041470583,28.496708041470583,27.86782806195564,27.914758682250977,299610,0.0,0.0,-0.012696524238414022
2025-01-22,27.87721420193197,28.224505084547317,27.83966827392578,27.83966827392578,295382,0.0,0.0,-0.002693614043817678
2025-01-23,28.233893953647133,28.703207351673377,28.05555436111637,28.36530113220215,281622,0.0,0.0,0.01870468710507647
2025-01-27,28.609344455873728,29.00356778378212,28.30898416609372,28.900320053100582,245317,0.0,0.0,0.018686062506577342
2025-01-28,28.94724927994061,29.163133004014735,28.45916293746032,28.515480041503903,528703,0.0,0.0,-0.01340557039084325
2025-01-29,28.384073649869983,28.642195656653342,28.08371336631927,28.252666473388672,536918,0.0,0.0,-0.009259257591292914
2025-01-30,28.646888284542875,28.646888284542875,27.980462374007043,28.24327850341797,324988,0.0,0.0,-0.00033234137639318083
2025-02-02,27.783350944630904,28.02739410380703,27.314037590127977,27.473604202270508,439152,0.0,0.0,-0.02762980366622095
2025-02-03,27.69887589733221,27.867829000547243,27.48299217224121,27.48299217224121,227756,0.0,0.0,0.0003416503452303949
2025-02-04,27.75519298179099,27.96169201458989,27.342196706481666,27.81151008605957,229245,0.0,0.0,0.01188262000239794
2025-02-05,27.961694472831027,28.16819173349558,27.68949182940679,27.80212783813477,322838,0.0,0.0,-0.0003374081741100504
2025-02-06,31.913311138087792,34.42883124365382,31.913311138087792,33.72486114501953,2914216,0.0,0.0,0.19312272610628672
2025-02-09,33.7436310564796,33.94074180691799,32.288760367099414,33.79056167602539,1102259,0.0,0.0,0.0019462383259782501
2025-02-10,33.78117864957332,33.799948033855465,32.48587271891273,32.598506927490234,451877,0.0,0.0,-0.03591503558626524
2025-02-11,32.62666727975474,32.64544024616464,31.153023432061747,31.303203582763672,478779,0.0,0.0,-0.040546044357951075
2025-02-12,31.69742944219071,31.974322646779633,30.876130940977912,31.124866485595703,662540,0.0,0.0,-0.005713378039375024
2025-02-13,31.44399774881234,31.903926455517546,31.143637459747463,31.209341049194336,529185,0.0,0.0,0.0027103774525414426
2025-02-16,31.603560353508307,31.688036902626735,30.70247954996294,30.927751541137695,528383,0.0,0.0,-0.009063553635460173
2025-02-17,30.6367756635382,30.74940986772828,29.93280562134081,30.683706283569336,475789,0.0,0.0,-0.007922115221367734
2025-02-18,30.77757239368545,30.80573005076848,29.54797004612347,29.58551597595215,701858,0.0,0.0,-0.03644685731732018
2025-02-19,29.44472288918742,30.13930649185617,29.388403993355094,30.111148834228516,548859,0.0,0.0,0.017610579905304315
2025-02-20,29.57613019479997,30.186237246674903,29.53858426408101,29.85771751403809,313174,0.0,0.0,-0.008452146734016402
2025-02-23,29.857716691466173,30.48659669137512,29.57612937998571,30.289485931396484,396616,0.0,0.0,0.014357303727502555
2025-02-24,29.38840299638341,29.923419956621014,26.28154895990408,27.116926193237305,1346857,0.0,0.0,-0.1106425376421432
2025-02-25,26.516204799317222,27.23894780227756,26.02811847599686,26.103208541870117,728796,0.0,0.0,-0.03809987627954473
2025-02-26,26.187685165275425,26.8728822421307,26.15952750942201,26.30970764160156,449150,0.0,0.0,0.007879743514915126
2025-02-27,26.459888072739844,26.75086185833927,26.159527804987093,26.59129524230957,828972,0.0,0.0,0.010645932774440715
2025-03-02,26.691819847945546,26.730116019507538,25.92591467732549,26.404605865478516,461737,0.555,0.0,-0.007045456164557158
2025-03-03,26.222702193954344,26.222702193954344,25.72486475574049,26.050373077392575,391509,0.0,0.0,-0.013506369850761396
2025-03-04,26.050374357754674,26.43332878051924,25.609979328062252,25.71529197692871,494923,0.0,0.0,-0.01294625618042949
2025-03-05,25.763161460435015,25.925916549200593,25.48552150081262,25.85890007019043,332983,0.0,0.0,0.005569004911729194
2025-03-06,25.5812583452354,25.916342567143783,25.188731687762235,25.61955451965332,392982,0.0,0.0,-0.009298930091347486
2025-03-09,25.87804821878797,26.12696787431814,25.456799430501366,25.61955451965332,410150,0.0,0.0,0.0
2025-03-10,25.475949001518984,25.638704100150367,24.662173508362077,25.571685791015625,493799,0.0,0.0,-0.001870192724357178
2025-03-11,25.131287640973213,25.265320590718567,24.53770975798581,24.96853256225586,547532,0.0,0.0,-0.02386938106801436
2025-03-12,25.255747314319127,25.542963134571057,24.872794713378596,25.064271926879883,517433,0.0,0.0,0.003827068358652069
2025-03-13,25.01640134066386,25.035549426943337,24.61430065910492,24.777055740356445,690707,0.0,0.0,-0.01152534971644697
2025-03-16,24.987680721178723,25.945063110296207,24.97810667816011,25.667421340942383,575073,0.0,0.0,0.035304482471601534
2025-03-17,25.75358644882557,26.184409263500086,25.542962976130266,25.78230857849121,461112,0.0,0.0,0.004466007059043081
2025-03-18,25.542962440763503,25.715291563021385,25.16000985022487,25.27489471435547,298746,0.0,0.0,-0.019876943412496455
2025-03-19,25.179155644075003,25.638700570276,25.14086129876106,25.552536010742188,420344,0.0,0.0,0.010924969210878174
2025-03-20,25.581257713223852,25.820603319236263,25.24617532565613,25.590831756591797,531722,0.0,0.0,0.001497584327304035
2025-03-23,25.51424132550613,25.74401288895926,25.341912196400767,25.504667282104492,164260,0.0,0.0,-0.003372686744830066
2025-03-24,25.724865172511727,25.868472163285812,25.38978097666422,25.705717086791992,240742,0.0,0.0,0.007851955813700382
2025-03-25,25.734439329689764,26.08867163796617,25.45679937006737,25.85890007019043,329612,0.0,0.0,0.005941416516313457
2025-03-26,25.71529045765015,26.328014576174024,25.71529045765015,25.916339874267575,236914,0.0,0.0,0.0022188145416266306
2025-03-27,25.945065337521346,26.165262867666097,25.4950944073292,25.648277282714844,218359,0.0,0.0,-0.010397246064694131
2025-03-30,25.418502822897835,25.619554083041365,24.461120391510917,24.480268478393555,439297,0.0,0.0,-0.046608982055397395
2025-03-31,24.66217195744626,24.796204915162473,23.829248428344727,23.829248428344727,409414,0.0,0.0,-0.0269536731114139
2025-04-01,24.145182253611697,24.662169600063397,24.145182253611697,24.413249969482425,679903,0.0,0.0,0.024212264719841642
2025-04-02,24.01114910000382,24.528136441961895,23.85796807114111,24.432397842407227,359181,0.0,0.0,0.0007840155577159823
2025-04-03,24.04944610595703,24.250495528552495,23.87711698598265,24.04944610595703,280792,0.0,0.0,-0.015798066655551345
2025-04-06,23.55160877777833,23.628199301199476,22.86229224092591,23.1782283782959,929108,0.0,0.0,-0.036898559249909896
2025-04-07,23.22609707311415,24.86322008862077,23.22609707311415,24.79620361328125,424005,0.0,0.0,0.06747715524404699
2025-04-08,24.298366344002535,25.064273417495453,24.17390742606834,25.016403198242188,476717,0.0,0.0,0.008841176296713374
2025-04-09,26.375884292590584,26.51949311291214,25.437649982295373,26.12696647644043,664253,0.0,0.0,0.04343624163759719
2025-04-10,25.830177635099393,26.289720765236268,25.696144678658325,25.96421241760254,305869,0.0,0.0,-0.006248834904253611
2025-04-13,25.839751136785505,26.088670783572727,25.504666926646475,25.84932518005371,193778,0.0,0.0,-0.00443464898007909
2025-04-14,25.686569601517135,25.906767114255494,25.456798045695106,25.495092391967773,214308,0.0,0.0,-0.013798516967782958
2025-04-15,25.255748197852903,25.50466785368784,25.054698760098987,25.227027893066406,228017,0.0,0.0,-0.010570023224235232
2025-04-16,25.083418740841232,25.25574603297496,24.518562998338503,24.61429977416992,261982,0.0,0.0,-0.02458838951460986
2025-04-21,24.45154729968914,24.595154294049053,23.685640286332927,23.924985885620117,449910,0.0,0.0,-0.028404218290592528
2025-04-22,24.327086565465077,24.537710035455483,23.790952934359133,23.924985885620117,451534,0.0,0.0,0.0
2025-04-23,23.972857047299247,24.518564743042653,23.886692482070067,24.39410400390625,278918,0.0,0.0,0.019418116519423458
2025-04-27,24.43239877233159,24.92066400518862,24.17390509151399,24.748334884643555,204882,0.0,0.0,0.014416745447800527
2025-04-28,25.025976330826737,25.025976330826737,24.5089907641514,24.70046615600586,340191,0.0,0.0,-0.0019360931947031272
2025-04-29,24.757910411426575,24.757910411426575,24.15475845336914,24.15475845336914,307203,0.0,0.0,-0.02234071807278084
2025-04-30,24.135608210966826,24.51856261251412,23.94413283625509,24.413249969482425,305240,0.0,0.0,0.010644618351200716
2025-05-01,24.298364213087716,24.52813759322846,24.097314788042052,24.336660385131836,344784,0.0,0.0,-0.0031421451571098783
2025-05-04,24.336662141830455,24.52813936374852,24.020726003909132,24.116464614868164,183095,0.0,0.0,-0.009089085013727188
2025-05-05,24.17390625836808,24.17390625836808,23.743083436209965,23.867544174194336,210079,0.0,0.0,-0.010375234578435144
2025-05-06,23.95370838268973,24.279218548802984,23.589902043592783,24.212202072143555,382641,0.0,0.0,0.014337172246923036
2025-05-07,24.03029729249458,24.279216922024137,23.589900463000163,23.7143611907959,321405,0.0,0.0,-0.02077590190413221
2025-05-08,23.73351066354544,24.15954554100968,23.65691831823212,24.145183563232425,365638,0.0,0.0,0.018004099792064937
2025-05-11,24.24092265884647,24.671745479632957,24.106889703962697,24.49941635131836,178505,0.0,0.0,0.01456437303911916
2025-05-12,24.777056473367836,25.590831903700415,24.666957713096675,25.265321731567383,327054,0.0,0.0,0.03078347807037145
2025-05-13,24.978106394682197,24.978106394682197,24.441972774158373,24.59515380859375,834751,0.0,0.0,-0.02688334906144952
2025-05-14,24.652595343139637,24.786628286879033,24.336659242852555,24.432397842407227,306518,0.0,0.0,-0.006639391875908735
2025-05-15,24.66217123896402,24.81535227933767,24.01115090434499,24.12603759765625,334038,0.0,0.0,-0.012618376475313968
2025-05-18,24.145182758084857,24.22177327478216,23.312261117259393,23.50373649597168,1817404,0.0,0.0,-0.026132247189891447
2025-05-19,23.618623510162447,24.537709723220395,23.39842599987506,24.42282485961914,440105,0.0,0.0,0.03835873176988081
2025-05-20,24.41325141279929,24.585580538471326,23.27396583557129,23.27396583557129,585911,0.0,0.0,-0.048182750347154524
2025-05-21,22.977177638871893,23.273965672076624,22.642093433092608,23.053768157958984,550097,0.0,0.0,-0.009506156111913132
2025-05-22,22.986753155886753,23.417574168601895,22.900588588131296,23.092065811157227,213001,0.0,0.0,0.0016598534990932704
2025-05-25,22.89101406787859,23.015474808073332,22.61337410893864,22.73783302307129,573955,0.0,0.0,-0.015458896988240064
2025-05-26,22.72825883001057,23.139933569995556,22.565503742715624,23.063343048095703,329834,0.0,0.0,0.014214285902381076
2025-05-27,23.2931142725037,23.494165530833804,22.95803005932823,23.015474319458008,305794,0.0,0.0,-0.0020776898623860946
2025-05-28,23.09206433053354,23.29789986690471,22.977177638871893,23.053768157958984,212686,0.0,0.0,0.0016624474491516619
2025-05-29,22.77612805727685,22.881438879021875,22.23999260122471,22.44104385375977,952566,0.0,0.0,-0.02693763653056057
2025-06-01,22.441043348376,22.59422438206633,21.28260972677322,21.3017578125,667319,0.0,0.0,-0.052102001401101404
2025-06-02,21.301758766506435,21.36877524348956,20.526279520461323,20.8326416015625,996956,0.0,0.0,-0.022268531320703316
2025-06-03,20.727327812870097,21.426216500250348,20.66988538233442,20.92837905883789,480424,0.0,0.0,0.004585023233672035
2025-06-04,20.918806686781533,21.033691557028337,20.62201864157153,20.708181381225582,544967,0.0,0.0,-0.010577229637457533
2025-06-05,20.75605067268151,20.928379796423943,20.277359473868973,20.392244338989254,515076,0.0,0.0,-0.015374208891898195
2025-06-09,19.626338452835732,20.143325805664062,19.43486124970036,20.143325805664062,1150684,0.0,0.0,-0.012281641102281441
2025-06-10,20.095456510523977,20.4879831514403,19.9422754714377,20.45926284790039,453523,0.0,0.0,0.015562722935002762
2025-06-11,20.487982925211845,20.487982925211845,19.454010009765625,19.454010009765625,1154081,0.0,0.0,-0.05038251195284235
2025-06-12,19.501879162847185,19.59761593645706,19.17636901960027,19.46358299255371,766746,0.0,0.0,0.0004919617192457685
2025-06-15,19.367846200640944,20.033226700069264,19.367846200640944,19.54974937438965,819340,0.0,0.0,0.0044172859234356794
2025-06-16,19.693355697725185,20.07630829293855,19.25296066974532,19.36784553527832,792554,0.0,0.0,-0.009348222275045871
2025-06-17,19.118926664879233,19.310403883258616,18.90830318551158,19.07105827331543,917634,0.0,0.0,-0.01544233213381468
2025-06-18,18.927448695742463,19.04233355027978,18.71682341898766,18.88915252685547,606816,0.0,0.0,-0.009584095295273026
2025-06-19,18.764694463690187,18.82213689351064,18.4296102752907,18.506200790405273,855480,0.0,0.0,-0.02048196313627977
2025-06-22,18.41046354691048,18.46790780702669,18.13282359393035,18.39131546020508,558445,0.0,0.0,-0.006227286448338805
2025-06-23,18.66895835424511,18.91787801809584,18.530137456432985,18.77427101135254,557674,0.0,0.0,0.020608801935886677
2025-06-24,18.802990254845867,19.224239033416243,18.55885853977996,18.783843994140625,685770,0.0,0.0,0.0005097690868666457
2025-06-25,18.764695755694127,19.004041360164557,17.979642465201042,18.477479934692383,5637936,0.0,0.0,-0.0164444486145234
2025-06-26,18.573218162186578,18.69767889656284,18.18069152496053,18.276430130004883,1435888,0.0,0.0,-0.010940431082551763
2025-06-29,18.353020474842733,18.6498085042109,18.276429956745723,18.448759078979492,980169,0.0,0.0,0.009384850970865477
2025-06-30,18.582792343090315,19.3104031903359,18.381742914462176,19.281681060791016,955115,0.0,0.0,0.044158367698465685
2025-07-01,18.266857106573536,18.314725498736784,14.16926046868153,16.237205505371094,11401858,0.0,0.0,-0.17185023219659798
2025-07-02,16.63930668699783,17.06055548919309,15.997860352815431,16.59143829345703,4616203,0.0,0.0,0.02158155172080275
2025-07-03,16.65845286103991,17.137144045702332,16.332942709384504,16.983963012695312,1469517,0.0,0.0,0.02338274976976076
2025-07-06,16.98396171857786,17.252029418945312,16.821206655151514,17.252029418945312,1239746,0.0,0.0,0.01566023740742865
2025-07-07,17.68285399521449,17.82646283007017,17.41478806574989,17.663707733154297,1303996,0.0,0.0,0.023582340021406557
2025-07-08,17.663704862271903,18.180690375115244,17.577540305787696,17.97964096069336,1078867,0.0,0.0,0.017727935974430627
2025-07-09,18.00836335812572,18.00836335812572,17.15629356267896,17.261606216430664,1285341,0.0,0.0,-0.040755318654784295
2025-07-10,17.232883401113014,17.47222900390625,16.97438971184143,17.47222900390625,1108476,0.0,0.0,0.012127965011562773
2025-07-13,17.520096672487156,17.567966886711524,17.2807510795512,17.52967071533203,560485,0.0,0.0,0.0032822083060808868
2025-07-14,17.567968841746982,17.567968841746982,17.13714599609375,17.13714599609375,788802,0.0,0.0,-0.022646526699231874
2025-07-15,16.993536387031217,17.33819461076996,16.81163323271778,17.1945858001709,829101,0.0,0.0,0.0033461672142460204
2025-07-16,17.309474255398797,17.520097732543945,17.09885077825365,17.520097732543945,708077,0.0,0.0,0.018754108627987525
2025-07-17,17.56796931144776,17.692428233485053,17.29511544392636,17.491378784179688,733709,0.0,0.0,-0.0016405451961840679
2025-07-20,17.443508243560782,17.462656331542316,17.22331070995967,17.357343673706055,404994,0.0,0.0,-0.007692435301152042
2025-07-21,17.309475407138972,17.735510324519947,17.23288488071163,17.663707733154297,763580,0.0,0.0,0.01749644071704465
2025-07-22,17.778590096086408,17.941345169990683,17.567966634706377,17.788164138793945,551227,0.0,0.0,0.007021176053278785
2025-07-23,18.09452875953477,18.161545241900924,17.615837512848337,17.663707733154297,618134,0.0,0.0,-0.007021176053278704
2025-07-24,17.587114714169115,17.79773817547786,17.29989891122599,17.39563751220703,527094,0.0,0.0,-0.015292666957646243
2025-07-27,17.424359689777788,17.98921542850111,17.299898960330584,17.94134521484375,568760,0.0,0.0,0.030888380828187196
2025-07-28,17.903051082034253,17.931771384506913,17.395637767627722,17.52967071533203,760834,0.0,0.0,-0.023212923233250925
2025-07-29,17.510526293523977,17.807314348616647,17.462656074275387,17.769018173217773,436951,0.0,0.0,0.013561474019662187
2025-07-30,17.61583770621698,17.61583770621698,17.299901552978397,17.491378784179688,637182,0.0,0.0,-0.015748270072844874
2025-07-31,17.35734336515399,17.491378152579887,17.175442010749506,17.462656021118164,457043,0.0,0.0,-0.0016434594567655823
2025-08-03,17.37649145279514,17.587116764723486,17.32862305975441,17.462656021118164,542414,0.0,0.0,0.0
2025-08-04,17.625409817463034,18.008362411806264,17.520097169245393,17.88390350341797,699026,0.0,0.0,0.023836403482420433
2025-08-05,17.903052680706562,18.19984073115181,17.74987163363404,18.027511596679688,820635,0.0,0.0,0.007997950422061967
2025-08-06,18.266856352857733,18.60672667095476,17.95092022985477,18.01793670654297,811922,0.0,0.0,-0.0005312676530682818
2025-08-07,18.18069221207483,18.25728273379255,17.922198516504263,18.065807342529297,545080,0.0,0.0,0.002653309146940386
2025-08-10,18.02751049803893,18.35302065974618,17.826461070781985,17.88390350341797,654802,0.0,0.0,-0.010119991915934014
2025-08-11,17.855181411995105,18.113675098499105,17.72114846020578,18.037084579467773,526685,0.0,0.0,0.008528830233728977
2025-08-12,18.094525363192837,18.26685447182373,17.903049996095497,18.17111587524414,623175,0.0,0.0,0.007403400681854368
2025-08-13,18.171117099899018,18.56843166335997,18.05623223711024,18.467906951904297,499217,0.0,0.0,0.01620117271099565
2025-08-14,18.381741842224944,18.56364317387922,18.171116556639276,18.35301971435547,550620,0.0,0.0,-0.006240343238345651
2025-08-17,18.381742828139775,18.5157757799291,18.037084579467773,18.037084579467773,424777,0.0,0.0,-0.017364230154504515
2025-08-18,18.104100461582064,18.23813340897536,17.893476997669456,18.161542892456055,414959,0.0,0.0,0.006876437705056066
2025-08-19,18.43918682238803,18.601941917369995,18.357808361865967,18.381744384765625,450624,0.0,0.0,0.012051688501000336
2025-08-20,18.41046310858702,18.84128591889112,18.362594719025235,18.8221378326416,454777,0.0,0.0,0.023675702260366516
2025-08-21,18.860434144804007,18.97531901102783,18.343446768610743,18.496627807617188,736312,0.0,0.0,-0.017445286564060927
2025-08-24,18.66895744703373,18.84128657717628,18.45833396911621,18.45833396911621,692956,0.0,0.0,-0.0020724606583890737
2025-08-25,18.52534951049167,18.601940028230707,18.14239692179648,18.534923553466797,879055,0.0,0.0,0.00414073801074199
2025-08-26,16.754192756395334,16.754192756395334,14.427753127194505,14.456475257873535,5809163,0.0,0.0,-0.24851428323539848
2025-08-27,14.456474221353746,14.724541030587162,14.226701757551265,14.303292274475098,3052213,0.0,0.0,-0.010652689165243371
2025-08-28,14.217128918866637,14.595294489793776,14.207554875797342,14.437326431274414,1941747,0.0,0.0,0.009327226382006809
2025-08-31,14.370310444230435,14.446900965325746,14.006505012512209,14.006505012512209,1416113,0.0,0.0,-0.030295100680866233
2025-09-01,14.11824595848414,14.302862222858996,13.94820495497538,14.108530044555664,908099,0.215,0.0,0.0072577167112678085
2025-09-02,13.991928923980096,14.059945877061375,13.719863891601562,13.719863891601562,1050464,0.0,0.0,-0.027934880352589755
2025-09-03,13.846180937195482,14.497194430830625,13.846180937195482,13.914196968078612,1555473,0.0,0.0,0.014064981697343373
2025-09-04,14.118245855308096,14.332011713204022,13.987072215067538,14.234845161437988,1202730,0.0,0.0,0.022783159848367023
2025-09-07,14.28342824209296,14.458327662221702,14.186262618303914,14.351445198059082,636760,0.0,0.0,0.008157804443751828
2025-09-08,14.351445222792844,14.429178092617608,13.99192954154218,14.157112121582031,666627,0.0,0.0,-0.013633526551031734
2025-09-09,14.205694884167672,14.302861431266107,14.069661903559634,14.186262130737305,543124,0.0,0.0,0.0020569194883699837
2025-09-10,14.176546313828304,14.263996027198424,13.729581832885742,13.729581832885742,832388,0.0,0.0,-0.032721277876116464
2025-09-11,13.846180746385764,13.97249689246294,13.734439861003652,13.768447875976562,480038,0.0,0.0,0.0028268257314199826
2025-09-14,13.671280745737752,14.040512327871,13.564398285113208,13.991929054260254,633081,0.0,0.0,0.01610107865977572
2025-09-15,13.99192934896681,14.05022946385743,13.758730742702104,14.01136302947998,658293,0.0,0.0,0.0013879781192544752
2025-09-16,14.079378934287432,14.23484467043143,13.904480444449874,14.069662094116213,787507,0.0,0.0,0.004152209411161308
2025-09-17,13.93363047544838,14.166829086980416,13.914196794496256,14.0988130569458,446845,0.0,0.0,0.0020697586986807128
2025-09-18,14.011362978856376,14.089095847330428,13.612981796264648,13.612981796264648,1837490,0.0,0.0,-0.03506673218457765
2025-09-21,13.671280830555682,13.710147264355635,13.34091567993164,13.34091567993164,933708,0.0,0.0,-0.020188201491943995
2025-09-22,13.117433334698726,13.350631927142096,13.068850062944149,13.23403263092041,1079815,0.0,0.0,-0.008043938530544428
2025-09-23,13.107717716741336,13.117434557327693,12.825935826279515,12.923102378845217,1182890,0.0,0.0,-0.023775149543861087
2025-09-24,12.92310215670676,13.185450361486303,12.88423572167835,13.039701461791992,1248585,0.0,0.0,0.008982070470701736
2025-09-25,12.923101529918767,13.136867375531544,12.913384689970718,13.127150535583496,1156632,0.0,0.0,0.006683983183781306
2025-09-28,13.311766483789532,13.389499353710873,12.961968569143504,12.971685409545898,1117391,0.0,0.0,-0.011913708734559648
2025-09-29,13.185450236072594,13.457516205332611,13.098000526428224,13.098000526428224,912487,0.0,0.0,0.009690650336058124
2025-09-30,12.93281850813294,13.06885056226452,12.874518394470217,12.874518394470217,1084604,0.0,0.0,-0.017209547391929807
2025-10-01,12.874519123809396,13.059134462010194,12.738486135322704,12.991118431091309,933439,0.0,0.0,0.009015886771911143
2025-10-02,13.020267949494691,13.263183403228917,12.991118354508284,13.11743450164795,682643,0.0,0.0,0.009676296995032689
2025-10-05,13.14658402525578,13.209742561807156,12.923102253825158,12.981401443481444,413548,0.0,0.0,-0.010424548463134679
2025-10-06,12.991117599364784,13.098000059201404,12.787068593022978,12.932818412780762,639565,0.0,0.0,-0.003749531175481856
2025-10-07,12.93281897458523,13.039701439064844,12.874518858819773,12.971685409545898,728646,0.0,0.0,0.003000792927544274
2025-10-08,13.107717362621909,14.06966231510886,13.098000522298063,13.953063011169434,1647767,0.0,0.0,0.07293011820710772
2025-10-09,13.904480662723554,14.34172828415472,13.894763822399796,14.215412139892578,1347816,0.0,0.0,0.01862768313361978
2025-10-12,14.040512866035156,14.283428316750811,13.96277999593806,14.22512912750244,1440496,0.0,0.0,0.0006833194837324244
2025-10-13,14.322294479076607,14.448610622241326,14.079379032986504,14.273711204528809,1024509,0.0,0.0,0.003409410594993208
2025-10-14,14.409744547700424,15.109341309368409,14.409744547700424,14.75954246520996,1400327,0.0,0.0,0.03347035232910838
2025-10-15,14.885858192796864,14.92472462698241,14.613793153498053,14.730392456054688,822067,0.0,0.0,-0.0019769469635697763
2025-10-16,14.672093658678229,14.730392848184051,14.506911077330212,14.691526412963867,825760,0.0,0.0,-0.0026419803460895697
2025-10-19,14.691526094510133,14.827559078156582,14.57492679137698,14.604076385498049,701453,0.0,0.0,-0.005970198860062309
2025-10-20,14.613792835246734,14.749825815258127,14.555492721913602,14.642942428588867,563845,0.0,0.0,0.0026577796674831784
2025-10-21,14.808125448886758,14.94415843300395,14.555493161232922,14.672093391418455,840903,0.0,0.0,0.001988806878292925
2025-10-22,14.681809401346612,14.94415853101127,14.681809401346612,14.876142501831056,665733,0.0,0.0,0.013811474552068534
2025-10-23,14.91500866532903,15.245372891516451,14.89557498497448,14.924724578857422,921899,0.0,0.0,0.0032604501025159335
2025-10-26,15.09962335725048,15.225939494269522,14.953874467347118,15.012173652648926,674270,0.0,0.0,0.0058422433645609236
2025-10-27,14.81784275752864,18.46157458315044,14.633227419422663,16.09071922302246,3886584,0.0,0.0,0.06938121121161175
2025-10-28,16.178168135504162,17.09153072024098,16.178168135504162,16.625133514404297,2343343,0.0,0.0,0.03267295744460943
2025-10-29,16.547400751055218,17.46076148825076,16.518250230520046,17.42189598083496,1811664,0.0,0.0,0.04681218736365025
2025-10-30,17.295579602828198,18.063193327909836,17.281005268627204,17.800844192504883,1833105,0.0,0.0,0.021518077903722625
2025-11-02,18.034041472664363,18.30610742851773,17.363596202825587,17.839710235595703,1513056,0.0,0.0,0.0021810019019556388
2025-11-03,17.684244834495424,18.64618975782742,17.684244834495424,18.587888717651367,1073971,0.0,0.0,0.04108333979978991
2025-11-04,18.451856956531003,18.607322692871097,18.170076004401253,18.607322692871097,1738243,0.0,0.0,0.0010449719870481897
2025-11-05,18.65590706880515,19.637283843671895,18.65590706880515,19.472103118896484,1785322,0.0,0.0,0.045427635576396015
2025-11-06,19.316635244353005,19.481817820002355,18.07290936021462,18.33525848388672,1538906,0.0,0.0,-0.060156932720456614
2025-11-09,18.30610764289445,18.6073222685218,18.218657936535266,18.2478084564209,725343,0.0,0.0,-0.004780911025294381
2025-11-10,18.31582584906011,18.500442115511156,17.966026997531365,18.344974517822266,566812,0.0,0.0,0.005310680515162848
2025-11-11,18.29639124395818,18.840521321855327,18.179791014902765,18.675338745117188,1129417,0.0,0.0,0.017848201063214178
2025-11-12,19.141737015252037,20.85186004638672,18.937687086180592,20.85186004638672,2599288,0.0,0.0,0.11023928530716424
2025-11-13,20.85186078858782,21.39599271661438,20.35631491455662,21.16279411315918,1268813,0.0,0.0,0.014801490084723742
2025-11-16,21.13364378879147,22.630003824799186,20.79356179394447,22.23162078857422,1590144,0.0,0.0,0.049270990077295636
2025-11-17,22.231619933579864,22.33850331869778,20.997610924635545,21.055910110473633,1482525,0.0,0.0,-0.054334349221311085
2025-11-18,20.997612239751536,21.35712607045069,20.53121316394236,21.017044067382812,695658,0.0,0.0,-0.0018475552718338637
2025-11-19,21.085061860004537,21.395993340342297,20.676963828736778,20.74497985839844,725796,0.0,0.0,-0.01302944792169741
2025-11-20,20.40489808267141,20.40489808267141,18.762789098999697,19.44295310974121,1382548,0.0,0.0,-0.06481958643820775
2025-11-23,19.3846522650022,19.919065475463867,18.937686905252612,19.919065475463867,1101311,0.0,0.0,0.024192640741021794
2025-11-24,20.02595063523488,20.34659896061385,19.345786622226,19.647001266479492,965307,0.0,0.0,-0.01375261780787742
2025-11-25,20.04538105525665,21.33769110657512,20.04538105525665,21.19194221496582,1159364,0.0,0.0,0.07569630586218566
2025-11-26,20.890728114345777,21.177368411441964,20.550646123220133,20.570079803466797,594984,0.0,0.0,-0.029783441965985178
2025-11-27,20.69639509223912,20.91987870927679,20.404897300691204,20.77412796020508,578570,0.0,0.0,0.009870781157177684
2025-11-30,20.89072801001929,21.706924043325728,20.82271198279338,21.41542625427246,958600,0.0,0.0,0.030403150922330424
2025-12-01,21.3765600286721,21.41542739103447,20.812996247502657,20.968461990356445,673242,0.0,0.0,-0.02109201644802345
2025-12-02,21.143360649501396,21.289109546491925,20.77412813360776,21.11421012878418,390135,0.0,0.0,0.006926780731404956
2025-12-03,21.279392383812848,21.308542904088355,20.80327833909938,21.02676010131836,331432,0.0,0.0,-0.004150362581555231
2025-12-04,20.99761199951172,21.109352883628823,20.502064261276427,20.99761199951172,450848,0.0,0.0,-0.0013872000947880588
2025-12-07,20.851860100219575,21.493158555172823,20.50206313323326,21.4445743560791,474716,0.0,0.0,0.021062952657323435
2025-12-08,21.493159465440016,21.668057029691496,21.25024401957667,21.570892333984375,579755,0.0,0.0,0.005873159155344355
2025-12-09,21.59032321968417,21.619473739103835,20.706111183562165,21.376558303833008,1077987,0.0,0.0,-0.009049913492342193
2025-12-10,21.37655923597459,22.406520207511804,21.25024401957667,21.570892333984375,1077809,0.0,0.0,0.00904991349234229
2025-12-11,22.00813931472786,22.34822131407994,21.784657546378533,22.251054763793945,613357,0.0,0.0,0.031044583841834325
2025-12-14,22.21218821388627,22.24133688029651,21.64862447261652,21.784656524658203,433790,0.0,0.0,-0.021183519756086056
2025-12-15,21.823521501354566,22.4502437601333,21.755505476984347,22.338502883911133,447031,0.0,0.0,0.025105883504270992
2025-12-16,22.270487883337463,22.581419353779538,21.96927325300893,22.14417266845703,542234,0.0,0.0,-0.008737399418458816
2025-12-17,21.8138077073736,22.16360468801217,21.6583419708014,22.027572631835938,304781,0.0,0.0,-0.005279406853980069
2025-12-18,22.05672372655271,22.221906307622497,20.94902800802093,21.473726272583008,916903,0.0,0.0,-0.0254648160706921
2025-12-21,21.47372720228801,21.56117691683449,20.987896278495512,21.075345993041992,639944,0.0,0.0,-0.01872623302870094
2025-12-22,20.91987961927163,21.20166058291878,20.73526335483518,20.90044593811035,461399,0.0,0.0,-0.008333425484518221
2025-12-23,20.90044462829508,20.92959514821015,20.46319609605759,20.482629776000977,191141,0.0,0.0,-0.02019329653570404
2025-12-28,20.45348049557454,21.07534531836395,20.404898146069694,20.764413833618164,466847,0.0,0.0,0.01366344914909788
2025-12-29,20.881011644788984,21.070485397312105,20.570080168515368,20.793561935424805,239104,0.0,0.0,0.0014027683517759423
2025-12-30,20.696395486926207,21.007328818017413,20.35631534140079,20.404897689819336,251408,0.0,0.0,-0.01886846159082131
2026-01-01,20.43404829880563,21.20166015625,20.43404829880563,21.20166015625,443242,0.0,0.0,0.038304532999852176
2026-01-04,21.182226181030273,21.25024406278043,20.871294706220677,21.182226181030273,292403,0.0,0.0,-0.0009170455218300861
2026-01-05,21.143360947450834,21.201660136409036,20.487488121804315,20.608945846557617,472154,0.0,0.0,-0.027437196421159132
2026-01-06,21.085060392233142,21.75550565505378,20.910160983393787,21.62919044494629,558269,0.0,0.0,0.04831856592039123
2026-01-07,21.51259006377442,21.920688063645645,21.464007718695953,21.813806533813477,412742,0.0,0.0,0.008499284720699668
2026-01-08,21.862390247095966,22.1538880424048,21.600041119339345,21.910972595214844,331712,0.0,0.0,0.004444446525795823
2026-01-11,21.988705798725395,23.397616155181765,21.81380823085783,22.591136932373047,683334,0.0,0.0,0.030570115132164257
2026-01-12,22.785470689869896,22.979801944190115,22.037290634827485,22.2413387298584,406849,0.0,0.0,-0.015604995966462353
2026-01-13,22.2996402188106,22.76603746243723,22.03729107428391,22.600854873657227,322912,0.0,0.0,0.016035069572232115
2026-01-14,22.48425445678219,22.872920676669203,22.260772677655677,22.785470962524418,343794,0.0,0.0,0.008135362521019963
2026-01-15,22.8243342358516,23.3393156294275,22.79518371622733,23.29073143005371,529701,0.0,0.0,0.021932394377708636
2026-01-18,23.281015474007393,23.504499093015617,23.09640106927152,23.34903335571289,209091,0.0,0.0,0.002500096486116937
2026-01-19,22.979800762764103,23.446197973111893,22.843768706403775,23.281015396118164,429978,0.0,0.0,-0.0029173466319091196
2026-01-20,23.271299094196365,23.504497686192735,23.247006068392388,23.319881439208984,1210386,0.0,0.0,0.0016680388036199095
2026-01-21,23.417048843006032,23.883446044136832,23.3393159761509,23.446197509765625,366109,0.0,0.0,0.005402051254953525
2026-01-22,23.465630519552143,23.786278817833068,23.465630519552143,23.65996360778809,304655,0.0,0.0,0.009075991774312495
2026-01-26,23.66968087997872,23.766845572574223,23.067249778078935,23.42676544189453,510826,0.0,0.0,-0.009905129416171464
2026-01-27,23.34903359619434,23.50449933509827,23.14498365557181,23.368465423583984,319420,0.0,0.0,-0.0024917089795608643
2026-01-28,23.028384843031436,23.057533510214174,22.212188802555023,22.940935134887695,486368,0.0,0.0,-0.01846460677011662
2026-01-29,22.979801391964266,23.16441765443516,21.988705902865124,22.202472686767575,464805,0.0,0.0,-0.03271921028832228
2026-02-01,21.95955614549153,22.37737099879694,21.920688785510684,22.1927547454834,370779,0.0,0.0,-0.00043779216827837013
2026-02-02,22.445387964747972,22.469679139103658,21.823523152115136,22.38708877563477,425717,0.0,0.0,0.008718525943031838
2026-02-03,22.28992172536378,22.678586066237628,21.395992814705053,21.434858322143555,623965,0.0,0.0,-0.0434659083595776
2026-02-04,21.45429299088576,22.008139933808287,21.075345472738313,21.833240509033203,348658,0.0,0.0,0.01841511209170553
2026-02-05,21.454292885466874,21.74579068979446,21.09477719705153,21.493160247802734,372040,0.0,0.0,-0.01569884595840422
2026-02-08,21.52230769877644,22.00813858070502,21.49315903197128,21.80409049987793,343067,0.0,0.0,0.01436283329139605
2026-02-09,22.10530480156022,22.10530480156022,21.609757086909735,21.71664047241211,255150,0.0,0.0,-0.004018781082469112
2026-02-10,21.862389937691063,22.97980060829128,21.789514563246325,22.348220825195312,579127,0.0,0.0,0.028667904034326615
2026-02-11,22.542554812607484,22.542554812607484,21.00732922153959,21.28911018371582,495601,0.0,0.0,-0.04855102975677915
2026-02-12,21.269674644373612,21.269674644373612,20.81299429915367,20.832427978515625,369006,0.0,0.0,-0.021684872898754568
2026-02-15,20.890729454816913,20.91016313631056,20.317448823839506,20.531213760375977,366548,0.0,0.0,-0.014564459511228615
2026-02-16,20.210564444831743,20.92959579870262,20.15226525648738,20.657529830932617,387391,0.0,0.0,0.006133543077415982
2026-02-17,20.657528916733487,21.055910083835546,20.2688645894751,20.98789405822754,338226,0.0,0.0,0.015865904416101088
2026-02-18,21.007327604467168,21.357124570128803,20.774127156295823,21.24052619934082,312392,0.0,0.0,0.011965171966132348
2026-02-19,21.07534450182191,21.668056926667862,20.90044508510424,21.434858322143555,482075,0.0,0.0,0.009107520330558283
2026-02-22,21.366842781959896,21.86239052287411,21.235668216426916,21.337692260742188,369972,0.0,0.0,-0.004543391835291761
2026-02-23,21.2016590017177,21.27939186726772,20.443764025929458,21.055910110473633,736354,0.0,0.0,-0.013293812478056237
2026-02-24,19.919066260319926,20.123114342184188,17.616227052822175,18.723922729492188,2541065,0.0,0.0,-0.11737928945130263
2026-02-25,19.384653220387236,20.59437109664775,19.28748667188774,20.249431610107425,1226738,0.0,0.0,0.07832472790890593
2026-02-26,19.72473284204298,19.919065933937063,19.219470139054255,19.753883361816406,704191,0.0,0.0,-0.024776626588402205
2026-03-01,19.24861942393329,19.57898457878829,18.636473315406537,18.74335670471191,552103,0.0,0.0,-0.052510717381448455
2026-03-02,18.920549835166927,18.95992753249918,17.640804713979918,17.758935928344727,559106,0.25,0.0,-0.053950558727537276
2026-03-03,17.67033896259124,17.709714784465554,17.000933092039407,17.306102752685547,761025,0.0,0.0,-0.025829622255259848
2026-03-04,17.6211156453007,17.749091282400702,17.375010672942782,17.51283073425293,961610,0.0,0.0,0.011874597525941699
2026-03-05,17.37501177669502,18.89101940398792,17.37501177669502,18.77288818359375,526982,0.0,0.0,0.06947991399389522
2026-03-08,18.72366723825215,18.72366723825215,18.005041150768005,18.566160202026367,409243,0.0,0.0,-0.01107313136340373
2026-03-09,18.99930443480831,19.038682134384363,18.6744459238341,18.80242156982422,270578,0.0,0.0,0.012645088720818364
2026-03-10,18.72366855783339,18.81226650665847,18.37912118769495,18.576005935668945,226875,0.0,0.0,-0.012114923956776703
2026-03-11,18.57600541440272,18.63507008608465,17.640805704217286,18.054262161254883,311951,0.0,0.0,-0.02848895676793186
2026-03-12,18.04441734833954,18.75319902617708,17.881989035299114,18.310211181640625,259186,0.0,0.0,0.014077104575871394
2026-03-15,18.1625487593045,18.69413455390906,18.064106389153423,18.36927604675293,291059,0.0,0.0,0.0032205966128936374
2026-03-16,18.064106889820454,18.310211883203213,17.936131241787457,18.142860412597656,259746,0.0,0.0,-0.012402371285426787
2026-03-17,18.182235605901155,18.32990009892596,17.591585144330043,17.778623580932617,426898,0.0,0.0,-0.02028030443183488
2026-03-18,17.601427494287297,17.62111634348771,17.045231586615696,17.34547996520996,483316,0.0,0.0,-0.02466486147907715
2026-03-19,17.227349929482372,17.640806402895233,16.951711654663086,16.951711654663086,844353,0.0,0.0,-0.02296314041021243
2026-03-22,16.6366963820362,17.089530524587015,16.5382540138615,16.971399307250977,356918,0.0,0.0,0.0011607222474604693
2026-03-23,17.227349822352085,17.375012445302964,17.0304650733295,17.10921859741211,243635,0.0,0.0,0.008087883959160791
2026-03-24,17.227349434110884,17.365167628741506,16.981244442195017,16.9910888671875,185202,0.0,0.0,-0.0069283951701589585
2026-03-25,16.67607517307945,17.03046509304541,16.62685304695076,16.735139846801758,234514,0.0,0.0,-0.015178331165877823
2026-03-26,16.449655472994863,16.71544929412621,16.144485832602538,16.60716438293457,434870,0.0,0.0,-0.007676499586622345
2026-03-29,16.24292857859062,16.439813312414206,15.79993886630354,15.898381233215332,410681,0.0,0.0,-0.04361689677648358
2026-03-30,15.799939682569912,16.02635770145398,15.199443842069549,15.947604179382324,685200,0.0,0.0,0.0030913149477436023
2026-03-31,16.046044815668996,16.429969882092042,16.026357843201016,16.08542251586914,349666,0.0,0.0,0.008604818281415285
2026-04-01,16.124798071494613,16.282306992055574,15.67196579248204,15.731030464172363,325461,0.0,0.0,-0.022278203632855598
2026-04-06,15.868849459480105,16.991087533699123,15.70149706419008,16.79420280456543,681598,0.0,0.0,0.06539853129380459
2026-04-07,16.8335811555557,18.044417217171738,16.8335811555557,17.719558715820312,425528,0.0,0.0,0.05363528599479246
2026-04-08,17.562051967226566,17.778623679157032,17.355322802428905,17.621116638183594,266188,0.0,0.0,-0.005571049860220343
2026-04-09,17.286413995144525,17.739248153723082,17.286413995144525,17.522674560546875,305617,0.0,0.0,-0.005602260413488399
2026-04-12,17.23719296703225,17.621116133709684,17.22734854254924,17.473453521728516,234574,0.0,0.0,-0.0028129438295795314
2026-04-13,17.847533092369837,18.044417835905044,17.30610286409611,17.335636138916016,214634,0.0,0.0,-0.007918512335930517
2026-04-14,17.47345452679026,17.680181819928322,17.138751585643995,17.39470100402832,234531,0.0,0.0,0.0034013445831728066
2026-04-15,17.67033848701641,18.093637479524983,17.52267399547378,17.906599044799805,301868,0.0,0.0,0.029003686787945224
2026-04-16,17.670338874068612,17.906599437027072,17.394700611801053,17.650650024414062,397118,0.0,0.0,-0.014396695348483035
2026-04-19,17.896754507668835,18.04441712065108,17.74909189468659,17.877065658569336,168794,0.0,0.0,0.012746031942090081
2026-04-20,17.97550812644046,18.162548438662288,17.78846781421863,18.093637466430664,213644,0.0,0.0,0.012041712060106525
2026-04-21,17.99519737818228,18.113326720814907,17.65065001984503,18.024728775024418,207387,0.0,0.0,-0.00381571937961624
2026-04-22,17.719559202787703,18.192080330897017,17.660494531182053,17.6801815032959,165699,0.0,0.0,-0.019300312722105254
2026-04-23,18.19208004609439,18.19208004609439,17.384855995470307,17.591585159301758,298180,0.0,0.0,-0.005023651418858331
2026-04-26,17.59158473789264,17.699869651941775,17.37501115453041,17.473453521728516,119935,0.0,0.0,-0.006737884168321044
2026-04-27,16.754828348222123,16.754828348222123,15.327418639971516,15.603056907653809,1425688,0.0,0.0,-0.11321593691561557
2026-04-28,15.356951328360983,16.01651275849185,15.081313071208736,15.986979484558104,758060,0.0,0.0,0.02430775804663524
2026-04-29,15.711342606066935,16.35121614363815,15.686732482582515,16.213396072387695,686147,0.0,0.0,0.014063209854429392
2026-04-30,16.420125343441725,16.459501165737365,15.986980032397248,16.055889129638672,225454,0.0,0.0,-0.009762112337680307
2026-05-03,16.144486870118367,16.233084816189177,15.770408113755432,15.809783935546877,188946,0.0,0.0,-0.015446721428740193
2026-05-04,15.60305669938672,15.750719317461511,15.455393142495902,15.543991088867188,344308,0.0,0.0,-0.01695484602160683
2026-05-05,15.799939315345746,16.31183813572991,15.632588788945094,16.124797821044922,331173,0.0,0.0,0.03668418558289144
2026-05-06,16.24292916578433,16.83358151097562,16.20355146654329,16.341371536254883,569527,0.0,0.0,0.013341698883155121
2026-05-07,16.242928991236752,16.3216825112405,15.731030172396396,15.829472541809082,369496,0.0,0.0,-0.03182647008249449
2026-05-10,15.770407638706564,15.90822582727322,15.081312940609296,15.209287643432615,705507,0.0,0.0,-0.03996728275100747
2026-05-11,14.963183351917664,15.130534821874642,14.598948075780726,15.041936874389648,645494,0.0,0.0,-0.011064178651185107
2026-05-12,14.973027680850182,15.563680034415944,14.91396206996719,15.012404441833496,486679,0.0,0.0,-0.0019652696261509336
2026-05-13,15.17975577148458,15.652276898950298,15.160066921765496,15.435705184936523,659607,0.0,0.0,0.027806522159364983
2026-05-14,15.455392594705936,15.9082257965857,15.219132038633711,15.47508144378662,290060,0.0,0.0,0.0025477371781061006
2026-05-17,15.553835058569447,15.750718856512655,15.051780669702266,15.317574501037598,266960,0.0,0.0,-0.010230252091694697
2026-05-18,15.504613319226973,16.11495447922126,15.40617095437216,16.075576782226562,669504,0.0,0.0,0.048300320786819256
2026-05-19,16.193708695844506,16.43981367980791,15.76056339833196,15.908226013183594,441486,0.0,0.0,-0.01046481541665578
2026-05-20,16.242928782364967,17.010777000751556,16.159253989900993,16.597320556640625,438059,0.0,0.0,0.04240493532185657
2026-05-21,16.715450509691426,17.109218119096063,16.508723218866017,16.774517059326172,421579,0.0,0.0,0.0106196230498367
2026-05-24,16.735138272284384,17.01077651977539,16.676073604119146,17.01077651977539,210831,0.0,0.0,0.013986163012841389
2026-05-25,17.27656947805577,17.463609795446914,16.97139981740963,17.306102752685547,395505,0.0,0.0,0.017212143423046826
2026-05-26,17.14859463100558,17.6949479726738,17.045230992752654,17.542362213134766,410139,0.0,0.0,0.013559454084122942
2026-05-27,17.424234085743652,17.75893702317427,17.24703819208838,17.335636138916016,384871,0.0,0.0,-0.011854378396205446
2026-05-28,17.60142809287351,17.82784611111422,17.266727033244074,17.709714889526367,787556,0.0,0.0,0.021349077566965528
2026-05-31,17.67033896259124,18.05426214461806,17.25688250593464,17.306102752685547,319531,0.0,0.0,-0.02305415325488299
2026-06-01,17.030463514912995,17.153516002383846,16.00666779552413,16.29214859008789,649541,0.0,0.0,-0.060375889392124904
2026-06-02,15.888537409238232,16.42996950889951,15.55383541448388,15.701498031616213,796721,0.0,0.0,-0.0369271863482203
2026-06-03,15.406171824612638,15.9869797446687,15.258509207805446,15.78025245666504,283698,0.0,0.0,0.005003189982031908
2026-06-04,15.75071942544608,16.114955638317632,15.681810328380886,15.760563850402832,248165,0.0,0.0,-0.0012484527114204078
2026-06-08,15.52430256170987,15.64243283924405,15.155145092359565,15.36679458618164,442273,0.0,0.0,-0.025301875319352875
2026-06-09,15.366794750256371,15.839316804254304,15.366794750256371,15.69165325164795,427685,0.0,0.0,0.020919945180962334
2026-06-10,15.6719658467568,15.918070836889518,15.366795245913174,15.465237617492676,345251,0.0,0.0,-0.014534160086526427
2026-06-11,15.731030514514329,15.84916173590507,15.425860852566997,15.652276992797852,413118,0.0,0.0,0.012021630275646582
2026-06-14,15.376639284815791,15.937759286626813,15.28804134038163,15.721186637878418,581563,0.0,0.0,0.004392868871979343
2026-06-15,15.603056051909393,15.780251937298896,15.49476926025314,15.632588386535645,229416,0.0,0.0,-0.0056515355545924024
2026-06-16,15.51445889905713,16.16417592680781,15.435705376833775,16.055889129638672,336963,0.0,0.0,0.026717971773233765
2026-06-17,16.036201851856816,16.203551440465777,15.89838178236702,15.967290878295898,262405,0.0,0.0,-0.005533396582267676
2026-06-18,16.22324061800005,16.6465415045566,16.1051112733432,16.429969787597656,523862,0.0,0.0,0.028564783532944032
2026-06-21,16.410280244924916,16.81389226445797,16.21339550863133,16.597320556640625,343361,0.0,0.0,0.010134176891981801
2026-06-22,16.252773099334803,16.341371042317117,15.573522829014376,15.740874290466309,462632,0.0,0.0,-0.05298048286397089
2026-06-23,15.9082257965857,15.977134890736098,15.327417892129484,15.47508144378662,460946,0.0,0.0,-0.017029705736354525
2026-06-24,15.514458869172197,16.011590125193493,15.386484161101752,15.947604179382324,427702,0.0,0.0,0.030077528276029615
2026-06-25,15.61290005143232,15.908226223862728,15.494769770223362,15.78025245666504,327428,0.0,0.0,-0.010549295948292502
2026-06-28,15.947603440031614,16.361059881147455,15.937759015525048,16.193708419799805,342900,0.0,0.0,0.025863483844363593
2026-06-29,16.14448703002368,16.242929401925398,15.317575049076584,15.386484146118164,592571,0.0,0.0,-0.05113332644799031
2026-06-30,15.475081686914429,15.58336754211147,14.9336505332972,15.455392837524414,505348,0.0,0.0,0.004468522204731263
2026-07-01,15.681810430187022,15.750719527699577,15.288041878704908,15.603056907653809,271890,0.0,0.0,0.009508857265440958
2026-07-02,15.721186573612982,15.888537098307175,15.514458350383675,15.612899780273438,224956,0.0,0.0,0.0006306308689645816
2026-07-05,15.603056358805944,16.036201656318493,15.534146324901306,15.908226013183594,321954,0.0,0.0,0.018738853215221563
2026-07-06,15.859006372614584,16.08542251586914,15.809784247364403,16.08542251586914,199072,0.0,0.0,0.011077093278976095
2026-07-07,16.036201364305658,16.223239796816895,15.908225723501143,16.006668090820312,159940,0.0,0.0,-0.004908036943168577
2026-07-08,15.967290188329333,16.22323958902815,15.888536671009076,16.134641647338867,150894,0.0,0.0,0.00796322451234207
2026-07-09,16.1740202587084,16.1740202587084,15.77040822493249,15.839317321777344,143485,0.0,0.0,-0.01847332852499079
2026-07-12,15.721186282361556,15.780251890253965,15.524302487413506,15.711341857910156,249262,0.0,0.0,-0.008112424212220321
2026-07-13,15.64243380851475,16.557943750837463,15.632589383406236,16.48903465270996,513928,0.0,0.0,0.04831273060925103
2026-07-14,16.715449668906867,16.882801129190092,16.380746748340414,16.538253784179688,277555,0.0,0.0,0.002980515218508823
2026-07-15,16.636697477047626,17.03046509803183,16.548099527622163,16.92218017578125,324137,0.0,0.0,0.0229490891734842
2026-07-16,17.217504323039286,17.552207248918272,17.099374983100823,17.34547996520996,540932,0.0,0.0,0.02470675384036824
2026-07-19,17.325790563607256,17.345479412179923,16.51856654844733,16.8237361907959,520770,0.0,0.0,-0.030541193964871084
2026-07-20,16.715450590957218,17.030464680012436,16.57763239640358,16.804048538208008,360542,0.0,0.0,-0.0011709159551207267
2026-07-21,16.804047923542495,16.976322538065087,16.508722695263778,16.62685203552246,256403,0.0,0.0,-0.010600860824017946
2026-07-22,15.908225284140872,16.99600881277643,15.3372618226172,16.60716438293457,509793,0.0,0.0,-0.0011847893822404068
2026-07-23,16.53825439956395,16.53825439956395,16.02635745285474,16.341371536254883,238781,0.0,0.0,-0.016134168331402774
2026-07-26,16.626852652993897,17.138751486810605,16.370903236085542,16.9910888671875,237872,0.0,0.0,0.03898899908390281
2026-07-27,17.099374322485847,17.448842932947812,16.71544928843834,16.79420280456543,434743,0.0,0.0,-0.01165526663887573
2026-07-28,16.83358161817473,17.886910670363758,16.77451694656908,17.6801815032959,624558,0.0,0.0,0.05141056747868372
2026-07-29,18.81226511728408,20.18060819398524,18.689212628296367,19.28478622436523,1543812,0.0,0.0,0.08687218334532357
2026-07-30,18.11332633224395,18.84179685495801,17.995196992145463,18.280677795410156,721792,0.0,0.0,-0.05347186266350538
2026-08-02,18.310211777043904,19.47182763949679,18.231458254723304,19.422605514526367,458958,0.0,0.0,0.060592976557963016
2026-08-03,19.265098479076823,19.885284110575505,19.19618938171743,19.60964584350586,382154,0.0,0.0,0.00958395963046247
2026-08-04,19.68839916800448,20.21014242190414,18.831952978038174,18.98946189880371,659242,0.0,0.0,-0.032137391657141634
2026-08-05,18.92055122181168,19.7769974252357,18.861486549116535,19.639179229736328,311463,0.0,0.0,0.03364232291301165
2026-08-06,19.56042569026562,19.58011266272583,19.137124801441555,19.265098571777344,274490,0.0,0.0,-0.01923141661657875
2026-08-09,19.097746126690417,19.70808730498119,19.097746126690417,19.53089141845703,221784,0.0,0.0,0.013702292703278867
2026-08-10,19.442293167114254,19.50135783580905,19.10759024845718,19.442293167114254,245599,0.0,0.0,-0.004546634046420884
2026-08-11,19.206033205303655,19.34385139570684,18.89101912573523,19.05837059020996,216600,0.0,0.0,-0.01994434722149503
2026-08-12,19.18634526340739,19.235567389188105,18.792577645322257,19.13712501525879,233763,0.0,0.0,0.004123760428008608
2026-08-13,19.294631950646576,19.432450146769447,19.009149255669655,19.10759162902832,220602,0.0,0.0,-0.0015444429815321661
2026-08-16,19.166655082614664,19.166655082614664,18.772887491863457,18.94023895263672,166289,0.0,0.0,-0.00879701959785556
2026-08-17,18.70397918720521,18.70397918720521,18.45787419789988,18.615381240844727,222265,0.0,0.0,-0.017300516555647592
2026-08-18,18.50709433361457,18.802421445587427,18.457874087101786,18.585847854614254,175893,0.0,0.0,-0.0015877643375250378
2026-08-19,18.684290029853965,18.684290029853965,18.354510250876945,18.526782989501953,160058,0.0,0.0,-0.0031830087836444043
2026-08-20,18.59569119641015,18.79257592625861,18.379119495682396,18.635068893432617,732943,0.0,0.0,0.005827815618646401
2026-08-23,18.792576947756505,19.156811276853123,18.703979002272025,19.117435455322266,375296,0.0,0.0,0.025555539805755822
2026-08-24,19.23556698248738,19.96403752995074,19.078058060951452,19.767152786254883,536335,0.0,0.0,0.03342084020827692
2026-08-25,18.703978161263088,18.910705439676867,17.09937454516542,18.50709342956543,1856104,0.0,0.0,-0.06586752271023977
2026-08-26,19.363540840596663,19.98372459411621,19.0682156013268,19.98372459411621,1047148,0.0,0.0,0.0767640847495468
2026-08-27,19.845905707466866,20.21998633363907,19.51120277989468,19.776996612548828,661860,0.0,0.0,-0.010398696911497387
2026-08-30,19.934503103693196,20.89923416128964,19.826216313151896,20.53499984741211,831161,0.0,0.0,0.03761126492038029
2026-08-31,20.440000534057617,20.75,20.030000686645508,20.579999923706055,704210,0.325,0.0,0.002188986720818239
2026-09-01,20.5,20.700000762939453,20.040000915527344,20.440000534057617,278508,0.0,0.0,-0.0068259352351479055
2026-09-02,20.440000534057617,20.61000061035156,19.920000076293945,20.13999938964844,340547,0.0,0.0,-0.014785934478590855
2026-09-03,20.0,20.63999938964844,19.979999542236328,20.559999465942383,463638,0.0,0.0,0.020639557626423055
2026-09-06,19.790000915527344,20.56999969482422,19.510000228881836,20.260000228881836,256346,0.0,0.0,-0.014698904493633836
2026-09-07,20.350000381469727,20.350000381469727,19.469999313354492,19.780000686645508,233604,0.0,0.0,-0.023977149209068762
2026-09-08,19.790000915527344,19.90999984741211,19.420000076293945,19.690000534057617,209840,0.0,0.0,-0.004560441134370588
2026-09-09,19.329999923706055,19.5,18.790000915527344,19.079999923706055,324627,0.0,0.0,-0.031470257752819676
2026-09-10,18.979999542236328,19.229999542236328,18.75,18.93000030517578,183993,0.0,0.0,-0.007892680678997238
2026-09-13,19.100000381469727,19.100000381469727,18.8700008392334,18.90999984741211,153689,0.0,0.0,-0.0010571067413066414
2026-09-14,19.239999771118164,19.3799991607666,18.940000534057617,19.209999084472656,238675,0.0,0.0,0.015740054520368446
2026-09-15,19.209999084472656,19.420000076293945,18.545000076293945,18.8700008392334,373388,0.0,0.0,-0.01785752526663493
2026-09-16,18.8700008392334,19.510000228881836,18.65999984741211,19.450000762939453,425024,0.0,0.0,0.030273705435197598
2026-09-17,19.3700008392334,19.469999313354492,18.56999969482422,18.8700008392334,1572535,0.0,0.0,-0.030273705435197553
2026-09-20,18.809999465942383,19.3700008392334,18.770000457763672,19.219999313354492,395302,0.0,0.0,0.018377963961637295
2026-09-21,19.299999237060547,19.479999542236328,18.8700008392334,18.8799991607666,456597,0.0,0.0,-0.017848251550140914
2026-09-22,19.219999313354492,19.459999084472656,18.989999771118164,19.34000015258789,309051,0.0,0.0,0.024072381648472658
2026-09-23,18.86000061035156,19.450000762939453,18.86000061035156,19.38999938964844,257670,0.0,0.0,0.0025819398620090697
2026-09-24,19.299999237060547,19.3700008392334,19.149999618530273,19.200000762939453,167575,0.0,0.0,-0.009847119006748855
2026-09-27,19.010000228881836,19.450000762939453,19.0049991607666,19.290000915527344,81518,0.0,0.0,0.004676555608712879
