Date,Open,High,Low,Close,Volume,Dividends,Stock Splits
2010-02-10,25.386415857167602,25.951434839482893,25.307576756873548,25.537525177001953,39331800,0.0,0.0
2010-02-11,25.517812272653565,25.866020545096944,25.202453411643617,25.636072158813477,33830600,0.0,0.0
2010-02-12,25.406124742827092,25.741195301547343,25.202456860320456,25.590085983276367,38051100,0.0,0.0
2010-02-16,25.839739051327513,26.371905961366874,25.458678912349548,26.325916290283203,46425300,0.0,0.0
2010-02-17,26.4507493874731,26.575580663433602,26.122250250734115,26.306211471557617,34644100,0.0,0.0
2010-02-18,26.240514915433348,26.61500379896138,26.128826391617956,26.549304962158203,31809500,0.0,0.0
2010-02-19,26.352199810374582,26.739828872268316,26.214230781458863,26.299638748168945,40290200,0.0,0.0
2010-02-22,26.542735456043864,27.134032492100584,26.444184696909453,26.838382720947266,43898900,0.0,0.0
2010-02-23,26.871236172362615,27.101184615081465,26.12225587411395,26.20109748840332,52233100,0.0,0.0
2010-02-24,26.312784520146874,26.91722433075476,26.27993510251871,26.838382720947266,44645000,0.0,0.0
2010-02-25,26.38505572536727,26.73326407644439,26.082837061932413,26.700414657592773,46718100,0.0,0.0
2010-02-26,26.733262941546865,27.797602112155197,26.67413298762418,27.574222564697266,67699100,0.0,0.0
2010-03-01,27.61363641820859,27.71218716096609,27.20629819355994,27.48223876953125,34606800,0.0,0.0
2010-03-02,27.580782818490192,27.85672335256586,27.173444655687092,27.344263076782227,33891600,0.0,0.0
2010-03-03,27.36397877290884,27.633347961635277,27.16030840826222,27.285137176513672,27562500,0.0,0.0
2010-03-04,27.53478816265769,27.646479134355918,27.370538650232806,27.541357040405273,25450700,0.0,0.0
2010-03-05,27.804181555873466,28.165530297676355,27.71877103303796,28.12611198425293,34790800,0.0,0.0
2010-03-08,28.152380140212767,28.27064005146395,27.902722555349136,27.9815616607666,28524900,0.0,0.0
2010-03-09,27.850161989374655,28.132671504049252,27.626782431405207,27.869871139526367,37107100,0.0,0.0
2010-03-10,28.16551618128437,28.572856928342542,28.126097887617163,28.204936981201172,40903700,0.0,0.0
2010-03-11,28.191792771231132,28.38232285147086,28.119522567950597,28.369182586669922,30119600,0.0,0.0
2010-03-12,28.47431420621319,28.60571440338371,28.152383848457937,28.349485397338867,31367300,0.0,0.0
2010-03-15,28.198360510725045,28.38889058326352,27.988121294906435,28.296911239624023,29142000,0.0,0.0
2010-03-16,28.480879014777315,28.500590670596328,28.047260180508214,28.408611297607422,28553800,0.0,0.0
2010-03-17,28.45459958722041,28.980197768675975,28.428319051585177,28.76995849609375,32918800,0.0,0.0
2010-03-18,28.743670270728124,28.769950799332584,28.349472366657796,28.67140007019043,26012000,0.0,0.0
2010-03-19,28.546581268310547,28.83565966496748,28.33634197869641,28.546581268310547,37014400,0.0,0.0
2010-03-22,28.296910531052408,28.76995000792366,28.277201388265798,28.73710060119629,23257200,0.0,0.0
2010-03-23,28.809378980865247,29.394109665025066,28.763389293136388,29.288990020751953,33735700,0.0,0.0
2010-03-24,29.197005889592113,29.545216720747398,29.0393276884556,29.52550506591797,35849200,0.0,0.0
2010-03-25,29.551785601523992,30.25477363836134,29.492655649535347,29.52550506591797,45019400,0.0,0.0
2010-03-26,29.591211864465656,30.149659564752415,29.426962245998926,29.57807159423828,39727000,0.0,0.0
2010-03-29,29.729182816345205,29.814593325081514,29.210153387775204,29.47295379638672,30628400,0.0,0.0
2010-03-30,29.499229309298176,29.597777566038587,29.144449570032673,29.288990020751953,30296300,0.0,0.0
2010-03-31,29.111590795612088,29.564918645933354,29.072170001834465,29.40066909790039,39043000,0.0,0.0
2010-04-01,29.617725809369855,29.80189281535795,29.591418387702774,29.716386795043945,23894600,0.05,0.0
2010-04-05,29.782159858790585,29.861089652928168,29.459871981081488,29.821624755859375,21342400,0.0,0.0
2010-04-06,29.749268392157678,30.216258300093433,29.696651047838785,30.15048599243164,28192100,0.0,0.0
2010-04-07,30.143909338151932,30.288608914768044,29.611144621050872,29.80846405029297,28890100,0.0,0.0
2010-04-08,29.703234724690727,30.23599958296084,29.473029081085123,30.09787368774414,28869900,0.0,0.0
2010-04-09,30.176792854048028,30.400422190057785,29.893967443534148,30.242565155029297,22881200,0.0,0.0
2010-04-12,30.275465397098806,30.564869677844204,30.189961867836413,30.347816467285156,24645900,0.0,0.0
2010-04-13,30.282048764494277,30.505678238774536,30.15707780268666,30.17023277282715,27988900,0.0,0.0
2010-04-14,31.17654037544489,31.52513800856235,30.768744172080886,31.393590927124023,72533100,0.0,0.0
2010-04-15,31.340975598503732,31.70272821373814,31.235738428452777,31.446212768554688,45412100,0.0,0.0
2010-04-16,31.35414701017076,31.40676688154314,29.690082468349487,29.959753036499023,121203900,0.0,0.0
2010-04-19,29.74927594393029,30.058411388329855,29.3283270463116,29.85451316833496,72136600,0.0,0.0
2010-04-20,30.10444491551631,30.35438420126023,29.96632156381021,30.176795959472656,39310700,0.0,0.0
2010-04-21,30.282040769632548,30.512246413678696,29.597997557247798,29.828203201293945,46320600,0.0,0.0
2010-04-22,29.538805886222633,29.67692929333905,28.95999981142764,29.426992416381836,63176900,0.0,0.0
2010-04-23,29.42039603909612,29.64402535375872,29.10468450822872,29.55851936340332,32483800,0.0,0.0
2010-04-26,29.45329254463245,29.473026247225043,28.76267317116603,28.867910385131836,42889300,0.0,0.0
2010-04-27,28.598242716447984,29.18362493426361,27.82211724523865,27.894468307495117,66296100,0.0,0.0
2010-04-28,28.17729478476659,28.749522055514355,28.137829883349927,28.5850887298584,48578900,0.0,0.0
2010-04-29,28.86791268735,29.157316930625797,28.677169437746095,28.940263748168945,36520300,0.0,0.0
2010-04-30,28.953415805097624,28.973146998227918,27.7760727732979,28.00628089904785,54121100,0.0,0.0
2010-05-03,28.262801170222758,28.762677382487023,28.21018130100891,28.63113021850586,31230900,0.0,0.0
2010-05-04,28.26279796888332,28.519313529611555,27.789229235813853,27.933931350708008,48982200,0.0,0.0
2010-05-05,27.6971439503016,28.525886633341713,27.374853595809228,28.039165496826172,43062100,0.0,0.0
2010-05-06,28.03917469441416,28.13783319599065,25.842345104657777,26.842100143432617,78226200,0.0,0.0
2010-05-07,26.986792366473626,27.51955716120701,26.164625867284904,26.8092041015625,72976300,0.0,0.0
2010-05-10,27.83526037946807,28.47983841884939,27.24329967541774,27.591899871826172,66578300,0.0,0.0
2010-05-11,27.26962888467541,27.986558462622344,27.06573311611103,27.328824996948242,50771200,0.0,0.0
2010-05-12,27.45377755923886,27.48666370866851,26.842085645448357,27.420888900756836,47700000,0.0,0.0
2010-05-13,27.256470366350573,27.36170760679773,26.82236643587434,26.842100143432617,35320800,0.0,0.0
2010-05-14,26.375098074272138,26.375098074272138,25.78971597748306,26.236974716186523,60719400,0.0,0.0
2010-05-17,26.26329576354392,26.335646841474137,25.50032509373651,26.204099655151367,56506200,0.0,0.0
2010-05-18,26.717125207598343,26.717125207598343,25.355617514822466,25.664752960205078,61735000,0.0,0.0
2010-05-19,25.349042759613663,26.085703375613548,25.335887792124833,25.901538848876953,64600500,0.0,0.0
2010-05-20,25.355608010439504,25.816021636986044,24.540020451690697,24.882041931152344,76564100,0.0,0.0
2010-05-21,24.34928375900616,26.414565638969556,24.34928375900616,26.342214584350586,89588800,0.0,0.0
2010-05-24,26.414560949167623,26.473757027977378,25.32272411371749,25.40165138244629,49141600,0.0,0.0
2010-05-25,24.77680407866778,25.658166511900536,24.5663296924378,25.612125396728516,66813700,0.0,0.0
2010-05-26,25.776557891969553,25.980456045203475,25.302991791731685,25.506887435913086,50719600,0.0,0.0
2010-05-27,26.033077881462592,26.63161491541521,25.914685720104696,26.5855712890625,44843000,0.0,0.0
2010-05-28,26.52637706380867,26.53952951781083,25.888375155439977,26.033077239990234,41252400,0.0,0.0
2010-06-01,25.862068244088853,26.283017074702446,25.32272724123357,25.349037170410156,37848600,0.0,0.0
2010-06-02,25.763406417526006,26.059386838403267,25.43453984078524,26.01334571838379,39618500,0.0,0.0
2010-06-03,26.217236088284118,26.269853420178798,25.401646116973634,25.717357635498047,30950400,0.0,0.0
2010-06-04,25.316156801637653,25.45428019781522,24.664999705430734,24.743927001953125,52868900,0.0,0.0
2010-06-07,24.85574637078869,25.079375832392692,24.11250690883218,24.1519718170166,44528300,0.0,0.0
2010-06-08,24.244047768115852,24.86231611403378,24.04014955927702,24.84916114807129,51017900,0.0,0.0
2010-06-09,25.092517265155916,25.09909349177872,24.342699468478422,24.415050506591797,42586000,0.0,0.0
2010-06-10,24.78340013301821,25.237235375015615,24.605811775092,25.18461799621582,44302600,0.0,0.0
2010-06-11,24.85574483568564,25.10568171158917,24.67815652340448,25.053064346313477,31147600,0.0,0.0
2010-06-14,24.97412952628859,25.171448977520335,24.48740587146753,24.553180694580078,48662200,0.0,0.0
2010-06-15,24.69787719510564,25.17802205297402,24.507133995540045,25.15829086303711,45355600,0.0,0.0
2010-06-16,25.007013716996173,25.572664606021743,24.987282526140365,25.335880279541016,37217100,0.0,0.0
2010-06-17,25.388495629491718,25.585817558752776,24.941236938857756,25.28325843811035,34755100,0.0,0.0
2010-06-18,25.38850064405926,25.829183194983063,25.243801045487626,25.769987106323242,37270800,0.0,0.0
2010-06-21,26.01335230313029,26.164630665637713,25.42797004980268,25.56609344482422,33665100,0.0,0.0
2010-06-22,25.605561274691407,26.033088985173404,25.138571166293634,25.210922241210938,42245700,0.0,0.0
2010-06-23,25.184611317656692,25.723952479865194,25.007023006824085,25.57925033569336,45046000,0.0,0.0
2010-06-24,25.355609450547398,25.454270415072536,24.61237037586834,25.013587951660156,73843400,0.0,0.0
2010-06-25,25.506890488576445,26.046231465237682,25.178023916999948,25.940994262695312,70734200,0.0,0.0
2010-06-28,26.013346573274806,26.07254265939565,25.302996048877603,25.349037170410156,39962900,0.0,0.0
2010-06-29,24.934665399284462,24.934665399284462,24.257201009234027,24.375593185424805,56694200,0.0,0.0
2010-06-30,24.349290957047657,24.658426460331206,24.013845515388102,24.079620361328125,35332500,0.0,0.0
2010-07-01,24.066444006974894,24.165237423145644,23.157530005791937,23.763473510742188,56642900,0.05,0.0
2010-07-02,23.91494778300087,24.165226332421668,23.276073432540887,23.598804473876953,36796000,0.0,0.0
2010-07-06,24.165225246246617,24.290367027815844,23.61856158394236,23.928119659423828,35953600,0.0,0.0
2010-07-07,24.132301893200264,25.186115727992103,23.98081667264884,25.12683868408203,44602900,0.0,0.0
2010-07-08,25.541774407770216,25.568120317844073,24.468204953345346,25.1334228515625,41498200,0.0,0.0
2010-07-09,24.863382368478366,25.614223182376673,24.817278284290516,25.58787727355957,30422300,0.0,0.0
2010-07-12,25.594473445694913,25.91061691828253,25.42322749440684,25.81182098388672,24998900,0.0,0.0
2010-07-13,26.220164886061937,26.79975976895438,26.174060804751946,26.661447525024414,48564800,0.0,0.0
2010-07-14,26.444109715361524,26.59559496811949,26.239932629043448,26.575834274291992,37320600,0.0,0.0
2010-07-15,26.819528943092234,26.898564177138038,25.89085677747849,26.648283004760742,81876200,0.0,0.0
2010-07-16,26.529723131254567,26.575827217134364,25.594465946282398,25.686674118041992,58507400,0.0,0.0
2010-07-19,25.706430684082893,25.923780657461002,25.10707509270035,25.7130184173584,35404900,0.0,0.0
2010-07-20,25.238811654152055,26.108206851086422,25.21246573606676,26.101621627807617,43538200,0.0,0.0
2010-07-21,26.509975528149926,26.509975528149926,25.25198672781042,25.304676055908203,41115600,0.0,0.0
2010-07-22,25.66032425217625,26.081848693795624,25.508839062999524,25.917190551757812,35494400,0.0,0.0
2010-07-23,25.798644981666314,26.318965484796685,25.666920434658103,26.23334503173828,28241000,0.0,0.0
2010-07-26,26.21358314861749,26.582418395941687,26.015993824598468,26.562660217285156,27209400,0.0,0.0
2010-07-27,26.83270018905649,27.16201657447086,26.747077225353053,26.799766540527344,44872200,0.0,0.0
2010-07-28,26.635107461481113,26.938080435468592,26.44410587378507,26.556072235107422,23945400,0.0,0.0
2010-07-29,26.812943757067004,26.89198151111168,26.286037959194307,26.483627319335938,28994300,0.0,0.0
2010-07-30,26.160898943619966,26.799771132296186,26.160898943619966,26.52973175048828,26406500,0.0,0.0
2010-08-02,26.990769035187927,27.46498540585973,26.82611085231405,27.425466537475586,35566700,0.0,0.0
2010-08-03,27.333261382153534,27.432057307805824,26.918322011892577,27.056636810302734,29967900,0.0,0.0
2010-08-04,27.148840294398003,27.267394379634318,26.911732123925376,27.194944381713867,23078100,0.0,0.0
2010-08-05,26.98418670860107,27.287157194599573,26.964426016046556,27.18177604675293,19830500,0.0,0.0
2010-08-06,26.832693107447838,26.971005349822587,26.325545706256456,26.635101318359375,34906600,0.0,0.0
2010-08-09,26.707558676563348,26.714146411342444,26.121375905456983,26.226757049560547,37790900,0.0,0.0
2010-08-10,26.127963344200186,26.167482218773177,25.79206170402682,25.798646926879883,34166500,0.0,0.0
2010-08-11,25.456153853053518,25.54177429167799,24.86338344150732,24.876556396484375,46201600,0.0,0.0
2010-08-12,24.606526817085317,25.02146626901548,24.51431860831978,24.902912139892578,35387300,0.0,0.0
2010-08-13,24.89631788739566,25.054390855681852,24.698728561401367,24.698728561401367,24564100,0.0,0.0
2010-08-16,24.58017626898813,24.909492673998674,24.55383035359094,24.823869705200195,28334100,0.0,0.0
2010-08-17,25.008289513274818,25.074151791686926,24.632868998859085,24.685558319091797,33883800,0.0,0.0
2010-08-18,24.626289927679114,25.15319587780944,24.626289927679114,24.95560646057129,27041700,0.0,0.0
2010-08-19,24.804107385877515,25.008284427407915,24.369409904300184,24.41551399230957,35384700,0.0,0.0
2010-08-20,24.44186024617626,24.60651842351511,24.24427093586652,24.461618423461914,30862000,0.0,0.0
2010-08-23,24.507722241050804,24.639449283961795,24.264028844780302,24.290374755859375,29282800,0.0,0.0
2010-08-24,24.099371717338997,24.171821719715098,23.658086481268427,23.849090576171875,48709200,0.0,0.0
2010-08-25,23.677842586241773,24.00057115480109,23.493423748866746,23.862258911132812,36058000,0.0,0.0
2010-08-26,23.947880636994753,24.119123999628897,23.4604914299095,23.467079162597656,31873200,0.0,0.0
2010-08-27,23.625161045407452,24.16523981385667,23.414398721743613,24.1059627532959,38448800,0.0,0.0
2010-08-30,23.974230420152175,24.105954945412886,23.598809995693767,23.611980438232422,27306500,0.0,0.0
2010-08-31,23.671262241837518,24.132305710456688,23.5329499549972,23.94788932800293,34784400,0.0,0.0
2010-09-01,24.198161785709797,24.89631070360553,24.145469973990338,24.856794357299805,36770500,0.0,0.0
2010-09-02,24.92266059594018,25.159768761636357,24.6921401640046,25.1334228515625,31282900,0.0,0.0
2010-09-03,25.337605952619356,25.798646926879883,25.337605952619356,25.798646926879883,34135600,0.0,0.0
2010-09-07,25.508844788902625,25.58129478965934,25.172943209239445,25.212459564208984,31885500,0.0,0.0
2010-09-08,25.251970645223896,25.96988018478818,25.251970645223896,25.765703201293945,30781000,0.0,0.0
2010-09-09,26.299204603521055,26.55607096127771,25.765711197998787,26.411170959472656,33438800,0.0,0.0
2010-09-10,26.292617924388814,26.509967935817908,26.127959738452056,26.187236785888672,21928600,0.0,0.0
2010-09-13,26.766826344040695,27.313492564777288,26.766826344040695,27.082969665527344,41643200,0.0,0.0
2010-09-14,26.984173347281043,27.15541668555824,26.648269377510783,26.819515228271484,42754100,0.0,0.0
2010-09-15,26.681212137203346,27.09615148160002,26.569245773429024,26.99077033996582,25399500,0.0,0.0
2010-09-16,26.8195158042046,27.069794341485586,26.70754697438221,26.997346878051758,25207500,0.0,0.0
2010-09-17,27.02370647980044,27.056640134053414,26.338730188578694,26.38483428955078,45938300,0.0,0.0
2010-09-20,26.503391948237933,27.20812902859438,26.36507711437089,27.129091262817383,33337500,0.0,0.0
2010-09-21,27.208116394712057,27.33325569702338,26.654864853598237,26.73390007019043,33548900,0.0,0.0
2010-09-22,26.628519155240618,26.89855845051763,26.180648736856654,26.305788040161133,34546000,0.0,0.0
2010-09-23,26.101606069633167,26.147710142559028,25.68008168146328,25.75252914428711,33471100,0.0,0.0
2010-09-24,26.022579648049106,26.213583754425,25.88426736928779,26.180652618408203,28855100,0.0,0.0
2010-09-27,26.04232924422594,26.12794965889382,25.693252316216334,25.73935890197754,25684900,0.0,0.0
2010-09-28,25.92378497336414,25.950130885884167,25.429810419793892,25.653745651245117,31442600,0.0,0.0
2010-09-29,25.548357706928797,25.607634738063723,25.067556237716083,25.298076629638672,40207000,0.0,0.0
2010-09-30,25.35077823026007,25.653748723065036,25.001701128781928,25.06756591796875,54885200,0.0,0.0
2010-10-01,25.251976722038066,25.745951225589295,25.219045590964836,25.561534881591797,38973800,0.0,0.0
2010-10-04,25.70661418030975,26.07592509392424,25.52855369601659,25.686830520629883,38886100,0.05,0.0
2010-10-05,25.957233357343796,26.26059472407815,25.765982815640125,26.141887664794922,42379500,0.0,0.0
2010-10-06,26.089117089097634,26.4254519087093,25.996787466644943,26.31334114074707,31559900,0.0,0.0
2010-10-07,26.451834976510796,26.590325653228845,25.85170619500729,26.062740325927734,26923900,0.0,0.0
2010-10-08,26.161661159537907,26.23420461373985,25.80554263594018,25.92424964904785,28178500,0.0,0.0
2010-10-11,26.062747915156894,26.319945679876945,25.983610721949034,26.20123863220215,24601000,0.0,0.0
2010-10-12,26.029768613199717,26.702440897968227,26.029768613199717,26.64308738708496,38798100,0.0,0.0
2010-10-13,26.81455622872832,26.854126081260315,26.102316493233726,26.273780822753906,69607700,0.0,0.0
2010-10-14,25.884679141310883,25.97041254095905,25.126273523237167,25.535154342651367,76504900,0.0,0.0
2010-10-15,25.634073099974398,25.680236653959682,24.097480840767837,24.499765396118164,142280400,0.0,0.0
2010-10-18,24.49977786148411,25.231801382439972,24.407448190811653,25.19223403930664,55058700,0.0,0.0
2010-10-19,24.994387323297744,25.488999189729288,24.730593321577167,24.855894088745117,70595100,0.0,0.0
2010-10-20,25.06032308184298,25.258167234607292,24.704202097432294,25.126270294189453,43497200,0.0,0.0
2010-10-21,25.185632770687867,25.32412599115042,23.87985787804311,24.86248779296875,38250300,0.0,0.0
2010-10-22,24.730590805527445,24.921841311531047,24.61188376840285,24.86248779296875,24876900,0.0,0.0
2010-10-25,25.040547103746782,25.106494336325923,24.400848381681303,24.447011947631836,37893500,0.0,0.0
2010-10-26,24.387664118996184,24.57231842585798,24.25576710735508,24.532751083374023,39188100,0.0,0.0
2010-10-27,24.440421973439218,24.81632679130238,24.400852118396656,24.756973266601562,30777500,0.0,0.0
2010-10-28,24.862485877680577,25.03395018713742,24.61847810493313,24.7371826171875,30614600,0.0,0.0
2010-10-29,24.69761909506475,24.888869615839162,24.611885669247602,24.816326141357422,19803300,0.0,0.0
2010-11-01,24.80312917210383,25.060326861056524,24.466791797530867,24.677825927734375,36941900,0.0,0.0
2010-11-02,24.750368726744796,24.77674862125349,24.288733151468744,24.37446403503418,39913100,0.0,0.0
2010-11-03,24.38765715246804,24.94821866288232,24.37446720349912,24.875675201416016,35299600,0.0,0.0
2010-11-04,25.152654064211788,26.28036817302568,24.9679998285862,26.247394561767578,77569400,0.0,0.0
2010-11-05,26.30675615288849,27.263006267598925,26.23421267639151,26.99921226501465,75684800,0.0,0.0
2010-11-08,26.94644799167155,27.17067208105027,26.517783477477547,26.715627670288086,32967000,0.0,0.0
2010-11-09,26.662865906423406,26.827736458644313,26.201227857059862,26.31334114074707,32800100,0.0,0.0
2010-11-10,26.29357499353254,26.801376983089966,26.10892063941235,26.78818702697754,35587900,0.0,0.0
2010-11-11,26.55736293394436,26.669473761346058,26.280378951183515,26.392492294311523,25499700,0.0,0.0
2010-11-12,26.28697912380588,26.55077067730303,25.97042775017329,26.122108459472656,33504800,0.0,0.0
2010-11-15,26.260587695149702,26.80136303570618,26.188044232146297,26.43205451965332,28772500,0.0,0.0
2010-11-16,26.207841909329407,26.359522618628773,25.746203546051035,26.122108459472656,46023000,0.0,0.0
2010-11-17,26.102310156742167,26.168257379227178,25.70661927465626,25.838516235351562,32027500,0.0,0.0
2010-11-18,26.095719646354105,26.379297293517485,25.957228939337337,26.155073165893555,30987600,0.0,0.0
2010-11-19,25.990209579467773,26.141890277997295,25.89128618160106,25.990209579467773,26542000,0.0,0.0
2010-11-22,25.759380963342245,25.785758344844737,25.198819468012726,25.396663665771484,33249500,0.0,0.0
2010-11-23,25.066927669552186,25.205420900710962,24.79653995649132,24.816326141357422,35340400,0.0,0.0
2010-11-24,24.94821989886523,25.21860757680982,24.78994301912236,25.165847778320312,24248300,0.0,0.0
2010-11-26,24.869077689072583,25.04713821740006,24.730587005615234,24.730587005615234,12819100,0.0,0.0
2010-11-29,24.710803339959348,25.119681674031145,24.473389302199788,25.000974655151367,30911400,0.0,0.0
2010-11-30,24.723999673450127,24.921843917436398,24.55912905084056,24.66464614868164,33716700,0.0,0.0
2010-12-01,25.027345709435526,25.185620001539142,24.829501586443744,25.159242630004883,33157200,0.0,0.0
2010-12-02,25.34390453115761,25.97041320795358,25.277957308642364,25.92424964904785,41526000,0.0,0.0
2010-12-03,25.76598722073848,26.161675808847548,25.52197934192878,26.122108459472656,30070200,0.0,0.0
2010-12-06,26.036357304838955,26.412261962644628,25.9176503059819,26.31334114074707,25364500,0.0,0.0
2010-12-07,26.610109304549887,26.68265275871878,25.878086078353117,25.884679794311523,40908200,0.0,0.0
2010-12-08,25.95723321380323,26.596932083544683,25.75938895466733,26.550765991210938,38115900,0.0,0.0
2010-12-09,26.82114919798635,27.104726843905834,26.755201961332162,26.91347885131836,43001900,0.0,0.0
2010-12-10,26.96623229806675,27.36851692526748,26.887095122204045,27.32235336303711,28449000,0.0,0.0
2010-12-13,27.414688112414982,27.6916720785609,27.14430038026544,27.375118255615234,35730400,0.0,0.0
2010-12-14,27.328957428568064,27.3685272893467,26.68926103153513,26.90029525756836,34010800,0.0,0.0
2010-12-15,26.860711371124836,27.0387718780625,26.418859477250887,26.517780303955078,30264000,0.0,0.0
2010-12-16,26.656282510596295,26.82774937627376,26.260594001031084,26.385894775390625,37123200,0.0,0.0
2010-12-17,26.41885942740856,26.425453142886358,26.069332129682888,26.161659240722656,52004800,0.0,0.0
2010-12-20,26.267185827816032,26.557357185095196,26.174856176398063,26.346323013305664,22978200,0.0,0.0
2010-12-21,26.484816726912403,27.19705902444459,26.366109677323703,27.038782119750977,30757800,0.0,0.0
2010-12-22,27.150887153652913,28.05437978486466,27.1442934370693,27.803775787353516,47280400,0.0,0.0
2010-12-23,27.797182087459493,27.876319265137965,27.579551704186784,27.751018524169922,18927900,0.0,0.0
2010-12-27,27.579549168275392,28.146704340227085,27.56635922058753,28.140108108520508,17203200,0.0,0.0
2010-12-28,28.159897489310502,28.43687887506877,28.00821684724399,28.100543975830078,20386600,0.0,0.0
2010-12-29,28.080771185629544,28.206071977850453,27.896114341213963,27.935684204101562,13637400,0.0,0.0
2010-12-30,27.90269914187631,28.008216217276466,27.731232322022613,27.849939346313477,12901900,0.0,0.0
2010-12-31,27.7708008909628,27.99502498033729,27.72463732983206,27.975238800048828,12199700,0.0,0.0
2011-01-03,28.357748561916964,29.04361099137482,28.331368657154847,28.740249633789062,43278500,0.0,0.0
2011-01-04,28.90530092182629,29.24862595906348,28.61479628352493,29.156192779541016,40036800,0.05,0.0
2011-01-05,28.9977369640738,29.677785815124853,28.984534381651695,29.512725830078125,50032500,0.0,0.0
2011-01-06,29.314665233896196,29.578759796838497,29.215628198657566,29.367483139038086,31606200,0.0,0.0
2011-01-07,29.407083074307565,29.44009456258032,28.159230179845537,28.8128662109375,69579400,0.0,0.0
2011-01-10,28.568590837566042,28.898710903839813,28.390325699544256,28.654422760009766,30098100,0.0,0.0
2011-01-11,28.85249211795091,29.06376874292737,28.66762318213448,28.786466598510742,28067100,0.0,0.0
2011-01-12,29.341048806543828,29.64476095624638,29.215604181167667,29.51931381225586,44296900,0.0,0.0
2011-01-13,29.67116844774651,29.690977349559436,29.162783623863376,29.347652435302734,42133000,0.0,0.0
2011-01-14,29.387270279023184,30.331413326697845,29.34765750578201,29.6513671875,86983800,0.0,0.0
2011-01-18,29.72401290599373,29.98810746415984,29.380687713623047,29.545747756958008,46237700,0.0,0.0
2011-01-19,29.413682805182656,29.690984832926205,28.78645448679164,28.859081268310547,44989200,0.0,0.0
2011-01-20,28.938328006421216,29.70420650675078,28.793074362329207,29.545747756958008,46977700,0.0,0.0
2011-01-21,29.743816351392905,30.06733511239215,29.611767826115337,29.90227508544922,44767400,0.0,0.0
2011-01-24,29.849451352674382,30.027716464207742,29.618368348065875,29.72400665283203,27826800,0.0,0.0
2011-01-25,29.59194274281277,29.99468935721511,29.222207609230477,29.624954223632812,36022400,0.0,0.0
2011-01-26,29.842837705621285,30.027704032773652,29.624957375521873,29.69758415222168,25639400,0.0,0.0
2011-01-27,29.69759685117292,29.961693875990612,29.50612663411089,29.776824951171875,26740900,0.0,0.0
2011-01-28,29.74381051408844,30.291810904928138,29.314656039429245,29.407089233398438,38593900,0.0,0.0
2011-01-31,29.321256262707927,29.776820924364408,29.31465497135735,29.67118263244629,23574500,0.0,0.0
2011-02-01,29.842842850998537,30.371034247227264,29.816432651533287,30.324817657470703,28255500,0.0,0.0
2011-02-02,30.23238572018226,30.35783039487374,29.935277260528387,30.007904052734375,24104900,0.0,0.0
2011-02-03,30.027702853895434,30.20596788462865,29.605149826356577,30.014497756958008,23322400,0.0,0.0
2011-02-04,29.71079222253467,29.823031784217903,29.24862383979445,29.440093994140625,38172900,0.0,0.0
2011-02-07,29.545736501505086,30.20597642332643,29.479713516769124,30.040916442871094,36790900,0.0,0.0
2011-02-08,30.034307584326925,30.252185393950928,29.915464226853906,30.19936752319336,28649500,0.0,0.0
2011-02-09,29.948486281918235,30.040919477331514,29.479716494541922,29.78342628479004,33491000,0.0,0.0
2011-02-10,29.776822766438098,30.067329976146144,29.677788278359568,30.060726165771484,22688600,0.0,0.0
2011-02-11,29.974908941116013,30.958665522346312,29.974908941116013,30.74738883972168,40812800,0.0,0.0
2011-02-14,30.7671785477441,30.96525253402173,30.68134917354684,30.72756576538086,28699200,0.0,0.0
2011-02-15,30.740760968433825,31.255747122274236,30.72755587235913,30.91242218017578,35972900,0.0,0.0
2011-02-16,31.130307988334234,31.92919755241117,31.097293983006516,31.65189552307129,44327800,0.0,0.0
2011-02-17,31.539664209613473,31.684917811459606,31.36139911242476,31.572675704956055,22932600,0.0,0.0
2011-02-18,31.572679187033827,31.777354510516034,31.394414070184666,31.6915225982666,23844300,0.0,0.0
2011-02-22,31.16332107303407,31.20953766052477,30.271995774395293,30.377634048461914,44561900,0.0,0.0
2011-02-23,30.397440142427712,30.70114983742716,29.902260306340178,30.344619750976562,36264800,0.0,0.0
2011-02-24,30.126737242076818,30.410640505386095,29.84943526736368,30.311603546142578,31926900,0.0,0.0
2011-02-25,30.53609821725829,30.938844996723862,30.450266317056876,30.82000160217285,26782100,0.0,0.0
2011-02-28,30.90582398342266,31.150111988707994,30.648328362126726,30.82659339904785,25985300,0.0,0.0
2011-03-01,30.68135763400614,30.82660874041696,30.100345652514687,30.10694694519043,33682600,0.0,0.0
2011-03-02,29.968284896894268,30.35122519976925,29.75700835689946,29.849441528320312,28600000,0.0,0.0
2011-03-03,30.186173745846748,30.588920550691686,30.17956993539134,30.423860549926758,23043600,0.0,0.0
2011-03-04,30.357826918463438,30.397442214752544,29.77681516596515,30.05411720275879,27716900,0.0,0.0
2011-03-07,30.120136430584093,30.139945335571667,29.552329847492082,29.836233139038086,28110800,0.0,0.0
2011-03-08,29.96168498196786,30.826597570198505,29.90886458523752,30.635129928588867,32941500,0.0,0.0
2011-03-09,30.588919262587876,31.097301827153938,30.38424396355661,30.740774154663086,25174700,0.0,0.0
2011-03-10,30.42386017790654,30.53609976811868,29.882461064891288,30.060726165771484,33783700,0.0,0.0
2011-03-11,29.89565532153188,30.265390491294017,29.87584893482464,30.19936752319336,20337600,0.0,0.0
2011-03-14,29.988094964889534,30.067325566070185,29.466507359501264,29.90886688232422,24508900,0.0,0.0
2011-03-15,29.413683273099164,29.704190403796208,28.951514898584342,29.453298568725586,35606000,0.0,0.0
2011-03-16,29.47309987653683,29.56553303178278,28.826065271200576,28.92510223388672,41962900,0.0,0.0
2011-03-17,29.354268300177413,29.453305302578592,28.654415547743127,29.4202938079834,46741800,0.0,0.0
2011-03-18,29.86924764546049,30.489872108896957,29.54572905709177,30.19936752319336,77421000,0.0,0.0
2011-03-21,30.55590348669344,30.58231368864832,29.922073751469185,30.12674903869629,28985300,0.0,0.0
2011-03-22,30.14655904576994,30.179570542864255,29.941883733999937,30.021114349365234,19756600,0.0,0.0
2011-03-23,29.90227413023371,30.16636865373633,29.558948982925852,30.10694694519043,26688900,0.0,0.0
2011-03-24,30.172963613439617,30.26539679547999,29.77021687573628,30.19277000427246,21748100,0.0,0.0
2011-03-25,30.172966216199743,30.62192958365144,30.15315730504284,30.27860450744629,20710400,0.0,0.0
2011-03-28,30.437052917401186,30.70114983742716,30.338018461352615,30.344619750976562,19039400,0.0,0.0
2011-03-29,30.258798326808197,30.397448112799843,30.054123034190376,30.38424301147461,17913300,0.0,0.0
2011-03-30,30.720956377126278,30.93223290674791,30.516283655776206,30.66813850402832,26829100,0.0,0.0
2011-03-31,30.40404791008271,30.595518091966344,30.344626216346942,30.43705940246582,23340500,0.0,0.0
2011-04-01,30.73416601864078,30.95204638874432,30.489877967391735,30.60211753845215,25387300,0.0,0.0
2011-04-04,30.615387575529393,30.880916674167764,30.568920363108653,30.761428833007812,15708000,0.25,0.0
2011-04-05,30.648582810788014,31.046876520227247,30.568925081809585,30.920751571655273,21058400,0.0,0.0
2011-04-06,31.07342402192583,31.684137381557232,30.953936185080895,31.624393463134766,31203300,0.0,0.0
2011-04-07,31.624407202147026,31.73061837745492,31.173009074019934,31.465091705322266,29972000,0.0,0.0
2011-04-08,31.544735947552034,31.637670369621404,30.953936379591262,31.093338012695312,23808000,0.0,0.0
2011-04-11,31.199539924396383,31.37877162783474,31.03358492479853,31.106605529785156,25641600,0.0,0.0
2011-04-12,30.900840700144432,31.272581054849976,30.7016950763741,30.96058464050293,27231300,0.0,0.0
2011-04-13,31.35888171623826,31.44517655850174,30.456085425833667,30.701698303222656,55383900,0.0,0.0
2011-04-14,30.323316893871205,30.36978412054477,29.812174868188073,29.852005004882812,45214600,0.0,0.0
2011-04-15,30.031243133418887,30.11753798265029,29.759076806153733,29.798904418945312,32475000,0.0,0.0
2011-04-18,29.38732665921415,29.44043096945755,28.89609849502612,29.181541442871094,50958800,0.0,0.0
2011-04-19,29.38068959887021,29.679409283383762,29.04877940102711,29.63958168029785,26705000,0.0,0.0
2011-04-20,29.805536835321348,29.852004060524937,29.16826732973497,29.579837799072266,35542800,0.0,0.0
2011-04-21,29.659496307373047,29.765707472348126,29.2877559638233,29.659496307373047,24368100,0.0,0.0
2011-04-25,29.639584813709423,29.885197677042118,29.460352984053415,29.6130313873291,17358900,0.0,0.0
2011-04-26,29.772357689626194,30.157374915095264,29.613042138054535,29.951589584350586,25900000,0.0,0.0
2011-04-27,30.071064222502173,30.290126174429766,29.905109119141486,30.203828811645508,20857200,0.0,0.0
2011-04-28,30.276845580532523,30.489267883017902,30.144081008410765,30.436161041259766,19859000,0.0,0.0
2011-04-29,30.409614680008573,30.549016361967293,30.13744840616223,30.29012680053711,23363000,0.0,0.0
2011-05-02,30.49591562807422,30.529108681908266,29.94494587981678,29.991413116455078,25904000,0.0,0.0
2011-05-03,29.83873321570747,30.582211497423998,29.778989266945246,30.482637405395508,30025500,0.0,0.0
2011-05-04,30.52246230622516,30.56229244265034,30.05778751036045,30.203828811645508,22727400,0.0,0.0
2011-05-05,30.031241494694182,30.34323541772624,29.865286364386417,29.984771728515625,26154500,0.0,0.0
2011-05-06,30.183914810757564,30.34323029086107,29.712600395789433,29.89847183227539,26332300,0.0,0.0
2011-05-09,29.70596574204942,29.94494151407669,29.42052274015841,29.845367431640625,22469500,0.0,0.0
2011-05-10,29.911753117127873,30.20383323015236,29.85864626079199,29.978134155273438,20534200,0.0,0.0
2011-05-11,29.88520146554874,29.89847818042197,29.281124866326056,29.360782623291016,31519600,0.0,0.0
2011-05-12,29.27446888996007,29.42714975957711,28.90936829785281,29.267831802368164,29567900,0.0,0.0
2011-05-13,29.2479267692889,29.274477659883537,28.530999545484182,28.643850326538086,32872500,0.0,0.0
2011-05-16,28.524360707167048,28.862907965025954,28.358405622824254,28.464616775512695,34951100,0.0,0.0
2011-05-17,28.331843225486814,29.221362297037633,28.31192943200233,29.081960678100586,36277100,0.0,0.0
2011-05-18,29.022229914043468,29.36741684037591,28.816444669804714,29.261205673217773,24372100,0.0,0.0
2011-05-19,29.420529388371506,29.44044319644904,29.042151841250334,29.208106994628906,19518000,0.0,0.0
2011-05-20,29.09524997655514,29.26784217008623,28.604021755733875,28.63057518005371,29946700,0.0,0.0
2011-05-23,28.145980541566963,28.477890677518115,28.079596995012707,28.24555206298828,32299500,0.0,0.0
2011-05-24,28.391598365603024,28.4911699046736,27.674671129380503,28.106155395507812,39341400,0.0,0.0
2011-05-25,27.95346600479805,28.378310481699607,27.946826385442996,28.059677124023438,26505300,0.0,0.0
2011-05-26,27.960108706723492,28.27210503997136,27.946831997620038,28.179170608520508,21648100,0.0,0.0
2011-05-27,28.345127059189785,28.643846697933252,28.238915913444714,28.404870986938477,24747300,0.0,0.0
2011-05-31,28.70359992980957,28.796534395926567,28.391603480181704,28.70359992980957,28746300,0.0,0.0
2011-06-01,28.4579868608593,28.537647151752346,27.701231823296798,27.721145629882812,38628700,0.0,0.0
2011-06-02,27.83399293824698,28.01322477177954,27.103791422913588,27.621570587158203,45964000,0.0,0.0
2011-06-03,27.27638296071905,28.04641459748933,27.229915730831767,27.595016479492188,31833100,0.0,0.0
2011-06-06,27.283011823410874,27.375948787432524,26.798423334813755,26.904634475708008,40895900,0.0,0.0
2011-06-07,27.16352374454442,27.422415772299512,26.98429450326729,27.03076171875,36312000,0.0,0.0
2011-06-08,26.937826379006516,27.263096876412128,26.68557398041516,26.81169891357422,38890700,0.0,0.0
2011-06-09,26.94447194304414,27.375956244870714,26.911281427274563,27.20336151123047,30082300,0.0,0.0
2011-06-10,26.944467774449166,27.548544184184923,26.619194692772844,27.24982452392578,48545700,0.0,0.0
2011-06-13,27.409153646962146,27.760977760605787,27.030776101121905,27.66140365600586,31767100,0.0,0.0
2011-06-14,27.96675754074601,28.172540268959036,27.535273215692712,27.621570587158203,32103500,0.0,0.0
2011-06-15,27.22991621080404,27.4821687005486,26.718774140760075,27.00421714782715,37336400,0.0,0.0
2011-06-16,26.971023728881807,27.024128044429876,26.35367055045801,26.791791915893555,50316600,0.0,0.0
2011-06-17,27.117050896893858,27.256455046661298,26.91126828028923,27.083860397338867,31999600,0.0,0.0
2011-06-20,26.884725228238672,27.090510456419057,26.632472776319776,26.871448516845703,21565400,0.0,0.0
2011-06-21,27.00421817984873,27.36931894889773,26.71877516187287,27.156896591186523,34241100,0.0,0.0
2011-06-22,26.997574194626026,27.568460138336704,26.871449231449372,27.01085090637207,27306300,0.0,0.0
2011-06-23,26.63246609300577,26.718763429267213,26.300555988294377,26.599275588989258,48307500,0.0,0.0
2011-06-24,26.586007454564008,26.672304818655206,26.181076591067555,26.214269638061523,36136800,0.0,0.0
2011-06-27,26.154528167900306,26.625840105333264,26.10806093645053,26.473161697387695,30632700,0.0,0.0
2011-06-28,26.599277617066893,26.599277617066893,26.048308118019015,26.247453689575195,41558700,0.0,0.0
2011-06-29,26.579365757256785,26.924552621512866,26.499705497008332,26.851531982421875,44775900,0.0,0.0
2011-06-30,27.030774322686703,27.263110508434213,26.798435604664693,27.17681312561035,28000100,0.0,0.0
2011-07-01,27.256950236610646,27.8647380268965,27.23023367382559,27.77123260498047,32136800,0.25,0.0
2011-07-05,27.724481770831066,27.724481770831066,27.36381830700002,27.40389060974121,23805800,0.0,0.0
2011-07-06,27.110019140129957,27.15009399532184,26.836180665899647,27.089982986450195,23865700,0.0,0.0
2011-07-07,27.510761899913845,27.911502872417344,27.450650881429958,27.59758949279785,28550800,0.0,0.0
2011-07-08,27.183488507924483,27.3638215350294,27.089983060055058,27.210205078125,20680000,0.0,0.0
2011-07-11,26.84285867241451,26.862897374029576,26.241751128442356,26.335256576538086,38328000,0.0,0.0
2011-07-12,26.208351325949206,26.79610046450504,26.208351325949206,26.308534622192383,33808300,0.0,0.0
2011-07-13,26.495548824724274,26.963078576372347,26.321896227282966,26.462154388427734,34020600,0.0,0.0
2011-07-14,27.504071869086125,27.544146712966896,26.909642364595406,26.94971466064453,65327400,0.0,0.0
2011-07-15,27.123375605651493,27.216881046994153,26.382007395245864,26.702598571777344,46544900,0.0,0.0
2011-07-18,26.575696611248286,26.715954762270528,26.001303176206353,26.602413177490234,47603200,0.0,0.0
2011-07-19,26.66251954112112,27.043224210665592,26.5222614010863,26.97643280029297,34837400,0.0,0.0
2011-07-20,27.17680657039055,27.624300178789944,27.130053849072556,27.357139587402344,31250900,0.0,0.0
2011-07-21,27.764551600825616,28.4190920881712,27.537465917637835,28.245439529418945,45552200,0.0,0.0
2011-07-22,28.232086852082457,28.265481287567304,27.891456985773534,28.178653717041016,19986100,0.0,0.0
2011-07-25,27.731156387803082,27.991636492481557,27.577539981142227,27.844697952270508,22522300,0.0,0.0
2011-07-26,27.717803502948982,27.911494789509515,27.57754534971495,27.6777286529541,24350600,0.0,0.0
2011-07-27,27.517422974691776,27.651003204962464,27.110004418890117,27.163434982299805,32361100,0.0,0.0
2011-07-28,27.1768076445251,27.544154109160083,27.13005492135925,27.170129776000977,23370200,0.0,0.0
2011-07-29,26.87624996001533,27.216877241252483,26.64916425657995,27.016508102416992,37793400,0.0,0.0
2011-08-01,27.490716554645953,27.630974701618126,26.68923742535481,27.009828567504883,34039300,0.0,0.0
2011-08-02,26.782747227987826,26.969760668972512,26.609094619750977,26.609094619750977,42119000,0.0,0.0
2011-08-03,26.555654323272595,26.729309432541285,26.281815925885795,26.64916229248047,41110100,0.0,0.0
2011-08-04,26.25510068332769,26.442111517335018,25.259930428435435,25.326719284057617,59931100,0.0,0.0
2011-08-05,25.58052095551289,25.881075894825546,24.525242282609142,25.112991333007812,85507800,0.0,0.0
2011-08-08,24.197983674436177,25.19315443750477,22.50151937789841,22.74864387512207,107650300,0.0,0.0
2011-08-09,23.630264330970878,24.438421406807983,22.50151353377529,24.311521530151367,78985700,0.0,0.0
2011-08-10,23.723771393263824,23.944176725454152,22.701886798550138,22.955686569213867,83975700,0.0,0.0
2011-08-11,23.129340708358747,24.912629632282282,23.129340708358747,24.505210876464844,69583500,0.0,0.0
2011-08-12,24.799088550861228,25.279974058921788,23.76384569527617,23.984251022338867,44072800,0.0,0.0
2011-08-15,24.398344466710885,24.805763177731926,24.304839034246765,24.632110595703125,34827900,0.0,0.0
2011-08-16,24.224694677330145,24.42506384825659,23.890745209842,24.06439781188965,42266600,0.0,0.0
2011-08-17,24.351592894084213,24.885911495994794,24.25808745722887,24.42506217956543,30131400,0.0,0.0
2011-08-18,23.556797705198118,23.690378012890257,23.042515176674474,23.50336456298828,57130300,0.0,0.0
2011-08-19,23.216173682493743,23.71042018198161,22.88222410246583,22.94233512878418,52960800,0.0,0.0
2011-08-22,23.456607247735274,23.49668209655124,22.274425959899855,22.31450080871582,50971400,0.0,0.0
2011-08-23,22.234347477811976,23.242873354908674,21.579807082770536,23.229515075683594,55807900,0.0,0.0
2011-08-24,23.25623368831433,24.051032263675346,23.162728273310858,23.93081283569336,41959800,0.0,0.0
2011-08-25,25.239901925414376,25.76086229097253,23.65697957988687,23.857351303100586,55387600,0.0,0.0
2011-08-26,23.563468113083122,24.364947157628677,23.256235286154013,24.184614181518555,35114200,0.0,0.0
2011-08-29,24.59203827860494,25.13971519470215,24.35827467338011,25.13971519470215,27943900,0.0,0.0
2011-08-30,24.979428026097725,25.193155539977738,24.54529258037292,24.752342224121094,28818700,0.0,0.0
2011-08-31,24.992776647409695,25.400195400891956,24.859198900157725,25.086284637451172,30051100,0.0,0.0
2011-09-01,25.12636228585009,25.25994260934138,24.238057848123614,24.244735717773438,36862300,0.0,0.0
2011-09-02,23.416530150874966,23.543429991054243,23.04918381487706,23.12933349609375,41677300,0.0,0.0
2011-09-06,22.11413409032486,22.374614266671763,21.893726219365337,22.33453941345215,57071200,0.0,0.0
2011-09-07,22.775345321858424,23.36309690856712,22.62172892207245,23.25623321533203,36145900,0.0,0.0
2011-09-08,23.002438560743993,23.316351877636926,22.33453962119801,22.38129234313965,44815300,0.0,0.0
2011-09-09,22.09409395767371,22.174241101843258,21.326009303567552,21.42619514465332,67187400,0.0,0.0
2011-09-12,20.938635474395472,21.65328598022461,20.845128741122927,21.65328598022461,53377600,0.0,0.0
2011-09-13,21.913758674445166,22.314496901101514,21.486301338758484,21.700031280517578,50137600,0.0,0.0
2011-09-14,21.860336501798002,22.167569465981668,21.279265017740585,21.907089233398438,44442500,0.0,0.0
2011-09-15,22.28778033224488,22.588335276049627,22.127486060770018,22.58165740966797,35847800,0.0,0.0
2011-09-16,22.7419525874589,22.888891132026266,22.054017670314618,22.327856063842773,52683800,0.0,0.0
2011-09-19,21.83360899084869,21.96718924901131,21.459587325391166,21.700031280517578,33154800,0.0,0.0
2011-09-20,21.887045405752318,21.907081555749755,21.5330598340275,21.539737701416016,34085100,0.0,0.0
2011-09-21,21.526383922662152,21.673322514271614,20.210623384376177,20.264055252075195,57389200,0.0,0.0
2011-09-22,19.602830275941905,19.789841126936405,19.055153457030794,19.54939842224121,86285600,0.0,0.0
2011-09-23,19.342347532565142,19.903382594457604,19.275558675509775,19.763124465942383,51731300,0.0,0.0
2011-09-26,20.077040585612085,21.245863661095786,20.010250440801233,21.138999938964844,58696100,0.0,0.0
2011-09-27,21.786856848444042,22.12748664299603,20.871836260190147,21.08556365966797,58242900,0.0,0.0
2011-09-28,21.118960488986446,21.372761470930772,20.3174814242602,20.350875854492188,38725900,0.0,0.0
2011-09-29,21.092248445160603,21.44623534148232,20.33084406226362,20.965347290039062,51014100,0.0,0.0
2011-09-30,20.531211616965283,20.67147104555859,20.110435879017412,20.117115020751953,42420600,0.0,0.0
2011-10-03,20.05700670479389,20.50449906960146,19.128626262034174,19.135305404663086,51002700,0.0,0.0
2011-10-04,19.03423624586392,20.503073089218653,18.764725193213984,20.388530731201172,69800000,0.25,0.0
2011-10-05,20.368320259355,21.00167230075678,19.80908425150574,20.779325485229492,51117200,0.0,0.0
2011-10-06,20.691731110143298,21.870843142779577,20.496336070145524,21.81694221496582,53214000,0.0,0.0
2011-10-07,21.951699656192392,21.971912184005994,20.651305963005445,20.684995651245117,49320600,0.0,0.0
2011-10-10,21.291392729033742,21.776512601192177,21.277916855746838,21.763036727905273,37324800,0.0,0.0
2011-10-11,21.547427895834858,22.0190731798364,21.163374503068177,21.763036727905273,38161700,0.0,0.0
2011-10-12,22.07297409963635,22.820868360264747,22.025809828268798,22.36943817138672,55462500,0.0,0.0
2011-10-13,21.864108975551524,21.891060727651652,20.833227590066596,21.291397094726562,78830000,0.0,0.0
2011-10-14,21.47331702014052,21.7765165127777,21.156640366665602,21.486791610717773,51899600,0.0,0.0
2011-10-17,21.31835146261761,21.621552303573626,20.86691981337782,20.914085388183594,40865400,0.0,0.0
2011-10-18,21.129685040100075,22.51766650532024,20.981453011674663,22.1470890045166,64392400,0.0,0.0
2011-10-19,22.07971220593376,22.915195745315813,21.581115200617457,21.729347229003906,50119300,0.0,0.0
2011-10-20,21.776513829021887,22.36270021362315,21.33855820354426,22.322275161743164,41657100,0.0,0.0
2011-10-21,22.558099212026345,22.935416019382725,22.24142255995473,22.517671585083008,48445300,0.0,0.0
2011-10-24,22.64568270963361,23.373361732582847,22.618730968345986,23.292509078979492,45697200,0.0,0.0
2011-10-25,23.02974649921949,23.076910782789735,22.47724840288742,22.56484031677246,38679100,0.0,0.0
2011-10-26,22.982573207450333,23.18470613927534,22.571568122925658,23.02973747253418,36350900,0.0,0.0
2011-10-27,24.633336136092822,25.29363857674756,24.053886373612464,24.943273544311523,76438300,0.0,0.0
2011-10-28,24.66702535430972,24.91632261958451,24.3840371159418,24.72092628479004,39891200,0.0,0.0
2011-10-31,24.208850219201587,24.256014486192846,23.400315888943204,23.420528411865234,46429800,0.0,0.0
2011-11-01,21.877582214550433,22.66590159150364,21.453101166050885,22.039287567138672,74052400,0.0,0.0
2011-11-02,22.71306545859417,22.73328055499951,22.275111113801405,22.66590118408203,34325900,0.0,0.0
2011-11-03,22.98930790918783,23.258820175613543,22.126872769040688,23.164491653442383,40084700,0.0,0.0
2011-11-04,22.901718591895772,22.948882852949588,22.537877803543942,22.888242721557617,30858700,0.0,0.0
2011-11-07,22.928677847889684,23.137550074617987,22.7130689681588,23.070173263549805,25925900,0.0,0.0
2011-11-08,23.265558335115877,23.703515153907226,22.921932614875306,23.59571075439453,30193100,0.0,0.0
2011-11-09,22.80065481457099,22.90172257455332,21.81693924115055,21.92474365234375,52990400,0.0,0.0
2011-11-10,22.180783207344327,22.389655432052816,21.74956545205247,22.059505462646484,30427400,0.0,0.0
2011-11-11,22.423343658447266,22.807397129332745,22.248162410604635,22.423343658447266,29983400,0.0,0.0
2011-11-14,22.200994652895528,22.221207178641883,21.709136821073155,21.931482315063477,27596300,0.0,0.0
2011-11-15,21.621549383156722,22.308803673076106,21.61481272993918,22.032554626464844,31260500,0.0,0.0
2011-11-16,21.789995660815382,21.89106345866929,21.156643543881625,21.203807830810547,40761800,0.0,0.0
2011-11-17,21.156637106701623,21.224015189726767,20.44243251094723,20.543498992919922,55130100,0.0,0.0
2011-11-18,20.664778561952833,20.78605885012657,20.43569385876466,20.63109016418457,39029900,0.0,0.0
2011-11-21,20.226824074900833,20.34136643277838,19.943837148681595,20.152708053588867,39658100,0.0,0.0
2011-11-22,20.145973862438428,20.28073005621941,19.79560878671212,19.81582260131836,36466200,0.0,0.0
2011-11-23,19.61368918395421,19.64063965106635,19.08814158139952,19.121829986572266,44468500,0.0,0.0
2011-11-25,19.054454072217208,19.654116451375693,19.054454072217208,19.189208984375,21423200,0.0,0.0
2011-11-28,20.017950714088887,20.26051128955608,19.418288497106094,19.64737319946289,45280100,0.0,0.0
2011-11-29,19.52609763485783,19.627164137372603,19.189208436388384,19.24311065673828,45104700,0.0,0.0
2011-11-30,20.314411144842047,20.88712283442483,20.078588533233866,20.86690902709961,61412600,0.0,0.0
2011-12-01,20.79280303784747,20.86691779224548,20.233566984907814,20.523290634155273,33189700,0.0,0.0
2011-12-02,20.806276068396414,22.41660729056579,20.759111786829124,21.78325653076172,90515100,0.0,0.0
2011-12-05,22.66589808319945,22.975835436237293,22.38291247484138,22.578306198120117,52207600,0.0,0.0
2011-12-06,22.409857142117435,22.6254684859313,22.01906720389707,22.389644622802734,38782900,0.0,0.0
2011-12-07,22.113400231229367,23.036475641918727,22.046023439598844,22.908458709716797,44722800,0.0,0.0
2011-12-08,22.605262723136367,22.706330501928395,21.614810314172235,21.709138870239258,47788900,0.0,0.0
2011-12-09,21.803466648871762,22.443556561123714,21.803466648871762,22.35596466064453,39104600,0.0,0.0
2011-12-12,21.931484015707927,21.965172417984213,21.399199805987585,21.587858200073242,35977900,0.0,0.0
2011-12-13,21.810198617455065,21.985382380793514,20.7995326487792,21.08251953125,49475100,0.0,0.0
2011-12-14,20.8062681866823,21.5204739331308,20.772579794075963,21.230749130249023,41291500,0.0,0.0
2011-12-15,21.628291606016575,21.749571957249376,21.27118977753185,21.399208068847656,33457300,0.0,0.0
2011-12-16,21.668712077378224,21.96517363216166,21.432889393018034,21.486791610717773,52596800,0.0,0.0
2011-12-19,21.473316364230648,21.49352889204425,20.496337252493554,20.684995651245117,47388000,0.0,0.0
2011-12-20,21.1566363807914,21.857365078871894,21.048831965702096,21.702396392822266,49091600,0.0,0.0
2011-12-21,21.560905206896575,21.83715420204953,21.493527121099003,21.776514053344727,30893000,0.0,0.0
2011-12-22,22.02581269544463,22.605262470829295,21.924747488041014,22.537885665893555,35543200,0.0,0.0
2011-12-23,22.652424666461577,22.706328161664448,22.322274754254423,22.618736267089844,21958800,0.0,0.0
2011-12-27,22.382911847755526,22.699585842961366,22.254892349243168,22.254892349243164,16891600,0.0,0.0
2011-12-28,22.22795180670614,22.29532862242054,21.944963526131975,21.99886703491211,19242700,0.0,0.0
2011-12-29,22.039289565758995,22.5850509633219,22.039289565758995,22.517671585083008,19792000,0.0,0.0
2011-12-30,22.30879342496479,22.51766299214774,22.275105033831363,22.403121948242188,18196900,0.0,0.0
2012-01-03,22.948888954112608,23.71025655368871,22.915197984180452,23.568763732910156,44102800,0.0,0.0
2012-01-04,23.371953898975242,23.85378188066015,23.297306972738912,23.718055725097656,36571200,0.25,0.0
2012-01-05,23.55518870656851,24.376328364341614,23.344815581133375,24.213459014892578,38381400,0.0,0.0
2012-01-06,24.220241910849737,24.2745334148008,23.846996881851044,23.996295928955078,33160600,0.0,0.0
2012-01-09,24.05058731058664,24.213459250381323,23.745206630209303,23.95557975769043,23001800,0.0,0.0
2012-01-10,24.47812480354688,24.668139916451167,24.26774907943016,24.46455192565918,35972800,0.0,0.0
2012-01-11,24.2949000352954,24.93281248874755,24.199892458507794,24.878520965576172,29852900,0.0,0.0
2012-01-12,24.987095896152,25.143180107601303,24.545986428623557,25.00745391845703,39420700,0.0,0.0
2012-01-13,23.928440425344345,24.37633514404297,23.840220581840537,24.37633514404297,61571500,0.0,0.0
2012-01-17,23.650201235786216,24.213464110678192,23.412682305869225,23.690919876098633,55115100,0.0,0.0
2012-01-18,23.439824268291122,24.892088550225747,23.43303653495773,24.797080993652344,55502100,0.0,0.0
2012-01-19,25.000671841467874,25.2110475898922,24.912449419385148,25.061748504638672,37000400,0.0,0.0
2012-01-20,24.95995186975929,25.380703344131742,24.851371428673932,25.353557586669922,34716500,0.0,0.0
2012-01-23,25.3196139346625,25.747147749975078,25.292468190869776,25.557132720947266,27499200,0.0,0.0
2012-01-24,25.231391561716464,25.713216864614484,24.97351217320685,25.557132720947266,25403800,0.0,0.0
2012-01-25,25.353554829541654,25.665723240119384,25.190682891244524,25.51642417907715,29860700,0.0,0.0
2012-01-26,25.70645053614861,25.85574705874905,25.278913819185394,25.44178581237793,33284600,0.0,0.0
2012-01-27,25.26534481079033,25.557155342957707,25.211055863911444,25.251771926879883,27674600,0.0,0.0
2012-01-30,24.878522229436413,25.224621646568153,24.67493418472583,25.11604118347168,24423600,0.0,0.0
2012-01-31,25.468921814647636,25.475709548032103,25.061745829480063,25.312837600708008,29649500,0.0,0.0
2012-02-01,25.713227016130705,25.808234568153352,25.4485623815643,25.51642417907715,41957800,0.0,0.0
2012-02-02,25.577503824734553,25.896460005636214,25.39427384349925,25.48249626159668,26784200,0.0,0.0
2012-02-03,25.971110591380484,26.12719482121944,25.821811506855376,25.977895736694336,41074400,0.0,0.0
2012-02-06,25.828596057143102,26.00503828993632,25.65893896882736,25.882884979248047,23106200,0.0,0.0
2012-02-07,25.692879922447556,25.86932222428323,25.584299446988048,25.699665069580078,21091900,0.0,0.0
2012-02-08,25.821809426655644,26.025397423576663,25.767520502232227,25.991466522216797,23258700,0.0,0.0
2012-02-09,26.195044926256784,26.24933641955996,25.679288683681044,25.692861557006836,28608400,0.0,0.0
2012-02-10,25.258551568035212,25.631796695280034,25.18390202483383,25.523216247558594,22618800,0.0,0.0
2012-02-13,25.84217003848103,26.018612278809425,25.638579452798172,25.991466522216797,24828000,0.0,0.0
2012-02-14,25.94395722870783,25.964315247444706,25.407840299372328,25.73358154296875,27031900,0.0,0.0
2012-02-15,25.842174371512254,26.05933528314158,25.319630118915985,25.380706787109375,26534900,0.0,0.0
2012-02-16,25.211043093345083,25.869310802599724,25.14317870816931,25.78787612915039,22139600,0.0,0.0
2012-02-17,26.19505232265843,26.22219807697486,25.94396056713551,26.10683250427246,28009300,0.0,0.0
2012-02-21,26.228987203308936,26.446148071853465,26.066115257519662,26.100046157836914,22804200,0.0,0.0
2012-02-22,25.99146859863063,26.052545261462427,25.72001877730422,25.835384368896484,23416900,0.0,0.0
2012-02-23,25.828604242405945,26.140772762532457,25.618228454270664,26.12041473388672,31361400,0.0,0.0
2012-02-24,26.235775267575328,26.24934814696507,25.91681907382152,25.977895736694336,17586400,0.0,0.0
2012-02-27,25.835381811963753,26.622590616795605,25.645366696964896,26.507225036621094,34030400,0.0,0.0
2012-02-28,26.55473891850633,26.839761699445667,26.36472114245067,26.609027862548828,37900900,0.0,0.0
2012-02-29,26.690454019639965,27.104415135036692,26.48007830098653,26.629377365112305,41187700,0.0,0.0
2012-03-01,26.812611664059215,27.45052412914168,26.785468490740964,27.39623260498047,44376700,0.0,0.0
2012-03-02,27.436947594042792,27.742330904872706,27.30122139047816,27.572673797607422,34897900,0.0,0.0
2012-03-05,27.620177749147214,27.626962894423958,27.145137328152146,27.416589736938477,30806900,0.0,0.0
2012-03-06,26.771888638656897,27.05691130000008,26.547940042948664,26.683666229248047,33927500,0.0,0.0
2012-03-07,26.77867133603223,27.185849857722978,26.72438241973033,27.1112003326416,22875100,0.0,0.0
2012-03-08,27.464091920151517,27.654107041974783,27.294434821734495,27.4437313079834,22052300,0.0,0.0
2012-03-09,27.654108707067685,28.122361394938547,27.484451598435367,27.84412384033203,33494200,0.0,0.0
2012-03-12,27.728751799076168,27.810186467423772,27.280857240022193,27.5115909576416,30763800,0.0,0.0
2012-03-13,27.837343140550278,29.676425870515594,27.7016169142171,29.44569206237793,77277600,0.0,0.0
2012-03-14,29.60177009115572,29.859649608078826,29.228524988807116,29.574626922607422,68028700,0.0,0.0
2012-03-15,29.615344917875994,30.483988498845633,29.133519343354525,30.334692001342773,57117700,0.0,0.0
2012-03-16,30.450051752269275,30.483982650248098,30.008944901021437,30.246463775634766,48844500,0.0,0.0
2012-03-19,30.158243852930738,30.7757955665325,30.00215963836785,30.53827667236328,41509300,0.0,0.0
2012-03-20,30.219331495774576,30.94546390908387,30.110751020572142,30.796167373657227,34796200,0.0,0.0
2012-03-21,30.89795037137008,30.992957933622563,30.443270583801223,30.619712829589844,27267900,0.0,0.0
2012-03-22,30.348258320887492,30.60613521026954,30.137882616512282,30.30075454711914,27457200,0.0,0.0
2012-03-23,30.165043940343566,30.707946341332793,30.1582562041521,30.646869659423828,30639300,0.0,0.0
2012-03-26,30.864020796845193,31.332273483276367,30.809731868406026,31.332273483276367,33529400,0.0,0.0
2012-03-27,31.16261762316305,31.54943822680784,31.10154354700886,31.14225959777832,33026400,0.0,0.0
2012-03-28,31.05402934867794,31.427276978433913,30.782579586482612,31.400131225585938,29755800,0.0,0.0
2012-03-29,31.162611334820173,31.23047572034505,30.721504478335703,30.99295425415039,32262300,0.0,0.0
2012-03-30,31.271193469915033,31.30512436733993,30.877587811253953,31.20332908630371,25945800,0.0,0.0
2012-04-02,31.04725615315286,31.454432247525283,30.850453252409114,31.30513572692871,27669300,0.0,0.0
2012-04-03,31.24364560948876,31.41441323335724,30.717681015288974,31.025060653686523,31036400,0.3,0.0
2012-04-04,30.51960015399778,30.642553092763226,30.027788398935993,30.33517074584961,41342900,0.0,0.0
2012-04-05,30.14390360580579,30.553744886788774,29.92532124185389,30.2873477935791,28832300,0.0,0.0
2012-04-09,29.501824701421853,30.246371921812013,29.419856941167446,29.9799747467041,29376400,0.0,0.0
2012-04-10,29.973133691868544,30.061930979047823,29.139786864104934,29.344707489013672,38841000,0.0,0.0
2012-04-11,29.77505080693961,30.198553895549285,29.761389080764094,30.061939239501953,32142200,0.0,0.0
2012-04-12,30.137079242160752,30.73135264083239,30.055111485888386,30.628890991210938,33631100,0.0,0.0
2012-04-13,30.704020065351763,30.704020065351763,29.41301721333149,29.51547622680664,58183900,0.0,0.0
2012-04-16,29.631603265099535,29.91849166546435,29.26274451688116,29.597450256347656,40387600,0.0,0.0
2012-04-17,29.84335243923833,30.05510525522757,29.481325868854018,29.986799240112305,26887000,0.0,0.0
2012-04-18,29.795537512807286,29.99362860333749,29.556463855758718,29.570125579833984,20242900,0.0,0.0
2012-04-19,29.67257442207353,29.843342005868006,29.21491854824348,29.522300720214844,25961800,0.0,0.0
2012-04-20,29.72040038474313,29.768217723552034,29.173944430936263,29.180776596069336,26178100,0.0,0.0
2012-04-23,28.63432669572427,29.344720953353875,28.55235892929264,29.269582748413086,25536300,0.0,0.0
2012-04-24,29.358374701153064,29.58378925469789,29.242253947417318,29.563295364379883,21420400,0.0,0.0
2012-04-25,29.81604051414747,29.979976041737743,29.35838173773248,29.481334686279297,31694000,0.0,0.0
2012-04-26,29.52230801154512,29.979963998405662,29.413016835152515,29.918487548828125,28100300,0.0,0.0
2012-04-27,30.014123731074786,30.048279348491626,29.52914418996577,29.60428237915039,26242900,0.0,0.0
2012-04-30,29.597459526267844,29.624780378401706,29.057832959571574,29.358383178710938,23518000,0.0,0.0
2012-05-01,29.37203102179003,30.219039574510926,29.34470757686517,29.911657333374023,26359700,0.0,0.0
2012-05-02,29.68625086949251,29.73406560822043,29.26274778117044,29.50865364074707,22462200,0.0,0.0
2012-05-03,29.63160612473866,29.638435684865115,29.146623973110977,29.378868103027344,19536400,0.0,0.0
2012-05-04,28.91437635078962,29.153449990411225,28.490870752449574,28.5181941986084,31279900,0.0,0.0
2012-05-07,28.299611210671983,28.962190433881553,28.258626042346265,28.538684844970703,25910100,0.0,0.0
2012-05-08,28.347432532729375,28.579676662527035,27.97174418897934,28.265464782714844,28049700,0.0,0.0
2012-05-09,27.814631861357828,28.019552492187398,27.404787993991494,27.759984970092773,38769900,0.0,0.0
2012-05-10,28.162999787411106,28.279123141336463,27.69168202381491,27.828296661376953,35827100,0.0,0.0
2012-05-11,25.36923738054501,25.949848855865866,25.01404041587636,25.24628448486328,217294200,0.0,0.0
2012-05-14,24.658846076080522,24.91158405838913,24.426601982371793,24.44709587097168,96488500,0.0,0.0
2012-05-15,24.72032855587986,25.458046188312153,24.67251381367125,24.754484176635742,89903700,0.0,0.0
2012-05-16,25.130166696487528,25.259949165704192,24.221681594848633,24.221681594848633,68729600,0.0,0.0
2012-05-17,23.934792980145385,23.97577554597686,23.14243123701239,23.176584243774414,95429200,0.0,0.0
2012-05-18,23.217578735844135,23.217578735844135,22.520846174229465,22.87604331970215,82650100,0.0,0.0
2012-05-21,22.896525812077606,23.02630828228321,22.035855434944843,22.206623077392578,99554800,0.0,0.0
2012-05-22,22.759917615714397,23.620588236329205,22.534505618882633,23.23123550415039,84721000,0.0,0.0
2012-05-23,22.96483560752173,23.511291632177183,22.68477673202907,23.402000427246094,52512900,0.0,0.0
2012-05-24,23.524948393963488,23.552271840857074,22.964830761181545,23.203907012939453,37843800,0.0,0.0
2012-05-25,23.224401217788014,23.31320112851299,22.73942170008051,22.88286590576172,28796400,0.0,0.0
2012-05-29,23.210738090403247,23.224399814743876,22.78723505867366,22.971664428710938,35855200,0.0,0.0
2012-05-30,22.746257470221092,22.84188696678496,22.507183728811434,22.514013290405273,34203600,0.0,0.0
2012-05-31,22.514008014832747,22.86237550577979,22.479855003449718,22.6437931060791,42124900,0.0,0.0
2012-06-01,22.138321316688458,22.302259431451105,21.70115648493197,21.810447692871094,50472200,0.0,0.0
2012-06-04,21.967547857591267,21.974377416292086,21.05906411650827,21.175186157226562,60492400,0.0,0.0
2012-06-05,21.100047359219094,21.947055926979974,21.079556078015152,21.851425170898438,46502800,0.0,0.0
2012-06-06,22.343239815220198,22.753083759089748,22.042689674282006,22.58914566040039,47980500,0.0,0.0
2012-06-07,23.067297766046178,23.108282945948876,22.404718355679506,22.411550521850586,53888800,0.0,0.0
2012-06-08,22.38422885529621,23.00582313537598,22.233952456032487,23.005823135375977,34238200,0.0,0.0
2012-06-11,23.477137830738315,23.52495256843309,22.39105537821396,22.418378829956055,46404900,0.0,0.0
2012-06-12,22.459366355731042,23.074128449955833,22.20662830925418,23.067298889160156,43334400,0.0,0.0
2012-06-13,23.012651548910924,23.955289869248634,22.971668973488416,23.429325103759766,72456600,0.0,0.0
2012-06-14,23.504469279662292,23.832342995000136,23.272225072251068,23.668407440185547,44428000,0.0,0.0
2012-06-15,23.83233568558765,23.95528861684308,23.504462070809126,23.92796516418457,40917100,0.0,0.0
2012-06-18,23.709379900611065,24.11239165883904,23.565935699980994,23.647903442382812,31084400,0.0,0.0
2012-06-19,23.90065028494331,24.33781521380292,23.723050404026274,24.16704750061035,32489000,0.0,0.0
2012-06-20,24.611039066231445,25.23263336414169,24.47442699648184,24.897930145263672,61149700,0.0,0.0
2012-06-21,24.9252440651769,25.294100160369144,24.20118838626767,24.25583267211914,95637000,0.0,0.0
2012-06-22,24.604204816910503,24.925248852207986,24.563219640370068,24.58371353149414,44193500,0.0,0.0
2012-06-25,24.08507149150291,24.2285183173878,23.661568391391285,24.126056671142578,33115800,0.0,0.0
2012-06-26,24.631534308591696,24.672516889475023,24.303660632983366,24.392457962036133,35053600,0.0,0.0
2012-06-27,24.344640391678098,25.15066406124972,24.2490109064252,25.123340606689453,34156800,0.0,0.0
2012-06-28,24.12605681828888,24.542730360522498,23.805012756756504,24.508577346801758,69904800,0.0,0.0
2012-06-29,25.068697876210102,25.137003911188586,24.07824473477284,24.406118392944336,56063200,0.0,0.0
2012-07-02,24.77497738454514,24.836453858678826,24.310489047914647,24.78180694580078,34274900,0.0,0.0
2012-07-03,24.768028694528034,24.892006804570382,24.47874818938535,24.712928771972656,26705900,0.3,0.0
2012-07-05,24.526959057665984,24.561396834113033,23.569574684294828,23.679777145385742,58519800,0.0,0.0
2012-07-06,23.362941785516686,23.500695512929656,23.23207718956296,23.34916877746582,32057200,0.0,0.0
2012-07-09,23.28718196539794,23.5006977673081,23.10121480966602,23.39049530029297,30545000,0.0,0.0
2012-07-10,23.569572617899777,23.72798847761468,23.287178671897777,23.590234756469727,33175500,0.0,0.0
2012-07-11,23.56267585485691,23.969047755523064,23.500686831791466,23.82440757751465,35144300,0.0,0.0
2012-07-12,23.645335630468875,23.81063798225298,23.376714710811054,23.445592880249023,39301500,0.0,0.0
2012-07-13,24.14812640869995,24.933318886987845,24.010372743094635,24.843778610229492,83001000,0.0,0.0
2012-07-16,24.630268450293595,24.692257488964,23.92084038462502,24.16879653930664,52368300,0.0,0.0
2012-07-17,24.409868625062444,24.437419898503205,23.60401358267553,24.099925994873047,43998300,0.0,0.0
2012-07-18,23.934613948480198,24.26522125031829,23.86573841255141,24.079254150390625,28944900,0.0,0.0
2012-07-19,24.12057686152295,24.223890147482866,23.631553809987352,23.734867095947266,34384700,0.0,0.0
2012-07-20,23.45248210245019,23.507584644388903,23.34916877746582,23.34916877746582,36301200,0.0,0.0
2012-07-23,22.89459012740882,23.76243440165906,22.798160650328043,23.721107482910156,41248300,0.0,0.0
2012-07-24,23.817526001506643,24.031041748217206,23.569569857967448,23.920839309692383,29920400,0.0,0.0
2012-07-25,24.093040933551087,24.41676188259074,23.962176303747682,24.223905563354492,32127700,0.0,0.0
2012-07-26,24.644048137972074,24.75425059957679,24.34099202541759,24.66471290588379,28900500,0.0,0.0
2012-07-27,24.8024714673485,25.622104985115268,24.45808834289113,25.408586502075195,63636200,0.0,0.0
2012-07-30,25.139964058035755,25.1537396960994,24.754254074556666,24.89200782775879,30698200,0.0,0.0
2012-07-31,24.871340776262514,25.022870137625432,24.73358705024475,24.795576095581055,19681600,0.0,0.0
2012-08-01,24.926440690209347,25.07108354761658,24.671598004908446,24.795576095581055,22180200,0.0,0.0
2012-08-02,24.533850873346235,24.685380275438753,23.94151153145857,24.223905563354492,36675000,0.0,0.0
2012-08-03,24.671599684824475,24.99532056889366,24.45119475916196,24.857566833496094,24516300,0.0,0.0
2012-08-06,24.960880617204385,25.346587889792346,24.871340302882007,25.00220489501953,18979200,0.0,0.0
2012-08-07,25.188187091655557,26.083582888082784,25.188187091655557,25.491243362426758,37225800,0.0,0.0
2012-08-08,25.381036408100957,25.814959900884947,25.312160830963432,25.594554901123047,18672400,0.0,0.0
2012-08-09,25.29148817602458,25.66341981645795,25.201947860997215,25.42923927307129,23406700,0.0,0.0
2012-08-10,25.319041201203348,25.48434622467772,25.071087607143113,25.46368408203125,15492700,0.0,0.0
2012-08-13,25.394797526244076,25.546326862211888,25.24327081770961,25.47745132446289,14453500,0.0,0.0
2012-08-14,25.773616067305927,25.92514539050741,25.47056004833609,25.553211212158203,18065100,0.0,0.0
2012-08-15,25.532554626464844,25.76673516437752,25.449903444682043,25.532554626464844,17521300,0.0,0.0
2012-08-16,25.608313739661696,25.725402669456933,25.346581988886353,25.553211212158203,15894100,0.0,0.0
2012-08-17,25.622104746772393,25.622104746772393,25.346597198795443,25.4705753326416,17079800,0.0,0.0
2012-08-20,25.429238215570106,25.82872373720706,25.346587035292465,25.73918342590332,17922100,0.0,0.0
2012-08-21,25.918266735197342,26.76544864630454,25.870053322751446,26.200660705566406,36880600,0.0,0.0
2012-08-22,26.090452783839904,26.297082026422068,25.870047908094477,26.056015014648438,16899400,0.0,0.0
2012-08-23,26.04224682407176,26.09734674503838,25.62209908853553,25.64276123046875,16429500,0.0,0.0
2012-08-24,25.443015028644087,25.78739802775779,25.257047893830634,25.601430892944336,20019300,0.0,0.0
2012-08-27,25.69786377886949,25.787401478869512,25.415469786900996,25.64276123046875,17618200,0.0,0.0
2012-08-28,25.55321828938693,25.821839244214132,25.415467187342852,25.573883056640625,18050500,0.0,0.0
2012-08-29,25.70474700985739,25.821838596578715,25.525669005231215,25.69097137451172,13681900,0.0,0.0
2012-08-30,25.525672594116976,25.5738860108887,25.284602882824206,25.415470123291016,13700700,0.0,0.0
2012-08-31,25.580766677856445,25.759847294225807,25.387913054781958,25.580766677856445,16771600,0.0,0.0
2012-09-04,25.470581211161882,25.649661946908513,25.332827405380314,25.491243362426758,13631400,0.0,0.0
2012-09-05,25.539446044377126,25.6840862823063,25.443016591657077,25.560108184814453,13537500,0.0,0.0
2012-09-06,25.883825581584556,26.772331657468865,25.828723044587985,26.648353576660156,41346800,0.0,0.0
2012-09-07,26.88942063837064,27.226914448868005,26.861869372532762,27.068498611450195,28082400,0.0,0.0
2012-09-10,27.020299961234024,27.399120877299186,26.675916832550286,26.696578979492188,20853500,0.0,0.0
2012-09-11,26.724137665972563,27.295815079175398,26.675924224791057,27.275150299072266,22378900,0.0,0.0
2012-09-12,27.467991972579988,27.72283468618762,27.40600292035823,27.495540618896484,29882200,0.0,0.0
2012-09-13,27.440439484492206,28.638893565265636,27.26824797232231,28.514915466308594,47018600,0.0,0.0
2012-09-14,28.900624041927223,28.990164367871554,28.397825119589825,28.63200569152832,43471600,0.0,0.0
2012-09-17,28.239412779245527,28.542468946122018,28.204974996465033,28.370277404785156,19740100,0.0,0.0
2012-09-18,28.273852994292593,28.466709323835797,28.005234587088612,28.418493270874023,25186600,0.0,0.0
2012-09-19,28.466704345859572,28.762871353406418,28.266961545070668,28.473590850830078,22887200,0.0,0.0
2012-09-20,28.211851642143237,28.43225652782924,27.929457718143453,28.41159439086914,20997400,0.0,0.0
2012-09-21,28.604445967944418,28.721537533041495,28.080985058649564,28.156749725341797,28287400,0.0,0.0
2012-09-24,27.970800399331505,28.56313984907077,27.957024757775365,28.39783477783203,20499500,0.0,0.0
2012-09-25,28.618226519372115,28.618226519372115,27.915684890343456,27.929460525512695,21988200,0.0,0.0
2012-09-26,27.65395334355992,27.984560677095832,27.34400814729703,27.7159423828125,23782700,0.0,0.0
2012-09-27,27.826143579990102,28.232515568555755,27.69527637663784,28.018997192382812,20843400,0.0,0.0
2012-09-28,27.83992537564345,27.984568258038514,27.660847340087326,27.88125228881836,21380700,0.0,0.0
2012-10-01,28.156757135099024,28.58379135459458,28.101654589391728,28.218746185302734,21956400,0.0,0.0
2012-10-02,28.3358364787351,28.404714664089894,27.936353513413767,28.184307098388672,26946100,0.0,0.0
2012-10-03,28.330013432047185,28.447967147297355,28.045531219609156,28.350828170776367,22419100,0.3,0.0
2012-10-04,28.558983039221232,29.13488217195905,28.38551982769855,29.016925811767578,24326500,0.0,0.0
2012-10-05,29.169577901657195,29.447117486402732,28.767141930543676,28.94060516357422,22774400,0.0,0.0
2012-10-08,28.676936636452957,29.030800389256278,28.524288178032002,28.905906677246094,18631300,0.0,0.0
2012-10-09,28.982249366458603,29.107143158018847,28.65613750551353,28.711647033691406,19947500,0.0,0.0
2012-10-10,28.829588372393047,29.14182271658133,28.67694252944232,28.982236862182617,25797600,0.0,0.0
2012-10-11,29.39855279811775,29.585893438032375,29.037748896819878,29.211212158203125,27755000,0.0,0.0
2012-10-12,28.864283099372482,29.440182347048264,28.55205137378729,28.87816047668457,44564000,0.0,0.0
2012-10-15,29.07937157353744,29.426297983456443,28.954477854219522,29.40548324584961,26268000,0.0,0.0
2012-10-16,29.689967186947527,29.911999910384946,29.329163349652006,29.717721939086914,28588100,0.0,0.0
2012-10-17,29.787114081518048,30.210364900087153,29.676097690322838,30.057716369628906,26177500,0.0,0.0
2012-10-18,29.898118903054478,30.078519476372353,29.6622088321997,29.842609405517578,23630400,0.0,0.0
2012-10-19,29.696908303873823,29.710785681696976,29.18345855861314,29.363859176635742,29747500,0.0,0.0
2012-10-22,29.315278111731207,29.502618668172314,28.794888559451955,29.204261779785156,27993000,0.0,0.0
2012-10-23,28.774085639499674,28.961426272866174,28.48266599420538,28.67694664001465,22896400,0.0,0.0
2012-10-24,28.919790422598997,29.058561538391206,28.683880319803905,28.94060516357422,18918900,0.0,0.0
2012-10-25,29.308349952639396,29.336102059212266,28.72551336518569,28.912851333618164,17311700,0.0,0.0
2012-10-26,28.739391100882578,28.90591699193143,28.35777246549304,28.558990478515625,21892700,0.0,0.0
2012-10-31,28.760196824736493,28.996106864034033,28.5520415304947,28.919782638549805,19423500,0.0,0.0
2012-11-01,28.933659640577,29.76628345372044,28.850398053314102,29.724651336669922,23325400,0.0,0.0
2012-11-02,29.86343743122656,29.88425217680019,29.370802375827946,29.433246612548828,17029200,0.0,0.0
2012-11-05,29.370796634853967,29.391611376359034,29.044684901466862,29.329164505004883,13252500,0.0,0.0
2012-11-06,29.537330701222462,29.870379921732408,29.426314294385815,29.752426147460938,17190900,0.0,0.0
2012-11-07,29.148767868944383,29.148767868944383,27.969219704172716,28.087173461914062,47631200,0.0,0.0
2012-11-08,28.642254613457585,28.79490313974123,28.031665802001953,28.031665802001953,27830900,0.0,0.0
2012-11-09,27.969221941323468,28.60756558052493,27.656987488740246,28.184314727783203,27553200,0.0,0.0
2012-11-12,28.343900831165428,28.385532974074113,27.96228211844169,28.15656280517578,12816000,0.0,0.0
2012-11-13,27.879018437882493,28.114928603409783,27.754124665142186,27.781879425048828,19793500,0.0,0.0
2012-11-14,27.89981785546697,28.010834187258535,27.150458277583436,27.261474609375,30986600,0.0,0.0
2012-11-15,27.101895774712993,27.559838592096526,27.03944890657711,27.33086585998535,24858700,0.0,0.0
2012-11-16,27.358615277321647,27.525138461988924,26.94230466881515,27.42799949645996,32458000,0.0,0.0
2012-11-19,27.816563833356245,28.23981454055623,27.816563833356245,28.163490295410156,26781200,0.0,0.0
2012-11-20,27.983091805525422,28.572865776663004,27.927582296936965,28.239816665649414,19375900,0.0,0.0
2012-11-21,28.406332383125175,28.434087130077163,27.996959129517585,28.260623931884766,13030200,0.0,0.0
2012-11-23,28.517362934402687,28.600627216749555,28.427163932119758,28.510425567626953,8316700,0.0,0.0
2012-11-26,28.302259175315235,28.36470603942871,27.816561637414736,28.36470603942871,20376600,0.0,0.0
2012-11-27,28.357765308978212,28.586738020530724,28.198179470701575,28.274503707885742,19875000,0.0,0.0
2012-11-28,28.094116439374226,28.3647187562394,27.670865575830298,28.330026626586914,26106900,0.0,0.0
2012-11-29,28.552052677733133,28.690821163513277,28.385526789222077,28.600622177124023,18915000,0.0,0.0
2012-11-30,28.441035942054906,28.683883435944413,28.343894297659933,28.503482818603516,20066600,0.0,0.0
2012-12-03,28.63532443788258,28.70470870534052,28.27452042405299,28.316152572631836,18955500,0.0,0.0
2012-12-04,28.295315151365145,28.392454115800632,27.89288192058409,28.149606704711914,24031100,0.0,0.0
2012-12-05,28.232872142810237,28.7879565526512,28.101041051234255,28.58673858642578,25515600,0.0,0.0
2012-12-06,28.62142610158004,28.82958139840571,28.524287139517277,28.77407455444336,20541700,0.0,0.0
2012-12-07,29.030814691604736,29.537327152367915,28.954490424792272,29.5303897857666,34552900,0.0,0.0
2012-12-10,29.516506108488766,29.60670508926024,29.148762232925453,29.35692024230957,22394500,0.0,0.0
2012-12-11,29.558138873737683,29.89812803287544,29.433245112980085,29.585893630981445,21955000,0.0,0.0
2012-12-12,29.83568185014867,30.09934675645106,29.627526459631788,29.676095962524414,23110600,0.0,0.0
2012-12-13,29.59283589919265,29.780173907768077,29.488756875015607,29.683034896850586,18457000,0.0,0.0
2012-12-14,29.676095035454757,29.912005176494652,29.634462899916198,29.70384979248047,16208600,0.0,0.0
2012-12-17,29.83567686881784,30.18954070893189,29.703845761096716,30.168725967407227,23879800,0.0,0.0
2012-12-18,30.411569417611656,30.487891002074498,30.050765644903045,30.439321517944336,33858600,0.0,0.0
2012-12-19,30.522596962325366,30.800136595387627,30.127098287071814,30.20342254638672,34348500,0.0,0.0
2012-12-20,30.314429891377852,30.90420639862962,30.12015194147017,30.897266387939453,25014900,0.0,0.0
2012-12-21,30.404647226995706,30.6683121859731,30.071598006264225,30.529541015625,38973500,0.0,0.0
2012-12-24,30.335255330387156,30.543410710100265,30.328315317854475,30.474023818969727,8621200,0.0,0.0
2012-12-26,30.49484981801719,30.654435742407525,30.33526389362686,30.501787185668945,11498900,0.0,0.0
2012-12-27,30.50178588283347,30.543418027485743,29.766303188522567,30.272815704345703,19567000,0.0,0.0
2012-12-28,29.90505944929497,30.31443277325989,29.898122084783854,30.002201080322266,15401200,0.0,0.0
2012-12-31,29.905060711249213,30.529529417153835,29.870368593552048,30.50871467590332,24209600,0.0,0.0
2013-01-02,31.423909777366188,31.43788248938637,30.892960045710815,31.20035171508789,31413000,0.3,0.0
2013-01-03,31.256227370550018,31.263212390653763,30.87897232444323,31.137460708618164,24227700,0.0,0.0
2013-01-04,31.053637013384417,31.738283797086233,31.046649326038448,31.689380645751953,24487700,0.0,0.0
2013-01-07,31.50075569262063,31.780204579308286,31.451852537203603,31.724313735961914,24456900,0.0,0.0
2013-01-08,31.71732478842886,31.78718566894531,31.409930518104254,31.787185668945312,19624200,0.0,0.0
2013-01-09,31.82910166909078,32.27621767056698,31.53568012748353,31.766225814819336,25920600,0.0,0.0
2013-01-10,32.059644690213865,32.24827225302118,31.808141273137448,32.24128723144531,23413600,0.0,0.0
2013-01-11,32.11553848784678,32.24129020799452,31.76622874633014,32.23430252075195,19723900,0.0,0.0
2013-01-14,32.05964310228458,32.26224336323031,31.773209261472882,32.05265808105469,19079500,0.0,0.0
2013-01-15,31.780208934115823,32.464855868792704,31.682399944857018,32.381019592285156,29898000,0.0,0.0
2013-01-16,32.07360722335387,32.716338270318175,31.836076589804996,32.7093505859375,43453600,0.0,0.0
2013-01-17,32.415958296713015,32.74430777541188,32.33910969584,32.44390106201172,41086800,0.0,0.0
2013-01-18,32.40195944467641,32.55565385742268,32.26223507079916,32.457847595214844,28679100,0.0,0.0
2013-01-22,32.3111516901961,32.52073700599299,32.22731809688171,32.51375198364258,24257300,0.0,0.0
2013-01-23,32.29717254638672,32.44388197171562,32.08059958636215,32.29717254638672,19105100,0.0,0.0
2013-01-24,32.304170387549654,32.69539564474615,32.192391361918915,32.394989013671875,20008200,0.0,0.0
2013-01-25,32.65347290708586,32.94689178466797,32.562651636158336,32.94689178466797,26009100,0.0,0.0
2013-01-28,32.7233387879261,32.8351178057704,32.471835331520936,32.583614349365234,19706800,0.0,0.0
2013-01-29,32.33211240452105,32.94689836391758,32.311154670514824,32.91895294189453,19907400,0.0,0.0
2013-01-30,32.863065598645285,33.079635962276456,32.80717475317776,32.925941467285156,18631300,0.0,0.0
2013-01-31,32.84210310199987,32.98881522947294,32.75128448144753,32.87004852294922,19536000,0.0,0.0
2013-02-01,33.1145669757683,33.53373763013619,32.981827558701575,33.4289436340332,24520000,0.0,0.0
2013-02-04,33.21237054906858,33.40099812750719,33.100591539440714,33.310176849365234,20822600,0.0,0.0
2013-02-05,33.49182313043211,34.09263642119243,33.48483810694476,34.08565139770508,28067500,0.0,0.0
2013-02-06,33.8271490705553,34.113585574523256,33.757288198625496,33.95988845825195,28282600,0.0,0.0
2013-02-07,33.98784145141742,34.057702338924344,33.46387680004935,33.694419860839844,21429600,0.0,0.0
2013-02-08,33.764287783756565,34.015788610348544,33.715381958145,33.973873138427734,15218300,0.0,0.0
2013-02-11,33.89003327177053,34.16249713548305,33.799214648888444,33.99482727050781,13935900,0.0,0.0
2013-02-12,34.09263131004558,34.44892874999793,33.9529068760451,34.330162048339844,16388000,0.0,0.0
2013-02-13,34.47687046693065,34.54673401433876,33.88304497158176,34.00879669189453,21635600,0.0,0.0
2013-02-14,33.813175923294466,34.43494668744861,33.792215531623064,34.386043548583984,18017800,0.0,0.0
2013-02-15,34.476878474235725,34.55372706172193,33.93195600300257,34.148529052734375,20016200,0.0,0.0
2013-02-19,34.31618435910237,34.70741218453155,34.31618435910237,34.546730041503906,20445900,0.0,0.0
2013-02-20,34.47686530658399,34.60960469428064,33.78523361340599,33.95988845825195,24786700,0.0,0.0
2013-02-21,33.82016829034396,33.848113708628745,33.41497038530157,33.70838928222656,24437700,0.0,0.0
2013-02-22,33.97386676446005,34.16947937011719,33.820169622859794,34.16947937011719,23584100,0.0,0.0
2013-02-25,34.30221184223896,34.37207538200188,33.28921583338126,33.32414627075195,32775500,0.0,0.0
2013-02-26,33.68742987178697,33.71537262365711,32.7303193309058,33.2542839050293,39401400,0.0,0.0
2013-02-27,33.42894100338409,34.51180332782702,33.36606514367464,34.4279670715332,31921200,0.0,0.0
2013-02-28,34.34414926422354,34.61661055984226,34.057715252800904,34.17647933959961,24711500,0.0,0.0
2013-03-01,33.95290636740973,34.5257741397101,33.79222420347396,34.16947937011719,25923400,0.0,0.0
2013-03-04,34.043723327514265,34.33015717731398,33.76427716418517,34.30221176147461,17695200,0.0,0.0
2013-03-05,34.57469177246094,35.00783526088595,34.44894000726936,34.57469177246094,25561100,0.0,0.0
2013-03-06,34.84715108874374,35.06372148830541,34.66550847586075,34.951942443847656,19607900,0.0,0.0
2013-03-07,34.965908385468275,35.53179118751286,34.937962963510536,35.37110900878906,24245400,0.0,0.0
2013-03-08,35.34314741721271,35.52478724679286,34.65850088260922,35.07068634033203,32711900,0.0,0.0
2013-03-11,35.091664364072784,35.46891961107002,34.86810629141274,35.266319274902344,19473000,0.0,0.0
2013-03-12,35.17550152492001,35.39905962014118,34.965916143778,35.1265983581543,18003400,0.0,0.0
2013-03-13,35.1335802356292,35.23138655298073,35.00782849474231,35.04275894165039,16680200,0.0,0.0
2013-03-14,35.10561701830696,35.629581451416016,35.0636989042507,35.629581451416016,26378700,0.0,0.0
2013-03-15,34.91001965937118,35.13357770148462,34.33715184332775,34.944950103759766,60880800,0.0,0.0
2013-03-18,34.36509172633557,34.69344373918118,34.197424541281286,34.58864974975586,28011400,0.0,0.0
2013-03-19,34.686461081275354,34.923991830478265,34.008799277515465,34.3720817565918,24411500,0.0,0.0
2013-03-20,34.63056426803632,34.67946741399712,34.260296830041206,34.316184997558594,19385300,0.0,0.0
2013-03-21,34.08564208314032,34.39303366800711,33.77824783325195,33.77824783325195,23535900,0.0,0.0
2013-03-22,33.973852517608,34.232340875975886,33.77125230955337,34.078643798828125,22791500,0.0,0.0
2013-03-25,34.26030474770875,34.455917376758684,33.645518772809,33.89702224731445,23581400,0.0,0.0
2013-03-26,34.05071376496932,34.21139592149504,33.757292204993234,33.98085021972656,16417500,0.0,0.0
2013-03-27,33.673453410553286,33.75030196593036,33.22633745020086,33.373046875,26530100,0.0,0.0
2013-03-28,33.42194733195911,33.48482317539696,33.030719565565704,33.156471252441406,27506700,0.0,0.0
2013-04-01,33.21935513490342,33.52674940610892,33.17743967248213,33.41497039794922,17442200,0.0,0.0
2013-04-02,33.54072344527265,33.79921459776104,33.44990482252795,33.72935104370117,17273700,0.0,0.0
2013-04-03,33.76449651049309,33.792616660546514,32.710015018655724,32.93497085571289,33467400,0.3,0.0
2013-04-04,33.01229861147337,33.42003272593824,32.97012106975976,33.384883880615234,21514000,0.0,0.0
2013-04-05,32.89279223047309,33.771526778102626,32.86467208134454,33.680137634277344,22961500,0.0,0.0
2013-04-08,33.65905397728275,34.15817463256613,33.455186887653625,34.151145935058594,18672300,0.0,0.0
2013-04-09,34.26360812820676,34.41826353750144,34.06676982650159,34.22142791748047,20066700,0.0,0.0
2013-04-10,34.40421564836288,34.840069935133215,34.362038104387466,34.62214279174805,20388900,0.0,0.0
2013-04-11,34.59402152558046,34.868186279318856,34.32688815006795,34.66432189941406,22584700,0.0,0.0
2013-04-12,34.376088547475625,34.85412024427756,34.059743647873695,34.45341491699219,37805900,0.0,0.0
2013-04-15,34.01756843564693,34.68540717040258,33.67310602452182,33.69419479370117,31527300,0.0,0.0
2013-04-16,34.045683708114474,34.108952688279274,33.455174120471156,34.08786392211914,23865500,0.0,0.0
2013-04-17,33.82074304682758,33.86995197765218,32.604574490460635,32.892799377441406,43466300,0.0,0.0
2013-04-18,32.899835294270574,33.27242072871937,32.37259433544673,32.787357330322266,26106800,0.0,0.0
2013-04-19,33.145872666392975,33.29349944664174,32.82952765037036,33.202110290527344,19746100,0.0,0.0
2013-04-22,33.32162003830225,33.38488904233985,32.949034711554,33.286468505859375,15230100,0.0,0.0
2013-04-23,33.51845257983727,33.912126643494126,33.31458551035327,33.8629150390625,20568500,0.0,0.0
2013-04-24,33.96836894291819,34.39016053362295,33.85589100661789,34.24956512451172,16459300,0.0,0.0
2013-04-25,34.460459765497944,34.889282721304745,34.3690706072886,34.4463996887207,19058800,0.0,0.0
2013-04-26,34.3479737705172,34.509660592974804,34.172226874582655,34.36203384399414,13929000,0.0,0.0
2013-04-29,34.50264022188849,34.51669761707239,34.200355273410864,34.390159606933594,13496300,0.0,0.0
2013-04-30,34.41826607963295,34.62213309067468,34.24955058763485,34.45341491699219,13802600,0.0,0.0
2013-05-01,34.27767947132688,34.383128700229264,33.63796076414281,33.75043869018555,17686400,0.0,0.0
2013-05-02,33.91913958824121,33.91913958824121,33.53952577618836,33.79963302612305,15529300,0.0,0.0
2013-05-03,34.18627627514179,34.23548517610571,33.0263460514288,33.44110870361328,43257900,0.0,0.0
2013-05-06,33.53953669173541,34.017568459152834,33.44111885991737,33.86994171142578,20829500,0.0,0.0
2013-05-07,34.14410474910528,34.7205543198327,33.92617764536797,34.54480743408203,24291600,0.0,0.0
2013-05-08,34.60105579062505,35.14235664672257,34.523726713798936,34.98066711425781,23559300,0.0,0.0
2013-05-09,34.93848573594974,35.01581480429414,34.390153561182665,34.47451400756836,18103100,0.0,0.0
2013-05-10,34.481550563543905,34.60808858028015,34.193325676908145,34.41828155517578,16199600,0.0,0.0
2013-05-13,34.33391816937962,34.93848799921535,34.17223132586067,34.917396545410156,23979500,0.0,0.0
2013-05-14,34.987703371274186,35.444643835442555,34.91037428366637,35.31107711791992,24188400,0.0,0.0
2013-05-15,35.289979411022955,36.15465387041326,35.25483056601066,35.9156379699707,27467000,0.0,0.0
2013-05-16,35.76098319102679,36.31634411208554,35.73989441837666,35.83128356933594,21389500,0.0,0.0
2013-05-17,36.035146608216074,36.78734587859169,36.028117911491876,36.76625442504883,26080300,0.0,0.0
2013-05-20,36.75218493198624,36.998232161244495,36.49208031288187,36.75921630859375,22020000,0.0,0.0
2013-05-21,36.92793104642162,37.72933633544081,36.87169344313689,37.272396087646484,37112600,0.0,0.0
2013-05-22,37.56063102660439,38.636201292224584,37.46221318291171,37.701229095458984,46968300,0.0,0.0
2013-05-23,37.1318156672194,37.813714696606475,37.01933772562123,37.504398345947266,25294200,0.0,0.0
2013-05-24,37.188051074924125,37.722320556640625,37.061513072101874,37.722320556640625,18342300,0.0,0.0
2013-05-28,38.35502308436382,38.418292106416935,37.98243765152383,38.383140563964844,27162300,0.0,0.0
2013-05-29,38.02460344293314,38.636201969229525,37.898065446915254,38.432334899902344,20482600,0.0,0.0
2013-05-30,38.38312994064373,39.297016157737744,38.3339210128538,39.10017776489258,24890800,0.0,0.0
2013-05-31,39.16344021262079,39.247800659010124,38.376094818115234,38.376094818115234,24990100,0.0,0.0
2013-06-03,38.3831316092693,38.56590993330818,37.28647239177824,38.30580520629883,28279600,0.0,0.0
2013-06-04,38.34095387883341,38.93849241470237,37.86995067526996,37.98945999145508,22022600,0.0,0.0
2013-06-05,37.80668267865405,38.15114787743225,37.04745725610311,37.279441833496094,24326000,0.0,0.0
2013-06-06,37.14585733462847,37.62388901991653,36.74515469867881,37.60982894897461,23940900,0.0,0.0
2013-06-07,37.79965583573381,38.29877655004054,37.54657978856821,38.15114974975586,21691000,0.0,0.0
2013-06-10,38.41125222599045,38.551850319630134,37.975400549224474,38.21441650390625,16007000,0.0,0.0
2013-06-11,37.58173370356758,37.996496685223946,37.33568900329944,37.60282516479492,17600800,0.0,0.0
2013-06-12,37.89103585269915,38.031631239002365,37.2372571159858,37.384883880615234,18479100,0.0,0.0
2013-06-13,37.2583542365887,38.13006030810343,37.237265460254584,38.080848693847656,17090200,0.0,0.0
2013-06-14,37.989453925626144,38.052722922519415,37.195077116118405,37.349735260009766,17185300,0.0,0.0
2013-06-17,37.7504304034976,38.14410169886957,37.63795250743639,37.85587692260742,16856600,0.0,0.0
2013-06-18,37.98241403977991,38.1511322209334,37.76448962949212,38.03865432739258,13259100,0.0,0.0
2013-06-19,37.95430145724241,38.319852646983676,37.62389642925085,37.64498519897461,20840000,0.0,0.0
2013-06-20,37.314589807630504,37.384887507602215,36.74516878379232,36.89279556274414,31857100,0.0,0.0
2013-06-21,37.230236239115186,37.24429631804843,36.33744133949842,36.52724838256836,44412200,0.0,0.0
2013-06-24,35.768013665105876,36.16871642543572,35.22671283339878,35.7961311340332,30736500,0.0,0.0
2013-06-25,36.210897304287634,36.94903657657133,36.210897304287634,36.611602783203125,20951400,0.0,0.0
2013-06-26,37.012298119880285,37.11774465060499,36.470997347435194,36.9068489074707,19332000,0.0,0.0
2013-06-27,37.279431975702096,37.60280831330303,37.17398544356508,37.363792419433594,17093600,0.0,0.0
2013-06-28,37.342706136293295,37.34973751508659,36.96309481369886,37.110721588134766,18256000,0.0,0.0
2013-07-01,37.413006755912534,37.701231609526126,36.85764582183003,36.89982604980469,23511100,0.0,0.0
2013-07-02,37.225565597074585,37.90535462312791,36.906913646974125,37.388431549072266,23935300,0.38,0.0
2013-07-03,37.041448046070784,37.395505081758266,36.9706350181888,37.36717987060547,10442300,0.0,0.0
2013-07-05,37.78496648958996,38.238159053582045,37.60793797545301,38.2310791015625,17070200,0.0,0.0
2013-07-08,38.62053518989277,38.882536593068586,38.27355816846507,38.73383331298828,21786900,0.0,0.0
2013-07-09,38.99583842380306,39.066648744505116,38.372697336910676,38.868377685546875,20508700,0.0,0.0
2013-07-10,38.78341320907296,39.05249734859141,38.549734237618246,38.82590103149414,16915000,0.0,0.0
2013-07-11,39.541086692131394,39.56232924817714,38.62761896479594,39.045406341552734,21322600,0.0,0.0
2013-07-12,39.307405432219596,39.54816429096387,38.76924000156557,38.925025939941406,32569200,0.0,0.0
2013-07-15,39.29324771348101,39.30032766505498,38.663023973774074,38.868377685546875,28292000,0.0,0.0
2013-07-16,38.87546741008837,39.236604433347246,38.79049176829951,38.9533576965332,19222700,0.0,0.0
2013-07-17,38.981680465065,39.356982772986306,38.83297715312456,39.13746643066406,19166600,0.0,0.0
2013-07-18,39.30740341847446,40.02967995770455,39.293243516838835,39.9163818359375,24563100,0.0,0.0
2013-07-19,40.015523773505784,40.05093163699532,39.59065642403869,39.76768493652344,17762600,0.0,0.0
2013-07-22,39.77477086258963,40.12882794073798,39.61898758504833,40.05093765258789,15999700,0.0,0.0
2013-07-23,40.16422637245111,40.284604454141444,39.987197874972026,40.12881851196289,10577100,0.0,0.0
2013-07-24,40.30584154636794,40.312924198001795,39.923462096583805,40.10049057006836,16665000,0.0,0.0
2013-07-25,39.97304438712128,40.00844955444336,39.57649948988707,40.00844955444336,13870200,0.0,0.0
2013-07-26,39.69687528637115,39.810173428236396,39.3711407649229,39.68979263305664,16762300,0.0,0.0
2013-07-29,39.640221568076655,39.65438417228705,39.21535424672694,39.43486785888672,10049100,0.0,0.0
2013-07-30,39.56232638678443,39.64730200730264,39.00291840852838,39.17994689941406,14207400,0.0,0.0
2013-07-31,39.356987922566894,39.84558574054681,39.307417444193234,39.46320343017578,19404900,0.0,0.0
2013-08-01,39.90930531664365,40.20671189888899,39.796007185134876,40.036766052246094,15979400,0.0,0.0
2013-08-02,39.84558349909929,40.02261203639692,39.66147230761474,40.00136947631836,11007300,0.0,0.0
2013-08-05,39.88806927613474,40.06509780435922,39.66147027486572,39.72520065307617,9370200,0.0,0.0
2013-08-06,39.64731962075184,39.72520992230262,39.16580169552767,39.29326248168945,10588600,0.0,0.0
2013-08-07,38.98875320840751,39.279079806074286,38.79047947497736,39.15869903564453,12828400,0.0,0.0
2013-08-08,39.24368579638378,39.463202160364766,38.33022057487843,38.82590103149414,18587100,0.0,0.0
2013-08-09,38.72675090801659,39.052485377580446,38.47183215535494,38.60637283325195,12652500,0.0,0.0
2013-08-12,38.266478540226444,38.46474958200533,38.01155708580197,38.301883697509766,15133000,0.0,0.0
2013-08-13,38.39393657652542,38.733830924855795,37.954904013013554,38.443504333496094,15078100,0.0,0.0
2013-08-14,38.47184783333696,38.84006485987241,38.23816883828488,38.34438705444336,15785800,0.0,0.0
2013-08-15,37.89826707291735,38.01156522121679,37.45215443219537,37.73540115356445,16933200,0.0,0.0
2013-08-16,37.57961518668736,38.0823755509386,37.57961518668736,37.73540115356445,17139000,0.0,0.0
2013-08-19,37.452164204182615,37.494652033846144,36.680319523365775,36.70156478881836,22793300,0.0,0.0
2013-08-20,36.666139646305574,37.076847035913836,35.87305277476592,36.906898498535156,18701500,0.0,0.0
2013-08-21,36.76528375024205,36.977720146867576,36.312091146424116,36.559932708740234,17136200,0.0,0.0
2013-08-22,36.8219349553554,37.28929017558527,36.772367182091706,36.970638275146484,14658500,0.0,0.0
2013-08-23,37.01311016861967,37.11932562223332,36.75110880821814,37.04851531982422,11126800,0.0,0.0
2013-08-26,36.935230800071466,37.20431491042746,36.67322934330532,36.6803092956543,16548400,0.0,0.0
2013-08-27,36.12797183695376,36.50327134303489,35.79515743647266,35.830562591552734,23596800,0.0,0.0
2013-08-28,35.6393701640811,36.149210282028164,35.49774685861363,35.81639862060547,18748100,0.0,0.0
2013-08-29,35.823489469521235,36.241276862079026,35.72435393590425,35.90138244628906,13576000,0.0,0.0
2013-08-30,35.986344257489186,35.99342690841129,35.61104479581349,35.78099060058594,15863100,0.0,0.0
2013-09-03,36.29084068674099,36.623655114509006,35.99343411819626,36.205867767333984,15277200,0.0,0.0
2013-09-04,36.22711334863907,36.892739558547554,36.06424744731808,36.72987365722656,19923800,0.0,0.0
2013-09-05,36.84316800773233,37.19014503228315,36.75819508995594,36.899818420410156,13913200,0.0,0.0
2013-09-06,37.11225335027166,37.324687002687114,36.312083801558316,37.21847152709961,22339900,0.0,0.0
2013-09-09,37.37425016606214,37.66457675226203,37.19014174362031,37.43090057373047,19936400,0.0,0.0
2013-09-10,38.117790770078095,38.188601113459434,37.742488386680954,38.00448989868164,20233200,0.0,0.0
2013-09-11,37.792046267855575,38.068210316441004,37.57253264012908,37.71415328979492,16028600,0.0,0.0
2013-09-12,37.83453714333882,38.03280822989861,36.878584174578734,36.99188232421875,21976700,0.0,0.0
2013-09-13,37.02729708697817,37.388434188424704,36.98480925688495,37.23973083496094,11942900,0.0,0.0
2013-09-16,37.84870875122276,37.87703397067956,37.5158941757093,37.62919235229492,17055300,0.0,0.0
2013-09-17,37.66457938678459,37.75663495506457,37.445065794815804,37.59376907348633,13207000,0.0,0.0
2013-09-18,37.31052676138822,38.146101521536146,37.21847388363203,37.820369720458984,20844500,0.0,0.0
2013-09-19,37.97615313770192,38.06112605813555,37.19722614646558,37.35301208496094,22452200,0.0,0.0
2013-09-20,37.49464976618624,37.8628694972755,37.388431549072266,37.388431549072266,30792200,0.0,0.0
2013-09-23,36.87859273183692,37.09102647404966,36.389992153381854,36.43955993652344,28189500,0.0,0.0
2013-09-24,36.12089135358459,36.30500249303774,35.6181310980416,35.632293701171875,34906900,0.0,0.0
2013-09-25,35.56148118531841,36.75111276221308,35.44818306853035,36.60948944091797,39175500,0.0,0.0
2013-09-26,36.77236283847613,37.21847544639483,36.49619879113051,36.74403762817383,22298700,0.0,0.0
2013-09-27,36.46787669385807,37.105180473858766,36.389983709497876,36.99188232421875,23026000,0.0,0.0
2013-09-30,36.6307460222396,36.885667557950654,36.425392262778885,36.602420806884766,21350600,0.0,0.0
2013-10-01,36.56701710439672,36.88566903681129,36.43247637792893,36.79361343383789,19188000,0.0,0.0
2013-10-02,36.60814450440882,37.41420924793357,36.58674544645897,37.15740966796875,23841200,0.38,0.0
2013-10-03,37.0932120640502,37.23587880852491,36.73654656343433,37.050411224365234,18614500,0.0,0.0
2013-10-04,37.14314280253504,37.57827512273311,37.10034196540121,37.57114028930664,17407200,0.0,0.0
2013-10-07,37.300066774736095,37.34999971115682,36.9719352722168,36.9719352722168,16159300,0.0,0.0
2013-10-08,36.97193569590296,37.064666738237854,36.26573702520988,36.28713607788086,19536000,0.0,0.0
2013-10-09,36.50114340820749,36.62241108471062,35.84488024030413,36.20154571533203,24721200,0.0,0.0
2013-10-10,36.97907658168596,37.49267573679628,36.650944997539526,37.464141845703125,24328700,0.0,0.0
2013-10-11,37.77798860838245,38.05618711204773,37.2073246622562,37.45698928833008,32498800,0.0,0.0
2013-10-14,37.050405300491086,37.69240418740917,36.92200552310747,37.59967041015625,18881600,0.0,0.0
2013-10-15,37.742343833322614,37.83507762704127,37.2216125197579,37.31434631347656,17566500,0.0,0.0
2013-10-16,37.528337470385146,38.55553294259719,37.50693841507072,38.519866943359375,24864000,0.0,0.0
2013-10-17,38.37006862730709,38.72673406674038,38.241668851419796,38.6696662902832,17791000,0.0,0.0
2013-10-18,38.70533756784148,38.93360598365541,38.3772059718929,38.73387145996094,24796600,0.0,0.0
2013-10-21,38.712467193603516,39.12619768911118,38.44140069721765,38.712467193603516,19471700,0.0,0.0
2013-10-22,38.98354264009383,39.00494170064677,38.248809814453125,38.248809814453125,24820900,0.0,0.0
2013-10-23,38.027674477827965,38.063340481618965,37.60680910235412,37.62820816040039,21034400,0.0,0.0
2013-10-24,37.69239980567606,37.7280658016606,37.17166864510689,37.43560028076172,17759000,0.0,0.0
2013-10-25,37.20733903609976,37.74233720248605,37.14313914728775,37.64247131347656,20889600,0.0,0.0
2013-10-28,37.72805729645415,37.87072396937136,37.44985878089285,37.5782585144043,14836800,0.0,0.0
2013-10-29,37.685272099377016,37.79940493255136,37.27153887840665,37.61393737792969,23363100,0.0,0.0
2013-10-30,37.80653551940151,37.977736122829256,37.44987008997319,37.521202087402344,16157200,0.0,0.0
2013-10-31,37.55685394328392,37.59965203406748,36.76505661010742,36.76505661010742,23738000,0.0,0.0
2013-11-01,36.700860580140414,37.59965595514672,36.593859899742846,37.45698928833008,25794400,0.0,0.0
2013-11-04,37.62107830974962,37.63534253521021,37.09321217002759,37.12174606323242,18891300,0.0,0.0
2013-11-05,36.986206170688256,37.18594067357283,36.85067427895419,37.05754089355469,14532200,0.0,0.0
2013-11-06,37.27866834754517,37.335736120657884,36.97193859105851,37.16453552246094,14013000,0.0,0.0
2013-11-07,37.18594637992208,37.335745239216735,36.7936148679467,36.84354782104492,17348900,0.0,0.0
2013-11-08,36.97193288902781,38.49846020952728,36.95053111684066,38.49132537841797,31183100,0.0,0.0
2013-11-11,38.455666085390845,38.626866687007904,38.305867259689194,38.5911979675293,12062800,0.0,0.0
2013-11-12,38.469928793017445,38.57692949738888,38.23452833185667,38.49846267700195,15964800,0.0,0.0
2013-11-13,38.1774675366277,38.66253273381941,37.91353588323086,38.61973190307617,22121900,0.0,0.0
2013-11-14,38.70532245661139,38.876523021346735,38.305859007463354,38.80519104003906,17634000,0.0,0.0
2013-11-15,38.71245979546457,39.20465702911276,38.65539202980869,39.14045715332031,20530100,0.0,0.0
2013-11-18,39.58273370784999,39.94653127753961,39.44719909234207,39.76106643676758,22318800,0.0,0.0
2013-11-19,39.925128062891275,40.403058420469144,39.789593461498406,40.05352783203125,22979900,0.0,0.0
2013-11-20,40.25327241545616,40.260404528839054,39.78247401906483,40.01787185668945,17682800,0.0,0.0
2013-11-21,40.14625880331221,40.94519130331154,40.14625880331221,40.81679153442383,22843600,0.0,0.0
2013-11-22,40.83820010417722,41.0307998023846,40.70266819261285,40.987998962402344,16730600,0.0,0.0
2013-11-25,41.016519193716604,41.47305045022934,40.9523193156982,41.12351989746094,18649600,0.0,0.0
2013-11-26,41.109262225295474,41.34466001701563,40.7811279296875,40.7811279296875,16263300,0.0,0.0
2013-11-27,41.07359684218228,41.251929577229326,40.89526410713525,41.002262115478516,11238900,0.0,0.0
2013-11-29,41.07359107219924,41.2661880043896,40.802524591087284,40.81679153442383,7128800,0.0,0.0
2013-12-02,40.73118303094145,41.19484908748196,40.58851906382814,40.64558410644531,12465300,0.0,0.0
2013-12-03,40.581385165832806,40.81678561503543,40.046387113434996,40.55998611450195,20426800,0.0,0.0
2013-12-04,40.2603854060753,40.99511790806791,40.096319664775415,40.79538345336914,20287200,0.0,0.0
2013-12-05,40.452990681235065,40.474392456492545,39.76819373810128,39.8181266784668,21324900,0.0,0.0
2013-12-06,40.35312399547638,40.48865587074453,39.675459176853444,39.98932647705078,18661200,0.0,0.0
2013-12-09,40.14626365078721,40.32459638231507,40.01073175443698,40.31032943725586,12714000,0.0,0.0
2013-12-10,40.29606298328693,40.709793482541436,40.19619437339934,40.44586181640625,14543700,0.0,0.0
2013-12-11,40.331722479660016,40.49578823059242,39.91798932598106,39.996456146240234,17836100,0.0,0.0
2013-12-12,39.98219222107088,40.37452363082864,39.8823263408934,40.167659759521484,15325300,0.0,0.0
2013-12-13,40.21046535036514,40.34599997394891,39.97506754916129,40.06779861450195,11461300,0.0,0.0
2013-12-16,40.189059215965756,40.617056627052634,40.181927104942154,40.246124267578125,26379200,0.0,0.0
2013-12-17,40.417329549726624,40.417329549726624,39.703998634467666,39.74679946899414,18338500,0.0,0.0
2013-12-18,39.83239423717102,40.85245755664429,39.51852964700279,40.831058502197266,27685900,0.0,0.0
2013-12-19,40.731187438043264,41.04505473039069,40.53145568556111,40.82392120361328,16790000,0.0,0.0
2013-12-20,40.809650248579814,41.37318217612146,40.80251813861001,41.159183502197266,22001700,0.0,0.0
2013-12-23,41.35178437399456,41.651381982308855,41.23051673171912,41.54438400268555,13990600,0.0,0.0
2013-12-24,41.42312153277603,41.580055187855024,41.401722478407514,41.55152130126953,4532600,0.0,0.0
2013-12-26,41.62286334474185,41.701330191223974,41.31613079275272,41.515865325927734,6677000,0.0,0.0
2013-12-27,41.49444821544709,41.622847967501215,41.41598411909478,41.47304916381836,8943700,0.0,0.0
2013-12-30,41.473056299598625,41.56579007451351,41.166323808153585,41.3375244140625,8815800,0.0,0.0
2013-12-31,41.515855849524385,41.7655205575774,41.40885513399238,41.7155876159668,11017400,0.0,0.0
2014-01-02,41.866372208166844,42.00279054185741,41.62225331597285,41.79457092285156,15627600,0.38,0.0
2014-01-03,41.85201025430688,42.325887762419505,41.79456922838348,42.11766815185547,14214100,0.0,0.0
2014-01-06,42.476665198473434,42.699245059499674,42.239727820293446,42.361785888671875,17550700,0.0,0.0
2014-01-07,42.57001556553829,42.670534643029804,41.722779428196326,41.873558044433594,17851200,0.0,0.0
2014-01-08,42.031510485002286,42.29716838971252,41.859190141525495,42.26844787597656,14687400,0.0,0.0
2014-01-09,42.34742081450182,42.36178106896052,41.88072486981704,42.18946075439453,13242500,0.0,0.0
2014-01-10,42.124842285008775,42.18946206260744,41.77302562614601,41.99560546875,12694900,0.0,0.0
2014-01-13,42.0099541966273,42.12483347288898,41.30631828715723,41.42837905883789,20711600,0.0,0.0
2014-01-14,41.859187570494285,42.06022841535891,41.327871793707736,41.45711135864258,30272400,0.0,0.0
2014-01-15,41.449928866341615,42.82848327958034,41.449928866341615,42.71360397338867,35186600,0.0,0.0
2014-01-16,42.21100680813222,42.95054218503651,42.17510753779547,42.35460662841797,21689400,0.0,0.0
2014-01-17,42.51256173799837,42.52692199316833,41.66532585554085,41.7227668762207,20997900,0.0,0.0
2014-01-21,41.708400349941826,41.95969793028554,41.34222348444981,41.765838623046875,19548300,0.0,0.0
2014-01-22,41.880729529069846,41.880729529069846,41.2273502037331,41.34941101074219,15433500,0.0,0.0
2014-01-23,40.99041842585953,40.99759718539897,40.358580767761154,40.54526138305664,26234600,0.0,0.0
2014-01-24,40.20778930850251,40.46626839228729,39.554412841796875,39.554412841796875,26833100,0.0,0.0
2014-01-27,39.5472340845532,40.06418951318449,39.267213251160825,39.554412841796875,23935000,0.0,0.0
2014-01-28,39.76982158636928,40.45191873865915,39.66212376586394,40.021121978759766,18041000,0.0,0.0
2014-01-29,39.46108827009877,40.114464996858054,39.38210821429171,39.87034606933594,25459000,0.0,0.0
2014-01-30,40.25806135200609,40.48782000042723,39.9421438951618,40.207801818847656,17031100,0.0,0.0
2014-01-31,39.84879480098664,40.2867729838763,39.61903620323117,39.74827575683594,18174000,0.0,0.0
2014-02-03,39.84880337845483,40.15036057581723,38.915408531792366,38.994388580322266,28549900,0.0,0.0
2014-02-04,39.28876815167613,39.74110396076903,39.202606602281975,39.45390701293945,20709300,0.0,0.0
2014-02-05,39.561587762827735,39.81288806500073,39.18823216571806,39.640567779541016,19491600,0.0,0.0
2014-02-06,39.741107596753686,40.6027039969498,39.63340975856632,40.55244445800781,20881600,0.0,0.0
2014-02-07,40.67450348878964,40.87554163563179,40.39448254848037,40.65296173095703,23388500,0.0,0.0
2014-02-10,40.76064041724021,40.86833819281858,40.48780112235354,40.73910140991211,14715200,0.0,0.0
2014-02-11,40.64576708277779,41.335042807322125,40.624228072303985,41.23452377319336,18774100,0.0,0.0
2014-02-12,41.16990520039435,41.435563046739084,41.04066565591565,41.29914474487305,13437900,0.0,0.0
2014-02-13,40.976056864875794,41.71559232618488,40.89707681775752,41.66533279418945,16605500,0.0,0.0
2014-02-14,41.564814747400185,41.808933654040395,41.46429568094936,41.751495361328125,13067300,0.0,0.0
2014-02-18,41.65814632585266,42.110484769043346,41.57198753536729,41.99560546875,14983800,0.0,0.0
2014-02-19,41.90226243918748,42.031501985927164,41.08374713579508,41.112464904785156,18669900,0.0,0.0
2014-02-20,41.306341175467466,41.62226141444557,41.11966327520364,41.34224319458008,12457000,0.0,0.0
2014-02-21,41.34940164905041,41.52890070070648,41.19144160713285,41.36376190185547,16790100,0.0,0.0
2014-02-24,41.37095436152805,41.80893263086457,41.34223658534429,41.66533279418945,16151400,0.0,0.0
2014-02-25,41.57198926392677,41.62942754699244,40.86835043906687,40.947330474853516,17991800,0.0,0.0
2014-02-26,41.191452932553545,41.19863443039968,40.36575871127727,40.74629592895508,23661700,0.0,0.0
2014-02-27,40.767836340868186,40.846816386247184,40.308319064778416,40.703216552734375,16277500,0.0,0.0
2014-02-28,40.61705926626193,41.24889691396976,40.48781968516399,40.79655838012695,18599000,0.0,0.0
2014-03-03,40.42320133582161,40.50936014664568,39.98522304414548,40.35858154296875,19151000,0.0,0.0
2014-03-04,40.88988781568556,41.18426617460631,40.667307987647575,41.112464904785156,17157000,0.0,0.0
2014-03-05,41.270436802446696,41.85201492966533,41.184277992875515,41.75867462158203,17761500,0.0,0.0
2014-03-06,42.00997236141173,42.42641162976167,41.930995050219764,42.28999328613281,19420600,0.0,0.0
2014-03-07,42.61307718265273,42.93617604931492,42.41203910514665,42.64897918701172,18602200,0.0,0.0
2014-03-10,42.462305583610856,42.706424462993,42.268446231842205,42.50538635253906,16945200,0.0,0.0
2014-03-11,42.66334770638604,42.68488946234548,41.73713436830306,41.78021240234375,19420000,0.0,0.0
2014-03-12,41.428384543972975,41.615062365512685,41.22734372969365,41.586341857910156,17932100,0.0,0.0
2014-03-13,41.643787517502304,41.88790638147279,41.06220949891237,41.22734832763672,17192500,0.0,0.0
2014-03-14,41.00477975631149,41.30633696575993,40.65296027301574,40.78219985961914,18635800,0.0,0.0
2014-03-17,41.076582495632216,41.428402014783416,40.961703155714595,41.34224319458008,13581400,0.0,0.0
2014-03-18,41.51454264172779,41.75866147443798,41.3709428450268,41.68686294555664,12554800,0.0,0.0
2014-03-19,41.636603367863394,42.3115188507707,41.56480210014667,41.85918045043945,21450700,0.0,0.0
2014-03-20,41.902262782783296,43.43159560578437,41.7371239692481,43.158756256103516,33736500,0.0,0.0
2014-03-21,43.76906109066729,43.941381436540645,43.07978518505182,43.20184326171875,35144100,0.0,0.0
2014-03-24,43.34543594628857,43.934192694289884,43.331075691588715,43.8480339050293,25810500,0.0,0.0
2014-03-25,43.87675619067217,44.142414066027634,43.48185875672461,43.74751663208008,24053500,0.0,0.0
2014-03-26,43.970095517948074,44.084974818744065,43.00079884972699,43.00798034667969,22745200,0.0,0.0
2014-03-27,43.03670675443072,43.47468503252875,42.37615132702586,43.02234649658203,24632600,0.0,0.0
2014-03-28,43.23056332441577,43.503402727974866,42.850026102382074,43.10850524902344,14708700,0.0,0.0
2014-03-31,43.675730648249285,43.81214900422314,43.51058903451854,43.589569091796875,15216700,0.0,0.0
2014-04-01,43.76187763040376,44.0059964964517,43.345438436994286,43.56083679199219,14584400,0.0,0.0
2014-04-02,43.61863846682771,43.907648277200195,43.49581108895058,43.698116302490234,14012200,0.38,0.0
2014-04-03,43.82095058541201,43.92932720741112,43.553615520836296,43.82817459106445,11925200,0.0,0.0
2014-04-04,44.088270288080906,44.117171814831316,43.20679301560238,43.214019775390625,16966900,0.0,0.0
2014-04-07,43.1273270651372,43.351309824798065,42.51318461176672,42.628787994384766,18685700,0.0,0.0
2014-04-08,42.48427927862349,42.64323494908715,42.08689285866615,42.52040481567383,16956500,0.0,0.0
2014-04-09,42.701045265044854,42.95392959606978,42.2675332064342,42.823875427246094,15308400,0.0,0.0
2014-04-10,42.88165900654003,42.910560534150704,41.458293224231774,41.47274398803711,29977200,0.0,0.0
2014-04-11,39.8687501276293,40.497343274327136,39.41356065633693,39.95545196533203,47241300,0.0,0.0
2014-04-14,40.35283310449899,40.417860163334836,39.36297921439899,39.70978927612305,31081500,0.0,0.0
2014-04-15,39.80371297533563,40.20109928334026,39.269045806532304,39.594181060791016,26691400,0.0,0.0
2014-04-16,39.738701168024996,39.99158270934068,39.51471840557247,39.92655563354492,27049400,0.0,0.0
2014-04-17,39.98436115606922,40.150540858583696,39.74592761146003,39.89765930175781,17955400,0.0,0.0
2014-04-21,39.92656333031405,40.03494272960032,39.73148482152296,39.76038360595703,12384800,0.0,0.0
2014-04-22,39.76761700342996,40.51904064812399,39.69536313978453,40.32395935058594,16257600,0.0,0.0
2014-04-23,40.31670313375739,40.54790981611434,40.143299500090215,40.49733352661133,11379000,0.0,0.0
2014-04-24,40.51179364653773,40.649071784583995,40.17943430840361,40.59849548339844,15360600,0.0,0.0
2014-04-25,40.685207470424196,40.71410625049524,40.201116384554965,40.244468688964844,15937700,0.0,0.0
2014-04-28,40.19388790001065,40.244464204752305,39.50749164911433,40.092735290527344,21394100,0.0,0.0
2014-04-29,40.26614923952765,40.685213307000815,40.15054583405274,40.53348159790039,13453400,0.0,0.0
2014-04-30,40.634630756762235,40.71410584642161,40.258919057545405,40.446773529052734,14388100,0.0,0.0
2014-05-01,40.40340944350637,40.59849062022604,40.099951672743344,40.258907318115234,12744600,0.0,0.0
2014-05-02,40.33837573213755,40.72853523837336,40.05659003846623,40.157745361328125,15153800,0.0,0.0
2014-05-05,38.92947523001014,39.55084441699568,38.79942108593401,39.175132751464844,25232300,0.0,0.0
2014-05-06,39.045076234188265,39.05952700000749,38.52485968950304,38.539310455322266,25327400,0.0,0.0
2014-05-07,38.69103485006834,39.102871981182794,38.46705489649467,39.05229568481445,18502600,0.0,0.0
2014-05-08,39.16067228601802,39.39910298697191,39.059519700389025,39.276275634765625,16090800,0.0,0.0
2014-05-09,39.17513101853888,39.24015808770045,38.78496860356946,39.023399353027344,12366500,0.0,0.0
2014-05-12,39.21125411525185,39.521938675665766,39.03784768954576,39.48581314086914,12825500,0.0,0.0
2014-05-13,39.55084645034607,39.615873525727245,39.37743999726224,39.464141845703125,12310700,0.0,0.0
2014-05-14,39.47858080602362,39.52193309537944,39.23292334540981,39.276275634765625,10325800,0.0,0.0
2014-05-15,39.160673965451466,39.160673965451466,38.54652890947826,38.662132263183594,19763000,0.0,0.0
2014-05-16,38.59711424503044,38.662141318983515,38.27198163146709,38.51763916015625,19992400,0.0,0.0
2014-05-19,38.351453597947895,38.95114518258717,38.337002833038305,38.89334487915039,12068900,0.0,0.0
2014-05-20,38.81387710571289,39.04508389176163,38.589894325889674,38.81387710571289,16888200,0.0,0.0
2014-05-21,39.052290836375676,39.44967715401962,39.00171454628651,39.102867126464844,13210200,0.0,0.0
2014-05-22,39.13899614869372,39.449680676238344,39.0306195557697,39.41355514526367,11800900,0.0,0.0
2014-05-23,39.41355965200126,39.44246118256628,39.13177661949647,39.39910888671875,10876500,0.0,0.0
2014-05-27,39.55805695687607,40.04937185738451,39.51470466934846,39.839839935302734,14503700,0.0,0.0
2014-05-28,39.80371548017564,40.17220028739017,39.73868842523176,40.06382369995117,11374900,0.0,0.0
2014-05-29,40.28058208568363,40.40340944350637,40.0204738500574,40.258907318115234,11741000,0.0,0.0
2014-05-30,40.157754714089464,40.3745106583032,39.96267353743669,40.15052795410156,11991900,0.0,0.0
2014-06-02,40.20832053359069,40.20832053359069,39.753131239992875,39.99156188964844,9440000,0.0,0.0
2014-06-03,39.80372201098827,40.21555917447148,39.80372201098827,40.17220687866211,9131500,0.0,0.0
2014-06-04,40.114400009893025,40.26612888609605,39.91931884497435,40.230003356933594,9727800,0.0,0.0
2014-06-05,40.396191983298564,40.93808330989774,40.0927341633799,40.91640853881836,16803400,0.0,0.0
2014-06-06,41.010331941509584,41.27766696450663,40.93085686688517,41.16206359863281,15399800,0.0,0.0
2014-06-09,41.118709212601296,41.667824483537466,41.11148520843963,41.4871940612793,11999700,0.0,0.0
2014-06-10,41.52332650005446,41.86290985361683,41.46552343617895,41.83401107788086,11609200,0.0,0.0
2014-06-11,41.5305627237631,41.75454552787664,41.16930173685889,41.37883377075195,14232200,0.0,0.0
2014-06-12,41.234313624219745,41.487195119349956,41.08980873148752,41.21263885498047,11670200,0.0,0.0
2014-06-13,41.20541209443299,41.667825546214836,41.097035492035005,41.21263885498047,12040800,0.0,0.0
2014-06-16,41.075362465945574,41.14761629832708,40.69965356236925,41.089813232421875,11199100,0.0,0.0
2014-06-17,41.0320073816538,41.61002418163964,40.952529554867965,41.4871940612793,11200500,0.0,0.0
2014-06-18,41.39328026599594,41.76899198431823,41.14762271002377,41.747314453125,13729400,0.0,0.0
2014-06-19,41.6822689677053,41.6822689677053,41.33545893996841,41.40048599243164,11624400,0.0,0.0
2014-06-20,41.682287421156005,41.740090496136425,41.43662986489383,41.58113479614258,17124800,0.0,0.0
2014-06-23,41.57391477238782,42.06522993197703,41.357158732852014,42.04355239868164,16007700,0.0,0.0
2014-06-24,41.81955613294747,41.99295979484247,41.4004922303318,41.4871940612793,12322900,0.0,0.0
2014-06-25,41.342697105825444,41.718408761917395,41.08981282927412,41.56667709350586,14836600,0.0,0.0
2014-06-26,41.42940485262341,41.53778423747886,40.89473744684668,41.46553039550781,11854400,0.0,0.0
2014-06-27,41.422174942564375,41.689507229248356,41.35714787215996,41.56667709350586,10178600,0.0,0.0
2014-06-30,41.50163687938368,41.74729431686622,41.45828735031093,41.631690979003906,11549000,0.0,0.0
2014-07-01,41.58076960570458,42.191930618494716,41.52983975259448,41.886348724365234,14472200,0.4,0.0
2014-07-02,41.66808124307149,41.820870816021305,41.34067303284397,41.44981002807617,19189900,0.0,0.0
2014-07-03,41.63898561742346,41.944567597085644,41.471644228155675,41.50802230834961,12599800,0.0,0.0
2014-07-07,41.39160755083594,41.464366481005804,41.0350985071465,41.23154067993164,13916100,0.0,0.0
2014-07-08,40.99870293941903,41.08601362428605,40.474852707558895,40.569435119628906,18343400,0.0,0.0
2014-07-09,40.656765291485904,40.83138119397742,40.46032031958065,40.75862503051758,10914300,0.0,0.0
2014-07-10,40.06015241435919,40.60583191965146,39.98739348170519,40.4239387512207,12436600,0.0,0.0
2014-07-11,40.22748053965319,40.67857467157599,40.15472163097624,40.598541259765625,10230000,0.0,0.0
2014-07-14,41.129678738276525,41.35522724645292,40.88958122031903,40.95506286621094,14004400,0.0,0.0
2014-07-15,42.16283736480768,42.701239593792174,42.02459677929501,42.395660400390625,36178000,0.0,0.0
2014-07-16,42.57027090751423,42.912230912063244,42.42475861027301,42.71578598022461,20507500,0.0,0.0
2014-07-17,42.6066563100899,42.82492755474458,42.02459595705148,42.097354888916016,17013500,0.0,0.0
2014-07-18,42.43931318913385,42.54844741924975,42.12645673362346,42.366554260253906,12803300,0.0,0.0
2014-07-21,42.286521985586994,42.49751872191969,42.12645788860135,42.37383270263672,9141400,0.0,0.0
2014-07-22,42.5047905024628,42.78126887112417,42.468412427092176,42.686683654785156,10375200,0.0,0.0
2014-07-23,42.75216966481698,43.06502614078562,42.57755377502536,42.926788330078125,11122100,0.0,0.0
2014-07-24,42.977712296642686,43.181431731926295,42.91950793319129,43.05046844482422,9844100,0.0,0.0
2014-07-25,42.868581305038276,43.12323341029016,42.81037693343211,42.93406295776367,10500600,0.0,0.0
2014-07-28,42.88313975929628,43.115962832859445,42.68669477057674,43.065032958984375,12382800,0.0,0.0
2014-07-29,43.02136389845402,43.02136389845402,42.51933708319378,42.664852142333984,13498800,0.0,0.0
2014-07-30,42.94133867339299,43.13050634355356,42.643033994179,42.861305236816406,11815700,0.0,0.0
2014-07-31,42.67213772569988,42.69396401740414,41.95183956929542,41.95911407470703,15955900,0.0,0.0
2014-08-01,41.755402445166276,41.8281613902692,40.72225040393441,41.09331130981445,23915400,0.0,0.0
2014-08-04,41.406159090939845,41.45708895402156,40.991442905577706,41.21699142456055,13543900,0.0,0.0
2014-08-05,41.05692080332226,41.18060680937137,40.45303423128729,40.7877197265625,16863300,0.0,0.0
2014-08-06,40.66403646425756,41.24609405063201,40.620383879947916,40.91141128540039,12190600,0.0,0.0
2014-08-07,41.20243049912913,41.246083071819406,40.511236085022524,40.6785774230957,11743800,0.0,0.0
2014-08-08,40.6640353830686,41.005995420239344,40.48214221869598,40.9914436340332,12213200,0.0,0.0
2014-08-11,41.13695743174785,41.16606100324828,40.867753558572915,40.976890563964844,9066800,0.0,0.0
2014-08-12,40.911402706543335,41.14422569227164,40.838646564304085,40.99871063232422,11289600,0.0,0.0
2014-08-13,41.24609619369266,41.3552332110763,41.11513288302014,41.26792526245117,7012600,0.0,0.0
2014-08-14,41.30430268363427,41.47164407227305,41.25337281646027,41.45709228515625,8275900,0.0,0.0
2014-08-15,41.646253280806775,41.835420919409934,41.027814958455856,41.28974151611328,12727400,0.0,0.0
2014-08-18,41.36976840209743,41.78448446103204,41.297009494540504,41.63896942138672,8881400,0.0,0.0
2014-08-19,41.90817106997364,41.995481760353016,41.719003458422144,41.87907028198242,9040500,0.0,0.0
2014-08-20,41.77721570843273,42.090072136103885,41.75538941944561,41.93728256225586,8121400,0.0,0.0
2014-08-21,41.95183107278157,42.7594370079079,41.908175722745135,42.562992095947266,12745500,0.0,0.0
2014-08-22,42.51934043370546,42.98498921474086,42.43930978156742,42.555721282958984,10228600,0.0,0.0
2014-08-25,42.9122409957234,43.53067950619795,42.82493304176893,43.17416763305664,13996800,0.0,0.0
2014-08-26,43.341513506498096,43.617991960595376,43.21055017431887,43.46520233154297,10281100,0.0,0.0
2014-08-27,43.54522388941369,43.617982822865166,43.31240085330802,43.356056213378906,11410900,0.0,0.0
2014-08-28,43.1086754605025,43.19598339316457,42.78854452376218,43.04319381713867,9096100,0.0,0.0
2014-08-29,43.17415511323539,43.39970360230459,43.09412168887312,43.254188537597656,8897900,0.0,0.0
2014-09-02,43.26146366368595,43.44335680331679,43.0359179468439,43.41425323486328,8671100,0.0,0.0
2014-09-03,43.66889625169441,43.9235454842515,43.2614547041346,43.436073303222656,11791800,0.0,0.0
2014-09-04,43.38515881970299,43.756219657891215,43.2396437315131,43.443363189697266,9811900,0.0,0.0
2014-09-05,43.377874298314175,43.588871002197266,43.08684694598104,43.588871002197266,9600900,0.0,0.0
2014-09-08,43.53794367260718,43.814422032516006,43.46518752416919,43.57432174682617,8090000,0.0,0.0
2014-09-09,43.385152230491556,43.42153030314667,42.76671389347852,42.970436096191406,14868700,0.0,0.0
2014-09-10,43.03591554373401,43.334220165052606,42.868571422205314,43.08684539794922,9153800,0.0,0.0
2014-09-11,43.057738117985494,43.537935827367654,42.90494856851586,43.47972869873047,11467000,0.0,0.0
2014-09-12,43.50883663009042,43.95265631635546,43.47245855877519,43.676177978515625,14359100,0.0,0.0
2014-09-15,43.49429100467604,43.64708336658364,43.2541934796258,43.61070251464844,10685600,0.0,0.0
2014-09-16,43.44334966813297,43.79986138446191,43.37786803760188,43.647071838378906,10947900,0.0,0.0
2014-09-17,43.6179753215456,44.08362131367621,43.52339011206,43.87990188598633,15091800,0.0,0.0
2014-09-18,44.04724419024092,44.67295704645258,44.04724419024092,44.614749908447266,16973700,0.0,0.0
2014-09-19,44.92033903945697,45.00036970385146,44.36738224156153,44.46196746826172,18739300,0.0,0.0
2014-09-22,44.33827831871475,44.70934194144044,44.23641858713343,44.31645202636719,13225200,0.0,0.0
2014-09-23,44.25096796930827,44.67296143489399,44.214589892215905,44.33827590942383,14328800,0.0,0.0
2014-09-24,44.51288191783535,44.84756457274393,44.39647043893373,44.84029006958008,13728200,0.0,0.0
2014-09-25,44.73843607030097,44.74571057439128,43.76348876953125,43.76348876953125,16340100,0.0,0.0
2014-09-26,43.89446432950535,44.29462877770171,43.887187047909755,44.061805725097656,11948900,0.0,0.0
2014-09-29,43.67618096231375,44.018140962070035,43.45790974404194,43.89445495605469,10686500,0.0,0.0
2014-09-30,43.94537571072549,44.192750446979055,43.74893082233574,43.82896423339844,14384800,0.0,0.0
2014-10-01,43.82896709233483,43.94537857725533,43.45790357601597,43.48700714111328,18995800,0.0,0.0
2014-10-02,43.32586493038202,43.57490635569605,42.93032805591238,43.09879684448242,24559100,0.4,0.0
2014-10-03,43.399115205313905,44.23413570903272,43.252619742833566,44.168212890625,18321100,0.0,0.0
2014-10-06,44.51980591407999,44.534455741584345,43.94847661225472,44.080322265625,11578000,0.0,0.0
2014-10-07,43.88987942617925,43.88987942617925,43.35517327015464,43.41377258300781,14542000,0.0,0.0
2014-10-08,43.47969977314147,44.2634474990503,43.347854100169016,44.24147415161133,15834100,0.0,0.0
2014-10-09,44.19019423845192,44.19019423845192,43.13542901951848,43.274600982666016,19189500,0.0,0.0
2014-10-10,43.23797888210377,43.816634542086504,42.85709171834941,42.864418029785156,16689400,0.0,0.0
2014-10-13,42.849768583121346,43.32587824060146,42.564103906300936,42.60072708129883,17169300,0.0,0.0
2014-10-14,41.52397723052522,42.86440686900351,41.06252032031291,42.4761962890625,29096800,0.0,0.0
2014-10-15,41.76570878086026,42.02940012656645,39.74407699322567,40.674320220947266,37866900,0.0,0.0
2014-10-16,40.10297433140992,41.00391752903457,39.758710461280444,40.34469223022461,31965100,0.0,0.0
2014-10-17,40.820805653204225,41.58990335900229,40.70360983893184,41.165069580078125,20183500,0.0,0.0
2014-10-20,41.09182046928835,41.56793003671553,41.06984712727955,41.48003387451172,10807600,0.0,0.0
2014-10-21,41.91951823186444,42.49084748769357,41.809648725680425,42.4322509765625,14020400,0.0,0.0
2014-10-22,42.51283726816169,42.673979821115076,42.07335071987262,42.0806770324707,13750700,0.0,0.0
2014-10-23,42.57140867859446,42.922996033267836,42.439563071320954,42.527462005615234,12641900,0.0,0.0
2014-10-24,42.48353358112197,43.054862966182185,42.48353358112197,43.02556610107422,13758000,0.0,0.0
2014-10-27,42.813139491358626,43.062180958763676,42.666644017443524,42.952308654785156,11087100,0.0,0.0
2014-10-28,43.12076994256034,43.72139876598526,43.07682326397742,43.677452087402344,13625000,0.0,0.0
2014-10-29,43.67013619286413,43.78733202064848,43.040207570709896,43.42842102050781,16712100,0.0,0.0
2014-10-30,43.17204910068471,43.71408149874589,43.1573992743405,43.50166320800781,14709800,0.0,0.0
2014-10-31,44.03636898820031,44.34400975094243,43.853250351429814,44.3000602722168,18347600,0.0,0.0
2014-11-03,44.52711766118519,44.79080888167879,44.212153458280945,44.593040466308594,11841200,0.0,0.0
2014-11-04,44.124264466718536,44.21948413853026,43.52363281483236,44.131587982177734,15295800,0.0,0.0
2014-11-05,44.53445709228841,44.849421407762435,44.234142604763065,44.79082489013672,14063800,0.0,0.0
2014-11-06,44.73954532320286,44.908014128633816,44.409931228155976,44.84941482543945,10421600,0.0,0.0
2014-11-07,44.73220902790469,45.083796386082355,44.57839008260845,45.02519989013672,12384600,0.0,0.0
2014-11-10,44.86406914919501,45.362152099609375,44.82744597811107,45.362152099609375,10801000,0.0,0.0
2014-11-11,45.20100680731267,45.332852458589244,44.89336881711324,44.95196533203125,12539800,0.0,0.0
2014-11-12,44.2561128631225,44.563753640251406,44.116943698569415,44.35866165161133,17219600,0.0,0.0
2014-11-13,44.314704166519675,44.409926627261136,43.941143426946695,44.11693572998047,12240400,0.0,0.0
2014-11-14,44.13157967262455,44.40259440028029,44.08030669155908,44.1535530090332,6803400,0.0,0.0
2014-11-17,43.94847694834333,44.33668760058631,43.86790429353767,44.2268180847168,9017600,0.0,0.0
2014-11-18,44.20483573012837,44.549099645280755,44.094966229708696,44.3366813659668,8897800,0.0,0.0
2014-11-19,44.278089015874286,44.527130485381214,44.05834720023142,44.38795852661133,9210100,0.0,0.0
2014-11-20,44.09496480937098,44.13158797499787,43.76535073039208,44.0363655090332,10917300,0.0,0.0
2014-11-21,44.73222876747116,44.73222876747116,44.168222924997565,44.27809524536133,12340500,0.0,0.0
2014-11-24,44.46120351637555,44.90801341655784,44.46120351637555,44.65164566040039,8335000,0.0,0.0
2014-11-25,44.79814142337247,44.79814142337247,43.91184792691081,44.168212890625,14802600,0.0,0.0
2014-11-26,44.36599387588717,44.36599387588717,44.09497900996689,44.19752502441406,7626600,0.0,0.0
2014-11-28,44.24145747980686,44.35865327893322,43.97043992406546,44.0656623840332,6759600,0.0,0.0
2014-12-01,43.93382124367926,44.102290047478164,43.61885697748221,43.94847106933594,12771600,0.0,0.0
2014-12-02,43.955789879298834,44.820109941330955,43.948466364338806,44.739540100097656,12546600,0.0,0.0
2014-12-03,44.65164054057654,45.13507355215916,44.54177105267988,45.07647705078125,12115500,0.0,0.0
2014-12-04,44.75417578621212,45.09843957960634,44.56373370967189,44.95927047729492,11515200,0.0,0.0
2014-12-05,45.42074963256861,46.18985021341419,45.32552994444988,45.9261589050293,20071100,0.0,0.0
2014-12-08,45.85290943495286,46.26309622215506,45.6038679559674,45.90418243408203,15528200,0.0,0.0
2014-12-09,45.30355930814414,46.03603401187594,45.09114376763055,45.743045806884766,19676400,0.0,0.0
2014-12-10,45.53061418650814,45.589213486908825,44.219484178811314,44.44655227661133,29620600,0.0,0.0
2014-12-11,44.80547020068287,45.45737494556593,44.76152351269604,44.78349685668945,16886200,0.0,0.0
2014-12-12,44.33669425399538,44.84210360301395,43.91918388386572,43.977783203125,17405400,0.0,0.0
2014-12-15,44.49050587532412,44.54177887084252,43.06217992861607,43.333194732666016,19209900,0.0,0.0
2014-12-16,42.791154678545595,43.84591964155536,42.56408939447292,42.79848098754883,20709700,0.0,0.0
2014-12-17,42.9010288690696,43.823948252767146,42.73256007868602,43.779998779296875,17856400,0.0,0.0
2014-12-18,44.41725304906154,45.03253173828125,44.270757590834286,45.03253173828125,18173400,0.0,0.0
2014-12-19,44.97394145661568,45.6697900897171,44.951965318630236,45.362152099609375,22756400,0.0,0.0
2014-12-22,45.53061779837896,45.65513992452435,45.127757355755485,45.36947250366211,17073400,0.0,0.0
2014-12-23,45.45003896797537,46.123916913524084,45.362142816527545,45.7650032043457,13552600,0.0,0.0
2014-12-24,45.95544812567898,46.050667792177336,45.611184240769944,45.7650032043457,7412500,0.0,0.0
2014-12-26,45.904184168474465,46.06532948277973,45.713741992251954,45.816287994384766,6086500,0.0,0.0
2014-12-29,45.72106308295355,46.39494116633183,45.59654374244831,46.116600036621094,10601200,0.0,0.0
2014-12-30,45.9408073386345,46.35099132219235,45.83093503208503,46.25577163696289,7518100,0.0,0.0
2014-12-31,46.36564044927037,46.504812408020854,45.838260650634766,45.838260650634766,18529400,0.0,0.0
2015-01-02,45.83825888195023,46.41326347824386,45.75716791331529,46.06678771972656,12600000,0.4,0.0
2015-01-05,45.74978783725742,45.91196692889126,44.40073540960832,44.636634826660156,20100600,0.0,0.0
2015-01-06,44.70299289218784,44.78408386435433,43.014834981892776,43.47926330566406,29074100,0.0,0.0
2015-01-07,44.15010125594421,44.15010125594421,43.250732780817316,43.54560852050781,23843200,0.0,0.0
2015-01-08,44.2090826146313,44.894666397960535,44.2090826146313,44.518699645996094,16971100,0.0,0.0
2015-01-09,44.76197006280935,44.81357289846705,43.70779302784147,43.744651794433594,15396200,0.0,0.0
2015-01-12,43.70041837832123,43.78888279026744,42.955861190040416,43.36868667602539,15455200,0.0,0.0
2015-01-13,43.68567751393076,44.0100414239046,43.02958187732915,43.376060485839844,21644700,0.0,0.0
2015-01-14,43.37605784286784,43.37605784286784,40.74430201587698,41.87957000732422,49602300,0.0,0.0
2015-01-15,41.08340788390536,41.73213286356825,40.17666872535908,40.53789138793945,42458100,0.0,0.0
2015-01-16,40.29461536562276,41.28244542213823,40.27987129765764,41.23084259033203,29368900,0.0,0.0
2015-01-20,41.3119374770683,41.569951660575455,40.85487976322179,41.06866455078125,23477700,0.0,0.0
2015-01-21,40.876990132859184,41.59205909315939,40.685320076754905,41.201351165771484,21842400,0.0,0.0
2015-01-22,41.56257577759844,42.557776430619214,41.25295598438849,42.45457077026367,31423500,0.0,0.0
2015-01-23,42.550404160765495,42.66098044453174,41.76898548629185,41.783729553222656,15458300,0.0,0.0
2015-01-26,41.58469098876031,42.01226051513092,41.429882496306135,41.85007858276367,12577700,0.0,0.0
2015-01-27,41.31931055823492,41.7321360884938,41.10552575798601,41.42988967895508,15220500,0.0,0.0
2015-01-28,41.73950386214093,41.78373606983183,40.360965728759766,40.360965728759766,24354400,0.0,0.0
2015-01-29,40.74429641169707,41.20135123432102,40.30935628322072,41.03916931152344,20393300,0.0,0.0
2015-01-30,40.537883796299084,40.913847645427616,40.08082617623776,40.088199615478516,26943700,0.0,0.0
2015-02-02,40.19879298391706,41.02444417700609,40.0071256643233,40.89175033569336,20308900,0.0,0.0
2015-02-03,41.216098874736375,41.857450369913266,41.18661073855404,41.8132209777832,18812500,0.0,0.0
2015-02-04,41.51834790153382,42.07123783574688,41.48885976346133,41.56258010864258,14934100,0.0,0.0
2015-02-05,41.91642548126451,42.0491192782662,41.621549751895586,41.85007858276367,11293900,0.0,0.0
2015-02-06,42.57252979074978,43.29497238307493,42.41772126642524,42.67573547363281,25214000,0.0,0.0
2015-02-09,42.32925068712841,42.830537770078486,42.189186253888415,42.62412643432617,14372400,0.0,0.0
2015-02-10,43.066436240979,43.28022101211621,42.793678009060464,43.095924377441406,16367300,0.0,0.0
2015-02-11,42.80105312641787,43.24336394211207,42.63887118166299,43.029579162597656,13061900,0.0,0.0
2015-02-12,43.44240091636854,44.01740548974399,43.162269257379556,43.91419982910156,23211300,0.0,0.0
2015-02-13,43.83312556260846,44.393389094027526,43.744663935806024,43.98793411254883,16479100,0.0,0.0
2015-02-17,43.759392302130216,44.33439688817266,43.72990416639896,44.304908752441406,15308800,0.0,0.0
2015-02-18,44.30490758809257,44.30490758809257,43.5824651545233,43.766761779785156,14278100,0.0,0.0
2015-02-19,43.60458549835537,43.84785559721156,43.34656851891838,43.66355895996094,11256500,0.0,0.0
2015-02-20,43.46452619576866,44.15011003657695,43.0148418687714,44.083763122558594,15379000,0.0,0.0
2015-02-23,43.86260472420862,43.884719423343206,43.34657351796564,43.75202560424805,16814000,0.0,0.0
2015-02-24,44.415497179494864,45.15268385467321,44.29017679454367,44.835693359375,22937700,0.0,0.0
2015-02-25,44.791458714823875,45.16742547355473,44.78408808581559,45.071590423583984,18307900,0.0,0.0
2015-02-26,44.99049923491068,45.484415740488025,44.90203762650273,45.39595413208008,15444800,0.0,0.0
2015-02-27,45.06422074777923,45.64659606464277,45.06422074777923,45.17479705810547,15225900,0.0,0.0
2015-03-02,45.174795686339756,45.580250581655726,44.990499029248426,45.53601837158203,13047300,0.0,0.0
2015-03-03,45.44754174396459,45.698185227261284,45.33696266139672,45.683441162109375,13706900,0.0,0.0
2015-03-04,45.44017659916129,45.83088455449969,45.22639183365245,45.80139923095703,16625500,0.0,0.0
2015-03-05,45.853011933672185,45.875126634125934,45.41069823958922,45.70557403564453,10931300,0.0,0.0
2015-03-06,45.823518260083816,46.3469200633631,44.82094404909362,44.887290954589844,22719200,0.0,0.0
2015-03-09,44.850424515234394,45.43280249583862,44.82093638180408,45.33696746826172,13001500,0.0,0.0
2015-03-10,44.79145462445841,44.97575126641776,44.20170593261719,44.20170593261719,16357700,0.0,0.0
2015-03-11,44.32702442313454,44.71036173532285,44.20170125754255,44.40811538696289,13015600,0.0,0.0
2015-03-12,44.71035473679495,45.30010327394676,44.71035473679495,45.241127014160156,18159600,0.0,0.0
2015-03-13,45.2632518822936,45.60235699481277,44.548180082819584,44.96837615966797,16506200,0.0,0.0
2015-03-16,45.33697559321474,45.64659261329065,45.15267894446183,45.59498977661133,15182900,0.0,0.0
2015-03-17,45.219027208043016,45.45492670055731,44.90940736652816,45.418067932128906,11718300,0.0,0.0
2015-03-18,45.25587175911959,45.74241466109847,45.03471640588245,45.52125930786133,15697900,0.0,0.0
2015-03-19,45.38856858789665,45.447544852538215,44.79144656304466,45.11581039428711,11523800,0.0,0.0
2015-03-20,45.204268937102356,45.779273417947515,45.07894860138703,45.52125930786133,18368300,0.0,0.0
2015-03-23,45.521274720973054,45.764547660404055,45.05684635342357,45.071590423583984,15112900,0.0,0.0
2015-03-24,44.94626010207021,45.14530078698664,44.562922799135976,44.57029342651367,12128700,0.0,0.0
2015-03-25,44.62191315916414,44.70300415175542,43.92895862526965,43.943702697753906,14950900,0.0,0.0
2015-03-26,43.833117376829776,44.07639032028608,43.398177142404414,43.892093658447266,14039600,0.0,0.0
2015-03-27,43.85520757915672,44.06898943653495,43.49398510954843,43.899436950683594,11755800,0.0,0.0
2015-03-30,44.87991890156803,45.30748564730557,44.68087819139686,44.93889236450195,20656500,0.0,0.0
2015-03-31,44.76197720267004,44.92415636397288,44.54081894355367,44.65877151489258,17346700,0.0,0.0
2015-04-01,44.82943428266016,44.94816798010949,44.32481536079184,44.488075256347656,18100600,0.4,0.0
2015-04-02,44.57713988518175,45.04465521536089,44.52519405192136,44.91107940673828,12697800,0.0,0.0
2015-04-06,44.465820205978154,45.081753338790534,44.26545934894077,44.87397003173828,12025200,0.0,0.0
2015-04-07,45.378588286288995,45.63831741567011,45.15596008300781,45.15596008300781,11505500,0.0,0.0
2015-04-08,45.311789513535935,45.68283265548185,45.22273712126806,45.30436706542969,11734000,0.0,0.0
2015-04-09,45.467636680217204,45.69768449653606,45.141119664556506,45.61605453491211,11728500,0.0,0.0
2015-04-10,45.52698840074302,45.84608570136173,45.415677166399874,45.786720275878906,9869700,0.0,0.0
2015-04-13,45.74219723307492,46.20971237584136,45.63830560820115,46.06129455566406,15468700,0.0,0.0
2015-04-14,46.721755848276366,47.2041131074049,46.55849877648274,46.781124114990234,33775400,0.0,0.0
2015-04-15,46.81080517570796,47.84972712832826,46.75885653032582,47.64936065673828,28732200,0.0,0.0
2015-04-16,47.55290658160033,47.69389917349198,47.24122876447263,47.352542877197266,16640500,0.0,0.0
2015-04-17,46.93695713485884,47.04827120901444,46.3729728085289,46.6327018737793,20221200,0.0,0.0
2015-04-20,46.914700474638664,47.13732581594768,46.8553322071777,46.929542541503906,12755300,0.0,0.0
2015-04-21,46.99634284013411,47.19670371864923,46.10583840885411,46.23941421508789,14985100,0.0,0.0
2015-04-22,46.49171770250296,46.86276093131516,46.0316220605745,46.7069206237793,14484700,0.0,0.0
2015-04-23,46.59560772500057,46.9072826675081,46.45460949124567,46.60302734375,12851300,0.0,0.0
2015-04-24,46.47688488445633,46.63272239217507,46.26167908951003,46.454620361328125,9597500,0.0,0.0
2015-04-27,46.528816895714726,46.86275633506028,46.239403658560214,46.26166534423828,11146400,0.0,0.0
2015-04-28,46.37298433039946,46.58818725329022,45.838681171034374,46.57334518432617,12307800,0.0,0.0
2015-04-29,46.424925723812414,47.41189915358878,46.35071538607758,47.196693420410156,17601200,0.0,0.0
2015-04-30,47.18185578654827,47.404481145645875,46.692076033364486,46.94438552856445,16840900,0.0,0.0
2015-05-01,47.27090471117946,47.39705804161968,46.99633353311225,47.20411682128906,11640100,0.0,0.0
2015-05-04,47.256065260216744,48.139149945540474,47.22638112288054,48.027835845947266,14972500,0.0,0.0
2015-05-05,47.872004728957464,48.47309302025154,47.708744782761286,47.790374755859375,17692400,0.0,0.0
2015-05-06,47.88683145346113,48.28755876348347,47.06311514869346,47.43415832519531,18087900,0.0,0.0
2015-05-07,47.24864510617529,47.938785763181265,46.93697014150693,47.86457824707031,15039900,0.0,0.0
2015-05-08,48.2133531074584,48.717972073298476,47.938779108127704,48.59923553466797,16802600,0.0,0.0
2015-05-11,48.42857602146806,48.71056690827014,48.2950001989467,48.5695686340332,13798800,0.0,0.0
2015-05-12,48.46566288408314,48.63634525395078,48.05751874498509,48.502769470214844,12762200,0.0,0.0
2015-05-13,48.5472906007462,48.70312806429147,48.280139045620054,48.621498107910156,11874100,0.0,0.0
2015-05-14,48.85154494002558,49.1112740257295,48.76249254135448,49.01480484008789,11855500,0.0,0.0
2015-05-15,49.074166753821935,49.096434099428535,48.56213103825739,48.88864517211914,11152100,0.0,0.0
2015-05-18,48.829281600448596,49.37842388613072,48.829281600448596,49.289371490478516,10510900,0.0,0.0
2015-05-19,49.54910238599644,49.86078295138425,49.400687382798026,49.72720718383789,14282700,0.0,0.0
2015-05-20,49.68268778706315,49.74205606452187,49.27454361829324,49.33391189575195,12446000,0.0,0.0
2015-05-21,49.08159446709169,49.48232180595404,48.98512527245944,49.460060119628906,12934500,0.0,0.0
2015-05-22,49.44521556195196,49.593636241259695,49.215170586112485,49.32648468017578,9296900,0.0,0.0
2015-05-26,49.1261234598079,49.192914188094186,48.46566693547896,48.777347564697266,15571300,0.0,0.0
2015-05-27,48.940596575645685,49.460060460717735,48.84412738034816,49.32648468017578,10963700,0.0,0.0
2015-05-28,49.24486572035552,49.27454986284674,48.78477000424847,49.126129150390625,11797400,0.0,0.0
2015-05-29,49.111281206239745,49.14096534347021,48.50277054719109,48.81444549560547,14310700,0.0,0.0
2015-06-01,48.970280507200016,49.46748270371905,48.955441270166155,49.037071228027344,11899300,0.0,0.0
2015-06-02,48.85156111012583,49.267127784806654,48.66603946440456,48.9925537109375,12784200,0.0,0.0
2015-06-03,49.296797224053975,49.81625541246924,49.17806068860499,49.49715805053711,12927300,0.0,0.0
2015-06-04,49.207746501873906,49.75689450456286,48.985123982813626,49.222591400146484,13863300,0.0,0.0
2015-06-05,49.99437794760143,50.343153905429695,49.72722630975774,50.03147888183594,20801100,0.0,0.0
2015-06-08,50.06115359017482,50.12794431788214,49.578796242672844,49.63816452026367,14558700,0.0,0.0
2015-06-09,49.68269588579947,49.92016337267315,49.32649748632467,49.85337829589844,13263500,0.0,0.0
2015-06-10,50.15760974079958,50.832910983880026,50.06856300925954,50.65481185913086,17478900,0.0,0.0
2015-06-11,50.729020751555545,50.966488144977,50.57318330540421,50.84775161743164,13739900,0.0,0.0
2015-06-12,50.691915641235184,50.86259798911373,50.365401504355766,50.64739227294922,11804700,0.0,0.0
2015-06-15,50.15021141122161,50.61772390887416,49.94242807893159,50.454463958740234,14082300,0.0,0.0
2015-06-16,50.2911824736363,50.84774715894805,50.17987406590895,50.7364387512207,11692800,0.0,0.0
2015-06-17,50.766135703413525,50.96649654960022,50.491561684438246,50.56576919555664,14521900,0.0,0.0
2015-06-18,50.72160922511824,51.07039077279975,50.3876725774111,51.040706634521484,16759600,0.0,0.0
2015-06-19,50.80323868208828,50.9590761602384,50.402511311843476,50.52124786376953,21606400,0.0,0.0
2015-06-22,51.10750081927959,51.41917579978529,51.018448398419025,51.174285888671875,14306700,0.0,0.0
2015-06-23,51.463700445348024,51.81248202520977,51.344969542950764,51.760536193847656,15736900,0.0,0.0
2015-06-24,51.58241831106307,51.77535666522836,51.137167680550114,51.21879196166992,16995000,0.0,0.0
2015-06-25,51.44143717810322,51.55275128808721,50.93681811962387,50.94424057006836,13314300,0.0,0.0
2015-06-26,51.159449513256476,51.41917867821746,51.03329049455728,51.166866302490234,14489200,0.0,0.0
2015-06-29,50.22442152891809,50.65483311755704,49.83853898640587,49.86821746826172,19934400,0.0,0.0
2015-06-30,50.380236877976486,50.54349676473614,49.838517066458316,50.28376770019531,20677400,0.0,0.0
2015-07-01,50.881324177293706,51.08299455557818,50.62736276532253,50.84397506713867,13964400,0.44,0.0
2015-07-02,50.754341854150475,50.888790675828886,50.18667411699651,50.43315887451172,12822900,0.0,0.0
2015-07-06,49.955123394393866,50.3883480389692,49.701167657096036,50.2912483215332,13527100,0.0,0.0
2015-07-07,50.111973265737504,50.20907866993375,48.774961779721416,49.89536666870117,22421500,0.0,0.0
2015-07-08,49.29781247547674,49.41732505926549,48.707731915035495,48.8720588684082,17707200,0.0,0.0
2015-07-09,49.66382354109647,49.82067957674277,49.29035516136474,49.37998962402344,14984700,0.0,0.0
2015-07-10,50.209089238439425,50.34353808136407,49.91778436188187,50.08211135864258,12356100,0.0,0.0
2015-07-13,50.70953217559627,50.896266350848485,50.55267615222539,50.858917236328125,16175600,0.0,0.0
2015-07-14,50.77676086126682,51.613326342627836,50.612433870663786,51.568511962890625,20185100,0.0,0.0
2015-07-15,51.71041632128415,51.85980134158047,51.42657680457861,51.680538177490234,16891600,0.0,0.0
2015-07-16,52.00920978899911,52.24822934834156,51.844888472125255,51.95692443847656,18035700,0.0,0.0
2015-07-17,51.80008541437414,51.90465614979319,51.47890224167912,51.69551467895508,14040700,0.0,0.0
2015-07-20,51.912097062286634,52.11376744993203,51.673077562752574,51.73283386230469,11512900,0.0,0.0
2015-07-21,51.65813565134345,51.941969494963644,51.441523363314715,51.61331558227539,11659900,0.0,0.0
2015-07-22,51.747751201700545,52.502158536858566,51.687994923957426,52.34530258178711,15493000,0.0,0.0
2015-07-23,52.427495372443175,52.74120745810946,51.88222900563469,52.01667785644531,14331800,0.0,0.0
2015-07-24,51.86725746042506,51.956886167486374,51.29958428812641,51.47138214111328,12413900,0.0,0.0
2015-07-27,50.90373449481628,50.956019833044735,50.47050986453797,50.799163818359375,16801600,0.0,0.0
2015-07-28,51.20250884657868,51.23985225929759,50.61989348168577,50.82904052734375,14932400,0.0,0.0
2015-07-29,51.03070224294096,51.61331181018269,50.9111953643989,51.493804931640625,13059200,0.0,0.0
2015-07-30,51.4863484675891,51.87475305555315,51.19504360194733,51.568511962890625,10197200,0.0,0.0
2015-07-31,51.54609308780151,51.568500272590526,51.090461334845955,51.18756103515625,11911800,0.0,0.0
2015-08-03,51.23237540473429,51.41910954287432,50.79168557408718,51.18756103515625,9980600,0.0,0.0
2015-08-04,51.142751571001675,51.5012779593618,51.023238975765494,51.13528060913086,10964000,0.0,0.0
2015-08-05,51.57597934533115,51.852342266092094,51.20997627396872,51.33695983886719,11302900,0.0,0.0
2015-08-06,51.35190390841864,51.49382372097804,50.79170132032681,50.97843551635742,10803400,0.0,0.0
2015-08-07,51.03818187432742,51.34442293278943,50.45557220810882,50.82904052734375,11453300,0.0,0.0
2015-08-10,50.95602425182155,51.54610494795552,50.95602425182155,51.45647048950195,12661400,0.0,0.0
2015-08-11,50.9634895324707,51.090467393782845,50.679649961685534,50.9634895324707,14800300,0.0,0.0
2015-08-12,50.35098635939571,50.455557001371126,49.35008860219479,50.224002838134766,21069000,0.0,0.0
2015-08-13,50.23148695876197,50.64230437321032,50.0223456200152,50.455570220947266,11930600,0.0,0.0
2015-08-14,50.358442213344716,50.7244450905606,50.343505995283756,50.709503173828125,11248800,0.0,0.0
2015-08-17,50.50785587043983,50.970952923787195,50.343528903636276,50.84397506713867,10326500,0.0,0.0
2015-08-18,50.776747524233755,51.060581352475815,50.67217116785674,50.94853973388672,10617500,0.0,0.0
2015-08-19,50.73941040124824,51.02324429652135,50.31365670900119,50.492919921875,15198200,0.0,0.0
2015-08-20,49.902837239015255,50.074635181013655,49.25300598144531,49.25300598144531,20972300,0.0,0.0
2015-08-21,48.61811461912148,48.87954706366763,47.48277316619434,47.50518035888672,28235500,0.0,0.0
2015-08-24,44.28587124271017,46.9972490213224,37.39911494969827,45.0029296875,36339100,0.0,0.0
2015-08-25,47.13170471253024,47.29603169860503,44.61452882695115,44.74897766113281,31772500,0.0,0.0
2015-08-26,46.16068410856559,47.042069577945426,45.227013301962984,46.989784240722656,33576800,0.0,0.0
2015-08-27,47.789011998222215,48.349217399218176,47.16158502639126,48.16248321533203,29045700,0.0,0.0
2015-08-28,48.02056318010096,48.14754105684832,47.5051750114881,47.90105056762695,16687300,0.0,0.0
2015-08-31,47.512641849942675,48.06537338796569,47.408071172443044,47.878639221191406,14223400,0.0,0.0
2015-09-01,46.94496725911472,46.94496725911472,45.555667485145705,45.89925765991211,23637300,0.0,0.0
2015-09-02,46.77316702874711,46.989779317022695,45.966477018024676,46.73582077026367,17757900,0.0,0.0
2015-09-03,46.96738490265031,47.54999467155202,46.64620186355382,46.817996978759766,17065400,0.0,0.0
2015-09-04,46.160672469266665,46.25030404628573,45.37638975934285,45.93659210205078,20189000,0.0,0.0
2015-09-08,46.88521265645903,47.206395635644675,46.55656156467385,47.176517486572266,13385100,0.0,0.0
2015-09-09,47.75913407967395,48.057907065757604,46.3100778313575,46.44452667236328,13889500,0.0,0.0
2015-09-10,46.20549093884511,47.056998067021176,45.89924709714431,46.80303955078125,15751100,0.0,0.0
2015-09-11,46.59391419723714,46.80305557066617,46.30260932729314,46.728363037109375,12766700,0.0,0.0
2015-09-14,46.78810866695015,46.825454927480926,46.3997012888886,46.59390640258789,10202800,0.0,0.0
2015-09-15,46.87773992478954,47.72177908352969,46.69100577414224,47.490230560302734,14023500,0.0,0.0
2015-09-16,47.72177036953434,48.02054609574837,47.21385334457238,47.908504486083984,12235900,0.0,0.0
2015-09-17,47.90851581992406,48.281984141375716,46.601376694843275,46.79558181762695,21249200,0.0,0.0
2015-09-18,46.18309805498601,46.18309805498601,45.398812231578354,45.5183219909668,31008000,0.0,0.0
2015-09-21,45.95154299740538,46.242847834678514,45.62289189754237,45.89925765991211,13136400,0.0,0.0
2015-09-22,45.26436305557028,45.63036329369621,45.129914221102574,45.495914459228516,14811900,0.0,0.0
2015-09-23,45.41373732268354,45.675166799759026,45.055208154925886,45.294227600097656,11712200,0.0,0.0
2015-09-24,44.82365950568898,45.10002807080876,44.412844987776474,44.98051834106445,17293400,0.0,0.0
2015-09-25,45.76480811705154,46.20550084710675,45.46603232234602,45.9141960144043,18384300,0.0,0.0
2015-09-28,45.50338523255454,45.57060965371815,44.58465337621026,44.801265716552734,17452200,0.0,0.0
2015-09-29,44.80125263440724,44.91329425340918,43.867581973846896,44.69668197631836,19334900,0.0,0.0
2015-09-30,45.33904868498024,45.56312907779054,44.898356011074036,45.54072189331055,18743800,0.0,0.0
2015-10-01,45.65276969106056,46.212972208512404,45.21954789255323,45.87685012817383,16863200,0.0,0.0
2015-10-02,44.83111594038171,45.78657050692895,44.033649178487266,45.74895477294922,20435100,0.44,0.0
2015-10-05,46.072461489676854,46.82478775073045,46.05741462006815,46.65927505493164,13471100,0.0,0.0
2015-10-06,46.72696813815367,46.91504963742501,46.35832713682765,46.681827545166016,12134800,0.0,0.0
2015-10-07,47.058006747439464,47.419123005997974,46.463668316315356,46.74203109741211,12773100,0.0,0.0
2015-10-08,46.53137779416363,46.83230944457751,46.21540214413628,46.74203109741211,13964600,0.0,0.0
2015-10-09,46.93762971635914,47.05800178986408,46.32824734982018,46.59156036376953,12112000,0.0,0.0
2015-10-12,46.52384537406423,46.65173943141175,46.19282292866806,46.43356704711914,10857400,0.0,0.0
2015-10-13,46.185299628582506,46.76459108011423,46.12511503187468,46.30567169189453,15621900,0.0,0.0
2015-10-14,45.71133047606655,45.86932113093933,44.793494627705215,45.132041931152344,28989400,0.0,0.0
2015-10-15,45.49316443284895,46.61412881936617,45.21480168353419,46.561466217041016,18147900,0.0,0.0
2015-10-16,46.967716217041016,47.133228868825036,46.71192524150942,46.967716217041016,17456600,0.0,0.0
2015-10-19,46.644225473005285,47.22351700471893,46.57651599865182,46.80973815917969,14510400,0.0,0.0
2015-10-20,46.91505503491945,47.26112434461835,46.70440464986729,47.03542709350586,11545100,0.0,0.0
2015-10-21,47.30626878131497,47.36645338054354,46.68183670367675,46.689361572265625,12113400,0.0,0.0
2015-10-22,46.96020201783805,47.832903201946536,46.96020201783805,47.539493560791016,15295700,0.0,0.0
2015-10-23,47.87052209596696,48.291825846774735,47.772718875799676,48.05107879638672,16985200,0.0,0.0
2015-10-26,48.02848688352763,48.14133691957031,47.70498650809396,48.07362747192383,13880200,0.0,0.0
2015-10-27,47.79528777821251,48.04355682882889,47.6297779476986,47.87804412841797,8831900,0.0,0.0
2015-10-28,47.923168907775356,49.45791183498942,47.91564404029858,49.2773551940918,17962000,0.0,0.0
2015-10-29,49.0967998119351,49.52562543243125,48.81091223840949,49.059181213378906,12753700,0.0,0.0
2015-10-30,49.12690079207749,49.15698878761156,48.24667481818836,48.33695602416992,15731400,0.0,0.0
2015-11-02,48.48742222645096,49.46544860117486,48.44228449031689,49.30746078491211,15253300,0.0,0.0
2015-11-03,49.11937222115841,49.72875453117357,49.029091021981365,49.48801040649414,11519500,0.0,0.0
2015-11-04,49.66105488070864,49.766380091246404,49.37516724656886,49.540679931640625,11388400,0.0,0.0
2015-11-05,49.495541115493054,50.157586101538804,49.46544737888279,49.984554290771484,12715900,0.0,0.0
2015-11-06,51.43654297168263,51.933075265585074,51.2334116888823,51.504249572753906,23262700,0.0,0.0
2015-11-09,51.68480616880488,51.69985590665961,50.46604143306076,50.69926071166992,17143800,0.0,0.0
2015-11-10,50.548804055616294,51.045336410474896,50.3531976177416,50.917442321777344,13239700,0.0,0.0
2015-11-11,51.23340347990662,51.28606607445517,50.593927477590704,50.669158935546875,8513900,0.0,0.0
2015-11-12,50.300534988436,50.3306287280813,49.61591532604176,49.653533935546875,13576900,0.0,0.0
2015-11-13,49.53315254660715,49.78142156160533,49.07423886102549,49.32250213623047,11837000,0.0,0.0
2015-11-16,49.24726764164474,50.08987497118541,49.02909237578707,50.03721237182617,11041100,0.0,0.0
2015-11-17,50.15757664319354,50.210239237382446,49.57076323943372,49.751319885253906,12354800,0.0,0.0
2015-11-18,50.01463339061272,50.819621955029206,49.93187707410144,50.744384765625,12911400,0.0,0.0
2015-11-19,50.842198247265955,51.022754900685335,50.43594147222795,50.90238571166992,12839500,0.0,0.0
2015-11-20,51.15063618549417,51.24091735955711,50.691716928642,50.81209182739258,11209600,0.0,0.0
2015-11-23,50.63905978762733,50.842191016151915,50.24032793729825,50.31555938720703,11339000,0.0,0.0
2015-11-24,49.781425539177846,50.511182904714644,49.68362519505812,50.2403450012207,10910000,0.0,0.0
2015-11-25,50.35318826495303,50.49613206682524,50.06730640100151,50.3005256652832,7772000,0.0,0.0
2015-11-27,50.40584313728163,50.654112100433245,50.1350053119875,50.53373718261719,4052500,0.0,0.0
2015-11-30,50.61648302231871,50.79703962186225,50.16508865356446,50.16508865356445,15147500,0.0,0.0
2015-12-01,50.66163771704853,51.03028164523469,50.398324725338945,50.864768981933594,12708800,0.0,0.0
2015-12-02,51.03027887358441,51.06789173333274,50.01463982370055,50.15005874633789,13440900,0.0,0.0
2015-12-03,50.27796209614197,50.42842504253669,49.33755433169129,49.50306701660156,14626900,0.0,0.0
2015-12-04,49.7287299226813,51.1581499667696,49.67606735083652,51.07539367675781,17786000,0.0,0.0
2015-12-07,50.902387445342534,50.97009404025861,49.95445493796846,50.40584945678711,11686000,0.0,0.0
2015-12-08,49.84159976873542,50.37575056427436,49.427818153983786,49.6234245300293,13084500,0.0,0.0
2015-12-09,49.36012639314624,50.08988378394039,48.931300654404524,49.247276306152344,16770200,0.0,0.0
2015-12-10,49.30745626537295,50.029688676285524,48.961386927214406,49.3601188659668,12839000,0.0,0.0
2015-12-11,48.75074643874678,49.021584365390474,47.780241955008826,48.20154571533203,17889300,0.0,0.0
2015-12-14,48.32190175695403,48.72063362066215,47.84793270102091,48.35198974609375,17638200,0.0,0.0
2015-12-15,48.953860956861114,50.14253761756178,48.953860956861114,49.728755950927734,18126600,0.0,0.0
2015-12-16,50.33813839959148,50.962564654371185,49.58581235498692,50.8045768737793,21720000,0.0,0.0
2015-12-17,51.082940351536216,51.15817180917949,49.71370715917634,49.86417007446289,18122100,0.0,0.0
2015-12-18,49.6309697868841,49.6309697868841,48.4498176574707,48.4498176574707,23819600,0.0,0.0
2015-12-21,48.91624793910515,49.322504783692295,48.77330986141609,49.30746078491211,18869300,0.0,0.0
2015-12-22,49.593329769650424,49.65351722868982,48.88614721520947,49.41277313232422,12149500,0.0,0.0
2015-12-23,49.743801285092665,50.29299609606152,49.69113869034507,50.202720642089844,12524500,0.0,0.0
2015-12-24,50.11996535473187,50.3230908701699,49.894265235540765,50.104915618896484,4468200,0.0,0.0
2015-12-28,49.87169694128026,49.99206613037606,49.43534643374886,49.93940353393555,6610600,0.0,0.0
2015-12-29,50.28547002222573,50.63154505345786,50.21023856578961,50.4585075378418,9820800,0.0,0.0
2015-12-30,50.43594707059277,50.44347193942665,49.992071646084206,50.09739685058594,7190700,0.0,0.0
2015-12-31,49.796468992553635,50.24033865960039,49.653525189365666,49.67609405517578,14654300,0.0,0.0
2016-01-04,48.433997400873935,48.51730599276237,47.722065027758624,48.18406295776367,25393200,0.44,0.0
2016-01-05,48.24466330872805,48.570331058470686,47.74479721703509,48.26738357543945,16566700,0.0,0.0
2016-01-06,47.50242729908016,47.812950060006045,47.214624799711615,47.57059097290039,22961500,0.0,0.0
2016-01-07,46.54814635175828,46.957128486813346,45.50297363659381,45.646873474121094,27630900,0.0,0.0
2016-01-08,46.298208940974455,46.40424069102023,44.57139666159821,44.624412536621094,22373300,0.0,0.0
2016-01-11,44.556251525878906,44.851626510738114,43.95792620882393,44.556251525878906,20925500,0.0,0.0
2016-01-12,45.025830575351804,45.109142077140085,44.00337517497164,44.65471649169922,22971600,0.0,0.0
2016-01-13,45.03339473110984,45.20001770396214,43.102094294265996,43.427764892578125,28808100,0.0,0.0
2016-01-14,44.048813578489174,44.972809563311586,43.389899877240566,44.07910919189453,31296300,0.0,0.0
2016-01-15,42.75370751184445,43.60196448439026,42.579512064125595,43.200557708740234,38131700,0.0,0.0
2016-01-19,43.7231469057732,43.90491771347186,42.79915083750718,43.17783737182617,22818900,0.0,0.0
2016-01-20,42.132653945764964,42.549208450179464,41.39800133073422,42.04176712036133,34646100,0.0,0.0
2016-01-21,42.21597798286128,42.806728077979706,41.70096404229426,41.84486389160156,31301100,0.0,0.0
2016-01-22,42.74612347470496,43.29143286221351,42.64009173583345,43.13238525390625,22732200,0.0,0.0
2016-01-25,42.776421994982144,43.056649165241936,42.10993301922388,42.15537643432617,21114400,0.0,0.0
2016-01-26,42.29927146553493,43.28385845738252,42.26897874804041,43.23084259033203,17535700,0.0,0.0
2016-01-27,43.23085332290407,44.13212617566219,42.8370190062206,43.200557708740234,20560000,0.0,0.0
2016-01-28,43.564095008732174,43.904913434230814,42.89003350560635,43.38232421875,15497900,0.0,0.0
2016-01-29,43.79887875536566,45.09398579671431,43.55651675517467,45.063690185546875,26992200,0.0,0.0
2016-02-01,44.806194670159,45.17730877852133,44.260885086981446,44.578983306884766,16807900,0.0,0.0
2016-02-02,43.836742767127326,43.912478898887116,42.98091061033017,43.19297409057617,22448200,0.0,0.0
2016-02-03,43.45048975539359,43.77616038817571,41.67066429738335,43.48078536987305,31543200,0.0,0.0
2016-02-04,43.21569210057252,44.3214556719562,43.21569210057252,44.23057174682617,21651300,0.0,0.0
2016-02-05,44.36690595977762,44.791032935592476,43.488350620393504,43.738285064697266,22001300,0.0,0.0
2016-02-08,42.93547693458421,43.109672388453916,42.06449966523566,42.82187271118164,28267600,0.0,0.0
2016-02-09,41.87514853090009,42.935468862386784,41.75396898189737,42.56435775756836,26300000,0.0,0.0
2016-02-10,42.84458795093334,43.48078135044722,42.011478853803794,42.049346923828125,22389600,0.0,0.0
2016-02-11,40.82239212770032,40.82996458392838,39.76206912861158,40.19377136230469,44334700,0.0,0.0
2016-02-12,42.1478041050858,43.60195872301871,41.78426256145416,43.5413703918457,37011400,0.0,0.0
2016-02-16,44.10182312375239,44.38205028463573,43.654973002217616,44.19270706176758,23730700,0.0,0.0
2016-02-17,44.571410648403834,44.87436107715834,44.223019677740744,44.51082229614258,21580100,0.0,0.0
2016-02-18,44.563826619100034,44.57897442552035,43.35960345559698,43.78373336791992,17037800,0.0,0.0
2016-02-19,43.54895400630963,44.056392605330686,43.23085868557686,43.79131317138672,15658200,0.0,0.0
2016-02-22,44.31389343244806,44.59412352563053,44.24572974615351,44.359336853027344,14882800,0.0,0.0
2016-02-23,43.85189866510125,43.9957984976639,42.382593168924856,42.5037727355957,31772500,0.0,0.0
2016-02-24,41.80699505025595,42.57194059818165,41.14808127242401,42.518924713134766,25560100,0.0,0.0
2016-02-25,42.511351151612004,43.19298517989681,42.443187459868625,43.17783737182617,14473300,0.0,0.0
2016-02-26,43.65497884993185,44.01094508113417,43.27629235346936,43.57924270629883,20947500,0.0,0.0
2016-02-29,43.48079471896797,43.63226993478613,42.632537555195476,42.64011001586914,19554100,0.0,0.0
2016-03-01,42.98848002628742,44.83647155761719,42.92031635686709,44.83647155761719,23958100,0.0,0.0
2016-03-02,44.836477868220015,45.36663949509148,44.6547070944661,45.26060485839844,20943100,0.0,0.0
2016-03-03,45.124283023171785,45.41208267211914,44.76074145444605,45.41208267211914,15790600,0.0,0.0
2016-03-04,45.51812702287087,45.858945532153975,45.08642454082874,45.48025894165039,18459000,0.0,0.0
2016-03-07,45.09399463506578,45.480253641137,44.92737163013554,45.396942138671875,12832400,0.0,0.0
2016-03-08,44.844049797414065,45.06368863710819,44.44264307525807,44.51837921142578,14132900,0.0,0.0
2016-03-09,44.79860587139173,45.09398082483615,44.44263970229298,44.775882720947266,13238800,0.0,0.0
2016-03-10,45.13186227033294,45.19245061480177,43.78373910297466,44.3896369934082,21139200,0.0,0.0
2016-03-11,44.98038058317798,45.07126453133799,44.41992619885122,44.94251251220703,21055000,0.0,0.0
2016-03-14,44.79860587139173,44.91978541355221,44.38204848663865,44.775882720947266,13436100,0.0,0.0
2016-03-15,44.336605611584126,44.8440440145981,44.25329413905394,44.83647155761719,10910500,0.0,0.0
2016-03-16,44.66985595341864,45.253033467818895,44.28359702265925,44.624412536621094,17423900,0.0,0.0
2016-03-17,44.510810495545705,44.78346523130932,43.920060494156964,44.495662689208984,19405700,0.0,0.0
2016-03-18,45.48024523172721,46.177029850567244,45.18487024243848,45.80591583251953,29570200,0.0,0.0
2016-03-21,45.60900737948011,46.06343006760948,45.41208876258146,45.790775299072266,12684400,0.0,0.0
2016-03-22,45.43480227973901,45.88165241355838,45.154572222003424,45.6241455078125,12042700,0.0,0.0
2016-03-23,45.69989253142703,45.82864457040108,45.33635379361028,45.396942138671875,11658700,0.0,0.0
2016-03-24,44.91222226898747,45.07126991956864,44.58655161923613,45.04854965209961,12921200,0.0,0.0
2016-03-28,45.086405763677085,45.25302871863295,44.82132641638203,44.98794937133789,11159700,0.0,0.0
2016-03-29,44.93493205920662,44.93493205920662,44.329031474873936,44.70771789550781,15933400,0.0,0.0
2016-03-30,45.03340832354943,45.616586015404565,44.9728199718648,45.22275161743164,13307100,0.0,0.0
2016-03-31,45.02581895341024,45.389357594437904,44.768312054872105,44.85162353515625,14904700,0.0,0.0
2016-04-01,44.70015575340212,45.48782438347984,44.35176485941924,45.34392166137695,15417500,0.0,0.0
2016-04-04,45.351543954195606,45.450732199332464,44.98531379200407,45.16843032836914,12305000,0.44,0.0
2016-04-05,44.70302344895571,44.88614003254248,44.4130900710014,44.52753829956055,12886600,0.0,0.0
2016-04-06,44.39018654587046,44.92427324724798,44.21470145594641,44.87086486816406,12167900,0.0,0.0
2016-04-07,44.45123600697722,44.58094418607543,43.543290395446554,43.73403549194336,19226800,0.0,0.0
2016-04-08,44.03158630665933,44.69538117116946,44.01632635351144,44.05447769165039,13547700,0.0,0.0
2016-04-11,44.18419154497805,44.92428340903155,44.18419154497805,44.40545654296875,17627800,0.0,0.0
2016-04-12,44.512280158707576,45.31340905970561,44.40546335997977,45.2294807434082,17779200,0.0,0.0
2016-04-13,46.14505261631511,47.42685987597991,46.06875574321996,47.14455795288086,37516800,0.0,0.0
2016-04-14,47.06824903678585,47.999085842743824,47.0072121322603,47.75493240356445,24249900,0.0,0.0
2016-04-15,47.97619713319755,47.991457086889106,46.885135183829455,47.20558547973633,19290700,0.0,0.0
2016-04-18,47.030094411660066,47.7472975914828,46.946166132273305,47.510772705078125,13813100,0.0,0.0
2016-04-19,47.72441735424703,48.43398926863786,47.72441735424703,48.311912536621094,19255600,0.0,0.0
2016-04-20,48.43398366867348,49.06725573324777,48.18220171136083,49.01384735107422,14594400,0.0,0.0
2016-04-21,49.02911297695888,49.334306244175025,48.327169626577216,48.525543212890625,15395800,0.0,0.0
2016-04-22,48.55606119728089,49.120664935553314,48.55606119728089,48.80784606933594,12444700,0.0,0.0
2016-04-25,48.525543212890625,48.79258804933943,48.18220442544583,48.525543212890625,10687200,0.0,0.0
2016-04-26,48.68577548205467,48.88414908549382,48.319545276101586,48.7773323059082,12048000,0.0,0.0
2016-04-27,48.723935355332046,49.31905921590931,48.52555879477987,48.91468048095703,15284100,0.0,0.0
2016-04-28,48.55606312171998,49.151186791198896,48.334798148515205,48.525543212890625,12852500,0.0,0.0
2016-04-29,48.13642388002959,48.5331739575725,47.83886204950707,48.22035217285156,16376400,0.0,0.0
2016-05-02,48.59422480428738,48.83074979640795,48.1745861303324,48.67052459716797,10247300,0.0,0.0
2016-05-03,47.991465285360555,47.99909380824025,47.15218515218085,47.732051849365234,19120300,0.0,0.0
2016-05-04,47.11403269883916,47.50315136437873,46.7478025105258,46.9766960144043,17030200,0.0,0.0
2016-05-05,46.99958501215416,47.30477829439807,46.58757786482537,46.72491455078125,14033900,0.0,0.0
2016-05-06,46.31289993168942,47.06062019795347,46.22897164181126,46.99958038330078,11057900,0.0,0.0
2016-05-09,46.82409928168481,47.22084937920188,46.57994582329566,46.702022552490234,11197100,0.0,0.0
2016-05-10,46.96143880263639,47.503154139251926,46.808842154290595,47.33530044555664,11897200,0.0,0.0
2016-05-11,47.28188583305271,47.7625612828588,47.15980911254883,47.15980911254883,11254000,0.0,0.0
2016-05-12,47.51078166867313,47.73204664506703,46.82409826280889,47.12929153442383,11071700,0.0,0.0
2016-05-13,47.07587944751951,47.60996617558813,46.55705267288583,46.69438934326172,15122300,0.0,0.0
2016-05-16,46.70202645548312,47.2971531067642,46.541801280750896,47.04536819458008,10951300,0.0,0.0
2016-05-17,46.86988306360587,47.426858369012464,46.65624949729623,47.04536819458008,12180900,0.0,0.0
2016-05-18,47.0758817539322,48.960440982130685,47.06825032157159,48.86125564575195,24007100,0.0,0.0
2016-05-19,48.472142715480494,48.99860104157089,47.99146717062297,48.365325927734375,16076200,0.0,0.0
2016-05-20,48.72393119087823,48.97571613224208,48.35006949596993,48.456886291503906,11862000,0.0,0.0
2016-05-23,48.411106980784716,48.73155735184951,48.189841966169936,48.41873550415039,9347500,0.0,0.0
2016-05-24,48.784958343471615,49.418230466130794,48.68577300207387,49.24274826049805,13839400,0.0,0.0
2016-05-25,49.54794291821671,50.50929391228701,49.53268005229814,49.9904670715332,18935200,0.0,0.0
2016-05-26,50.02862926307946,50.03626069769349,49.52506517905522,49.61661911010742,9428400,0.0,0.0
2016-05-27,49.753938315405044,49.9446833660642,49.63186450994321,49.92179489135742,10116000,0.0,0.0
2016-05-31,50.150700660261045,50.219366097223876,49.563202534548,49.79972457885742,15139400,0.0,0.0
2016-06-01,49.410602543710056,50.295656605385076,49.029112419298315,50.120174407958984,14031000,0.0,0.0
2016-06-02,49.990477368350724,50.21174240112305,49.715809757097084,50.21174240112305,10637600,0.0,0.0
2016-06-03,49.02148796151405,49.48690644520067,48.487401129241874,49.31904983520508,20261700,0.0,0.0
2016-06-06,49.31905081534614,50.173590928179934,49.28853090191512,49.80735778808594,13193500,0.0,0.0
2016-06-07,49.937061534856944,50.158326534690424,49.62424261859452,49.63949966430664,9924100,0.0,0.0
2016-06-08,49.54031232068042,49.95995382435122,49.53268088759244,49.78446578979492,9428000,0.0,0.0
2016-06-09,49.433504535967636,49.51743285197218,49.03675143829543,49.402984619140625,10817800,0.0,0.0
2016-06-10,48.777328465851305,48.88414523702763,48.51028653791048,48.70866012573242,16678400,0.0,0.0
2016-06-13,48.433986906499314,49.09014749000149,48.2661303167106,48.27376174926758,14314900,0.0,0.0
2016-06-14,47.82360118405945,48.4263562659879,47.06062095190858,47.365814208984375,19509300,0.0,0.0
2016-06-15,47.6175857915195,48.05248419619491,47.23609575860858,47.28187561035156,16982100,0.0,0.0
2016-06-16,46.8851344367789,47.53366645037424,46.46549590383258,47.47262954711914,16791200,0.0,0.0
2016-06-17,47.53367731533487,47.84649915618379,47.25137538835882,47.51841735839844,15751500,0.0,0.0
2016-06-20,48.41109817395543,48.71628853223014,47.56418961800996,47.58707809448242,12213200,0.0,0.0
2016-06-21,47.861749284188114,48.06775429471581,47.411590833895424,48.029605865478516,11611600,0.0,0.0
2016-06-22,48.02961314487755,48.60947692456929,47.8236081031276,47.84649658203125,12643500,0.0,0.0
2016-06-23,48.601851600587295,48.94519335943479,48.47214342033859,48.868896484375,16583600,0.0,0.0
2016-06-24,46.14504479793468,47.075881626786924,45.275247785647856,45.4736213684082,44108700,0.0,0.0
2016-06-27,44.79457661633165,44.825096529519435,43.528029324429774,43.955299377441406,37300700,0.0,0.0
2016-06-28,45.1608164991208,45.435489955462494,44.45124437375133,45.412601470947266,29088700,0.0,0.0
2016-06-29,46.05348585168708,46.70201786470992,45.77881251093531,46.69438934326172,21483000,0.0,0.0
2016-06-30,47.02248329337223,47.44975045850177,46.55706477946533,47.41160202026367,21343600,0.0,0.0
2016-07-01,47.411592055530875,47.68071279695403,47.02713217738573,47.10402297973633,14217800,0.48,0.0
2016-07-05,46.48119824144913,46.59653444097275,45.443154846560596,45.78916931152344,23357700,0.0,0.0
2016-07-06,45.3739586821336,46.35817807655647,45.18172872122553,46.28128433227539,20429800,0.0,0.0
2016-07-07,46.53502144553338,47.01175084694178,46.25820987916853,46.58115768432617,13771400,0.0,0.0
2016-07-08,47.15784515453296,47.803734866744946,47.15784515453296,47.54230499267578,16998800,0.0,0.0
2016-07-11,47.995970513149715,48.40349998478452,47.780673916721156,47.88063430786133,13151400,0.0,0.0
2016-07-12,48.46500052900978,48.87252990384359,48.35735225636534,48.59571838378906,16588100,0.0,0.0
2016-07-13,48.50346367815626,48.77258444201434,48.16513707993886,48.56497573852539,18526900,0.0,0.0
2016-07-14,49.77986524518486,49.964410217412876,49.24931458260842,49.303138732910156,28985900,0.0,0.0
2016-07-15,49.78755773905069,49.82600607613982,48.91098962423055,49.349273681640625,17607100,0.0,0.0
2016-07-18,49.31083736723332,49.51844905190511,49.133989052847454,49.18012237548828,10824400,0.0,0.0
2016-07-19,48.910988131818335,49.28775718494656,48.79564899046288,49.10321807861328,9737400,0.0,0.0
2016-07-20,49.29544925683677,49.38772174550463,48.98788016100311,49.15704345703125,10411100,0.0,0.0
2016-07-21,49.21087370225272,49.34927951919604,48.92637415995663,48.97250747680664,9808700,0.0,0.0
2016-07-22,49.133982238703794,49.280073028937174,48.903303924703195,49.24163055419922,8195700,0.0,0.0
2016-07-25,49.195490158546214,49.34158386966337,48.96481479718363,49.11090850830078,8168300,0.0,0.0
2016-07-26,49.19548913621408,49.41078867778186,48.987880435343165,49.31082534790039,8067800,0.0,0.0
2016-07-27,49.272384907569354,49.74142648073187,49.25700322554179,49.46461486816406,11806800,0.0,0.0
2016-07-28,49.210870875767625,49.3569675259258,48.99557425430901,49.28776168823242,10013400,0.0,0.0
2016-07-29,49.05709107677137,49.433863134071856,49.018645666809306,49.187808990478516,13210400,0.0,0.0
2016-08-01,49.32620682241473,49.44923094108563,48.91098942241436,49.05708312988281,11422600,0.0,0.0
2016-08-02,48.89560189254945,49.21854967894653,48.73412946594878,48.94173812866211,13550000,0.0,0.0
2016-08-03,48.972512280739714,49.72605350624009,48.9417577108884,49.71836853027344,13122300,0.0,0.0
2016-08-04,49.58762864622595,49.84137354920273,49.418465377574776,49.64145278930664,9873000,0.0,0.0
2016-08-05,50.08743558704439,51.03320952762643,50.03361143539452,50.97938537597656,20752700,0.0,0.0
2016-08-08,50.80253682706238,51.12548177247933,50.62568267139508,50.82560348510742,11359200,0.0,0.0
2016-08-09,50.88711357048236,50.9640043786723,50.51034450387685,50.64875030517578,10097000,0.0,0.0
2016-08-10,50.68720337726669,50.80254254687101,50.102828419687484,50.19509506225586,11556100,0.0,0.0
2016-08-11,50.18740323871183,50.51035408056878,49.99517324859414,50.333499908447266,9604500,0.0,0.0
2016-08-12,49.95672076324018,50.248908177787285,49.872139115220016,50.2258415222168,7685400,0.0,0.0
2016-08-15,50.41039055363323,50.61800222740946,50.33349973113577,50.53342056274414,8371600,0.0,0.0
2016-08-16,50.25659793578578,50.71794863643453,50.164325449099046,50.525718688964844,10128900,0.0,0.0
2016-08-17,50.59492357123397,50.73332936547085,50.395002787026854,50.66412353515625,11868100,0.0,0.0
2016-08-18,50.45651561263309,50.74101216285521,50.38730978528711,50.71025466918945,9313600,0.0,0.0
2016-08-19,50.5334153764584,50.67951203068515,50.148955437034815,50.64106369018555,9084900,0.0,0.0
2016-08-22,50.55648040219662,50.656437871318516,50.29505046769645,50.59492874145508,9055600,0.0,0.0
2016-08-23,50.80252809659253,51.01013384971381,50.564164849232505,50.57184982299805,8949600,0.0,0.0
2016-08-24,50.74101216285521,50.92555712484976,50.57184888088958,50.71025466918945,10167200,0.0,0.0
2016-08-25,50.679511881014385,50.8563601674468,50.58723938392371,50.80253601074219,9978700,0.0,0.0
2016-08-26,51.002439751205465,51.42534202194518,50.63335575276481,50.9178581237793,14038600,0.0,0.0
2016-08-29,51.12546939362913,51.59451088162138,51.10240274116915,51.47917175292969,14583100,0.0,0.0
2016-08-30,51.479187482385896,51.978986615168914,51.479187482385896,51.902095794677734,13791200,0.0,0.0
2016-08-31,51.87133829320255,52.109701596643276,51.409987503861906,51.902095794677734,14952300,0.0,0.0
2016-09-01,52.009731952460086,52.071246941023155,51.24850303476673,51.67909622192383,12226500,0.0,0.0
2016-09-02,51.82519776669557,51.963603570888594,51.50225284570942,51.8943977355957,13720700,0.0,0.0
2016-09-06,51.90208270924043,51.9405310429893,51.29463540763931,51.85594940185547,16649400,0.0,0.0
2016-09-07,51.64065933227539,51.97128923213528,51.486871844255035,51.64065933227539,10070400,0.0,0.0
2016-09-08,51.68678365868506,52.04048602004427,51.51762038447157,51.7098503112793,12253000,0.0,0.0
2016-09-09,51.540692043902645,51.84826112995167,51.24081379826274,51.248504638671875,19686900,0.0,0.0
2016-09-12,50.85636158130968,51.7483114788041,50.564174131989056,51.56376647949219,16453000,0.0,0.0
2016-09-13,50.83328982439649,51.40997969001915,50.61030237238861,51.15623474121094,18876100,0.0,0.0
2016-09-14,50.95631870292436,51.70986277890808,50.9101853866128,51.05628204345703,12648600,0.0,0.0
2016-09-15,50.97169725109365,51.463805482795365,50.81790976219133,51.24081802368164,12531300,0.0,0.0
2016-09-16,50.817907740202195,50.948628567166146,50.318114553736244,50.61030197143555,25161500,0.0,0.0
2016-09-19,50.864056035527774,51.24082516969494,50.633377703200466,50.894813537597656,13466900,0.0,0.0
2016-09-20,51.32540830348138,51.40229912766101,50.93325747385327,51.102420806884766,10092200,0.0,0.0
2016-09-21,51.39459991455078,51.617587374828844,50.98707333301921,51.39459991455078,14116800,0.0,0.0
2016-09-22,51.50993199730053,51.84056772180772,51.394592862446,51.817501068115234,12781700,0.0,0.0
2016-09-23,51.81749860098029,52.20964929425776,51.65602616642881,51.7098503112793,13967400,0.0,0.0
2016-09-26,51.21005035123199,51.36383780957905,50.39499735436351,50.57953643798828,16408100,0.0,0.0
2016-09-27,50.295048833671814,51.063968662716356,50.064370538401356,51.02552032470703,13711400,0.0,0.0
2016-09-28,51.194685931722745,51.340776716674625,50.74102016162741,51.29464340209961,11278000,0.0,0.0
2016-09-29,51.28694984927327,51.67910060160645,50.248909261466785,50.47958755493164,18727200,0.0,0.0
2016-09-30,50.810224792585494,51.56376295590667,50.810224792585494,51.202369689941406,21680100,0.0,0.0
2016-10-03,51.017835323330075,51.45611944139577,50.94863534666395,51.140865325927734,14901700,0.0,0.0
2016-10-04,51.280270580048274,52.03154570085248,51.195074066820695,51.58232879638672,17226900,0.48,0.0
2016-10-05,51.8069380634837,52.72085947599599,51.737235047403814,52.42654800415039,16280000,0.0,0.0
2016-10-06,52.45753288401826,52.64341351603945,51.93086616909259,52.56596374511719,17485000,0.0,0.0
2016-10-07,52.50399589845508,52.806054108780486,52.20193768812968,52.75183868408203,18497000,0.0,0.0
2016-10-10,52.92996402403513,53.48761167916015,52.844773435259455,53.16231918334961,13027500,0.0,0.0
2016-10-11,53.05388166541726,53.30172437990154,52.61241164558473,52.90672302246094,15657100,0.0,0.0
2016-10-12,52.86800489867487,53.12358846919813,52.70535865960122,52.76731491088867,11899800,0.0,0.0
2016-10-13,52.24839788838636,52.56594954513574,51.75271239754008,52.46525955200195,17890000,0.0,0.0
2016-10-14,53.28626483129795,53.46439873688068,52.12450038796185,52.29488754272461,24163800,0.0,0.0
2016-10-17,52.217423435643425,52.50399404696576,51.69075679612865,52.02379608154297,14963400,0.0,0.0
2016-10-18,52.550457979292666,52.82928181676136,52.31036197276471,52.43428039550781,11870300,0.0,0.0
2016-10-19,52.519477859176405,53.05389120896159,52.519477859176405,52.937713623046875,12705800,0.0,0.0
2016-10-20,52.728599551057506,53.19330399321787,52.62016871152134,52.868011474609375,14122000,0.0,0.0
2016-10-21,52.519460887877,53.07710839283771,52.43426441300603,53.04612731933594,12175700,0.0,0.0
2016-10-24,53.41791148512123,53.479873652067575,53.053891140608286,53.34046173095703,10197100,0.0,0.0
2016-10-25,53.348211150686545,53.38693898851645,52.96095640854122,53.2862548828125,9945100,0.0,0.0
2016-10-26,52.95321663420658,53.63478286684913,52.95321663420658,53.541839599609375,9801300,0.0,0.0
2016-10-27,53.82066142060112,54.03752312677446,53.51860319999707,53.619293212890625,14210700,0.0,0.0
2016-10-28,53.85162531060023,53.867118804115115,53.030647425403735,53.52633285522461,12766500,0.0,0.0
2016-10-31,53.774170783726966,53.89034833860205,53.61927131658412,53.64250564575195,14336300,0.0,0.0
2016-11-01,53.812912957855595,54.045262220541396,52.922226011633,53.417911529541016,15564500,0.0,0.0
2016-11-02,53.17007163262279,53.32497114941791,52.674386088033046,53.19330596923828,12449800,0.0,0.0
2016-11-03,53.33271220265534,53.58830169620732,52.837026710999034,52.96094512939453,10369700,0.0,0.0
2016-11-04,53.046139509080646,53.10035492290829,52.387807795734446,52.480751037597656,13571300,0.0,0.0
2016-11-07,53.50311478990641,54.1924277349721,53.441152615082075,54.122718811035156,16515100,0.0,0.0
2016-11-08,53.98329828813563,54.641635950142906,53.62702470310525,54.238887786865234,17531700,0.0,0.0
2016-11-09,55.34643850198299,57.42987058427958,55.23800766362917,56.732810974121094,50948400,0.0,0.0
2016-11-10,57.48408433467677,59.83084669655186,57.48408433467677,59.36614227294922,56192300,0.0,0.0
2016-11-11,59.095067063743706,59.42035957970385,58.68457213565587,59.397125244140625,27574300,0.0,0.0
2016-11-14,59.830863603586224,62.30155099474331,59.830863603586224,61.58125686645508,46130700,0.0,0.0
2016-11-15,60.698313670443184,61.50380428644268,60.24134997747404,61.4650764465332,28126300,0.0,0.0
2016-11-16,60.58213429957141,60.68281840775649,59.54428849234658,59.94703674316406,26054900,0.0,0.0
2016-11-17,60.357508762224896,60.76799773746047,60.1019192802355,60.42721176147461,19306700,0.0,0.0
2016-11-18,60.38074968718553,60.737023287776296,60.06320391865274,60.1871223449707,19770000,0.0,0.0
2016-11-21,60.41173831910907,60.543403510096915,59.861837307596645,60.45046615600586,11983500,0.0,0.0
2016-11-22,60.68279270193065,60.845438919656594,60.22583512484862,60.82220458984375,14410100,0.0,0.0
2016-11-23,61.08555512822927,61.37211980860278,60.326533358214036,61.07780838012695,13373700,0.0,0.0
2016-11-25,61.263695637694056,61.53477276039751,60.775756816827844,61.05458068847656,6185700,0.0,0.0
2016-11-28,60.55114557194431,61.08555895275138,60.427221230698336,60.659576416015625,13007200,0.0,0.0
2016-11-29,60.713778627878554,61.31015404954857,60.713778627878554,61.124267578125,14144100,0.0,0.0
2016-11-30,61.898779907600506,62.371231038590714,61.728386921468065,62.0924072265625,25351900,0.0,0.0
2016-12-01,62.46417069717611,63.72661861716477,62.46417069717611,63.347110748291016,23823600,0.0,0.0
2016-12-02,63.354879505584336,63.37811384515356,62.65781977331486,63.199974060058594,16931500,0.0,0.0
2016-12-05,63.74213593666171,64.50889870785768,63.73438918692152,64.48566436767578,18529800,0.0,0.0
2016-12-06,64.7489785268662,64.91162477638007,63.84280403284436,64.81868743896484,16130000,0.0,0.0
2016-12-07,64.71024912965247,65.12847891777525,64.16808911820749,65.11299133300781,18996900,0.0,0.0
2016-12-08,65.23691860466533,66.22054278049295,65.01231020661784,65.92623138427734,20844900,0.0,0.0
2016-12-09,65.84878633958749,66.2205534501615,65.16722019741252,66.21280670166016,14567200,0.0,0.0
2016-12-12,66.1121301326257,66.4451694476395,65.28340521978274,65.62419128417969,14511300,0.0,0.0
2016-12-13,65.8178311137676,66.35223874159053,64.91939710449385,65.6474380493164,16669000,0.0,0.0
2016-12-14,64.96585349449677,66.70075899593722,64.87291613805283,65.62419128417969,22622600,0.0,0.0
2016-12-15,66.14310649796971,66.98731894025696,65.75585178300389,66.6078109741211,19438900,0.0,0.0
2016-12-16,66.83241354410778,66.83241354410778,65.74809925569429,65.78682708740234,23008500,0.0,0.0
2016-12-19,65.67840485431834,66.17409043812889,65.20595360896169,66.16634368896484,21685100,0.0,0.0
2016-12-20,66.44515244084151,67.02603440609174,66.25927186649177,67.0182876586914,14587300,0.0,0.0
2016-12-21,66.94084741488389,67.23515885847188,66.63104247429571,67.18869018554688,11400500,0.0,0.0
2016-12-22,66.94859987527099,67.51398847422202,66.77046009879709,67.29712677001953,13924200,0.0,0.0
2016-12-23,67.38230793865424,67.4984855134593,66.9176035484709,67.42103576660156,10759400,0.0,0.0
2016-12-27,67.42104544802363,67.50624195451213,67.18869026504814,67.48300170898438,6946400,0.0,0.0
2016-12-28,67.5062582024933,67.68439209781657,66.87890142107697,66.99507904052734,9455600,0.0,0.0
2016-12-29,67.05703460608012,67.12673762544628,65.86428925493747,66.52262115478516,14689000,0.0,0.0
2016-12-30,66.68526927708676,66.93311209004979,66.34448910241181,66.83242797851562,13617800,0.0,0.0
2017-01-03,67.64563827811185,67.97093666946158,66.59231108429469,67.5604476928711,20550700,0.0,0.0
2017-01-04,67.72400240230601,67.89533822747012,67.2878791686035,67.68506622314453,15266600,0.48,0.0
2017-01-05,67.60718101184956,67.84082185040168,66.4000525239525,67.06202697753906,14300800,0.0,0.0
2017-01-06,67.28008859066382,67.45921402578331,66.92963327457211,67.06981658935547,12893300,0.0,0.0
2017-01-09,66.7660837030164,67.57602510128538,66.60253155922523,67.11653900146484,12806600,0.0,0.0
2017-01-10,67.03088211773824,67.67728336198363,66.75830506948238,67.31124877929688,13989000,0.0,0.0
2017-01-11,67.31123367716116,67.81745147705078,66.90626300228905,67.81745147705078,14713100,0.0,0.0
2017-01-12,67.56824570947977,67.9654268217424,66.99193321803973,67.16326904296875,21337400,0.0,0.0
2017-01-13,67.84080832001078,68.666328819246,67.05422399161313,67.52149963378906,28296000,0.0,0.0
2017-01-17,66.14304062204832,66.36889182029667,64.8580280521614,65.06830596923828,30024600,0.0,0.0
2017-01-18,65.13058655409452,65.59786804089875,64.66331100902124,65.37201690673828,21270100,0.0,0.0
2017-01-19,65.46549124052525,65.94055656021966,64.7334281436997,64.87361145019531,16555600,0.0,0.0
2017-01-20,64.9748417300872,65.28636079685823,64.86581094797714,65.16175079345703,18436800,0.0,0.0
2017-01-23,64.87362165996795,65.41877574783972,64.8035270248222,65.19292449951172,12179200,0.0,0.0
2017-01-24,65.35646156799905,66.19756142148802,65.07609495016939,65.97949981689453,15175300,0.0,0.0
2017-01-25,66.85173718204403,67.10874087053935,66.32994613575282,66.99971008300781,17551000,0.0,0.0
2017-01-26,66.93740948731003,67.71620427339501,66.93740948731003,67.5604476928711,15962800,0.0,0.0
2017-01-27,67.49033539551003,67.73954940217399,67.18660006883681,67.70060729980469,12535400,0.0,0.0
2017-01-30,67.12432009260516,67.36574455903465,66.44676653431725,66.99971008300781,13661900,0.0,0.0
2017-01-31,66.66483283693314,67.09317234813444,65.4888510403254,65.9094009399414,15655100,0.0,0.0
2017-02-01,66.61810712865089,67.05423031021388,65.94834313311759,66.15861511230469,15430900,0.0,0.0
2017-02-02,65.68355141958153,66.1274701653195,65.54337405785317,65.87825012207031,11081400,0.0,0.0
2017-02-03,67.12434221733162,67.99658880508339,66.87512805772622,67.89534759521484,17885200,0.0,0.0
2017-02-06,67.59160614096587,68.10560765527948,67.4514228294743,67.5760269165039,11828400,0.0,0.0
2017-02-07,67.86417887912593,68.06666719225065,67.3501773971728,67.5370864868164,9392800,0.0,0.0
2017-02-08,67.11653386003681,67.21777504163164,66.4857119944602,66.94519805908203,13970900,0.0,0.0
2017-02-09,66.94520756684518,68.01215869776544,66.94520756684518,67.9109115600586,13749100,0.0,0.0
2017-02-10,68.12897397203695,68.12897397203695,67.66948193513612,67.7551498413086,10992500,0.0,0.0
2017-02-13,68.0978359928819,69.11026591730824,68.09004637927734,68.6507797241211,18739100,0.0,0.0
2017-02-14,68.76757848833904,69.8578863799849,68.61960558515895,69.74885559082031,17932100,0.0,0.0
2017-02-15,70.15384427951581,70.76909294827719,69.58532140224175,70.551025390625,17381800,0.0,0.0
2017-02-16,70.4030541597569,70.90148237802116,69.9124096117824,70.5042953491211,17672700,0.0,0.0
2017-02-17,69.95136685626198,70.45758479601227,69.85012564500565,70.27067565917969,15776600,0.0,0.0
2017-02-21,70.48873058780839,70.98715886632495,70.44978846471994,70.87812805175781,14068300,0.0,0.0
2017-02-22,70.49650331387667,71.10396825438019,70.41862502152479,70.91705322265625,11839000,0.0,0.0
2017-02-23,71.0104997281918,71.13510378828813,70.49649238324817,70.9715576171875,11067000,0.0,0.0
2017-02-24,70.23172845892839,70.51209511479108,69.88127310996695,70.34854888916016,15062300,0.0,0.0
2017-02-27,70.34073134558577,70.66003999864806,70.10709057789474,70.42639923095703,12361000,0.0,0.0
2017-02-28,69.97471127601432,70.730143179284,69.77222296524252,70.57438659667969,15183500,0.0,0.0
2017-03-01,72.2643655320759,73.19113318550151,72.12418223947145,72.89518737792969,24451400,0.0,0.0
2017-03-02,73.10548127808661,73.14441745904568,71.6724955356113,71.75816345214844,16862500,0.0,0.0
2017-03-03,71.75817867106024,72.51361085434047,71.75817867106024,72.27218627929688,12817500,0.0,0.0
2017-03-06,71.8438338978189,71.89834930646767,70.94821851996001,71.58683013916016,15059200,0.0,0.0
2017-03-07,71.36876335747668,71.71921868183922,71.0338813165761,71.18964385986328,11156800,0.0,0.0
2017-03-08,72.17871159519552,72.3111053022263,70.9482142267443,71.03388214111328,17378400,0.0,0.0
2017-03-09,71.3376023952443,71.75815229968389,70.98714711241104,71.31423950195312,13726200,0.0,0.0
2017-03-10,71.61020835357138,71.64915048596436,70.50432071773925,71.08841705322266,13729900,0.0,0.0
2017-03-13,71.11174605755716,71.47778053731864,70.81580619434241,71.15068817138672,10004300,0.0,0.0
2017-03-14,70.8859033422427,71.37654789152032,70.69120463328696,71.26751708984375,10237700,0.0,0.0
2017-03-15,71.49336580176136,72.07746190817531,70.97156876431458,71.43885040283203,16601400,0.0,0.0
2017-03-16,71.67250399336001,72.27996315195502,71.31425900089972,71.3687744140625,14492000,0.0,0.0
2017-03-17,71.51674734875357,71.68029358819862,70.59776899729971,70.62113189697266,21734700,0.0,0.0
2017-03-20,70.30182307951941,71.00273977827389,69.92800480133995,70.11491394042969,14623600,0.0,0.0
2017-03-21,70.37190539696604,70.58996701134024,67.80187993216546,68.05888366699219,33089200,0.0,0.0
2017-03-22,67.66949466670765,68.58847297167605,66.98415723011907,68.16792297363281,21741000,0.0,0.0
2017-03-23,67.91870035178974,68.92334645378511,67.82524282774364,68.05888366699219,16090100,0.0,0.0
2017-03-24,68.37039255744831,68.60402741994422,67.5760185764578,67.98099517822266,16093200,0.0,0.0
2017-03-27,66.61033135126505,68.06668005178386,66.37669643050415,67.94207000732422,16689300,0.0,0.0
2017-03-28,67.77072344653881,69.32831310548852,67.73957688208488,69.001220703125,16264400,0.0,0.0
2017-03-29,69.00122063844704,69.17255645144819,68.59624994186224,68.74421691894531,10207600,0.0,0.0
2017-03-30,68.6896890711526,69.67097204123533,68.62739001185949,69.33609008789062,11631000,0.0,0.0
2017-03-31,69.08690129929691,69.11026419779508,68.33925883868521,68.40934753417969,16987600,0.0,0.0
2017-04-03,68.52616027911144,68.6663435961046,67.44363586411613,68.16012573242188,19831800,0.0,0.0
2017-04-04,68.05831904091201,68.66926858799225,67.92516459621501,68.38729095458984,14280800,0.5,0.0
2017-04-05,69.25670548055852,69.35069999592834,67.46301714939784,67.51001739501953,17635500,0.0,0.0
2017-04-06,67.34552491691083,68.07396590643889,66.77373546187081,67.7371597290039,14379600,0.0,0.0
2017-04-07,67.3063645846736,67.99563975937058,67.13404429703098,67.50218200683594,13097100,0.0,0.0
2017-04-10,67.4238388794174,67.90163374458726,66.89121538918897,67.26718139648438,15081600,0.0,0.0
2017-04-11,67.00088845892958,67.1967058769265,66.42127057490325,67.14971160888672,14690500,0.0,0.0
2017-04-12,67.30634431721776,67.32200707689,66.60140061453308,66.8912124633789,14730600,0.0,0.0
2017-04-13,66.96956676158513,68.13663707050131,66.10797119140625,66.10797119140625,30529800,0.0,0.0
2017-04-17,66.13929202493608,67.4238537896985,66.08446338775256,67.25153350830078,19071700,0.0,0.0
2017-04-18,66.85991390648464,67.07139413353926,66.3742844551977,66.70326232910156,14127000,0.0,0.0
2017-04-19,66.96955414471876,67.29852595893941,66.07662723419236,66.15495300292969,17588500,0.0,0.0
2017-04-20,66.56224936158635,67.1888614195762,66.22544321416304,67.00871276855469,15635800,0.0,0.0
2017-04-21,66.96953382790804,67.11052255921217,66.19409879367096,66.2019271850586,19820600,0.0,0.0
2017-04-24,67.79200597834507,68.96691071990479,67.69017707618353,68.5361099243164,25468300,0.0,0.0
2017-04-25,69.358534734668,69.81282662168509,69.13138580322266,69.13138580322266,18253800,0.0,0.0
2017-04-26,69.20186336913946,69.75015563825113,69.03737748116768,69.2645263671875,12832200,0.0,0.0
2017-04-27,69.21755540685692,69.21755540685692,68.15230798494248,68.62226867675781,13329000,0.0,0.0
2017-04-28,68.61442320120865,68.81024062243121,68.10529671085533,68.14446258544922,10755600,0.0,0.0
2017-05-01,68.42642764986209,68.72406792443267,67.79980962607183,68.19144439697266,15712300,0.0,0.0
2017-05-02,67.91730113296616,68.05045552062869,67.3768432377952,67.75281524658203,14414200,0.0,0.0
2017-05-03,67.40818716937291,68.22278835876355,67.37685566487248,68.14446258544922,11540500,0.0,0.0
2017-05-04,68.68492583600288,68.71625734290075,67.80766157048403,68.22279357910156,11540100,0.0,0.0
2017-05-05,68.34028000667178,68.41077140989263,67.69016473400326,68.14446258544922,9436000,0.0,0.0
2017-05-08,68.1757993066917,68.39511387910294,67.87032458427979,68.22279357910156,8162200,0.0,0.0
2017-05-09,68.34813111456398,68.80242310138823,67.75284433502286,67.94866180419922,10273900,0.0,0.0
2017-05-10,67.77633346492539,68.52044334537666,67.72933919015713,68.48127746582031,8334900,0.0,0.0
2017-05-11,68.21494840972333,68.52042905965043,67.63533056355308,68.26978302001953,10907400,0.0,0.0
2017-05-12,67.89381170099793,68.18362361512862,67.62749691960455,68.08179473876953,8738800,0.0,0.0
2017-05-15,68.22278356364602,68.52825824121268,68.03480052572954,68.4107666015625,8835600,0.0,0.0
2017-05-16,68.42645122384522,68.9982348398603,68.41078248112254,68.62226867675781,9795000,0.0,0.0
2017-05-17,68.622281696097,68.622281696097,65.77117951883525,66.00615692138672,24679700,0.0,0.0
2017-05-18,65.8494810648137,66.42127055457397,65.29336031497748,65.76332092285156,23350100,0.0,0.0
2017-05-19,65.9591380297091,66.84423060329553,65.91214376190533,66.40560150146484,13412900,0.0,0.0
2017-05-22,66.71892871530524,66.80508888030162,65.95915597445074,66.34295654296875,11636000,0.0,0.0
2017-05-23,66.38212116467473,67.41603714908953,66.19413807001972,67.17322540283203,11753000,0.0,0.0
2017-05-24,67.2672028830355,67.33770026684168,66.76591072927047,67.13404846191406,9833800,0.0,0.0
2017-05-25,67.3533427843157,67.42384014692884,66.64057064515468,66.85205078125,12238500,0.0,0.0
2017-05-26,66.66409161215225,67.01656062363946,66.59359422433029,66.85990905761719,8113500,0.0,0.0
2017-05-30,66.67972667873083,66.69539541434857,65.62231410765872,65.71630859375,12603200,0.0,0.0
2017-05-31,65.58317144331757,65.65366284449416,63.9461347419172,64.3456039428711,28327900,0.0,0.0
2017-06-01,64.58841192237557,65.07404123639269,63.95396544467214,65.0583724975586,17123500,0.0,0.0
2017-06-02,64.45527265830762,65.00355912880175,64.2124609322137,64.72941589355469,14998500,0.0,0.0
2017-06-05,64.72940167100681,65.41084839964076,64.68240740554,64.84689331054688,9080200,0.0,0.0
2017-06-06,64.45526747232131,65.18370856786801,64.32994144579231,64.98005676269531,12196800,0.0,0.0
2017-06-07,65.25420024457219,65.8808184280496,65.089714315981,65.72416687011719,13711100,0.0,0.0
2017-06-08,65.7241470389233,67.14969729911759,65.70847830233353,66.53874206542969,17951000,0.0,0.0
2017-06-09,66.97738254752065,68.18361840140919,66.8833880478857,68.11312103271484,19120200,0.0,0.0
2017-06-12,68.11312307073776,68.72407239696378,68.05829443827831,68.12879180908203,16053400,0.0,0.0
2017-06-13,68.57528526238062,68.81026265757052,68.12882163805689,68.35596466064453,12557200,0.0,0.0
2017-06-14,67.9643197167089,68.38728613701645,67.22021577735039,68.2149658203125,16175700,0.0,0.0
2017-06-15,67.55699407582844,68.20710919215874,67.54915970761897,67.8076400756836,12509700,0.0,0.0
2017-06-16,68.02697126402137,68.11313140784267,67.37685598823278,67.50218200683594,16936600,0.0,0.0
2017-06-19,68.12097130129739,69.10789286226084,68.02697677972384,68.9825668334961,15972300,0.0,0.0
2017-06-20,68.73193541148912,68.86508986354634,68.4342949935009,68.5517807006836,11197800,0.0,0.0
2017-06-21,68.52044195008476,68.57527059482265,67.95648676085273,68.23846435546875,10005900,0.0,0.0
2017-06-22,68.08962670730108,68.42643287502982,67.87031217498892,68.16011810302734,12180600,0.0,0.0
2017-06-23,68.66141573635979,68.92772453090116,67.83898026922151,68.03479766845703,18812000,0.0,0.0
2017-06-26,68.15230217187514,68.66925709601587,67.846827449457,68.33245086669922,10082400,0.0,0.0
2017-06-27,68.70057366494034,69.66399787099645,68.53608777139371,68.96688842773438,15415200,0.0,0.0
2017-06-28,69.39769671868443,70.54910417520091,69.39769671868443,70.35328674316406,17466200,0.0,0.0
2017-06-29,72.32709848819087,72.56991608243716,70.73706245327644,71.39501190185547,27697800,0.0,0.0
2017-06-30,72.02948762014705,72.06081912817724,71.40287538716564,71.59085845947266,16892700,0.0,0.0
2017-07-03,72.11066204757302,73.6228168416452,71.99253011805148,73.04788208007812,13208100,0.5,0.0
2017-07-05,73.33927738532921,73.86695328857918,72.93761085791398,73.78031921386719,17535400,0.0,0.0
2017-07-06,73.67005223866397,74.43400391603566,73.15024783638246,73.54403686523438,16596100,0.0,0.0
2017-07-07,74.00083389651809,74.16622456829226,73.42590527683792,73.91419982910156,12817800,0.0,0.0
2017-07-10,73.63855648158761,73.78032078789124,73.31564655827319,73.3944091796875,13987200,0.0,0.0
2017-07-11,73.50466704893996,73.50466704893996,72.67770762318597,73.11087799072266,13262300,0.0,0.0
2017-07-12,72.93762045191556,73.11088862413075,72.51232748613604,72.8588638305664,13540100,0.0,0.0
2017-07-13,73.00059777114491,73.54402243841349,72.72494069802809,73.32350158691406,12820100,0.0,0.0
2017-07-14,71.51996881010005,72.93761186241639,71.3388292032034,72.65408325195312,22235200,0.0,0.0
2017-07-17,72.31542734718705,72.44931419402194,71.86650803052426,71.97676849365234,14374200,0.0,0.0
2017-07-18,71.23642332275091,72.1263902537047,71.13404035218457,71.72472381591797,14719400,0.0,0.0
2017-07-19,71.93738601064967,72.1579129420607,71.66961232133873,71.8271255493164,11651200,0.0,0.0
2017-07-20,71.78775024669423,72.23666955604953,71.59085570734989,71.8271255493164,11561700,0.0,0.0
2017-07-21,71.71686413780347,71.95313998538404,71.29157121740509,71.58297729492188,10971300,0.0,0.0
2017-07-24,71.63811193655764,72.09490873201403,71.5987366320323,71.89013671875,10725100,0.0,0.0
2017-07-25,72.74859852807056,73.65430862655997,72.66983590320656,73.0872573852539,16447700,0.0,0.0
2017-07-26,73.32351875339604,73.39440390582651,72.20515931110893,72.40205383300781,11815500,0.0,0.0
2017-07-27,72.32330412729546,72.50444373983069,71.79562820035264,72.102783203125,12332400,0.0,0.0
2017-07-28,72.02402356987677,72.26029943200795,71.5987366320323,71.89013671875,9351900,0.0,0.0
2017-07-31,72.0712613976672,72.74070146745106,72.06338393555406,72.2996597290039,11520300,0.0,0.0
2017-08-01,72.8430939622606,73.35502090916084,72.67770328872244,73.26838684082031,12523700,0.0,0.0
2017-08-02,73.14237333732711,73.41014698160252,72.85884476765698,73.33139038085938,10165600,0.0,0.0
2017-08-03,73.00848825482424,73.34714708183074,72.6462030459617,72.8509750366211,11078800,0.0,0.0
2017-08-04,73.63853390673533,74.3473552209551,73.61490753105177,73.7645492553711,14324000,0.0,0.0
2017-08-07,73.94569746813588,74.1819732701277,73.80393318868943,74.04808044433594,7978300,0.0,0.0
2017-08-08,73.99296266441392,74.9931902510909,73.71731152157768,73.78031921386719,13745400,0.0,0.0
2017-08-09,73.22902127839727,73.7803235968201,73.11088335052249,73.66218566894531,11214400,0.0,0.0
2017-08-10,73.16600651079432,73.29989334536461,72.51231524731246,72.60682678222656,13252300,0.0,0.0
2017-08-11,72.55956114538917,72.9848539991488,71.85861718514002,72.00038146972656,10679500,0.0,0.0
2017-08-14,72.74858834944772,73.1660037643477,72.7170845056589,72.84309387207031,10994800,0.0,0.0
2017-08-15,73.4889104816689,73.68580500638346,72.96911206096932,73.03211975097656,8812700,0.0,0.0
2017-08-16,73.27628680222975,73.42592860417092,72.3626930769509,72.52808380126953,11085400,0.0,0.0
2017-08-17,72.26816353199186,72.42567673845416,71.27581350679706,71.39395141601562,13837500,0.0,0.0
2017-08-18,71.12618488571421,72.09490870965791,71.03167934788686,71.46484375,13040700,0.0,0.0
2017-08-21,71.55145720129777,71.62234234297429,71.00803248924521,71.37818908691406,11502100,0.0,0.0
2017-08-22,71.72472234415858,72.22877174216879,71.66959212902444,72.11063385009766,9211800,0.0,0.0
2017-08-23,71.56721446455818,72.72494906817758,71.54358207739827,72.19727325439453,8811300,0.0,0.0
2017-08-24,72.4020649178107,72.55170670016217,71.99252689340783,72.07915496826172,8623200,0.0,0.0
2017-08-25,72.36265171374598,72.83520323739339,72.29965005150291,72.37052917480469,11794600,0.0,0.0
2017-08-28,72.5832063654002,72.60683274888427,71.77199581039812,72.14215850830078,7292900,0.0,0.0
2017-08-29,71.23644789208451,71.91376564480403,71.12618742152506,71.74837493896484,10886100,0.0,0.0
2017-08-30,71.86650455908766,72.36267661919698,71.81925179395657,71.91375732421875,9165300,0.0,0.0
2017-08-31,72.30754774801049,72.33905159493753,71.51209814589436,71.58297729492188,13217400,0.0,0.0
2017-09-01,71.86650897032123,72.7407212313721,71.63023311267436,72.22091674804688,9815800,0.0,0.0
2017-09-05,71.6853552298095,71.75624038257686,70.11019904713191,70.4961166381836,16897300,0.0,0.0
2017-09-06,70.88201676113027,71.29155465856988,70.5984882133863,70.9686508178711,11845700,0.0,0.0
2017-09-07,70.96866379317878,70.9844127114915,69.36988119532434,69.72428894042969,14592300,0.0,0.0
2017-09-08,69.55101547018558,70.42522758383957,69.49588524719584,69.63764953613281,14242200,0.0,0.0
2017-09-11,70.40161941418485,71.07893719111,70.05508306075937,70.7166519165039,13219000,0.0,0.0
2017-09-12,71.01592006772402,71.8665059085208,70.96078983778781,71.58297729492188,14003800,0.0,0.0
2017-09-13,71.36242698134014,72.06337076270424,71.13402869175357,71.7877197265625,12485400,0.0,0.0
2017-09-14,71.82710513599174,72.08700729616052,71.46482000760923,71.64596557617188,10562800,0.0,0.0
2017-09-15,71.73260511155225,72.22877708445822,71.48058039390654,72.15789794921875,18171800,0.0,0.0
2017-09-18,72.40206953137935,73.35503850294546,72.3390618286117,73.18177032470703,11318700,0.0,0.0
2017-09-19,73.01636088056806,74.31586587524818,72.86671912706888,73.9850845336914,12626100,0.0,0.0
2017-09-20,74.11110137401059,75.04832127837257,73.80394638176064,74.50489044189453,15311600,0.0,0.0
2017-09-21,74.39462474094537,75.11132367818517,74.18198130312068,74.84354400634766,10851500,0.0,0.0
2017-09-22,74.58364615423862,74.80417307693929,74.37100270399328,74.68603515625,8358300,0.0,0.0
2017-09-25,74.43400892534721,74.72540898071249,73.599172042052,74.1268539428711,10463400,0.0,0.0
2017-09-26,73.85909688261674,74.0559914705993,73.51256048496873,73.79608917236328,9358100,0.0,0.0
2017-09-27,74.79630972278655,75.38699342891522,74.48915467629926,74.96170043945312,15090200,0.0,0.0
2017-09-28,75.28459999652682,75.51299840389707,74.74905256941109,75.11920928955078,10270400,0.0,0.0
2017-09-29,75.05619745015075,75.2294595896919,74.83567052858669,75.22158813476562,11438400,0.0,0.0
2017-10-02,75.42632728871794,76.30053917408628,75.18218008048174,76.26903533935547,13797200,0.0,0.0
2017-10-03,76.26119260259658,76.73373828400685,76.21393382833452,76.67073059082031,9633500,0.0,0.0
2017-10-04,76.63133161408587,76.74159203872544,75.8279987960061,75.89100646972656,12166600,0.0,0.0
2017-10-05,76.04946557303363,77.15852148808074,75.69298612070745,76.9129409790039,14236200,0.56,0.0
2017-10-06,77.27733768378629,77.34863114535376,76.42177988177127,76.77825927734375,10231900,0.0,0.0
2017-10-09,76.80994869488292,76.89708917876585,76.16035984294415,76.37425231933594,7765100,0.0,0.0
2017-10-10,76.41388058498072,76.98425263372673,76.23959956521172,76.94464111328125,10631500,0.0,0.0
2017-10-11,76.70696443063093,76.84955739505855,76.1603570596805,76.71488189697266,14283600,0.0,0.0
2017-10-12,77.07929676172482,77.23773071487484,75.74843100611379,76.04153442382812,18251600,0.0,0.0
2017-10-13,75.63751073001642,76.61189082813834,75.22557286496541,75.93853759765625,13190600,0.0,0.0
2017-10-16,76.31880713792904,77.59422057724886,76.31880713792904,77.507080078125,12434000,0.0,0.0
2017-10-17,77.68928126812445,77.77642176352427,77.0951448234175,77.33280181884766,10335700,0.0,0.0
2017-10-18,77.75264462780743,78.06951855555813,77.34070670857126,77.62589263916016,10158600,0.0,0.0
2017-10-19,76.99214910817547,77.79224835414092,76.91292609510636,77.72095489501953,9133900,0.0,0.0
2017-10-20,78.64781260618817,79.13104401515747,78.21211621774998,78.83001708984375,15326600,0.0,0.0
2017-10-23,78.83001088457463,79.21025475568473,78.61611841869127,78.6953353881836,9238600,0.0,0.0
2017-10-24,79.12312866711636,80.16089110097786,79.02807070398323,79.9469985961914,13000800,0.0,0.0
2017-10-25,80.20841145306439,80.36684540381961,79.36870063509963,80.02620697021484,14632700,0.0,0.0
2017-10-26,80.28763006439571,81.13526441033011,80.26386557568497,80.5965805053711,13054400,0.0,0.0
2017-10-27,80.35099192738613,80.98473971956075,80.04996505022996,80.62033081054688,10400400,0.0,0.0
2017-10-30,80.11334332073599,80.74709117877762,79.90738040415982,80.33515930175781,8839500,0.0,0.0
2017-10-31,80.30349128496681,80.56490675087494,79.66974326924087,79.70143127441406,8690200,0.0,0.0
2017-11-01,80.08959158475956,80.56489953203057,79.79648813994113,79.9469985961914,8418200,0.0,0.0
2017-11-02,79.90737166950785,80.62033037703702,79.34492337781403,80.47773742675781,8731800,0.0,0.0
2017-11-03,80.08957883373624,80.43021724975681,79.79647543558266,80.33515930175781,7103500,0.0,0.0
2017-11-06,80.27972535683351,80.556993907049,79.74104736957207,79.83610534667969,8121500,0.0,0.0
2017-11-07,79.66179037336967,79.81230683145644,77.83185256764858,78.22794342041016,18822600,0.0,0.0
2017-11-08,77.84768982858931,77.92691283045556,76.96045022880554,77.34861755371094,18524700,0.0,0.0
2017-11-09,76.93669751084289,77.80809626982636,76.69111704646336,77.34070587158203,13697800,0.0,0.0
2017-11-10,77.48330981853911,77.90316525913563,77.23773536321698,77.24565887451172,9314000,0.0,0.0
2017-11-13,76.59605982060644,77.67342754711649,76.54060733661845,77.52291107177734,9303100,0.0,0.0
2017-11-14,77.11097158686556,77.45953350420581,76.72280420683403,77.0555191040039,11043800,0.0,0.0
2017-11-15,76.3584101183883,78.22003630783506,76.00984816085396,77.78433990478516,15384100,0.0,0.0
2017-11-16,78.0536782699022,78.47353369175543,77.87939729240811,78.00614929199219,9808000,0.0,0.0
2017-11-17,77.4912529457758,77.95864352858648,77.29320742035274,77.7447509765625,9017900,0.0,0.0
2017-11-20,77.99029589554853,78.54482678260206,77.44369456265586,78.43392181396484,9483200,0.0,0.0
2017-11-21,78.8220954838041,78.86170699455924,78.35471108500703,78.37055206298828,13389400,0.0,0.0
2017-11-22,78.44977382661847,78.8379412714542,78.10121185108609,78.14082336425781,7342200,0.0,0.0
2017-11-24,78.29134358844593,78.34679608320492,77.83980011858867,77.8873291015625,3680000,0.0,0.0
2017-11-27,77.87941904610324,78.52900811574827,77.5783920288086,77.5783920288086,13076200,0.0,0.0
2017-11-28,77.800173614228,80.56488639546947,77.61005167509374,80.29554748535156,16773000,0.0,0.0
2017-11-29,81.12736228921695,82.56120978875535,80.77087675952014,82.17304229736328,21105500,0.0,0.0
2017-11-30,82.97312435587374,84.4941180843332,82.41859948457505,82.79884338378906,23945900,0.0,0.0
2017-12-01,83.09986630558605,83.43258118814339,80.96097196657378,83.01272583007812,19683500,0.0,0.0
2017-12-04,85.34177641047516,85.87253694280443,84.58127631046162,84.72386932373047,23576600,0.0,0.0
2017-12-05,83.63857620574854,85.08827070232797,82.48199122214162,83.74948120117188,17193900,0.0,0.0
2017-12-06,83.61480456625476,83.78116204517083,82.80677561852707,83.12364959716797,15476200,0.0,0.0
2017-12-07,82.34731574679185,83.32962576960195,82.17304078519872,82.87808227539062,13371800,0.0,0.0
2017-12-08,82.98102741792495,83.92372551069563,82.65623004201137,83.91580200195312,13506900,0.0,0.0
2017-12-11,83.7494592792988,84.01879818514915,83.4246618463844,83.67024230957031,10591200,0.0,0.0
2017-12-12,84.69218072086105,85.05658371645646,83.6068892025078,84.64464569091797,15508800,0.0,0.0
2017-12-13,84.52579155178239,84.85058897512005,83.55933487940327,83.58309936523438,15020300,0.0,0.0
2017-12-14,84.06635209162594,84.32776754608277,82.89392012705198,82.9097671508789,13034200,0.0,0.0
2017-12-15,83.8049061815822,84.38319546157017,83.33751581673499,84.08216857910156,29350600,0.0,0.0
2017-12-18,84.9139778686333,85.26253378689535,84.35152945765749,84.73177337646484,12713100,0.0,0.0
2017-12-19,85.04071207549136,85.15161704014031,84.31982980527317,84.37528228759766,12149900,0.0,0.0
2017-12-20,85.23875318294448,85.34174067621379,84.04255707494151,84.08216857910156,13091500,0.0,0.0
2017-12-21,84.43867237697405,85.61110433932053,84.41490788514756,85.42098236083984,12323700,0.0,0.0
2017-12-22,85.71406276396885,85.92003171084677,84.61293061714267,85.11992645263672,14573400,0.0,0.0
2017-12-26,84.92188220407557,85.54770651936838,84.28814042277183,84.77928924560547,7403700,0.0,0.0
2017-12-27,84.50204167881839,84.993196631776,84.50204167881839,84.937744140625,9496500,0.0,0.0
2017-12-28,85.08032418718034,85.42888005975745,84.8902022526958,85.38927459716797,7440600,0.0,0.0
2017-12-29,85.62693139654552,85.77744787879806,84.71592712402344,84.71592712402344,8925700,0.0,0.0
2018-01-02,85.26254661805602,85.5714971150315,84.61295761879103,85.51604461669922,13578800,0.0,0.0
2018-01-03,85.44473834326867,85.94381075352888,85.1437114036643,85.6031723022461,11901000,0.0,0.0
2018-01-04,86.28799298761523,87.61782677757108,86.16058070636457,86.82948303222656,12953700,0.56,0.0
2018-01-05,87.00468037639804,87.23561060219888,85.82614096116491,86.2720718383789,14155000,0.0,0.0
2018-01-08,86.12076072375694,86.54280323334294,85.76241827337822,86.39946746826172,12466500,0.0,0.0
2018-01-09,86.57467245194621,87.2993101228466,86.39151879975896,86.83745574951172,13292300,0.0,0.0
2018-01-10,87.17190242685217,88.15135859156264,87.10819628148904,87.79302215576172,15834500,0.0,0.0
2018-01-11,88.12746165251151,88.33450356693571,87.63375426280616,88.26283264160156,13676800,0.0,0.0
2018-01-12,88.90783795496294,89.86340564652305,88.26282399157621,89.7200698852539,18884200,0.0,0.0
2018-01-16,88.79637537848399,90.32528646152196,88.44599764369724,89.40156555175781,22703300,0.0,0.0
2018-01-17,89.09895356710891,90.22175141772145,88.6370931998207,89.97489166259766,14940300,0.0,0.0
2018-01-18,89.7917566012466,90.55621210406086,89.40156102531618,90.18991088867188,14572900,0.0,0.0
2018-01-19,90.73138895802043,91.04990748553601,89.82359778882778,89.9908218383789,18785500,0.0,0.0
2018-01-22,89.71212027764896,91.08973060734755,89.58470799899263,91.04195404052734,12475700,0.0,0.0
2018-01-23,90.51641132162207,91.28883175700506,90.261592772611,90.94641876220703,12320800,0.0,0.0
2018-01-24,91.46400080579393,92.37179206941344,91.30474152547028,92.1090087890625,15904500,0.0,0.0
2018-01-25,92.40365214021658,92.50717007273333,91.63919660112094,92.13290405273438,13510000,0.0,0.0
2018-01-26,92.13291149419251,92.62662506103516,91.54364477434058,92.62662506103516,13883900,0.0,0.0
2018-01-29,92.38770823529083,93.44679998391335,92.38770823529083,92.53104400634766,11679900,0.0,0.0
2018-01-30,91.99749581439875,92.84954544208072,91.55952989990527,91.66304779052734,14279100,0.0,0.0
2018-01-31,92.09308529117098,92.89735863011533,91.70289580163154,92.1090087890625,13141400,0.0,0.0
2018-02-01,92.18864611325412,93.16014360011938,91.95772196014265,93.06459045410156,13800600,0.0,0.0
2018-02-02,92.76199287554189,93.10440583782767,90.85085090174579,91.00215148925781,16477300,0.0,0.0
2018-02-05,89.9828757964057,91.24900361046899,82.80017457855577,86.63838195800781,30097600,0.0,0.0
2018-02-06,85.0855989510323,89.56882164071122,84.89448652915665,89.27418518066406,33114800,0.0,0.0
2018-02-07,88.82821416553755,91.13750391783044,88.50968955562941,89.87934112548828,21878300,0.0,0.0
2018-02-08,90.07046598801698,90.07046598801698,85.87391627518852,85.90576934814453,27425800,0.0,0.0
2018-02-09,86.8772539126711,88.43005909316247,84.59185246435514,87.62578582763672,28188000,0.0,0.0
2018-02-12,88.52563462921154,89.76788030309969,87.64969629497907,88.97953033447266,18043300,0.0,0.0
2018-02-13,88.64507340544542,90.02268996120773,88.2309956052157,89.52897644042969,16358200,0.0,0.0
2018-02-14,89.68822363075007,91.79047757213199,89.60859399629729,91.599365234375,15186900,0.0,0.0
2018-02-15,92.16473781132449,92.36381492276483,90.95435164692175,91.9815902709961,12130200,0.0,0.0
2018-02-16,91.21713790850822,92.42752411293644,91.17732005476293,91.3206558227539,13214300,0.0,0.0
2018-02-20,91.2968050201773,91.88607183033662,90.75531479384459,91.3445816040039,13461500,0.0,0.0
2018-02-21,91.57548318393789,93.52643669988964,91.31269990454295,91.7267837524414,14212500,0.0,0.0
2018-02-22,91.9736481331042,92.71421541303421,91.38438143923764,91.5595703125,17070400,0.0,0.0
2018-02-23,91.82233052137796,93.47865364738553,91.82233052137796,93.41494750976562,12162500,0.0,0.0
2018-02-26,94.07588065446394,94.68107678307862,93.42290796252622,94.57755279541016,16511200,0.0,0.0
2018-02-27,94.68904591537374,95.02349402469045,93.44680053378762,93.45476531982422,17563300,0.0,0.0
2018-02-28,93.82104496289905,94.35457007320713,91.84619767838298,91.9736099243164,17735600,0.0,0.0
2018-03-01,91.95771419648666,92.8814289570045,89.70415953775245,90.32527923583984,18690000,0.0,0.0
2018-03-02,89.49711895028533,90.42879851133495,88.4858097479699,90.23768615722656,18353700,0.0,0.0
2018-03-05,89.22636868922551,92.31604344172631,89.09895641472157,91.62325286865234,13933000,0.0,0.0
2018-03-06,92.08512848359545,92.22846427844745,91.03400134646512,91.7029037475586,10674400,0.0,0.0
2018-03-07,90.58009622160448,91.65511153312015,90.07045924317701,91.36048126220703,13006500,0.0,0.0
2018-03-08,91.66309802492013,91.75865725926019,90.15011022897988,91.36846160888672,11173700,0.0,0.0
2018-03-09,92.80974849682369,94.02809940363518,92.10899320114571,93.99624633789062,15366600,0.0,0.0
2018-03-12,93.96439888335651,94.5616302321914,93.36716753452161,93.69365692138672,12339300,0.0,0.0
2018-03-13,94.12367645405755,94.33868318365546,92.23642891287923,92.57087707519531,13312300,0.0,0.0
2018-03-14,92.81772469935316,92.84161298432583,91.256960635832,91.5356674194336,12905100,0.0,0.0
2018-03-15,92.2682875409204,92.37180548062506,91.44012579722416,91.76660919189453,8748000,0.0,0.0
2018-03-16,91.84622945440476,92.84957997453346,91.84622945440476,91.92586517333984,19888900,0.0,0.0
2018-03-19,91.65512861853355,91.93383544379101,90.22177662777248,91.20123291015625,13214900,0.0,0.0
2018-03-20,91.47196436771738,91.93381870461317,91.13751016295224,91.28881072998047,9921200,0.0,0.0
2018-03-21,91.42420297674671,92.87348461646026,90.94641895575333,91.36846160888672,13633000,0.0,0.0
2018-03-22,90.14211786574249,90.46064247408448,87.22763197648952,87.55411529541016,22550400,0.0,0.0
2018-03-23,87.80895947753379,88.32656135822475,85.01392025743873,85.21299743652344,23081500,0.0,0.0
2018-03-26,86.94892815193754,88.5176568887105,86.51892082749075,87.84078979492188,20217500,0.0,0.0
2018-03-27,88.44598407726448,88.93969753006654,85.44390373171525,86.13668823242188,18039900,0.0,0.0
2018-03-28,86.22429294725966,86.93300710463922,84.9263121357858,86.00132751464844,19189300,0.0,0.0
2018-03-29,86.39947102078898,88.21505340290229,85.82612793688969,87.5700454711914,13274600,0.0,0.0
2018-04-02,87.56209335409157,88.17525438128001,84.47241815814682,85.88188171386719,18822500,0.0,0.0
2018-04-03,86.28799689247386,87.19578817373386,85.41205868296798,87.06041717529297,14050700,0.0,0.0
2018-04-04,85.28466832091921,88.55749786197009,85.22096216103337,88.38230895996094,15302600,0.0,0.0
2018-04-05,89.3427065840077,90.30312635931124,89.15062507141145,89.54279327392578,16627000,0.56,0.0
2018-04-06,88.47833368492347,89.2786804171031,86.29338441936221,87.30982208251953,18906000,0.0,0.0
2018-04-09,88.04614924700984,90.42318011387597,87.95010543707946,88.35828399658203,15974300,0.0,0.0
2018-04-10,89.742869060041,90.33512998667462,89.17462366245506,90.04700469970703,13951400,0.0,0.0
2018-04-11,89.36672417494461,89.48677130673234,88.45432323022848,88.53436279296875,14503300,0.0,0.0
2018-04-12,89.2866816431267,91.55166441534423,89.23866279200838,90.73531341552734,16435500,0.0,0.0
2018-04-13,92.05585942585586,92.15990838748121,87.27779555127398,88.27822875976562,39152800,0.0,0.0
2018-04-16,88.79047072111581,89.21465352316902,87.87007073404425,88.20621490478516,16580500,0.0,0.0
2018-04-17,89.13462006911088,89.57480711951126,88.03013764216054,88.20621490478516,15501400,0.0,0.0
2018-04-18,88.46232292249746,88.89451088861885,87.1497547762744,87.49390411376953,16081400,0.0,0.0
2018-04-19,87.6619801477066,89.53479475203287,87.63797072175493,89.41474151611328,17911000,0.0,0.0
2018-04-20,89.8789192231345,90.23106754987295,88.74242249137086,89.21463012695312,15584400,0.0,0.0
2018-04-23,89.29468449284482,89.59881405226866,88.5423566120752,88.78246307373047,11285800,0.0,0.0
2018-04-24,89.43875666302276,90.35915672239805,87.71000460998796,88.36629486083984,16453100,0.0,0.0
2018-04-25,88.25421692068826,88.46230874647296,86.91763956378202,88.03012084960938,13548200,0.0,0.0
2018-04-26,88.01413643803096,88.69442998029682,87.5099140583185,88.11817932128906,10299500,0.0,0.0
2018-04-27,87.67799085847739,88.16620287534789,87.34184057530533,87.55793762207031,9384000,0.0,0.0
2018-04-30,87.83802836608638,88.2782213835054,87.03768186616759,87.06169128417969,13744900,0.0,0.0
2018-05-01,86.79757547372827,87.21375907313521,86.06926333400497,87.06169128417969,10503400,0.0,0.0
2018-05-02,86.52547326777128,87.62994940121033,86.22134375147476,86.37340545654297,12162100,0.0,0.0
2018-05-03,86.10931328703387,86.25337596198244,84.18048058450438,85.82919311523438,15379100,0.0,0.0
2018-05-04,85.18090740409158,87.02970649812563,84.82075379824332,86.78160095214844,11967900,0.0,0.0
2018-05-07,87.04570072847885,87.78201815870888,86.72556085693877,87.5339126586914,9356700,0.0,0.0
2018-05-08,87.66198451059805,89.11061027261766,87.46189780949427,88.83049011230469,12543200,0.0,0.0
2018-05-09,89.19063480957001,90.9513950401345,88.86248974409399,90.76731872558594,11368100,0.0,0.0
2018-05-10,90.59124612136314,91.59167950955326,90.23909161474876,91.47162628173828,9159700,0.0,0.0
2018-05-11,91.63168045382835,91.82376803411586,90.97539648657931,91.1274642944336,10253000,0.0,0.0
2018-05-14,91.3275492839628,91.79975083805844,91.03141884935647,91.15947723388672,8710700,0.0,0.0
2018-05-15,91.16751256574304,91.16751256574304,90.09504461211193,90.46320343017578,11536200,0.0,0.0
2018-05-16,90.35114249298898,90.99142232393054,90.14305063200882,90.71129608154297,7571100,0.0,0.0
2018-05-17,90.59923938644813,90.76731755831517,89.79889272718212,90.40715789794922,8617200,0.0,0.0
2018-05-18,90.23909938129337,90.27911916272966,88.71043410161512,88.94253540039062,11806300,0.0,0.0
2018-05-21,89.67887765951842,90.07104595297322,89.57482864868977,89.7589111328125,9441900,0.0,0.0
2018-05-22,89.91894995206151,91.47162449416102,89.87093110433825,90.44718170166016,11507600,0.0,0.0
2018-05-23,90.0470162141207,90.25510197652511,88.93453469958179,90.031005859375,11453900,0.0,0.0
2018-05-24,89.75086470045974,89.75886987595842,88.13416730083436,89.02255249023438,14084800,0.0,0.0
2018-05-25,88.4063027161109,88.90251990743312,88.19821084798724,88.56637573242188,8283500,0.0,0.0
2018-05-29,87.38183453996281,87.39783878388019,84.0043712005673,84.78070831298828,30643800,0.0,0.0
2018-05-30,86.14931441580949,86.91764648043302,85.35697292825404,86.71755981445312,17490800,0.0,0.0
2018-05-31,86.39744060532892,86.58952824707788,85.17291089344846,85.6451187133789,19808200,0.0,0.0
2018-06-01,86.70955866391003,87.18977156948584,86.27737681874898,86.75758361816406,13594200,0.0,0.0
2018-06-04,87.22978775626515,87.44588479123796,86.65353713788558,86.79759979248047,9415400,0.0,0.0
2018-06-05,86.62953477341246,86.68555880442301,85.6931304953096,86.30939483642578,10415200,0.0,0.0
2018-06-06,86.96569148657561,88.63040829072679,86.8216288096031,88.32627868652344,15453600,0.0,0.0
2018-06-07,88.98253527163578,89.23864593950276,88.06213545999637,88.67840576171875,13444400,0.0,0.0
2018-06-08,88.53433794101396,88.95051546209847,88.08613971889262,88.92650604248047,10383200,0.0,0.0
2018-06-11,88.93453201260816,89.5668066704138,88.65440576847273,88.70243072509766,12642900,0.0,0.0
2018-06-12,88.95051230318843,89.26264695945684,87.65394873442469,88.190185546875,15294100,0.0,0.0
2018-06-13,88.40629015774853,89.19863163090959,87.70198730451207,88.01412200927734,14979700,0.0,0.0
2018-06-14,88.26224423033058,88.32627343988429,86.26137722798845,86.46146392822266,20487300,0.0,0.0
2018-06-15,86.27738079304308,86.74157726036938,85.05284515481044,86.35741424560547,26028600,0.0,0.0
2018-06-18,85.84520246442742,86.75759735967827,85.38900501680197,86.5815200805664,9786800,0.0,0.0
2018-06-19,85.5570516328362,86.34138787104216,85.31694521353894,86.07727813720703,12707200,0.0,0.0
2018-06-20,86.58150391744442,86.94966265678569,85.9892490851268,86.06928253173828,8876900,0.0,0.0
2018-06-21,85.71712775910511,86.60551305775832,85.26093039813406,86.04527282714844,11048700,0.0,0.0
2018-06-22,86.5655038636552,86.73357594152857,84.44458384183456,84.63666534423828,19478900,0.0,0.0
2018-06-25,84.56464343314764,84.59665193082247,83.20405024783696,83.86833953857422,16907600,0.0,0.0
2018-06-26,83.80429370979331,84.20446701913595,82.52374034112894,83.92434692382812,17086800,0.0,0.0
2018-06-27,83.78029357097216,84.77272177837686,82.61979328776059,82.62779235839844,16276800,0.0,0.0
2018-06-28,82.97994384940255,84.40455995977389,82.8438863795717,83.98037719726562,14491300,0.0,0.0
2018-06-29,85.38098053507426,85.55705777437694,83.35610449541392,83.3961181640625,18972400,0.0,0.0
2018-07-02,83.01196134072806,84.10843242023529,82.73984028542735,84.10043334960938,11130000,0.0,0.0
2018-07-03,84.36456166242074,84.66068607940508,82.85190054714774,82.92393493652344,8311700,0.0,0.0
2018-07-05,83.79299591235211,83.99416992109722,83.31017951923253,83.46307373046875,10723400,0.56,0.0
2018-07-06,82.98026887385885,84.09074734635487,82.23994375285045,83.73667907714844,12173700,0.0,0.0
2018-07-09,84.25972075054989,86.47263483793405,84.25972075054989,86.32778930664062,13900800,0.0,0.0
2018-07-10,86.92328460019745,87.22907309866706,85.72428892910808,85.79671478271484,14575900,0.0,0.0
2018-07-11,85.54724088020812,86.1507629584096,85.46677249765007,85.61161804199219,10186500,0.0,0.0
2018-07-12,86.44044221816215,86.5530991661957,85.27363548238178,85.98176574707031,12456800,0.0,0.0
2018-07-13,86.34387955104108,86.74622753377781,84.60573331873373,85.58746337890625,21289100,0.0,0.0
2018-07-16,86.14270074996233,89.13616441733784,86.08637228109797,88.9832763671875,24662600,0.0,0.0
2018-07-17,89.07182429622168,89.26494966510461,88.31540790402512,88.91893005371094,14821900,0.0,0.0
2018-07-18,88.8545362234148,90.22252318980179,88.677502110407,89.74774932861328,14244900,0.0,0.0
2018-07-19,89.36953236115963,89.39367225793707,88.29929138818721,88.42803955078125,16775300,0.0,0.0
2018-07-20,88.5165448440842,89.91671392532933,88.33951077210126,89.54655456542969,13578100,0.0,0.0
2018-07-23,89.36953337599789,91.92846683229617,89.26492510899342,91.21228790283203,18140000,0.0,0.0
2018-07-24,91.3732473959253,92.36302019106235,91.26863297055633,91.85606384277344,14000400,0.0,0.0
2018-07-25,91.6387758891157,92.95847680368321,91.23642789956847,92.68488311767578,13329100,0.0,0.0
2018-07-26,92.87801088624335,93.01480773285942,92.20206919283929,92.4193344116211,11897800,0.0,0.0
2018-07-27,92.68490596143234,93.58616789031285,92.38716616562087,93.368896484375,12802700,0.0,0.0
2018-07-30,93.57005776855098,94.64030501201951,93.39302365136446,93.93217468261719,13411600,0.0,0.0
2018-07-31,94.21380025361519,94.21380025361519,92.39518574639297,92.49979400634766,15843800,0.0,0.0
2018-08-01,93.1435790691796,93.89999541238777,92.76537089757552,93.07115936279297,13531600,0.0,0.0
2018-08-02,92.19401772721703,93.54590721250698,92.0008924119879,93.46543884277344,11058100,0.0,0.0
2018-08-03,93.34473187978018,94.25403610948008,93.29645208650109,94.22184753417969,11016100,0.0,0.0
2018-08-06,93.98045863913423,94.57593203654726,93.48959352498412,94.24600982666016,9857400,0.0,0.0
2018-08-07,94.74491383582276,95.18749913133573,94.41499163863074,94.59202575683594,10562100,0.0,0.0
2018-08-08,94.41497397452407,95.17138396623332,94.3747367226986,94.7851333618164,8997100,0.0,0.0
2018-08-09,94.5598111310178,94.72879652293703,93.90800331722403,94.05284881591797,9694200,0.0,0.0
2018-08-10,92.94238914024643,93.30449988895163,92.28253865772491,93.12747192382812,12630600,0.0,0.0
2018-08-13,92.99065307276027,93.24815550641773,91.59048397345673,91.64681243896484,10336300,0.0,0.0
2018-08-14,91.95262675467237,92.57224623087019,91.453719068707,92.25841522216797,10597600,0.0,0.0
2018-08-15,91.59050800094977,92.00090472265212,90.90651755767512,91.49394226074219,10152100,0.0,0.0
2018-08-16,92.0169867326845,92.78949415899025,91.97675561613282,92.3549575805664,10118600,0.0,0.0
2018-08-17,92.25034931032009,92.59636883724964,91.97675561613282,92.3549575805664,8505100,0.0,0.0
2018-08-20,92.21009926649864,92.58026477923568,91.82384867658361,92.23424530029297,8618700,0.0,0.0
2018-08-21,92.83777601144978,93.65856319726124,92.44347056691694,92.79753875732422,10976700,0.0,0.0
2018-08-22,92.78950865391835,92.86998317827945,92.36302068791919,92.51591491699219,8314700,0.0,0.0
2018-08-23,92.50786108512597,92.66075530568462,92.08137314287698,92.32278442382812,9265400,0.0,0.0
2018-08-24,92.5239659269381,92.71709128371008,92.09747181085609,92.28255462646484,8845700,0.0,0.0
2018-08-27,92.71708124678155,94.37475316992669,92.67684398794368,93.91607666015625,13768000,0.0,0.0
2018-08-28,94.14943654549633,94.17357644436687,93.32060060777539,93.4573974609375,8302600,0.0,0.0
2018-08-29,93.62637902454857,93.64247638269296,92.82973169801339,93.151611328125,7221700,0.0,0.0
2018-08-30,93.01481326611128,93.37693017141352,92.52395432489719,92.69293975830078,8991800,0.0,0.0
2018-08-31,92.4032614421607,92.41130398342536,91.5905166022838,92.20208740234375,13065700,0.0,0.0
2018-09-04,92.00893579209267,92.73316340499785,91.43760238061834,92.6607437133789,10174200,0.0,0.0
2018-09-05,92.54005715221638,93.10334200088342,91.9365350403541,92.21012878417969,11462400,0.0,0.0
2018-09-06,92.13767546855416,92.2986121839414,91.3329796129336,91.8157958984375,9877600,0.0,0.0
2018-09-07,92.13768150761429,92.35494670156169,91.43759385717476,91.99283599853516,10955600,0.0,0.0
2018-09-10,92.41933661368026,92.51590234618594,91.46175252520831,91.50198364257812,8276900,0.0,0.0
2018-09-11,91.36520365307956,92.20208840453591,91.07551254144681,92.08138275146484,9333800,0.0,0.0
2018-09-12,91.93650306963706,92.44345925714448,90.80992762472272,90.99501037597656,10800800,0.0,0.0
2018-09-13,91.22838346389644,91.83994797496966,90.6650926066326,91.34908294677734,12470800,0.0,0.0
2018-09-14,91.58246164017312,92.1296552365178,91.11574256571117,91.3330078125,10337900,0.0,0.0
2018-09-17,91.56635915434826,92.0813641064496,91.17205983087702,91.6065902709961,9561300,0.0,0.0
2018-09-18,92.00089313203797,92.26644427964578,91.38127378761976,91.97675323486328,7944200,0.0,0.0
2018-09-19,92.08941241582228,95.00240801332434,92.08941241582228,94.64834594726562,16052800,0.0,0.0
2018-09-20,95.35647419064458,95.95194750032957,95.01850335049984,95.4610824584961,15590000,0.0,0.0
2018-09-21,95.86342966957106,95.94390417886284,94.74490275105822,94.83341979980469,24788200,0.0,0.0
2018-09-24,94.7610180129243,95.32430284833585,93.69077068629811,93.92413330078125,12492500,0.0,0.0
2018-09-25,94.18161530513497,94.92998278882067,93.60223323526955,93.65856170654297,9308300,0.0,0.0
2018-09-26,93.94824846621107,94.04481418657524,92.26643694376465,92.55612182617188,14023600,0.0,0.0
2018-09-27,92.87799797427279,93.15159776881214,91.86408557512158,92.15377044677734,13283000,0.0,0.0
2018-09-28,91.45371077091373,91.92847851149367,90.54440027082613,90.8019027709961,15815100,0.0,0.0
2018-10-01,91.22839952913412,92.22622097917066,90.96284834134684,91.3330078125,10146300,0.0,0.0
2018-10-02,91.22033947537831,91.8319101572386,90.77775421758271,91.7112045288086,13753100,0.0,0.0
2018-10-03,92.49176672961372,93.07114887278236,92.12160728022124,92.57223510742188,17142000,0.0,0.0
2018-10-04,92.82343475211134,94.65477868102096,92.54791894912621,93.40686798095703,16357400,0.8,0.0
2018-10-05,93.86064969805824,94.07943636760756,92.39394625149153,92.8801498413086,13777600,0.0,0.0
2018-10-08,92.58032605605621,93.82013162150629,91.851026846281,93.44738006591797,14370900,0.0,0.0
2018-10-09,92.9206765870257,93.21239631162466,92.11034539254774,92.79912567138672,14069500,0.0,0.0
2018-10-10,92.94497996994471,93.14756275643748,90.3276138305664,90.3276138305664,23086400,0.0,0.0
2018-10-11,89.92244496448845,90.3276105226362,87.0133530421729,87.62110137939453,33705600,0.0,0.0
2018-10-12,89.43623857209151,89.80899010636756,85.57095607245033,86.66490173339844,32075700,0.0,0.0
2018-10-15,86.86746301542672,88.2045101292796,86.15437410646089,86.17057800292969,18903200,0.0,0.0
2018-10-16,86.83508293392704,88.1478153485049,86.486640316481,88.0181655883789,19302800,0.0,0.0
2018-10-17,87.82369612659579,89.78470239384126,87.70215138845664,88.9986801147461,18794500,0.0,0.0
2018-10-18,88.3422845439559,89.00675572902932,87.36178475758751,87.58867645263672,17582500,0.0,0.0
2018-10-19,87.23216034939031,88.50438016533222,86.92423051751676,87.4428482055664,15234500,0.0,0.0
2018-10-22,87.63732223154808,87.79128095857233,85.98424580931666,86.18682861328125,16199100,0.0,0.0
2018-10-23,84.43650333540882,86.02475782945716,84.03133776051273,85.287353515625,21407500,0.0,0.0
2018-10-24,84.89026886179191,85.10905548983992,83.39115789711457,83.69908142089844,23168900,0.0,0.0
2018-10-25,84.42029570116091,85.81406620637084,84.04754413061292,84.97132110595703,17464700,0.0,0.0
2018-10-26,84.27443689505031,84.72822034613773,83.24531908780968,83.804443359375,19174900,0.0,0.0
2018-10-29,84.64718243832067,86.40559936831697,84.03132909691874,84.96321105957031,18445200,0.0,0.0
2018-10-30,85.66009999044151,86.68922395136747,84.97131979069188,86.46232604980469,18019700,0.0,0.0
2018-10-31,87.58059332800624,89.52538935005998,87.3455965495342,88.34230041503906,20860000,0.0,0.0
2018-11-01,88.82849451017252,89.31469191784626,87.77506164159983,88.30988311767578,13065000,0.0,0.0
2018-11-02,89.05539145874808,89.79278956424533,87.10249048908223,87.82368469238281,19009200,0.0,0.0
2018-11-05,88.01006946126654,88.56109490787259,87.8561045595816,88.3990249633789,10276400,0.0,0.0
2018-11-06,88.05868577934784,88.86901694032244,87.32128763767575,88.81229400634766,10825000,0.0,0.0
2018-11-07,89.43624820708602,90.53829902816348,88.60970700011002,90.3357162475586,12679600,0.0,0.0
2018-11-08,89.95486791691556,91.51070233151401,89.94676287389075,91.06501770019531,11662500,0.0,0.0
2018-11-09,90.94346833067576,91.04880915528298,89.80900347615074,90.18175506591797,10432200,0.0,0.0
2018-11-12,90.28707918138558,90.70845476650406,88.00194599235057,88.28556060791016,13279700,0.0,0.0
2018-11-13,88.4071386350742,90.04401123137636,88.4071386350742,88.80419921875,13746100,0.0,0.0
2018-11-14,89.32280864202556,89.71176414610126,85.87890112893801,86.97284698486328,18361400,0.0,0.0
2018-11-15,87.71023082234652,89.20124316408489,86.55145717749802,89.1931381225586,19100000,0.0,0.0
2018-11-16,88.6907392368533,89.7522772155317,87.96144616957619,89.1283187866211,13798600,0.0,0.0
2018-11-19,89.10401538840655,90.10882431578779,88.75557273536535,89.80900573730469,13987000,0.0,0.0
2018-11-20,88.95814341258118,89.5334777274075,87.49955120357143,87.88040161132812,18936200,0.0,0.0
2018-11-21,88.35041233561623,88.82040592914844,87.22405242919922,87.22405242919922,10619600,0.0,0.0
2018-11-23,86.49475606875853,87.02147261879043,85.94373057035139,86.42182922363281,6488400,0.0,0.0
2018-11-26,87.28884805891974,89.1201976768804,87.07005524749177,88.53675842285156,13948300,0.0,0.0
2018-11-27,88.13162107628357,89.16073895708944,88.0262740659392,88.90953826904297,9238200,0.0,0.0
2018-11-28,88.97433273121891,90.27086089742295,88.22072476862314,89.89810943603516,13977300,0.0,0.0
2018-11-29,89.35520448861458,89.78468514945284,88.84469813947007,89.1850357055664,11144300,0.0,0.0
2018-11-30,89.01487630211271,90.20606409130208,88.79608961009284,90.10072326660156,18652700,0.0,0.0
2018-12-03,91.06499919467475,91.47826975224898,90.5463878285301,90.95155334472656,16034500,0.0,0.0
2018-12-04,90.43295848683397,90.43295848683397,86.48664959538871,86.89181518554688,23555900,0.0,0.0
2018-12-06,85.0928639209388,85.37647854740348,83.36685485554554,85.23872375488281,27213900,0.0,0.0
2018-12-07,85.21440246607372,86.68920449233842,83.39115789711457,83.69908142089844,19248600,0.0,0.0
2018-12-10,83.35875632580041,83.86115761399846,80.44966467685008,82.1351547241211,23636400,0.0,0.0
2018-12-11,83.56944081489142,83.99892147408131,81.20327558015727,81.33293151855469,16860700,0.0,0.0
2018-12-12,82.37827495718268,83.38308394093445,81.081740056725,81.85965728759766,22621500,0.0,0.0
2018-12-13,82.28912407100864,82.62946164260204,81.576028760239,81.94068145751953,17250900,0.0,0.0
2018-12-14,81.02501036346457,82.60515982328438,80.91966953907769,81.26811218261719,19879500,0.0,0.0
2018-12-17,80.84674327333812,81.4869056803976,79.76900744699218,80.23089599609375,25113500,0.0,0.0
2018-12-18,80.56312584637317,81.75431369106194,79.50969900327878,79.85003662109375,20837200,0.0,0.0
2018-12-19,79.74469318971798,81.50311034006121,78.2779895720298,78.83712005615234,28767900,0.0,0.0
2018-12-20,78.28610433472357,79.63935606919092,77.54060105155632,78.15644836425781,31825200,0.0,0.0
2018-12-21,78.34280877192874,79.76088815668373,75.91992058274417,76.30887603759766,41313900,0.0,0.0
2018-12-24,75.27165826032972,76.34940014826773,74.66390991210938,74.66390991210938,17009300,0.0,0.0
2018-12-26,75.10957427349958,77.75935363769531,73.82924994772468,77.75935363769531,22542900,0.0,0.0
2018-12-27,76.83559311856128,78.7236660275743,75.80647536236373,78.63452911376953,20304700,0.0,0.0
2018-12-28,79.37192226970487,79.67174697778326,78.14832686022676,78.46435546875,17963300,0.0,0.0
2018-12-31,79.08020757937803,80.06881249177353,78.41573633729284,79.10452270507812,13237200,0.0,0.0
2019-01-02,77.75127063189353,80.85484039070879,77.74317177175233,80.47398376464844,15670900,0.0,0.0
2019-01-03,80.58018108899887,80.78440904314425,78.9872055396819,79.33030700683594,16286400,0.8,0.0
2019-01-04,80.96412262725666,82.45090173699191,80.28608439078691,82.25484466552734,16935200,0.0,0.0
2019-01-07,82.04245221747117,82.89204123628033,81.4542747250231,82.3120346069336,15430700,0.0,0.0
2019-01-08,83.02276216654312,83.17797743693812,81.32358998727385,82.1568374633789,13578800,0.0,0.0
2019-01-09,82.35289024745704,82.90839061306146,81.63400998772218,82.01795959472656,14230300,0.0,0.0
2019-01-10,81.70751365149404,82.28752650105433,81.09482981530769,82.00977325439453,14376100,0.0,0.0
2019-01-11,81.60132642418566,81.83006075121926,80.83342726982175,81.61766815185547,15439900,0.0,0.0
2019-01-14,80.76808376168542,82.80219269706024,80.59653300641702,82.45909118652344,21258500,0.0,0.0
2019-01-15,80.78439152276681,83.70893668766867,80.54748639943263,83.0635757446289,26504900,0.0,0.0
2019-01-16,83.52921630115043,84.50950778917432,83.1616085512768,83.73344421386719,18533000,0.0,0.0
2019-01-17,83.41487197977496,84.55037898639948,83.25965672925089,84.07656860351562,14247600,0.0,0.0
2019-01-18,84.77093609049112,85.69405042798437,84.00304322441995,85.44080352783203,16428700,0.0,0.0
2019-01-22,84.20728557075789,84.62390617915715,83.43121547625307,84.0929183959961,17083700,0.0,0.0
2019-01-23,84.50137085550234,84.71376346690992,83.30050933793771,83.8805160522461,12146700,0.0,0.0
2019-01-24,83.43120293851052,84.21543754725806,83.27599392896867,83.92951965332031,11296800,0.0,0.0
2019-01-25,84.55854955158176,85.21207530915942,83.92952392039565,84.46051788330078,14369400,0.0,0.0
2019-01-28,84.05204558784693,85.15487515304727,83.80696958111719,84.86078643798828,12283100,0.0,0.0
2019-01-29,84.86076642017834,85.86557033169694,84.73823467825923,85.09767150878906,9743300,0.0,0.0
2019-01-30,85.07320775485054,85.97180962989746,84.77911896191979,85.29377746582031,12526300,0.0,0.0
2019-01-31,84.47685781684771,84.79545294131593,83.9213575068057,84.55037689208984,17520600,0.0,0.0
2019-02-01,84.95881808718853,85.65319179620047,84.56669772292929,84.86078643798828,13000800,0.0,0.0
2019-02-04,84.78726154717569,85.16304016113281,84.15007145252922,85.16304016113281,9871500,0.0,0.0
2019-02-05,85.38361166768841,85.40812425503567,84.37881372541754,84.78726959228516,12763000,0.0,0.0
2019-02-06,84.72191545907235,85.46530813103524,84.52585838739039,84.74642181396484,8745000,0.0,0.0
2019-02-07,84.34613721091596,84.55036514605135,82.86752895494917,83.63542175292969,13177500,0.0,0.0
2019-02-08,83.39036258385104,83.60275517599402,81.74019716770779,82.80218505859375,12892600,0.0,0.0
2019-02-11,83.1289511098446,83.33317907113768,82.32020389569325,82.41006469726562,10978500,0.0,0.0
2019-02-12,83.2841610773373,84.07656657344796,83.2351483604786,83.81515502929688,12852300,0.0,0.0
2019-02-13,84.0602222155104,84.83628590247945,84.0602222155104,84.2154312133789,10754100,0.0,0.0
2019-02-14,83.70893889637733,84.22359099907094,82.7939955923807,83.6680908203125,11518500,0.0,0.0
2019-02-15,84.87714602429483,86.34758367649195,84.68108891717715,86.22505187988281,14716900,0.0,0.0
2019-02-19,85.7022118456782,86.07799049032745,84.8036039644063,85.92277526855469,12764900,0.0,0.0
2019-02-20,85.94729606866888,86.42927730713683,85.67771365897711,86.33941650390625,10030300,0.0,0.0
2019-02-21,86.14336438616596,86.58449759604142,85.74307926763855,86.15970611572266,8400100,0.0,0.0
2019-02-22,86.34758504156932,86.66618018287589,85.59602759195093,85.77574920654297,10647300,0.0,0.0
2019-02-25,86.38843662414315,87.63014001580702,86.33942390274193,86.67435455322266,11230700,0.0,0.0
2019-02-26,85.36731871456624,86.1597244883584,84.90984991012746,86.01268005371094,15465400,0.0,0.0
2019-02-27,85.92277622718602,86.08615608058089,85.37544686251705,85.90644073486328,9968800,0.0,0.0
2019-02-28,85.78392368959304,85.94730358290931,85.10588529049798,85.2529296875,15156900,0.0,0.0
2019-03-01,85.8574261330601,86.51912890760605,85.12220429053252,85.31009674072266,13813300,0.0,0.0
2019-03-04,85.71038632551185,86.52729814233726,84.36248058124141,85.11404418945312,12466300,0.0,0.0
2019-03-05,85.06502629011744,85.40813399414273,84.35431698955227,85.04869079589844,10856600,0.0,0.0
2019-03-06,84.84446206578636,85.42446870968463,84.59122139617315,84.73009490966797,9070800,0.0,0.0
2019-03-07,84.34615070858455,84.52587231747073,83.45571976052132,84.11741638183594,12705700,0.0,0.0
2019-03-08,83.31683948490249,84.32981468637612,83.31683948490249,84.15009307861328,10582400,0.0,0.0
2019-03-11,84.94249757849451,85.40813708738304,84.68108603372453,85.2447509765625,9763200,0.0,0.0
2019-03-12,85.44080625584503,85.60419236318302,84.75460330265369,84.99150848388672,10219100,0.0,0.0
2019-03-13,85.11403256651343,85.75939356158187,84.91796926981857,85.27741241455078,13022200,0.0,0.0
2019-03-14,85.36727916689964,86.48645052505167,85.33460194850007,86.05348205566406,10926500,0.0,0.0
2019-03-15,86.11065999954249,87.24616669419422,85.96361565327256,87.04193878173828,24811700,0.0,0.0
2019-03-18,87.04194294786775,88.05491169702186,87.00109487040493,87.56476593017578,12935500,0.0,0.0
2019-03-19,88.38984141157596,88.55322748733856,87.0419421236482,87.24617004394531,12889300,0.0,0.0
2019-03-20,86.94391025572884,87.12363182233709,85.29375140626863,85.38360595703125,14920700,0.0,0.0
2019-03-21,84.5421944873306,84.5421944873306,83.55373202679758,84.03571319580078,19751000,0.0,0.0
2019-03-22,83.17796116979318,83.58641707933499,81.29906149288382,81.49512481689453,31115200,0.0,0.0
2019-03-25,81.35625917806533,82.1568356419057,80.1308912369615,80.81710052490234,21032300,0.0,0.0
2019-03-26,81.54413404270468,82.01794437331111,80.72722225857318,81.62582397460938,15987100,0.0,0.0
2019-03-27,81.59313035436294,82.05876972841837,80.93960479794781,81.34806060791016,12753200,0.0,0.0
2019-03-28,81.69117262151104,82.34470449549987,81.4787738275834,82.27117919921875,12454100,0.0,0.0
2019-03-29,82.94923985468954,83.31684773785936,82.17316976543478,82.69599914550781,14523400,0.0,0.0
2019-04-01,83.44755753990619,85.51434379108194,83.4230511784367,85.4816665649414,17499300,0.0,0.0
2019-04-02,85.4489730810214,86.13518223432517,85.2284096372174,85.89010620117188,10295400,0.0,0.0
2019-04-03,86.43743180094421,86.88673576440287,85.60418454353433,86.06165313720703,11499200,0.0,0.0
2019-04-04,86.06166891254554,87.03300121877672,85.97934761250947,86.89305877685547,11952100,0.8,0.0
2019-04-05,87.0906100759087,87.34578848537211,86.42384406502268,86.687255859375,9933700,0.0,0.0
2019-04-08,86.52262399732828,86.96713256835938,86.3579939844571,86.96713256835938,8056300,0.0,0.0
2019-04-09,86.4979519421651,86.59672746271055,85.81472528396705,86.32508850097656,9092200,0.0,0.0
2019-04-10,86.53908118908036,87.02475038493978,85.99579714312056,86.71194458007812,10882300,0.0,0.0
2019-04-11,87.01654712320905,87.85617677611961,86.89307143540051,87.44459533691406,11183800,0.0,0.0
2019-04-12,90.08690469568607,92.07072302603017,89.62592943185236,91.54389953613281,25834100,0.0,0.0
2019-04-15,91.30521592146174,91.37107045246736,89.82352665523764,90.49851989746094,15163800,0.0,0.0
2019-04-16,90.46558401990505,91.69209471201438,90.43265675753682,91.45337677001953,11583200,0.0,0.0
2019-04-17,91.94728833870728,94.38385591471686,91.37931023964205,94.08751678466797,17791900,0.0,0.0
2019-04-18,94.27683343454298,94.6225602994561,93.28904059758156,93.39604949951172,12501900,0.0,0.0
2019-04-22,92.87743618711228,93.78291377665516,92.73750005459509,93.51126861572266,7975900,0.0,0.0
2019-04-23,93.01738722545264,94.14512241110533,92.8939115615846,93.62652587890625,9193100,0.0,0.0
2019-04-24,93.23142058392709,93.96403497427424,92.8609935553996,93.47013854980469,9245700,0.0,0.0
2019-04-25,93.02560444302333,93.9640092769502,92.60578977093014,93.51950073242188,9311800,0.0,0.0
2019-04-26,93.79937654904168,94.31797301076433,93.51127089265815,94.22742462158203,7889300,0.0,0.0
2019-04-29,94.33443685896746,96.44173747834265,94.21096120748247,95.58564758300781,14242200,0.0,0.0
2019-04-30,95.84082994932197,96.07954787732466,94.87773113237624,95.52803039550781,11389100,0.0,0.0
2019-05-01,95.25640221239644,96.310049613588,94.75427239147953,94.7954330444336,10412900,0.0,0.0
2019-05-02,94.80364188450274,95.30577160867158,94.31797893043635,95.00120544433594,8613300,0.0,0.0
2019-05-03,95.4868658057733,96.04661664963714,95.2152206285528,95.58564758300781,8185400,0.0,0.0
2019-05-06,93.98871060175709,95.05059116228819,93.61005654052029,94.73778533935547,9387000,0.0,0.0
2019-05-07,93.86525510014403,93.86525510014403,92.43295355577106,93.19026184082031,15017700,0.0,0.0
2019-05-08,92.73751074383838,93.56890053066846,92.57287443934268,92.69635009765625,9575800,0.0,0.0
2019-05-09,91.4863063572358,92.80336548426857,91.02533723283265,92.62226867675781,12205900,0.0,0.0
2019-05-10,91.98841599776387,92.88566017285042,90.99239005468213,92.61402130126953,13189000,0.0,0.0
2019-05-13,90.61373497544814,90.9183010994794,89.70825742685233,90.09513854980469,13783700,0.0,0.0
2019-05-14,90.17746971562046,91.96373113699683,90.13630907153131,90.8113021850586,10503600,0.0,0.0
2019-05-15,89.89759951719817,91.28874651778656,89.40370314333457,90.46558380126953,10142000,0.0,0.0
2019-05-16,91.05826556499657,92.33416405794293,91.0335654071279,91.6262435913086,9672700,0.0,0.0
2019-05-17,90.54789206717201,91.9884267136952,90.40795592305132,91.18172454833984,9570100,0.0,0.0
2019-05-20,91.0253470729266,92.03783383494091,90.85248363258842,91.6591796875,8518200,0.0,0.0
2019-05-21,91.73324406250244,92.1283586017941,91.55214728189694,91.97196197509766,7967900,0.0,0.0
2019-05-22,91.7003209787612,92.02135391163755,91.16526399722306,91.22288513183594,7918900,0.0,0.0
2019-05-23,90.25156085907996,90.37503652413996,88.48999312624134,89.42839813232422,14558000,0.0,0.0
2019-05-24,90.15277828698083,90.5149718932782,89.88113936249096,90.3091812133789,8537300,0.0,0.0
2019-05-28,89.88936361470171,90.40796013093615,89.26376448943313,89.3296127319336,11665500,0.0,0.0
2019-05-29,88.44883329673954,89.23084166253786,88.12780033275108,89.08267211914062,9966400,0.0,0.0
2019-05-30,89.4366319960509,89.8729072387258,87.69975813089493,88.12779998779297,10367800,0.0,0.0
2019-05-31,86.89304661389164,87.74090313162237,86.30036850590012,87.2223129272461,10952800,0.0,0.0
2019-06-03,87.09059662091865,87.96314687736322,86.6790153633155,87.63388061523438,11680700,0.0,0.0
2019-06-04,88.77809298526215,90.46557897621184,88.18541485614355,90.33386993408203,12858600,0.0,0.0
2019-06-05,90.43264844689838,90.8606902578827,89.42838901777331,90.65489959716797,8340500,0.0,0.0
2019-06-06,90.67137359724208,91.26405175219885,89.66711408803567,90.85247039794922,8726700,0.0,0.0
2019-06-07,90.30092465221334,90.56433640367115,89.69178615451057,89.8564224243164,10618900,0.0,0.0
2019-06-10,91.16524315601663,91.54389713694208,90.72896805365102,90.82774353027344,11380600,0.0,0.0
2019-06-11,91.2228930360471,91.84026508049253,90.85247232147312,91.10765075683594,9847700,0.0,0.0
2019-06-12,91.12411395099828,91.28875026920713,89.63419138255014,89.94699096679688,9670500,0.0,0.0
2019-06-13,90.10338071184687,90.67959832089474,89.7658872993214,90.16923522949219,8406900,0.0,0.0
2019-06-14,90.19392858200395,90.79484006163592,89.42015370472694,90.39971923828125,9077400,0.0,0.0
2019-06-17,90.30094495922569,90.85246873681334,89.77412133783717,89.90583038330078,8128600,0.0,0.0
2019-06-18,89.73296543473217,91.70855712122585,89.70827155918883,91.13233947753906,11057300,0.0,0.0
2019-06-19,91.22287532864829,91.85670774127556,90.30093099368571,90.47380065917969,13126500,0.0,0.0
2019-06-20,91.27227791922495,91.44514133260476,89.74942818020298,90.70429992675781,13638000,0.0,0.0
2019-06-21,90.70428599268658,91.92256308465817,89.79880213756064,90.0869140625,27089500,0.0,0.0
2019-06-24,89.95520387662712,90.35855177401794,89.34606533849359,89.4448471069336,13039600,0.0,0.0
2019-06-25,89.46132584432287,89.70827717568314,88.62992972765878,88.70401763916016,18660100,0.0,0.0
2019-06-26,89.14851474152394,89.97990447046504,89.0332724765176,89.29668426513672,10324600,0.0,0.0
2019-06-27,89.59302520751953,90.17747625082471,89.26376515187488,89.59302520751953,10906600,0.0,0.0
2019-06-28,91.40399657452153,92.54819234543714,91.28875428682022,92.02960205078125,21634700,0.0,0.0
2019-07-01,93.20671248692145,94.26858681144674,93.08323682958067,93.57713317871094,12724500,0.0,0.0
2019-07-02,93.43718542051256,94.00516332532975,93.19846752071263,93.6759033203125,10174900,0.0,0.0
2019-07-03,93.95779046371499,94.39716078929533,93.0624854330081,93.52671813964844,6849400,0.8,0.0
2019-07-05,94.09870615328222,94.72873433080824,93.60959850724231,94.08212280273438,7929400,0.0,0.0
2019-07-08,93.64275184972915,94.07383038586161,93.26141703680867,93.56814575195312,6917200,0.0,0.0
2019-07-09,93.07902982675533,94.08210733030393,92.97126336469763,93.96604919433594,8947300,0.0,0.0
2019-07-10,93.98264131572404,94.36397613017397,93.46037333041868,93.69248962402344,9242300,0.0,0.0
2019-07-11,93.98264723020614,94.8033459841551,93.77539962291736,94.58780670166016,11595200,0.0,0.0
2019-07-12,94.61267224864822,95.62404155045445,94.44687669822204,95.58259582519531,10783400,0.0,0.0
2019-07-15,95.78156388322662,95.80643258647116,94.11529119419025,94.4220199584961,12946600,0.0,0.0
2019-07-16,94.07383633416133,95.74839421197244,93.60959739476522,95.43338012695312,16945000,0.0,0.0
2019-07-17,94.86137800226217,95.28416490515386,94.28108721374043,94.49662017822266,13120900,0.0,0.0
2019-07-18,94.44688209071717,95.39193069643304,94.13186799704361,95.06033325195312,9397200,0.0,0.0
2019-07-19,95.24271682845344,95.433387423896,94.00752277006798,94.12358093261719,10402800,0.0,0.0
2019-07-22,93.601308134395,94.87794777149554,93.48524366087291,94.72872924804688,9061100,0.0,0.0
2019-07-23,95.23441045184592,96.53592506640788,95.18467305405836,96.46131896972656,12752200,0.0,0.0
2019-07-24,95.81471412491496,96.89239787456142,95.7649703989933,96.8509521484375,10011000,0.0,0.0
2019-07-25,96.90066351839272,97.19080882209576,95.59914916347337,95.92245483398438,10138400,0.0,0.0
2019-07-26,95.97220356356718,96.58566093497112,95.77324766390066,96.34525299072266,12800400,0.0,0.0
2019-07-29,96.5442053799697,97.14107938196048,95.98878342105364,96.03852081298828,8500400,0.0,0.0
2019-07-30,95.49139934105348,96.22920023808396,95.13493324166953,95.82299041748047,7121100,0.0,0.0
2019-07-31,96.24577771334313,96.31209845881726,95.2178314572716,96.16287994384766,13648000,0.0,0.0
2019-08-01,95.60748478851754,96.82610194897987,93.34433772984517,93.6261978149414,15664500,0.0,0.0
2019-08-02,93.17850270809208,94.03236162929457,92.3495124817295,93.61786651611328,11025500,0.0,0.0
2019-08-05,91.8438198659278,92.00133001899573,89.75476113726383,90.83245086669922,15855300,0.0,0.0
2019-08-06,91.23041128731508,91.60345449974336,89.81283190081744,91.54542541503906,10203500,0.0,0.0
2019-08-07,89.53096320912833,89.76307950920082,87.82324500885656,89.55583190917969,17320900,0.0,0.0
2019-08-08,90.40141099554754,91.25527014608727,90.12784262944398,91.07289123535156,10903300,0.0,0.0
2019-08-09,90.6500905811821,91.5619786718055,89.77136286245153,90.97339630126953,9980800,0.0,0.0
2019-08-12,89.89574355634129,89.95377264591401,88.87608232562444,89.26570892333984,9393700,0.0,0.0
2019-08-13,89.4895340000879,91.46253570367242,88.72686415527703,90.64183044433594,12124700,0.0,0.0
2019-08-14,88.12166684293426,88.62735140564507,86.58802980783445,86.87818145751953,19491800,0.0,0.0
2019-08-15,86.8947713938606,88.18799436298522,86.49685322852511,87.20978546142578,13365600,0.0,0.0
2019-08-16,88.17970765279425,89.5143826502167,87.76521246911508,89.29884338378906,11830600,0.0,0.0
2019-08-19,90.88221296398511,90.98169408634546,89.87913536445664,90.10296630859375,8265400,0.0,0.0
2019-08-20,89.40663241590565,89.89574014491176,88.90094765823486,88.95897674560547,8374000,0.0,0.0
2019-08-21,89.7050575040586,89.8874364184021,89.07502297942526,89.2076644897461,8189300,0.0,0.0
2019-08-22,89.83768515218361,90.5837713961816,89.47292737977972,90.1278305053711,9343400,0.0,0.0
2019-08-23,89.53095284030883,90.17756426553777,87.13517136750201,87.8895492553711,14762300,0.0,0.0
2019-08-26,88.38696016030615,88.69368256548267,87.88127550211817,88.59420776367188,8209500,0.0,0.0
2019-08-27,88.99210744520501,89.16619464925179,86.9113400211704,87.65743255615234,14331800,0.0,0.0
2019-08-28,87.11030656082771,88.87605371048302,87.07714618822034,88.53617095947266,10585500,0.0,0.0
2019-08-29,89.64700922265499,91.09774222640108,89.54752811122256,90.54232025146484,10002200,0.0,0.0
2019-08-30,91.05630788454184,91.65318201978774,90.74958546620924,91.07289123535156,10170300,0.0,0.0
2019-09-03,90.3433895650663,90.35167491647735,88.96726226734363,89.99520874023438,9868800,0.0,0.0
2019-09-04,90.73298838574753,91.37131447673146,89.99518750373855,91.08116912841797,6929200,0.0,0.0
2019-09-05,92.22516934953795,94.2727763686203,92.18371730534597,93.15364074707031,13224700,0.0,0.0
2019-09-06,93.3940521433814,93.65932879181747,92.81375512670026,93.35260009765625,7836600,0.0,0.0
2019-09-09,94.2644934587953,96.21261954775431,94.17330401285005,95.66548919677734,13985100,0.0,0.0
2019-09-10,96.41156244954246,97.21567762796155,95.93903829019821,96.88408660888672,14333100,0.0,0.0
2019-09-11,96.90068390388859,97.15766889484694,95.64890667349172,97.14938354492188,9919200,0.0,0.0
2019-09-12,96.61884168236897,98.21050186476626,96.09657363914508,97.74626922607422,12283500,0.0,0.0
2019-09-13,98.64985655304561,99.81044436566745,98.44260895524509,99.66951751708984,16257200,0.0,0.0
2019-09-16,98.56697716665599,99.37109900808308,98.1358985409836,98.78251647949219,11993900,0.0,0.0
2019-09-17,98.16906140492055,98.32657163651915,97.19085228308488,98.29341125488281,10735400,0.0,0.0
2019-09-18,98.08615130681753,99.54517629227969,97.61362699600303,99.27989959716797,10665600,0.0,0.0
2019-09-19,99.23014329969426,99.76069662271557,98.72445867545605,98.9648666381836,9382600,0.0,0.0
2019-09-20,99.26328906987906,99.76068194645093,98.54207161249262,98.56694030761719,21862800,0.0,0.0
2019-09-23,97.63848871317049,98.74933914271196,97.5555909377587,98.55037689208984,9135100,0.0,0.0
2019-09-24,98.44261442693579,98.86540132086294,97.02504153815133,97.26544952392578,11696500,0.0,0.0
2019-09-25,97.21570365704149,98.11930650262798,97.09136015394263,97.82086944580078,9389400,0.0,0.0
2019-09-26,97.72138710347235,97.86232027972352,96.95042577037142,97.0167465209961,9899200,0.0,0.0
2019-09-27,97.78770103048353,98.35141472206764,97.22398733889942,97.5887451171875,10207800,0.0,0.0
2019-09-30,98.11930296319937,98.4591857339007,97.1742544255687,97.56388092041016,9755000,0.0,0.0
2019-10-01,98.15246982793882,98.64986282936634,95.67379017146014,95.78984832763672,11250300,0.0,0.0
2019-10-02,95.17638646122933,95.25099888658892,93.61788677529353,93.88316345214844,12548700,0.0,0.0
2019-10-03,93.81631159280558,94.35112142370821,92.35395699944638,93.74946594238281,12735200,0.9,0.0
2019-10-04,93.8748151366579,96.04746156961305,93.81632120194669,95.78005981445312,9453100,0.0,0.0
2019-10-07,95.42072261329695,96.51539737457311,95.32044458063544,95.57113647460938,6771600,0.0,0.0
2019-10-08,94.4764579644794,94.4764579644794,93.3065794277035,93.44027709960938,10806300,0.0,0.0
2019-10-09,94.15056010526897,94.56002395887514,93.64918269052806,94.11713409423828,7273700,0.0,0.0
2019-10-10,94.54329871648386,96.4318267191195,94.42631087675379,95.43742370605469,10994100,0.0,0.0
2019-10-11,96.95828910149898,98.59612552199613,96.82459142194831,97.05020904541016,15076500,0.0,0.0
2019-10-14,96.8078952074393,97.66024279501046,96.64912957866551,97.30927276611328,8779000,0.0,0.0
2019-10-15,99.31475850616364,101.60438601681884,98.49584356912386,100.2423095703125,23379000,0.0,0.0
2019-10-16,100.24232228358835,100.79384195940068,99.75765463672788,100.00834655761719,11087700,0.0,0.0
2019-10-17,100.90247582889236,101.58769321511762,100.17547432903262,100.56822204589844,10818500,0.0,0.0
2019-10-18,100.27574667574567,101.12808771733098,100.15875881465278,100.74369812011719,10417400,0.0,0.0
2019-10-21,101.9887865253406,103.42606677788214,101.93864432005483,103.24223327636719,12714600,0.0,0.0
2019-10-22,103.15865526274081,104.53744783300309,102.88290184897575,104.27840423583984,12549100,0.0,0.0
2019-10-23,103.7853680739687,104.57922135242787,103.76030016392363,104.55415344238281,8828300,0.0,0.0
2019-10-24,104.69623165189334,105.00541748464073,103.67676058887974,104.47896575927734,8020500,0.0,0.0
2019-10-25,104.45388384190719,105.83267638369217,104.24497607422336,105.31458282470703,9055700,0.0,0.0
2019-10-28,105.7658188048906,106.30062215200292,105.62376306042363,105.71568298339844,9522200,0.0,0.0
2019-10-29,105.33965605101083,106.47611487457227,105.23938439769387,105.64884185791016,9797300,0.0,0.0
2019-10-30,105.33132081033159,105.50680260645167,104.3870534247934,105.06391906738281,8513700,0.0,0.0
2019-10-31,104.86336400186451,105.06392009255337,103.5012873565787,104.38705444335938,11589100,0.0,0.0
2019-11-01,105.45665562469227,106.95243624815829,105.30624175262977,106.79367065429688,11682600,0.0,0.0
2019-11-04,107.86328615185292,108.1473977242441,107.428754320082,107.64602661132812,9159900,0.0,0.0
2019-11-05,108.12231705407763,108.88274448231078,107.66271735840265,107.87998962402344,13747600,0.0,0.0
2019-11-06,107.53737599372866,108.49834672720145,107.44545605612277,108.04711151123047,11231100,0.0,0.0
2019-11-07,108.99137248953159,109.71001583943233,108.56520516312268,108.6320571899414,13528900,0.0,0.0
2019-11-08,108.53178461863938,108.96630366325148,108.00533288103904,108.94960021972656,9293400,0.0,0.0
2019-11-11,108.29780545984195,108.71562104764887,108.08889766593849,108.56520080566406,8679000,0.0,0.0
2019-11-12,108.32286237882066,109.15012899823894,107.80476243204473,107.93011474609375,9099000,0.0,0.0
2019-11-13,107.06942182284855,107.64600934834884,106.47611810438207,107.36188507080078,8023300,0.0,0.0
2019-11-14,106.72680637558372,107.66270913843378,106.61817025106761,107.46216583251953,8483400,0.0,0.0
2019-11-15,107.98861930139564,108.23931121826172,107.29504385671176,108.23931121826172,10163600,0.0,0.0
2019-11-18,108.26435672391149,109.17519150761684,107.78805365611026,109.1501235961914,8749300,0.0,0.0
2019-11-19,109.45934160768631,109.67660114159298,108.78246958717834,109.11672973632812,8824500,0.0,0.0
2019-11-20,108.88272434110127,109.15011963684566,107.74626564507331,108.3228530883789,11782800,0.0,0.0
2019-11-21,108.63203239612679,109.23368774945503,108.12229696485473,108.57353210449219,7705500,0.0,0.0
2019-11-22,108.75737954324975,109.65151091575426,108.71560818998519,109.29218292236328,8167900,0.0,0.0
2019-11-25,109.67658779477958,110.3618114541094,109.3590438794102,109.87714385986328,10068500,0.0,0.0
2019-11-26,110.15291734019743,110.15291734019743,108.93289010659859,110.0275650024414,10490700,0.0,0.0
2019-11-27,110.54563091090174,110.66261875307626,110.0108275251441,110.35343933105469,6607900,0.0,0.0
2019-11-29,110.19466498376687,110.64591290140847,109.8437014648891,110.10274505615234,5712000,0.0,0.0
2019-12-02,110.5623779937934,110.92170609204418,109.76017906638315,109.8604507446289,8615600,0.0,0.0
2019-12-03,108.43986757733052,108.59863955010633,107.45381610201159,108.4482192993164,10361300,0.0,0.0
2019-12-04,108.94960280658171,110.69606900042069,108.62370714002458,110.58743286132812,10318200,0.0,0.0
2019-12-05,110.87152775838747,111.39797942938922,110.45371221015589,111.18907165527344,9587400,0.0,0.0
2019-12-06,112.55118749859282,113.46202260123586,112.51775510450696,112.8436508178711,10170600,0.0,0.0
2019-12-09,112.50103196075393,113.19460738329252,112.31719207763672,112.31719207763672,8498200,0.0,0.0
2019-12-10,111.34784847387151,112.61801136625138,111.03866903488715,112.39238739013672,7532900,0.0,0.0
2019-12-11,112.21688940902762,112.8269092631921,111.98291373234356,112.12496948242188,9011900,0.0,0.0
2019-12-12,112.38403954705807,115.70984800100751,112.15006384179848,115.33381652832031,13717400,0.0,0.0
2019-12-13,115.27530415642941,116.0106635820872,113.82966596800516,114.32268524169922,10592100,0.0,0.0
2019-12-16,115.6346581354535,116.01904137563501,114.74889103769827,114.76559448242188,11372000,0.0,0.0
2019-12-17,115.09148254516086,115.8769779196872,114.6736669417507,115.46751403808594,11546800,0.0,0.0
2019-12-18,115.44246775052794,116.16947570715917,115.08315238462185,115.35054779052734,10381500,0.0,0.0
2019-12-19,115.11653246132356,115.50092836667248,114.56502564160493,114.77393341064453,9350400,0.0,0.0
2019-12-20,115.33383638128922,116.05247981420996,114.39792064842759,114.68204498291016,29992600,0.0,0.0
2019-12-23,114.98285784663105,115.241901477674,114.38120236452862,114.64859771728516,9738400,0.0,0.0
2019-12-24,114.75723294939445,115.00792485674951,114.53160895770289,114.96614074707031,3324300,0.0,0.0
2019-12-26,115.22520157291007,116.2363210748831,115.13328161818525,116.18617248535156,6770900,0.0,0.0
2019-12-27,116.40341839579426,116.79616604505104,115.87696670621196,116.26971435546875,7868200,0.0,0.0
2019-12-30,116.90480172628888,117.05522197516802,115.70985521073757,115.84355926513672,6963000,0.0,0.0
2019-12-31,115.74325783312173,116.55382101151204,115.55941797303,116.48696899414062,7201600,0.0,0.0
2020-01-02,116.81289247061584,117.90758017160772,116.37000890677704,117.89921569824219,10803700,0.0,0.0
2020-01-03,115.63691989521577,117.09183900332123,115.28370320708147,116.34335327148438,10386800,0.9,0.0
2020-01-06,114.84640047879925,116.28450914453764,114.79594277694515,116.25086212158203,10259000,0.0,0.0
2020-01-07,115.45189452188825,115.9396735925239,114.22404792388873,114.27450561523438,10531300,0.0,0.0
2020-01-08,114.12313797056154,115.70421432613709,114.039046082388,115.16597747802734,9695300,0.0,0.0
2020-01-09,116.0994642123773,116.25083728560006,115.25005030403882,115.58645629882812,9469000,0.0,0.0
2020-01-10,115.39303027749644,115.42666446051375,114.21562855066661,114.43429565429688,10190900,0.0,0.0
2020-01-13,114.53521953211117,115.3846206665039,114.1735846668225,115.3846206665039,12355200,0.0,0.0
2020-01-14,116.0069600949513,118.37856152464782,115.7967111496821,116.73021697998047,24906000,0.0,0.0
2020-01-15,115.93127109131107,116.56201791371738,114.5015680277952,114.98094177246094,16293400,0.0,0.0
2020-01-16,115.59488576416263,115.97333135878759,115.08187774353523,115.42668914794922,10783800,0.0,0.0
2020-01-17,115.67057892870697,116.30132589999737,115.48557162310203,116.22563934326172,14697700,0.0,0.0
2020-01-21,115.37620177163151,116.11628209171722,114.95570392296025,115.08184814453125,8474200,0.0,0.0
2020-01-22,115.41827221567603,115.55282179558475,114.6950152892826,114.94730377197266,7549100,0.0,0.0
2020-01-23,114.13155169733747,114.99777639051999,113.29896119159876,114.8295669555664,9345700,0.0,0.0
2020-01-24,114.68659175957201,114.73704945375246,111.28056907661808,111.97858428955078,15166400,0.0,0.0
2020-01-27,109.55653403823759,111.80199143966892,109.08557841086929,111.03668212890625,12860500,0.0,0.0
2020-01-28,111.71787353408547,113.50919860699318,111.41511454757398,113.0550537109375,13062800,0.0,0.0
2020-01-29,113.37463515465771,113.98855845985048,112.432724019833,112.88685607910156,9326000,0.0,0.0
2020-01-30,111.59175169420054,114.48477973855802,111.59175169420054,114.2829360961914,9048900,0.0,0.0
2020-01-31,113.10551871099314,113.39145417523781,110.56570805001824,111.31419372558594,12785200,0.0,0.0
2020-02-03,111.56648973235298,112.89526444360989,111.56648973235298,112.16358947753906,10021100,0.0,0.0
2020-02-04,113.99700272949141,114.8800510368493,113.60173360936533,113.77833557128906,9157100,0.0,0.0
2020-02-05,114.85482458459063,115.8303701468547,114.38385606693558,115.71263122558594,10150700,0.0,0.0
2020-02-06,116.25927027068721,116.30130979688845,115.30894085910028,115.72943878173828,8992300,0.0,0.0
2020-02-07,114.98935766519374,115.77989580838515,114.6277356134579,115.3593978881836,6379800,0.0,0.0
2020-02-10,115.17439688317498,115.93130096464881,115.00620025370753,115.83879089355469,5960700,0.0,0.0
2020-02-11,116.2760501772383,116.74701850532311,115.8723758714547,116.0573959350586,6578600,0.0,0.0
2020-02-12,116.56199844171921,117.14227464203167,115.88919937703,116.0573959350586,7958000,0.0,0.0
2020-02-13,115.84717888373132,116.34336335775208,114.71182934784672,115.95651245117188,7447500,0.0,0.0
2020-02-14,115.92285641666807,116.2172100756985,115.16596533998602,115.60328674316406,6627600,0.0,0.0
2020-02-18,115.50237572873324,115.8135529430127,113.57650073234505,114.07268524169922,8996400,0.0,0.0
2020-02-19,115.14073804701536,116.38540823777687,114.66136428142313,115.6285171508789,7071200,0.0,0.0
2020-02-20,115.35939233526695,116.36017939038544,114.82115553662055,115.6285171508789,7422800,0.0,0.0
2020-02-21,114.83796337498717,115.14912767207178,113.46713630175363,114.21562194824219,9772800,0.0,0.0
2020-02-24,110.54048574388102,112.02063367509348,110.00224896593313,111.14600372314453,13618400,0.0,0.0
2020-02-25,110.17043804845336,111.20485917899309,105.62064817594705,106.18412017822266,20797200,0.0,0.0
2020-02-26,106.74757449775747,108.44638283008643,106.25138374458392,106.5036849975586,24825600,0.0,0.0
2020-02-27,103.36677403058931,105.64587137532517,102.01277057830055,102.07164001464844,23005500,0.0,0.0
2020-02-28,98.83384945267316,99.64961661872455,94.74661469823536,97.6480484008789,45931400,0.0,0.0
2020-03-02,98.08535298719396,102.24828668966812,96.26039335935405,102.19782257080078,27355400,0.0,0.0
2020-03-03,101.73527215158519,103.40044039302923,97.75735883473226,98.36287689208984,32547700,0.0,0.0
2020-03-04,99.51505443036163,101.07930744409786,96.46223496018766,100.79336547851562,25795900,0.0,0.0
2020-03-05,97.27797974052766,97.9171383259977,94.67930587596517,95.8482894897461,25025600,0.0,0.0
2020-03-06,89.36418667327652,92.77862646647424,88.32134759799648,90.8947982788086,38159400,0.0,0.0
2020-03-09,81.2149637625565,83.45201565972098,78.21260902750697,78.58264923095703,40352000,0.0,0.0
2020-03-10,83.25857284102145,85.17604197681466,79.54137345206877,84.68826293945312,31102700,0.0,0.0
2020-03-11,82.16528085762313,84.14162597066118,79.51614942170762,80.70195007324219,38127000,0.0,0.0
2020-03-12,75.34481050041656,81.5429518446184,72.59475706275796,74.0496826171875,49725200,0.0,0.0
2020-03-13,80.72720076719722,87.45516847748023,77.37162866825476,87.38789367675781,38543300,0.0,0.0
2020-03-16,71.65282223492314,79.03676895977605,71.10618023038325,74.31037139892578,38589700,0.0,0.0
2020-03-17,76.43810082695923,81.94662538465855,73.5871258364281,78.85176086425781,35239800,0.0,0.0
2020-03-18,73.73009507665574,76.35400409854968,67.58241826289995,70.55113220214844,41525600,0.0,0.0
2020-03-19,68.5916025255694,74.10012654857067,64.68097792231531,71.73693084716797,32175100,0.0,0.0
2020-03-20,72.57795883354753,75.235502910794,69.36535430526219,70.2231674194336,30150800,0.0,0.0
2020-03-23,69.53354965222746,70.43341511707158,65.67337466934029,66.46391296386719,32536600,0.0,0.0
2020-03-24,71.40054839444535,75.77372421400952,69.71855670749157,74.3692626953125,34363200,0.0,0.0
2020-03-25,75.05046237551932,80.02075056579275,71.09778473575086,77.14454650878906,38111700,0.0,0.0
2020-03-26,79.12089979300997,82.89696977744819,78.66676121420448,82.51852416992188,29826300,0.0,0.0
2020-03-27,78.37238611475084,79.76002379427084,76.15215812797376,76.63993072509766,30041500,0.0,0.0
2020-03-30,76.23625842224929,79.12927915082427,75.1009155561672,78.63309478759766,21656900,0.0,0.0
2020-03-31,77.41365089930203,79.19655754209593,75.13454707826122,75.71483612060547,23379300,0.0,0.0
2020-04-01,71.56876166414808,72.79661511162227,70.0129202746365,70.94642639160156,28029600,0.0,0.0
2020-04-02,70.23155976927791,73.93194250481626,69.76900952122737,73.59554290771484,24018000,0.0,0.0
2020-04-03,73.07719204161137,74.3348023850633,70.33254581359178,71.42021179199219,21199400,0.9,0.0
2020-04-06,75.61790415303626,77.31737389049589,74.5217453944193,76.01728057861328,26820800,0.0,0.0
2020-04-07,80.25744587262857,80.29993520401645,76.79902564220791,77.01995849609375,22563800,0.0,0.0
2020-04-08,78.2605841845811,80.60585435950712,76.94349895931195,80.1300048828125,22903300,0.0,0.0
2020-04-09,82.35630834153528,88.70382934304715,82.33081733076023,87.31876373291016,42055900,0.0,0.0
2020-04-13,87.61618069013726,87.61618069013726,82.67922217117957,83.43548583984375,26911900,0.0,0.0
2020-04-14,85.84023092013322,86.67297411214618,79.56918865647435,81.14969635009766,46151300,0.0,0.0
2020-04-15,77.4533354949099,78.2010998543458,76.58660228812296,77.14743041992188,30118600,0.0,0.0
2020-04-16,76.67156846922602,76.9604751691044,73.9694117357728,74.20733642578125,32449600,0.0,0.0
2020-04-17,78.17561218115637,81.3196287735177,77.29188709158774,80.87776947021484,30191900,0.0,0.0
2020-04-20,78.57499966005659,80.47840432168444,76.86703042586065,77.92919921875,23679400,0.0,0.0
2020-04-21,75.30351325002633,77.64877703330393,75.05708933772539,75.66889953613281,23035000,0.0,0.0
2020-04-22,77.06244554580451,78.06513279703039,75.77934427482936,75.91529846191406,16662400,0.0,0.0
2020-04-23,76.25521539505937,77.56380804401839,75.84734623455678,75.95780944824219,16638800,0.0,0.0
2020-04-24,77.01998657758466,77.41086393361245,75.19305487215604,77.0794677734375,15809200,0.0,0.0
2020-04-27,78.12463418446119,81.26015177393153,77.78473890435794,80.40192413330078,22870200,0.0,0.0
2020-04-28,83.11256621950128,83.57992299489393,80.75030429943496,80.97123718261719,20238900,0.0,0.0
2020-04-29,84.19175290345144,84.5061507325396,82.65372800715686,83.15507507324219,20462600,0.0,0.0
2020-04-30,81.23466764019584,82.28833726305821,80.34244974771859,81.3706283569336,19127600,0.0,0.0
2020-05-01,79.45021908021165,79.65415365620386,78.03965592910423,79.23778533935547,18547700,0.0,0.0
2020-05-04,78.19260802336623,78.74493704294645,77.15593681975562,78.2945785522461,15725900,0.0,0.0
2020-05-05,79.5776773316029,80.05352681690104,78.09064120708322,78.17561340332031,18064100,0.0,0.0
2020-05-06,78.3115635390037,78.82140313060907,76.41665205203188,76.70555877685547,20978000,0.0,0.0
2020-05-07,77.61478143870819,78.94887143446024,76.96898759255473,77.50431823730469,16771900,0.0,0.0
2020-05-08,78.85541784213191,79.9430777048431,78.26909856368496,78.77043914794922,20487800,0.0,0.0
2020-05-11,77.4193503826359,77.4193503826359,75.90682323685743,76.45065307617188,31907600,0.0,0.0
2020-05-12,76.60360606940445,77.14743591188332,73.84196751686271,73.95243072509766,27962900,0.0,0.0
2020-05-13,73.4001124929258,73.80798817614149,70.86790563271836,71.40323638916016,35451600,0.0,0.0
2020-05-14,70.2900807893816,74.8701519567196,70.01816584656434,74.36880493164062,35152500,0.0,0.0
2020-05-15,73.79946345564994,74.16484966595822,72.48237845232426,72.99221801757812,26099000,0.0,0.0
2020-05-18,75.36299172438211,77.45333883839399,74.67470203446585,76.8585205078125,30504400,0.0,0.0
2020-05-19,76.5186313688837,77.49582133067612,75.27801269316544,75.34599304199219,19597300,0.0,0.0
2020-05-20,77.07943957885932,78.50699424011196,76.79053287124191,77.60627746582031,20552400,0.0,0.0
2020-05-21,76.70557767445808,77.9716875264744,76.19573795724584,76.62060546875,14621400,0.0,0.0
2020-05-22,76.48465268196388,76.78205864904578,75.3884937036073,76.02579498291016,13557900,0.0,0.0
2020-05-26,78.93186935344762,82.84914751349177,78.69394463375978,81.42159271240234,41233900,0.0,0.0
2020-05-27,86.73243846750816,87.16580506916546,83.95380827762195,86.13762664794922,39402000,0.0,0.0
2020-05-28,87.47171546571698,87.48020814725417,84.46365304598235,84.85453033447266,24713900,0.0,0.0
2020-05-29,83.83484562844505,84.27670490961923,82.23733991912954,82.68769836425781,26526400,0.0,0.0
2020-06-01,83.06158588961256,84.55712111830216,82.74718164496176,83.78385925292969,15176800,0.0,0.0
2020-06-02,85.21141851826837,85.33038089091349,83.214542711196,84.06427764892578,21195000,0.0,0.0
2020-06-03,86.31607744801146,89.15418905837475,85.87421164523576,88.60186004638672,25941100,0.0,0.0
2020-06-04,88.2194554087682,90.59021597591601,87.34422971383115,90.44576263427734,26784700,0.0,0.0
2020-06-05,97.6600384632207,98.37381271232482,93.07146841781511,94.51602172851562,42231000,0.0,0.0
2020-06-08,96.36842872687076,97.03122084698803,95.11931750835952,96.40241241455078,24881800,0.0,0.0
2020-06-09,94.02317412253099,94.85591074846037,92.62960931415007,93.92970275878906,17031100,0.0,0.0
2020-06-10,93.86169789389979,93.90418722376369,89.94442025343368,90.12286376953125,24913300,0.0,0.0
2020-06-11,84.99899768493361,86.31608963150744,82.03342411737333,82.60274505615234,36259200,0.0,0.0
2020-06-12,85.5768190938549,85.93370627139757,82.7047168584963,84.86304473876953,24856800,0.0,0.0
2020-06-15,81.93141681521924,86.18858940455499,81.4640666279982,86.03563690185547,22153600,0.0,0.0
2020-06-16,89.5365647914436,89.79998052425869,84.38716711651189,86.72393798828125,22193600,0.0,0.0
2020-06-17,87.12331904841014,87.13181821271667,84.30219941419045,84.53163146972656,15639800,0.0,0.0
2020-06-18,83.84332951369105,85.41533756622975,83.38447195274601,84.07276153564453,16591900,0.0,0.0
2020-06-19,85.42387529586114,85.4833564982288,82.1948855512432,83.11259460449219,40371200,0.0,0.0
2020-06-22,82.63673582249525,83.23154778021703,82.03342469881628,82.21186828613281,16216900,0.0,0.0
2020-06-23,84.09827135389673,84.94800632728891,83.14656584983071,83.21454620361328,15381400,0.0,0.0
2020-06-24,82.21186380878446,82.28833684934212,80.13850826970445,80.43592071533203,22919800,0.0,0.0
2020-06-25,80.17249228255838,83.45246975101551,80.09601924788235,83.24003601074219,25743600,0.0,0.0
2020-06-26,80.81829188851349,81.03922479149597,78.1756156663719,78.67695617675781,41896300,0.0,0.0
2020-06-29,79.3652324393543,80.29144026913433,78.32855493533337,79.02533721923828,18499700,0.0,0.0
2020-06-30,78.88089322905049,80.43590966982472,78.65996033728295,79.92606353759766,19137000,0.0,0.0
2020-07-01,80.6313423782995,81.32812472173669,79.05083498024102,79.24627685546875,18755700,0.0,0.0
2020-07-02,81.28835149086632,81.47711586663345,78.87733107307088,79.5036849975586,27845600,0.9,0.0
2020-07-06,81.02236810547336,81.68303686807937,80.20725635930368,81.51143646240234,18625300,0.0,0.0
2020-07-07,80.49898258747062,80.7392257864948,78.93739524767723,79.21195983886719,25757200,0.0,0.0
2020-07-08,79.1862362338775,80.08714841000642,78.765810551684,80.0528335571289,18762200,0.0,0.0
2020-07-09,80.24157805597581,80.75639240924258,77.89061825752749,78.31962585449219,25600800,0.0,0.0
2020-07-10,78.93739799042676,83.09018839473416,78.82585837161463,82.60111999511719,28954200,0.0,0.0
2020-07-13,84.71180619880798,85.17512844177566,82.56676914526525,83.78514862060547,32079200,0.0,0.0
2020-07-14,84.40294106485995,85.75859984052443,82.91857217901736,84.26565551757812,42731700,0.0,0.0
2020-07-15,86.56514119921198,86.90834854163525,84.64318924623142,85.5698471069336,22508400,0.0,0.0
2020-07-16,84.75474276448205,86.84830200543881,84.55740292883317,85.81010437011719,16886900,0.0,0.0
2020-07-17,85.801530977548,85.870173773403,84.20562197767462,84.22278594970703,16137700,0.0,0.0
2020-07-20,83.59642579495822,84.4201196467182,83.45056477400983,83.4848861694336,14458100,0.0,0.0
2020-07-21,83.83665092344499,85.84440957253842,83.77659013094971,85.29528045654297,17798100,0.0,0.0
2020-07-22,85.50121454449867,85.91305816770324,83.68221999462538,84.67752075195312,14271200,0.0,0.0
2020-07-23,84.51448047162575,85.24379193804218,84.05973355301792,84.92633056640625,12870200,0.0,0.0
2020-07-24,85.45831685795419,85.62992383416474,84.03401495915897,84.32573699951172,12744200,0.0,0.0
2020-07-27,83.66505999779919,83.76801762736532,82.51531628060009,83.14167022705078,11959100,0.0,0.0
2020-07-28,82.7984799928692,83.9911207872102,82.7984799928692,83.5020523071289,11754300,0.0,0.0
2020-07-29,83.28753447474641,85.55269405927227,83.22747367311642,85.5269546508789,12743500,0.0,0.0
2020-07-30,83.69080046044958,83.86240087598095,82.41235969017293,83.24462890625,14834800,0.0,0.0
2020-07-31,82.78130770571838,83.16741191947195,81.72594615071623,82.91858673095703,14535000,0.0,0.0
2020-08-03,83.24464906568323,83.71656014188204,82.24077264482887,82.45527648925781,12962800,0.0,0.0
2020-08-04,82.29223864809283,82.3265534945228,81.53718110390777,81.98335266113281,13366200,0.0,0.0
2020-08-05,82.25793919674378,84.48877793950687,82.1292355768244,83.40767669677734,15260900,0.0,0.0
2020-08-06,83.72512395483334,84.17128897409835,82.8327873701669,83.43339538574219,10482100,0.0,0.0
2020-08-07,83.16740448810634,85.3639210647473,82.84993654227105,85.26953887939453,14743700,0.0,0.0
2020-08-10,85.89590756500658,87.55187726636599,85.827264773643,86.35065460205078,14989900,0.0,0.0
2020-08-11,89.11345347140984,91.08689092309893,88.81314947992743,89.07913208007812,31518600,0.0,0.0
2020-08-12,91.08689124455915,91.31855245419571,87.26871990866593,88.32408142089844,19240800,0.0,0.0
2020-08-13,87.51755397906415,88.68445522247593,87.20866797074122,87.83502197265625,13598600,0.0,0.0
2020-08-14,87.08854202208673,88.64154742545092,87.01989923562712,87.86933898925781,12134400,0.0,0.0
2020-08-17,87.08854424708373,87.51755185421223,85.39825322761563,85.55269622802734,14988000,0.0,0.0
2020-08-18,85.72430933787064,85.72430933787064,84.18846120882155,84.36006164550781,13246500,0.0,0.0
2020-08-19,84.87486501013638,86.30774887366344,84.37721460548995,84.55740356445312,13533000,0.0,0.0
2020-08-20,83.45056256480103,84.11123140734226,83.05587634708156,83.5449447631836,13672600,0.0,0.0
2020-08-21,83.45914892183822,84.574571478021,83.17600883578721,83.5020523071289,12228300,0.0,0.0
2020-08-24,84.47159936915277,85.98170805324621,83.5878447024947,85.8530044555664,17898300,0.0,0.0
2020-08-25,86.89119093774978,87.50038745188773,85.62991417213621,86.23052215576172,13648900,0.0,0.0
2020-08-26,85.75004727365462,86.03318733470255,84.98641421510409,85.0207290649414,12052400,0.0,0.0
2020-08-27,84.94349879789513,88.07525536583262,84.94349879789513,87.8178482055664,22163900,0.0,0.0
2020-08-28,88.49567533549207,88.59005751852469,87.35451370146903,88.17820739746094,13756700,0.0,0.0
2020-08-31,87.62051582497645,87.67199464294387,85.81867864247798,85.96454620361328,14219400,0.0,0.0
2020-09-01,85.41543543460385,86.54801549739234,84.97784574898571,85.92166137695312,11595600,0.0,0.0
2020-09-02,85.75861723122568,87.46607220458269,85.42399182453767,87.21724700927734,14475700,0.0,0.0
2020-09-03,88.65012874592067,90.08301253531029,86.35064778584821,86.94268035888672,23281200,0.0,0.0
2020-09-04,89.27646979005725,90.27176385765799,86.97698916281158,88.82171630859375,26325500,0.0,0.0
2020-09-08,88.35841853937335,88.86464442460029,85.3553649871617,85.7328872680664,22108600,0.0,0.0
2020-09-09,86.48793571818896,87.2515687307953,85.42399214541042,86.5479965209961,13434000,0.0,0.0
2020-09-10,87.00274619459843,87.87791885456531,85.49263754710171,85.6556625366211,15922800,0.0,0.0
2020-09-11,85.7757738962937,86.96841440751318,85.44972395621566,86.71958923339844,13784300,0.0,0.0
2020-09-14,87.09712074589434,88.7702476898505,86.97699914715575,87.92081451416016,19017400,0.0,0.0
2020-09-15,88.14391054203219,88.24686818370681,85.06363235457347,85.18375396728516,23683000,0.0,0.0
2020-09-16,85.31245954329883,86.77108290069103,84.73759087683202,85.54412078857422,19270600,0.0,0.0
2020-09-17,84.68608533199436,85.23521445661443,83.83665224018137,84.56596374511719,18290100,0.0,0.0
2020-09-18,83.99110937752566,85.36393242055033,83.60500514690945,84.38579559326172,20121600,0.0,0.0
2020-09-21,81.68303785584087,82.41235595412725,80.49897933162494,81.77742004394531,28378800,0.0,0.0
2020-09-22,81.47714166903083,82.07775637723383,80.37030101653563,80.8851089477539,19257000,0.0,0.0
2020-09-23,81.32267842828773,81.81174682334387,79.50369042021616,79.57232666015625,19952700,0.0,0.0
2020-09-24,79.21195644969957,80.91082928546795,78.40542013365301,79.5036849975586,18366500,0.0,0.0
2020-09-25,78.98029712189489,80.41318085034146,78.82585413315516,80.19867706298828,13293100,0.0,0.0
2020-09-28,81.56291489019132,83.16740551486109,80.95372494293447,82.5067367553711,20894100,0.0,0.0
2020-09-29,82.39520294790844,82.39520294790844,80.93657964954558,81.81175231933594,12848200,0.0,0.0
2020-09-30,81.81174758628566,83.3990743888224,81.73452936083183,82.60111999511719,16400600,0.0,0.0
2020-10-01,83.33043240048289,83.88813700221205,82.39519249785315,83.20172882080078,15778700,0.0,0.0
2020-10-02,81.72594461008097,84.59171212407911,81.58865904129398,83.99110412597656,15149600,0.0,0.0
2020-10-05,85.14284539047117,85.94820414191999,84.45872287198202,85.76634979248047,13871900,0.9,0.0
2020-10-06,86.65831979700901,87.34244243302857,84.44142074845577,84.88306427001953,19220400,0.0,0.0
2020-10-07,85.69707045154912,86.90077777495594,85.44593636586924,86.36387634277344,16358500,0.0,0.0
2020-10-08,87.03934939426283,88.26037351850523,86.51110290011651,88.1391372680664,15659000,0.0,0.0
2020-10-09,88.32964790343176,88.4249058954074,86.69295201494796,87.6368637084961,13689100,0.0,0.0
2020-10-12,87.55027311785902,89.19563073433442,87.33377886850383,88.71068572998047,16058000,0.0,0.0
2020-10-13,89.1956328794053,89.38614888052042,86.82285769933596,87.27316284179688,21697300,0.0,0.0
2020-10-14,87.48965489009663,88.26903550824073,86.6842960191611,86.78821563720703,15204100,0.0,0.0
2020-10-15,85.81832641616788,88.13914523076217,85.76636990610885,88.08718872070312,17171200,0.0,0.0
2020-10-16,87.81873808678904,88.61543540777653,87.22121179260806,87.90533447265625,13275000,0.0,0.0
2020-10-19,87.983261775152,88.21707926472993,86.21666790440398,86.42450714111328,11725700,0.0,0.0
2020-10-20,86.86616584557996,88.13049169238417,86.70163467967728,86.91812896728516,11257100,0.0,0.0
2020-10-21,86.90945468634767,87.45501783317377,86.0174994084293,86.05213928222656,10730500,0.0,0.0
2020-10-22,86.00883689152974,89.40346520570483,86.00017527145063,89.09171295166016,14837200,0.0,0.0
2020-10-23,89.62861347124304,90.45128892315472,89.13500687872008,89.89706420898438,15087600,0.0,0.0
2020-10-26,88.89253951865194,88.93583440410852,86.81419341721296,87.6715087890625,12410700,0.0,0.0
2020-10-27,87.03935501277253,87.39440216715352,85.87028731843039,86.01750183105469,10391700,0.0,0.0
2020-10-28,84.43275464052346,85.12553885981308,83.19440730818725,83.6014175415039,16389500,0.0,0.0
2020-10-29,83.23773107541261,84.84844920047064,82.47566690887574,84.14700317382812,14208800,0.0,0.0
2020-10-30,84.78781598717568,85.22945952494229,83.33297428146784,84.900390625,15194500,0.0,0.0
2020-11-02,86.06946054547956,87.35976453115316,84.74451668414535,86.81420135498047,15011600,0.0,0.0
2020-11-03,89.21295257024462,90.70243414977715,88.92718516565847,89.55068969726562,17482600,0.0,0.0
2020-11-04,87.46368415813494,88.39027935969341,85.67111188570384,86.81420135498047,18886500,0.0,0.0
2020-11-05,87.51563514131313,91.0141830795205,87.4636786345438,90.36470031738281,17837400,0.0,0.0
2020-11-06,90.95356769670464,91.01418582539111,88.66738883355703,89.16099548339844,12552800,0.0,0.0
2020-11-09,97.99396707375949,102.96467353772564,95.56056704762446,101.23271942138672,47792400,0.0,0.0
2020-11-10,101.62239558472504,101.70899195990305,99.31890029196661,100.90363311767578,20539300,0.0,0.0
2020-11-11,101.22404725812753,101.28466538161064,98.68673447768357,99.39683532714844,14443400,0.0,0.0
2020-11-12,97.44840282070679,98.68675034833637,97.04139252320265,98.17582702636719,22063000,0.0,0.0
2020-11-13,99.32757389295408,99.46613340467302,98.34902211724342,98.7906723022461,11847900,0.0,0.0
2020-11-16,102.00342842928868,102.71352928278154,100.21951797934123,101.5791015625,19858600,0.0,0.0
2020-11-17,99.92508710665268,100.83436561401146,99.22364783958638,100.54859161376953,14553200,0.0,0.0
2020-11-18,101.61373700746567,102.71353148648197,99.76054677427615,99.80384826660156,12571200,0.0,0.0
2020-11-19,98.87723523061761,100.2974367106923,98.34032721473419,100.07228088378906,10202500,0.0,0.0
2020-11-20,99.0937600721293,100.15025319394739,98.79932442179397,99.21499633789062,12718900,0.0,0.0
2020-11-23,100.49661528098218,102.33248195988725,100.080943489282,102.07269287109375,13209200,0.0,0.0
2020-11-24,103.9778568879945,106.94815822691189,103.66610464315512,106.79228210449219,20121600,0.0,0.0
2020-11-25,105.10361434507846,105.97824622062336,104.32423384622928,105.67515563964844,11715600,0.0,0.0
2020-11-27,105.64919299107761,105.95228361680714,104.8524957443371,104.9737319946289,5983600,0.0,0.0
2020-11-30,103.91723336453136,104.5407378218193,101.98610187081339,102.08135986328125,14411800,0.0,0.0
2020-12-01,104.21167015042975,105.28548639914811,103.59682726651923,103.69208526611328,12668900,0.0,0.0
2020-12-02,103.65745568111767,105.91765642876005,103.28508526580431,105.68384552001953,10811300,0.0,0.0
2020-12-03,105.51929722425014,105.55393709743544,104.22899333077913,104.99105072021484,12904400,0.0,0.0
2020-12-04,106.06486926602376,106.7663085443007,105.38074662127448,105.9436264038086,13583700,0.0,0.0
2020-12-07,104.91310574261266,105.79639929872769,104.09908531924104,105.5452651977539,9724300,0.0,0.0
2020-12-08,104.81785569224768,105.93496680249112,104.5753831920795,105.6491928100586,9592100,0.0,0.0
2020-12-09,106.66237438863297,106.77495561530375,104.29826112485965,104.82650756835938,13073900,0.0,0.0
2020-12-10,103.90859709454357,104.5927198405832,103.53622665320253,104.15106964111328,13668400,0.0,0.0
2020-12-11,102.99929999930983,103.93455007910623,102.5056934047107,103.53620147705078,9981600,0.0,0.0
2020-12-14,105.0776557577521,105.1469355098311,102.2805534880912,102.4450912475586,12112400,0.0,0.0
2020-12-15,103.30240351756959,104.69662710242683,102.72220047730444,104.1943588256836,12590200,0.0,0.0
2020-12-16,104.1770368877139,104.85249789803675,103.7960048893245,104.49744415283203,11169400,0.0,0.0
2020-12-17,105.00837664159565,105.17290778482672,103.55353496506574,103.6314697265625,11618000,0.0,0.0
2020-12-18,103.17251620671964,103.81333744210511,102.41911371442934,103.12055969238281,28954800,0.0,0.0
2020-12-21,106.66237200198472,108.2471112970242,104.8611384843512,106.99144744873047,28323600,0.0,0.0
2020-12-22,106.85290005605422,106.96547468605456,105.31146207400603,105.36341857910156,11788200,0.0,0.0
2020-12-23,106.3246661852118,109.56341865590943,105.95229577177388,108.30775451660156,14973200,0.0,0.0
2020-12-24,108.32505803388091,108.72341326159263,107.00877592186683,107.83145141601562,4164900,0.0,0.0
2020-12-28,108.95722919168941,109.67599170921521,108.0652739116448,108.54155731201172,8072600,0.0,0.0
2020-12-29,109.28630658872942,109.35558634188098,108.1518787101164,108.25579833984375,8389200,0.0,0.0
2020-12-30,108.67145066786505,108.98320291293793,108.16052741486679,108.55887603759766,7398000,0.0,0.0
2020-12-31,108.3250659048285,110.26485925184194,108.09125500858985,110.03970336914062,8580200,0.0,0.0
2021-01-04,110.41207427576366,110.72382654344567,108.05661563411313,109.00053405761719,16819900,0.0,0.0
2021-01-05,109.01797141316496,110.16057570611696,107.95386980122956,109.59363555908203,13731200,0.9,0.0
2021-01-06,113.28309768799502,115.8037942607368,111.53866397118186,114.73969268798828,24909100,0.0,0.0
2021-01-07,118.3506602300065,120.53119413266289,117.67905206148995,118.50765228271484,21940400,0.0,0.0
2021-01-08,118.5948678044024,118.92631318527744,116.981267544683,118.63848114013672,12035100,0.0,0.0
2021-01-11,117.38248361562971,120.5398919359636,116.97254224367336,120.40906524658203,15937900,0.0,0.0
2021-01-12,121.62147039447673,123.55778571298013,121.08941954914158,122.30179595947266,18033500,0.0,0.0
2021-01-13,120.88004943318663,122.79891621205579,120.45267339365905,122.41515350341797,14816800,0.0,0.0
2021-01-14,122.53727992889714,124.50847765609346,122.10989052086224,123.13037872314453,18565600,0.0,0.0
2021-01-15,119.86830650296139,123.54904889344873,119.50197839462342,120.92369079589844,27881000,0.0,0.0
2021-01-19,121.98780298585629,122.72045926590967,120.20849297588036,120.4003677368164,19843800,0.0,0.0
2021-01-20,120.20849503088334,120.5137618316621,118.13262222632017,118.59489440917969,16028800,0.0,0.0
2021-01-21,118.3506596108685,118.76060104713716,117.1557312973192,117.60055541992188,13411700,0.0,0.0
2021-01-22,115.73399369267017,117.225471095905,115.30660435201305,116.69342041015625,12933200,0.0,0.0
2021-01-25,115.25429492086566,116.15267378892636,113.44008918770673,115.23684692382812,14212800,0.0,0.0
2021-01-26,115.78632668489418,116.15265470897371,114.55650261974998,114.76583862304688,11307800,0.0,0.0
2021-01-27,113.03014295715568,113.25692698222981,111.07638660311244,111.5212173461914,17603900,0.0,0.0
2021-01-28,113.3005329149375,115.28046136661983,112.50682871257423,113.48370361328125,13761800,0.0,0.0
2021-01-29,114.42568860595634,114.88796068578534,111.80904816514845,112.22770690917969,14808100,0.0,0.0
2021-02-01,112.86442452131463,113.44881929341398,112.06198967744794,113.05631256103516,11080700,0.0,0.0
2021-02-02,115.07986574593548,117.21678642703728,114.45187088249577,116.53646087646484,12253600,0.0,0.0
2021-02-03,116.57136078913642,118.41173230913138,116.44925139814306,117.87096405029297,10600800,0.0,0.0
2021-02-04,118.15876646422585,120.94112971880614,118.15876646422585,120.5835189819336,12419500,0.0,0.0
2021-02-05,121.57782364420989,121.6650503065946,119.82467952520591,120.3479995727539,10051300,0.0,0.0
2021-02-08,120.53991342249697,122.37156725385914,120.52246542449575,122.23200988769531,10136400,0.0,0.0
2021-02-09,121.61273602427363,122.09245616670742,120.83646645158018,121.74357604980469,8614800,0.0,0.0
2021-02-10,122.10991921779205,122.86874088550375,121.27258820151448,121.81336975097656,10323200,0.0,0.0
2021-02-11,121.81335307508532,122.58962263720096,120.55736337707276,121.47319030761719,9201000,0.0,0.0
2021-02-12,121.28126008052593,123.5141239632671,121.23764675444205,123.20012664794922,8324600,0.0,0.0
2021-02-16,125.20626819088656,126.75009002944726,124.20321453950332,126.16569519042969,12130600,0.0,0.0
2021-02-17,125.55515854715698,126.80243104979706,124.83121958431023,126.55821228027344,10810100,0.0,0.0
2021-02-18,125.59876395316152,127.16002051026388,125.07543044645378,126.98558044433594,10587800,0.0,0.0
2021-02-19,127.2210872875697,129.82028031501665,127.2210872875697,129.10507202148438,11969800,0.0,0.0
2021-02-22,128.10198373836826,130.99773874890658,128.03220506606266,130.31741333007812,11488400,0.0,0.0
2021-02-23,132.14909222706711,132.8468658453211,130.4744435286124,131.36410522460938,16234400,0.0,0.0
2021-02-24,130.9279632181149,134.11153702853494,130.9279632181149,133.67543029785156,15061400,0.0,0.0
2021-02-25,134.55637095463845,135.10585637111618,131.34661857863202,131.86122131347656,18127700,0.0,0.0
2021-02-26,131.09369530848298,131.59085009648362,127.78799859979135,128.36366271972656,19829200,0.0,0.0
2021-03-01,130.41337712539013,132.03569490307837,129.50626755672417,131.2681427001953,14845500,0.0,0.0
2021-03-02,130.90180535261874,132.38456565981377,130.69246931872738,130.8407440185547,14221700,0.0,0.0
2021-03-03,131.9048676170949,135.17566883073292,131.54727013251954,133.3701934814453,14324100,0.0,0.0
2021-03-04,133.10850546085663,134.65232711359457,129.62836873422293,131.32046508789062,20093900,0.0,0.0
2021-03-05,133.6405743082141,133.87607571631926,129.0614527214214,131.62576293945312,18465100,0.0,0.0
2021-03-08,132.98641734295057,135.594340968504,131.486208788248,133.3701934814453,17133300,0.0,0.0
2021-03-09,132.14037527997812,134.53896295007672,130.67506265525634,132.42820739746094,16238800,0.0,0.0
2021-03-10,132.49794448719862,136.20485154068749,132.14905113210608,135.3064727783203,14342200,0.0,0.0
2021-03-11,134.41682015769786,136.1961298039182,133.76266004661483,134.59999084472656,11771500,0.0,0.0
2021-03-12,136.81541393269143,137.48702207279578,135.254157580364,136.19613647460938,12849500,0.0,0.0
2021-03-15,136.37060227841113,136.86775711193954,134.28601229767517,135.5158233642578,12101100,0.0,0.0
2021-03-16,134.39936377830782,134.844201143807,132.7421635905019,133.8934783935547,12805600,0.0,0.0
2021-03-17,135.48965984920613,136.8328762701881,133.49229652546683,135.2716064453125,13952400,0.0,0.0
2021-03-18,137.46090129956693,141.0282525758676,137.0335117429458,137.50450134277344,21898500,0.0,0.0
2021-03-19,135.63788494894038,136.01294358707707,131.86993042865822,135.31517028808594,54418800,0.0,0.0
2021-03-22,133.27423777670813,134.29472606893358,131.3640879057773,131.67808532714844,19944800,0.0,0.0
2021-03-23,131.11987505714148,132.68113158060393,129.92494665691171,130.36105346679688,17076300,0.0,0.0
2021-03-24,130.83198899567947,133.60562077410717,130.70987967164024,131.3727569580078,13079800,0.0,0.0
2021-03-25,130.8320355944381,133.4225109639218,130.24765409918703,133.05618286132812,15608300,0.0,0.0
2021-03-26,134.582563544935,135.58560387927628,133.05618971767956,135.2716064453125,16754400,0.0,0.0
2021-03-29,132.68111821561928,134.0853825343547,131.7391260040835,133.1695556640625,17570300,0.0,0.0
2021-03-30,134.7221282974397,135.951939447985,134.21624277562398,134.73956298828125,13184300,0.0,0.0
2021-03-31,133.69289600937344,134.74828029340267,132.68112506597603,132.77706909179688,16736700,0.0,0.0
2021-04-01,132.48921464172892,134.13769749142878,132.18394792670048,134.06793212890625,16561500,0.0,0.0
2021-04-05,135.4629273681381,135.93670418932095,133.883706997016,134.77859497070312,13508000,0.9,0.0
2021-04-06,134.05039233758836,135.3576495515458,133.23446270516737,133.8310546875,13071600,0.0,0.0
2021-04-07,134.32236263850515,136.19111004078079,133.9275442162006,135.9279022216797,16903500,0.0,0.0
2021-04-08,135.111991370403,136.43678594687682,133.62926672573258,136.09461975097656,12335500,0.0,0.0
2021-04-09,136.70002503738237,137.77916276528865,135.96305358355912,137.1123809814453,12122400,0.0,0.0
2021-04-12,136.4982451911569,137.96341948637908,136.4894765021956,136.82286071777344,12273400,0.0,0.0
2021-04-13,135.76997243733243,136.16477743416425,133.7345131128504,135.19091796875,16113600,0.0,0.0
2021-04-14,132.89230618237104,134.9628542854535,132.41852932679228,132.66419982910156,19939600,0.0,0.0
2021-04-15,132.6992782633799,133.53275865600241,131.0059980311169,133.50643920898438,17694100,0.0,0.0
2021-04-16,134.9979007560315,135.55940447234656,133.9626337176681,134.49781799316406,13773400,0.0,0.0
2021-04-19,134.6031302528563,135.00671742768907,133.55031218835987,133.9275665283203,11900200,0.0,0.0
2021-04-20,133.1291692251854,133.1379379107246,130.4181460152865,130.9621124267578,13716700,0.0,0.0
2021-04-21,129.66367076230702,132.1378064808659,128.78631994931072,132.07638549804688,12236700,0.0,0.0
2021-04-22,131.80437395241248,131.86579491895148,129.19864165749425,129.29515075683594,15256100,0.0,0.0
2021-04-23,129.12845326849802,132.5939988050386,128.69856004774692,131.769287109375,14041900,0.0,0.0
2021-04-26,132.2869055074428,133.7608612886573,131.9359706671711,132.09388732910156,10799100,0.0,0.0
2021-04-27,132.04125164441825,132.9800231152391,131.69908548129706,132.6992645263672,12821200,0.0,0.0
2021-04-28,133.73454947896698,134.13813665729336,132.83087940528182,133.55908203125,8943700,0.0,0.0
2021-04-29,134.7083999117592,136.23499471487992,134.4101039324976,136.15603637695312,12976900,0.0,0.0
2021-04-30,135.19973641888575,135.54190262651443,134.2434140650396,134.94529724121094,11705100,0.0,0.0
2021-05-03,135.85776398050254,136.41048582924128,134.3487196751878,134.55050659179688,11801100,0.0,0.0
2021-05-04,134.12060593220698,136.55087127742706,133.4801436280746,136.41049194335938,12977700,0.0,0.0
2021-05-05,136.86671004455872,138.86706858191752,135.66474386208077,138.20028686523438,10506700,0.0,0.0
2021-05-06,138.6828364578715,141.09555096782216,137.88444407980623,140.9814910888672,13542400,0.0,0.0
2021-05-07,137.93705163157279,141.6921108353581,137.76158420273646,141.46400451660156,14257800,0.0,0.0
2021-05-10,141.69212927777525,143.64861746920158,141.35873174847708,141.44647216796875,14014300,0.0,0.0
2021-05-11,141.32364726184613,142.4729744953953,138.65649373321543,139.0951690673828,15451700,0.0,0.0
2021-05-12,140.03392009933415,141.06041862373695,137.7703541016869,138.1388397216797,14381700,0.0,0.0
2021-05-13,138.77931296407323,142.52560381452486,138.34063765938876,141.69212341308594,15395000,0.0,0.0
2021-05-14,142.47298322353987,144.28032356906098,142.12204828963058,143.894287109375,10584000,0.0,0.0
2021-05-17,143.33275399402677,144.63124243714424,143.0344580222188,144.4733123779297,9886800,0.0,0.0
2021-05-18,144.48205024261227,145.20148396064954,142.34132661867886,142.43783569335938,11098100,0.0,0.0
2021-05-19,141.25342072575614,141.4113373789219,139.18287315353857,141.3499298095703,13278900,0.0,0.0
2021-05-20,141.1042938232422,142.00796383963726,139.95496671815567,141.1042938232422,10426000,0.0,0.0
2021-05-21,141.5517600242279,143.2011836393055,141.20082509593067,142.70986938476562,10249000,0.0,0.0
2021-05-24,143.32398640305766,144.08727709772361,142.23606690147864,143.48190307617188,9440300,0.0,0.0
2021-05-25,143.7539232715982,145.3770140988147,141.74478259173748,141.9992218017578,12609100,0.0,0.0
2021-05-26,143.50826932645913,143.6574173482334,141.52544805359048,141.98167419433594,13058300,0.0,0.0
2021-05-27,143.84164811455602,144.54353136922816,142.63091322223892,144.19259643554688,15707500,0.0,0.0
2021-05-28,144.48207706021694,144.71019676306028,143.23624092956538,144.09605407714844,10291300,0.0,0.0
2021-06-01,145.52613670635102,146.43858880823447,145.1839705149716,145.68406677246094,9445400,0.0,0.0
2021-06-02,146.7456740028099,146.90360409100737,145.22786103260006,145.69285583496094,10498600,0.0,0.0
2021-06-03,145.12258594737304,146.7369080607674,144.4645729067418,145.78936767578125,13354400,0.0,0.0
2021-06-04,145.8244886904506,146.22806257908067,144.78920774009472,146.02627563476562,8510800,0.0,0.0
2021-06-07,146.51755027819704,146.60529069316695,144.88567762583378,145.34190368652344,7267200,0.0,0.0
2021-06-08,144.31538870559413,145.42961420282356,143.148510932976,144.76283264160156,10370700,0.0,0.0
2021-06-09,144.00836950109343,144.07855917631048,142.37649636740397,142.95555114746094,12377400,0.0,0.0
2021-06-10,144.20134990336555,144.9734227407462,140.64807717881288,140.72703552246094,12119400,0.0,0.0
2021-06-11,140.75333695968982,141.42890060595343,139.5513710358222,140.63050842285156,13683800,0.0,0.0
2021-06-14,140.50767788611114,140.665607938259,137.4457331944729,138.24412536621094,19917900,0.0,0.0
2021-06-15,137.48082385375696,137.67384203920778,135.22603997798194,136.14724731445312,24485500,0.0,0.0
2021-06-16,135.7524190751562,138.28796111033685,134.331115758924,137.10354614257812,25321200,0.0,0.0
2021-06-17,137.83175952351465,138.14760621750906,132.69925409293202,133.14669799804688,29722400,0.0,0.0
2021-06-18,130.98844277263288,131.33937764569436,129.4618479614702,129.77769470214844,43595700,0.0,0.0
2021-06-21,130.7954127508809,132.6553915070968,130.74277386341154,131.97982788085938,18664800,0.0,0.0
2021-06-22,132.12904679806218,132.45366233705704,130.42698396286727,131.78688049316406,14251200,0.0,0.0
2021-06-23,131.77805937952664,133.3923812943015,131.68155027661575,132.58522033691406,12733300,0.0,0.0
2021-06-24,133.2871148424701,134.33993299003947,132.67297203866372,133.80474853515625,13733200,0.0,0.0
2021-06-25,133.87491559355055,135.5506583367514,133.06775470378264,135.15585327148438,15484900,0.0,0.0
2021-06-28,134.8487998096624,135.53313228415558,133.46258409824284,135.4015350341797,14125800,0.0,0.0
2021-06-29,135.98930884931565,137.13863570471858,134.76979235706236,135.2347869873047,14528700,0.0,0.0
2021-06-30,134.89263750642692,136.9368657495864,134.8575493773277,136.4630889892578,12531000,0.0,0.0
2021-07-01,137.09482073369716,137.8668936627582,136.3578493308533,137.8142547607422,10479400,0.0,0.0
2021-07-02,137.61129063007104,137.93779019006493,136.8788916212101,137.681884765625,11424000,0.9,0.0
2021-07-06,137.46129437918387,137.46129437918387,134.43464630742466,135.3699951171875,15083400,0.0,0.0
2021-07-07,134.13458963201415,136.13765589444844,133.7286902353244,135.52879333496094,12271800,0.0,0.0
2021-07-08,133.78162505773517,134.59343727062452,132.39624064812526,133.19041442871094,17834600,0.0,0.0
2021-07-09,135.0523070422969,137.78775890144348,134.63757494231,137.45245361328125,13694500,0.0,0.0
2021-07-12,136.1994188978054,140.44379108099128,135.8376290803964,139.42019653320312,19940400,0.0,0.0
2021-07-13,137.69951297544227,138.88193424752143,135.44937410042743,137.34654235839844,22671700,0.0,0.0
2021-07-14,137.61127465626654,138.784876777768,134.96405547032572,136.87887573242188,14622800,0.0,0.0
2021-07-15,135.80232885745895,138.1230618149447,135.62585028427628,137.17889404296875,11539300,0.0,0.0
2021-07-16,137.62012039289783,137.90248346466916,133.26103023220801,134.04637145996094,14002700,0.0,0.0
2021-07-19,131.08145943847524,132.2021192170501,128.5754287611085,129.687255859375,22172900,0.0,0.0
2021-07-20,129.29019336693918,133.34925484973104,129.12253399160963,132.10507202148438,15385200,0.0,0.0
2021-07-21,134.16986616535957,135.58170801471283,133.56100372958747,134.88461303710938,12356700,0.0,0.0
2021-07-22,134.9022981436009,135.39644358575345,132.33449222335798,133.1815948486328,9913300,0.0,0.0
2021-07-23,133.66687709906506,134.86694997710694,132.58152132680155,132.9256591796875,9666100,0.0,0.0
2021-07-26,132.52858902235513,134.09045176274827,132.51093712835038,133.81689453125,8208000,0.0,0.0
2021-07-27,132.71391251417427,134.55815205840102,132.18447677143647,133.64044189453125,11218700,0.0,0.0
2021-07-28,134.3817006681301,134.8052655478065,133.13751754439377,133.861083984375,9217300,0.0,0.0
2021-07-29,135.13173034066318,135.7758833130858,134.04637411997345,135.00819396972656,9063500,0.0,0.0
2021-07-30,134.637583768199,135.59940361017456,133.41985850420323,133.93165588378906,9805200,0.0,0.0
2021-08-02,134.1522109203888,136.287632267452,133.3051085248256,133.39334106445312,10203200,0.0,0.0
2021-08-03,134.08163819631307,135.29054401563636,131.93739729261122,134.91110229492188,10394800,0.0,0.0
2021-08-04,133.46397363611462,135.3346709744882,133.1639586789139,133.4551544189453,10155000,0.0,0.0
2021-08-05,134.37282902331975,135.6170251260888,134.13457555451362,135.14051818847656,9151500,0.0,0.0
2021-08-06,136.94063230161038,139.2613651190781,136.8700381837061,138.97898864746094,13328800,0.0,0.0
2021-08-09,138.99663883709604,139.9055162142255,137.5671315298687,138.8289794921875,9516900,0.0,0.0
2021-08-10,138.3083889436853,141.16737716497397,137.92894717656085,140.53204345703125,8667000,0.0,0.0
2021-08-11,141.1850235121308,142.50863310755705,140.37321124267044,142.2086181640625,9156500,0.0,0.0
2021-08-12,142.84395317663672,143.27632369791723,141.6703510420337,142.7645263671875,8844200,0.0,0.0
2021-08-13,142.76452710451028,143.09102663193553,140.80559726222518,141.16737365722656,8980900,0.0,0.0
2021-08-16,140.2496926676909,140.32910602201642,138.3436913771498,140.24085998535156,8755800,0.0,0.0
2021-08-17,139.04078977792128,140.17908816578048,137.0112522647953,138.546630859375,9347200,0.0,0.0
2021-08-18,137.92897360512268,139.42906213346512,137.07303812526223,137.28482055664062,8065500,0.0,0.0
2021-08-19,135.14937388850475,137.2671439635282,135.0170048435322,136.13766479492188,9517700,0.0,0.0
2021-08-20,136.1994386103348,136.6847513779588,135.14937279850864,136.5259246826172,6974100,0.0,0.0
2021-08-23,137.0641486567119,138.61717863080753,136.9847353348179,138.27304077148438,7934600,0.0,0.0
2021-08-24,138.53778720555314,139.90551964474028,138.42307007949734,139.12899780273438,7670900,0.0,0.0
2021-08-25,139.87023869794103,142.7557115008101,139.24373767127554,141.99684143066406,11335000,0.0,0.0
2021-08-26,143.17927050417782,144.564655139812,142.19979877343872,142.729248046875,11027500,0.0,0.0
2021-08-27,142.72919681030018,143.97339273111905,142.29681294339483,143.87632751464844,8780200,0.0,0.0
2021-08-30,144.0175730358307,144.26464578252833,141.07915772926103,141.57330322265625,7937600,0.0,0.0
2021-08-31,141.57328363733515,142.39391511867103,140.61146390185988,141.14089965820312,12340800,0.0,0.0
2021-09-01,141.37913037084,141.85562382120756,140.2761225589744,140.93792724609375,8729900,0.0,0.0
2021-09-02,141.2026661804312,142.60568902840595,140.68203620727675,141.59092712402344,8813300,0.0,0.0
2021-09-03,141.52914563418693,141.97034878330086,140.43495697718183,140.7349853515625,7959700,0.0,0.0
2021-09-07,141.1762215532433,142.40276605636393,140.2673439304358,140.48794555664062,9285600,0.0,0.0
2021-09-08,140.20554235180816,140.81440487866988,139.45549157955347,139.8614044189453,7852700,0.0,0.0
2021-09-09,139.6584332717386,141.91739099310948,139.49077393915323,140.47024536132812,7904300,0.0,0.0
2021-09-10,141.67918204737174,141.82037031541444,138.73194764036526,138.85548400878906,8311600,0.0,0.0
2021-09-13,139.8878907482811,141.22915229650678,139.48199132918947,141.06149291992188,10052800,0.0,0.0
2021-09-14,141.58210331522693,142.3674444678126,137.88481836768284,138.59957885742188,11685600,0.0,0.0
2021-09-15,138.2907037397452,140.02904506859406,138.07010218496183,139.56137084960938,11691500,0.0,0.0
2021-09-16,140.66440139099356,141.93506870652368,138.73192930399588,139.49961853027344,10880900,0.0,0.0
2021-09-17,138.87313672681844,140.31145013956012,138.53781795435447,139.13784790039062,25581600,0.0,0.0
2021-09-20,135.79351659818047,136.3847272540793,132.79334030701713,134.97288513183594,15819900,0.0,0.0
2021-09-21,135.47588112135801,136.37593960281373,134.6375975634279,134.9905548095703,8999900,0.0,0.0
2021-09-22,136.94948947355948,138.75842553591713,136.86125690006335,137.5760040283203,11236200,0.0,0.0
2021-09-23,139.42021143051676,142.6939451042889,139.1290157023009,142.22625732421875,12336100,0.0,0.0
2021-09-24,142.45568113348585,144.3528493713746,141.90859351342442,143.86752319335938,10102400,0.0,0.0
2021-09-27,145.59709220364317,147.71486270445902,145.25295416064918,147.34425354003906,13220900,0.0,0.0
2021-09-28,147.97954281239566,149.39139836399926,146.17943977533085,146.550048828125,13387900,0.0,0.0
2021-09-29,146.6647675235906,147.2736166039412,145.63234023012714,146.43533325195312,7777100,0.0,0.0
2021-09-30,147.2912543236252,147.35302922602833,143.6469120864748,144.4410858154297,13161200,0.0,0.0
2021-10-01,144.71465654441621,148.50900693938615,144.36169935326012,147.47659301757812,11285000,0.0,0.0
2021-10-04,147.33533987940257,150.397289963229,146.24115152549484,147.31768798828125,14120000,0.0,0.0
2021-10-05,148.43629871583514,151.0373228806252,147.95692029071319,149.72349548339844,12292900,1.0,0.0
2021-10-06,149.12869082946946,150.11406455664857,147.36211600814127,150.0430450439453,8692600,0.0,0.0
2021-10-07,151.97829376443244,152.25348594238827,150.50466918086212,150.992919921875,10195400,0.0,0.0
2021-10-08,150.93074963935595,152.1025375875202,150.29158765105353,151.10829162597656,8190100,0.0,0.0
2021-10-11,151.6232009399624,152.0581768558747,147.77048358011973,147.93026733398438,12154700,0.0,0.0
2021-10-12,147.14020278889987,147.97466523143729,146.27023735853876,146.7939910888672,13032600,0.0,0.0
2021-10-13,145.64881024883354,146.83835656223067,142.5684084276848,142.92349243164062,22753500,0.0,0.0
2021-10-14,143.5893400132734,145.5955911395188,142.0890844634598,145.11622619628906,15176800,0.0,0.0
2021-10-15,146.78509865931744,148.40074852337628,145.71094717266894,147.90362548828125,14267400,0.0,0.0
2021-10-18,147.7882556636297,149.6791117079863,147.28226013711716,147.85040283203125,12672900,0.0,0.0
2021-10-19,148.60490628771956,149.71456064633628,147.8769800721714,149.6435546875,8053900,0.0,0.0
2021-10-20,149.40389453105317,151.68533729116422,148.6582099083732,151.65870666503906,8185600,0.0,0.0
2021-10-21,151.58770430673212,152.09371335156658,149.7412372613683,150.46917724609375,8415200,0.0,0.0
2021-10-22,150.9396628134963,152.76837150680382,150.64671236084186,152.49317932128906,8817900,0.0,0.0
2021-10-25,153.31877236365895,153.54070329759966,151.33913868008358,151.74749755859375,10159200,0.0,0.0
2021-10-26,151.8007387248317,153.12345179247123,151.39237990036722,152.15582275390625,8015100,0.0,0.0
2021-10-27,151.1971160983183,151.53444191342504,148.551689561808,148.98667907714844,9847000,0.0,0.0
2021-10-28,149.40389638735192,151.3657581127488,149.10207359045828,151.23260498046875,7212900,0.0,0.0
2021-10-29,151.9605261878439,152.9015246245037,150.37150683235976,150.81536865234375,8140100,0.0,0.0
2021-11-01,152.72399679586806,152.98144428374235,150.03419476192366,150.73550415039062,7435500,0.0,0.0
2021-11-02,150.73547277416088,152.413269867337,149.95427165713926,151.3302459716797,7173800,0.0,0.0
2021-11-03,151.028445582121,151.91616933012273,150.15846655625495,151.38352966308594,8402700,0.0,0.0
2021-11-04,150.91303305913934,151.090575094797,147.7971276647421,149.39501953125,9574200,0.0,0.0
2021-11-05,149.9365180294975,150.9929113329834,148.61381846932426,149.1819610595703,7975600,0.0,0.0
2021-11-08,150.06966462846458,151.72970328582724,149.79447250297517,150.0785369873047,6413700,0.0,0.0
2021-11-09,148.5605613254457,149.5548074994686,147.89476857414357,148.94227600097656,7990300,0.0,0.0
2021-11-10,148.6493205405367,149.9809059981329,148.3297394888901,148.80023193359375,6999200,0.0,0.0
2021-11-11,148.71147469687327,149.74122387123737,148.16107680416025,148.79136657714844,5815300,0.0,0.0
2021-11-12,148.8268142856313,148.90671968181564,147.1135147211322,148.12551879882812,8113400,0.0,0.0
2021-11-15,148.4362661266297,148.95113388414381,147.3621146322042,147.85923767089844,6492500,0.0,0.0
2021-11-16,148.30311866476382,148.31200457091123,146.58093252515914,146.7939910888672,9706100,0.0,0.0
2021-11-17,146.66082661144287,146.97152175403755,145.04516310583514,146.00390625,9909600,0.0,0.0
2021-11-18,145.93286286698344,146.34122162932857,144.30832726719532,144.74331665039062,8122500,0.0,0.0
2021-11-19,143.18983261989092,143.90888663503773,141.54753838990771,142.8524932861328,12193600,0.0,0.0
2021-11-22,145.728745468124,147.3443957759963,144.6901102247224,145.8974151611328,14549900,0.0,0.0
2021-11-23,146.91826818364734,149.63470046131974,146.80285977133175,149.38613891601562,12354400,0.0,0.0
2021-11-24,149.54592562787454,150.41589097481364,147.75272013898643,148.21434020996094,9629800,0.0,0.0
2021-11-26,143.93551239964296,144.38824658577076,140.98827691858202,143.74908447265625,13619300,0.0,0.0
2021-11-29,144.97415243207675,146.2791073290915,141.8760054491083,143.127685546875,12104400,0.0,0.0
2021-11-30,141.29011232202862,142.59506729066257,140.51778346481132,140.99716186523438,18922600,0.0,0.0
2021-12-01,142.9235103545511,144.93864687094828,140.0827973299137,140.16268920898438,12253400,0.0,0.0
2021-12-02,141.88487656937767,144.9208899117364,140.97052226797672,143.1099395751953,12969900,0.0,0.0
2021-12-03,143.367375485278,143.6603259275297,139.54128856067402,140.5177764892578,12681800,0.0,0.0
2021-12-06,142.93238291823405,144.35274620536836,141.55642206920868,142.17782592773438,11186500,0.0,0.0
2021-12-07,143.70472916955504,145.04518719467964,143.06556696729422,144.3172607421875,9851600,0.0,0.0
2021-12-08,144.3971505477642,144.93866258504497,142.18671350137106,142.6660919189453,11705700,0.0,0.0
2021-12-09,141.72507006503054,142.86135521137777,140.83734644784752,142.4441375732422,11189600,0.0,0.0
2021-12-10,143.20760802123158,143.54493384976266,141.26349075768516,141.8760223388672,10405400,0.0,0.0
2021-12-13,141.59192077449563,141.84935467039065,139.62117320734154,140.18931579589844,12069000,0.0,0.0
2021-12-14,139.77209068487107,142.82586231088433,139.6389375511274,141.2634735107422,12563600,0.0,0.0
2021-12-15,141.90266335452628,141.90266335452628,139.6833537214908,140.2071075439453,14014200,0.0,0.0
2021-12-16,142.3819762337313,143.65142792354268,140.88172130285696,142.3997344970703,19542800,0.0,0.0
2021-12-17,141.43212968030053,141.48539092871525,137.75694099263876,139.1595458984375,28082000,0.0,0.0
2021-12-20,137.16215380111586,137.33082343426116,134.79193366961897,136.65615844726562,15148000,0.0,0.0
2021-12-21,137.96114320539073,139.53240439857666,137.67706512004878,138.56478881835938,11291300,0.0,0.0
2021-12-22,138.26292763682252,139.4258431915465,137.81019355275296,139.10626220703125,7273000,0.0,0.0
2021-12-23,139.91410219974924,141.25455981622252,139.559018215895,139.6033935546875,8055200,0.0,0.0
2021-12-27,139.90523599130546,140.43786199050092,138.78669565638106,140.40235900878906,6188100,0.0,0.0
2021-12-28,140.43792103752605,142.16897996750978,140.33139850201692,140.82852172851562,6342300,0.0,0.0
2021-12-29,141.01493956851547,141.70736309070526,140.39352203449656,140.7574920654297,6398900,0.0,0.0
2021-12-30,141.24571740501003,142.2488495131852,140.58879699545278,140.6864471435547,6948200,0.0,0.0
2021-12-31,140.65982442764732,141.40550912113557,140.22484846257387,140.57106018066406,5805900,0.0,0.0
2022-01-03,141.9115285769945,144.3793996811227,141.60081982576506,143.54493713378906,13120900,0.0,0.0
2022-01-04,145.86188767412355,149.65247189183447,145.79086814841963,148.98667907714844,20195800,0.0,0.0
2022-01-05,149.8708027295316,150.35304098319185,146.21823870608205,146.2628936767578,17539400,1.0,0.0
2022-01-06,149.0581195189452,149.46891251987,146.3432555378449,147.81678771972656,14047500,0.0,0.0
2022-01-07,147.95074553516426,149.61180957837593,147.40598760629422,149.28138732910156,13913300,0.0,0.0
2022-01-10,150.98709911515533,151.20142115770875,147.82571271966276,149.4242706298828,12922500,0.0,0.0
2022-01-11,150.26373034449165,150.49593074021448,148.5222955104893,149.5760955810547,11854100,0.0,0.0
2022-01-12,150.44231844512177,151.45144970525382,149.29920867510359,150.42445373535156,12568000,0.0,0.0
2022-01-13,150.3351434222937,151.64792023798148,149.93327602758498,150.23690795898438,13623400,0.0,0.0
2022-01-14,143.56588779923814,143.80701372863592,140.118734070285,141.0028533935547,40158400,0.0,0.0
2022-01-18,139.1185396382745,139.1185396382745,134.43897924786577,135.09091186523438,32324800,0.0,0.0
2022-01-19,135.35882662442782,135.9482259220611,132.6618271194621,133.0011749267578,22380000,0.0,0.0
2022-01-20,133.054740271165,134.50146838453384,131.59907298928616,131.8669891357422,14860800,0.0,0.0
2022-01-21,131.72410930711447,131.73303484956145,128.83957838998995,129.5629425048828,20705400,0.0,0.0
2022-01-24,127.062395469319,129.9201357084715,124.6422520272478,129.4468231201172,28471400,0.0,0.0
2022-01-25,128.28590573944658,131.14366057271243,125.73179655529506,130.85787963867188,18915900,0.0,0.0
2022-01-26,132.81362067775706,134.4657589703007,130.34882199234275,132.09918212890625,20709100,0.0,0.0
2022-01-27,133.43878721321596,134.2961164407946,128.71458498380966,129.76837158203125,17536800,0.0,0.0
2022-01-28,128.7681241211247,131.06324203268753,126.96416991849439,130.92929077148438,14117000,0.0,0.0
2022-01-31,130.0630629473018,132.87614902364783,129.19680827581053,132.70648193359375,13985700,0.0,0.0
2022-02-01,132.7868512599023,135.2695150459539,132.43856428637088,134.98373413085938,14584900,0.0,0.0
2022-02-02,134.4032094746556,134.79615127068007,132.23311768312797,133.90310668945312,12441100,0.0,0.0
2022-02-03,133.95673748407293,135.43025614568413,132.42962468096954,132.7957763671875,12474900,0.0,0.0
2022-02-04,133.15296255126995,137.0823535542297,132.858256182031,136.24288940429688,16654400,0.0,0.0
2022-02-07,136.87700103707832,137.18955858833567,134.71583392905356,136.69839477539062,12572300,0.0,0.0
2022-02-08,138.42196525966506,141.52975782547924,138.2433589975901,139.27035522460938,20411400,0.0,0.0
2022-02-09,139.84189090841247,140.59204531797832,139.154256179702,139.850830078125,9131100,0.0,0.0
2022-02-10,139.90442312577747,142.02093526627363,138.6184362359828,139.27035522460938,16455600,0.0,0.0
2022-02-11,138.96669101162917,141.27074805076114,136.6090534689701,137.4574432373047,16830000,0.0,0.0
2022-02-14,136.394726691121,137.24311651458467,134.2424991078371,136.18040466308594,17026500,0.0,0.0
2022-02-15,137.98434485810958,139.26140598689534,137.39494565622124,138.17189025878906,9500000,0.0,0.0
2022-02-16,137.29668942279363,139.4042753422663,137.29668942279363,138.4219207763672,9076500,0.0,0.0
2022-02-17,136.63585149548837,137.28777037013128,134.55505552050664,135.2337646484375,11367500,0.0,0.0
2022-02-18,135.85891808502598,137.65393333705288,134.96587323046438,135.8678436279297,11733300,0.0,0.0
2022-02-22,134.49252164088315,136.85015882982296,134.32284098731742,135.62667846679688,11333500,0.0,0.0
2022-02-23,136.74300096302238,136.90375609595887,132.14382617982338,132.7868194580078,11799000,0.0,0.0
2022-02-24,127.65181234765235,129.4825567187557,124.82978780865857,129.08961486816406,25655100,0.0,0.0
2022-02-25,129.71476157639572,134.07282470800104,129.41112960457934,132.1438446044922,18367700,0.0,0.0
2022-02-28,128.19655608995643,129.54504854119884,125.8121286239266,126.63372802734375,31315300,0.0,0.0
2022-03-01,125.06199233866478,125.4549342452222,119.29293035212139,121.85596466064453,36840400,0.0,0.0
2022-03-02,122.6061063259076,125.06197936024843,121.99884244372564,124.38327026367188,19405600,0.0,0.0
2022-03-03,124.88336751750282,125.90143792994189,122.40070434283946,123.4991455078125,16640800,0.0,0.0
2022-03-04,120.5074746298819,120.93613234377204,118.23913307253112,120.02522277832031,21016000,0.0,0.0
2022-03-07,118.03374810424333,118.49813528862029,115.15814230682167,115.39034271240234,27560100,0.0,0.0
2022-03-08,115.77433646293828,117.69437748374008,113.65781766709829,114.5776596069336,19207800,0.0,0.0
2022-03-09,118.68562546772911,120.775360251088,118.2748325703398,119.16787719726562,17536200,0.0,0.0
2022-03-10,117.75688171386719,119.17681960117045,116.38159878958473,117.75688171386719,15604200,0.0,0.0
2022-03-11,118.31951237610286,119.73945036069834,114.6848134403135,115.10454559326172,20061800,0.0,0.0
2022-03-14,115.6135807384728,118.70350798009756,115.40817063218913,116.24763488769531,15786900,0.0,0.0
2022-03-15,117.70332102833702,119.26614960974989,117.10498257809587,118.31058502197266,15096600,0.0,0.0
2022-03-16,120.44494231139302,123.67777360587253,120.05200043706434,123.5973892211914,20354900,0.0,0.0
2022-03-17,122.22210602941672,125.19594670644601,121.38264177726782,125.16021728515625,17050500,0.0,0.0
2022-03-18,125.19597135949337,125.78538428580487,123.65100744063224,125.1156005859375,23656500,0.0,0.0
2022-03-21,125.33884159458447,125.70497960174266,123.89209977010354,124.71369934082031,12676100,0.0,0.0
2022-03-22,127.05349320228457,128.53593728032945,126.56231581492807,127.36605072021484,13548600,0.0,0.0
2022-03-23,125.90143143747896,126.44618922119618,124.3118130443592,124.82978057861328,12093200,0.0,0.0
2022-03-24,125.29420722175935,125.66035891587627,124.23148156784079,125.64249420166016,10017600,0.0,0.0
2022-03-25,125.9996770046092,127.86613720979891,125.74070003009193,126.74090576171875,8383500,0.0,0.0
2022-03-28,125.02627800351297,125.89253259125137,123.15087838274712,125.80322265625,10818100,0.0,0.0
2022-03-29,128.0179821436087,128.2412433516535,125.24061217045993,126.08006286621094,11316500,0.0,0.0
2022-03-30,126.72306362131354,126.9195345859865,124.94591302284023,125.5085220336914,8771000,0.0,0.0
2022-03-31,124.87448166782717,125.33886887470908,121.68630453613557,121.73989868164062,17353900,0.0,0.0
2022-04-01,122.70435874797869,122.71329791775158,119.4894054166593,120.83789825439453,15721300,0.0,0.0
2022-04-04,119.77515295955075,122.29354559974009,118.67671177427587,121.37371063232422,17416400,0.0,0.0
2022-04-05,120.61802288605615,121.81456455867456,119.66436701015694,119.96125793457031,12110300,1.0,0.0
2022-04-06,118.37784150003151,119.25950875410467,117.82005397387346,118.296875,12914700,0.0,0.0
2022-04-07,117.81105924244488,118.68373487391258,115.81380302689927,117.93701171875,12994200,0.0,0.0
2022-04-08,118.45880332914051,120.46505098606252,118.29687033546263,120.09619903564453,13126900,0.0,0.0
2022-04-11,119.65534973144531,121.36470637935095,119.26850067879445,119.65534973144531,10466400,0.0,0.0
2022-04-12,118.8816544171002,121.07683777078546,117.58613547211941,118.34185028076172,12989900,0.0,0.0
2022-04-13,114.20339536868362,116.28161783135096,113.36670724435488,114.52727508544922,30838000,0.0,0.0
2022-04-14,113.80753769886891,115.42693623777015,112.47603147089522,113.46566772460938,18835200,0.0,0.0
2022-04-18,113.06081356168386,116.27262177667819,112.94385967096716,115.57088470458984,11834400,0.0,0.0
2022-04-19,115.56187205951827,118.14391783420001,115.36394482305381,117.96397399902344,15015400,0.0,0.0
2022-04-20,119.22350946180478,120.11416827760463,118.16189851540757,118.37782287597656,13430200,0.0,0.0
2022-04-21,118.95362066631145,119.48441933462189,116.92038419079994,117.46017456054688,12174200,0.0,0.0
2022-04-22,117.20827762466395,117.42420202394086,113.9784857042953,114.08644104003906,14318800,0.0,0.0
2022-04-25,113.3667207663873,114.36534886821212,110.75769245408728,114.05046081542969,17149000,0.0,0.0
2022-04-26,112.13416311275483,113.72657284294047,110.54176024646341,110.67670440673828,17209500,0.0,0.0
2022-04-27,110.05594919150788,111.16253257473028,109.05732114485659,109.23725128173828,17215200,0.0,0.0
2022-04-28,110.48778619022181,111.24350787885761,108.98534824301431,110.96460723876953,13015600,0.0,0.0
2022-04-29,110.70370543081577,111.2075152904747,106.970096856543,107.38394165039062,14874800,0.0,0.0
2022-05-02,107.85177738792764,108.5985005674857,106.35833789270694,108.36458587646484,18545000,0.0,0.0
2022-05-03,109.33621052814826,111.71132393191763,108.66146224607981,110.68570709228516,15720900,0.0,0.0
2022-05-04,110.47879802873133,114.6172531567878,110.42481349388046,114.34735107421875,17128500,0.0,0.0
2022-05-05,112.68297507234442,113.44768850045554,109.90301514966046,111.48641967773438,15055400,0.0,0.0
2022-05-06,111.37844757255442,111.81928117542357,109.02132454059345,111.30647277832031,14417900,0.0,0.0
2022-05-09,109.85801851306121,110.95561016010113,108.4095583052652,109.63310241699219,14312300,0.0,0.0
2022-05-10,110.75769040385855,111.36046393484135,105.76454998716217,106.96110534667969,16382400,0.0,0.0
2022-05-11,107.32996038285035,110.55975212521275,106.10641630996078,106.28634643554688,14630300,0.0,0.0
2022-05-12,105.26073643046848,106.44829318230772,103.79428590675552,106.1963882446289,16318800,0.0,0.0
2022-05-13,107.42893620314689,108.18465105304739,106.12441862096851,107.14103698730469,10443200,0.0,0.0
2022-05-16,106.64622256963487,107.47391219955917,105.46766436041887,106.39431762695312,10269000,0.0,0.0
2022-05-17,108.8953731856393,110.63172564673346,108.6884473660938,109.92098999023438,11160200,0.0,0.0
2022-05-18,109.1292874553332,109.73206091727765,107.53687772584509,108.04068756103516,12664900,0.0,0.0
2022-05-19,106.33134519432458,107.64485448806897,105.82752842704669,106.43930053710938,12765800,0.0,0.0
2022-05-20,107.47390314946973,107.66283184057187,103.4793912121837,105.56661224365234,13150100,0.0,0.0
2022-05-23,108.37357999351177,113.87053039147749,108.364581427024,112.09819030761719,24376700,0.0,0.0
2022-05-24,111.88225852866964,114.69820545840763,110.75767809706423,113.68158721923828,19324900,0.0,0.0
2022-05-25,113.6096352565498,115.03110685510855,112.61100708347712,114.47331237792969,12780400,0.0,0.0
2022-05-26,115.48992050790858,117.12731638851099,115.34598462970914,116.45256805419922,15990900,0.0,0.0
2022-05-27,117.1003327482698,118.09896087646484,116.1826711291145,118.09896087646484,11177800,0.0,0.0
2022-05-31,117.11830126017365,119.79030554101354,116.69547163525124,118.96261596679688,17015000,0.0,0.0
2022-06-01,119.53841107158583,119.53841107158583,115.75982312736578,116.87541198730469,10768000,0.0,0.0
2022-06-02,116.86641346876135,118.76470611953074,115.75982997366175,118.7557144165039,8374800,0.0,0.0
2022-06-03,118.04495387066719,118.54876366099852,116.94736237267942,117.10030364990234,8596000,0.0,0.0
2022-06-06,117.93701471465394,119.10658129736305,116.4705709306623,116.71347045898438,11323500,0.0,0.0
2022-06-07,115.90375941281079,117.24426423116766,115.71482385980927,117.01934814453125,6722200,0.0,0.0
2022-06-08,116.0567078590393,116.46155409438506,114.16741398760132,115.15704345703125,8422100,0.0,0.0
2022-06-09,114.59025172103082,115.24700972232138,112.70095107858411,112.7369384765625,13560100,0.0,0.0
2022-06-10,110.28985970425487,111.01859256347376,107.34796002425864,107.55488586425781,12945200,0.0,0.0
2022-06-13,105.13479186882194,106.11542285909559,103.51539305638484,104.35208129882812,16805600,0.0,0.0
2022-06-14,103.95623532758184,105.54863846644824,101.86001540317109,102.61573028564453,13357900,0.0,0.0
2022-06-15,104.01919755503046,105.21574595775589,101.81501571695783,103.83026885986328,14083500,0.0,0.0
2022-06-16,102.43578325147227,102.79565036358842,100.64545312015963,102.0489273071289,16724900,0.0,0.0
2022-06-17,102.14790244652868,103.12853340206972,100.9063679768972,101.68907165527344,30919900,0.0,0.0
2022-06-21,104.24410965072114,105.28771671693652,103.49738660044214,104.20812225341797,11680500,0.0,0.0
2022-06-22,103.35343475007033,104.54099137951715,102.91260115456578,103.62333679199219,9842700,0.0,0.0
2022-06-23,103.47041447042326,103.62335578572859,100.29459993264686,102.48977661132812,11851500,0.0,0.0
2022-06-24,101.8689982043996,105.99845431002949,101.50913108867529,105.54862213134766,14841100,0.0,0.0
2022-06-27,106.21437064311846,106.61022515236665,104.03718457004187,104.70293426513672,11280500,0.0,0.0
2022-06-28,105.86352041371619,107.32097937948275,104.00121516718443,104.19914245605469,11590900,0.0,0.0
2022-06-29,104.3610549659152,105.09877939025644,103.21848436700502,103.73129272460938,9338400,0.0,0.0
2022-06-30,101.8150205098198,102.63371842464491,99.79977413594268,101.31121063232422,15172600,0.0,0.0
2022-07-01,101.34719606689474,102.93959903531713,100.006698032334,102.60672760009766,10573600,0.0,0.0
2022-07-05,100.5373312954929,102.29812098653362,99.2031321696424,102.21643829345703,12514200,1.0,0.0
2022-07-06,101.40867040658897,102.55226983215822,100.55550299499022,101.55388641357422,10656200,0.0,0.0
2022-07-07,103.01515125114886,104.28582410524803,102.92439038827249,104.12245178222656,10347400,0.0,0.0
2022-07-08,104.52180845883026,104.96654153657856,103.11499084043402,103.79570770263672,8807800,0.0,0.0
2022-07-11,103.06053448780433,103.67771804588263,101.85339493787605,102.43427276611328,7939500,0.0,0.0
2022-07-12,102.18012360930416,104.53994028321375,101.88968474058619,102.53409576416016,11250900,0.0,0.0
2022-07-13,101.42681382014564,102.08938128834953,100.18336850908824,101.57203674316406,12979900,0.0,0.0
2022-07-14,98.01416097100527,98.23199537702668,96.26244910576173,98.02323913574219,26204800,0.0,0.0
2022-07-15,99.07607006855429,103.36004222032456,97.72370763093286,102.51595306396484,18863900,0.0,0.0
2022-07-18,104.16782283031158,105.13897854956785,101.00930066424485,101.4631118774414,13977900,0.0,0.0
2022-07-19,102.6793334034956,104.32213487677055,102.26182787440001,103.97723388671875,11862300,0.0,0.0
2022-07-20,103.55971983511242,104.14059764732086,102.99699834962846,103.95907592773438,11667500,0.0,0.0
2022-07-21,103.86833256865957,104.85763787893,102.89717666356188,104.66703796386719,11595900,0.0,0.0
2022-07-22,104.59442265445784,105.51112338577579,103.16945550163008,104.15876770019531,7645500,0.0,0.0
2022-07-25,105.13900027541744,105.70172878892247,104.16784435548219,104.57627868652344,9394000,0.0,0.0
2022-07-26,103.99538075375946,104.90300319303206,102.5885632030431,102.94253540039062,10675100,0.0,0.0
2022-07-27,103.4780344249909,105.04821733960455,102.83362333536574,104.59440612792969,9337400,0.0,0.0
2022-07-28,104.60348817706308,105.26605561755089,103.04237644296892,104.20413208007812,10384800,0.0,0.0
2022-07-29,104.91208793316274,105.73802778300616,104.18599404306724,104.70333862304688,12944500,0.0,0.0
2022-08-01,103.92275720615726,104.47640738366968,102.62485699201304,103.6595458984375,14740400,0.0,0.0
2022-08-02,103.39634658402171,103.8320084015491,101.8987681748215,102.04399108886719,14942900,0.0,0.0
2022-08-03,102.96975969549624,103.55971564720942,101.39049864020714,103.11498260498047,14394500,0.0,0.0
2022-08-04,102.42521717930389,102.8518009432026,100.76426602716644,101.98048400878906,18033900,0.0,0.0
2022-08-05,102.1347670335409,105.45666897459219,101.69911207627526,105.06639099121094,14174600,0.0,0.0
2022-08-08,105.51112056825411,105.91954794254511,103.63234218221672,103.78663635253906,10332500,0.0,0.0
2022-08-09,104.14965887916931,105.27510859178365,103.80476489818018,104.7214584350586,10233800,0.0,0.0
2022-08-10,107.063152213065,108.3429032970684,106.64564668253766,107.45343017578125,12847300,0.0,0.0
2022-08-11,108.8239358511279,110.00384091075784,108.28843499148952,109.04176330566406,11684900,0.0,0.0
2022-08-12,109.52282553389622,110.95687100925592,108.40645353158548,110.84795379638672,9906700,0.0,0.0
2022-08-15,109.94937676071238,111.38342181173202,109.45925983474582,111.1474380493164,8456200,0.0,0.0
2022-08-16,110.99315503303534,112.76301611709646,110.61195524948526,112.20936584472656,9555000,0.0,0.0
2022-08-17,111.00224506757232,111.78280104571164,110.44859473599418,111.26544952392578,8149300,0.0,0.0
2022-08-18,110.9477703468881,111.15652656473851,109.41389305985257,110.4031982421875,9531800,0.0,0.0
2022-08-19,109.47743081896355,109.81324671950163,107.19929635562796,107.67125701904297,13464500,0.0,0.0
2022-08-22,105.96493018976378,106.33705875021747,104.8304020292738,105.89231872558594,8967600,0.0,0.0
2022-08-23,105.91047248431808,106.4550446032187,104.72148229223701,104.84854888916016,7607000,0.0,0.0
2022-08-24,104.63980981740474,105.65634961675113,103.87740323674224,105.10269927978516,9771300,0.0,0.0
2022-08-25,105.42943089206129,107.77109163423097,104.99376905362855,107.59864807128906,10758900,0.0,0.0
2022-08-26,108.42459276988279,108.90563163020595,104.01354646921996,104.07707977294922,11276200,0.0,0.0
2022-08-29,103.46896479140118,104.24952069379636,102.97884781143607,103.82293701171875,8117300,0.0,0.0
2022-08-30,104.37658892922275,104.90301164833747,102.88808856280961,103.84109497070312,10745400,0.0,0.0
2022-08-31,103.90463968862345,104.4038279705531,102.86994354010181,103.22392272949219,10738300,0.0,0.0
2022-09-01,102.82456123998635,104.04077215351198,101.57204459290033,103.9318618774414,9979800,0.0,0.0
2022-09-02,105.16622513135546,106.6002634672433,102.73379647194963,103.20575714111328,10666600,0.0,0.0
2022-09-06,103.76846434625776,104.14966406917998,101.71723590805269,103.23296356201172,9751900,0.0,0.0
2022-09-07,102.67932523505219,105.38404318181134,102.34350936043518,105.19344329833984,10647900,0.0,0.0
2022-09-08,104.63072127029264,107.81647820178921,104.04076525711028,107.64402770996094,11435000,0.0,0.0
2022-09-09,108.13414175725697,108.96008153820604,107.70755808354569,108.16136932373047,9299700,0.0,0.0
2022-09-12,109.4774296937704,110.32151890539954,108.72410134825628,109.44112396240234,8614600,0.0,0.0
2022-09-13,107.16298969054854,107.93446744065152,105.08453330758677,105.63818359375,12904600,0.0,0.0
2022-09-14,105.91952789494057,106.95421684360984,104.26765545718709,105.39311218261719,9345700,0.0,0.0
2022-09-15,105.39313631756322,108.35198093801411,105.06639163530558,106.98147583007812,10821400,0.0,0.0
2022-09-16,106.54580319895298,106.55488136271414,104.71240882197272,106.26444244384766,14844100,0.0,0.0
2022-09-19,105.28422179790783,107.7620345473943,104.83948866196289,107.24468994140625,8201300,0.0,0.0
2022-09-20,106.56396624125445,106.81809944569974,104.0498479159697,105.12992095947266,9619000,0.0,0.0
2022-09-21,105.77432348021759,105.82877861254009,102.03491641111837,102.09844970703125,12606300,0.0,0.0
2022-09-22,102.90624588458174,103.10592396061821,100.80963993542022,100.93670654296875,11684500,0.0,0.0
2022-09-23,99.88385449632825,100.14705891608078,97.26082614080553,99.05791473388672,18138600,0.0,0.0
2022-09-26,98.02322539420264,99.48449810451093,96.26243561106126,96.92500305175781,15753600,0.0,0.0
2022-09-27,97.79632248042036,98.17752226112906,94.98269416984998,96.07183837890625,12793600,0.0,0.0
2022-09-28,96.16260926812394,98.68580584898338,95.88124848511528,98.01416015625,12762600,0.0,0.0
2022-09-29,97.07021077701687,97.36972782434115,94.75577786264266,96.35319519042969,12713900,0.0,0.0
2022-09-30,96.26243885307524,97.67833464296756,94.75578912392284,94.84654998779297,15973400,0.0,0.0
2022-10-03,95.8630913175498,98.3499750383792,94.8102458896218,97.7781753540039,12248100,0.0,0.0
2022-10-04,100.39213135049404,102.5522705382755,99.71141443432558,102.35259246826172,16013600,0.0,0.0
2022-10-05,100.5027998233193,101.60168868963162,99.66031789337549,101.08887481689453,10943500,1.0,0.0
2022-10-06,100.23723052388458,100.90572600519454,98.84530420211476,99.02845001220703,11521400,0.0,0.0
2022-10-07,98.46068361891038,98.63467702343239,96.40026188286828,97.05044555664062,11681100,0.0,0.0
2022-10-10,97.73724227236144,98.26836784175403,95.71344432592626,96.14384460449219,8931700,0.0,0.0
2022-10-11,95.57608425833438,95.73175886685507,93.26840835205988,93.369140625,12739700,0.0,0.0
2022-10-12,93.22262696465911,95.90575385333776,92.74643675976287,94.88011932373047,13181000,0.0,0.0
2022-10-13,93.38746826449699,100.64015068566272,93.18600369948167,100.1548080444336,22398700,0.0,0.0
2022-10-14,102.52659124378432,105.53022733591538,101.39107181576125,101.82147216796875,33387100,0.0,0.0
2022-10-17,105.68589515970226,107.1510824539226,104.68773173058194,106.09797668457031,22276300,0.0,0.0
2022-10-18,109.57778960158558,110.01734224434209,107.1052797864678,108.82687377929688,21539700,0.0,0.0
2022-10-19,108.04851008724987,108.81773780803796,105.92398669571581,106.6932144165039,17072000,0.0,0.0
2022-10-20,107.28844354669732,108.70784087660407,105.90566978530704,106.34522247314453,12207400,0.0,0.0
2022-10-21,106.64742591227989,112.07778202749257,106.52838184082461,111.93126678466797,20593300,0.0,0.0
2022-10-24,111.78475591811141,112.72797015934596,111.1071080047158,112.06863403320312,12624200,0.0,0.0
2022-10-25,111.5832685090341,112.88362172160647,110.70415618279235,112.36164855957031,11289100,0.0,0.0
2022-10-26,112.63637971430619,114.65101135359498,112.52648804820234,113.6528549194336,11667000,0.0,0.0
2022-10-27,114.6510068357401,115.56674972416157,113.74442333244073,114.1015625,10727600,0.0,0.0
2022-10-28,114.73343327498077,115.64001682526549,113.59791399072567,115.45687103271484,11859500,0.0,0.0
2022-10-31,115.1088933959679,116.69313187506613,115.00816110608834,115.27372741699219,13295200,0.0,0.0
2022-11-01,116.18031225073543,117.4715061957716,115.68581021224358,117.35245513916016,13386900,0.0,0.0
2022-11-02,116.89459424650867,119.37625691475094,115.96969186898045,116.27188873291016,16546100,0.0,0.0
2022-11-03,115.66749509431108,117.37993001810507,115.3012034867295,116.48250579833984,12474400,0.0,0.0
2022-11-04,118.57955864183005,119.80665083109656,117.6363445290073,119.66928100585938,14953200,0.0,0.0
2022-11-07,119.96231943126773,121.1436216194758,119.4861292126526,120.30113983154297,12011200,0.0,0.0
2022-11-08,120.18209148317874,120.93299332178073,119.17476880235444,120.3743896484375,9884100,0.0,0.0
2022-11-09,120.2553700959593,120.35608840558159,118.33230432458333,118.8084945678711,9494000,0.0,0.0
2022-11-10,121.45497265702897,123.85421433390835,121.36339278730976,123.69853973388672,16351600,0.0,0.0
2022-11-11,123.7993149998187,124.6967393476337,122.50811384319448,123.9000473022461,10704700,0.0,0.0
2022-11-14,123.44216222030933,124.29379652408163,122.62715148925781,122.62715148925781,11085600,0.0,0.0
2022-11-15,123.33225248662279,124.27548057036492,120.51177652698621,121.7388687133789,14038300,0.0,0.0
2022-11-16,121.793809472829,122.30662327701408,120.90553771446262,121.90369415283203,7893400,0.0,0.0
2022-11-17,120.87807117107586,121.69308184959206,120.21873511956515,121.37256622314453,8820200,0.0,0.0
2022-11-18,123.23152113511634,123.32308703557402,121.13446219892091,122.56301879882812,9468500,0.0,0.0
2022-11-21,122.47146446666271,123.222366403102,121.5648739357984,121.839599609375,7800500,0.0,0.0
2022-11-22,122.70955214480122,123.87254957387336,122.42567407330107,123.66191864013672,9185700,0.0,0.0
2022-11-23,123.57035286027893,124.99890959133656,123.49709174931083,124.9805908203125,7316200,0.0,0.0
2022-11-25,124.98060971310606,125.58500349011048,124.5959993022297,125.21871185302734,3220500,0.0,0.0
2022-11-28,124.60516184531049,125.19123683050562,122.88356046305546,123.03008270263672,9906900,0.0,0.0
2022-11-29,123.31395739125288,125.12712464315098,123.0850216381753,125.05386352539062,7925300,0.0,0.0
2022-11-30,124.62343908487885,126.53733825683594,121.96779045213349,126.53733825683594,14761200,0.0,0.0
2022-12-01,126.53736345683684,126.97693016591022,124.01907015859663,124.76083374023438,8858500,0.0,0.0
2022-12-02,123.15828156222832,123.94582110410714,122.1051687244011,123.7718276977539,8931900,0.0,0.0
2022-12-05,122.92933144600063,123.23152827859518,119.59602786195005,120.30113983154297,10154500,0.0,0.0
2022-12-06,122.15095706143653,123.72603612446282,118.92753781929792,120.50261688232422,13966700,0.0,0.0
2022-12-07,120.24621075738449,121.86707977531921,119.34878653237514,120.42020416259766,11739400,0.0,0.0
2022-12-08,121.18027561669854,121.77550299095422,120.35609851411807,121.6839370727539,8907300,0.0,0.0
2022-12-09,121.0612207394694,122.48977757119074,120.8780749357078,121.02459716796875,7957800,0.0,0.0
2022-12-12,121.24437173314853,123.30479355320443,120.51178848674357,122.9018783569336,8841600,0.0,0.0
2022-12-13,125.35608058680856,125.53922642414327,121.86710138365183,122.78284454345703,10025400,0.0,0.0
2022-12-14,122.50810145561336,124.27549276983027,121.57403965238406,122.16928100585938,9966100,0.0,0.0
2022-12-15,120.09968729391343,120.95133553882994,118.17663540287936,119.13816833496094,12087800,0.0,0.0
2022-12-16,118.26819699694174,118.95500421288943,117.60886095178166,118.39640045166016,21133700,0.0,0.0
2022-12-19,118.72608160535512,120.26453720525814,118.21326772976415,119.1015396118164,9017200,0.0,0.0
2022-12-20,119.9348584530206,120.92386254196667,119.22973245038584,119.67845153808594,8549900,0.0,0.0
2022-12-21,121.0429019671545,121.77549915533008,120.66745796003842,121.02459716796875,8051700,0.0,0.0
2022-12-22,120.05389956998245,120.23704535503765,117.59054893757593,119.65097045898438,8648200,0.0,0.0
2022-12-23,119.57773264088983,120.36527224583388,118.71693191302884,120.21875,5091900,0.0,0.0
2022-12-27,120.48430950243451,121.07953684483128,119.5502477587565,120.63998413085938,5411000,0.0,0.0
2022-12-28,120.74071265196457,122.16926940767725,119.97147796008755,121.29931640625,8827700,0.0,0.0
2022-12-29,121.729696510485,122.04105971483582,121.1619403861219,121.99526977539062,6585200,0.0,0.0
2022-12-30,121.61982355638521,123.01175680553759,121.281003123464,122.80113983154297,9292500,0.0,0.0
2023-01-03,123.8450976445849,125.21871224767116,122.60883891255513,123.73519897460938,11054800,0.0,0.0
2023-01-04,124.53192168822999,126.07951594500332,124.14731122443433,124.8890609741211,11687600,0.0,0.0
2023-01-05,125.14731833662435,125.19344650754586,123.3391982014281,124.86134338378906,8381300,1.0,0.0
2023-01-06,125.58091267835742,127.65655392856925,124.06800139681229,127.25064849853516,10029100,0.0,0.0
2023-01-09,127.85952480704994,128.11782573988478,126.272811033153,126.7248306274414,8482300,0.0,0.0
2023-01-10,127.11226962166953,127.97020869627205,126.66947007664382,127.85951232910156,9048700,0.0,0.0
2023-01-11,128.13625195241275,128.92038874886458,127.3982574102741,128.8096923828125,8703700,0.0,0.0
2023-01-12,129.15104625363324,129.94440324367375,128.43149155061363,128.68057250976562,11001700,0.0,0.0
2023-01-13,125.0919964464557,132.37057853485908,124.35398778566517,131.92776489257812,20200000,0.0,0.0
2023-01-17,130.23033070426126,130.57165384016318,128.44066460814747,129.88900756835938,14292900,0.0,0.0
2023-01-18,128.15469214292324,129.8244278394277,125.8392042538952,125.98680877685547,13392600,0.0,0.0
2023-01-19,124.83367427199015,125.36871603171208,123.23772676781353,124.3078384399414,13303400,0.0,0.0
2023-01-20,124.68605353328735,124.99048254229974,123.20081665217,124.61225128173828,13092500,0.0,0.0
2023-01-23,124.64914688705322,127.2690775817549,124.37240603579983,126.6325454711914,10487100,0.0,0.0
2023-01-24,125.84845674989687,129.4185558531422,124.538497942185,127.72114562988281,6945000,0.0,0.0
2023-01-25,127.35212745255436,128.33920288085938,126.61411884438579,128.33920288085938,8967000,0.0,0.0
2023-01-26,128.61592092856648,129.2063248302622,127.63806578603977,129.1325225830078,7487600,0.0,0.0
2023-01-27,129.7137336540936,130.31335768367455,128.92037692534547,129.4462127685547,7489900,0.0,0.0
2023-01-30,128.44066145498658,129.23401813554992,128.14546649840148,128.34841918945312,6729300,0.0,0.0
2023-01-31,129.04030296441033,129.21558157284034,127.53661182508125,129.11410522460938,9188700,0.0,0.0
2023-02-01,127.49970074561475,129.9627927866754,127.4166644162406,128.7727508544922,8841800,0.0,0.0
2023-02-02,129.15099677428282,129.5753562429886,127.30598253465021,128.1731414794922,11822100,0.0,0.0
2023-02-03,127.47202559211956,131.3004385410896,127.42591149773286,130.15652465820312,11501200,0.0,0.0
2023-02-06,129.36320153974563,131.21745031910532,129.17870288531327,130.9222412109375,8406200,0.0,0.0
2023-02-07,130.42404664651858,133.1546595357344,130.23953398193535,132.51812744140625,10447900,0.0,0.0
2023-02-08,131.5956610455783,132.877945632751,131.25433784814967,131.58644104003906,6958000,0.0,0.0
2023-02-09,132.02923418717396,132.23218690992869,129.03108560033974,129.53846740722656,6443100,0.0,0.0
2023-02-10,128.9480585636298,130.33181939876073,127.8502727155443,130.11041259765625,6582900,0.0,0.0
2023-02-13,130.35026256892732,131.66944103130464,129.83366081928747,131.5218505859375,7134600,0.0,0.0
2023-02-14,131.45729030752534,132.6657726188391,130.62703936769975,132.10304260253906,9249400,0.0,0.0
2023-02-15,130.63623184384645,132.7395469194213,130.35025689320076,132.65652465820312,6728300,0.0,0.0
2023-02-16,131.8355161088989,132.27831565300778,130.70082204237585,130.82998657226562,8165300,0.0,0.0
2023-02-17,130.05505446393278,131.76169832719637,129.21558365288175,131.21742248535156,7948800,0.0,0.0
2023-02-21,129.78754781985546,130.387171904429,127.99788149484765,128.8096923828125,9996300,0.0,0.0
2023-02-22,128.15470448884244,128.625178115217,126.78939771078694,127.82260131835938,11107500,0.0,0.0
2023-02-23,127.9794442087286,129.30785708111364,127.25066957597745,128.8466033935547,8068000,0.0,0.0
2023-02-24,128.3299857535932,130.40562709266814,128.16392712676847,130.00894165039062,9126900,0.0,0.0
2023-02-27,131.09750280475183,132.2045086636795,130.73772554869174,131.1436309814453,10014700,0.0,0.0
2023-02-28,131.8631931964461,132.6196418483036,130.90377774001217,132.24142456054688,11019800,0.0,0.0
2023-03-01,131.08829250047577,132.34290298712642,130.8115374961782,131.50341796875,7139200,0.0,0.0
2023-03-02,131.2174237309055,131.39268826747863,128.72664313356037,130.13809204101562,11106800,0.0,0.0
2023-03-03,130.54399057368198,132.6011917925285,130.14731922895072,132.5273895263672,9513100,0.0,0.0
2023-03-06,132.3244371513992,132.87793303450798,131.60488264991764,131.7524871826172,9261300,0.0,0.0
2023-03-07,131.00524382514803,131.28199880341774,127.1307163584009,127.87794494628906,11747600,0.0,0.0
2023-03-08,127.30598909672068,127.85026494714538,126.28200557788901,127.12149047851562,10002500,0.0,0.0
2023-03-09,126.16206444067002,126.70635432127048,119.2063671822897,120.23957061767578,25888100,0.0,0.0
2023-03-10,118.96654355462098,124.77832808584189,117.91487879327784,123.2930908203125,37599700,0.0,0.0
2023-03-13,121.04219983140361,123.50529285310989,119.38168372790905,121.07909393310547,42901100,0.0,0.0
2023-03-14,124.79677010403532,125.027396898887,121.11596139071918,124.18791198730469,29648100,0.0,0.0
2023-03-15,120.82999880439688,120.83923288599676,116.90934992815797,118.3207778930664,34280600,0.0,0.0
2023-03-16,118.09014585331869,121.72482660430684,116.25435842995631,120.6178207397461,24558500,0.0,0.0
2023-03-17,118.43146553381348,118.52370779764375,115.72851242181122,116.06061553955078,38396000,0.0,0.0
2023-03-20,117.14918964833143,119.43701064586844,116.24513651602736,117.28756713867188,22875500,0.0,0.0
2023-03-21,120.47020555487761,121.52186314469817,120.1012083247568,120.43331146240234,17807800,0.0,0.0
2023-03-22,120.4425346108443,120.53479095895408,117.23221358068643,117.324462890625,17250200,0.0,0.0
2023-03-23,117.98865789190988,119.49234191070461,116.25434006308326,117.01079559326172,16677600,0.0,0.0
2023-03-24,115.89456879275797,115.94069696475898,113.56985391022673,115.2303695678711,22311100,0.0,0.0
2023-03-27,116.96469247134272,119.35398985556544,116.5034388565988,118.532958984375,18853900,0.0,0.0
2023-03-28,118.73591379966149,119.31708379259778,117.84107360696267,118.89273834228516,10820500,0.0,0.0
2023-03-29,120.0181967562647,120.12889311989855,117.86874617402837,119.13258361816406,14595300,0.0,0.0
2023-03-30,119.8797947050452,120.03661922272114,117.75803260015441,118.77278900146484,12134700,0.0,0.0
2023-03-31,119.61229758899901,120.23959578425315,118.86506894262816,120.21192169189453,13105200,0.0,0.0
2023-04-03,119.84289770593514,121.25433240710251,119.38164416761009,120.07352447509766,11775400,0.0,0.0
2023-04-04,120.38719287706124,120.47021514899892,117.53664892978881,118.46837615966797,11579900,0.0,0.0
2023-04-05,117.89193428485298,119.14708434890063,117.57581658451342,118.64502716064453,9614700,1.0,0.0
2023-04-06,118.0778797956493,119.08200834987258,117.94771577122117,118.51486206054688,8760200,0.0,0.0
2023-04-10,117.65020018070031,119.22146797348508,117.35268138916051,118.90535736083984,9477300,0.0,0.0
2023-04-11,119.28655862413275,119.88159621491059,118.5799488250562,119.49110412597656,10516300,0.0,0.0
2023-04-12,120.10472488738162,121.26690877514532,119.06341266372614,119.47250366210938,11821000,0.0,0.0
2023-04-13,119.43532808978173,119.97456896574172,117.91983565795982,119.92809295654297,12450200,0.0,0.0
2023-04-14,125.65531412466714,129.3464112241228,125.42287735108336,128.9838104248047,43931300,0.0,0.0
2023-04-17,130.11809586712968,130.22036860936103,127.98898138025827,130.00653076171875,16050500,0.0,0.0
2023-04-18,130.41564287639508,131.8195560320996,129.26275124856613,131.46624755859375,13760100,0.0,0.0
2023-04-19,131.30819678395326,131.55923250733605,130.53650488378904,131.2989044189453,9158100,0.0,0.0
2023-04-20,130.08089700791183,131.4941021338163,130.0158079128283,130.91766357421875,10586200,0.0,0.0
2023-04-21,129.92288530534265,131.1966344929934,129.03032170669425,130.6666717529297,11842500,0.0,0.0
2023-04-24,130.59228598862495,131.18732357463173,130.20177971600683,130.8433074951172,7567500,0.0,0.0
2023-04-25,129.79271042840392,130.12741997661672,127.9611073710751,127.998291015625,10629300,0.0,0.0
2023-04-26,127.95181650755377,128.12847076116057,124.58613588390456,125.72972106933594,14416100,0.0,0.0
2023-04-27,126.4455996069345,128.22141988860258,126.12948901275256,127.42183685302734,9041100,0.0,0.0
2023-04-28,126.96626151575278,128.60262548886095,126.13878716546598,128.5282440185547,9887300,0.0,0.0
2023-05-01,132.26581836000824,133.29783821644935,130.93628680641368,131.28028869628906,20415800,0.0,0.0
2023-05-02,131.4661991276203,132.40525252719615,128.7048498437153,129.16043090820312,14113400,0.0,0.0
2023-05-03,128.71419374312444,128.92803160871594,126.22246408088758,126.42700958251953,12930900,0.0,0.0
2023-05-04,125.4786913195309,126.18529410097554,122.54997905822927,124.69769287109375,17089200,0.0,0.0
2023-05-05,126.85469425360314,128.19353232279389,126.36192943463914,127.13362121582031,11261400,0.0,0.0
2023-05-08,127.8309446882633,128.27721936166637,126.89189095834956,127.4404525756836,7484900,0.0,0.0
2023-05-09,126.38050108785183,127.32884698655893,125.71109630932034,126.82678985595703,7343600,0.0,0.0
2023-05-10,128.25859783783426,128.36087057692168,125.3949753302002,126.8918685913086,8133400,0.0,0.0
2023-05-11,125.51585108319455,127.19869096486417,125.42287070396287,126.4920883178711,7057300,0.0,0.0
2023-05-12,127.20800566679817,127.36606097216954,123.77723658077858,124.67909240722656,9988600,0.0,0.0
2023-05-15,124.83717162254675,126.13881214362168,124.5489522347957,125.72972106933594,7639500,0.0,0.0
2023-05-16,125.94353220599379,126.38980678427393,124.54891173540695,124.88362121582031,6477200,0.0,0.0
2023-05-17,126.35263731401683,128.85365952238953,125.94356046777068,128.72349548339844,12711500,0.0,0.0
2023-05-18,128.55615243737296,129.91357543771105,128.08197227429838,129.69973754882812,10999600,0.0,0.0
2023-05-19,129.96935277131868,130.62018715038363,128.42598322593338,129.40220642089844,13492200,0.0,0.0
2023-05-22,131.09434260740792,131.68938019077746,127.98899066253614,128.33299255371094,11402500,0.0,0.0
2023-05-23,127.87741281159326,129.26274112947746,126.87329840506368,126.99415588378906,9514900,0.0,0.0
2023-05-24,125.88777566977367,126.77104693264928,125.59026391818736,125.83199310302734,8578000,0.0,0.0
2023-05-25,125.34849463632358,126.69662491977871,125.12535025390105,126.1387710571289,8472500,0.0,0.0
2023-05-26,126.5478730561906,127.93320128450898,126.10159843916215,127.31956481933594,8579900,0.0,0.0
2023-05-30,127.18939548186306,128.04476103992013,126.46419393944916,127.80303192138672,7399900,0.0,0.0
2023-05-31,127.12431139989525,127.2265841438539,124.95799905009046,126.17597961425781,14219900,0.0,0.0
2023-06-01,126.92907455812555,128.51893411059226,125.93423837893494,127.91460418701172,12248100,0.0,0.0
2023-06-02,129.7554893233829,131.54060186472486,129.55094384800705,130.6015625,12922500,0.0,0.0
2023-06-05,130.26685791287542,130.26685791287542,128.42596275204582,129.31851196289062,8511900,0.0,0.0
2023-06-06,128.9372974591774,130.2575505843406,128.50032945388895,129.55093383789062,9329500,0.0,0.0
2023-06-07,129.74622583432867,131.34539216852002,129.07680670900132,130.80613708496094,9281400,0.0,0.0
2023-06-08,130.7875249381189,130.99207043832266,129.6811236016028,130.8433074951172,7368100,0.0,0.0
2023-06-09,130.49003055885748,131.83816121691262,130.3598665129794,131.10365295410156,7249100,0.0,0.0
2023-06-12,131.15943420142702,131.3918709835064,129.94145354640617,131.09434509277344,7596600,0.0,0.0
2023-06-13,130.61087553751943,132.83297065646826,130.29476491165087,132.04269409179688,7701600,0.0,0.0
2023-06-14,132.9538089760155,133.52095516219686,130.81538823204582,131.54989624023438,9068700,0.0,0.0
2023-06-15,130.71312341427088,133.325710136213,130.19246737973887,133.03749084472656,9343100,0.0,0.0
2023-06-16,133.00031770567188,133.8556832851755,132.4889539932474,133.195556640625,13813500,0.0,0.0
2023-06-20,132.5912271694313,132.9538279509158,131.1315174934463,132.516845703125,8428600,0.0,0.0
2023-06-21,132.8608503119899,133.90217667494477,131.7358643045841,132.3216094970703,9926500,0.0,0.0
2023-06-22,132.312314633662,132.58194925175235,129.18836364249506,129.77410888671875,10075200,0.0,0.0
2023-06-23,128.80711874052247,129.40215614034426,127.95175336495431,129.09535217285156,9919500,0.0,0.0
2023-06-26,129.11400359400008,130.17391495331148,128.0169085847207,129.41152954101562,8429700,0.0,0.0
2023-06-27,129.2348450460071,130.0158291939676,128.80715514394416,129.42079162597656,8154000,0.0,0.0
2023-06-28,129.3836156345039,129.43010582894865,128.26792190190724,128.85365295410156,7558600,0.0,0.0
2023-06-29,130.22970063811232,133.47450937436494,130.02515511363134,133.3536376953125,15423200,0.0,0.0
2023-06-30,134.44144316929692,135.74308350074216,133.56747858097697,135.22242736816406,14212800,0.0,0.0
2023-07-03,135.91970392054725,137.11907119999537,135.7430497366165,136.31019592285156,8021600,0.0,0.0
2023-07-05,135.68301845141943,136.14171413854416,135.14006000089324,135.4021759033203,8934900,1.0,0.0
2023-07-06,133.88567014249995,134.23203458617408,132.40657912265814,134.06353759765625,9709500,0.0,0.0
2023-07-07,134.71879262942724,136.52552097664736,133.866908872023,135.12132263183594,8981500,0.0,0.0
2023-07-10,135.27112782587213,136.66597020322195,135.27112782587213,135.87960815429688,9100100,0.0,0.0
2023-07-11,136.99358365726889,138.37906960740568,136.4038300805188,138.00460815429688,11260900,0.0,0.0
2023-07-12,138.03269855763006,140.29813690742736,137.61144189846328,138.68798828125,11323200,0.0,0.0
2023-07-13,139.20285874786703,139.83006562336877,138.31353599258082,139.36199951171875,11234900,0.0,0.0
2023-07-14,141.870843043834,143.12525681027427,138.93138839786866,140.20452880859375,27028400,0.0,0.0
2023-07-17,140.74748954065532,143.93033347784979,140.74748954065532,143.58396911621094,17262400,0.0,0.0
2023-07-18,143.58396870813758,144.5388133160355,143.05973693495963,143.84608459472656,13491700,0.0,0.0
2023-07-19,142.99422364567243,145.29711562742418,142.49807461798855,144.39842224121094,12510000,0.0,0.0
2023-07-20,144.6605180284174,146.58894821231368,144.5481867273733,146.1770477294922,9935900,0.0,0.0
2023-07-21,145.84941384000646,146.1676953908266,144.8103064253035,145.05369567871094,10636400,0.0,0.0
2023-07-24,145.07242527179113,148.64844326937535,144.84774837498787,147.90890502929688,14381400,0.0,0.0
2023-07-25,147.253630326794,147.64680422322078,145.99921633092092,146.80429077148438,9944700,0.0,0.0
2023-07-26,146.70129192030421,148.14292930748638,146.29874762297274,147.68421936035156,8728600,0.0,0.0
2023-07-27,147.69359033815113,148.63907877636402,145.61537558273733,146.05535888671875,10778400,0.0,0.0
2023-07-28,147.2348683645196,147.5344375190384,146.44852076027303,146.8885040283203,9103800,0.0,0.0
2023-07-31,147.14126364731788,149.20076607298495,147.11318082189925,147.8714599609375,8892700,0.0,0.0
2023-08-01,147.37529894065986,147.90890120016138,146.17705075722094,147.14126586914062,6853900,0.0,0.0
2023-08-02,145.6247296556844,145.74643141841656,144.1081999906907,145.47494506835938,8299400,0.0,0.0
2023-08-03,145.10048890583116,146.89786098978126,144.4920086983106,146.36427307128906,6084000,0.0,0.0
2023-08-04,146.4110794314577,147.7216731631504,145.75578970773367,146.05535888671875,6209400,0.0,0.0
2023-08-07,146.5983070977639,147.6280439392386,146.5983070977639,146.74807739257812,7251800,0.0,0.0
2023-08-08,144.46392200237997,146.01789053426512,142.8444030785175,145.92428588867188,8623400,0.0,0.0
2023-08-09,145.4000535208101,145.58727709541188,143.66820331619675,143.96775817871094,6277800,0.0,0.0
2023-08-10,144.52012259703838,145.51242064260987,143.31250381761902,143.7524871826172,5995100,0.0,0.0
2023-08-11,143.25631104053193,144.65115317660656,142.88186387000218,144.5856170654297,5180700,0.0,0.0
2023-08-14,143.799260884411,145.02559172184132,143.15332741205629,144.8851776123047,5044300,0.0,0.0
2023-08-15,143.08779872306133,143.4809724951409,140.6351228816474,141.19680786132812,10300300,0.0,0.0
2023-08-16,140.9815196692057,141.3185278436564,140.12026544675294,140.5977020263672,6978200,0.0,0.0
2023-08-17,141.24364197541,141.599362526,138.9220236528226,139.13734436035156,9953900,0.0,0.0
2023-08-18,138.21992597052116,139.95177640901298,138.0233461901272,139.45562744140625,8517500,0.0,0.0
2023-08-21,140.09218520164686,140.5134561406489,138.56629935066977,139.93304443359375,8327000,0.0,0.0
2023-08-22,139.72708740694694,140.08282221486544,136.534887452353,137.03103637695312,9673300,0.0,0.0
2023-08-23,137.00297996106144,138.1637749740239,136.1698227115898,137.95782470703125,7858000,0.0,0.0
2023-08-24,138.07952671117278,139.86754299375357,137.60210433741545,137.82676696777344,6534000,0.0,0.0
2023-08-25,137.87357059987212,139.12798451368934,136.53490820324166,137.65826416015625,6695500,0.0,0.0
2023-08-28,138.14505161734553,139.11862293308627,137.73315111613948,138.13568115234375,5094100,0.0,0.0
2023-08-29,138.27610573389072,139.3432959645767,137.7799424826576,139.259033203125,6337000,0.0,0.0
2023-08-30,139.127970012283,139.62411896057506,137.78930775518225,138.69735717773438,6277300,0.0,0.0
2023-08-31,138.79096610726893,138.87522886814105,136.63787329971225,136.98423767089844,10933900,0.0,0.0
2023-09-01,136.75954535978775,138.62245352140573,136.3944543846634,137.44293212890625,7903500,0.0,0.0
2023-09-05,137.76123245014202,138.7441742202353,135.74853943819002,135.92640686035156,7854700,0.0,0.0
2023-09-06,135.45834815612446,136.24469590171947,134.90603349797408,135.70175170898438,8629200,0.0,0.0
2023-09-07,134.92474171145767,135.9919318730385,134.2319987249338,134.54092407226562,8373700,0.0,0.0
2023-09-08,134.21324809190452,134.91534713282763,133.539231869879,134.6438751220703,7107900,0.0,0.0
2023-09-11,135.50512987768147,135.785972381945,134.51283207562778,135.23365783691406,6854200,0.0,0.0
2023-09-12,135.2710963138877,137.91099584579266,134.8498397012467,136.9935760498047,8363200,0.0,0.0
2023-09-13,137.92969324277936,138.266701353185,136.5067828070592,137.05909729003906,8325900,0.0,0.0
2023-09-14,138.39777786104037,140.32620786354758,138.09822299168405,139.7177276611328,10034900,0.0,0.0
2023-09-15,139.40883756380435,140.16710253467127,138.83779621913655,139.3058624267578,19863400,0.0,0.0
2023-09-18,138.69739016404188,139.61479598492429,138.313572423176,139.5960693359375,6512400,0.0,0.0
2023-09-19,139.95179997983664,140.1577502596705,137.80806297424448,139.41819763183594,7943400,0.0,0.0
2023-09-20,140.09218487834835,140.65386993955852,138.67863032943688,138.8284149169922,7332000,0.0,0.0
2023-09-21,138.15439313326482,139.34328503841164,137.26507039146745,137.74249267578125,8052400,0.0,0.0
2023-09-22,137.88291038548203,138.08886061958907,135.91704126570235,136.42254638671875,7071700,0.0,0.0
2023-09-25,136.06682076935587,137.1620937275213,134.5221940712428,137.0965576171875,7044700,0.0,0.0
2023-09-26,135.36473393604743,136.52552882591283,135.0183552777935,135.67364501953125,7468400,0.0,0.0
2023-09-27,135.91704574382544,136.75955906802622,135.28046837627247,136.4693603515625,6717800,0.0,0.0
2023-09-28,136.93741122131527,139.36199008748372,136.68465153852856,138.1637420654297,8868100,0.0,0.0
2023-09-29,139.109259250434,139.25902955568586,135.60811946323787,135.75790405273438,11917800,0.0,0.0
2023-10-02,135.58003593998507,136.31957413491773,133.52054783987114,134.58773803710938,9170600,0.0,0.0
2023-10-03,134.054139400051,134.41923041723004,133.25843553401722,133.59544372558594,9431100,0.0,0.0
2023-10-04,134.0447954716826,134.30691139083365,132.8652595512566,134.194580078125,8128700,0.0,0.0
2023-10-05,133.94934604024704,134.94898016017183,132.80827611780975,134.76036071777344,8576200,1.05,0.0
2023-10-06,134.76980848069118,137.57063757203986,134.0436638745079,136.83506774902344,10270600,0.0,0.0
2023-10-09,135.4770900778378,137.11796998670525,135.32620026862298,136.52386474609375,6964900,0.0,0.0
2023-10-10,137.13683414188532,138.40994351775856,137.00480915687686,137.35372924804688,11288800,0.0,0.0
2023-10-11,138.16475123974746,138.84374102392985,136.75963119469503,137.82525634765625,8698200,0.0,0.0
2023-10-12,137.96673338014548,138.5891431366781,136.86337847882652,137.504638671875,10484400,0.0,0.0
2023-10-13,140.04142044685983,144.3888348154425,139.41901068024754,139.5699005126953,29427000,0.0,0.0
2023-10-16,140.93729128323395,141.00331097441395,138.36279673046786,139.42843627929688,12663500,0.0,0.0
2023-10-17,139.1643775960049,140.80525749010098,138.42879338011554,139.12664794921875,11482700,0.0,0.0
2023-10-18,138.2401828028462,139.07948753982038,137.08967324569366,137.5989227294922,9620300,0.0,0.0
2023-10-19,137.1934163017745,138.64570554852048,136.62760109586821,137.0142364501953,11143600,0.0,0.0
2023-10-20,136.33527520394097,136.87280042471613,134.02481610747344,134.8075408935547,13332900,0.0,0.0
2023-10-23,134.7981121972243,135.49595244442185,132.71398789413,132.96861267089844,10133400,0.0,0.0
2023-10-24,133.14778633313443,133.6570214733008,132.36506160371712,133.12892150878906,8881400,0.0,0.0
2023-10-25,132.56310041145807,133.1383408268775,131.56346622047414,132.40277099609375,8242600,0.0,0.0
2023-10-26,131.79925438901847,133.6004640945183,131.4880494878342,132.74229431152344,9109400,0.0,0.0
2023-10-27,131.0354185099012,131.17688315814365,127.48959292789922,127.96111297607422,17434700,0.0,0.0
2023-10-30,128.66833915982525,130.17719404826093,128.29111464548342,129.59251403808594,9855500,0.0,0.0
2023-10-31,129.8659890420251,131.30883847212732,129.63965435880897,131.1390838623047,9672500,0.0,0.0
2023-11-01,131.3182952427371,132.52538506399418,130.58272533258497,131.0259552001953,9432000,0.0,0.0
2023-11-02,132.1104555293983,133.42128040877887,131.2994406435454,133.3647003173828,10186200,0.0,0.0
2023-11-03,134.0908457932642,135.58085056324327,133.77021568051663,134.85470581054688,9538700,0.0,0.0
2023-11-06,135.01501448146942,135.9769191638664,134.65665473143704,135.87318420410156,7625100,0.0,0.0
2023-11-07,135.33562430758016,136.0429040937685,134.68493899158793,135.80714416503906,6297900,0.0,0.0
2023-11-08,135.90144506478217,136.58985998285516,135.43935045421637,136.47669982910156,7618200,0.0,0.0
2023-11-09,137.15570184261244,137.3537321294573,135.5148075176755,136.07119750976562,7992500,0.0,0.0
2023-11-10,136.68417450960825,138.13644929586334,135.87315980335984,138.08929443359375,7983300,0.0,0.0
2023-11-13,137.40088871139884,137.91956345188186,136.89165357778936,137.47633361816406,6676300,0.0,0.0
2023-11-14,138.32507347607216,140.74869271323962,138.174198041455,139.98483276367188,9927700,0.0,0.0
2023-11-15,140.00369511859856,141.60685990157586,140.00369511859856,141.21078491210938,8365300,0.0,0.0
2023-11-16,141.5408447709493,142.89882442983355,141.5408447709493,142.82337951660156,8126200,0.0,0.0
2023-11-17,143.53061636408074,144.1530259194326,142.9082068087289,144.1153106689453,7812400,0.0,0.0
2023-11-20,143.41747800515745,144.99235256315117,143.26658820100812,144.5585479736328,7019000,0.0,0.0
2023-11-21,144.47368527220556,144.87919984297054,143.87958002103724,144.2567901611328,7083500,0.0,0.0
2023-11-22,144.67175839734603,145.11498831341973,144.19079882605695,144.5963134765625,5174500,0.0,0.0
2023-11-24,144.84148165087916,145.6430712490366,144.54914161073685,144.79432678222656,3496900,0.0,0.0
2023-11-27,144.69058425026378,144.78489398263042,144.01160885787445,144.46426391601562,6259100,0.0,0.0
2023-11-28,144.492561524212,145.10553164775902,144.02104161697716,144.79432678222656,6582700,0.0,0.0
2023-11-29,145.38842738039006,146.76527166017885,145.22811235973722,145.52989196777344,9126100,0.0,0.0
2023-11-30,146.08631181107492,147.23682162015268,145.586501823976,147.18966674804688,9869800,0.0,0.0
2023-12-01,146.94446658886,148.86826142383205,146.94446658886,147.90635681152344,8916000,0.0,0.0
2023-12-04,147.13304033099297,149.04740954062692,147.00101536445416,148.99082946777344,9607500,0.0,0.0
2023-12-05,148.30242033448647,149.47179476083681,148.02894514870184,148.97198486328125,9135600,0.0,0.0
2023-12-06,149.79246032699388,150.15082010818946,147.1142303560781,147.4065704345703,9366000,0.0,0.0
2023-12-07,147.7649118050395,148.34959188917585,147.25566224366952,147.8592071533203,8130900,0.0,0.0
2023-12-08,148.3024223551613,149.73584676995327,148.0383723826528,149.49066162109375,7369400,0.0,0.0
2023-12-11,149.4906786018212,150.22624852159782,149.14174407807883,150.0376434326172,8093900,0.0,0.0
2023-12-12,150.16019507185587,151.49930960914043,149.83013983774387,151.37672424316406,10223000,0.0,0.0
2023-12-13,151.376751172791,152.80073607591623,150.66947133004385,151.885986328125,12379100,0.0,0.0
2023-12-14,152.6121243164545,155.45066878084032,152.49896415125406,154.6490936279297,13643000,0.0,0.0
2023-12-15,153.79093631953123,155.8656210556817,153.14023653822656,155.81846618652344,20309300,0.0,0.0
2023-12-18,156.46916508532496,157.61024959807705,156.19568986918287,156.76150512695312,8469600,0.0,0.0
2023-12-19,156.5445970162341,158.87390632782794,156.12023201068527,158.85504150390625,10345700,0.0,0.0
2023-12-20,158.42127317416848,159.760388064777,156.9689837140342,157.06329345703125,10734700,0.0,0.0
2023-12-21,157.3367577550905,158.5155575124074,156.24282812678547,157.95916748046875,7601700,0.0,0.0
2023-12-22,157.95917790673107,158.64759298134297,157.7045531132431,157.8648681640625,6576300,0.0,0.0
2023-12-26,157.92144185918576,159.15682162146308,157.65737749239696,158.7984619140625,4683600,0.0,0.0
2023-12-27,158.2797759335722,159.81693521176237,158.0345907978248,159.75091552734375,6428600,0.0,0.0
2023-12-28,159.70378553614376,160.93916529174086,159.373715871676,160.59967041015625,6320100,0.0,0.0
2023-12-29,160.3167620438129,160.96746179209865,159.96784193110983,160.41107177734375,6435100,0.0,0.0
2024-01-02,159.45859562508764,162.3631599230326,159.2888553688662,162.27828979492188,9977400,0.0,0.0
2024-01-03,162.07080905271448,162.24054929758722,160.6656746705868,161.5709991455078,9852300,0.0,0.0
2024-01-04,161.91259668017605,164.4839997839759,161.81770540051127,162.64321899414062,11972500,1.05,0.0
2024-01-05,162.70014174249383,164.51245797473024,162.70014174249383,163.459228515625,10066000,0.0,0.0
2024-01-08,163.2220001220703,163.54460726616028,160.82139873382036,163.2220001220703,11229900,0.0,0.0
2024-01-09,162.84248752428073,163.00379113396048,161.4002383747752,161.9315948486328,9923600,0.0,0.0
2024-01-10,161.3053268268902,162.33009181707794,160.309026324343,162.27316284179688,9670200,0.0,0.0
2024-01-11,161.61844556584327,161.64691005258496,160.0148785803073,161.58998107910156,11919500,0.0,0.0
2024-01-12,164.9109759460637,167.29259640908697,160.26157849064393,160.40391540527344,19436500,0.0,0.0
2024-01-16,156.43768035554754,159.49299385483397,155.8968406686566,159.3981170654297,17206400,0.0,0.0
2024-01-17,158.78137265631167,160.42290202843512,157.97485469273727,158.54415893554688,11107500,0.0,0.0
2024-01-18,158.57262518214884,158.9616591633274,156.788787827513,158.85728454589844,9382300,0.0,0.0
2024-01-19,158.98063779337124,161.84618358047715,158.53467484219206,161.59947204589844,13115700,0.0,0.0
2024-01-22,161.74178818370544,163.18403698933614,161.0301471162414,161.40968322753906,12837500,0.0,0.0
2024-01-23,160.99219920582442,161.06810933054288,159.8251118048267,160.34698486328125,8360800,0.0,0.0
2024-01-24,160.69807582742826,162.26368071250425,160.2236483497231,161.77976989746094,9967100,0.0,0.0
2024-01-25,163.497202679032,164.14243160757394,162.16881147082555,164.09498596191406,8873500,0.0,0.0
2024-01-26,163.7818586219111,164.20884046709205,162.99430725137032,163.46873474121094,7443000,0.0,0.0
2024-01-29,163.4307461013977,164.00005026001583,162.53882032668415,163.8956756591797,6971200,0.0,0.0
2024-01-30,163.99060578443397,167.71959885740603,163.99060578443397,167.25466918945312,10822100,0.0,0.0
2024-01-31,167.18824195590526,169.1808431739778,165.42337114167398,165.44235229492188,11521800,0.0,0.0
2024-02-01,164.75913474734716,165.89775752773647,162.6621594234444,164.8445281982422,9354800,0.0,0.0
2024-02-02,164.43657084261173,166.82768944489155,164.39860853554015,165.79342651367188,8607600,0.0,0.0
2024-02-05,164.9679134968324,166.13500096991308,164.07598757427212,165.57518005371094,7820200,0.0,0.0
2024-02-06,165.6795413976579,166.87509326368186,164.87300900590824,166.1444854736328,6764800,0.0,0.0
2024-02-07,166.70433790988764,166.87512486092518,165.06282280749863,166.45762634277344,7225500,0.0,0.0
2024-02-08,166.04961611663302,166.34375883435635,164.69276048884402,165.85984802246094,6060300,0.0,0.0
2024-02-09,166.04961395288615,166.14450523792445,164.78763514943896,166.05909729003906,6296700,0.0,0.0
2024-02-12,165.84085611158963,167.76703037532326,164.81609109548293,166.7991943359375,8539300,0.0,0.0
2024-02-13,166.35324093999716,167.21668785869483,163.79132123629455,165.34744262695312,8397600,0.0,0.0
2024-02-14,166.11602396443158,167.09334329239704,165.49925963075256,167.02691650390625,7056700,0.0,0.0
2024-02-15,167.1407757730594,170.99313861983137,167.1407757730594,170.67051696777344,8723400,0.0,0.0
2024-02-16,170.42381164390923,170.7748832877289,169.04797507605818,169.87347412109375,8152600,0.0,0.0
2024-02-20,170.02529871425853,171.23034839812226,169.28519310769673,170.5376739501953,9668000,0.0,0.0
2024-02-21,170.7464483434242,171.73326561657646,169.38959269081207,171.64785766601562,7024000,0.0,0.0
2024-02-22,172.52081000181218,174.0389691999663,171.970472406029,173.70687866210938,9296500,0.0,0.0
2024-02-23,174.40901731437765,175.72792504973566,173.82073190790015,174.57981872558594,7105800,0.0,0.0
2024-02-26,174.3520932485434,175.02578661879247,173.1470434344582,173.98204040527344,7145400,0.0,0.0
2024-02-27,173.9345742347972,174.15280678882112,172.91930710908773,174.06741333007812,5717100,0.0,0.0
2024-02-28,174.04845112073724,175.7279283839972,173.60250262820136,174.9498748779297,6131600,0.0,0.0
2024-02-29,176.16442435922684,176.89503229136554,174.44699911032092,176.54396057128906,9643000,0.0,0.0
2024-03-01,176.20234267897524,176.90450047991027,175.63303845622815,175.8133087158203,6311800,0.0,0.0
2024-03-04,175.26300176048102,177.99569413338153,174.84550327171607,177.13223266601562,7063600,0.0,0.0
2024-03-05,176.82862140879405,179.61825747313026,176.82862140879405,178.9066162109375,6617800,0.0,0.0
2024-03-06,179.570778102442,180.3488460192698,178.0336378978686,179.83645629882812,7572900,0.0,0.0
2024-03-07,180.1970245029766,180.75684537868307,177.0847818143066,178.2613525390625,7618300,0.0,0.0
2024-03-08,178.80222458380084,180.71891558839314,178.3088159683026,178.59347534179688,6172200,0.0,0.0
2024-03-11,177.70152818428755,178.80220324195417,176.69574439925185,178.6598663330078,5762600,0.0,0.0
2024-03-12,179.2861349314453,180.43425575956988,178.29933218131626,180.130615234375,5708400,0.0,0.0
2024-03-13,180.62402184480607,181.92394844272968,180.1306132360268,181.59185791015625,7795500,0.0,0.0
2024-03-14,181.25974046676782,181.82905916695464,177.53074786350967,178.3562469482422,10310900,0.0,0.0
2024-03-15,176.94244522461395,181.17434415077483,176.94244522461395,180.56707763671875,17214200,0.0,0.0
2024-03-18,180.88019191558524,182.84431378763173,180.1780341639533,182.80636596679688,9013800,0.0,0.0
2024-03-19,182.85383525818784,184.01142492310007,182.54071140188407,183.8785858154297,8478700,0.0,0.0
2024-03-20,184.25810197361542,186.50688304622224,183.70776449389064,186.2886505126953,9367000,0.0,0.0
2024-03-21,186.46895863754574,189.23011523950757,186.2886739000261,188.87904357910156,11203800,0.0,0.0
2024-03-22,188.83160536845347,190.22642320705918,186.48793264526574,186.5638427734375,8108800,0.0,0.0
2024-03-25,186.54488715000187,186.86749435505874,184.41944687042397,184.85592651367188,8620000,0.0,0.0
2024-03-26,184.63766637481814,186.60180291274617,184.13477445009167,185.7193603515625,5961500,0.0,0.0
2024-03-27,186.4499906047404,189.3914466295502,186.33613264813874,189.31553649902344,8725800,0.0,0.0
2024-03-28,189.28706341600085,190.45415085331146,188.38563970590695,190.05563354492188,8628300,0.0,0.0
2024-04-01,189.76149830319193,190.66290757030683,188.41412607095276,188.76519775390625,7309000,0.0,0.0
2024-04-02,188.24330709601438,189.56221471622638,187.94916441845547,188.68927001953125,7014700,0.0,0.0
2024-04-03,188.86005650680525,189.35346506585586,187.5885945261513,188.1579132080078,9353400,0.0,0.0
2024-04-04,190.06671300400296,190.5725384067868,186.6309186395937,186.72634887695312,9243800,1.15,0.0
2024-04-05,187.21308807266684,189.08368373972885,186.21097596961084,188.44424438476562,6532300,0.0,0.0
2024-04-08,188.6065008303441,189.90447149415994,188.6065008303441,189.42727661132812,8001000,0.0,0.0
2024-04-09,189.03596449913155,189.80901778367087,186.02008971749524,188.1579132080078,7351500,0.0,0.0
2024-04-10,186.63091835715863,188.0815948534464,185.3233944981093,186.5545654296875,7681400,0.0,0.0
2024-04-11,187.0603971048666,187.60440627028007,184.42628655151975,186.51638793945312,10137700,0.0,0.0
2024-04-12,179.73068483719993,180.31284860479283,174.2142986804954,174.45289611816406,31532300,0.0,0.0
2024-04-15,176.0848925222756,178.90989232756837,173.88979338856458,174.54832458496094,14766600,0.0,0.0
2024-04-16,174.55784397352923,174.80599457830863,171.45607791641797,172.5536346435547,16451800,0.0,0.0
2024-04-17,173.0976418055842,174.09975382543902,171.02661806472688,171.86648559570312,9017100,0.0,0.0
2024-04-18,172.83995591100177,174.99687108359075,171.76149104329275,172.9831085205078,9557700,0.0,0.0
2024-04-19,174.0806436572483,177.40192969181965,173.13580734704428,177.32557678222656,13402300,0.0,0.0
2024-04-22,177.5069394038577,181.45811204263342,177.49738618697634,180.7709503173828,11529700,0.0,0.0
2024-04-23,182.4125059825634,183.46232590313252,181.83032768955627,183.37643432617188,9144400,0.0,0.0
2024-04-24,181.83986299476692,184.41671219594375,181.49628213042132,184.2735595703125,6964900,0.0,0.0
2024-04-25,183.48141172959566,185.0943325814848,182.46020780549338,184.55032348632812,9802300,0.0,0.0
2024-04-26,184.74122414056745,185.9819191199223,184.25447606565834,184.6648712158203,6413700,0.0,0.0
2024-04-29,184.65533733070905,185.3997602213909,183.65322511238105,184.46446228027344,5387800,0.0,0.0
2024-04-30,184.01587936793962,186.0964565277787,182.8992451443853,182.99468994140625,8153700,0.0,0.0
2024-05-01,183.50051042268325,185.59062618122607,182.08800319125083,183.1092071533203,7445300,0.0,0.0
2024-05-02,184.26404331556682,184.67442393414981,180.87595665640484,182.91835021972656,6501700,0.0,0.0
2024-05-03,183.2428314886118,183.7486568896736,179.86429819068653,181.82078552246094,8922800,0.0,0.0
2024-05-06,182.98510858949157,183.43367285342538,181.16223557444755,183.2427978515625,7911100,0.0,0.0
2024-05-07,182.95650428655827,184.13039955093174,182.90878188854626,183.0042266845703,7688800,0.0,0.0
2024-05-08,182.28844236186254,187.6807386275388,182.28844236186254,186.72634887695312,9227600,0.0,0.0
2024-05-09,186.26824403253585,188.57786545857692,186.2014443233279,188.49197387695312,7977300,0.0,0.0
2024-05-10,189.48452041598773,190.24803507157247,189.22684568795714,189.70404052734375,7529800,0.0,0.0
2024-05-13,189.73267730698475,190.73478941529618,189.00733180699527,189.66586303710938,7049200,0.0,0.0
2024-05-14,189.9235483988948,192.385875547787,189.121864553999,192.31906127929688,8596200,0.0,0.0
2024-05-15,192.79624832491854,193.44524086083933,190.65842482501571,192.89169311523438,8370000,0.0,0.0
2024-05-16,192.9966778539951,195.1535932389949,192.77717231019278,193.2352752685547,8497900,0.0,0.0
2024-05-17,194.51416504960696,195.69761353618276,193.55977533673882,195.449462890625,9260500,0.0,0.0
2024-05-20,195.06771712380632,196.48976306989658,186.4877481736679,186.6595458984375,17373300,0.0,0.0
2024-05-21,188.01476428528767,190.78248849278148,187.6330142438508,190.41983032226562,14420800,0.0,0.0
2024-05-22,189.92356116796256,191.77507962196466,188.6733129194728,189.26502990722656,9425300,0.0,0.0
2024-05-23,188.78783709451415,189.25549332200828,187.12720822353947,187.9384307861328,8069400,0.0,0.0
2024-05-24,188.73054238375408,191.60324982166694,188.5492060306778,191.5555419921875,7356200,0.0,0.0
2024-05-28,190.74432244521444,191.26923968293062,189.59905773927144,190.40074157714844,6910200,0.0,0.0
2024-05-29,188.9691437571096,189.91399471851386,187.90977070201868,189.07412719726562,6120000,0.0,0.0
2024-05-30,189.50359554891975,190.7347662809771,189.35088971872463,190.2384796142578,6829100,0.0,0.0
2024-05-31,190.2098508442745,194.02740925735446,189.30318363373397,193.38796997070312,14417900,0.0,0.0
2024-06-03,193.0825708149027,193.18755426057615,190.10487971991847,192.61492919921875,6444300,0.0,0.0
2024-06-04,191.0306224934816,192.7676039624625,189.23636541672454,190.07623291015625,6848300,0.0,0.0
2024-06-05,190.64885230599202,190.70612791208086,187.93838946427653,188.26287841796875,8351600,0.0,0.0
2024-06-06,188.26290644052494,188.98825193066074,186.42094131495605,187.9288787841797,7640300,0.0,0.0
2024-06-07,188.42514935958465,191.75597461770602,188.024307437637,190.83021545410156,6964500,0.0,0.0
2024-06-10,190.15260252915212,191.6796172589224,189.38908788285167,190.50572204589844,6070800,0.0,0.0
2024-06-11,188.8832644889089,188.9118950141953,184.7698473106833,185.49517822265625,9235300,0.0,0.0
2024-06-12,187.0603890501278,187.74755082799157,182.5842988392324,182.7942657470703,12751300,0.0,0.0
2024-06-13,183.54823918155475,185.70515472071864,182.17391564540972,184.82711791992188,8587800,0.0,0.0
2024-06-14,182.71790538052034,185.97237775666235,182.68927485451107,184.94163513183594,6874000,0.0,0.0
2024-06-17,184.65532940145712,186.65955375205004,183.85364548635286,186.0869140625,8725400,0.0,0.0
2024-06-18,185.72424105772285,188.930991025547,185.27567673463204,188.0147705078125,9023000,0.0,0.0
2024-06-20,187.43258948693125,190.35301959036525,187.16536154039684,189.6085968017578,8731100,0.0,0.0
2024-06-21,187.73799820567726,188.17700929825324,185.36156268713378,187.34669494628906,20972100,0.0,0.0
2024-06-24,188.78781706567207,190.14304864072443,188.1102085595612,189.80902099609375,9785900,0.0,0.0
2024-06-25,189.05505753391142,190.9447596786857,188.721029867147,189.03598022460938,6862500,0.0,0.0
2024-06-26,188.44424751166255,188.91190371760356,187.3276132855566,188.42515563964844,7758600,0.0,0.0
2024-06-27,188.43469489460125,190.74431610090178,187.91931632822877,190.08578491210938,7913500,0.0,0.0
2024-06-28,190.88748938726886,193.3593699170051,190.2098808173549,193.0348663330078,15307600,0.0,0.0
2024-07-01,193.5883881973363,197.64454410688455,193.416605054855,196.079345703125,10205800,0.0,0.0
2024-07-02,195.92664354617938,199.33382156432344,195.43037141669657,199.30519104003906,7802900,0.0,0.0
2024-07-03,199.99234547043878,200.78449059341636,198.1789964757142,199.17156982421875,5560900,0.0,0.0
2024-07-05,198.64377422771068,199.0084419463454,196.27336816071954,196.532470703125,8093100,1.15,0.0
2024-07-08,196.77237767256634,198.5573794017683,195.74552979069207,196.8971405029297,8707000,0.0,0.0
2024-07-09,197.33860892161442,201.30206944737745,197.16585925201633,199.25796508789062,9058900,0.0,0.0
2024-07-10,197.8280277635907,199.58424030901233,197.29061041180532,199.4210968017578,8328500,0.0,0.0
2024-07-11,197.89519852111354,199.70898927928098,197.0986640573066,199.08518981933594,10658100,0.0,0.0
2024-07-12,195.77430721941593,199.08519330986306,193.9509249213505,196.67640686035156,15443400,0.0,0.0
2024-07-15,198.83570341075963,203.07747876015205,198.38465354242032,201.58038330078125,10719700,0.0,0.0
2024-07-16,201.5323940342005,205.12159527581198,199.68981390311083,205.0064239501953,11557000,0.0,0.0
2024-07-17,205.17916232258048,208.78754638356358,204.67053414664076,208.1253662109375,11572500,0.0,0.0
2024-07-18,206.93537311360464,207.90464262796732,200.80303124118646,201.51318359375,12415100,0.0,0.0
2024-07-19,202.68398424570762,203.78762269683403,200.49591964655664,201.3212432861328,8095900,0.0,0.0
2024-07-22,201.9738666221963,203.61490803175306,201.2541080213492,201.80111694335938,7663200,0.0,0.0
2024-07-23,202.5112401709101,202.9526838167723,200.9085797907141,201.84906005859375,5557300,0.0,0.0
2024-07-24,201.1005270559385,203.48052438660613,199.68020772158312,200.17922973632812,7119000,0.0,0.0
2024-07-25,200.2368295595067,201.7147420327881,199.66103148604793,200.2560272216797,6403800,0.0,0.0
2024-07-26,200.8030488593653,204.56498521561846,200.20803848586095,203.6820831298828,8027800,0.0,0.0
2024-07-29,204.0755227146991,204.99682004630137,202.0602076823259,202.34811401367188,6533600,0.0,0.0
2024-07-30,204.63213201184072,207.08890530291896,204.37302950002504,206.5131072998047,8850700,0.0,0.0
2024-07-31,206.11964077185962,207.6647229458713,204.09471959527943,204.219482421875,9071600,0.0,0.0
2024-08-01,204.60338069812147,205.20798262459832,198.0583832642799,199.57467651367188,10918600,0.0,0.0
2024-08-02,195.65916985684163,196.4173090899953,188.951014866982,191.11029052734375,18041700,0.0,0.0
2024-08-05,186.2255269573448,188.26003972022244,183.2025323392783,187.04124450683594,13927000,0.0,0.0
2024-08-06,187.5211047088707,194.4307991057657,186.17756115587804,192.2619171142578,10605800,0.0,0.0
2024-08-07,195.30407255531497,197.4537566355557,192.12754058739833,192.31947326660156,9204400,0.0,0.0
2024-08-08,194.30599424752398,196.64761077088747,193.65340563179683,195.83187866210938,7761200,0.0,0.0
2024-08-09,195.26568795748204,198.14472201831654,194.71866445703174,197.50173950195312,5540200,0.0,0.0
2024-08-12,198.0871679594775,198.78772889996102,195.44805308023797,197.87603759765625,6936000,0.0,0.0
2024-08-13,199.35391161147854,199.6993962854889,197.11786006073427,199.55545043945312,6387800,0.0,0.0
2024-08-14,199.36353061795853,202.26174789086065,198.76852024775556,201.76272583007812,6999800,0.0,0.0
2024-08-15,204.41142772567014,205.26554061728052,202.58804526064463,203.0198974609375,7001000,0.0,0.0
2024-08-16,203.15423577226989,205.45745708775618,203.0582621159896,205.34230041503906,7931200,0.0,0.0
2024-08-19,205.37110402457384,206.83941027906192,205.19836900335173,206.76263427734375,6090800,0.0,0.0
2024-08-20,206.33075850164272,207.29043644816198,205.06397658334606,205.8701171875,5640000,0.0,0.0
2024-08-21,205.78375651861572,206.33078003410972,204.25787193885594,205.94691467285156,5202300,0.0,0.0
2024-08-22,205.92770721801395,208.05819355178016,205.6973792260983,207.89505004882812,5247100,0.0,0.0
2024-08-23,208.82596096633335,210.35184563489813,207.77030919614816,209.50732421875,7214000,0.0,0.0
2024-08-26,210.17908959536388,210.82207214735465,209.25780684522277,210.3326416015625,5105200,0.0,0.0
2024-08-27,210.65891263842738,211.53222313341251,210.3518232928703,211.30189514160156,5185200,0.0,0.0
2024-08-28,210.40940501408693,213.25005838467985,210.35182667608916,212.3671417236328,6506400,0.0,0.0
2024-08-29,213.19246805291826,213.98900257334432,210.1119097835547,213.25006103515625,6416100,0.0,0.0
2024-08-30,213.52837890369267,216.38821556365377,212.98135535356386,215.7356414794922,8574100,0.0,0.0
2024-09-03,213.336424500989,215.06384784728323,210.39981213405102,211.4170684814453,8956100,0.0,0.0
2024-09-04,212.12723207920712,213.1157139537024,208.45167799328414,210.48619079589844,7389500,0.0,0.0
2024-09-05,211.27311444323652,211.8969139547451,207.31924560820755,208.854736328125,8067900,0.0,0.0
2024-09-06,208.82594829731795,209.91998068208017,202.57843485706223,203.89320373535156,7777000,0.0,0.0
2024-09-09,206.51312105129102,209.35375986693387,205.54383685302398,208.0677947998047,8935100,0.0,0.0
2024-09-10,209.78564990213292,209.82403058506446,192.52103467454134,197.2714385986328,28406900,0.0,0.0
2024-09-11,196.97392597392317,199.32513434186177,193.69182869664772,198.87408447265625,13658700,0.0,0.0
2024-09-12,199.27715101962826,200.3615919553569,196.62844474311245,198.26950073242188,9054400,0.0,0.0
2024-09-13,198.5190120847975,199.4690986741892,194.833851700199,196.08143615722656,10226700,0.0,0.0
2024-09-16,197.53055327809923,199.8145919368192,197.30022525287094,199.47869873046875,8634900,0.0,0.0
2024-09-17,199.35390740598294,201.4651960832742,199.28673756042474,200.8126220703125,7573300,0.0,0.0
2024-09-18,200.58232210578782,202.81837392180947,198.36546795268998,199.16200256347656,8259900,0.0,0.0
2024-09-19,201.32127025220836,203.36538928713296,198.97965334983056,201.9930419921875,11635200,0.0,0.0
2024-09-20,201.46520015567114,202.89512568030523,201.05254563504943,202.57843017578125,20885000,0.0,0.0
2024-09-23,202.4920612297152,203.25980657066546,201.52279170592422,202.91432189941406,7223500,0.0,0.0
2024-09-24,202.6359974070873,204.36342068093103,201.88744976234233,203.05825805664062,7323200,0.0,0.0
2024-09-25,203.1446478984502,203.68207992104146,200.19844382266885,201.71473693847656,8976500,0.0,0.0
2024-09-26,202.61681440246963,203.16382323049552,200.58228714937277,201.3212432861328,7807500,0.0,0.0
2024-09-27,202.15616813497374,203.87399998332447,200.88940076897532,202.01222229003906,7032500,0.0,0.0
2024-09-30,197.9911588584064,202.45367018723,196.98349406521893,202.35769653320312,8663800,0.0,0.0
2024-10-01,200.47671295451005,200.65905410347787,197.87599397450813,198.69171142578125,8540100,0.0,0.0
2024-10-02,198.73014693766058,200.52474033695253,197.39619493599187,198.93167114257812,5810900,0.0,0.0
2024-10-03,197.85679624868848,198.16390021390342,196.1005838868636,196.95469665527344,7251300,0.0,0.0
2024-10-04,202.09147177955307,204.37984155671134,199.78378669993631,203.94534301757812,10211700,1.25,0.0
2024-10-07,203.76190602752735,205.98269458084312,202.46806055788844,203.66534423828125,6718900,0.0,0.0
2024-10-08,203.32740337902976,204.05157258412177,201.20317665741186,203.49154663085938,6021800,0.0,0.0
2024-10-09,202.47769976692018,206.8613454534999,202.1687285781039,206.069580078125,7024000,0.0,0.0
2024-10-10,207.41173500682478,207.41173500682478,204.1867713494914,205.50958251953125,7927100,0.0,0.0
2024-10-11,208.24209865254014,216.89351339672228,207.74966888805528,214.63409423828125,18320700,0.0,0.0
2024-10-14,215.51276767760157,215.99554718168815,211.34156042358927,213.8520050048828,9048900,0.0,0.0
2024-10-15,215.95693117924253,217.68527532023913,214.1803061412129,214.7306671142578,9235800,0.0,0.0
2024-10-16,214.6727269219523,215.97622268757254,213.42714760377535,215.93760681152344,6382500,0.0,0.0
2024-10-17,216.54592216463283,218.0715071604394,215.6189790372494,216.6907501220703,6470200,0.0,0.0
2024-10-18,217.25074963533817,218.13906204363374,215.4161936428324,217.60800170898438,7000500,0.0,0.0
2024-10-21,217.46319852448005,217.92666271781536,215.22309457904748,215.3196563720703,5870000,0.0,0.0
2024-10-22,215.33897121583806,217.52112924082374,213.48509971320877,216.4010772705078,9586800,0.0,0.0
2024-10-23,215.9569048592029,217.05764140440024,214.8658185989315,215.71551513671875,6180500,0.0,0.0
2024-10-24,214.18994055717258,217.30869179537711,214.0257973060313,217.2314453125,6002200,0.0,0.0
2024-10-25,217.25078329046238,217.84942517866347,213.27268477329852,214.65342712402344,6369700,0.0,0.0
2024-10-28,215.65762021512975,217.86874396216535,215.2713877542694,217.7335662841797,6843000,0.0,0.0
2024-10-29,217.45353704067085,218.9404913371286,215.1361867268046,215.22308349609375,6580000,0.0,0.0
2024-10-30,214.87550115342282,218.5156628404685,213.94857273050474,216.6811065673828,7110900,0.0,0.0
2024-10-31,216.96109290971893,217.91700157327347,214.18029315501,214.27684020996094,7829900,0.0,0.0
2024-11-01,215.86036059570225,218.36115478761525,215.0299792936343,215.26171875,6923500,0.0,0.0
2024-11-04,214.9817056480971,216.05347672838175,211.62156445041862,212.21055603027344,8229600,0.0,0.0
2024-11-05,212.45194122469928,214.3154777176928,212.42297563395553,213.86166381835938,5600700,0.0,0.0
2024-11-06,226.90637065875526,239.4586379717928,226.68429620853013,238.55101013183594,23987800,0.0,0.0
2024-11-07,236.07918035167899,236.1467765550335,227.11879382619438,228.2388458251953,16451100,0.0,0.0
2024-11-08,231.09688077350958,231.09688077350958,227.65949319123993,228.8181610107422,9502100,0.0,0.0
2024-11-11,231.734167897953,233.76184776036473,230.76860886504485,231.04861450195312,9017100,0.0,0.0
2024-11-12,232.26521962387952,233.14388184693877,230.53686076900374,231.30931091308594,6861000,0.0,0.0
2024-11-13,232.29416108376773,235.68326750644812,232.03345605640476,232.85418701171875,11472600,0.0,0.0
2024-11-14,234.0707942453307,235.87638473135124,232.74798322472824,233.53973388671875,10172200,0.0,0.0
2024-11-15,233.14385889927163,237.93302280132795,233.14385889927163,236.8612518310547,11518800,0.0,0.0
2024-11-18,239.2268682839051,239.3910115292734,234.3218272931725,236.5908966064453,9051400,0.0,0.0
2024-11-19,233.90666165823853,236.70677679200912,233.2307733224933,234.7177276611328,6792700,0.0,0.0
2024-11-20,235.9826082126915,236.1853820806055,230.42099380614764,232.48728942871094,9015300,0.0,0.0
2024-11-21,234.85289619986844,237.0350688275059,233.77147490470944,236.3302001953125,8783500,0.0,0.0
2024-11-22,235.219821387118,240.5690116009233,234.65979541625032,239.98968505859375,7997300,0.0,0.0
2024-11-25,240.99386567944467,245.55130530795057,240.4821205914916,241.6697540283203,10295400,0.0,0.0
2024-11-26,241.86287360225722,242.35530337685785,239.78691296046713,241.36077880859375,6212100,0.0,0.0
2024-11-27,240.76213237626226,242.53875732525523,240.20210641192003,241.1869659423828,5472300,0.0,0.0
2024-11-29,241.25456243074825,243.09878358106323,240.8586797210085,241.119384765625,5494800,0.0,0.0
2024-12-02,240.95523784835137,241.63112616369568,236.5909072884335,237.76889038085938,8899700,0.0,0.0
2024-12-03,239.68068248090884,240.46278283539104,236.20467926840362,236.3881378173828,6657700,0.0,0.0
2024-12-04,236.2722736572103,236.89989581875426,233.8873418565162,235.0170440673828,7346300,0.0,0.0
2024-12-05,236.93852436784667,238.66686850941545,236.19503980642355,237.02542114257812,6572500,0.0,0.0
2024-12-06,237.2378514526948,239.20760013056864,236.40747009501496,238.84068298339844,5519700,0.0,0.0
2024-12-09,238.61858077940386,239.33308495141208,235.36463719813491,235.4129180908203,7076500,0.0,0.0
2024-12-10,235.49017580217017,239.42000786865495,233.87769409575165,234.4956512451172,9108300,0.0,0.0
2024-12-11,235.59639202600604,235.85709707692163,233.8390676036829,235.142578125,7884400,0.0,0.0
2024-12-12,234.63081380840498,235.69293449672634,232.73831187283054,233.21144104003906,6113800,0.0,0.0
2024-12-13,233.7328690945859,234.3604765375674,230.9037736251097,231.6762237548828,10392700,0.0,0.0
2024-12-16,232.32313781366128,232.38106899290696,229.33956421642742,231.32861328125,9032000,0.0,0.0
2024-12-17,230.43062510460985,230.78789191547116,228.48020673867956,230.15061950683594,8083600,0.0,0.0
2024-12-18,230.76860039603835,230.83619659782678,221.6247555113085,222.43582153320312,11322400,0.0,0.0
2024-12-19,224.27037697069503,228.21950946148152,224.27037697069503,224.93661499023438,11790800,0.0,0.0
2024-12-20,223.93244155838863,230.97137492047273,223.61380532033132,229.4168243408203,32348400,0.0,0.0
2024-12-23,227.93950685968346,230.40167037895355,226.79048935961865,230.17959594726562,8611500,0.0,0.0
2024-12-24,231.1837698892596,234.13839262104892,230.836182814854,233.96458435058594,3729100,0.0,0.0
2024-12-26,233.11490930624282,234.88188409735528,232.49695211699543,234.76602172851562,4451800,0.0,0.0
2024-12-27,234.3604804730654,235.0074032318014,231.77277470486047,232.86386108398438,5730200,0.0,0.0
2024-12-30,230.5465457602813,232.54524539548103,228.9437141507797,231.07760620117188,5723800,0.0,0.0
2024-12-31,231.78244913333967,233.1245756017034,230.7975747930278,231.45416259765625,4871000,0.0,0.0
2025-01-02,232.62245857695913,234.90117826978482,231.20308575332456,231.73414611816406,9220900,0.0,0.0
2025-01-03,235.4901756406523,236.4460843210158,231.9851918792467,234.90118408203125,9491100,0.0,0.0
2025-01-06,236.52198200348707,238.4533732605044,233.49388418568068,233.7559356689453,9917800,1.25,0.0
2025-01-07,235.00793797890452,238.03603585964578,233.8044559653357,236.00759887695312,8753400,0.0,0.0
2025-01-08,235.5999684129956,237.05578696137664,233.41624059042408,235.96878051757812,8675300,0.0,0.0
2025-01-10,235.92996814062778,236.628762281155,231.70810291840846,232.8048095703125,10256800,0.0,0.0
2025-01-13,232.61068207915937,237.33723481661394,231.96041824863897,237.0169677734375,10005300,0.0,0.0
2025-01-14,235.51260144399689,240.42355986458628,235.05644382222508,240.18092346191406,12407400,0.0,0.0
2025-01-15,243.0246450469622,246.19833373301464,236.50257655181815,244.91722106933594,18448500,0.0,0.0
2025-01-16,246.5186034262573,249.46907059514717,244.897793913136,246.78065490722656,15292300,0.0,0.0
2025-01-17,246.65451296396108,252.9436457019137,244.71342133292043,251.5266571044922,17678100,0.0,0.0
2025-01-21,252.40987678428797,256.46675149701815,251.85665851835842,255.28268432617188,13712100,0.0,0.0
2025-01-22,255.15646645827997,255.62233907134996,252.5845261978736,255.09823608398438,9021900,0.0,0.0
2025-01-23,256.89377150881944,258.999839319307,256.03968646138014,258.1166687011719,10749700,0.0,0.0
2025-01-24,255.92321545084891,259.2327800677332,255.26325143834285,257.0393371582031,7666300,0.0,0.0
2025-01-27,256.3890825417096,258.13605303558734,254.535336614133,258.01959228515625,7522300,0.0,0.0
2025-01-28,258.0195941318063,259.4559828890109,257.02961850864546,259.2716064453125,7375400,0.0,0.0
2025-01-29,259.33947579733757,262.7072701402544,257.78659694764065,258.72802734375,7684900,0.0,0.0
2025-01-30,260.7177106689235,261.75620173432395,258.76690422515134,260.3294982910156,8753500,0.0,0.0
2025-01-31,261.3000557826277,262.8432200467561,259.0968978658329,259.4268798828125,7193800,0.0,0.0
2025-02-03,254.11793578411613,260.27122081620666,253.99178973862072,258.9512634277344,8381400,0.0,0.0
2025-02-04,261.8920656979003,261.8920656979003,258.97071346699056,260.04803466796875,5626000,0.0,0.0
2025-02-05,260.98947222246505,262.66852710369653,260.4265390771867,262.4646911621094,5704400,0.0,0.0
2025-02-06,264.42522935273706,268.8218008796745,263.20233210063896,268.744140625,7264400,0.0,0.0
2025-02-07,269.10321715000055,270.3455145608461,266.6186223283094,267.676513671875,6857900,0.0,0.0
2025-02-10,268.01620681498275,268.0453220031556,261.64942897239877,263.0567321777344,8627400,0.0,0.0
2025-02-11,262.29968817500816,268.0841322055861,261.7173548361182,266.8903503417969,7196400,0.0,0.0
2025-02-12,266.0071803987953,268.3073988294126,265.2016404153094,267.33685302734375,6683900,0.0,0.0
2025-02-13,267.38535874167565,268.81206220355733,265.74513402635904,268.18121337890625,8398700,0.0,0.0
2025-02-14,269.20026178200214,271.0054922240324,268.30737630553097,268.4432373046875,5688600,0.0,0.0
2025-02-18,268.6082414686908,271.72368491952835,267.89001749911944,271.70428466796875,7919800,0.0,0.0
2025-02-19,270.1805018525814,271.9954174728189,269.0546653482266,271.0248718261719,7007200,0.0,0.0
2025-02-20,270.47167738640707,270.52990776080935,257.9128132494212,258.94158935546875,13846700,0.0,0.0
2025-02-21,260.41687498668233,261.2709600914064,255.09827295553427,256.45703125,12835600,0.0,0.0
2025-02-24,257.67016901902093,259.1357025074417,250.99280984837583,253.6424102783203,10372800,0.0,0.0
2025-02-25,254.50620312645628,255.25351263379156,245.88775278979048,249.81845092773438,9608400,0.0,0.0
2025-02-26,249.58553203875115,253.2250783593955,249.36229586835162,251.1675262451172,5943600,0.0,0.0
2025-02-27,252.51656693419218,255.87467629942992,250.2648938568394,251.4198455810547,8204400,0.0,0.0
2025-02-28,253.0503967893836,257.0102103033765,250.29405049282587,256.85491943359375,10467100,0.0,0.0
2025-03-03,256.22406802064074,258.47574118143245,250.2261026277376,252.94361877441406,9058300,0.0,0.0
2025-03-04,247.76091803763094,249.6534940988536,238.70572440707394,242.8790740966797,13465600,0.0,0.0
2025-03-05,243.84960154438141,245.5965867262712,240.53033710346665,244.12135314941406,7861400,0.0,0.0
2025-03-06,240.80209946195242,242.015281613365,236.66758002130527,239.27833557128906,9983200,0.0,0.0
2025-03-07,238.00693642207267,239.45305495919504,232.36806783489953,235.14382934570312,20498700,0.0,0.0
2025-03-10,229.25262520540508,230.5143228718976,221.96381691976234,225.38014221191406,18887200,0.0,0.0
2025-03-11,224.9239788967364,226.44774284176466,220.01301974210133,222.39085388183594,18143000,0.0,0.0
2025-03-12,227.1077131272591,227.41829488617915,220.56622922120076,221.1873779296875,16054000,0.0,0.0
2025-03-13,222.5461333861297,222.7402395654928,217.62545954737027,218.55718994140625,16467900,0.0,0.0
2025-03-14,221.40087868737876,226.27302221151962,220.87679052941755,225.59364318847656,11962100,0.0,0.0
2025-03-17,224.37076354224342,228.72851937201781,223.67198421387434,227.03976440429688,9586000,0.0,0.0
2025-03-18,227.4182844946614,229.2137852248078,226.6418449421928,228.04913330078125,10344900,0.0,0.0
2025-03-19,228.79645015668714,235.19234280757902,227.97148038251137,232.0671844482422,10120600,0.0,0.0
2025-03-20,229.59228927901535,234.63912397597252,229.2428922333378,231.97012329101562,8328500,0.0,0.0
2025-03-21,230.8054931833966,235.16324913514356,229.5340805612011,234.5129852294922,19326900,0.0,0.0
2025-03-24,238.2495608050386,241.36501910335522,237.21108457850144,240.75357055664062,9422700,0.0,0.0
2025-03-25,241.96675395701018,244.4028332211237,240.32652930123646,243.733154296875,9287700,0.0,0.0
2025-03-26,245.1598570425021,247.16887900045046,242.42291097853027,243.63609313964844,12779300,0.0,0.0
2025-03-27,242.18025576276096,243.25756203065194,239.89946755301614,240.81178283691406,8022500,0.0,0.0
2025-03-28,239.6665652294854,242.16086005777964,234.00828183952703,235.69703674316406,11978400,0.0,0.0
2025-03-31,232.35836101622476,238.61837812715723,230.36873927152533,238.0748748779297,13603000,0.0,0.0
2025-04-01,235.47380892493115,238.45339153399044,233.78506877067235,236.48318481445312,8054700,0.0,0.0
2025-04-02,234.48387014274496,239.9674479641913,234.34799432373393,238.57957458496094,7758800,0.0,0.0
2025-04-03,227.36976405138714,228.2141341410838,220.60505877931982,221.95411682128906,17188500,0.0,0.0
2025-04-04,210.25535885692955,212.58925038559218,204.02513159690807,205.34344482421875,27170700,1.4,0.0
2025-04-07,200.9393169780438,216.83712407913987,197.41406528016333,209.40577697753906,22914400,0.0,0.0
2025-04-08,218.27262514065112,222.49120061794363,208.2437205687665,211.7787322998047,19485700,0.0,0.0
2025-04-09,207.5113154920403,231.9048767833682,206.04652973562588,228.83859252929688,24022400,0.0,0.0
2025-04-10,224.60047349209523,224.9422627815506,214.93289385418547,221.7783203125,18896400,0.0,0.0
2025-04-11,220.99711715573133,232.97906934942662,219.71787325553504,230.65493774414062,20284500,0.0,0.0
2025-04-14,231.53378705459363,234.1508635519738,228.14524845049638,229.20965576171875,13017800,0.0,0.0
2025-04-15,230.55727455130136,233.04739831448416,227.35427768752865,227.65699768066406,10912900,0.0,0.0
2025-04-16,226.55352634462056,228.09643576900157,222.5790672431111,224.21963500976562,9322300,0.0,0.0
2025-04-17,225.38170933973876,228.83859723978307,225.13757837531108,226.5144805908203,9557900,0.0,0.0
2025-04-21,225.21569525952322,226.36798622449223,221.02639969234494,223.61419677734375,8716200,0.0,0.0
2025-04-22,226.53399818903708,230.44986835764868,225.9383180454656,230.0592498779297,10701400,0.0,0.0
2025-04-23,234.5805730456871,240.99632733668028,234.36573659509583,235.22508239746094,14126800,0.0,0.0
2025-04-24,234.1118287364866,239.7073061190241,232.00253368423319,238.89678955078125,9055200,0.0,0.0
2025-04-25,238.9065648044329,239.85379417404548,236.07465147090528,237.8323974609375,8588600,0.0,0.0
2025-04-28,238.81867021795682,241.04514340247584,235.18600030625285,237.5101318359375,7394300,0.0,0.0
2025-04-29,236.50431250866183,239.49247309158469,236.01605058594708,238.87725830078125,7216800,0.0,0.0
2025-04-30,235.5473233123009,239.4631785682675,232.83257331348125,238.87725830078125,12991700,0.0,0.0
2025-05-01,237.13905420831426,242.61735374261244,236.4847850001896,241.09397888183594,8689600,0.0,0.0
2025-05-02,245.36137644120922,247.66597331622904,243.60364543700763,246.58203125,7165000,0.0,0.0
2025-05-05,245.28325170363556,249.16982732673011,244.7071062124704,246.630859375,5450700,0.0,0.0
2025-05-06,244.13095242759528,246.71873456309945,243.1544286178849,243.3985595703125,6369900,0.0,0.0
2025-05-07,243.98448584012095,246.5234388677099,242.98842735746476,243.5352783203125,8724100,0.0,0.0
2025-05-08,245.66412652745117,249.87294218409184,245.64459187714368,247.51951599121094,8320100,0.0,0.0
2025-05-09,248.52531868880288,249.51160240858812,246.41602360630893,247.13865661621094,5087600,0.0,0.0
2025-05-12,256.7281215958606,257.41170023099767,252.62673918846934,253.9450225830078,9603900,0.0,0.0
2025-05-13,254.90204315724205,257.480080666336,254.2770833315241,256.8355712890625,8589000,0.0,0.0
2025-05-14,256.82577133737385,260.38033243913924,256.13244775146745,259.40380859375,8643100,0.0,0.0
2025-05-15,260.70254552918584,263.1926691597646,258.54443639594166,261.2103271484375,9214600,0.0,0.0
2025-05-16,261.2201279945288,262.1575825394603,258.495618128322,261.2787170410156,8932900,0.0,0.0
2025-05-19,259.31587533133506,262.02086524830315,255.78086405036862,258.66162109375,12145000,0.0,0.0
2025-05-20,256.35705189258454,260.3998752754938,256.14221543550514,259.44287109375,8436300,0.0,0.0
2025-05-21,258.144080433802,259.4135494924094,254.60906893720573,254.9117889404297,7464000,0.0,0.0
2025-05-22,253.3493714264354,256.14221556877544,252.7927456326475,254.55050659179688,6514100,0.0,0.0
2025-05-23,250.78105621865066,255.83944197772107,249.99007438301427,254.58949279785156,6671800,0.0,0.0
2025-05-27,255.8883093139594,259.0717566921421,255.83946524243134,259.06201171875,7506600,0.0,0.0
2025-05-28,259.9897008471859,260.45844302460614,256.7281147573034,257.30426025390625,5535400,0.0,0.0
2025-05-29,258.5835028383828,259.17919788181575,256.3668044334763,258.1636047363281,5081200,0.0,0.0
2025-05-30,257.265230909512,259.10107079095377,256.56213251620557,257.80230712890625,10977700,0.0,0.0
2025-06-02,256.84529442949264,258.8081169206428,255.75159247660167,258.4468078613281,6011200,0.0,0.0
2025-06-03,257.5386631607241,260.32173248111746,256.7086118716836,260.0190124511719,6998400,0.0,0.0
2025-06-04,259.67719203257207,260.84900257661883,257.9780205519404,258.01708984375,5915700,0.0,0.0
2025-06-05,258.5249103385397,258.5249103385397,254.1989169051607,255.80043029785156,8173800,0.0,0.0
2025-06-06,258.1245116003273,260.3900538690605,258.0561775861971,259.4916687011719,7738100,0.0,0.0
2025-06-09,259.75531775168025,261.61070691825,257.1675357719009,260.4779357910156,8285000,0.0,0.0
2025-06-10,259.63816546492893,262.58725675736963,259.6088709415357,262.2943115234375,7538100,0.0,0.0
2025-06-11,262.37241483499554,263.2903496169879,259.5502764699578,261.8548583984375,7434100,0.0,0.0
2025-06-12,260.5951413369258,261.9915930968164,258.91554891738133,261.9427490234375,6618000,0.0,0.0
2025-06-13,258.8569035237761,260.75136199008546,256.5425469956405,258.72998046875,7098300,0.0,0.0
2025-06-16,260.731864186611,265.3508326588525,260.5853915714537,264.0129699707031,8566000,0.0,0.0
2025-06-17,261.8744350431756,264.2376062617283,261.51309615663433,263.1927185058594,6739300,0.0,0.0
2025-06-18,263.6614166167527,271.200181276507,263.3879911545291,267.5284423828125,9586400,0.0,0.0
2025-06-20,269.1006625666469,270.79002961674195,267.3819711943445,268.5440368652344,13969700,0.0,0.0
2025-06-23,268.60264103465835,272.0106996489925,265.7218838292262,271.7372741699219,8094600,0.0,0.0
2025-06-24,273.631706176909,276.0730155031396,272.948157446248,274.6570739746094,9267900,0.0,0.0
2025-06-25,274.89142855270444,277.60616331581525,274.31528313116405,277.3913269042969,6826900,0.0,0.0
2025-06-26,278.0163428990485,282.61576173740934,277.79173169250225,281.97125244140625,8942100,0.0,0.0
2025-06-27,279.10025150036057,281.92241945147737,278.34833893885445,280.3697204589844,17868600,0.0,0.0
2025-06-30,283.5825215764878,285.77970025058426,282.13728534359143,283.1040344238281,12689200,0.0,0.0
2025-07-01,284.0610273166312,284.2953834962509,279.86195702454677,283.59228515625,9338300,0.0,0.0
2025-07-02,285.1840583153917,285.945745792629,282.8989958836799,285.1449890136719,8158700,0.0,0.0
2025-07-03,286.66586822419856,290.8360888827844,285.74351114178125,290.443603515625,6541600,1.4,0.0
2025-07-07,289.70765491378785,290.4828336535378,284.63469143869315,286.4892272949219,8825700,0.0,0.0
2025-07-08,283.83990288185674,284.26185381377417,275.04810559551106,277.47174072265625,15440900,0.0,0.0
2025-07-09,281.7891623646238,281.8088060970764,277.1774068900867,277.8446350097656,11273800,0.0,0.0
2025-07-10,277.68760468940775,282.89792448782646,277.68760468940775,282.7801818847656,8410900,0.0,0.0
2025-07-11,280.16028588065166,281.9853860406829,278.3253938002881,281.4751281738281,7384700,0.0,0.0
2025-07-14,281.6812326297011,283.8693527089549,279.90521169280953,283.2806396484375,9079900,0.0,0.0
2025-07-15,282.5937831680985,286.46964738040805,280.121098345475,281.1709899902344,12526100,0.0,0.0
2025-07-16,282.9862680414337,285.2725470105113,277.6974624718264,280.4547119140625,9979800,0.0,0.0
2025-07-17,278.11937245969557,284.85058472552134,278.11937245969557,284.4580993652344,8509500,0.0,0.0
2025-07-18,284.08524890116877,287.0093204502985,282.8194857660448,285.8023986816406,12217000,0.0,0.0
2025-07-21,285.5374312562634,288.65773001934355,285.125302200427,285.50799560546875,7898100,0.0,0.0
2025-07-22,286.028104802118,288.1181262767324,283.75164751884756,285.95941162109375,6717500,0.0,0.0
2025-07-23,287.34290279554006,291.41499440772435,287.0583381931105,291.1893310546875,7083500,0.0,0.0
2025-07-24,291.83697024730424,293.9662191525474,290.6398703754944,290.9832763671875,7001200,0.0,0.0
2025-07-25,291.13049296035166,293.2891775825394,290.40436354527543,293.0144348144531,5918500,0.0,0.0
2025-07-28,292.0724293571669,293.8091927274499,291.2482011503524,292.6807861328125,5840400,0.0,0.0
2025-07-29,294.36850837533046,295.63430134586406,290.63985258046154,291.4640808105469,7635700,0.0,0.0
2025-07-30,291.83695632333047,294.9670472888904,291.79769880383014,294.0054626464844,8061700,0.0,0.0
2025-07-31,293.5246633224064,295.33011989507037,289.9529777509294,290.6790771484375,14749700,0.0,0.0
2025-08-01,284.9487133421405,286.32242707449086,278.9043429750852,283.93804931640625,12007100,0.0,0.0
2025-08-04,284.81135364584816,288.79513839592664,284.81135364584816,288.73626708984375,6649500,0.0,0.0
2025-08-05,289.1581672885365,290.23752439689997,281.8480045472989,285.9004821777344,7182300,0.0,0.0
2025-08-06,286.81300825463615,287.7844445938785,284.7131953506969,285.880859375,6330200,0.0,0.0
2025-08-07,287.44105083933385,287.95127882891904,281.03363056399576,281.5536804199219,8057100,0.0,0.0
2025-08-08,283.55541003235584,285.7631740586469,279.36554536006525,283.33953857421875,6634100,0.0,0.0
2025-08-11,283.9674810703858,285.8514526951056,283.3591242790355,284.1244812011719,5510100,0.0,0.0
2025-08-12,286.02808831162713,289.2170807199043,284.88985973561466,287.3527526855469,8570900,0.0,0.0
2025-08-13,288.43210834423235,289.0208214451698,281.7695589346143,285.0762939453125,8420400,0.0,0.0
2025-08-14,285.1253385944976,288.67741059714604,284.20301143696577,288.6381530761719,6322400,0.0,0.0
2025-08-15,289.30536719380285,289.95298150728627,284.3796115875491,285.0370178222656,7340500,0.0,0.0
2025-08-18,284.5562169634104,286.4205448097455,282.9960675051489,286.0574951171875,5386900,0.0,0.0
2025-08-19,285.3706494849781,286.9897003409671,284.0950645111781,285.203857421875,6031500,0.0,0.0
2025-08-20,285.35100110061984,287.8236856501562,281.8774445149503,286.754150390625,7374200,0.0,0.0
2025-08-21,286.45980522859077,287.2742115786807,284.0361700203976,285.9986267089844,6624000,0.0,0.0
2025-08-22,287.6961645212777,291.5818204071259,284.6837862966605,290.6790771484375,8552800,0.0,0.0
2025-08-25,290.67910031440016,291.76827944217837,288.61854456863614,289.3642578125,5856300,0.0,0.0
2025-08-26,288.63811176318757,293.13212406826625,287.9904975110241,292.96533203125,6714700,0.0,0.0
2025-08-27,291.6701254801894,295.41842494390727,291.46407591230917,293.6620178222656,6056500,0.0,0.0
2025-08-28,294.38811877937053,295.5852185641284,293.0929201153854,295.4184265136719,6410500,0.0,0.0
2025-08-29,296.37022814205386,297.2631495608047,294.10359298088383,295.7618713378906,6796400,0.0,0.0
2025-09-02,294.62364321253557,294.8198709218748,288.9717581566039,294.07415771484375,7221900,0.0,0.0
2025-09-03,294.9278255320024,294.9278255320024,290.8164761661132,293.8877258300781,6316900,0.0,0.0
2025-09-04,294.36852159403367,298.7153562428407,292.68080753910596,298.1168212890625,6605800,0.0,0.0
2025-09-05,297.9499798501053,299.4218223620716,288.78531073562726,288.85400390625,9837700,0.0,0.0
2025-09-08,289.3544334283243,290.89493913151904,285.9691837491296,287.4115905761719,8188500,0.0,0.0
2025-09-09,287.1074615709347,293.3873179050423,286.82289692490065,292.2589111328125,7848200,0.0,0.0
2025-09-10,291.13046319713106,295.8796048140829,289.8548483762926,294.89837646484375,7787300,0.0,0.0
2025-09-11,295.5852436958139,299.9909797241969,295.1437088676121,299.82415771484375,7942500,0.0,0.0
2025-09-12,299.27465392414524,301.7767742987404,297.9990690164523,301.1488037109375,6846700,0.0,0.0
2025-09-15,301.4039041511534,304.1317175736464,301.4039041511534,303.1014099121094,7122000,0.0,0.0
2025-09-16,304.1807788708881,305.06387836899023,301.3646583866889,303.385986328125,10525600,0.0,0.0
2025-09-17,304.563492987762,307.03617773944126,302.973877849489,305.89794921875,8657800,0.0,0.0
2025-09-18,305.9372178866198,307.556238792954,303.7981171700278,307.3501892089844,8050700,0.0,0.0
2025-09-19,307.7132209495945,309.8719053836384,303.31730709863126,308.8710632324219,23568600,0.0,0.0
2025-09-22,303.9845245259009,307.8113389670314,303.74903930910966,306.5749816894531,7520200,0.0,0.0
2025-09-23,305.9666409066948,310.37234675445063,304.74989735202223,306.8693542480469,8584400,0.0,0.0
2025-09-24,308.15476983779797,310.63727651453155,305.81947137817144,307.53662109375,7310500,0.0,0.0
2025-09-25,308.22347685107957,309.7247551863121,305.947019653492,307.5660705566406,7083200,0.0,0.0
2025-09-26,308.988785738579,311.8441636854759,307.8113297451866,310.12701416015625,7258100,0.0,0.0
2025-09-29,311.10828573544467,312.0404647281687,307.7721150397051,309.7640075683594,6462400,0.0,0.0
2025-09-30,310.31346452838187,311.45169300349573,304.28870810842403,309.50885009765625,11823300,0.0,0.0
2025-10-01,308.07628613361976,308.68464295873514,301.6394301376976,304.8774719238281,9235200,0.0,0.0
2025-10-02,304.1808160870063,304.73030161726365,300.39328868596704,301.77679443359375,7600000,0.0,0.0
2025-10-03,302.718779227698,305.80964265751953,302.4243927447969,304.2102355957031,6029900,0.0,0.0
2025-10-06,305.83713416223014,307.38515966997034,300.857851711314,304.85113525390625,7214500,1.5,0.0
2025-10-07,305.01875022701944,305.66951307877287,300.43386159315816,303.3819885253906,8454200,0.0,0.0
2025-10-08,303.8946917756213,304.4567183318842,299.2999336047902,299.7732238769531,6489900,0.0,0.0
2025-10-09,300.77893750215213,303.7270945284432,299.1422058887319,301.2522277832031,7060300,0.0,0.0
2025-10-10,301.3804193716138,306.1230715472904,296.5983188157025,296.6772155761719,8597400,0.0,0.0
2025-10-13,301.3212684867699,305.1272097801061,301.17337467050265,303.6580810546875,10788700,0.0,0.0
2025-10-14,301.5578902761218,302.70165257420854,290.0907186231138,297.85052490234375,16178800,0.0,0.0
2025-10-15,302.1002149225357,307.7499693151439,301.1635039391426,301.4100036621094,11354800,0.0,0.0
2025-10-16,301.0747260223031,304.35808863852304,292.9106575300408,294.3600769042969,10549400,0.0,0.0
2025-10-17,294.97143359875633,295.3559575215809,290.08088749555986,293.3938293457031,10153500,0.0,0.0
2025-10-20,294.32064593592156,299.43798218705626,293.9854099500461,298.1265869140625,6894900,0.0,0.0
2025-10-21,297.436411288458,299.7929328501146,292.8416531202475,292.9303894042969,7372700,0.0,0.0
2025-10-22,293.6008552074487,293.8868032880077,286.4721030595595,289.9920959472656,8054100,0.0,0.0
2025-10-23,290.25837425327126,292.22050252499105,288.41456104050746,290.4161376953125,5438800,0.0,0.0
2025-10-24,291.9345495322769,298.3632818043669,291.31339548312707,296.2335205078125,7228300,0.0,0.0
2025-10-27,297.92941246883,300.2662249001909,296.7955198233114,299.89154052734375,5642200,0.0,0.0
2025-10-28,300.59159530101573,303.6580673748709,298.915415308335,301.0845947265625,6336000,0.0,0.0
2025-10-29,299.2605157595805,303.93414060421026,298.7675163425421,301.2325134277344,7520300,0.0,0.0
2025-10-30,301.50862332627236,308.233113206998,300.8282816526182,305.1075134277344,7514600,0.0,0.0
2025-10-31,304.22008283002725,308.4894444595929,302.9481359332913,306.7639465332031,7721300,0.0,0.0
2025-11-03,306.6456604912348,307.9471862719047,301.9227172950412,305.0187683105469,7770000,0.0,0.0
2025-11-04,302.415720333495,307.84858401169095,300.82827651560933,304.920166015625,7085200,0.0,0.0
2025-11-05,305.27510663609064,308.7162632770978,301.35085025066564,307.3161315917969,6865200,0.0,0.0
2025-11-06,306.63579903674446,310.4319009529449,305.9160390722913,309.03179931640625,7206100,0.0,0.0
2025-11-07,307.5232049313688,310.0276204199649,303.3327096940284,309.8106994628906,7302300,0.0,0.0
2025-11-10,310.5896337890794,315.08578608051664,309.8106862822301,312.45318603515625,5794100,0.0,0.0
2025-11-11,313.0546102409576,314.58289630207906,310.86569176259013,311.200927734375,5030200,0.0,0.0
2025-11-12,311.83200002815875,317.7381233989844,311.782682032414,315.92388916015625,10578300,0.0,0.0
2025-11-13,314.7604311532612,316.14082355780937,304.7722577523736,305.1469421386719,8973300,0.0,0.0
2025-11-14,303.20448907001065,303.3326737235763,297.012418045434,299.35906982421875,10327000,0.0,0.0
2025-11-17,299.74363974118836,301.31137424610444,293.5022804823602,296.1644592285156,8344000,0.0,0.0
2025-11-18,295.3066623130797,298.70837045931603,292.8613742767781,295.2179260253906,8077300,0.0,0.0
2025-11-19,295.5432899586994,300.1873662746028,295.0798692888629,299.02386474609375,5546600,0.0,0.0
2025-11-20,302.05090502503106,305.58079800315744,293.98544109490615,294.2023620605469,7501600,0.0,0.0
2025-11-21,297.07161725529045,297.45614117965755,288.7103357437745,293.8473815917969,11766800,0.0,0.0
2025-11-24,294.0642973394352,295.6221924256846,290.386540762355,293.8276672363281,10940200,0.0,0.0
2025-11-25,295.84892096661844,300.2366275598507,291.4217960873232,298.75762939453125,8877200,0.0,0.0
2025-11-26,300.7296512123902,304.21022597199055,298.95486530692773,303.33270263671875,7910900,0.0,0.0
2025-11-28,304.7722465716023,309.3275563846455,303.9242719247256,308.6965026855469,4322400,0.0,0.0
2025-12-01,308.5683618849884,309.6430970545817,304.2201032083801,304.59478759765625,7727300,0.0,0.0
2025-12-02,304.4172805196406,306.1329390093465,302.7903884074122,303.5693359375,7249000,0.0,0.0
2025-12-03,302.89885953876745,307.98658713845214,302.50443592551073,307.75982666015625,8535300,0.0,0.0
2025-12-04,308.87405237571005,314.0308078212495,308.61768301012796,311.6742858886719,9627800,0.0,0.0
2025-12-05,311.2207252653726,314.02095869272745,310.27414460153136,310.6291198730469,6518900,0.0,0.0
2025-12-08,310.64879808375287,312.0390600856641,308.96274846028484,310.79669189453125,7417200,0.0,0.0
2025-12-09,310.5403783790639,314.336450228146,295.8193913272319,296.30255126953125,18049200,0.0,0.0
2025-12-10,296.292632599085,306.8329619363725,294.2811866679717,305.76806640625,18874100,0.0,0.0
2025-12-11,304.9102649889192,313.5476242674454,304.9102649889192,312.9363098144531,9721900,0.0,0.0
2025-12-12,315.2041261224818,315.7858618718594,312.16726270211575,314.06036376953125,8982900,0.0,0.0
2025-12-15,315.1153648797306,318.3593094805321,313.9321843288561,315.5393371582031,10864100,0.0,0.0
2025-12-16,314.62240273148194,315.0463750601788,309.99806522837446,311.1319580078125,8331300,0.0,0.0
2025-12-17,313.9716244610726,314.8984658400699,310.2544194174254,310.5699462890625,8718700,0.0,0.0
2025-12-18,311.57564186364317,313.2518519730792,307.84856735129125,308.6176452636719,11444900,0.0,0.0
2025-12-19,309.39657764946713,314.099781180705,308.8049723403709,312.7686767578125,24494400,0.0,0.0
2025-12-22,313.064515200958,318.7044300194866,313.064515200958,318.5663757324219,8354600,0.0,0.0
2025-12-23,319.07908304324746,323.1907116116738,318.56637445826755,321.3666076660156,6668300,0.0,0.0
2025-12-24,321.6722493328215,325.36974495293686,320.9426198260136,324.5612487792969,4289300,0.0,0.0
2025-12-26,324.50208933838474,326.22758744424,321.96809498869885,323.31890869140625,4158300,0.0,0.0
2025-12-29,322.4216288798564,323.1808371734579,319.0002116144308,319.2171325683594,8635300,0.0,0.0
2025-12-30,320.2623075229155,320.39049219725354,317.97478280166575,318.89178466796875,7904300,0.0,0.0
2025-12-31,319.79886991908165,320.3313177342217,317.5310845539587,317.70855712890625,5048500,0.0,0.0
2026-01-02,317.9846252281575,321.1694123071354,316.2492576445291,320.92291259765625,8054000,0.0,0.0
2026-01-05,320.942628937084,332.5281155423397,320.63697169770103,329.3630676269531,10752600,0.0,0.0
2026-01-06,329.44229029813283,332.6612412306879,327.49110960074296,331.41326904296875,7660800,1.5,0.0
2026-01-07,327.9764659913386,328.9767963949314,321.4989374679619,323.8660888671875,9815200,0.0,0.0
2026-01-08,323.27183137637843,328.2339475379842,322.53888044956136,326.63934326171875,11737100,0.0,0.0
2026-01-09,326.1936353875406,328.7291759216584,325.0348299492433,326.0450744628906,6738100,0.0,0.0
2026-01-12,318.80490292970194,322.9053354478686,318.1611187929736,321.38995361328125,12805100,0.0,0.0
2026-01-13,321.20175473899405,323.7372950994605,307.60294504088824,307.9297790527344,19371200,0.0,0.0
2026-01-14,305.2556057077196,308.78159262538577,303.19546018048277,304.9287414550781,25951500,0.0,0.0
2026-01-15,305.5230197927318,309.95031666446005,304.8098971346673,306.30548095703125,14751400,0.0,0.0
2026-01-16,307.38506061636195,314.17950872864606,307.0383983149945,309.48480224609375,14652500,0.0,0.0
2026-01-20,303.2845981841295,308.1774060521912,298.9761500928895,299.8477478027344,12900600,0.0,0.0
2026-01-21,300.53118494697816,302.4823658305288,298.2729680555718,299.15447998046875,10270100,0.0,0.0
2026-01-22,301.9474777854751,305.2555953909441,300.0062112868251,300.729248046875,10535800,0.0,0.0
2026-01-23,299.11481126550876,299.4812715954647,293.6772702297321,294.8757019042969,11107900,0.0,0.0
2026-01-26,294.96484861763906,298.8969221500132,294.60830241167326,298.16400146484375,11752700,0.0,0.0
2026-01-27,298.45122352878457,299.08512378237486,295.3016109870806,297.44097900390625,11527400,0.0,0.0
2026-01-28,297.4013222225187,299.03558292254246,295.2025300603667,297.89654541015625,9556700,0.0,0.0
2026-01-29,299.51100066931883,303.898671192008,299.3327275624257,303.49261474609375,11580000,0.0,0.0
2026-01-30,302.333781642444,304.98817089860455,299.66947824936375,302.9676818847656,11953200,0.0,0.0
2026-02-02,301.5513314360023,306.34508884518107,298.49085539325506,305.1961975097656,9839400,0.0,0.0
2026-02-03,306.77099053389486,313.22869052113475,306.14700443281885,311.8420715332031,12688000,0.0,0.0
2026-02-04,311.4062598905275,316.25944126204155,311.4062598905275,314.2389221191406,9848800,0.0,0.0
2026-02-05,311.99062599899656,312.9909865673853,302.6210112179966,307.1968688964844,9388000,0.0,0.0
2026-02-06,311.7034102684662,321.15227836348157,311.7034102684662,319.3199462890625,17797400,0.0,0.0
2026-02-09,318.27007812796035,323.2817350541263,317.05181803840316,319.0228271484375,11477500,0.0,0.0
2026-02-10,319.4684837021083,323.01429884581904,312.1094739861534,315.2392883300781,9902200,0.0,0.0
2026-02-11,320.15191444315514,322.1724337503843,305.78055639607567,307.8505859375,8703500,0.0,0.0
2026-02-12,309.29660600764385,310.62380057979817,297.15372325834437,299.74871826171875,13443400,0.0,0.0
2026-02-13,295.6680481198895,301.38294318623025,293.6871553220786,299.6595458984375,9114500,0.0,0.0
2026-02-17,299.8675549474044,305.29518175186814,299.61002921690664,304.19580078125,8896800,0.0,0.0
2026-02-18,305.51309749540866,309.2966101142475,304.2849535938903,305.8300476074219,7209600,0.0,0.0
2026-02-19,304.2354576365961,306.226234501648,302.2050242231491,305.1070251464844,6737700,0.0,0.0
2026-02-20,305.4536802835111,308.0288471084009,302.75966472033866,307.82086181640625,7792700,0.0,0.0
2026-02-23,305.84987743753925,308.028871901531,292.2807780649544,294.82623291015625,12955400,0.0,0.0
2026-02-24,293.98432184665864,296.886322684036,288.5962907533433,294.459716796875,13554100,0.0,0.0
2026-02-25,295.78692074637365,300.75895068108485,294.1724883145502,300.4023742675781,8095500,0.0,0.0
2026-02-26,301.67017313360896,306.05787397622345,300.73918125790124,303.20538330078125,7007800,0.0,0.0
2026-02-27,297.13393894248406,300.0557680991628,291.636973162459,297.4310607910156,18620800,0.0,0.0
2026-03-02,291.9935267958635,297.11414843979566,290.4088063693875,294.7172546386719,8508900,0.0,0.0
2026-03-03,289.4975898716125,299.5011046657454,286.73423592223537,297.3914489746094,10278200,0.0,0.0
2026-03-04,297.12402886142485,298.12438947518206,292.99388398032096,296.52978515625,8055700,0.0,0.0
2026-03-05,295.1332451958745,298.3620800816865,289.63624924146006,290.74554443359375,12732500,0.0,0.0
2026-03-06,283.6044306839189,287.21955415339994,280.99955170429564,286.7144470214844,13496500,0.0,0.0
2026-03-09,282.7724816341387,288.31898819476027,277.77073879547015,287.1502685546875,12241100,0.0,0.0
2026-03-10,286.52626625452876,289.9532025593205,284.43640849634494,285.97161865234375,8344900,0.0,0.0
2026-03-11,286.05084727233185,287.7049062038017,282.1385715612803,284.7731628417969,10205000,0.0,0.0
2026-03-12,280.1279843639117,281.16797137675815,276.43363807803536,280.18743896484375,13760500,0.0,0.0
2026-03-13,281.9504072447318,284.4463214441296,280.2468381234208,280.7321472167969,9091200,0.0,0.0
2026-03-16,283.6044205599556,286.506421278288,281.89093739443587,283.4261474609375,8149000,0.0,0.0
2026-03-17,286.23902796907333,288.97266988082987,283.2181783456238,284.1492004394531,8961200,0.0,0.0
2026-03-18,284.08971801136914,286.6450865635814,282.3960631878955,284.99102783203125,10057000,0.0,0.0
2026-03-19,284.13928904174674,286.7441681021885,281.900870340191,285.2188720703125,9846700,0.0,0.0
2026-03-20,285.3277943529036,287.9326733008621,282.5446423017302,283.82232666015625,22436500,0.0,0.0
2026-03-23,291.4982779446762,292.9245231806114,285.2188513876401,287.14031982421875,11470800,0.0,0.0
2026-03-24,283.4360748065673,292.6571288676103,282.64369950840546,289.6065368652344,11092300,0.0,0.0
2026-03-25,291.3398308899875,294.7965097163498,289.6461758443202,292.59771728515625,12188200,0.0,0.0
2026-03-26,289.78478993876473,292.1717693530369,287.95248830787267,288.87359619140625,8669200,0.0,0.0
2026-03-27,286.3777093696089,287.3384134369941,279.05829538327214,280.13787841796875,9873300,0.0,0.0
2026-03-30,282.01972478590784,284.50575515603197,279.6327451103039,281.0589904785156,11734400,0.0,0.0
2026-03-31,285.71408872506316,292.25104134220237,282.22772810140145,291.3497314453125,12956900,0.0,0.0
2026-04-01,292.567989087923,295.8661624411999,290.1116710297465,292.5580749511719,11267200,0.0,0.0
2026-04-02,289.1212191631598,292.7957669317203,285.9616926535428,291.7855224609375,6669300,0.0,0.0
2026-04-06,292.7412191857173,295.4987855589938,291.88509063240025,294.125,7142600,1.5,0.0
2026-04-07,291.8253790066561,296.8427544058445,291.38734983011653,296.0662536621094,7849100,0.0,0.0
2026-04-08,306.5888366699219,309.8640903908154,303.96066179364243,306.5888366699219,10590200,0.0,0.0
2026-04-09,305.5734164156603,309.8640846884941,304.73715687535,308.938232421875,6586600,0.0,0.0
2026-04-10,308.6097380099313,308.9581744354404,305.344449093958,308.4803161621094,6069700,0.0,0.0
2026-04-13,306.0910825316173,312.33295236293975,304.0900871089203,312.2732238769531,8318200,0.0,0.0
2026-04-14,308.4305432499699,312.91036189245165,307.4847916064935,309.7247009277344,11455500,0.0,0.0
2026-04-15,312.54203541599225,312.8307129741003,302.8954898881459,304.5579833984375,9885800,0.0,0.0
2026-04-16,303.98059076810495,308.5599670410156,303.8312695552229,308.5599670410156,8208600,0.0,0.0
2026-04-17,311.068653468178,313.4877482505245,308.69932229637936,308.8984375,11082400,0.0,0.0
2026-04-20,309.45594165814435,315.70777661938337,308.9780833700189,315.5683898925781,10772000,0.0,0.0
2026-04-21,316.0661368489313,318.8038038717339,311.3474041387296,311.5962829589844,7084300,0.0,0.0
2026-04-22,313.43799038623484,313.73663281642627,310.5410372905177,311.6161804199219,5545900,0.0,0.0
2026-04-23,312.11395497732667,313.57736372602733,307.5047445243564,310.29217529296875,6969700,0.0,0.0
2026-04-24,309.7545850384977,309.7545850384977,306.5092257615542,306.8974609375,5215300,0.0,0.0
2026-04-27,305.50372444273444,311.1781431330245,305.50372444273444,310.232421875,7925300,0.0,0.0
2026-04-28,313.78643555890045,314.03531438457196,309.7745101043047,310.0532531738281,7398600,0.0,0.0
2026-04-29,309.1771855961317,310.65052875636707,305.91189671624613,307.86309814453125,8031800,0.0,0.0
2026-04-30,305.6928786901284,312.6913497643884,305.1951210592971,311.82525634765625,8865400,0.0,0.0
2026-05-01,312.54203812020876,314.6624601726697,310.43152018106696,311.06866455078125,6135400,0.0,0.0
2026-05-04,309.22694520939064,309.2568094519629,305.13539207341324,306.270263671875,7338200,0.0,0.0
2026-05-05,306.32999740556414,309.5753869306937,305.42407485773,308.0124206542969,6316800,0.0,0.0
2026-05-06,310.0532528884956,314.84167905955115,309.95369528217543,313.4877624511719,8629500,0.0,0.0
2026-05-07,313.23887676443206,314.8814709002291,304.76706239082745,304.8964538574219,8359600,0.0,0.0
2026-05-08,306.86759124184925,307.60426284206056,299.1523476664256,300.74517822265625,9464300,0.0,0.0
2026-05-11,300.74515961007836,301.83026757429667,297.5395993270601,298.6545715332031,9512000,0.0,0.0
2026-05-12,298.67447538308426,304.6873960201211,294.2245209852311,303.5126953125,9498200,0.0,0.0
2026-05-13,300.91440289675086,301.6411400127173,298.72428743531935,298.9034729003906,7709500,0.0,0.0
2026-05-14,300.8945046380796,302.38777761395096,297.4699295162906,298.56500244140625,7364300,0.0,0.0
2026-05-15,298.86362628854243,299.44104214981957,295.1205095874812,296.4743957519531,8699300,0.0,0.0
2026-05-18,296.6635495230975,299.908939014877,295.8870488301784,299.3813171386719,7546300,0.0,0.0
2026-05-19,299.7396822358739,300.436555061437,293.935841710235,294.3738708496094,8066900,0.0,0.0
2026-05-20,295.3694126574367,301.57145376364997,292.35300240137923,300.625732421875,9327000,0.0,0.0
2026-05-21,299.8790926087445,302.6167597554335,298.8636475324957,301.6411437988281,7874400,0.0,0.0
2026-05-22,303.31359328873907,306.07119010408854,302.4773640852478,305.0059814453125,5973900,0.0,0.0
2026-05-26,307.1065011172144,308.54004556072954,304.0701916446211,305.3643493652344,7725400,0.0,0.0
2026-05-27,303.63215366632585,304.52811132231307,294.42363753054383,297.93780517578125,11779200,0.0,0.0
2026-05-28,296.23549066837876,299.7197941661088,294.4236455581874,295.3992614746094,9757700,0.0,0.0
2026-05-29,295.070728717322,298.53513289689414,293.87612858626386,297.9676818847656,13969000,0.0,0.0
2026-06-01,296.3549462063085,298.20659004481905,293.94578586060317,295.2499084472656,7930000,0.0,0.0
2026-06-02,295.17027051801705,300.7152977310929,293.9457758280521,299.6102600097656,8296200,0.0,0.0
2026-06-03,298.5749714904202,300.60580089187994,295.23002417973413,299.50079345703125,7003900,0.0,0.0
2026-06-04,304.36883009196185,311.5066879726736,303.0746723882986,309.4957580566406,10345200,0.0,0.0
2026-06-05,312.8805189963161,313.58732636819616,308.211549706599,310.9691162109375,9118800,0.0,0.0
2026-06-08,311.84516953437026,314.88147906470095,309.3862455138746,309.7147521972656,6827000,0.0,0.0
2026-06-09,312.1040028799189,315.0009559692908,307.62418415256917,311.2976379394531,11594600,0.0,0.0
2026-06-10,311.1582462393224,313.3384270822022,307.64407859799763,307.75360107421875,7446200,0.0,0.0
2026-06-11,308.1717081621576,313.30857066124145,307.4947650619962,312.0840759277344,9116600,0.0,0.0
2026-06-12,314.5529794375797,319.85906276888113,314.1348496322589,319.28167724609375,7426200,0.0,0.0
2026-06-15,322.4673390673774,324.4583697274161,317.41010417767774,317.96759033203125,7988900,0.0,0.0
2026-06-16,322.8455866314347,330.26218746993305,322.56684357389287,329.6549377441406,11094900,0.0,0.0
2026-06-17,330.69024974688585,336.25517637046335,330.01330666560995,331.9645080566406,12246400,0.0,0.0
2026-06-18,335.4388795655989,336.57375116590936,322.70623086248213,323.761474609375,20111000,0.0,0.0
2026-06-22,328.22139226156105,331.2776010100568,325.28461010223134,329.993408203125,10182500,0.0,0.0
2026-06-23,327.9924099173137,333.86594380335947,325.7425357353925,332.6414794921875,7582200,0.0,0.0
2026-06-24,331.57628916780243,333.02973300317086,328.291070440402,331.95458984375,7907400,0.0,0.0
2026-06-25,333.4577793441399,341.90972446819404,333.2586945227413,333.6170654296875,10043100,0.0,0.0
2026-06-26,334.49312290223526,334.8913229247855,326.03124330500606,327.57427978515625,17640900,0.0,0.0
2026-06-29,326.80774304304947,330.8993264933345,325.73259994718205,327.91278076171875,7981800,0.0,0.0
2026-06-30,327.41503128103255,328.95806779511634,325.2149206632551,325.86199951171875,8080100,0.0,0.0
2026-07-01,326.89735842569155,334.13477419390347,323.5524415571975,332.5718078613281,15210200,0.0,0.0
2026-07-02,336.5040683580973,338.4751995750331,330.2820977776739,332.9700012207031,8413900,0.0,0.0
2026-07-06,335.0,339.7200012207031,334.1099853515625,337.7200012207031,8673500,1.5,0.0
2026-07-07,340.9800109863281,341.3999938964844,337.0899963378906,339.2200012207031,7115800,0.0,0.0
2026-07-08,336.5299987792969,336.5299987792969,330.1300048828125,330.6199951171875,18505200,0.0,0.0
2026-07-09,331.4599914550781,337.0,330.80999755859375,335.4700012207031,15570600,0.0,0.0
2026-07-10,337.4700012207031,338.5899963378906,335.7699890136719,336.4700012207031,6299000,0.0,0.0
2026-07-13,338.3399963378906,338.3500061035156,332.5,334.5299987792969,7120300,0.0,0.0
2026-07-14,327.0,344.7300109863281,325.75,342.8900146484375,14537900,0.0,0.0
2026-07-15,345.8500061035156,351.239990234375,344.04998779296875,346.9100036621094,10750000,0.0,0.0
2026-07-16,349.2799987792969,349.3399963378906,341.1099853515625,343.1499938964844,12432400,0.0,0.0
2026-07-17,339.0299987792969,346.1300048828125,335.04998779296875,341.1000061035156,9250900,0.0,0.0
2026-07-20,341.79998779296875,344.260009765625,337.3699951171875,338.8699951171875,7723300,0.0,0.0
2026-07-21,340.1199951171875,345.739990234375,337.29998779296875,345.2300109863281,6015300,0.0,0.0
2026-07-22,345.07000732421875,349.07000732421875,344.25,348.2099914550781,8040200,0.0,0.0
2026-07-23,346.5799865722656,349.9200134277344,345.4200134277344,349.8999938964844,10913000,0.0,0.0
2026-07-24,350.6400146484375,353.3699951171875,347.5,353.2099914550781,7520800,0.0,0.0
2026-07-27,357.8900146484375,359.04998779296875,352.5799865722656,356.20001220703125,7884900,0.0,0.0
2026-07-28,357.29998779296875,359.29998779296875,354.1499938964844,357.30999755859375,6533800,0.0,0.0
2026-07-29,356.5,357.3699951171875,343.7799987792969,344.7099914550781,8265300,0.0,0.0
2026-07-30,347.5400085449219,352.2799987792969,345.3699951171875,350.8500061035156,7606500,0.0,0.0
2026-07-31,353.29998779296875,354.4700012207031,349.70001220703125,351.7900085449219,6603400,0.0,0.0
2026-08-03,353.75,355.6199951171875,350.8399963378906,352.6400146484375,6436600,0.0,0.0
2026-08-04,355.0,363.0,353.8699951171875,357.5199890136719,8477200,0.0,0.0
2026-08-05,358.9700012207031,362.1700134277344,358.20001220703125,359.239990234375,5269500,0.0,0.0
2026-08-06,362.80999755859375,362.80999755859375,354.95001220703125,356.29998779296875,5820100,0.0,0.0
2026-08-07,355.760009765625,358.8500061035156,353.3299865722656,357.5199890136719,4566200,0.0,0.0
2026-08-10,357.9599914550781,359.989990234375,356.5,359.7900085449219,5327500,0.0,0.0
2026-08-11,360.04998779296875,363.1199951171875,358.6000061035156,362.0400085449219,4576500,0.0,0.0
2026-08-12,362.9700012207031,366.0899963378906,361.29998779296875,365.17999267578125,4366800,0.0,0.0
2026-08-13,366.5,366.5,361.5199890136719,363.1099853515625,5102700,0.0,0.0
2026-08-14,363.0,365.8999938964844,361.45001220703125,362.8399963378906,5058600,0.0,0.0
2026-08-17,361.94000244140625,365.75,360.9599914550781,360.9599914550781,5282600,0.0,0.0
2026-08-18,362.3399963378906,363.57000732421875,359.2699890136719,363.25,5525100,0.0,0.0
2026-08-19,363.010009765625,363.04998779296875,355.6499938964844,357.260009765625,6696200,0.0,0.0
2026-08-20,357.6000061035156,357.95001220703125,351.54998779296875,351.54998779296875,6799700,0.0,0.0
2026-08-21,354.07000732421875,356.8599853515625,350.3699951171875,351.5799865722656,8112100,0.0,0.0
2026-08-24,353.29998779296875,358.2799987792969,352.82000732421875,356.3900146484375,4394400,0.0,0.0
2026-08-25,357.0,357.3699951171875,353.07000732421875,356.69000244140625,4298000,0.0,0.0
2026-08-26,356.5,358.3500061035156,354.6000061035156,356.5,5796500,0.0,0.0
2026-08-27,354.67999267578125,357.57000732421875,352.2300109863281,354.2200012207031,5209900,0.0,0.0
2026-08-28,355.6700134277344,358.7300109863281,354.2200012207031,357.6199951171875,3914500,0.0,0.0
2026-08-31,355.8999938964844,357.7699890136719,354.7699890136719,356.0199890136719,7962900,0.0,0.0
2026-09-01,355.7300109863281,359.92999267578125,354.1199951171875,354.95001220703125,5079000,0.0,0.0
2026-09-02,357.54998779296875,361.4700012207031,353.7900085449219,356.2200012207031,5341400,0.0,0.0
2026-09-03,358.67999267578125,362.8500061035156,356.3900146484375,362.05999755859375,5414200,0.0,0.0
2026-09-04,361.0,362.8599853515625,355.20001220703125,358.6400146484375,4873500,0.0,0.0
2026-09-08,357.1000061035156,358.54998779296875,353.2300109863281,353.510009765625,5631400,0.0,0.0
2026-09-09,352.0,356.3299865722656,348.69000244140625,354.7099914550781,6318200,0.0,0.0
2026-09-10,353.510009765625,354.2200012207031,351.1199951171875,353.55999755859375,4184200,0.0,0.0
2026-09-11,358.32000732421875,360.04998779296875,354.7900085449219,356.2300109863281,5354600,0.0,0.0
