Date,Open,High,Low,Close,Volume,Dividends,Stock Splits
2010-02-10,0.3695365028164802,0.3777687271480725,0.3670210850357078,0.37433862686157227,535828000,0.0,0.0
2010-02-11,0.3802839929802402,0.39560512327948094,0.37753991929948166,0.3914889991283417,695980000,0.0,0.0
2010-02-12,0.38874497757521553,0.40475210799607353,0.38440016867640725,0.39674854278564453,780212000,0.0,0.0
2010-02-16,0.4020079777768094,0.4056667608372135,0.3972058284175295,0.4040660262107849,457024000,0.0,0.0
2010-02-17,0.40909695672459884,0.40932561368258347,0.39629124023714407,0.4079535901546478,876560000,0.0,0.0
2010-02-18,0.38554348532013194,0.38760156103575705,0.3706797232784084,0.3811987042427063,1515508000,0.0,0.0
2010-02-19,0.3795980161964019,0.38371414087291744,0.37731128329389396,0.3791406750679016,510548000,0.0,0.0
2010-02-22,0.38074143671848754,0.3864582970466413,0.3773113368776015,0.37982675433158875,458084000,0.0,0.0
2010-02-23,0.3809701558110923,0.38257086376466504,0.366792386696558,0.3706798553466797,489764000,0.0,0.0
2010-02-24,0.3738812484197474,0.38211349919251375,0.3727378817713083,0.37845471501350403,445868000,0.0,0.0
2010-02-25,0.36976506589160224,0.3759392666470505,0.3603894499192606,0.37502455711364746,576972000,0.0,0.0
2010-02-26,0.3731951367882095,0.3759392379187145,0.36816433014895844,0.37045106291770935,393396000,0.0,0.0
2010-03-01,0.37067985820362664,0.3871443336215812,0.3677070992612151,0.38531494140625,555868000,0.0,0.0
2010-03-02,0.38874499229206355,0.3935471152441125,0.3823421344293239,0.38508620858192444,538648000,0.0,0.0
2010-03-03,0.38737289370363714,0.3894309422486958,0.3770825964583355,0.38028401136398315,399300000,0.0,0.0
2010-03-04,0.3818847729417788,0.3848575313526438,0.3761679403285801,0.3809700906276703,557396000,0.0,0.0
2010-03-05,0.3782259156265326,0.3953764088954498,0.3782259156265326,0.3926323354244232,632832000,0.0,0.0
2010-03-08,0.39286108069936804,0.39400444709519833,0.3853148297748818,0.38691556453704834,439312000,0.0,0.0
2010-03-09,0.39080305391478304,0.4052094777636578,0.3905743697028927,0.40132203698158264,830832000,0.0,0.0
2010-03-10,0.4001786809393421,0.40658153918013135,0.39994999672145315,0.4022367298603058,418520000,0.0,0.0
2010-03-11,0.3990352576889188,0.4004073082813411,0.39148903395060725,0.39308974146842957,540660000,0.0,0.0
2010-03-12,0.39743459886563237,0.3985779654127368,0.39240376425036577,0.39446184039115906,520352000,0.0,0.0
2010-03-15,0.39400457630579144,0.39789201787446826,0.3887450837081632,0.39240384101867676,358904000,0.0,0.0
2010-03-16,0.39217497723308903,0.40841078772140943,0.39194629309550716,0.4061240553855896,664988000,0.0,0.0
2010-03-17,0.408410856828762,0.4193871793500045,0.408410856828762,0.4138990044593811,651168000,0.0,0.0
2010-03-18,0.4145849290632237,0.4145849290632237,0.39560504662081364,0.39926382899284363,740964000,0.0,0.0
2010-03-19,0.40520948048193917,0.4063528470290436,0.38943100577589246,0.39446184039115906,584612000,0.0,0.0
2010-03-22,0.3894309111814918,0.40246530846037987,0.3894309111814918,0.4008646011352539,435336000,0.0,0.0
2010-03-23,0.40383737632781735,0.4111549153158397,0.4010932753548061,0.4090968668460846,493612000,0.0,0.0
2010-03-24,0.40566673741637527,0.40681010364923986,0.39469038886887364,0.39537641406059265,436252000,0.0,0.0
2010-03-25,0.4010932450889041,0.4036086617043537,0.3956050980770156,0.3965197801589966,495184000,0.0,0.0
2010-03-26,0.3999498788564272,0.4040660027453442,0.39331836561206185,0.3965197801589966,344676000,0.0,0.0
2010-03-29,0.39903532259499536,0.4024654223739769,0.3935471465926189,0.4015507400035858,394456000,0.0,0.0
2010-03-30,0.4061242111702335,0.4081822601579157,0.39629125290239714,0.4031514525413513,324104000,0.0,0.0
2010-03-31,0.4015507826814652,0.40338017487669003,0.395833921848883,0.3978919982910156,389840000,0.0,0.0
2010-04-01,0.3997211865059477,0.40429465103013495,0.3896595481967365,0.39377567172050476,339664000,0.0,0.0
2010-04-05,0.3962910475875092,0.40040717069035675,0.39583367937386255,0.3997211456298828,413636000,0.0,0.0
2010-04-06,0.39469049916148274,0.3956052087593823,0.38302814942332764,0.38988837599754333,809260000,0.0,0.0
2010-04-07,0.3873730326792118,0.3990353846452564,0.38417158936499657,0.39240384101867676,817468000,0.0,0.0
2010-04-08,0.38988833937927225,0.3928610975882292,0.3839428229613584,0.3860008716583252,1037600000,0.0,0.0
2010-04-09,0.38508623692127736,0.389888387486735,0.38302816071036283,0.3885163366794586,817572000,0.0,0.0
2010-04-12,0.3889736934706186,0.3972059441246012,0.3882876680394516,0.3956052362918854,546460000,0.0,0.0
2010-04-13,0.397205929621267,0.4052094957526197,0.3956052218469984,0.4038374722003937,648696000,0.0,0.0
2010-04-14,0.4125270069173965,0.4145850555922698,0.40246536595355614,0.4088682234287262,900720000,0.0,0.0
2010-04-15,0.41024026775535405,0.41435639230192983,0.4061241432087783,0.4118409752845764,957596000,0.0,0.0
2010-04-16,0.3951478538787565,0.3967485615445249,0.38142742846643457,0.39011701941490173,1917736000,0.0,0.0
2010-04-19,0.38714423741219123,0.38943097029807494,0.3752532318575973,0.38828760385513306,1094492000,0.0,0.0
2010-04-20,0.3910317834906827,0.3951479089621642,0.3846289246750461,0.38965973258018494,678188000,0.0,0.0
2010-04-21,0.3917177695259709,0.39217511069677574,0.37502458508151965,0.37959805130958557,895908000,0.0,0.0
2010-04-22,0.3734237969725721,0.38234207055360814,0.3681643064904232,0.3811987042427063,656932000,0.0,0.0
2010-04-23,0.38005537742893397,0.380970086994327,0.3693077376706232,0.375939279794693,752916000,0.0,0.0
2010-04-26,0.376396635853943,0.38417151753765144,0.37571061046773135,0.37959805130958557,491092000,0.0,0.0
2010-04-27,0.3768537931649847,0.38074123211023175,0.3677068651714643,0.3688502311706543,606704000,0.0,0.0
2010-04-28,0.3686216606019072,0.3747958607071773,0.36199011940809966,0.3695363700389862,672164000,0.0,0.0
2010-04-29,0.3706797445928574,0.38119872616200706,0.36519156962895144,0.3807413578033447,987128000,0.0,0.0
2010-04-30,0.37616791490054885,0.3768539402197607,0.35901741822028443,0.35924607515335083,1068048000,0.0,0.0
2010-05-03,0.3610754928585676,0.36313356896406096,0.3498704845331258,0.35535866022109985,1078972000,0.0,0.0
2010-05-04,0.34987044670424144,0.35055647199856443,0.33226258227664135,0.337293416261673,1311376000,0.0,0.0
2010-05-05,0.33043324906007265,0.3400375223080566,0.3274604906771232,0.3315766155719757,1330840000,0.0,0.0
2010-05-06,0.3292899127080616,0.33615011240781034,0.298190302571853,0.3247164189815521,1002888000,0.0,0.0
2010-05-07,0.3276890772205281,0.3276890772205281,0.30779448237970025,0.3192281723022461,1153712000,0.0,0.0
2010-05-10,0.3384368004710552,0.34255292519354136,0.3292898687588667,0.33294862508773804,979156000,0.0,0.0
2010-05-11,0.32974725437279007,0.33592142865936353,0.3267744957133256,0.32928991317749023,829124000,0.0,0.0
2010-05-12,0.3315766381533788,0.33752212806417625,0.32951856193578716,0.33569276332855225,901236000,0.0,0.0
2010-05-13,0.334320747993171,0.3496418837298928,0.33180533032475057,0.3350067734718323,1252000000,0.0,0.0
2010-05-14,0.3123680383874456,0.3132827206829253,0.2881286304371421,0.29636088013648987,2493068000,0.0,0.0
2010-05-17,0.2968181858166622,0.30070565325794646,0.287671254914825,0.29704686999320984,856060000,0.0,0.0
2010-05-18,0.2995622676925484,0.30139165937412193,0.28561318678805603,0.28721392154693604,674112000,0.0,0.0
2010-05-19,0.2858418114243604,0.29224466734602605,0.2837837632488247,0.291787326335907,826520000,0.0,0.0
2010-05-20,0.28332648422282414,0.2917874182451079,0.2746368932534566,0.28492721915245056,1129136000,0.0,0.0
2010-05-21,0.27669494405145995,0.2991049311582029,0.27669494405145995,0.2911013662815094,1069600000,0.0,0.0
2010-05-24,0.2901867700176809,0.29361687026663524,0.28172583426224934,0.2826405167579651,664564000,0.0,0.0
2010-05-25,0.2737221477700826,0.29155866674632785,0.27097804695835126,0.29018664360046387,966652000,0.0,0.0
2010-05-26,0.30184916128417727,0.30756599578084376,0.29064414931470073,0.2915588319301605,995028000,0.0,0.0
2010-05-27,0.29887616189945215,0.30870911478996277,0.2981901368587197,0.30870911478996277,713560000,0.0,0.0
2010-05-28,0.30825190646393147,0.30825190646393147,0.2959035321982833,0.300476998090744,545116000,0.0,0.0
2010-06-01,0.296360796784787,0.29979089531812947,0.28744252424209665,0.28767120838165283,527492000,0.0,0.0
2010-06-02,0.288128559981739,0.2913300017530921,0.2862991685781088,0.29087263345718384,649088000,0.0,0.0
2010-06-03,0.28492719864730587,0.2911013719343637,0.28401248914477495,0.29041534662246704,586360000,0.0,0.0
2010-06-04,0.2819545660377616,0.28698537513213485,0.27509433712359316,0.2766950726509094,671456000,0.0,0.0
2010-06-07,0.27783829017312817,0.2796676817490669,0.2618311343286666,0.26297450065612793,577248000,0.0,0.0
2010-06-08,0.261831038680204,0.261831038680204,0.24902532958663923,0.2556568682193756,967636000,0.0,0.0
2010-06-09,0.2570290198365734,0.2638892459951708,0.24856811331364695,0.24948279559612274,697152000,0.0,0.0
2010-06-10,0.25451371285739716,0.2606878884258447,0.2538276872920105,0.2595445215702057,611768000,0.0,0.0
2010-06-11,0.25680037455905735,0.26663333221228797,0.2561143491860397,0.26548996567726135,442104000,0.0,0.0
2010-06-14,0.2693773778040101,0.2698347189173943,0.2590870800828402,0.2597731053829193,375080000,0.0,0.0
2010-06-15,0.2627459357796162,0.2739509188095457,0.2622885672804247,0.2725788950920105,528632000,0.0,0.0
2010-06-16,0.27074944481603064,0.27326486198212774,0.2654899535432867,0.26914873719215393,366480000,0.0,0.0
2010-06-17,0.27852437951167036,0.2801250872864476,0.2689200783429877,0.2794390618801117,859068000,0.0,0.0
2010-06-18,0.2810397038643323,0.2846984870016069,0.27898165538711744,0.2812683880329132,932832000,0.0,0.0
2010-06-21,0.2872138911155792,0.28789988907098085,0.2721214454167036,0.274636834859848,579836000,0.0,0.0
2010-06-22,0.27806699802183893,0.2814970976325843,0.2629745488305559,0.2643465995788574,818164000,0.0,0.0
2010-06-23,0.2668619805318861,0.2700633954953852,0.2593157297036278,0.26731932163238525,614060000,0.0,0.0
2010-06-24,0.2657187180470581,0.2670907692857929,0.2531416816453891,0.2540563642978668,725028000,0.0,0.0
2010-06-25,0.2558856149589234,0.2561142991252329,0.24925410125598635,0.2533702254295349,507220000,0.0,0.0
2010-06-28,0.255199682302591,0.25748641551100043,0.24925416505672235,0.25382763147354126,372008000,0.0,0.0
2010-06-29,0.2483393609836934,0.24856804512157885,0.23804906545884416,0.23964977264404297,660808000,0.0,0.0
2010-06-30,0.2401071850694084,0.2426226022942523,0.2334756702184677,0.2334756702184677,623072000,0.0,0.0
2010-07-01,0.2341617142760197,0.23896383764329357,0.22707281681716893,0.23736312985420227,737008000,0.0,0.0
2010-07-02,0.23827766458145994,0.23873500543405607,0.22638663885402024,0.23439019918441772,737096000,0.0,0.0
2010-07-06,0.23347565030427014,0.24102187407514233,0.2298168668820274,0.23187494277954102,712020000,0.0,0.0
2010-07-07,0.23278964677517855,0.24445199617171492,0.23233230561962986,0.24307994544506073,608412000,0.0,0.0
2010-07-08,0.24468067751407094,0.24490933445916346,0.23278964404901048,0.23576240241527557,783272000,0.0,0.0
2010-07-09,0.236905764593761,0.23827781527928726,0.2337043220808688,0.23667708039283752,571516000,0.0,0.0
2010-07-12,0.23667703362548856,0.2439945994890023,0.23644837672975494,0.24102184176445007,565396000,0.0,0.0
2010-07-13,0.24490934812315981,0.2513122063631115,0.24353732459603325,0.24971149861812592,723316000,0.0,0.0
2010-07-14,0.26068779539372006,0.26251718716188743,0.2485681055971187,0.25222688913345337,1355664000,0.0,0.0
2010-07-15,0.25245560556404556,0.2526842898114637,0.24216530511046122,0.24513806402683258,953088000,0.0,0.0
2010-07-16,0.2451380484477217,0.24582407388636465,0.22890223119321976,0.22981691360473633,1288604000,0.0,0.0
2010-07-19,0.23301828351481638,0.24010713813177134,0.23141754890646937,0.23919245600700378,798440000,0.0,0.0
2010-07-20,0.23301837137394182,0.2465100877313028,0.23096029492721729,0.24513806402683258,1160988000,0.0,0.0
2010-07-21,0.24742470604014663,0.2476533629430656,0.2348476495395092,0.23713438212871552,624940000,0.0,0.0
2010-07-22,0.23964979135004078,0.24353725843753316,0.23827776819563337,0.24102184176445007,462612000,0.0,0.0
2010-07-23,0.24079319402797267,0.241021878218296,0.23461902074930918,0.2369057536125183,817604000,0.0,0.0
2010-07-26,0.23621972314798936,0.24216523936662324,0.23256093974267536,0.24125052988529205,683548000,0.0,0.0
2010-07-27,0.241936529641309,0.24239387070369278,0.2362196982115054,0.23919245600700378,683472000,0.0,0.0
2010-07-28,0.23530511370140123,0.239421239490406,0.23096030365633521,0.231646329164505,1320808000,0.0,0.0
2010-07-29,0.21495315105206714,0.21952661800104517,0.20740692513425074,0.2087789624929428,2664476000,0.0,0.0
2010-07-30,0.20717816955541954,0.21380969663805408,0.2039767412779407,0.21015092730522156,984288000,0.0,0.0
2010-08-02,0.2138097381328248,0.21472443405105132,0.20900758796963667,0.20992228388786316,917020000,0.0,0.0
2010-08-03,0.20832156576357458,0.20855023632411573,0.2028334041605721,0.2044341117143631,955444000,0.0,0.0
2010-08-04,0.20626346688023564,0.21380968944987833,0.20534877117027886,0.21312366425991058,855496000,0.0,0.0
2010-08-05,0.21380974007353548,0.2163251436489874,0.20992228579328812,0.2158678025007248,800504000,0.0,0.0
2010-08-06,0.2149530790520922,0.22066991082342363,0.21312368743326532,0.21838317811489105,739904000,0.0,0.0
2010-08-09,0.22066995238342135,0.22089863660134562,0.2151817901233267,0.2204412817955017,466456000,0.0,0.0
2010-08-10,0.21678250007807218,0.21723984122981746,0.21037964217361454,0.21129433810710907,772560000,0.0,0.0
2010-08-11,0.2069494672116885,0.2069494672116885,0.20237600254004892,0.2030620276927948,796148000,0.0,0.0
2010-08-12,0.19940323963728862,0.209464877997702,0.1978025324976771,0.2048914134502411,1343584000,0.0,0.0
2010-08-13,0.21152305150545184,0.21769724008399044,0.21106569663111194,0.21472448110580444,1797392000,0.0,0.0
2010-08-16,0.21175165260565249,0.21609644752036866,0.20649216187257466,0.2092362493276596,814008000,0.0,0.0
2010-08-17,0.2112943311599278,0.21586779704702466,0.2092362687847335,0.21198034286499023,481224000,0.0,0.0
2010-08-18,0.21129428646999762,0.21495305567982415,0.20992223609006216,0.21312366425991058,352920000,0.0,0.0
2010-08-19,0.21541044174833168,0.22661544950005108,0.21426707527938113,0.22592942416667938,1615100000,0.0,0.0
2010-08-20,0.2243286692375396,0.23347561268949862,0.22409999871799077,0.22798743844032288,1305308000,0.0,0.0
2010-08-23,0.2286735398955984,0.23439037294098633,0.22387138923346847,0.22455741465091705,748620000,0.0,0.0
2010-08-24,0.21723983204526404,0.2245573855738417,0.21678249091285443,0.2222706526517868,641332000,0.0,0.0
2010-08-25,0.21975520445185937,0.22867346375935393,0.21861182459346207,0.22684407234191895,757532000,0.0,0.0
2010-08-26,0.22981683999790284,0.23233225671394034,0.2241000086069107,0.2241000086069107,657596000,0.0,0.0
2010-08-27,0.22547215123383527,0.23324704830051662,0.21975531715980595,0.23141765594482422,1060416000,0.0,0.0
2010-08-30,0.228673532000646,0.23050292396401242,0.2204412817955017,0.2204412817955017,602804000,0.0,0.0
2010-08-31,0.21723983770093458,0.2241000502757029,0.21266637173775818,0.21335239708423615,931488000,0.0,0.0
2010-09-01,0.2165538609478804,0.21929793551682572,0.21380977274892915,0.21495313942432404,851440000,0.0,0.0
2010-09-02,0.2156391548901258,0.21952659595434507,0.21358109224377225,0.2188405841588974,596292000,0.0,0.0
2010-09-03,0.22410006725353215,0.22707281217680986,0.22135597928973189,0.22638680040836334,566484000,0.0,0.0
2010-09-07,0.2257007272982883,0.23370429164829748,0.2252433862160028,0.22844481468200684,899820000,0.0,0.0
2010-09-08,0.2289022047145308,0.23759179565879773,0.2263867874838192,0.23599106073379517,1224156000,0.0,0.0
2010-09-09,0.23896379381696511,0.23919247799918428,0.22981686268827897,0.23278962075710297,697748000,0.0,0.0
2010-09-10,0.23439034000694148,0.23507636532799708,0.22821616663745395,0.23027421534061432,609292000,0.0,0.0
2010-09-13,0.23439038692917963,0.24628142218124024,0.23439038692917963,0.2433086633682251,1015792000,0.0,0.0
2010-09-14,0.24125049866018372,0.24422325638473594,0.23896376614283615,0.24102184176445007,698536000,0.0,0.0
2010-09-15,0.23873517350109033,0.24170793202574078,0.23553373075915554,0.24147924780845642,555572000,0.0,0.0
2010-09-16,0.23827782148499527,0.24376596985001917,0.23827782148499527,0.2417079210281372,365280000,0.0,0.0
2010-09-17,0.24399463106928024,0.244223287994609,0.2405645318493004,0.24125052988529205,416884000,0.0,0.0
2010-09-20,0.2412504888154103,0.2458239809234756,0.23896375639137804,0.24490927159786224,443168000,0.0,0.0
2010-09-21,0.24353717183103124,0.26228836635299557,0.24353717183103124,0.25817224383354187,1779624000,0.0,0.0
2010-09-22,0.25725771223360416,0.26274588788333764,0.25565700455826823,0.26045915484428406,999996000,0.0,0.0
2010-09-23,0.26343175795764195,0.27395073572900586,0.26114502602995365,0.2657184898853302,1240872000,0.0,0.0
2010-09-24,0.27166419177143253,0.28126849432113615,0.2696061425165039,0.2803537845611572,1086976000,0.0,0.0
2010-09-27,0.28241181708517304,0.2826404740445399,0.27074946709717007,0.2744082510471344,999504000,0.0,0.0
2010-09-28,0.27463685396093407,0.2776096119277722,0.26892002220163147,0.27372217178344727,723192000,0.0,0.0
2010-09-29,0.27120689069787685,0.27966782774601523,0.26869147256031933,0.27166423201560974,974904000,0.0,0.0
2010-09-30,0.2750942134098986,0.27829565576477977,0.2648039155563633,0.26709064841270447,787632000,0.0,0.0
2010-10-01,0.270978190126596,0.27143555867686453,0.25748647213406184,0.2595445215702057,999120000,0.0,0.0
2010-10-04,0.25702914595603943,0.26137395707973626,0.2517696521010488,0.25702914595603943,749500000,0.0,0.0
2010-10-05,0.26251716594246677,0.2629745070325399,0.2581723574367621,0.2588583827018738,753588000,0.0,0.0
2010-10-06,0.25885834019893883,0.26000170636639,0.24399458002207383,0.24650996923446655,1057604000,0.0,0.0
2010-10-07,0.2476534039339919,0.2478820881347648,0.23736310557934095,0.24468067288398743,761488000,0.0,0.0
2010-10-08,0.24376599281171796,0.250397535575793,0.2403358929454755,0.2483394593000412,706932000,0.0,0.0
2010-10-11,0.24948281141163614,0.25154088756768556,0.24605271174489607,0.24719607830047607,442680000,0.0,0.0
2010-10-12,0.24513804592041438,0.2531416123487084,0.24307996962570375,0.25199824571609497,605208000,0.0,0.0
2010-10-13,0.25611434361907337,0.26297454268011805,0.253370269446657,0.25931575894355774,968732000,0.0,0.0
2010-10-14,0.2595444224779176,0.26000176359356025,0.25405624731018833,0.2551996409893036,599172000,0.0,0.0
2010-10-15,0.2593156096856128,0.26228836635299557,0.2551995144261513,0.25817224383354187,639940000,0.0,0.0
2010-10-18,0.2584010547827611,0.2609164717963826,0.2538275891289078,0.2597731053829193,448156000,0.0,0.0
2010-10-19,0.2540561213140882,0.26000163464885373,0.25199807368435745,0.25817224383354187,866136000,0.0,0.0
2010-10-20,0.25840092790795294,0.26526112302037835,0.2538274644996693,0.25817224383354187,763532000,0.0,0.0
2010-10-21,0.2584010787372589,0.25885841989304,0.24971148773738736,0.2535989284515381,1014428000,0.0,0.0
2010-10-22,0.25519953467580525,0.2718926828926121,0.2524554346051016,0.26983460783958435,1322676000,0.0,0.0
2010-10-25,0.2718926723486894,0.27440808822928914,0.2693772564680897,0.272350013256073,673136000,0.0,0.0
2010-10-26,0.26914873642989784,0.2755515941672783,0.2668620034708339,0.2714354693889618,675248000,0.0,0.0
2010-10-27,0.2689200562894996,0.27623759641696555,0.26823403093942305,0.27532291412353516,496796000,0.0,0.0
2010-10-28,0.27898162635025453,0.2798963084093699,0.2730361111860031,0.27555152773857117,704448000,0.0,0.0
2010-10-29,0.27509434393158266,0.2778384464691679,0.2721216116158967,0.27486568689346313,554664000,0.0,0.0
2010-11-01,0.2766949648236883,0.2810397466074941,0.2730361811299516,0.27532291412353516,473920000,0.0,0.0
2010-11-02,0.2764661613914515,0.28561308942107905,0.2748654544382658,0.28103962540626526,581036000,0.0,0.0
2010-11-03,0.28286905984822447,0.28492713532653813,0.27555152175422026,0.2830977439880371,671748000,0.0,0.0
2010-11-04,0.2858419129572229,0.28881467146893886,0.2830978386617962,0.28355517983436584,700016000,0.0,0.0
2010-11-05,0.28561321601449907,0.2908727074147182,0.2842411925579253,0.28835731744766235,735116000,0.0,0.0
2010-11-08,0.2881286624925158,0.2920161035708081,0.28584192923940144,0.28950071334838867,605156000,0.0,0.0
2010-11-09,0.28950067608512736,0.2917874090439035,0.28629923358683657,0.2878999412059784,633964000,0.0,0.0
2010-11-10,0.2899579296317583,0.2913299798965454,0.28584180609739585,0.2913299798965454,521016000,0.0,0.0
2010-11-11,0.284469849504017,0.2931594404356824,0.2805824088203795,0.28835731744766235,1089980000,0.0,0.0
2010-11-12,0.29933360669171327,0.31282534630700115,0.29796155613422476,0.30322104692459106,2142560000,0.0,0.0
2010-11-15,0.30459313978144953,0.30893792171685586,0.2988763070980156,0.2995623052120209,733548000,0.0,0.0
2010-11-16,0.29453152051802073,0.29864764581814895,0.29018673824900293,0.2906440794467926,739356000,0.0,0.0
2010-11-17,0.2904153530328162,0.2988762866329567,0.2876712789846655,0.2954461872577667,551764000,0.0,0.0
2010-11-18,0.299333624934101,0.30756587426072324,0.299333624934101,0.30459311604499817,993120000,0.0,0.0
2010-11-19,0.3039068809152406,0.3155692215332522,0.3034495401039433,0.31442585587501526,716484000,0.0,0.0
2010-11-22,0.31236803454271417,0.3164841320817181,0.30962393317003517,0.31465476751327515,462668000,0.0,0.0
2010-11-23,0.3109960084294865,0.3141974239372264,0.3050504913322445,0.30733722448349,457832000,0.0,0.0
2010-11-24,0.3105387763327115,0.3160269269194933,0.3103100920332543,0.3148835599422455,397784000,0.0,0.0
2010-11-26,0.31465474964519186,0.31648411410975197,0.3109959661960602,0.3109959661960602,143104000,0.0,0.0
2010-11-29,0.3096237092064252,0.3155692215332522,0.3082516867725334,0.31442585587501526,468192000,0.0,0.0
2010-11-30,0.3096239317954561,0.312825374296033,0.30550780701471847,0.31122463941574097,720936000,0.0,0.0
2010-12-01,0.31739872178403494,0.3270029911820549,0.3169413808146048,0.32494494318962097,626536000,0.0,0.0
2010-12-02,0.32494512542779325,0.33089064314478545,0.3247164411848273,0.32883256673812866,529316000,0.0,0.0
2010-12-03,0.3272318723706155,0.3382081985473633,0.3265458468733163,0.3382081985473633,606044000,0.0,0.0
2010-12-06,0.3393515745525499,0.3400376000685751,0.3304333246242651,0.33180534839630127,438424000,0.0,0.0
2010-12-07,0.33958005364070476,0.3505563734852936,0.3388940285391684,0.3425528109073639,1026812000,0.0,0.0
2010-12-08,0.34209552358218215,0.34918437804991287,0.33958010690201845,0.3455256223678589,613252000,0.0,0.0
2010-12-09,0.3372933726661233,0.34209552184569564,0.33249122348655097,0.33980876207351685,942408000,0.0,0.0
2010-12-10,0.33980883440258464,0.34506832575208646,0.33889415210702245,0.3418669104576111,451900000,0.0,0.0
2010-12-13,0.34323893921533133,0.3439249372631386,0.33226258881033266,0.3331772983074188,609108000,0.0,0.0
2010-12-14,0.3395801611626392,0.34575433451141185,0.33317730362094655,0.3336346447467804,755160000,0.0,0.0
2010-12-15,0.3343206667497299,0.3384367913614232,0.3258597333356913,0.32631710171699524,624176000,0.0,0.0
2010-12-16,0.3297472665300671,0.33157665863872365,0.3258597980766676,0.3267745077610016,631872000,0.0,0.0
2010-12-17,0.32700309910251363,0.33043322565527256,0.3231156586893948,0.3286038339138031,593156000,0.0,0.0
2010-12-20,0.3297472717974486,0.33134797969558855,0.3270031699606238,0.32723185420036316,344088000,0.0,0.0
2010-12-21,0.3304332513846164,0.3400375247001648,0.33020456717662383,0.3400375247001648,466952000,0.0,0.0
2010-12-22,0.33935142838699317,0.3441535776707719,0.33615001370447556,0.3436962366104126,477988000,0.0,0.0
2010-12-23,0.34369633806539157,0.34369633806539157,0.339808869754798,0.3411809206008911,273784000,0.0,0.0
2010-12-27,0.34026629110424267,0.34552578381850196,0.3340920885970604,0.3430103659629822,255500000,0.0,0.0
2010-12-28,0.3430102879853949,0.34529702105783017,0.3395801883767419,0.3416382372379303,194260000,0.0,0.0
2010-12-29,0.3414095802866919,0.3441536545216125,0.3384368218405243,0.3416382372379303,177660000,0.0,0.0
2010-12-30,0.34118101429228653,0.3448397993799299,0.3400376473599002,0.3427817225456238,174488000,0.0,0.0
2010-12-31,0.3430103314978199,0.3526146334284044,0.34255299027731867,0.35215726494789124,391252000,0.0,0.0
2011-01-03,0.35490122364464133,0.3651915196254714,0.3544438553486036,0.3617614209651947,817448000,0.0,0.0
2011-01-04,0.36244753613207864,0.3640482437856063,0.35261457874611174,0.36061814427375793,651384000,0.0,0.0
2011-01-05,0.3672496394969981,0.38874497224031485,0.36359088323558797,0.38828760385513306,1428216000,0.0,0.0
2011-01-06,0.39834926175557345,0.4422545840893471,0.3972058952642776,0.44202589988708496,3493312000,0.0,0.0
2011-01-07,0.4369951016284649,0.45574633427351785,0.42716214415215836,0.4543742835521698,2579984000,0.0,0.0
2011-01-10,0.44614213018886945,0.4726682499624906,0.4427120299040054,0.4717535674571991,1750348000,0.0,0.0
2011-01-11,0.47815608198082227,0.4827295454686936,0.454374028227903,0.4644356369972229,2711088000,0.0,0.0
2011-01-12,0.4646645342654058,0.5344099076231902,0.463063826856146,0.5339525938034058,3431896000,0.0,0.0
2011-01-13,0.5282359220792024,0.5451577933677446,0.5117714192925229,0.5348674654960632,2695192000,0.0,0.0
2011-01-14,0.5257205291388497,0.5483592067337258,0.5225191132009949,0.539440929889679,1595352000,0.0,0.0
2011-01-18,0.5321231246566666,0.535781907469072,0.5138292651146417,0.5268636345863342,1813348000,0.0,0.0
2011-01-19,0.5270924451563362,0.5396694486975848,0.5113139719769403,0.5124573111534119,1197896000,0.0,0.0
2011-01-20,0.5074265688033535,0.51588747560254,0.4982795821198906,0.5129147171974182,1111408000,0.0,0.0
2011-01-21,0.5184030583662084,0.525720628626103,0.5071980459432559,0.5081127285957336,739244000,0.0,0.0
2011-01-24,0.5314371129802562,0.5728270639301677,0.5254916520939741,0.5655094981193542,2056900000,0.0,0.0
2011-01-25,0.5629941902195825,0.5689397070622605,0.5444716688435625,0.548130452632904,1086856000,0.0,0.0
2011-01-26,0.5538474056371019,0.5716839609195612,0.5499599638622141,0.5611649751663208,1074660000,0.0,0.0
2011-01-27,0.5691684141754562,0.5705404103809442,0.5488164738005212,0.5595641136169434,657396000,0.0,0.0
2011-01-28,0.5609363637341045,0.5703119561576909,0.5305227435745921,0.5433284640312195,1094796000,0.0,0.0
2011-01-31,0.5442430097907894,0.5545332812310242,0.5353247345612406,0.5469870567321777,750160000,0.0,0.0
2011-02-01,0.5517892321991081,0.5636802112734396,0.5481304484377693,0.5595641136169434,654104000,0.0,0.0
2011-02-02,0.556362511383637,0.5984384287253341,0.556362511383637,0.5849466919898987,1606616000,0.0,0.0
2011-02-03,0.5858614077300145,0.5858614077300145,0.5613933219886122,0.573970377445221,1030776000,0.0,0.0
2011-02-04,0.5819741791919167,0.591578426040899,0.5796874459631085,0.5870049595832825,872900000,0.0,0.0
2011-02-07,0.5790012729235586,0.581516662477932,0.5604787003286082,0.5625367760658264,934236000,0.0,0.0
2011-02-08,0.5632228410703234,0.5668816244658771,0.5433282165795023,0.5458436608314514,1076584000,0.0,0.0
2011-02-09,0.5479017808085657,0.553389984149701,0.5227477154017703,0.5325806736946106,1277520000,0.0,0.0
2011-02-10,0.5206897871867359,0.5307514598261157,0.5168023450615357,0.5218331813812256,1042352000,0.0,0.0
2011-02-11,0.5200033443248846,0.5536183542937994,0.5115424412508015,0.5366964936256409,1359276000,0.0,0.0
2011-02-14,0.5430995143730495,0.5602500362572522,0.5264063608201611,0.5284644365310669,1287828000,0.0,0.0
2011-02-15,0.5293794994244314,0.5312088650254293,0.5133723050754962,0.5156590938568115,886980000,0.0,0.0
2011-02-16,0.5225189541715155,0.542184866833024,0.5206895352495091,0.5346386432647705,1318364000,0.0,0.0
2011-02-17,0.519546241849913,0.5947798272329851,0.5170307974257887,0.5872336030006409,3470096000,0.0,0.0
2011-02-18,0.5840320122934429,0.5934076536672704,0.5769431579298199,0.586090087890625,1394412000,0.0,0.0
2011-02-22,0.5668815767529516,0.568482284131277,0.5289217499240699,0.5307511687278748,1396648000,0.0,0.0
2011-02-23,0.530751168216374,0.5357819472519753,0.4980508318849356,0.5055970549583435,1491604000,0.0,0.0
2011-02-24,0.5081123994857991,0.5268636270563822,0.5044536712456864,0.517945408821106,1246120000,0.0,0.0
2011-02-25,0.5318946145570738,0.537382763030263,0.5245770469128102,0.5286931991577148,775652000,0.0,0.0
2011-02-28,0.5373825930798197,0.5376113044788833,0.5062830222071493,0.5181740522384644,903696000,0.0,0.0
2011-03-01,0.519089057147969,0.5257206014456366,0.49507832527160645,0.49507832527160645,988448000,0.0,0.0
2011-03-02,0.49439212815688954,0.5037677715372456,0.46306389178841884,0.47449755668640137,1718140000,0.0,0.0
2011-03-03,0.48547379455198253,0.4882178956041116,0.4628351244319425,0.47724154591560364,1593704000,0.0,0.0
2011-03-04,0.47769901832243694,0.4825011416897108,0.4694667678928103,0.47472625970840454,959760000,0.0,0.0
2011-03-07,0.4781564368976747,0.4797571448545741,0.4562037576972859,0.46809476613998413,1019140000,0.0,0.0
2011-03-08,0.47312545016498264,0.47564083978971383,0.43722369755377577,0.44705668091773987,1947184000,0.0,0.0
2011-03-09,0.4456847346747212,0.4500295441959161,0.433793699993565,0.4376811683177948,1318976000,0.0,0.0
2011-03-10,0.4276193440875795,0.43082075836680256,0.4093254586377369,0.4097828269004822,1722736000,0.0,0.0
2011-03-11,0.41321303654916963,0.4241893598699322,0.40383742079893353,0.41275566816329956,1486832000,0.0,0.0
2011-03-14,0.41595711206707253,0.42647609429997285,0.40932557030806793,0.41618579626083374,1003360000,0.0,0.0
2011-03-15,0.3958338788090312,0.41069767174155314,0.38897367926787174,0.4038374722003937,1256280000,0.0,0.0
2011-03-16,0.40017857592162787,0.4196158297610219,0.39560511084412386,0.4008646011352539,1476520000,0.0,0.0
2011-03-17,0.4116124422349292,0.4122984677879235,0.39331857287516425,0.40841102600097656,1238516000,0.0,0.0
2011-03-18,0.41481381416199653,0.41618586503126825,0.4024654381185836,0.40292277932167053,886960000,0.0,0.0
2011-03-21,0.4116122020875572,0.4157283257440328,0.4020079317291141,0.4061240553855896,751832000,0.0,0.0
2011-03-22,0.4049807612142417,0.4088682014242357,0.39720585353424914,0.39903524518013,718332000,0.0,0.0
2011-03-23,0.3983491490198186,0.4084107876517083,0.38965956069318647,0.40726742148399353,782396000,0.0,0.0
2011-03-24,0.4159571282728223,0.4447700020689745,0.4150424459821541,0.4397391676902771,1780592000,0.0,0.0
2011-03-25,0.44362654740846935,0.4447699136745736,0.4253326598907998,0.42601868510246277,1196392000,0.0,0.0
2011-03-28,0.4360803671615476,0.44911476649009113,0.4321929266863707,0.4417972266674042,1204284000,0.0,0.0
2011-03-29,0.4417972877989708,0.44339799559729776,0.4324216707144682,0.43836718797683716,715764000,0.0,0.0
2011-03-30,0.4417973183101547,0.4436267104603019,0.416414539709379,0.42190271615982056,1176320000,0.0,0.0
2011-03-31,0.42258866837580383,0.4271621343284412,0.41435641875705365,0.4221312999725342,655112000,0.0,0.0
2011-04-01,0.42761946074876606,0.4280768018762821,0.41046893675686114,0.41618579626083374,850072000,0.0,0.0
2011-04-04,0.41618582925423797,0.41732919579367234,0.3983492785270516,0.40132203698158264,924328000,0.0,0.0
2011-04-05,0.407267548099234,0.4104689634601221,0.4010933470660797,0.402008056640625,821076000,0.0,0.0
2011-04-06,0.404980659411642,0.4054380003931463,0.39583370348156693,0.39926382899284363,856984000,0.0,0.0
2011-04-07,0.40017860812282907,0.4164144213584174,0.39857790066889887,0.4138990044593811,1021208000,0.0,0.0
2011-04-08,0.4171005115817821,0.4171005115817821,0.4001786704421483,0.40132203698158264,746552000,0.0,0.0
2011-04-11,0.40292260070246266,0.404980676094007,0.3917176235240505,0.3960624039173126,546208000,0.0,0.0
2011-04-12,0.39217502334207344,0.3999499032939726,0.3848574571991061,0.39720582962036133,840756000,0.0,0.0
2011-04-13,0.4013219065763682,0.40863944459899154,0.3962911008895646,0.4061240553855896,749588000,0.0,0.0
2011-04-14,0.4024654701130852,0.42350343972763377,0.4001787366558528,0.4232747554779053,1254704000,0.0,0.0
2011-04-15,0.4200731932591005,0.4331075912343487,0.41801511750827014,0.42784810066223145,969720000,0.0,0.0
2011-04-18,0.41778660592475886,0.42053068062038557,0.4070389368718669,0.41367048025131226,743584000,0.0,0.0
2011-04-19,0.4138991326503328,0.4154998678600398,0.40086475754566203,0.41206976771354675,659860000,0.0,0.0
2011-04-20,0.42716203256073265,0.4333362046738478,0.4177864186874831,0.42464661598205566,650516000,0.0,0.0
2011-04-21,0.4292201413732888,0.43196424248608883,0.4225886272906996,0.4235033094882965,421300000,0.0,0.0
2011-04-25,0.4253326539026862,0.43722365745076025,0.42510396974868414,0.4301348030567169,619612000,0.0,0.0
2011-04-26,0.43379359725073896,0.4456846291155368,0.42944881601860413,0.4413398206233978,676000000,0.0,0.0
2011-04-27,0.4436265805866317,0.4436265805866317,0.43219288981047893,0.4413398206233978,450004000,0.0,0.0
2011-04-28,0.44133998567395527,0.45506041428444854,0.43630917729744917,0.44614213705062866,684000000,0.0,0.0
2011-04-29,0.44911466865403327,0.4674085278555822,0.4484286434819751,0.45734691619873047,836000000,0.0,0.0
2011-05-02,0.4669514866143787,0.4671801436318488,0.448886273753451,0.45117300748825073,613824000,0.0,0.0
2011-05-03,0.44591332728622646,0.447285350595227,0.4241893386636656,0.42967748641967773,808000000,0.0,0.0
2011-05-04,0.4310496472735785,0.43585179823373255,0.4184726137931875,0.4264761805534363,639356000,0.0,0.0
2011-05-05,0.4230460104939282,0.43173560127596483,0.41732917803995767,0.4267047941684723,544000000,0.0,0.0
2011-05-06,0.43562302603388087,0.44591335133641763,0.4321929266863707,0.4417972266674042,841080000,0.0,0.0
2011-05-09,0.44316927098446635,0.4539169379223592,0.4420259044812869,0.45163020491600037,706328000,0.0,0.0
2011-05-10,0.45528904289426686,0.45574638409804574,0.44774279036186554,0.4523162841796875,690976000,0.0,0.0
2011-05-11,0.45460296775906384,0.4591764065568721,0.44820010982611946,0.4543742835521698,616000000,0.0,0.0
2011-05-12,0.4527732777080405,0.4692377664814216,0.45162991194655516,0.46878039836883545,1224000000,0.0,0.0
2011-05-13,0.43905323600209034,0.44019660273933486,0.41435650902560633,0.4175579249858856,2025192000,0.0,0.0
2011-05-16,0.4164144235228387,0.4173291329726992,0.4045234187546879,0.40475207567214966,728188000,0.0,0.0
2011-05-17,0.4033801367666539,0.40360879373194625,0.39148910225112515,0.4031514525413513,1420364000,0.0,0.0
2011-05-18,0.4047520870708659,0.4159570941421848,0.4033800637474427,0.4125269949436188,658844000,0.0,0.0
2011-05-19,0.41572845318142015,0.4159571373891029,0.40040734728689625,0.4065815210342407,650884000,0.0,0.0
2011-05-20,0.40566691315406,0.41458516272985013,0.4038375209369712,0.41367048025131226,575820000,0.0,0.0
2011-05-23,0.40772486901026045,0.4161858026696243,0.40246537781282005,0.4132130444049835,588000000,0.0,0.0
2011-05-24,0.4152711875882908,0.43150700600778685,0.4141278208618478,0.4148138463497162,720372000,0.0,0.0
2011-05-25,0.41275568463197376,0.4225886691604095,0.4086395598149564,0.4198445677757263,545312000,0.0,0.0
2011-05-26,0.41984446639940604,0.4340222292635257,0.4187011001852029,0.4303634464740753,706436000,0.0,0.0
2011-05-27,0.43219286240756577,0.44659928297648394,0.4317355213479181,0.44591328501701355,658824000,0.0,0.0
2011-05-31,0.4546030013286411,0.45849046957285644,0.4436266765273479,0.45826175808906555,1200716000,0.0,0.0
2011-06-01,0.4562037185049715,0.4568897439304244,0.43676645866385405,0.4376811683177948,762208000,0.0,0.0
2011-06-02,0.43836724114150666,0.4415686571264246,0.4303636466591847,0.4356231391429901,607592000,0.0,0.0
2011-06-03,0.4305922337929192,0.4344796744006595,0.42007325119785033,0.4221312999725342,549300000,0.0,0.0
2011-06-06,0.4214452938670647,0.4253327344008226,0.4127556760104181,0.4132130444049835,435988000,0.0,0.0
2011-06-07,0.4164145608252273,0.4187012943138656,0.41115506834935656,0.4129844605922699,433956000,0.0,0.0
2011-06-08,0.4109263431165324,0.4134417331803114,0.398577967972495,0.4017793834209442,569288000,0.0,0.0
2011-06-09,0.4015506379252486,0.402465320063118,0.38279940875889834,0.39720582962036133,741632000,0.0,0.0
2011-06-10,0.39789185589011355,0.4004072726658106,0.3882875571174543,0.3914889991283417,493548000,0.0,0.0
2011-06-13,0.39148911418871585,0.3965199219586835,0.3860009379541967,0.3887450397014618,574760000,0.0,0.0
2011-06-14,0.392175089375322,0.40063599598524646,0.39034569753155274,0.391946405172348,534576000,0.0,0.0
2011-06-15,0.3866869413558448,0.38897367450825,0.3754819325530537,0.3834855258464813,935916000,0.0,0.0
2011-06-16,0.38371422245427156,0.38965974016886934,0.3647343298761457,0.3702224791049957,1024908000,0.0,0.0
2011-06-17,0.37456733011730853,0.37479601438534704,0.3500992583578272,0.36153292655944824,1467884000,0.0,0.0
2011-06-20,0.35833150217955084,0.3658777284722015,0.3544440332718115,0.3571881353855133,745960000,0.0,0.0
2011-06-21,0.35856004812983777,0.3677070069091746,0.3551299488100888,0.3649629056453705,704276000,0.0,0.0
2011-06-22,0.3624475118566112,0.36724963449556497,0.35924606950396953,0.3599320948123932,651720000,0.0,0.0
2011-06-23,0.3553587195138773,0.3731952457708617,0.352157276346719,0.3706798553466797,744024000,0.0,0.0
2011-06-24,0.36885036930188875,0.3720517843945246,0.3576453619576517,0.3599320948123932,529052000,0.0,0.0
2011-06-27,0.3599321330393524,0.36221886613695875,0.33980884906840586,0.35238590836524963,1142152000,0.0,0.0
2011-06-28,0.35238588877065097,0.3585600623388683,0.3498704715991515,0.3544439375400543,692200000,0.0,0.0
2011-06-29,0.3567306524597515,0.363590878283982,0.3443823059481495,0.3599320948123932,960544000,0.0,0.0
2011-06-30,0.3608467167412748,0.3683929393527082,0.3553585697111421,0.36450549960136414,652300000,0.0,0.0
2011-07-01,0.3645056647564058,0.3706798670377958,0.3571881229806999,0.36930781602859497,540804000,0.0,0.0
2011-07-05,0.36885035175278347,0.3722804508716991,0.3599320776876002,0.3631335198879242,535296000,0.0,0.0
2011-07-06,0.3629048781031,0.36359090345902406,0.3539866029961029,0.3583314120769501,529580000,0.0,0.0
2011-07-07,0.36016084966604667,0.3619902145007597,0.3533006224958278,0.3597034811973572,986136000,0.0,0.0
2011-07-08,0.35467255689151417,0.3571879736030859,0.34987040762760535,0.35284316539764404,619516000,0.0,0.0
2011-07-11,0.3462118219960712,0.3475838458455566,0.3395802779801699,0.34049496054649353,714388000,0.0,0.0
2011-07-12,0.33889416521145055,0.3420956078897276,0.3302045740275681,0.33592140674591064,867604000,0.0,0.0
2011-07-13,0.3404948181896937,0.34278155090946294,0.33203391257854825,0.3352353274822235,634368000,0.0,0.0
2011-07-14,0.336607449202901,0.3386654981819221,0.32037163255503176,0.3219723403453827,1088996000,0.0,0.0
2011-07-15,0.32380164784568355,0.32585969628754036,0.3157980837229027,0.3224295973777771,827736000,0.0,0.0
2011-07-18,0.3199141486873538,0.3217435126261539,0.31145321780041263,0.31556934118270874,818200000,0.0,0.0
2011-07-19,0.31648414701086763,0.325859763536436,0.31648414701086763,0.3251737654209137,602224000,0.0,0.0
2011-07-20,0.3263171088238242,0.32814647334885744,0.3201429081418139,0.32105761766433716,662956000,0.0,0.0
2011-07-21,0.3215149723292386,0.3384368129781459,0.3167128220988712,0.33615007996559143,1143420000,0.0,0.0
2011-07-22,0.3391229243081,0.34415373275912486,0.33477811412674896,0.3430103659629822,737192000,0.0,0.0
2011-07-25,0.3377507736771703,0.3391228243320562,0.3327199667092664,0.33752208948135376,566920000,0.0,0.0
2011-07-26,0.3279178623315804,0.3361501128870187,0.32448776247681616,0.32928991317749023,698276000,0.0,0.0
2011-07-27,0.3247164114204087,0.326317146454418,0.3160268198843987,0.3169415295124054,652212000,0.0,0.0
2011-07-28,0.3157980793833792,0.3228869340101437,0.3107672459101884,0.3162554204463959,648176000,0.0,0.0
2011-07-29,0.3130539784852742,0.3192281782460079,0.31145327113471466,0.3162554204463959,677656000,0.0,0.0
2011-08-01,0.3235729985180465,0.3340919805444991,0.32082892454679973,0.3331772983074188,1019620000,0.0,0.0
2011-08-02,0.3308906262532898,0.351699909940466,0.3297472596168518,0.3297472596168518,1356432000,0.0,0.0
2011-08-03,0.33043314620555136,0.33980873232879594,0.3272317046127366,0.3386653661727905,765236000,0.0,0.0
2011-08-04,0.3324913696652823,0.3324913696652823,0.3064225912094116,0.3064225912094116,979732000,0.0,0.0
2011-08-05,0.313511416515625,0.31739885730561884,0.28812864112446523,0.2961322069168091,1270588000,0.0,0.0
2011-08-08,0.2817257225699748,0.2917873623339032,0.27097805757623267,0.27280744910240173,1084180000,0.0,0.0
2011-08-09,0.27806702226794855,0.29613223148241224,0.27440826538679924,0.2956748902797699,1329832000,0.0,0.0
2011-08-10,0.2869851699353274,0.29521741693818926,0.28058231418421253,0.2821830213069916,1140052000,0.0,0.0
2011-08-11,0.2821831104158858,0.31076729982336226,0.2821831104158858,0.30665117502212524,1078792000,0.0,0.0
2011-08-12,0.3393514315700678,0.33980877263471687,0.28972928544557647,0.2945314347743988,3195784000,0.0,0.0
2011-08-15,0.2975041748264496,0.30642244772478316,0.2959034675657234,0.3057364225387573,864152000,0.0,0.0
2011-08-16,0.3023063607137671,0.30642248507159475,0.2915586950961049,0.29704686999320984,716868000,0.0,0.0
2011-08-17,0.29796164963538724,0.30299248508486487,0.28904339999315554,0.29293084144592285,553328000,0.0,0.0
2011-08-18,0.27966781556197284,0.28241189060883926,0.2698348277290032,0.27303627133369446,802564000,0.0,0.0
2011-08-19,0.2684628180113857,0.28332658816512407,0.2664047411725496,0.26823413372039795,761332000,0.0,0.0
2011-08-22,0.27578034638056087,0.2789817899852521,0.2700635120079156,0.27303627133369446,611876000,0.0,0.0
2011-08-23,0.27966767173297685,0.3027636816245298,0.27921030341036984,0.3025349974632263,938312000,0.0,0.0
2011-08-24,0.30184917019308605,0.3027638528355422,0.2904154736022769,0.2981903851032257,687500000,0.0,0.0
2011-08-25,0.2922447342927934,0.297504225263994,0.284927194674604,0.28538453578948975,690968000,0.0,0.0
2011-08-26,0.28424124635567327,0.3004770647814414,0.27921041094937005,0.2975043058395386,732660000,0.0,0.0
2011-08-29,0.3059650579389119,0.3066510557556386,0.2988761775794308,0.30550768971443176,601528000,0.0,0.0
2011-08-30,0.3034497943996972,0.3153408017582169,0.3013917181341776,0.31282541155815125,684760000,0.0,0.0
2011-08-31,0.3151120479187438,0.31831346255646586,0.3018489937938916,0.3043643832206726,705808000,0.0,0.0
2011-09-01,0.30848063396038783,0.3151121773772728,0.30344982578000096,0.3036784827709198,762312000,0.0,0.0
2011-09-02,0.2968182106518387,0.300934335354068,0.2931594270809668,0.2954461872577667,471356000,0.0,0.0
2011-09-06,0.2858418444065471,0.3020776565891585,0.283097770769205,0.3013916313648224,696248000,0.0,0.0
2011-09-07,0.3258597254753113,0.3347779997955214,0.31694147841510656,0.3258597254753113,1606620000,0.0,0.0
2011-09-08,0.3226583054464026,0.33043321324053443,0.31899952210092825,0.3242590129375458,880164000,0.0,0.0
2011-09-09,0.3215150615735418,0.3302046548852575,0.3146548606316634,0.31739893555641174,869828000,0.0,0.0
2011-09-12,0.3130539144244565,0.3276890162661985,0.3130539144244565,0.32494494318962097,916480000,0.0,0.0
2011-09-13,0.3276890807103272,0.33386328042185603,0.32265827453723167,0.3322625458240509,853836000,0.0,0.0
2011-09-14,0.3409522493398832,0.35375796583321156,0.3407235651217844,0.3494131565093994,1547192000,0.0,0.0
2011-09-15,0.3571880389126018,0.35901743074096437,0.35124252228542524,0.3544439375400543,752908000,0.0,0.0
2011-09-16,0.3551299223034146,0.3681643205535865,0.351699823239686,0.3535292148590088,1391588000,0.0,0.0
2011-09-19,0.3475836950836038,0.3500991119399732,0.3372933980057353,0.34621167182922363,968204000,0.0,0.0
2011-09-20,0.35055647199856443,0.3519285225872104,0.33569270874825624,0.337293416261673,792436000,0.0,0.0
2011-09-21,0.33912287638822797,0.34506836653203166,0.3306619414843356,0.33089062571525574,715252000,0.0,0.0
2011-09-22,0.3178560594920083,0.3183134004567457,0.3029923009480638,0.30893778800964355,1314632000,0.0,0.0
2011-09-23,0.30710856427104677,0.3242590627237056,0.30527917231742796,0.3153407871723175,1011440000,0.0,0.0
2011-09-26,0.3192283097155947,0.3201429922183268,0.30184912408357395,0.31602686643600464,972124000,0.0,0.0
2011-09-27,0.32403025272616565,0.32677432573055204,0.31396861536342036,0.3164840042591095,781388000,0.0,0.0
2011-09-28,0.3171701462466631,0.32517373862155824,0.30184904133587714,0.30687984824180603,1236532000,0.0,0.0
2011-09-29,0.3123680627102317,0.3176275544687935,0.2915587526376551,0.2993336617946625,866416000,0.0,0.0
2011-09-30,0.29453149200079576,0.2961321996680807,0.2856132168373377,0.2860705852508545,677784000,0.0,0.0
2011-10-03,0.28241177376031,0.2913300480476897,0.2700634002685547,0.2700634002685547,949896000,0.0,0.0
2011-10-04,0.26343183827796235,0.2949887812137604,0.26228847196550603,0.2949887812137604,1361548000,0.0,0.0
2011-10-05,0.2943026861546068,0.3082517900213255,0.2883571990963293,0.30550768971443176,856708000,0.0,0.0
2011-10-06,0.3071085370144098,0.3185422016347499,0.3066511686215908,0.31762751936912537,773192000,0.0,0.0
2011-10-07,0.3189994982660588,0.32837511285081056,0.3123679846153827,0.32357296347618103,806976000,0.0,0.0
2011-10-10,0.32906136487471843,0.33797964453697205,0.3283753391683879,0.33797964453697205,534376000,0.0,0.0
2011-10-11,0.33523534664200577,0.3407235218391215,0.33317729798059104,0.33432066440582275,816080000,0.0,0.0
2011-10-12,0.3407235330262253,0.34095221722278246,0.3338633342495915,0.33409199118614197,612064000,0.0,0.0
2011-10-13,0.3324912521268036,0.3542152401237553,0.3315765699471443,0.3535292148590088,854832000,0.0,0.0
2011-10-14,0.35970346494167643,0.3633622489657776,0.3507852163654436,0.3594748079776764,702452000,0.0,0.0
2011-10-17,0.35535866293255053,0.35535866293255053,0.3398088453279804,0.3416382372379303,611780000,0.0,0.0
2011-10-18,0.3398088823054302,0.3549013603898539,0.3377508332202883,0.3539866507053375,590916000,0.0,0.0
2011-10-19,0.3544438543673387,0.3606180537467445,0.34598294981408007,0.3468976318836212,557568000,0.0,0.0
2011-10-20,0.33752212259351344,0.33889417338300254,0.3164841558747299,0.32951855659484863,990308000,0.0,0.0
2011-10-21,0.3336345964435635,0.3391227709390172,0.32563103249019565,0.331119179725647,628428000,0.0,0.0
2011-10-24,0.33249127014238505,0.3487270841610838,0.33180524484046714,0.3434675931930542,535256000,0.0,0.0
2011-10-25,0.33866544146877037,0.34140954266128287,0.3297471943731212,0.3304332196712494,577996000,0.0,0.0
2011-10-26,0.3368360814453349,0.3386654459177009,0.32471636462587167,0.33432066440582275,503116000,0.0,0.0
2011-10-27,0.3466689990143351,0.35215714633181633,0.3388940918445668,0.3487270474433899,577732000,0.0,0.0
2011-10-28,0.3457543171651702,0.3599320821747753,0.34483963495939146,0.3567306399345398,490156000,0.0,0.0
2011-10-31,0.34529695037068125,0.34735502607056107,0.3384367525577545,0.3384367525577545,519984000,0.0,0.0
2011-11-01,0.3260884300118014,0.3270031122894191,0.3183135216120226,0.32151496410369873,790824000,0.0,0.0
2011-11-02,0.32471645925201503,0.3263171945218169,0.30939535014116226,0.31602686643600464,961608000,0.0,0.0
2011-11-03,0.3194569534888858,0.33569279895049353,0.310996045278764,0.3350067734718323,749372000,0.0,0.0
2011-11-04,0.3320339886725861,0.34003755502599947,0.32677449675976955,0.33889418840408325,654840000,0.0,0.0
2011-11-07,0.3363786285003542,0.3420954864492785,0.3292897748020862,0.337064653635025,613536000,0.0,0.0
2011-11-08,0.34140950386793334,0.34689765110934545,0.33592132936651886,0.34483960270881653,549728000,0.0,0.0
2011-11-09,0.3368361754292506,0.34118095815340854,0.32608850622525676,0.32746055722236633,532244000,0.0,0.0
2011-11-10,0.33546409225357127,0.33889419215730787,0.32265837504228345,0.33089062571525574,990484000,0.0,0.0
2011-11-11,0.34026607874224113,0.3452968840535117,0.32174351004074986,0.3425528109073639,1751560000,0.0,0.0
2011-11-14,0.34255294905519323,0.34598304868619884,0.3350067244149793,0.33592140674591064,500292000,0.0,0.0
2011-11-15,0.3327199445385059,0.34278155780385905,0.33180523507619797,0.3402661681175232,505660000,0.0,0.0
2011-11-16,0.33386333992799294,0.34278158758529714,0.33226260504488075,0.3334059715270996,512420000,0.0,0.0
2011-11-17,0.3327199719345545,0.3336346542121722,0.3155694475191624,0.32151496410369873,657504000,0.0,0.0
2011-11-18,0.3233444229555991,0.3233444229555991,0.31511217171027844,0.3185422718524933,501352000,0.0,0.0
2011-11-21,0.3135113463548197,0.33775072251966964,0.3087091970500845,0.33454930782318115,1330788000,0.0,0.0
2011-11-22,0.3382080619271077,0.34666899420928804,0.33637867042663616,0.34483960270881653,1287480000,0.0,0.0
2011-11-23,0.34118090059911566,0.34369631791614946,0.329975892039612,0.330204576253891,825340000,0.0,0.0
2011-11-25,0.3258597404325593,0.3334059645083445,0.3201429081418139,0.32105761766433716,406620000,0.0,0.0
2011-11-28,0.3315765784337717,0.344153608656016,0.3315765784337717,0.33912280201911926,690616000,0.0,0.0
2011-11-29,0.33866536858363194,0.34529690869167046,0.33546395422802683,0.3409521281719208,623440000,0.0,0.0
2011-11-30,0.3512424866517371,0.35833136904496943,0.34826972863973626,0.35741665959358215,730324000,0.0,0.0
2011-12-01,0.3544438553486036,0.3626761030372681,0.3528431480924747,0.3617614209651947,529760000,0.0,0.0
2011-12-02,0.3656489821658384,0.3670210329898788,0.35604470817758527,0.3594748079776764,546464000,0.0,0.0
2011-12-05,0.3654203445717184,0.3658776857839709,0.35101389193567917,0.3539866507053375,644696000,0.0,0.0
2011-12-06,0.3560446327885832,0.35673063079534,0.3452969672160038,0.34895575046539307,573832000,0.0,0.0
2011-12-07,0.3466689749962364,0.34941304846486065,0.33958009354728946,0.3468976318836212,510016000,0.0,0.0
2011-12-08,0.3434676313861246,0.3491844641044672,0.33477804020224217,0.33592140674591064,491488000,0.0,0.0
2011-12-09,0.33340591862152325,0.3434675584244506,0.3288324534183752,0.3407234847545624,555840000,0.0,0.0
2011-12-12,0.3334059121024818,0.3347779625405998,0.3260883733725244,0.3322625458240509,573208000,0.0,0.0
2011-12-13,0.3366073865851647,0.34072351103751075,0.3210575982429713,0.32311564683914185,516596000,0.0,0.0
2011-12-14,0.32037154550919034,0.3222009370268306,0.30710849108130167,0.3105385899543762,636020000,0.0,0.0
2011-12-15,0.3157981337717518,0.3178561825397757,0.3071085430378594,0.3077945411205292,435148000,0.0,0.0
2011-12-16,0.3103098381638525,0.316255352485429,0.3075657651154313,0.30893778800964355,619116000,0.0,0.0
2011-12-19,0.3103099606788405,0.3139687443612754,0.2997909780368456,0.3009343445301056,463276000,0.0,0.0
2011-12-20,0.3077945797103995,0.31899958901893793,0.3077945797103995,0.31785622239112854,445208000,0.0,0.0
2011-12-21,0.3160268377461219,0.31945693770999306,0.3075659299539085,0.3137401044368744,548424000,0.0,0.0
2011-12-22,0.3146548207349596,0.3281465366392968,0.3146548207349596,0.32723185420036316,576560000,0.0,0.0
2011-12-23,0.3288325224377414,0.32928989086205657,0.3212862978166533,0.32403039932250977,248948000,0.0,0.0
2011-12-27,0.3226583305807244,0.32654577115061023,0.32060025456607394,0.32151496410369873,195712000,0.0,0.0
2011-12-28,0.3215150585111296,0.3222010840507862,0.3132828065552811,0.3135114908218384,233960000,0.0,0.0
2011-12-29,0.3167128899800145,0.32014299023402026,0.3121394229746735,0.31945696473121643,211112000,0.0,0.0
2011-12-30,0.3183135530644008,0.321743652834404,0.31648416106839716,0.3169415295124054,186956000,0.0,0.0
2012-01-03,0.32700310689070833,0.32928986706701313,0.3203715923374464,0.32105761766433716,468044000,0.0,0.0
2012-01-04,0.32128631913167777,0.32608846982550604,0.31831356047645126,0.3247164189815521,347372000,0.0,0.0
2012-01-05,0.32311572424602,0.3379795181236556,0.32174367334654236,0.3363787829875946,563548000,0.0,0.0
2012-01-06,0.3361500621788693,0.3363787191120211,0.3286038381847318,0.33249127864837646,533252000,0.0,0.0
2012-01-09,0.33271996284153466,0.3388941361967357,0.33020454575682007,0.33249127864837646,508244000,0.0,0.0
2012-01-10,0.3375220363403418,0.3377507205001532,0.32883244716754184,0.331119179725647,546328000,0.0,0.0
2012-01-11,0.32814653253416914,0.3311192913135321,0.32311572466294575,0.3244877755641937,484272000,0.0,0.0
2012-01-12,0.32517369831359005,0.3254023552182392,0.31534071539359854,0.3224295973777771,652364000,0.0,0.0
2012-01-13,0.320142891146141,0.3208289164366122,0.31236801054748103,0.3139687180519104,504300000,0.0,0.0
2012-01-17,0.31877091109108785,0.31877091109108785,0.30870926907188356,0.3091666102409363,627176000,0.0,0.0
2012-01-18,0.3151119654716549,0.3222008453632806,0.31351125857160883,0.3196854293346405,632676000,0.0,0.0
2012-01-19,0.32242965493760606,0.3286038558853946,0.3189995554155048,0.32814648747444153,608312000,0.0,0.0
2012-01-20,0.3276891554511821,0.3315766234925207,0.3240303988816985,0.3251737654209137,546272000,0.0,0.0
2012-01-23,0.32540240061707115,0.3343206753826991,0.32128627589908954,0.33409199118614197,562792000,0.0,0.0
2012-01-24,0.3318052795744569,0.3430102879853949,0.33157662262321846,0.3416382372379303,730920000,0.0,0.0
2012-01-25,0.33249132422361105,0.34049489044112297,0.3228870229545887,0.3395802080631256,1274152000,0.0,0.0
2012-01-26,0.3446110338644372,0.34849850232628654,0.33454941813497313,0.3363787829875946,799672000,0.0,0.0
2012-01-27,0.3343205880638822,0.34278149222655246,0.33157651472193506,0.3409521281719208,449996000,0.0,0.0
2012-01-30,0.3350066536512912,0.3400374599287702,0.3299758201138092,0.3384367525577545,399076000,0.0,0.0
2012-01-31,0.33935147023971096,0.33958015442809575,0.331805246403087,0.33775076270103455,357900000,0.0,0.0
2012-02-01,0.34163819113630994,0.3452969744624833,0.3368360686882129,0.3414095342159271,428020000,0.0,0.0
2012-02-02,0.3432388833570105,0.3555872278480677,0.33980875737615973,0.35421520471572876,696236000,0.0,0.0
2012-02-03,0.35947468852501024,0.3647341785894347,0.3587886633409547,0.3617614209651947,495232000,0.0,0.0
2012-02-06,0.35993211402270514,0.3603894551660615,0.3558159892124832,0.35901743173599243,278868000,0.0,0.0
2012-02-07,0.35947475369344606,0.36199014347765823,0.35352923736711567,0.3599320948123932,410296000,0.0,0.0
2012-02-08,0.3599320989081666,0.3800553537108818,0.358102707151555,0.3729664981365204,847612000,0.0,0.0
2012-02-09,0.37753994482552744,0.37959799341024336,0.37205176983294364,0.3727377951145172,561944000,0.0,0.0
2012-02-10,0.3690790745985201,0.37045112539517216,0.3615328497369524,0.36359092593193054,440268000,0.0,0.0
2012-02-13,0.37273791629158337,0.3741099673007842,0.3617615899980178,0.36930781602859497,610668000,0.0,0.0
2012-02-14,0.36930767751223553,0.37456716806147483,0.3661062354448708,0.3713657259941101,453756000,0.0,0.0
2012-02-15,0.37479587723443447,0.3864582254364332,0.3688503610412576,0.369765043258667,1110856000,0.0,0.0
2012-02-16,0.34438229168890927,0.37914065144980635,0.34301024112887213,0.376167893409729,1888588000,0.0,0.0
2012-02-17,0.3763966739471707,0.37891206427117163,0.3590174896176563,0.362447589635849,1020360000,0.0,0.0
2012-02-21,0.3622188397944738,0.3731951633167293,0.3615328144630815,0.3642769157886505,518176000,0.0,0.0
2012-02-22,0.36244744614925023,0.37136569176196926,0.361304079929158,0.3617614209651947,492432000,0.0,0.0
2012-02-23,0.362447427103984,0.36587752558402176,0.35673056904392153,0.3638194501399994,323968000,0.0,0.0
2012-02-24,0.3649628410619496,0.3654202093649857,0.3594746940255301,0.36107540130615234,366668000,0.0,0.0
2012-02-27,0.3565020218596862,0.3581027295242242,0.3487271132233467,0.35375794768333435,745268000,0.0,0.0
2012-02-28,0.35375799543131975,0.35787412088141973,0.34689776817447876,0.35055655241012573,699884000,0.0,0.0
2012-02-29,0.35169983592160736,0.35764535208379417,0.34621168812574654,0.3464403450489044,689196000,0.0,0.0
2012-03-01,0.34781236531047727,0.3528431715615022,0.3464403148511056,0.3487270474433899,449944000,0.0,0.0
2012-03-02,0.3475836457974219,0.3567305752363015,0.3475836457974219,0.3516997694969177,684076000,0.0,0.0
2012-03-05,0.3491843762774431,0.34987040148309656,0.3372933726661233,0.33980876207351685,514848000,0.0,0.0
2012-03-06,0.3359214307799897,0.3386655052291219,0.33066193885081335,0.3366074562072754,471400000,0.0,0.0
2012-03-07,0.3384367092975891,0.34003741646399677,0.33386324467356754,0.3386653661727905,441984000,0.0,0.0
2012-03-08,0.33958010517830023,0.3432388881017841,0.3377507137165583,0.33980876207351685,430852000,0.0,0.0
2012-03-09,0.3407235804511513,0.3432389979233711,0.33706479635701525,0.33889418840408325,367836000,0.0,0.0
2012-03-12,0.3402661864813932,0.34255291937056864,0.3327199624951127,0.3336346447467804,299948000,0.0,0.0
2012-03-13,0.335006782573318,0.3400375907868235,0.333406047326282,0.3382081985473633,553288000,0.0,0.0
2012-03-14,0.3382081064815102,0.33889413179206196,0.3274604674828855,0.3286038339138031,735708000,0.0,0.0
2012-03-15,0.32951853093955696,0.33523536335065124,0.3283751644573381,0.3334059715270996,382380000,0.0,0.0
2012-03-16,0.3336346039991485,0.3352353113740717,0.331805212459235,0.3338632881641388,428340000,0.0,0.0
2012-03-19,0.33569260082090896,0.337293307819688,0.3331771846371157,0.3347778916358948,405400000,0.0,0.0
2012-03-20,0.33294866999989914,0.33294866999989914,0.32631715451802584,0.32928991317749023,449616000,0.0,0.0
2012-03-21,0.3292897507724203,0.33363453087494693,0.3256309684945053,0.3306617736816406,467840000,0.0,0.0
2012-03-22,0.3281465001054064,0.33294865052519496,0.32723181776830806,0.330204576253891,425372000,0.0,0.0
2012-03-23,0.32928991163401566,0.33363469385901423,0.3270031511482144,0.332720011472702,315456000,0.0,0.0
2012-03-26,0.3359214307799897,0.338208164030935,0.3327200151326705,0.3366074562072754,288600000,0.0,0.0
2012-03-27,0.33797950601055454,0.3430103136949837,0.3372934805854027,0.33889418840408325,419968000,0.0,0.0
2012-03-28,0.34323891918964855,0.35124248370716743,0.3407235022944266,0.3466690182685852,892448000,0.0,0.0
2012-03-29,0.34621171185914384,0.35101383469471437,0.34186690290123867,0.3482697606086731,372700000,0.0,0.0
2012-03-30,0.3512425825068889,0.35421534133016447,0.34621177456135205,0.35215726494789124,527240000,0.0,0.0
2012-04-02,0.351242577861811,0.35421533664577276,0.3455257445311198,0.35055655241012573,407776000,0.0,0.0
2012-04-03,0.35307185083093706,0.35352919189105436,0.343010211208345,0.34483960270881653,430476000,0.0,0.0
2012-04-04,0.3395802403162238,0.3439250229143907,0.33294869703584845,0.3350067734718323,495896000,0.0,0.0
2012-04-05,0.3354639899478914,0.33958011402909266,0.33340591427728955,0.33454930782318115,369424000,0.0,0.0
2012-04-09,0.32928989391679264,0.3313479428052684,0.3238017181141759,0.330204576253891,365504000,0.0,0.0
2012-04-10,0.32883256386635684,0.33340603060563667,0.3222010479984058,0.32380175590515137,470360000,0.0,0.0
2012-04-11,0.32814641154267443,0.33500663625945626,0.3270030452998777,0.32791775465011597,372960000,0.0,0.0
2012-04-12,0.3283751953460173,0.33752212806417625,0.3270031445342895,0.33569276332855225,384868000,0.0,0.0
2012-04-13,0.33272003240275433,0.33454942455046865,0.3235730716641826,0.32380175590515137,311324000,0.0,0.0
2012-04-16,0.32608848574986227,0.3270031681838259,0.31465481902525744,0.319914311170578,463468000,0.0,0.0
2012-04-17,0.3208288361419448,0.32471627546835524,0.319456785904389,0.32060015201568604,460696000,0.0,0.0
2012-04-18,0.31854216382068673,0.32014287122551344,0.3132826732676818,0.317170113325119,400764000,0.0,0.0
2012-04-19,0.3130540035335571,0.32494503568343847,0.31076727077550376,0.3123680055141449,667188000,0.0,0.0
2012-04-20,0.31419730210163166,0.3151120113634407,0.30550771404443944,0.3061937391757965,509592000,0.0,0.0
2012-04-23,0.3009342901141093,0.3039070479110423,0.295217458681547,0.3025349974632263,706244000,0.0,0.0
2012-04-24,0.3034498739739568,0.3059652920936559,0.2915588362372164,0.293159544467926,730440000,0.0,0.0
2012-04-25,0.2975041028873859,0.3013915416548478,0.2920159299862681,0.29910480976104736,727112000,0.0,0.0
2012-04-26,0.2988763206113114,0.30184907919310805,0.2968182443962169,0.2993336617946625,539208000,0.0,0.0
2012-04-27,0.2988763326763487,0.3007057247436117,0.2936168407054718,0.29681825637817383,475356000,0.0,0.0
2012-04-30,0.295217435359112,0.2988762180909059,0.2931593598499778,0.29727548360824585,262268000,0.0,0.0
2012-05-01,0.29567479974415145,0.3057364394214628,0.29567479974415145,0.3025349974632263,408680000,0.0,0.0
2012-05-02,0.3013917299380869,0.3025350965992628,0.29224479664867964,0.2938455045223236,684008000,0.0,0.0
2012-05-03,0.29453155732855557,0.2963609496083622,0.2869853312118621,0.2888147234916687,419536000,0.0,0.0
2012-05-04,0.28698532809595323,0.2885860361008993,0.2803537845611572,0.2803537845611572,545092000,0.0,0.0
2012-05-07,0.2853845765922731,0.2901867271351741,0.28286915921075173,0.28515589237213135,604440000,0.0,0.0
2012-05-08,0.2826404588615568,0.2867565837691528,0.2776096516456097,0.28492721915245056,462312000,0.0,0.0
2012-05-09,0.27989638426845737,0.2883573182784066,0.2771523100873964,0.2860705852508545,520608000,0.0,0.0
2012-05-10,0.288814676824783,0.28927201800583363,0.2794390599432019,0.2840125262737274,597092000,0.0,0.0
2012-05-11,0.3075658254574407,0.3128253157337836,0.30093428475770334,0.30207765102386475,1435140000,0.0,0.0
2012-05-14,0.2995622400416509,0.304821730418199,0.2933880675387477,0.30024826526641846,437472000,0.0,0.0
2012-05-15,0.30024824117032833,0.30687978146420475,0.29590346052882344,0.29727548360824585,599940000,0.0,0.0
2012-05-16,0.2977328356988871,0.301162934100856,0.29041527063335437,0.2913299798965454,470484000,0.0,0.0
2012-05-17,0.292473422896617,0.2952174968873731,0.2892719805240631,0.2892719805240631,335364000,0.0,0.0
2012-05-18,0.2899579701843839,0.2913300206410617,0.2748655242009384,0.2762375473976135,567288000,0.0,0.0
2012-05-21,0.2766948454961905,0.2824116755147077,0.2748654544382658,0.28103962540626526,416260000,0.0,0.0
2012-05-22,0.280811088858176,0.2812684300035786,0.27349352149170486,0.277609646320343,410140000,0.0,0.0
2012-05-23,0.274636914468699,0.2849272411626035,0.2705207892431392,0.284469872713089,496000000,0.0,0.0
2012-05-24,0.28607064763072615,0.2865279888839617,0.27486563699637845,0.27692368626594543,520420000,0.0,0.0
2012-05-25,0.27669498046579466,0.2858419129572229,0.27669498046579466,0.28355517983436584,391752000,0.0,0.0
2012-05-29,0.288128559981739,0.29270202486081404,0.28698519376197024,0.29087263345718384,310000000,0.0,0.0
2012-05-30,0.287671278962281,0.28972932768323223,0.28241178780206433,0.2874425947666168,379792000,0.0,0.0
2012-05-31,0.2874425546208961,0.2885859209195153,0.2805823568291808,0.2842411398887634,358192000,0.0,0.0
2012-06-01,0.27829559320483643,0.2810396665635859,0.273493444382025,0.2739507853984833,440984000,0.0,0.0
2012-06-04,0.2753230196208034,0.27692372787766395,0.265947399850592,0.26823413372039795,432856000,0.0,0.0
2012-06-05,0.266862001996844,0.27669495911850894,0.266862001996844,0.2760089337825775,365224000,0.0,0.0
2012-06-06,0.27806698552688686,0.28401250215568685,0.2760089367569215,0.28332647681236267,368968000,0.0,0.0
2012-06-07,0.28744260570504565,0.28904334061559656,0.27166413162395675,0.27189281582832336,526780000,0.0,0.0
2012-06-08,0.2728074615975067,0.27806695225363637,0.272350120510018,0.27715227007865906,370308000,0.0,0.0
2012-06-11,0.286070645595988,0.29110145386582426,0.27966778631619016,0.2803537845611572,839080000,0.0,0.0
2012-06-12,0.28355516801654396,0.2888146594319154,0.28309782686303514,0.2860705852508545,496128000,0.0,0.0
2012-06-13,0.2858419094528167,0.286527934833265,0.27715231824049197,0.27852436900138855,494276000,0.0,0.0
2012-06-14,0.2780670897393359,0.28035382356742117,0.2723502551691227,0.27509433031082153,589884000,0.0,0.0
2012-06-15,0.27715218644567274,0.2812683095110043,0.27463677033352685,0.28103962540626526,385288000,0.0,0.0
2012-06-18,0.2789817135886517,0.2858419129572229,0.27669498046579466,0.28355517983436584,304424000,0.0,0.0
2012-06-19,0.2952175061316692,0.3071085392306392,0.2938454554633244,0.3027637302875519,960476000,0.0,0.0
2012-06-20,0.3057364465454786,0.31328266966429724,0.30390705499243115,0.307565838098526,972720000,0.0,0.0
2012-06-21,0.30733719928276176,0.30733719928276176,0.29293077615919694,0.29361680150032043,516376000,0.0,0.0
2012-06-22,0.29727548360824585,0.30070560945680286,0.2931593598499778,0.29727548360824585,865360000,0.0,0.0
2012-06-25,0.2975042414408437,0.2984189237203513,0.28675657472659033,0.2878999412059784,494616000,0.0,0.0
2012-06-26,0.28950065875817177,0.29315941491722836,0.28538453422672827,0.2911013662815094,437152000,0.0,0.0
2012-06-27,0.29133006630582253,0.30253504683834853,0.29133006630582253,0.300476998090744,506064000,0.0,0.0
2012-06-28,0.2977329232702991,0.30459312209200934,0.2952175061316692,0.3027637302875519,545896000,0.0,0.0
2012-06-29,0.3098526913925283,0.3167128919430606,0.30962400713683835,0.31602686643600464,616508000,0.0,0.0
2012-07-02,0.31762747801028524,0.31785613491691417,0.3050504213055854,0.307565838098526,581684000,0.0,0.0
2012-07-03,0.3075657785404655,0.31625536628975776,0.3073370944181166,0.31556934118270874,219284000,0.0,0.0
2012-07-05,0.3135113718931716,0.31488339519200076,0.3075658558182309,0.3123680055141449,280076000,0.0,0.0
2012-07-06,0.3100813484814542,0.3109960582444752,0.3029924909331139,0.3064225912094116,382760000,0.0,0.0
2012-07-09,0.3045930867208893,0.30596513722990365,0.2997909371993429,0.3023063540458679,306336000,0.0,0.0
2012-07-10,0.2991050633362963,0.30802334163885153,0.29087281063547865,0.293159544467926,512028000,0.0,0.0
2012-07-11,0.29407415000007275,0.29773293373761855,0.2869852667310807,0.28835731744766235,485216000,0.0,0.0
2012-07-12,0.28515588756836396,0.28561322874093353,0.28103976249521945,0.28355517983436584,472160000,0.0,0.0
2012-07-13,0.2837838223664876,0.28858594486311234,0.28195443068491405,0.28721392154693604,324260000,0.0,0.0
2012-07-16,0.2853844518762276,0.29041525718074535,0.28264035147376554,0.288128525018692,334460000,0.0,0.0
2012-07-17,0.2890434224457486,0.2906441305494632,0.27806706820880916,0.28286921977996826,447476000,0.0,0.0
2012-07-18,0.28218305666018156,0.3027636767457708,0.280811033494477,0.29864755272865295,616008000,0.0,0.0
2012-07-19,0.300705741339685,0.3055078651137692,0.298647664927924,0.3016204237937927,403036000,0.0,0.0
2012-07-20,0.29979104186610517,0.30184911834816786,0.28972939822716315,0.29293084144592285,451000000,0.0,0.0
2012-07-23,0.28515590580188194,0.2988763326763487,0.2819544901291799,0.29681825637817383,451584000,0.0,0.0
2012-07-24,0.29727555788630045,0.2991049497092941,0.2901867020547101,0.29361680150032043,351164000,0.0,0.0
2012-07-25,0.29270211922603767,0.30230642037645916,0.29133009567598445,0.2993336617946625,415044000,0.0,0.0
2012-07-26,0.30482185928613376,0.30825198686010874,0.2984189999147373,0.30070576071739197,338440000,0.0,0.0
2012-07-27,0.30184914698424237,0.30916668934130753,0.2995623860338927,0.3082520067691803,376516000,0.0,0.0
2012-07-30,0.30825191605071006,0.3121393567282015,0.30230639930159997,0.30482178926467896,363552000,0.0,0.0
2012-07-31,0.30482186485368085,0.31396882645132584,0.3043645235888023,0.3096240162849426,387788000,0.0,0.0
2012-08-01,0.31145322883620224,0.3144259862320836,0.30482168891308237,0.3061937391757965,335912000,0.0,0.0
2012-08-02,0.3045931501539973,0.3119106907859809,0.29956231541324974,0.30733722448349,367912000,0.0,0.0
2012-08-03,0.3121393965724034,0.31694154742582764,0.3048218281748025,0.3137401044368744,326548000,0.0,0.0
2012-08-06,0.3167127554465521,0.3219722457205671,0.3162554143922904,0.32037153840065,360324000,0.0,0.0
2012-08-07,0.32425898870969994,0.3270030623837727,0.32174357194013153,0.32357296347618103,407340000,0.0,0.0
2012-08-08,0.32334438967112245,0.32883253842972116,0.32242968003801603,0.3254024386405945,517064000,0.0,0.0
2012-08-09,0.3258597987849637,0.3370648084373334,0.3254024575718083,0.3363787829875946,822300000,0.0,0.0
2012-08-10,0.3452969875400484,0.34804106150860337,0.3299758556339387,0.33432066440582275,1278744000,0.0,0.0
2012-08-13,0.33477792669437206,0.33889405030799136,0.3334058764031658,0.3386653661727905,447244000,0.0,0.0
2012-08-14,0.339808818095553,0.3402661864813932,0.33226259410927256,0.3336346447467804,388828000,0.0,0.0
2012-08-15,0.3347779627226161,0.3375220363403418,0.32951847238697385,0.331119179725647,594404000,0.0,0.0
2012-08-16,0.3340921746211062,0.3391230116275157,0.33294880753056255,0.33797964453697205,371008000,0.0,0.0
2012-08-17,0.3379795323726893,0.3379795323726893,0.33203401457097526,0.3350067734718323,309864000,0.0,0.0
2012-08-20,0.3338634067607344,0.3354641147042689,0.32997593813499143,0.3350067734718323,314392000,0.0,0.0
2012-08-21,0.3361500671751361,0.3382081159041236,0.33066189179782507,0.33409199118614197,340248000,0.0,0.0
2012-08-22,0.33203381860084547,0.3361499417834177,0.3308904525645752,0.3347778916358948,313556000,0.0,0.0
2012-08-23,0.33409205427240146,0.33432073851214084,0.32585980328195074,0.32723185420036316,379040000,0.0,0.0
2012-08-24,0.32723174723945275,0.335463995539062,0.32654572200448484,0.3338632881641388,347724000,0.0,0.0
2012-08-27,0.33363466306580825,0.3345493726277066,0.3279178305289728,0.32814648747444153,340944000,0.0,0.0
2012-08-28,0.32563114110059266,0.32997592350614197,0.324945115652345,0.3267745077610016,310764000,0.0,0.0
2012-08-29,0.32654584747095544,0.3295186064580173,0.32585982197240065,0.32746055722236633,250412000,0.0,0.0
2012-08-30,0.32677446651729986,0.3279178330333993,0.3196855832134804,0.32128629088401794,307488000,0.0,0.0
2012-08-31,0.3235730486433149,0.32585978185026326,0.31762755866125497,0.32082897424697876,485064000,0.0,0.0
2012-09-04,0.3155695186191238,0.31671288535375774,0.30070575106888203,0.3036784827709198,694452000,0.0,0.0
2012-09-05,0.30482177297851154,0.30916658183534246,0.30139167363575337,0.30459311604499817,480256000,0.0,0.0
2012-09-06,0.30687983548371645,0.32220096701755463,0.30665115130022436,0.3139687180519104,657296000,0.0,0.0
2012-09-07,0.305965249957908,0.30848064047118473,0.2961322631205048,0.3064225912094116,781064000,0.0,0.0
2012-09-10,0.3057365592492689,0.31008134193687276,0.30299248453815,0.3036784827709198,371108000,0.0,0.0
2012-09-11,0.3034497835783746,0.3121393750051092,0.30230641700275185,0.30733722448349,382808000,0.0,0.0
2012-09-12,0.3098526107118161,0.31236802782937534,0.30687985246197513,0.3107672929763794,322608000,0.0,0.0
2012-09-13,0.3135114369799911,0.3146548035963874,0.3068798942488862,0.31282541155815125,433836000,0.0,0.0
2012-09-14,0.31259656523122903,0.3219721775278786,0.31259656523122903,0.3164840042591095,339468000,0.0,0.0
2012-09-17,0.3171701571970986,0.3171701571970986,0.30436444166715115,0.3077945411205292,493348000,0.0,0.0
2012-09-18,0.30436448346717093,0.3135114438590544,0.30413582649488075,0.309852659702301,359952000,0.0,0.0
2012-09-19,0.31053873165667,0.3178562738063047,0.3068799469518451,0.3135114908218384,451936000,0.0,0.0
2012-09-20,0.312825374296033,0.3144260819163179,0.3087092495152953,0.31122463941574097,320596000,0.0,0.0
2012-09-21,0.31168208563226696,0.31442616041785865,0.31053871886660256,0.31259676814079285,340136000,0.0,0.0
2012-09-24,0.3075658558182309,0.3128253466137546,0.3071085147186212,0.3123680055141449,357832000,0.0,0.0
2012-09-25,0.3164841322528561,0.31785618293993756,0.3061938338797672,0.30665117502212524,481544000,0.0,0.0
2012-09-26,0.3055077554508368,0.30573643961228303,0.2977328756017004,0.3013916313648224,436812000,0.0,0.0
2012-09-27,0.3020777747944349,0.304135851272784,0.29956235707423484,0.3036784827709198,558888000,0.0,0.0
2012-09-28,0.30230641794860386,0.30939530164364815,0.29841894977131594,0.30505049228668213,485508000,0.0,0.0
2012-10-01,0.30642250923967396,0.3082519010163296,0.2988762851984735,0.30001965165138245,504236000,0.0,0.0
2012-10-02,0.3020776701141972,0.3020776701141972,0.2977328889322086,0.301162987947464,295492000,0.0,0.0
2012-10-03,0.30184917019308605,0.3027638528355422,0.2965896768489185,0.2981903851032257,430872000,0.0,0.0
2012-10-04,0.2988762245988738,0.31328264443650855,0.29727549008135806,0.311453253030777,502608000,0.0,0.0
2012-10-05,0.3123680800064706,0.3155694957272046,0.3029924625585891,0.30413582921028137,483068000,0.0,0.0
2012-10-08,0.3029923795409343,0.30436440279103416,0.29887625527062706,0.301162987947464,240596000,0.0,0.0
2012-10-09,0.3007058058145405,0.3016204884647669,0.2938455768977693,0.2947602868080139,366360000,0.0,0.0
2012-10-10,0.29338808034624747,0.29476013085567787,0.2885859308232449,0.2897292971611023,326568000,0.0,0.0
2012-10-11,0.29247334603053504,0.29338802803372716,0.28904324762856615,0.2913299798965454,320516000,0.0,0.0
2012-10-12,0.2892720647466168,0.2915587982813716,0.2869853312118621,0.2888147234916687,260696000,0.0,0.0
2012-10-15,0.28927190446416856,0.2927020028657201,0.28584180606261705,0.29247334599494934,249580000,0.0,0.0
2012-10-16,0.2949888278611507,0.30184905408071805,0.29224475372932823,0.3009343445301056,367696000,0.0,0.0
2012-10-17,0.2972755023029463,0.3000196031543596,0.29430274455391664,0.29864755272865295,391752000,0.0,0.0
2012-10-18,0.29796167918494315,0.29796167918494315,0.29293087049656175,0.29407423734664917,254772000,0.0,0.0
2012-10-19,0.2897294049166245,0.29178748144620537,0.27532297824961405,0.27692368626594543,709412000,0.0,0.0
2012-10-22,0.2780669530165156,0.2796676877171236,0.2714354390797262,0.27372217178344727,480840000,0.0,0.0
2012-10-23,0.27120677132797305,0.28378382922003237,0.27052074602331444,0.28195443749427795,573948000,0.0,0.0
2012-10-24,0.2837838110020026,0.28492717734969786,0.2755515623945952,0.278295636177063,332916000,0.0,0.0
2012-10-25,0.2805824178827247,0.2835551763579948,0.2773810024539777,0.27852436900138855,307356000,0.0,0.0
2012-10-26,0.27898162635025453,0.2805823335837067,0.27555152773857117,0.27555152773857117,389376000,0.0,0.0
2012-10-31,0.2766948860172326,0.27898161835952373,0.27326478750379574,0.2739507853984833,347112000,0.0,0.0
2012-11-01,0.2753228425817554,0.287213872866549,0.27509415843781687,0.2869851887226105,473220000,0.0,0.0
2012-11-02,0.28995807850980393,0.2904154197462204,0.2837839036681495,0.2856132686138153,256700000,0.0,0.0
2012-11-05,0.2849271757269943,0.2988762559934358,0.2849271757269943,0.2977328896522522,444840000,0.0,0.0
2012-11-06,0.2984189883170411,0.2984189883170411,0.29247349769324843,0.2975043058395386,350804000,0.0,0.0
2012-11-07,0.29521751651055483,0.29704690837932773,0.2869852667310807,0.28835731744766235,324620000,0.0,0.0
2012-11-08,0.29155873767501406,0.29910496222307276,0.2892720046156028,0.28995802998542786,839024000,0.0,0.0
2012-11-09,0.2915586968604931,0.29498879596943955,0.2778383004247073,0.27875298261642456,846280000,0.0,0.0
2012-11-12,0.27921041121012996,0.28035377793808247,0.269834793136914,0.2725788950920105,643624000,0.0,0.0
2012-11-13,0.27120680189221036,0.2773810030699472,0.27029211955625393,0.27052077651023865,492120000,0.0,0.0
2012-11-14,0.27212144148061784,0.2748655150425395,0.2636605093796902,0.2638891935348511,619300000,0.0,0.0
2012-11-15,0.26549002009830086,0.2723502207146877,0.26320328655950526,0.26503267884254456,466688000,0.0,0.0
2012-11-16,0.26503254105655555,0.26594722309254026,0.2549709023607243,0.2602303922176361,624552000,0.0,0.0
2012-11-19,0.2650325164496816,0.26846261465615756,0.2618310751009723,0.2675479054450989,404092000,0.0,0.0
2012-11-20,0.2665123398288154,0.26766308286602924,0.2616792080981658,0.26444101333618164,336976000,0.001875,0.0
2012-11-21,0.2644411038548566,0.27272644009735547,0.2642109441942785,0.27203601598739624,422312000,0.0,0.0
2012-11-23,0.27318660330161876,0.27709912324436126,0.2718057009990641,0.2738770544528961,276932000,0.0,0.0
2012-11-26,0.27433746246822033,0.279400727332658,0.2738771706507048,0.278710275888443,364600000,0.0,0.0
2012-11-27,0.2775594280967965,0.2840035934227676,0.2752579424400835,0.2798609137535095,451404000,0.0,0.0
2012-11-28,0.2787102579439434,0.28354339030638837,0.2752580283810203,0.28216248750686646,398332000,0.0,0.0
2012-11-29,0.282622744893831,0.28400361995534085,0.27617857896582426,0.2770991623401642,488688000,0.0,0.0
2012-11-30,0.2768689234577851,0.2789402766104365,0.27387701463040176,0.2754880487918854,460504000,0.0,0.0
2012-12-03,0.2789403319562053,0.2789403319562053,0.26973438928014437,0.27042481303215027,391380000,0.0,0.0
2012-12-04,0.2708853183455809,0.27894052372500683,0.269274255320982,0.2784802317619324,528068000,0.0,0.0
2012-12-05,0.2761786454996961,0.2780198126919294,0.2713455130303779,0.27525803446769714,633024000,0.0,0.0
2012-12-06,0.2745674693909674,0.2775594059936088,0.27364688617594124,0.27571821212768555,412896000,0.0,0.0
2012-12-07,0.2759484858827258,0.27732938871278306,0.27203596444540656,0.27525803446769714,338288000,0.0,0.0
2012-12-10,0.2752579975799411,0.2865352960184344,0.27456754625744095,0.28446394205093384,513644000,0.0,0.0
2012-12-11,0.2853844587545799,0.29482055969685617,0.2846940076599966,0.2911381721496582,816724000,0.0,0.0
2012-12-12,0.29205889537352386,0.29366993025819366,0.2869956036847328,0.28814634680747986,399404000,0.0,0.0
2012-12-13,0.28768602904254104,0.29390003585653485,0.28561470258316907,0.28837648034095764,377556000,0.0,0.0
2012-12-14,0.2895271792369975,0.2927492482240751,0.2874558256574131,0.28975731134414673,338660000,0.0,0.0
2012-12-17,0.2890669031829944,0.29067793776345413,0.2842337720057401,0.28860658407211304,445232000,0.0,0.0
2012-12-18,0.28860659162079205,0.29228897998890807,0.28768600824670093,0.2890669107437134,416436000,0.0,0.0
2012-12-19,0.2911381721496582,0.2945904001867052,0.28998742947064254,0.2911381721496582,458544000,0.0,0.0
2012-12-20,0.2922890630814874,0.2925192227083783,0.287686090030737,0.29090818762779236,334332000,0.0,0.0
2012-12-21,0.2869955261743404,0.2869955261743404,0.28101165257780003,0.2842337489128113,462172000,0.0,0.0
2012-12-24,0.2840036807268166,0.2849242917340258,0.2810117429661795,0.28193235397338867,127376000,0.0,0.0
2012-12-26,0.28124186910438487,0.285844841284954,0.2805514177901238,0.2817021608352661,196740000,0.0,0.0
2012-12-27,0.28216239941022253,0.28262271849026366,0.27663884480846057,0.2798609137535095,299804000,0.0,0.0
2012-12-28,0.2773294881363001,0.2828530465649781,0.2768691687373334,0.2784802317619324,220600000,0.0,0.0
2012-12-31,0.27755951475630236,0.2833132306945075,0.27686906335654143,0.28216248750686646,326460000,0.0,0.0
2013-01-02,0.2890668363069633,0.2929793557931628,0.28791609366773585,0.29274919629096985,478836000,0.0,0.0
2013-01-03,0.29274931923720626,0.2962015486047249,0.28952724946854097,0.29297947883605957,298888000,0.0,0.0
2013-01-04,0.29343982827252957,0.3035663862024544,0.292519244567939,0.30264580249786377,524968000,0.0,0.0
2013-01-07,0.30241562459165533,0.3033362082406542,0.29182877544874836,0.29390010237693787,610732000,0.0,0.0
2013-01-08,0.2945904436342477,0.2955110543747579,0.285384500844388,0.28745582699775696,466424000,0.0,0.0
2013-01-09,0.2897571993345903,0.2911381011871736,0.2791703857296155,0.28101155161857605,695020000,0.0,0.0
2013-01-10,0.2835432637335891,0.28492416591668074,0.2798608762025911,0.28147193789482117,506368000,0.0,0.0
2013-01-11,0.2826226129252109,0.2828527449433995,0.2782497753492723,0.28101155161857605,513172000,0.0,0.0
2013-01-14,0.2828529835943257,0.2828529835943257,0.277559558607697,0.28078165650367737,305684000,0.0,0.0
2013-01-15,0.2794005998595321,0.2794005998595321,0.27410717778345434,0.27571821212768555,375888000,0.0,0.0
2013-01-16,0.275258041105809,0.28055146550084153,0.275258041105809,0.27824997901916504,337376000,0.0,0.0
2013-01-17,0.2791705758235243,0.28308309715548896,0.2784801244270878,0.28193235397338867,580736000,0.0,0.0
2013-01-18,0.28193233112326566,0.28193233112326566,0.27663890742745073,0.28009113669395447,397088000,0.0,0.0
2013-01-22,0.27986101915017353,0.28239266530033413,0.27732940043589643,0.278710275888443,308224000,0.0,0.0
2013-01-23,0.2796308645383299,0.27986099671069375,0.2761786350299408,0.27917057275772095,421808000,0.0,0.0
2013-01-24,0.27824991778571323,0.2817021467485084,0.27686901522624435,0.28055140376091003,396980000,0.0,0.0
2013-01-25,0.28101169967019957,0.28584483126472415,0.2796308245259621,0.2856146991252899,393920000,0.0,0.0
2013-01-28,0.2869956593943653,0.292058952066008,0.2863052078995153,0.2902177572250366,422492000,0.0,0.0
2013-01-29,0.28906684549695605,0.2897572691537475,0.28285281309887694,0.2840035557746887,388872000,0.0,0.0
2013-01-30,0.28423376973498654,0.28814629009509585,0.2826227351673974,0.28354331851005554,287592000,0.0,0.0
2013-01-31,0.28354339030638837,0.2867654876933123,0.28032132035534624,0.28216248750686646,470544000,0.0,0.0
2013-02-01,0.284464005354034,0.2856147761048731,0.2821625187241253,0.2846941649913788,288816000,0.0,0.0
2013-02-04,0.28308301013443166,0.28883672427621415,0.2796307816493621,0.2798609137535095,511744000,0.0,0.0
2013-02-05,0.28124189495354895,0.2879162216903439,0.2803213114071749,0.28630515933036804,367296000,0.0,0.0
2013-02-06,0.27940058507144166,0.2863050411263122,0.27778955081247914,0.2840035557746887,530688000,0.0,0.0
2013-02-07,0.2830829581981266,0.2853844434325936,0.2800910219061458,0.28285279870033264,440000000,0.0,0.0
2013-02-08,0.2846941649913788,0.2869956516212875,0.28285297020027483,0.2846941649913788,307232000,0.0,0.0
2013-02-11,0.28699563202568795,0.290908180978098,0.2842338537455442,0.28791624307632446,408308000,0.0,0.0
2013-02-12,0.2853845446920698,0.28929706549172163,0.2849242529690304,0.28607499599456787,277804000,0.0,0.0
2013-02-13,0.28630520014513794,0.29159862488110494,0.28377358131376923,0.2846941649913788,856396000,0.0,0.0
2013-02-14,0.2807815962503177,0.2932096384349129,0.2773293668827991,0.29297947883605957,882096000,0.0,0.0
2013-02-15,0.2922890274753798,0.2943603815574191,0.28653531186284875,0.29297947883605957,733860000,0.0,0.0
2013-02-19,0.2932095907988749,0.2934397229244598,0.2872257165596554,0.2890669107437134,433552000,0.0,0.0
2013-02-20,0.2899874721638193,0.29459044355755076,0.2840035983776189,0.2849242091178894,713012000,0.0,0.0
2013-02-21,0.28446383287728594,0.28768592866706066,0.2821623476428189,0.28285279870033264,580408000,0.0,0.0
2013-02-22,0.2846941174392388,0.28837650640638135,0.283083082554569,0.28814634680747986,370148000,0.0,0.0
2013-02-25,0.2888366752003086,0.2911381604659789,0.2826226704701725,0.2830829620361328,644444000,0.0,0.0
2013-02-26,0.28366200844122685,0.2880616487592079,0.28273574948719876,0.28644073009490967,487504000,0.001875,0.0
2013-02-27,0.28644062696048794,0.29385058550791604,0.2857459398961427,0.29176652431488037,476980000,0.0,0.0
2013-02-28,0.2908403624933028,0.2975556079698403,0.28968255964533446,0.2931559681892395,591392000,0.0,0.0
2013-03-01,0.2910719531598164,0.2952400496014964,0.28852480304849093,0.29431381821632385,389396000,0.0,0.0
2013-03-04,0.2922297093483464,0.2959346895035241,0.2899141036524097,0.2931559681892395,353680000,0.0,0.0
2013-03-05,0.2947768571077669,0.296860890983532,0.2933874827877938,0.29639777541160583,366168000,0.0,0.0
2013-03-06,0.29825018507718964,0.30102890536549337,0.2947767778157632,0.29616615176200867,342928000,0.0,0.0
2013-03-07,0.29778706442764996,0.3007973561891354,0.29385054178763986,0.2954714596271515,314824000,0.0,0.0
2013-03-08,0.2961663628467641,0.2982503976472859,0.2947769879102784,0.29686102271080017,246464000,0.0,0.0
2013-03-11,0.2938506207846196,0.2952399674759101,0.291534987757414,0.2940821647644043,299748000,0.0,0.0
2013-03-12,0.2936189873368176,0.2959345922719446,0.29084026693550297,0.2950083613395691,310856000,0.0,0.0
2013-03-13,0.2950083613395691,0.30010268667601075,0.29222961333406616,0.2950083613395691,485840000,0.0,0.0
2013-03-14,0.2968609932584131,0.29778725232557585,0.293387583866012,0.2952400743961334,383304000,0.0,0.0
2013-03-15,0.29523998969381343,0.29523998969381343,0.29153500969650387,0.2926928400993347,355776000,0.0,0.0
2013-03-18,0.29084030545830125,0.2933874546618066,0.2885247002164644,0.2906087338924408,298312000,0.0,0.0
2013-03-19,0.29084043273663446,0.2922297799272311,0.28667233595643665,0.2887563705444336,355480000,0.0,0.0
2013-03-20,0.29153493557905424,0.29315588116840385,0.2889877866321418,0.29222962260246277,340588000,0.0,0.0
2013-03-21,0.29060872333626137,0.29107183884696797,0.2871353155996755,0.2875984311103821,339032000,0.0,0.0
2013-03-22,0.28852472960771347,0.2901456479212795,0.2873669268688528,0.2889878451824188,232476000,0.0,0.0
2013-03-25,0.2906087632949641,0.2908403348842539,0.28528286517904994,0.28736692667007446,362076000,0.0,0.0
2013-03-26,0.2880615988839395,0.2896825448717863,0.28690379609501804,0.2894509732723236,232540000,0.0,0.0
2013-03-27,0.2882931046393686,0.294545232750765,0.287598417603838,0.29292431473731995,254944000,0.0,0.0
2013-03-28,0.2922295676912408,0.2973239198361927,0.2901455346168033,0.29709234833717346,349276000,0.0,0.0
2013-04-01,0.29639777698526326,0.29639777698526326,0.28528286517904994,0.28736692667007446,442828000,0.0,0.0
2013-04-02,0.2875983699710171,0.2882930568914918,0.2825040452278444,0.2843565344810486,371524000,0.0,0.0
2013-04-03,0.28389348782184737,0.28551443372118734,0.27879916134959226,0.28088322281837463,353156000,0.0,0.0
2013-04-04,0.27995701097322334,0.28458822265184885,0.27903077967917783,0.28366199135780334,294676000,0.0,0.0
2013-04-05,0.27949381068910767,0.28852468729019165,0.27879912362684106,0.28852468729019165,551352000,0.0,0.0
2013-04-08,0.2887562261525726,0.2887562261525726,0.28250409791073966,0.2878299951553345,326660000,0.0,0.0
2013-04-09,0.28806160874337655,0.29454531010409246,0.2859775746936664,0.2924612760543823,380584000,0.0,0.0
2013-04-10,0.29269271068927927,0.29755546373102804,0.2919980237964055,0.29709234833717346,384688000,0.0,0.0
2013-04-11,0.2929243918100159,0.29755560312650675,0.2848197720061569,0.29570311307907104,969220000,0.0,0.0
2013-04-12,0.2970924873606065,0.306354909988753,0.29454531009618745,0.30311307311058044,770548000,0.0,0.0
2013-04-15,0.3021869231617197,0.30311318232077905,0.29500855960109496,0.29686102271080017,430420000,0.0,0.0
2013-04-16,0.299639684489574,0.30218683431865895,0.29801873833883064,0.3001028001308441,468844000,0.0,0.0
2013-04-17,0.2977870696298369,0.3005657899181406,0.2943136623684105,0.29616615176200867,532948000,0.0,0.0
2013-04-18,0.29686093114893075,0.2987134212914727,0.2903772294521332,0.2903772294521332,402548000,0.0,0.0
2013-04-19,0.2901456605947997,0.29199815057873224,0.2864406806269345,0.29107189178466797,303028000,0.0,0.0
2013-04-22,0.290840300791876,0.29408213703675673,0.28852469558719224,0.291534960269928,245568000,0.0,0.0
2013-04-23,0.29408221880326685,0.3021868392730658,0.2936191031544039,0.29917657375335693,376948000,0.0,0.0
2013-04-24,0.3001026454379855,0.3119122400260156,0.2998710739346184,0.30936506390571594,556556000,0.0,0.0
2013-04-25,0.3109862157937773,0.3126071345814899,0.3082074663243239,0.3119124472141266,353224000,0.0,0.0
2013-04-26,0.3114492322668633,0.31191234782947536,0.30890205526620573,0.31052297353744507,324332000,0.0,0.0
2013-04-29,0.3109860432704171,0.3153856814826266,0.3095966693064628,0.3142278790473938,269712000,0.0,0.0
2013-04-30,0.31492275404656794,0.3188592791557312,0.31283869185639634,0.3188592791557312,276712000,0.0,0.0
2013-05-01,0.3188592021253851,0.3209432638120868,0.3149226779672116,0.3160804808139801,341316000,0.0,0.0
2013-05-02,0.3158488649158483,0.3207116472321146,0.31399637509992806,0.3197854161262512,323480000,0.0,0.0
2013-05-03,0.3218694577420271,0.3234903760187935,0.32001696788106804,0.3211747705936432,293864000,0.0,0.0
2013-05-06,0.32117477535827915,0.32302726524672,0.3183960543277152,0.320248544216156,217116000,0.0,0.0
2013-05-07,0.3202485765831863,0.3209432638120868,0.31307018789154245,0.3160804808139801,448068000,0.0,0.0
2013-05-08,0.316543652574877,0.3237220425396993,0.31538584952275744,0.32186955213546753,334032000,0.0,0.0
2013-05-09,0.31608044167409965,0.3234903734550154,0.31561732611357873,0.32210102677345276,566800000,0.0,0.0
2013-05-10,0.3288163069939141,0.338078757227625,0.3288163069939141,0.33668938279151917,861136000,0.0,0.0
2013-05-13,0.3343737921753203,0.3357631666739246,0.32835320615363267,0.32974258065223694,289812000,0.0,0.0
2013-05-14,0.3336790179589015,0.3373839972534147,0.3304371817793455,0.33460527658462524,454140000,0.0,0.0
2013-05-15,0.3329843880452157,0.34155215068385336,0.3329843880452157,0.34039434790611267,313172000,0.0,0.0
2013-05-16,0.33993120226684,0.343404610293022,0.3376155693118587,0.3387733995914459,308368000,0.0,0.0
2013-05-17,0.3403943530823186,0.3466464826563522,0.33784717589087715,0.34433087706565857,312116000,0.0,0.0
2013-05-20,0.34294152748480894,0.3450255892297535,0.3417837246056835,0.3436362147331238,236380000,0.0,0.0
2013-05-21,0.34561448477730405,0.3486400687598411,0.3416579646821781,0.34724363684654236,357784000,0.001875,0.0
2013-05-22,0.34864016415702537,0.34864016415702537,0.3337449880689803,0.3351414203643799,480404000,0.0,0.0
2013-05-23,0.3311847464100779,0.3416579291827895,0.3302538103942163,0.3404942452907562,393884000,0.0,0.0
2013-05-24,0.3386323667548298,0.34142520272200355,0.33467581907821836,0.33839961886405945,283304000,0.0,0.0
2013-05-28,0.34095972636968824,0.34189066242123817,0.33490855880137343,0.33816686272621155,279300000,0.0,0.0
2013-05-29,0.33607217669487,0.3381667962714403,0.3346757451475511,0.33607217669487,335052000,0.0,0.0
2013-05-30,0.33560676184645166,0.3439852969668559,0.3346757980861776,0.3404942452907562,284504000,0.0,0.0
2013-05-31,0.33863240481524637,0.34351986137102003,0.33677050471305847,0.33677050471305847,577508000,0.0,0.0
2013-06-03,0.3372358986091155,0.3397960141544393,0.32932283185183103,0.3363049626350403,444468000,0.0,0.0
2013-06-04,0.33839965689831636,0.34445082529432264,0.3346758566939406,0.33677050471305847,363676000,0.0,0.0
2013-06-05,0.33630495381982434,0.33886504155363195,0.3286246073851701,0.32955557107925415,464520000,0.0,0.0
2013-06-06,0.32955557770486843,0.33421031303563936,0.3293228298405655,0.3316501975059509,341044000,0.0,0.0
2013-06-07,0.3339775672110297,0.3383995824489152,0.3325811632499168,0.3363049626350403,274584000,0.0,0.0
2013-06-10,0.3353739609212105,0.3381667962714403,0.333512061439588,0.33607217669487,224148000,0.0,0.0
2013-06-11,0.33165025910433743,0.3363050230440625,0.3297883868217468,0.3297883868217468,296336000,0.0,0.0
2013-06-12,0.3314174773901171,0.3342103130397317,0.3251335624979706,0.32699546217918396,312588000,0.0,0.0
2013-06-13,0.3258317218741491,0.33607215447377137,0.3255990017945888,0.33444300293922424,236256000,0.0,0.0
2013-06-14,0.33560678965217544,0.3360722576986713,0.33165024189592424,0.333977609872818,236012000,0.0,0.0
2013-06-17,0.33653765218780096,0.3402614512346825,0.3346757526643602,0.33723586797714233,255336000,0.0,0.0
2013-06-18,0.33886519357807393,0.34258899453619096,0.33234855577358063,0.3351414203643799,486772000,0.0,0.0
2013-06-19,0.3381669139596596,0.36027693985005615,0.3370032298467133,0.3453817665576935,1159588000,0.0,0.0
2013-06-20,0.3425888110083448,0.34305427894264845,0.33374480927894384,0.33607217669487,628696000,0.0,0.0
2013-06-21,0.3379342415905714,0.3390979258681416,0.3300211718564408,0.3356068730354309,714228000,0.0,0.0
2013-06-24,0.33071934360474975,0.33490861199088245,0.3237372388760013,0.3286246955394745,580772000,0.0,0.0
2013-06-25,0.33211558273560576,0.3328137706073968,0.32746082120912035,0.33095189929008484,457360000,0.0,0.0
2013-06-26,0.33467572923849903,0.335141224895083,0.3276936273226198,0.32909005880355835,579752000,0.0,0.0
2013-06-27,0.33002107669102787,0.3304865447189485,0.3225735050110566,0.3260645568370819,808036000,0.0,0.0
2013-06-28,0.32606466870164225,0.3300211899129708,0.32187539952429656,0.3267628848552704,431536000,0.0,0.0
2013-07-01,0.3290901171954024,0.329788333059759,0.326064533612798,0.3281591534614563,199524000,0.0,0.0
2013-07-02,0.32629727721274254,0.33281391284154405,0.3249008731279796,0.3279264569282532,256392000,0.0,0.0
2013-07-03,0.325133533438429,0.33281385159673155,0.325133533438429,0.32885733246803284,140388000,0.0,0.0
2013-07-05,0.3297884083515606,0.3321157766011543,0.32769376028027547,0.3314175605773926,184684000,0.0,0.0
2013-07-08,0.332348475082517,0.33397762720199187,0.32792648679474,0.3297883868217468,262084000,0.0,0.0
2013-07-09,0.3304865966309043,0.3335121809042597,0.32955566042883405,0.3314175605773926,157364000,0.0,0.0
2013-07-10,0.33141749249362396,0.33677044391690536,0.3304865287383854,0.33583948016166687,208468000,0.0,0.0
2013-07-11,0.3377013817543465,0.340959713298687,0.3370031658702441,0.3404942452907562,239832000,0.0,0.0
2013-07-12,0.33979600587257386,0.34398527314262967,0.3386323220611367,0.34072694182395935,216360000,0.0,0.0
2013-07-15,0.34142525448955124,0.34142525448955124,0.33467586982241143,0.3400288224220276,201332000,0.0,0.0
2013-07-16,0.3414251055968719,0.34375247286485333,0.33979595405816615,0.3418905735015869,162560000,0.0,0.0
2013-07-17,0.341890722597253,0.34305440673871657,0.3390978862066241,0.3400288224220276,166100000,0.0,0.0
2013-07-18,0.3395632513303284,0.34072693511886565,0.334210300354175,0.3386323153972626,344488000,0.0,0.0
2013-07-19,0.33653776517761513,0.3381669174034471,0.327926508203002,0.3314175605773926,480532000,0.0,0.0
2013-07-22,0.3339776707745378,0.3370032552451061,0.3297884298477416,0.33118483424186707,292384000,0.0,0.0
2013-07-23,0.33537399770389437,0.33537399770389437,0.32909011054057996,0.3307192623615265,246792000,0.0,0.0
2013-07-24,0.33374484588294784,0.334675781853657,0.3302537943761719,0.3307192623615265,284252000,0.0,0.0
2013-07-25,0.3304866406196955,0.33630508976255136,0.3281592720603219,0.3318830728530884,243320000,0.0,0.0
2013-07-26,0.32792659592487505,0.3325813336692262,0.32792659592487505,0.3304866850376129,227360000,0.0,0.0
2013-07-29,0.3297883868217468,0.33397762720199187,0.3288574229360353,0.3297883868217468,179540000,0.0,0.0
2013-07-30,0.33095209843912876,0.3397961034958111,0.33071935051220874,0.3353740870952606,266076000,0.0,0.0
2013-07-31,0.33374480927894384,0.3393304799794034,0.333512061439588,0.33607217669487,270160000,0.0,0.0
2013-08-01,0.3372358903896479,0.34142515765970377,0.3332793709796437,0.34072694182395935,277648000,0.0,0.0
2013-08-02,0.34002884362674646,0.34421811234614824,0.33770147519868104,0.3435198962688446,209628000,0.0,0.0
2013-08-05,0.3425888649590754,0.34631266450874265,0.3407269651842418,0.3451489806175232,185188000,0.0,0.0
2013-08-06,0.34538177502164374,0.3460799910554056,0.3393306063882658,0.3400288224220276,206608000,0.0,0.0
2013-08-07,0.3381668568035581,0.34328708823064735,0.3379341366669533,0.3397960364818573,244380000,0.0,0.0
2013-08-08,0.34165786172340934,0.3437524812177275,0.33770131507617535,0.3421233296394348,345696000,0.0,0.0
2013-08-09,0.3286245861492799,0.3423560708582979,0.32839186604910525,0.33723586797714233,906224000,0.0,0.0
2013-08-12,0.3235043546121085,0.33933045754286567,0.30511813659534426,0.33444300293922424,257568000,0.0,0.0
2013-08-13,0.33490865692000443,0.3370032775218622,0.332814008573725,0.3356068730354309,197468000,0.0,0.0
2013-08-14,0.3349084599002893,0.35189824590695956,0.33467571208392727,0.349803626537323,828508000,0.0,0.0
2013-08-15,0.34607998950717234,0.35492399449161444,0.3446835574458958,0.3521311581134796,723616000,0.0,0.0
2013-08-16,0.3514329869764279,0.3584150926858987,0.35073477085659643,0.35352763533592224,660456000,0.0,0.0
2013-08-19,0.35143301802792454,0.35259670241565577,0.34770921688941486,0.34794196486473083,393432000,0.0,0.0
2013-08-20,0.34782496070910945,0.3520353518744963,0.34735714566502396,0.34969624876976013,234192000,0.001875,0.0
2013-08-21,0.3475909174017699,0.3520352284734625,0.3466552876415708,0.3480587601661682,261540000,0.0,0.0
2013-08-22,0.3478248095764515,0.35320474995657936,0.3478248095764515,0.3499300181865692,129016000,0.0,0.0
2013-08-23,0.3503978330273855,0.35320474995657936,0.34922828198319666,0.3499300181865692,245120000,0.0,0.0
2013-08-26,0.35016398833091344,0.35156746104493963,0.349228358444431,0.35063180327415466,300152000,0.0,0.0
2013-08-27,0.347356993581425,0.3496960956620302,0.34501789150081985,0.34618744254112244,277464000,0.0,0.0
2013-08-28,0.34688917874216324,0.34946217430025117,0.3447839701390408,0.34618744254112244,318824000,0.0,0.0
2013-08-29,0.3450180510142453,0.34876062722725076,0.34408239301883936,0.3454858660697937,276216000,0.0,0.0
2013-08-30,0.3457197358311492,0.3466553658023057,0.3433806330189528,0.3450179994106293,378120000,0.0,0.0
2013-09-03,0.3459534751327553,0.350163863894299,0.34314655858649046,0.34525173902511597,284680000,0.0,0.0
2013-09-04,0.34525192545412037,0.3506318680053581,0.3447841104245144,0.3485266864299774,222080000,0.0,0.0
2013-09-05,0.34712313840775566,0.3508657136040624,0.346889244885675,0.34946224093437195,174904000,0.0,0.0
2013-09-06,0.349696126188666,0.351567413593363,0.3454857364991725,0.3480587601661682,226756000,0.0,0.0
2013-09-09,0.3508657623831899,0.3539066016674042,0.34993013239618803,0.3539066016674042,246408000,0.0,0.0
2013-09-10,0.3564795945285181,0.3616256147719321,0.3548422003691701,0.36139169335365295,292132000,0.0,0.0
2013-09-11,0.360923900296857,0.36840905152424047,0.35835087607690586,0.36747339367866516,396164000,0.0,0.0
2013-09-12,0.3656021404413843,0.3719177408721997,0.3656021404413843,0.3672395348548889,303808000,0.0,0.0
2013-09-13,0.3684089891295026,0.37121590642223196,0.3658359653453257,0.3695785403251648,159696000,0.0,0.0
2013-09-16,0.37261928400565136,0.37519227924950305,0.3684088951979116,0.36981233954429626,231412000,0.0,0.0
2013-09-17,0.3712158530456186,0.37402276993474526,0.36957848718398606,0.37098193168640137,168608000,0.0,0.0
2013-09-18,0.37121603931706454,0.3751925092290269,0.36934475115722637,0.3742568790912628,268168000,0.0,0.0
2013-09-19,0.3758940927184316,0.3765958289781776,0.3709819667845083,0.3726193606853485,227572000,0.0,0.0
2013-09-20,0.3735550720958965,0.3758941748834782,0.36864294508825307,0.36934468150138855,356036000,0.0,0.0
2013-09-23,0.36911060666061235,0.37215144459750843,0.3637306669083029,0.36583587527275085,271244000,0.0,0.0
2013-09-24,0.36606998335056123,0.36864297992949774,0.363964773912187,0.3672395348548889,229732000,0.0,0.0
2013-09-25,0.36653779043043183,0.37051425988209136,0.36490039605241903,0.36770734190940857,233156000,0.0,0.0
2013-09-26,0.36864290106870357,0.3693446373980449,0.3644325109769571,0.3665377199649811,148816000,0.0,0.0
2013-09-27,0.3637308071241616,0.36677164623328135,0.3623273622244706,0.36443254351615906,151920000,0.0,0.0
2013-09-30,0.3606898560693057,0.36653761059508966,0.35858464770944765,0.36396458745002747,226640000,0.0,0.0
2013-10-01,0.3644324648668047,0.36606985872286213,0.36162554778888867,0.3637307286262512,226976000,0.0,0.0
2013-10-02,0.35998821614938337,0.36490031453313126,0.35998821614938337,0.363496869802475,162036000,0.0,0.0
2013-10-03,0.363730822977233,0.36700558365451574,0.35811698736518416,0.359754353761673,436768000,0.0,0.0
2013-10-04,0.359286608250495,0.36770739118121243,0.3583509502113539,0.36466655135154724,246228000,0.0,0.0
2013-10-07,0.3632630782349908,0.36723957610379715,0.3613917900410191,0.36466655135154724,169952000,0.0,0.0
2013-10-08,0.3637307929919689,0.3688768410771394,0.3588186942074464,0.361625611782074,290712000,0.0,0.0
2013-10-09,0.363964713963993,0.36419863538005254,0.35414048852263835,0.3560117483139038,275860000,0.0,0.0
2013-10-10,0.3585848290427865,0.36092393203596485,0.35601180459656745,0.3599883019924164,223484000,0.0,0.0
2013-10-11,0.35437445704827664,0.358818769703809,0.35320490548908,0.35694748163223267,213704000,0.0,0.0
2013-10-14,0.3560117087735521,0.36232730746269226,0.3560117087735521,0.36232730746269226,166628000,0.0,0.0
2013-10-15,0.3623272471917811,0.36443242781511087,0.3602220386841563,0.3604559600353241,208820000,0.0,0.0
2013-10-16,0.3625612479042746,0.3663038233242425,0.36209343294785445,0.3649003505706787,210072000,0.0,0.0
2013-10-17,0.3620933926422487,0.36653770394429,0.3620933926422487,0.365602046251297,213324000,0.0,0.0
2013-10-18,0.36490021462121774,0.3709818904417633,0.36349677027483307,0.36981233954429626,255068000,0.0,0.0
2013-10-21,0.3742566961886729,0.3744905896666531,0.3695784920175127,0.37074804306030273,195008000,0.0,0.0
2013-10-22,0.3707481622940039,0.370982055847205,0.3656021137433062,0.3688768744468689,179452000,0.0,0.0
2013-10-23,0.3681751794715514,0.3681751794715514,0.3613917637474792,0.36256131529808044,252216000,0.0,0.0
2013-10-24,0.3634969564821839,0.36583605947536224,0.35928656551760146,0.3599883019924164,236436000,0.0,0.0
2013-10-25,0.3618595871954028,0.36209348076234693,0.35531009328774915,0.3564796447753906,330492000,0.0,0.0
2013-10-28,0.3560117234008721,0.3576491174301018,0.35086570356639546,0.3557778298854828,394024000,0.0,0.0
2013-10-29,0.355310007130488,0.3569473732392884,0.3520352470285871,0.35624563694000244,387952000,0.0,0.0
2013-10-30,0.35741522104165563,0.3590525873011643,0.3529709093266433,0.3560117483139038,204032000,0.0,0.0
2013-10-31,0.3564796338875281,0.3590526303511688,0.3546083459875946,0.3553100824356079,293368000,0.0,0.0
2013-11-01,0.35718137521348675,0.35858484823824616,0.35437445704827664,0.35694748163223267,206136000,0.0,0.0
2013-11-04,0.3581168970514847,0.3581168970514847,0.3459535431523533,0.3466552793979645,410264000,0.0,0.0
2013-11-05,0.34455007666155807,0.3478248084206868,0.34080750217887124,0.34618744254112244,422368000,0.0,0.0
2013-11-06,0.34618758339763994,0.34876060788693425,0.3426789288491337,0.3485266864299774,198044000,0.0,0.0
2013-11-07,0.34735702716953865,0.34829265693853406,0.33963798398027994,0.340339720249176,553076000,0.0,0.0
2013-11-08,0.3508656061585542,0.36513413835518427,0.34946213391864883,0.36396458745002747,734532000,0.0,0.0
2013-11-11,0.3625611861770866,0.36794112697072473,0.36185947780407607,0.36700549721717834,297624000,0.0,0.0
2013-11-12,0.36864297193886725,0.3707481813316094,0.363496951008231,0.36770734190940857,316032000,0.0,0.0
2013-11-13,0.3667716130167314,0.377765417098999,0.3660699045725878,0.377765417098999,332792000,0.0,0.0
2013-11-14,0.3765958394581821,0.3817418590323597,0.37636191807032426,0.379402756690979,307980000,0.0,0.0
2013-11-15,0.3808062780145743,0.38127409296589765,0.3744906785766479,0.37823325395584106,450332000,0.0,0.0
2013-11-18,0.3700463910483298,0.3733211235594694,0.36817510337726317,0.36911073327064514,316948000,0.0,0.0
2013-11-19,0.36734698410050703,0.3706394522419979,0.3626434421639079,0.36311379075050354,206716000,0.002125,0.0
2013-11-20,0.36334890767349004,0.3642896327697609,0.3569991324237632,0.35770466923713684,204776000,0.0,0.0
2013-11-21,0.35817485174411245,0.3612321578280442,0.3565286186328585,0.3605266213417053,213568000,0.0,0.0
2013-11-22,0.3609971637173285,0.3609971637173285,0.35629362199363485,0.35699915885925293,158668000,0.0,0.0
2013-11-25,0.35699910358046427,0.36523030032238546,0.35699910358046427,0.3647599518299103,248208000,0.0,0.0
2013-11-26,0.3687579199649015,0.37181522691963187,0.3664061496974647,0.367817223072052,753176000,0.0,0.0
2013-11-27,0.3675821307941934,0.3704042782801332,0.3652303599127904,0.36922839283943176,181272000,0.0,0.0
2013-11-29,0.36922831116236593,0.37016900809270725,0.364524742404717,0.3668765127658844,116964000,0.0,0.0
2013-12-02,0.36546554327326736,0.3729912043849315,0.3647600064113226,0.37040427327156067,373872000,0.0,0.0
2013-12-03,0.3704042318137192,0.37534293322392376,0.36781727295457617,0.3701690435409546,290560000,0.0,0.0
2013-12-04,0.3692284951702278,0.37604862140235,0.3682877697357546,0.37534308433532715,493176000,0.0,0.0
2013-12-05,0.3760485171813723,0.3760485171813723,0.3687580162348949,0.36922839283943176,271812000,0.0,0.0
2013-12-06,0.37369661042245567,0.37369661042245567,0.36287845708739563,0.3638191819190979,281000000,0.0,0.0
2013-12-09,0.36381928423928445,0.36499516958313455,0.3569991324237632,0.35770466923713684,385220000,0.0,0.0
2013-12-10,0.3577045773645384,0.36758200610890346,0.35723422895486595,0.3659357726573944,524268000,0.0,0.0
2013-12-11,0.3666412629793452,0.36711161132960823,0.36170253521331464,0.3624080717563629,414156000,0.0,0.0
2013-12-12,0.361232395845484,0.36311381837029594,0.3546474310263039,0.3553529679775238,258724000,0.0,0.0
2013-12-13,0.3560584050431161,0.3586453357581087,0.35276590953951326,0.35323625802993774,184588000,0.0,0.0
2013-12-16,0.3534714976248001,0.3567639655712275,0.35323630932777544,0.3537066578865051,237620000,0.0,0.0
2013-12-17,0.35347154545271187,0.3562936652222681,0.3504142373543079,0.3553529679775238,274104000,0.0,0.0
2013-12-18,0.35605852377360475,0.36099722662288447,0.351590141536266,0.3602916896343231,426232000,0.0,0.0
2013-12-19,0.35982131768984044,0.3621730888092258,0.35746954657045504,0.36170274019241333,258544000,0.0,0.0
2013-12-20,0.36240817050267615,0.3692283215633709,0.3614674455105209,0.3689931333065033,382080000,0.0,0.0
2013-12-23,0.3711097836494446,0.37416709137377163,0.36805250396043765,0.3711097836494446,168568000,0.0,0.0
2013-12-24,0.37322628964882404,0.37322628964882404,0.36828756101394716,0.372050404548645,79600000,0.0,0.0
2013-12-26,0.37346149207481066,0.3746373772196743,0.36758203831517944,0.3685227632522583,168920000,0.0,0.0
2013-12-27,0.3704041639938418,0.3713448608420277,0.368287554032456,0.3706393241882324,210976000,0.0,0.0
2013-12-30,0.37087453504879003,0.3758132638914077,0.3704041865959963,0.3755780756473541,248180000,0.0,0.0
2013-12-31,0.3762836076325788,0.3786353779024132,0.3739318373627443,0.37675395607948303,235776000,0.0,0.0
2014-01-02,0.3744022181550666,0.37581329165299815,0.36969867720904864,0.372991144657135,260092000,0.0,0.0
2014-01-03,0.3736966522825954,0.37440218897657623,0.3673468781073947,0.3685227632522583,259332000,0.0,0.0
2014-01-06,0.3722856014599277,0.3762836336230467,0.36875794581151566,0.37346151471138,409492000,0.0,0.0
2014-01-07,0.37722431665255196,0.38098716041937175,0.374637386093763,0.37957608699798584,333288000,0.0,0.0
2014-01-08,0.3809871352623912,0.3866314005399241,0.3795760619341799,0.38474997878074646,308192000,0.0,0.0
2014-01-09,0.37887063150893785,0.37957616837088265,0.3692283878467594,0.37040427327156067,292172000,0.0,0.0
2014-01-10,0.37158022513930944,0.3741671567152543,0.3666414942579125,0.36993396282196045,218492000,0.0,0.0
2014-01-13,0.3699337340351396,0.37228550385080644,0.3605266547724725,0.361232191324234,243332000,0.0,0.0
2014-01-14,0.3631137513549458,0.3732263710285426,0.3614674894274881,0.3725208342075348,241828000,0.0,0.0
2014-01-15,0.37416704518671284,0.37792988931144955,0.3725208113953843,0.3765188157558441,175044000,0.0,0.0
2014-01-16,0.37651890004712907,0.37840032253069145,0.37487266588725804,0.3776947855949402,220652000,0.0,0.0
2014-01-17,0.3776947691969645,0.3821631509058415,0.3736967641150484,0.3760485351085663,340400000,0.0,0.0
2014-01-21,0.37651883077795917,0.3798113265272949,0.3734615513443643,0.3774595558643341,246076000,0.0,0.0
2014-01-22,0.3781650710744182,0.37863541957308666,0.3725208049844488,0.3769891858100891,337940000,0.0,0.0
2014-01-23,0.3758132638914077,0.37981126779312446,0.37275595689527835,0.3755780756473541,185028000,0.0,0.0
2014-01-24,0.37252073449874135,0.37393180776306956,0.3659357726573944,0.3659357726573944,246696000,0.0,0.0
2014-01-27,0.3659358419266291,0.37110973148303095,0.3614674611006287,0.36358407139778137,233812000,0.0,0.0
2014-01-28,0.3628786675956916,0.36734705005896745,0.36146759354721997,0.36711186170578003,167996000,0.0,0.0
2014-01-29,0.3657006536596179,0.3678172639567705,0.36334888313077013,0.36358407139778137,162944000,0.0,0.0
2014-01-30,0.3657008476548145,0.37040441924295375,0.3645249617666124,0.3696988821029663,202896000,0.0,0.0
2014-01-31,0.36452482304130546,0.3713449754185663,0.36428966277435737,0.36922839283943176,335348000,0.0,0.0
2014-02-03,0.37181524131578303,0.372285589780419,0.3628785083464433,0.3642895817756653,431728000,0.0,0.0
2014-02-04,0.3640544613221514,0.36711176896460695,0.3621730390779235,0.36640623211860657,280692000,0.0,0.0
2014-02-05,0.3638193276480577,0.36499521313220745,0.36029164316028695,0.36311379075050354,214676000,0.0,0.0
2014-02-06,0.36358403098360326,0.3687579199649015,0.36311368253717846,0.367817223072052,168380000,0.0,0.0
2014-02-07,0.36875808150791234,0.3736968124471801,0.36546561290528407,0.37322646379470825,157248000,0.0,0.0
2014-02-10,0.37275602093461296,0.37934098451095943,0.3725208326501541,0.37440225481987,324372000,0.0,0.0
2014-02-11,0.37651878210782835,0.3831037447199868,0.37463738824890946,0.38216304779052734,235384000,0.0,0.0
2014-02-12,0.38333903006899356,0.39862556930961424,0.38333903006899356,0.39580342173576355,744528000,0.0,0.0
2014-02-13,0.40568089453414846,0.4106196249035425,0.3986255814551982,0.4082678258419037,902836000,0.0,0.0
2014-02-14,0.4045050142840566,0.42214329721092625,0.40426982596423605,0.4212026000022888,817536000,0.0,0.0
2014-02-18,0.4214376871938074,0.4228487326681687,0.41743965492816126,0.42096731066703796,428988000,0.0,0.0
2014-02-19,0.42096727714775056,0.4303743864043682,0.41908585529642706,0.4266115427017212,450340000,0.0,0.0
2014-02-20,0.42755228600428047,0.4426036344128072,0.42684677726437725,0.4416629374027252,398088000,0.0,0.0
2014-02-21,0.4409573652508112,0.4466016309644298,0.43554828778850285,0.43837040662765503,451052000,0.0,0.0
2014-02-24,0.43742985585362,0.4480128260630659,0.4334318504926718,0.4447203576564789,403112000,0.0,0.0
2014-02-25,0.4441297223747578,0.44601963992180393,0.43798749738733506,0.44271227717399597,242184000,0.002125,0.0
2014-02-26,0.4417672383368998,0.4483819342609563,0.44058604364195764,0.4420034885406494,360884000,0.0,0.0
2014-02-27,0.4420034436214057,0.4464919717412714,0.4358612205671578,0.4370424151420593,388848000,0.0,0.0
2014-02-28,0.4346800606694921,0.4389323671107515,0.42782911469137913,0.43420758843421936,321692000,0.0,0.0
2014-03-03,0.42452164432057116,0.43208128213882446,0.4207418113304979,0.43208128213882446,375948000,0.0,0.0
2014-03-04,0.43420756968896823,0.4394048203764017,0.4334988472857043,0.4365699589252472,260344000,0.0,0.0
2014-03-05,0.4360974809971037,0.44058603767422816,0.4342075920403172,0.4403497874736786,241472000,0.0,0.0
2014-03-06,0.4410585062504301,0.44342089558869613,0.4334988660003591,0.43420758843421936,290144000,0.0,0.0
2014-03-07,0.43609740193772983,0.436806124248993,0.4304276797714196,0.4337350130081177,268452000,0.0,0.0
2014-03-10,0.4323176894490882,0.43420760663128544,0.42546674318386113,0.42735666036605835,300888000,0.0,0.0
2014-03-11,0.4294827185372494,0.435388719177672,0.42806530203954246,0.4316088855266571,297220000,0.0,0.0
2014-03-12,0.42948291637976904,0.4353889197408088,0.4278292489563953,0.43279027938842773,239428000,0.0,0.0
2014-03-13,0.433735082312035,0.4353887773565155,0.4169621069669769,0.4190882742404938,385172000,0.0,0.0
2014-03-14,0.41483593410845476,0.4247579627586706,0.41483593410845476,0.4209781289100647,460048000,0.0,0.0
2014-03-17,0.4221593234675166,0.42523043494927143,0.4205056567194639,0.4209781289100647,299656000,0.0,0.0
2014-03-18,0.4226318536174799,0.43373507760797525,0.4207419365599292,0.4309002161026001,293904000,0.0,0.0
2014-03-19,0.43420753583061816,0.4467282034389485,0.4330263131426862,0.4384598135948181,366168000,0.0,0.0
2014-03-20,0.4360975359279151,0.44247601052716085,0.4342076467330783,0.4386961758136749,191800000,0.0,0.0
2014-03-21,0.4424759437453846,0.44601952769373865,0.43562499788142567,0.43798738718032837,566116000,0.0,0.0
2014-03-24,0.4382236490607666,0.4417672331036148,0.42948278589221894,0.4358612596988678,306096000,0.0,0.0
2014-03-25,0.4405860384226654,0.44105851066266466,0.4325538976950679,0.4358612596988678,304424000,0.0,0.0
2014-03-26,0.43987728567847734,0.448145647875514,0.4221593385229268,0.4259391725063324,557756000,0.0,0.0
2014-03-27,0.4249942681317763,0.428537852264361,0.4155446822829805,0.4202694892883301,540728000,0.0,0.0
2014-03-28,0.41956079841659966,0.4254667724155462,0.41837960361681037,0.42286813259124756,398820000,0.0,0.0
2014-03-31,0.4235768478802925,0.4273566824399233,0.4207419860415218,0.4231043756008148,273404000,0.0,0.0
2014-04-01,0.4365700038034348,0.44578331150726475,0.43137272441983426,0.44058606028556824,656272000,0.0,0.0
2014-04-02,0.44058603555654,0.4415309800303914,0.4358612568634783,0.4377511739730835,239948000,0.0,0.0
2014-04-03,0.4386961106058109,0.4531066966268395,0.43845986041061946,0.44247594475746155,599548000,0.0,0.0
2014-04-04,0.44483831088345127,0.44743695024754665,0.42688414184146595,0.42877405881881714,368032000,0.0,0.0
2014-04-07,0.4290103221718143,0.4384598798070656,0.42664793276300145,0.4301915168762207,428576000,0.0,0.0
2014-04-08,0.4301915436084504,0.44672829865964214,0.4294828211093857,0.44554710388183594,470692000,0.0,0.0
2014-04-09,0.4476733176754954,0.45145315285791077,0.44153109254454787,0.4450746774673462,421968000,0.0,0.0
2014-04-10,0.4431846735520109,0.4493268689343613,0.4327901435664988,0.43420758843421936,372748000,0.0,0.0
2014-04-11,0.43090037112933455,0.4375150691296072,0.4223957553915681,0.4280655086040497,353112000,0.0,0.0
2014-04-14,0.4309003616923244,0.43444394681180154,0.4280654992291249,0.43279027938842773,290184000,0.0,0.0
2014-04-15,0.4332626201360181,0.4382236490607666,0.4290103136522197,0.4358612596988678,304636000,0.0,0.0
2014-04-16,0.43798745637552094,0.4384599286775644,0.431372759661194,0.43680626153945923,235136000,0.0,0.0
2014-04-17,0.43515248018668506,0.44247589751284966,0.43420753583061816,0.4384598135948181,153532000,0.0,0.0
2014-04-21,0.43869612649766965,0.4431846832355915,0.4358612648621891,0.4420034885406494,117004000,0.0,0.0
2014-04-22,0.4427121754983749,0.44861817703720636,0.44034978614760323,0.4457832872867584,255120000,0.0,0.0
2014-04-23,0.44649198764858994,0.45216173870725535,0.44578326524601913,0.450980544090271,261580000,0.0,0.0
2014-04-24,0.45405173066812415,0.4597214545006773,0.45405173066812415,0.45499667525291443,391492000,0.0,0.0
2014-04-25,0.4540516692457031,0.4583039756258347,0.44153097213859793,0.44247594475746155,313600000,0.0,0.0
2014-04-28,0.44601956171993895,0.44838195119906504,0.4351525588511975,0.44058606028556824,226788000,0.0,0.0
2014-04-29,0.4422396652936372,0.44318463784995993,0.43656994260330084,0.4415309429168701,171300000,0.0,0.0
2014-04-30,0.4408223627622939,0.4412948350817548,0.43538886068372534,0.4363338053226471,305740000,0.0,0.0
2014-05-01,0.44294848282587,0.44389342742328847,0.4351525913304967,0.4386961758136749,198104000,0.0,0.0
2014-05-02,0.4408222746725222,0.4408222746725222,0.432790134199125,0.4353887736797333,156376000,0.0,0.0
2014-05-05,0.434916236144497,0.4434208481165208,0.4344437639598066,0.44011351466178894,239260000,0.0,0.0
2014-05-06,0.44436597299991804,0.44814577993525767,0.42995538337380534,0.4311365783214569,416188000,0.0,0.0
2014-05-07,0.4311364133607548,0.43515246901377175,0.4268841075438376,0.4316088855266571,293900000,0.0,0.0
2014-05-08,0.42995524769265026,0.44389333241172807,0.4278290805606875,0.4370424151420593,432728000,0.0,0.0
2014-05-09,0.42381304721936836,0.4278291033556309,0.4183795462529418,0.4264116585254669,539532000,0.0,0.0
2014-05-12,0.4273567798538975,0.4398774530045603,0.42712052957935404,0.43893250823020935,299856000,0.0,0.0
2014-05-13,0.43302641274090525,0.44011360968909297,0.4304278010830783,0.43184521794319153,221104000,0.0,0.0
2014-05-14,0.43208137007814007,0.4337350367871495,0.4273565919598851,0.42759281396865845,214320000,0.0,0.0
2014-05-15,0.426647918141425,0.42901030746927676,0.4209781668574394,0.425230473279953,325896000,0.0,0.0
2014-05-16,0.4219232009765064,0.4273567028548206,0.4219232009765064,0.4242855906486511,283960000,0.0,0.0
2014-05-19,0.4287740801793686,0.44034977647923107,0.42688416310786603,0.43798738718032837,360076000,0.0,0.0
2014-05-20,0.43810606043285955,0.4392926954627449,0.43074894022253696,0.4328848719596863,256200000,0.002125,0.0
2014-05-21,0.43454615534320357,0.43834339875548095,0.4302742635772942,0.4328848719596863,216712000,0.0,0.0
2014-05-22,0.4319356293466174,0.4371568184736752,0.4319356293466174,0.43478354811668396,130364000,0.0,0.0
2014-05-23,0.437156783852238,0.44095402743934,0.4345461753496539,0.4388180673122406,182656000,0.0,0.0
2014-05-27,0.44142857251611234,0.4466497600078583,0.44000459943127007,0.4466497600078583,209680000,0.0,0.0
2014-05-28,0.44831121012742614,0.45329506088371396,0.4440393178423122,0.450447142124176,224676000,0.0,0.0
2014-05-29,0.4502097235621228,0.454006966759389,0.44878577858185487,0.4497350752353668,171884000,0.0,0.0
2014-05-30,0.4497350793323731,0.45210834927938226,0.447361809385364,0.4509217143058777,239128000,0.0,0.0
2014-06-02,0.45234567755711214,0.4551935957720307,0.44570051619456297,0.4494977593421936,181500000,0.0,0.0
2014-06-03,0.4504470910286533,0.45092173938613317,0.4416659691030262,0.4475991725921631,243212000,0.0,0.0
2014-06-04,0.4464126101184447,0.4513964611195406,0.4461752717553191,0.4480738937854767,161236000,0.0,0.0
2014-06-05,0.44878575622495936,0.45139633603787216,0.44617514812043885,0.44997239112854004,188696000,0.0,0.0
2014-06-06,0.45210836994281567,0.45566827502603346,0.45044708656230287,0.4516337215900421,161052000,0.0,0.0
2014-06-09,0.45115914592486456,0.4563803352297965,0.4480738886973453,0.4521084427833557,247456000,0.0,0.0
2014-06-10,0.450447078156706,0.4566175915024491,0.4485484564894304,0.4544816315174103,217608000,0.0,0.0
2014-06-11,0.4528203110215408,0.4616014319758946,0.4528203110215408,0.4604147970676422,266228000,0.0,0.0
2014-06-12,0.4604148185430117,0.46539866841517125,0.4563802370334803,0.46326273679733276,337148000,0.0,0.0
2014-06-13,0.4680092900354515,0.46824662835160263,0.4592281684204006,0.4637373983860016,227852000,0.0,0.0
2014-06-16,0.4616016040545337,0.4653988202015258,0.45827900809784494,0.46231356263160706,198620000,0.0,0.0
2014-06-17,0.462788148563561,0.46729735069412476,0.4604148783281879,0.46539872884750366,157608000,0.0,0.0
2014-06-18,0.46421216982016367,0.4670601172027169,0.4599402770379514,0.464924156665802,215536000,0.0,0.0
2014-06-19,0.45638030717499367,0.45875357746694617,0.45092177984518017,0.45424437522888184,474592000,0.0,0.0
2014-06-20,0.4554309870105073,0.45709227047132484,0.44570056799604296,0.4492604732513428,353148000,0.0,0.0
2014-06-23,0.44332729847253194,0.4442765952253518,0.4381060814571862,0.4440392851829529,414200000,0.0,0.0
2014-06-24,0.4433273103894157,0.44688721574560064,0.4352581746070954,0.4371567964553833,275780000,0.0,0.0
2014-06-25,0.438343351228178,0.441903255931852,0.43430879822233576,0.441665917634964,215420000,0.0,0.0
2014-06-26,0.4416658965046765,0.44190323479020976,0.4343087774440294,0.43573272228240967,256908000,0.0,0.0
2014-06-27,0.435258178003011,0.43881808338697054,0.4326475694047953,0.43620750308036804,302820000,0.0,0.0
2014-06-30,0.43454617928619826,0.44119134147801903,0.43454617928619826,0.44000470638275146,180512000,0.0,0.0
2014-07-01,0.43952999266816356,0.4475991270914979,0.43810601944886685,0.44498851895332336,321180000,0.0,0.0
2014-07-02,0.4433273375034332,0.4452259594678414,0.4407167287659203,0.4433273375034332,179284000,0.0,0.0
2014-07-03,0.4392927210507899,0.44854849179799466,0.4392927210507899,0.44736185669898987,136892000,0.0,0.0
2014-07-07,0.44807395174427084,0.4483112901380963,0.44309007180688964,0.4438020586967468,127496000,0.0,0.0
2014-07-08,0.4426152324195126,0.44451385387642023,0.43597007146613953,0.4402419626712799,221940000,0.0,0.0
2014-07-09,0.4440392872068024,0.45543098975062285,0.4407166919735648,0.4535323679447174,387668000,0.0,0.0
2014-07-10,0.4449886349056585,0.45305777143159764,0.4414287292214071,0.45115914940834045,266308000,0.0,0.0
2014-07-11,0.4516337943541101,0.45353241636270775,0.44997251070594296,0.4521084427833557,191188000,0.0,0.0
2014-07-14,0.45400701900386126,0.4589908977373376,0.45234573552324,0.45780426263809204,272636000,0.0,0.0
2014-07-15,0.45851624410478936,0.46088951427610053,0.4554309872237624,0.45970287919044495,395440000,0.0,0.0
2014-07-16,0.46160154609896853,0.46516145170385126,0.4566176669354867,0.4592282474040985,319728000,0.0,0.0
2014-07-17,0.45400693618119303,0.4627880569469954,0.45400693618119303,0.4580414891242981,324832000,0.0,0.0
2014-07-18,0.4485486044195625,0.45210851061039803,0.4369195605545283,0.4376315474510193,567816000,0.0,0.0
2014-07-21,0.43597007146613953,0.4433272190023039,0.43597007146613953,0.4402419626712799,243364000,0.0,0.0
2014-07-22,0.4435646545943499,0.44593792501455737,0.4373941684767796,0.43834346532821655,298816000,0.0,0.0
2014-07-23,0.43858062576704937,0.4388179357378311,0.4286128714125239,0.4290875196456909,297352000,0.0,0.0
2014-07-24,0.4314609296421583,0.4326475647573983,0.4267143891811984,0.4297996461391449,254576000,0.0,0.0
2014-07-25,0.4283756049740458,0.42932492989115273,0.42149313371016045,0.4222051203250885,266132000,0.0,0.0
2014-07-28,0.42410372454097967,0.42410372454097967,0.4134240099157671,0.4205438196659088,330352000,0.0,0.0
2014-07-29,0.42078122887824837,0.4276637297714246,0.4205438905299405,0.42196786403656006,217972000,0.0,0.0
2014-07-30,0.4245783189931988,0.4302741543744103,0.42339168426447943,0.4290875196456909,246184000,0.0,0.0
2014-07-31,0.42386641461618524,0.42718898118366155,0.41461064496402855,0.4153226315975189,401880000,0.0,0.0
2014-08-01,0.4153225241262344,0.4222050220802071,0.4138985512277292,0.4198317527770996,219884000,0.0,0.0
2014-08-04,0.4193573164925225,0.42291722248631025,0.41674673573871557,0.41888266801834106,241724000,0.0,0.0
2014-08-05,0.41769595087162553,0.42529043813744366,0.4141360455751279,0.4191199243068695,298136000,0.0,0.0
2014-08-06,0.41627196430379626,0.4238664513300228,0.41318673577745463,0.4186452627182007,223456000,0.0,0.0
2014-08-07,0.4222051043039862,0.42600231895349877,0.41152536206853785,0.4143733084201813,407696000,0.0,0.0
2014-08-08,0.4324102030608845,0.45329498425288683,0.4324102030608845,0.4509217143058777,894348000,0.0,0.0
2014-08-11,0.45139638438246266,0.4532950060898558,0.447361830936509,0.44854846596717834,344624000,0.0,0.0
2014-08-12,0.44831115593601095,0.4509217360285171,0.4435645875217228,0.44854846596717834,296152000,0.0,0.0
2014-08-13,0.44926052738508326,0.45495639345485483,0.4464126084960053,0.45115914940834045,256596000,0.0,0.0
2014-08-14,0.45282031928970473,0.45282031928970473,0.4442765364776414,0.44617515802383423,255992000,0.0,0.0
2014-08-15,0.4475992049782263,0.4544816773886936,0.4433273128685925,0.4518710970878601,369796000,0.0,0.0
2014-08-18,0.4537695978879956,0.4585161657106929,0.449260396650103,0.4580414891242981,284076000,0.0,0.0
2014-08-19,0.4581608763658934,0.4641202991986319,0.456492215239311,0.4617365300655365,248260000,0.002125,0.0
2014-08-20,0.4600676593608189,0.46221306765335224,0.45768389131361953,0.45887577533721924,221468000,0.0,0.0
2014-08-21,0.4576839201134829,0.46006768831068134,0.4538699080480204,0.4545850157737732,272796000,0.0,0.0
2014-08-22,0.45410826840711294,0.4586374450377239,0.45124775225011354,0.45482340455055237,251224000,0.0,0.0
2014-08-25,0.4567305447009122,0.45982944985820867,0.4545851357073534,0.45553866028785706,153380000,0.0,0.0
2014-08-26,0.45673048590761306,0.4645969277045107,0.4550618536274862,0.4636434316635132,269636000,0.0,0.0
2014-08-27,0.4607828555486929,0.46435850808579016,0.45768395099985654,0.45839908719062805,182972000,0.0,0.0
2014-08-28,0.4574456510698539,0.46316668451108994,0.45601537850116286,0.4622131884098053,179704000,0.0,0.0
2014-08-29,0.46388179146538144,0.4645969277045107,0.45887586620823867,0.4636434316635132,207932000,0.0,0.0
2014-09-02,0.46483534574508667,0.46483534574508667,0.4605445564517936,0.46483534574508667,192636000,0.0,0.0
2014-09-03,0.46721908480828195,0.4707947375899663,0.46412018004746974,0.4691261053085327,259456000,0.0,0.0
2014-09-04,0.468410969197189,0.4803298402228315,0.46817258097830644,0.4774692952632904,491832000,0.0,0.0
2014-09-05,0.4769925182481114,0.47913792696517016,0.47294011744935016,0.47603902220726013,253792000,0.0,0.0
2014-09-08,0.47556221374906155,0.47651570966873585,0.4698411529807396,0.4717481732368469,319288000,0.0,0.0
2014-09-09,0.4696027923457936,0.47270169670417556,0.4653120038816308,0.46578875184059143,198588000,0.0,0.0
2014-09-10,0.4684109679319154,0.46912610416986894,0.46316665446476424,0.46745744347572327,172376000,0.0,0.0
2014-09-11,0.46412023862325447,0.4657888711152831,0.4576840400705117,0.46268996596336365,250720000,0.0,0.0
2014-09-12,0.4655504827976715,0.4655504827976715,0.4553002711813426,0.45577701926231384,262536000,0.0,0.0
2014-09-15,0.45720723284718984,0.4579223690846284,0.447672158792708,0.4495791792869568,294152000,0.0,0.0
2014-09-16,0.44838738329145106,0.45863759560104,0.4469571105350367,0.4562538266181946,219936000,0.0,0.0
2014-09-17,0.45506188183784607,0.46078291527201626,0.45291647298745924,0.4564921259880066,173584000,0.0,0.0
2014-09-18,0.45935267163393795,0.4638818207396414,0.457922399065419,0.4634050726890564,219604000,0.0,0.0
2014-09-19,0.46483525372518797,0.4653120016818948,0.45410826840711294,0.45482340455055237,601316000,0.0,0.0
2014-09-22,0.4641201174514957,0.4641201174514957,0.44981747983699566,0.45029425621032715,221464000,0.0,0.0
2014-09-23,0.4479105185715957,0.4533931918360008,0.4462418862954973,0.4483872950077057,196144000,0.0,0.0
2014-09-24,0.44814878755956705,0.4524395754256565,0.4476720396670581,0.4510093033313751,159592000,0.0,0.0
2014-09-25,0.450532643320302,0.45172452749244196,0.44028243375654647,0.4412359297275543,298440000,0.0,0.0
2014-09-26,0.4426662328532951,0.4455267493818019,0.4407592123620365,0.442189484834671,241188000,0.0,0.0
2014-09-29,0.43861383178003915,0.44457325305080825,0.43432304278173295,0.4414743483066559,208540000,0.0,0.0
2014-09-30,0.4395672684861648,0.4429045609974025,0.4345613439276874,0.43980565667152405,277204000,0.0,0.0
2014-10-01,0.44052082199823067,0.44361969811267166,0.4343230129358283,0.435514897108078,350976000,0.0,0.0
2014-10-02,0.4347997903560709,0.4369451706446523,0.4235960556450553,0.43360790610313416,288996000,0.0,0.0
2014-10-03,0.43623015204135857,0.4421895745248263,0.43456149101257324,0.43456149101257324,239140000,0.0,0.0
2014-10-06,0.436230153364075,0.43980580686499754,0.4290788179454618,0.43193936347961426,199032000,0.0,0.0
2014-10-07,0.430032282634185,0.4343230719203592,0.42693337768212786,0.4274101257324219,301896000,0.0,0.0
2014-10-08,0.42693331913658455,0.4374219168885672,0.4235960264086427,0.43527650833129883,260172000,0.0,0.0
2014-10-09,0.433369638461382,0.4338464150286189,0.4233578136344959,0.4269334673881531,306956000,0.0,0.0
2014-10-10,0.42359608399290133,0.42502635655884685,0.40142702972132965,0.4016653895378113,691376000,0.0,0.0
2014-10-13,0.4042875172369247,0.412392347163974,0.39975836846648677,0.400235116481781,397628000,0.0,0.0
2014-10-14,0.40571773172580605,0.4207354767706126,0.4033339635731941,0.40953177213668823,376620000,0.0,0.0
2014-10-15,0.40357241034825536,0.41787505076432135,0.40095028186510845,0.4157296419143677,404428000,0.0,0.0
2014-10-16,0.40834003514318357,0.4207356283182677,0.40738651048862745,0.4159680902957916,351116000,0.0,0.0
2014-10-17,0.42097395601702653,0.42574149335355677,0.41358426177869895,0.4152528941631317,290716000,0.0,0.0
2014-10-20,0.41525286445200105,0.4226425581615998,0.4123923479381042,0.4188285171985626,200336000,0.0,0.0
2014-10-21,0.42192748129558766,0.4371836188775655,0.42073559687903156,0.43670687079429626,351092000,0.0,0.0
2014-10-22,0.43599176585359484,0.4374220386231521,0.4264566898345947,0.4264566898345947,239512000,0.0,0.0
2014-10-23,0.43384623506144726,0.4390905193747009,0.43074733074373794,0.4359916150569916,214476000,0.0,0.0
2014-10-24,0.43861377296525755,0.4431429211570128,0.4359916165910256,0.4405207931995392,210156000,0.0,0.0
2014-10-27,0.440282433990561,0.4424278141348491,0.43551489729946724,0.44075918197631836,145092000,0.0,0.0
2014-10-28,0.4395673866187934,0.45172461900417366,0.43909063853670843,0.4512478709220886,192580000,0.0,0.0
2014-10-29,0.4493407910464013,0.4519629477779574,0.44433486580134396,0.4483872950077057,168340000,0.0,0.0
2014-10-30,0.4471953497562659,0.44910234157355516,0.43980565700561597,0.44552668929100037,170260000,0.0,0.0
2014-10-31,0.4557769026186254,0.466027140028451,0.4533931344070637,0.46578875184059143,256316000,0.0,0.0
2014-11-03,0.47651580017014045,0.47818446097162587,0.47127151478240287,0.4736552834510803,308732000,0.0,0.0
2014-11-04,0.476754129450036,0.48152166619785464,0.4688876881327831,0.4798530340194702,360196000,0.0,0.0
2014-11-05,0.48271357880156984,0.48295193858890445,0.4762773814586062,0.4798530340194702,335652000,0.0,0.0
2014-11-06,0.4808065012687083,0.4827135499539807,0.4734168083845028,0.48199841380119324,394088000,0.0,0.0
2014-11-07,0.48748108324554257,0.49320211559710586,0.46698063680495794,0.4717481732368469,450800000,0.0,0.0
2014-11-10,0.4712715159874598,0.4803298710517135,0.47007963165007344,0.477230966091156,293388000,0.0,0.0
2014-11-11,0.47437048035863055,0.4769926091792201,0.4674575332859468,0.4715099632740021,212992000,0.0,0.0
2014-11-12,0.46984118294893285,0.47103306713292786,0.4619747416512139,0.4684109389781952,204584000,0.0,0.0
2014-11-13,0.4700796611446844,0.47079479747533953,0.4622132183410103,0.46602725982666016,225328000,0.0,0.0
2014-11-14,0.4665038888451208,0.4717481732368469,0.4619747121847711,0.4717481732368469,160248000,0.0,0.0
2014-11-17,0.4696028232574463,0.47460874819794485,0.4665039186950787,0.4696028232574463,158732000,0.0,0.0
2014-11-18,0.4698411254009185,0.48199838237206266,0.4686492413629102,0.48080646991729736,207772000,0.0,0.0
2014-11-19,0.4811655764176918,0.4826019016230227,0.4739840074650739,0.47901108860969543,240300000,0.002125,0.0
2014-11-20,0.4756596136849087,0.48738952460540796,0.4742232887437821,0.48691073060035706,220968000,0.0,0.0
2014-11-21,0.4912199368164551,0.4919380996253142,0.4854746914196352,0.48954424262046814,198976000,0.0,0.0
2014-11-24,0.4907411705736274,0.4948107220065535,0.4888261076901526,0.49265629053115845,136004000,0.0,0.0
2014-11-25,0.4916986065557374,0.4960075828180843,0.4907410752998976,0.49241676926612854,190240000,0.0,0.0
2014-11-26,0.4895440091126088,0.5012739199635139,0.48930458357449086,0.5007951259613037,219264000,0.0,0.0
2014-11-28,0.5024707811942383,0.5048646368754192,0.49792243827778826,0.5019919872283936,124832000,0.0,0.0
2014-12-01,0.49983786195527324,0.5027104562804854,0.4919381276813413,0.49265629053115845,190060000,0.0,0.0
2014-12-02,0.49217742056549446,0.49552880863308585,0.48762907557430757,0.49337437748908997,245952000,0.0,0.0
2014-12-03,0.4957681447946968,0.5063011012809155,0.49433181957520395,0.5060617327690125,284424000,0.0,0.0
2014-12-04,0.5053437234673943,0.5072587862916735,0.49816215226526567,0.5015135407447815,185332000,0.0,0.0
2014-12-05,0.5017527853153358,0.5070192923915076,0.5015134167899773,0.5043860673904419,165680000,0.0,0.0
2014-12-08,0.5036681416374187,0.5086952254786482,0.4938532855188365,0.4979228377342224,226944000,0.0,0.0
2014-12-09,0.4948105491346027,0.49744383102196116,0.48738961171122036,0.496246874332428,239448000,0.0,0.0
2014-12-10,0.49481061084540523,0.4967257303726971,0.4847564473547856,0.48523518443107605,204364000,0.0,0.0
2014-12-11,0.48810780145232835,0.4914591890509237,0.4840382512148855,0.4849957823753357,135652000,0.0,0.0
2014-12-12,0.47853236227219326,0.48284130970431177,0.4694357018126143,0.4699144959449768,323964000,0.0,0.0
2014-12-15,0.47542040601590996,0.48403833055769707,0.46704190710901133,0.4684782326221466,254696000,0.0,0.0
2014-12-16,0.46799948743122693,0.4754204268082459,0.4629723764524191,0.4632117450237274,185308000,0.0,0.0
2014-12-17,0.47254773988486964,0.4828413290129504,0.457227040462115,0.48212316632270813,345596000,0.0,0.0
2014-12-18,0.48810781390057023,0.49385305808383206,0.47948991908865707,0.48403826355934143,226156000,0.0,0.0
2014-12-19,0.48738974067768315,0.4907411289767169,0.4828413953723937,0.48882606625556946,325528000,0.0,0.0
2014-12-22,0.48834716617028445,0.4974438548088074,0.48667147238403846,0.4974438548088074,148976000,0.0,0.0
2014-12-23,0.5012738561273369,0.5036677116854839,0.49385286394526834,0.4943316578865051,109280000,0.0,0.0
2014-12-24,0.4955287886531418,0.496246951363533,0.4919380321752312,0.49241676926612854,45644000,0.0,0.0
2014-12-26,0.49241671965625944,0.49552873872974385,0.49121981997555586,0.4928955137729645,52636000,0.0,0.0
2014-12-29,0.4914592938254023,0.49552884493043503,0.48906543687690945,0.49217745661735535,82944000,0.0,0.0
2014-12-30,0.48882619210521766,0.4912200496599829,0.4869110718169658,0.487629234790802,112120000,0.0,0.0
2014-12-31,0.48834716575679266,0.49098044776784017,0.4785323430303458,0.47996869683265686,166300000,0.0,0.0
2015-01-02,0.48188379406929016,0.485474607492821,0.4742234301484532,0.48188379406929016,113680000,0.0,0.0
2015-01-05,0.4818838203945165,0.483320145842395,0.47159023078344875,0.4737446904182434,197952000,0.0,0.0
2015-01-06,0.47446294596245026,0.4749417116930641,0.45890287422681414,0.459381639957428,197764000,0.0,0.0
2015-01-07,0.46273294611424176,0.46680252544151984,0.4567483042059194,0.4581846296787262,321808000,0.0,0.0
2015-01-08,0.463451101960441,0.47829303650204175,0.4632117048728578,0.47542038559913635,283780000,0.0,0.0
2015-01-09,0.47709608449474966,0.48092626648412934,0.47063264882054373,0.47733545303344727,209540000,0.0,0.0
2015-01-12,0.4785324190683323,0.4787718161629272,0.46704190073123447,0.47135084867477417,190732000,0.0,0.0
2015-01-13,0.47494149982800427,0.4845169243169267,0.46728116594426944,0.47063255310058594,236720000,0.0,0.0
2015-01-14,0.4656055963581271,0.47398409501715083,0.4644086679782665,0.4725477695465088,155260000,0.0,0.0
2015-01-15,0.4758991233301644,0.47877174535533856,0.4689569225208887,0.4691963195800781,188932000,0.0,0.0
2015-01-16,0.468478199052588,0.47829302276932484,0.4670418736423749,0.477814257144928,181512000,0.0,0.0
2015-01-20,0.48116555279583645,0.4837987774936458,0.4732658216283745,0.4792504906654358,140308000,0.0,0.0
2015-01-21,0.4766174188833642,0.48715040729566056,0.473266001805213,0.4859534502029419,144780000,0.0,0.0
2015-01-22,0.4869106657044366,0.495767982636197,0.4818835861545335,0.4943316578865051,159712000,0.0,0.0
2015-01-23,0.4948106011483355,0.4967257206380958,0.4907410507094031,0.4957681894302368,120416000,0.0,0.0
2015-01-26,0.4936137795448303,0.4960076364804404,0.4905017598211321,0.4936137795448303,133240000,0.0,0.0
2015-01-27,0.48595332887956516,0.48643212301192773,0.46895693621727236,0.4699144959449768,357948000,0.0,0.0
2015-01-28,0.47565971415721164,0.47757480497089555,0.462014709945351,0.4622541069984436,272728000,0.0,0.0
2015-01-29,0.4624935368067002,0.4761385134479195,0.46033904878733645,0.47350528836250305,235340000,0.0,0.0
2015-01-30,0.4701538791121205,0.47565975497252655,0.4589027588546951,0.4596208930015564,298200000,0.0,0.0
2015-02-02,0.46249352442433866,0.47159018478727993,0.4533968640613974,0.46967509388923645,259604000,0.0,0.0
2015-02-03,0.47302649206269803,0.4818837840957183,0.47063263552123763,0.48140498995780945,183468000,0.0,0.0
2015-02-04,0.4799687452316517,0.48810784645698096,0.4785323912845018,0.48260197043418884,181516000,0.0,0.0
2015-02-05,0.48308070625693383,0.490741070374864,0.4826019691708411,0.4905017018318176,140448000,0.0,0.0
2015-02-06,0.4900229263550704,0.4957682281995948,0.48619274415006974,0.48834723234176636,210524000,0.0,0.0
2015-02-09,0.4854746311273831,0.489304756200222,0.4823626117001671,0.4878684878349304,273944000,0.0,0.0
2015-02-10,0.488347298337185,0.5017529093293027,0.48619280985433005,0.5015135407447815,226204000,0.0,0.0
2015-02-11,0.5027103486187219,0.5027103486187219,0.4948106160366174,0.49816206097602844,320832000,0.0,0.0
2015-02-12,0.5266490714575894,0.5386183568619326,0.5235370515450548,0.5338306427001953,676904000,0.0,0.0
2015-02-13,0.5326336298360733,0.534788118105416,0.5244945280283994,0.5340699553489685,310084000,0.0,0.0
2015-02-17,0.5331125141010036,0.538379022846712,0.5297611253873975,0.5357457399368286,203340000,0.0,0.0
2015-02-18,0.5350274606599089,0.535985049004659,0.5285640532400993,0.5295215845108032,170948000,0.0,0.0
2015-02-19,0.5362246858946197,0.5371822176444976,0.5285643177474477,0.5309581756591797,169432000,0.0,0.0
2015-02-20,0.5304791530151884,0.5350274406494343,0.5266489710015784,0.5347880721092224,157752000,0.0,0.0
2015-02-23,0.5345484432827886,0.5345484432827886,0.5278456137542504,0.5304788947105408,125008000,0.0,0.0
2015-02-24,0.5325216739846982,0.5361262559890747,0.5277155264496644,0.5361262559890747,149356000,0.002125,0.0
2015-02-25,0.5339636885340013,0.536366820567993,0.5296381769192228,0.5320412516593933,123820000,0.0,0.0
2015-02-26,0.5325218101178935,0.5366070308376331,0.5291574601482731,0.5334830284118652,152864000,0.0,0.0
2015-02-27,0.5320412599560391,0.5332428259917722,0.5281963288530441,0.5301188230514526,157492000,0.0,0.0
2015-03-02,0.5286767872842136,0.5459789427281344,0.5279558593662335,0.5430952310562134,301512000,0.0,0.0
2015-03-03,0.5390103321053022,0.5416536978498508,0.531320467929005,0.5330026149749756,160344000,0.0,0.0
2015-03-04,0.5310799562939972,0.540211616066376,0.5289171721529813,0.5390101075172424,226840000,0.0,0.0
2015-03-05,0.5390102971133488,0.5503047449995495,0.5375684405121672,0.5493435263633728,323056000,0.0,0.0
2015-03-06,0.546219230824185,0.5488625949840233,0.5414130829187684,0.541893720626831,257392000,0.0,0.0
2015-03-09,0.5421342269893732,0.5474210147107579,0.5409326608870391,0.5433357357978821,222388000,0.0,0.0
2015-03-10,0.5457386797571195,0.5563122526627289,0.5447774614821945,0.5527076125144958,527212000,0.0,0.0
2015-03-11,0.5527075346139603,0.559916756600522,0.5483820243395446,0.5498238801956177,262120000,0.0,0.0
2015-03-12,0.5445372222825505,0.5486224433042943,0.5344442862151842,0.544777512550354,406972000,0.0,0.0
2015-03-13,0.5421340786285274,0.5469402271349589,0.5346845083378918,0.5454983711242676,359288000,0.0,0.0
2015-03-16,0.5498239675022119,0.5553510442989344,0.5462193272896482,0.5519866943359375,236956000,0.0,0.0
2015-03-17,0.5507851334505101,0.5589555740974278,0.546940203353782,0.558715283870697,299900000,0.0,0.0
2015-03-18,0.5587152095906507,0.5615988638094656,0.544537056809963,0.5495834946632385,413844000,0.0,0.0
2015-03-19,0.5515061300176192,0.5599168619373454,0.5474209091860645,0.5579944252967834,310756000,0.0,0.0
2015-03-20,0.5625602977839773,0.5673664467975097,0.5572735109515655,0.5640020966529846,462084000,0.0,0.0
2015-03-23,0.5471804933948669,0.5543897158386084,0.5454983472207079,0.5457386374473572,426012000,0.0,0.0
2015-03-24,0.5440564360401184,0.5479013657452014,0.5358859962254429,0.5382890701293945,330480000,0.0,0.0
2015-03-25,0.5380488367325634,0.5380488367325634,0.5039251034824561,0.5056073069572449,542552000,0.0,0.0
2015-03-26,0.49527406425134785,0.5060878689187519,0.4916694244996764,0.503925085067749,311920000,0.0,0.0
2015-03-27,0.5068088008043146,0.5157001692024029,0.49863836036215836,0.5137777328491211,318288000,0.0,0.0
2015-03-30,0.5161808372242487,0.5185839114537528,0.5094521950053517,0.5159405469894409,253252000,0.0,0.0
2015-03-31,0.5144986912497634,0.5149792717196188,0.5024833200962457,0.5029639005661011,357276000,0.0,0.0
2015-04-01,0.5048863291740417,0.5065684751890813,0.49623525160112303,0.5048863291740417,330768000,0.0,0.0
2015-04-02,0.5077700454282568,0.5092119014152203,0.5017623885409868,0.5060878992080688,192204000,0.0,0.0
2015-04-06,0.5039250729339287,0.5224287943906228,0.498638344483848,0.520746648311615,515864000,0.0,0.0
2015-04-07,0.5207465075249054,0.5310797287121698,0.5178627965726312,0.5253123641014099,413964000,0.0,0.0
2015-04-08,0.5257931078369961,0.5310798937949325,0.5207466693956518,0.5291574001312256,366432000,0.0,0.0
2015-04-09,0.5250720741380055,0.5430951549750888,0.5248317839636081,0.5414130091667175,379432000,0.0,0.0
2015-04-10,0.5418936508097267,0.5471803784482661,0.5399711575189711,0.5469400882720947,258728000,0.0,0.0
2015-04-13,0.5457385931161224,0.5488625949840233,0.5394905893803205,0.541893720626831,236724000,0.0,0.0
2015-04-14,0.5397311392956098,0.541893923852293,0.5320412768455077,0.5373280644416809,220276000,0.0,0.0
2015-04-15,0.5387698883476901,0.5479015493248361,0.5361264660619786,0.543816328048706,243560000,0.0,0.0
2015-04-16,0.5406922937477936,0.5452581526177012,0.5366070727092827,0.5404520034790039,155284000,0.0,0.0
2015-04-17,0.5291574601482731,0.5387698149694291,0.5289171698982333,0.5334830284118652,293636000,0.0,0.0
2015-04-20,0.5358860004661699,0.5392502924995652,0.529878287011848,0.5308395624160767,231624000,0.0,0.0
2015-04-21,0.537328047384385,0.537328047384385,0.5274754006903687,0.5301188230514526,230456000,0.0,0.0
2015-04-22,0.5332426018443331,0.5368471838487096,0.5250721051997371,0.5361262559890747,207420000,0.0,0.0
2015-04-23,0.5262737581016188,0.5390100569133007,0.5202660440385353,0.5339635610580444,259380000,0.0,0.0
2015-04-24,0.5337231762700935,0.5339634664560263,0.5233899534556149,0.5293976664543152,240960000,0.0,0.0
2015-04-27,0.5310799540300294,0.5428550356891687,0.5265140955163976,0.5334830284118652,248456000,0.0,0.0
2015-04-28,0.5325216739846982,0.538048749379367,0.527475178967254,0.5361262559890747,234484000,0.0,0.0
2015-04-29,0.532281541945264,0.5375683292911678,0.5298784672050935,0.5320412516593933,195156000,0.0,0.0
2015-04-30,0.5293978076921256,0.5361263930437409,0.5281962418543014,0.5334830284118652,218844000,0.0,0.0
2015-05-01,0.5378084561524297,0.5483820276312311,0.5354053821424845,0.5466998815536499,256968000,0.0,0.0
2015-05-04,0.5462194486084238,0.5498240896216009,0.5416535890896745,0.5433357357978821,200720000,0.0,0.0
2015-05-05,0.5414130351579184,0.5421339630095143,0.5269945927135945,0.5293976664543152,292928000,0.0,0.0
2015-05-06,0.5322813369997214,0.5373278321166904,0.5241108974877893,0.5310798287391663,316484000,0.0,0.0
2015-05-07,0.5289172111698403,0.5421341499481662,0.5272350647006779,0.5404520034790039,534564000,0.0,0.0
2015-05-08,0.5048863880403838,0.5248319096362534,0.49239037927879525,0.5005608201026917,1146552000,0.0,0.0
2015-05-11,0.49359202362320204,0.5008013055041445,0.4897471496784648,0.49575480818748474,544144000,0.0,0.0
2015-05-12,0.4921500890468596,0.5046460405146398,0.4919097415211156,0.5005608201026917,388800000,0.0,0.0
2015-05-13,0.5041653013703469,0.5080102303402108,0.49863822671875324,0.5034443736076355,308524000,0.0,0.0
2015-05-14,0.5048864522181329,0.5142584599806305,0.5036848863181029,0.5116150379180908,293052000,0.0,0.0
2015-05-15,0.5137777406235523,0.5161808147484205,0.5087313021494712,0.5118553042411804,215824000,0.0,0.0
2015-05-18,0.5106536887623252,0.514258328245214,0.5082506148716662,0.5111343264579773,324972000,0.0,0.0
2015-05-19,0.5118102934027339,0.5135002833334393,0.5069818987524444,0.5079476237297058,253808000,0.00245,0.0
2015-05-20,0.508189026194519,0.5142245482868832,0.5074647612410751,0.5079476237297058,196824000,0.0,0.0
2015-05-21,0.5081890110486414,0.510361805844216,0.5038434214574925,0.5043262839317322,239692000,0.0,0.0
2015-05-22,0.505533539931605,0.5074648752018366,0.5023950769482155,0.503602147102356,212592000,0.0,0.0
2015-05-26,0.5011877505467408,0.5045676147092587,0.4966007591496124,0.5004634857177734,259732000,0.0,0.0
2015-05-27,0.5038434319215602,0.5296753948703182,0.5021534995651281,0.5272611975669861,432332000,0.0,0.0
2015-05-28,0.5272614604557649,0.5361939891758883,0.5262957925647578,0.5345040559768677,327656000,0.0,0.0
2015-05-29,0.5345037615923417,0.5378836261288811,0.5335380942331878,0.5342623591423035,335168000,0.0,0.0
2015-06-01,0.5376423253426832,0.545609183290424,0.5342624601670385,0.5402979254722595,372660000,0.0,0.0
2015-06-02,0.5369180164086271,0.5398150763560935,0.529192561588055,0.5296754240989685,224304000,0.0,0.0
2015-06-03,0.5311240287218882,0.5352281591849607,0.5229157102367281,0.5238814353942871,250788000,0.0,0.0
2015-06-04,0.5207428556518264,0.5349866366002066,0.5207428556518264,0.5332967042922974,323712000,0.0,0.0
2015-06-05,0.5316068401431763,0.5398151587271797,0.5260541794359163,0.5374009609222412,313320000,0.0,0.0
2015-06-08,0.5357110049839371,0.5393322727548029,0.5190530235845193,0.5250884890556335,342812000,0.0,0.0
2015-06-09,0.5255711412567664,0.5316066043121558,0.5246054740749829,0.527743935585022,256888000,0.0,0.0
2015-06-10,0.5214672488282969,0.524847114275364,0.5154317254793772,0.5183287858963013,529460000,0.0,0.0
2015-06-11,0.5183287747538914,0.5275027032785801,0.5183287747538914,0.5238814353942871,283052000,0.0,0.0
2015-06-12,0.5205015759697581,0.5236400392172258,0.5084305856175834,0.509637713432312,323728000,0.0,0.0
2015-06-15,0.5069818898672842,0.5110860770512061,0.5031192202619518,0.5086718797683716,306548000,0.0,0.0
2015-06-16,0.5077060166139681,0.5156728712346997,0.5026362209676799,0.5149486064910889,256892000,0.0,0.0
2015-06-17,0.5147074850744219,0.5238814717955694,0.5135004148821242,0.520984411239624,233544000,0.0,0.0
2015-06-18,0.5253298917367761,0.5330552889983411,0.5238813617630429,0.5296754240989685,299404000,0.0,0.0
2015-06-19,0.5296753859335713,0.5340209179826493,0.5231570590804527,0.5279854536056519,355656000,0.0,0.0
2015-06-22,0.5289512677670535,0.5318483283096218,0.5178459457659,0.5258128046989441,514236000,0.0,0.0
2015-06-23,0.5267785278975903,0.5308826590595751,0.5081892076136499,0.5122933387756348,414064000,0.0,0.0
2015-06-24,0.5115687796984837,0.5142244364699798,0.5048090516815672,0.5072232484817505,253368000,0.0,0.0
2015-06-25,0.5072234380691165,0.5142246286742148,0.5072234380691165,0.5110861659049988,350460000,0.0,0.0
2015-06-26,0.5069819286659386,0.5074647911830598,0.4985322663088779,0.5007050037384033,421296000,0.0,0.0
2015-06-29,0.4949109533131643,0.4999808084091844,0.4850127607240453,0.48573702573776245,391724000,0.0,0.0
2015-06-30,0.48863408986202833,0.4908068851772211,0.48211576147546664,0.4854956269264221,315916000,0.0,0.0
2015-07-01,0.49756667404364335,0.5045678074666091,0.4881512852291515,0.4924968183040619,302892000,0.0,0.0
2015-07-02,0.49225529139945934,0.49611801846719694,0.4898410941769986,0.4929795563220978,145764000,0.0,0.0
2015-07-06,0.4888753522085024,0.4956350803764102,0.48332269368815256,0.48694396018981934,214776000,0.0,0.0
2015-07-07,0.4840470433149753,0.4859783781130735,0.4625606415013652,0.4777700901031494,594252000,0.0,0.0
2015-07-08,0.47511450348251577,0.4780115345391432,0.4705275112616451,0.4743902385234833,332492000,0.0,0.0
2015-07-09,0.4818743975314521,0.4840471930205649,0.4656992477484844,0.46859627962112427,357588000,0.0,0.0
2015-07-10,0.4746316997118712,0.4811500563701159,0.4734246008906416,0.4768044948577881,216708000,0.0,0.0
2015-07-13,0.4816328502777353,0.4825985177429878,0.4768044553924653,0.4799429178237915,212472000,0.0,0.0
2015-07-14,0.4806670896467033,0.48114992328574385,0.47390733236164134,0.4801842272281647,249216000,0.0,0.0
2015-07-15,0.478977261224199,0.4821157239152971,0.47245893334546035,0.4768044948577881,265732000,0.0,0.0
2015-07-16,0.47970142320223774,0.48742687702178955,0.47801149097152323,0.48742687702178955,282848000,0.0,0.0
2015-07-17,0.48573701017330057,0.4862198151276353,0.4782529577910377,0.48452988266944885,220372000,0.0,0.0
2015-07-20,0.484529815755516,0.48646120798315057,0.47439019362718293,0.4755972921848297,188412000,0.0,0.0
2015-07-21,0.4746316278869874,0.4845298482349982,0.4746316278869874,0.4777700901031494,149720000,0.0,0.0
2015-07-22,0.4743903721459145,0.4743903721459145,0.4628022158758446,0.46859627962112427,356472000,0.0,0.0
2015-07-23,0.4695618438359368,0.48139139930862473,0.468596147630726,0.4743902385234833,169916000,0.0,0.0
2015-07-24,0.4777700225245212,0.4782528561557509,0.4669061363141139,0.4688374996185303,188844000,0.0,0.0
2015-07-27,0.4647334337224878,0.4714931922351876,0.46087073512916177,0.4661819636821747,192420000,0.0,0.0
2015-07-28,0.4673889667958759,0.4794599513927668,0.46256057295711955,0.4763215184211731,198308000,0.0,0.0
2015-07-29,0.47535595670192077,0.4859784434163645,0.4734245928647941,0.4821157157421112,232680000,0.0,0.0
2015-07-30,0.48090857304510765,0.488151193968119,0.48090857304510765,0.48332279920578003,190180000,0.0,0.0
2015-07-31,0.48525415474067085,0.48549555722136073,0.4787358272899785,0.48163285851478577,218340000,0.0,0.0
2015-08-03,0.48549548439682283,0.4903238786404084,0.47921858914786153,0.4898410737514496,397132000,0.0,0.0
2015-08-04,0.48815135339510735,0.4932211522836242,0.4862199603239881,0.4917726218700409,260100000,0.0,0.0
2015-08-05,0.5038435476369798,0.5043264102321448,0.49587668895037157,0.4968424141407013,234628000,0.0,0.0
2015-08-06,0.49563523683709876,0.4992565620409282,0.4854955838253878,0.4937039017677307,655676000,0.0,0.0
2015-08-07,0.5422292565556185,0.5641984352621654,0.5282268773333316,0.5547831058502197,1405248000,0.0,0.0
2015-08-10,0.5509204881218651,0.5782009294687322,0.5475405650987799,0.5740967988967896,662304000,0.0,0.0
2015-08-11,0.5656471726270116,0.5767524960665309,0.5656471726270116,0.5711998343467712,435008000,0.0,0.0
2015-08-12,0.562025769000206,0.5767523574895703,0.562025769000206,0.5726482272148132,384048000,0.0,0.0
2015-08-13,0.5733724941594037,0.5745796217754339,0.5663713036398621,0.5678198337554932,276884000,0.0,0.0
2015-08-14,0.5673368468687328,0.5716824362633155,0.5639569823789463,0.568302571773529,214652000,0.0,0.0
2015-08-17,0.567337130919056,0.567337130919056,0.5576803375081999,0.5646815299987793,273880000,0.0,0.0
2015-08-18,0.5629359676900164,0.5668149485826167,0.5551780059048159,0.5595418810844421,287084000,0.00245,0.0
2015-08-19,0.5588143198470465,0.5651176537669923,0.551298779649645,0.5573596954345703,249248000,0.0,0.0
2015-08-20,0.551056218506951,0.5537229907036373,0.5345705757791295,0.5372374057769775,426932000,0.0,0.0
2015-08-21,0.5333586895908939,0.5423287984776235,0.5200247064557943,0.5205096006393433,382664000,0.0,0.0
2015-08-24,0.4914172255649677,0.5292372337295239,0.48487147270608183,0.5020844340324402,682284000,0.0,0.0
2015-08-25,0.5241460469565122,0.5260855656758037,0.4916597008705139,0.4916597008705139,622684000,0.0,0.0
2015-08-26,0.5076602726204312,0.5292370421066004,0.5037812943822984,0.5287521481513977,614976000,0.0,0.0
2015-08-27,0.5343283148370407,0.5488744438620862,0.531176647768163,0.548632025718689,463764000,0.0,0.0
2015-08-28,0.548632089525464,0.5544505302519404,0.5447531097740848,0.551056444644928,320944000,0.0,0.0
2015-08-31,0.5483896898637028,0.5522686697460096,0.5428136671206095,0.5449955463409424,219352000,0.0,0.0
2015-09-01,0.5292373600936257,0.5382074701457555,0.5188126251030537,0.522691547870636,353408000,0.0,0.0
2015-09-02,0.5369951396485687,0.5386921824185043,0.5280250316641163,0.538449764251709,344044000,0.0,0.0
2015-09-03,0.5464502291720317,0.5491170606380742,0.5389347445886242,0.5399044752120972,262556000,0.0,0.0
2015-09-04,0.5306920608093586,0.5391773365519361,0.5270555553491197,0.5272979736328125,287972000,0.0,0.0
2015-09-08,0.5401469025870383,0.5520262618795249,0.5379650230974836,0.5498443245887756,238448000,0.0,0.0
2015-09-09,0.5515415002838855,0.55614773589877,0.5377226200356252,0.5389348268508911,289392000,0.0,0.0
2015-09-10,0.5357831987419791,0.5542083159892635,0.533358842730526,0.547420084476471,357076000,0.0,0.0
2015-09-11,0.541359186099185,0.5527536527888753,0.5391772484986477,0.5491171479225159,301584000,0.0,0.0
2015-09-14,0.5517838991291195,0.5534809423698722,0.5471776058749618,0.5500868558883667,192460000,0.0,0.0
2015-09-15,0.5503293115708137,0.5590570044037237,0.5486322682145818,0.5561477541923523,327976000,0.0,0.0
2015-09-16,0.5551779346175464,0.5631783136183751,0.5510565360112398,0.5600266456604004,173508000,0.0,0.0
2015-09-17,0.5697239508742079,0.5748151368856466,0.5639055103766039,0.5651177167892456,268712000,0.0,0.0
2015-09-18,0.5573600031460032,0.5694817836069593,0.5539659161771772,0.5646330714225769,326412000,0.0,0.0
2015-09-21,0.5653600723617622,0.5716634062868338,0.562450823534444,0.5704512000083923,281840000,0.0,0.0
2015-09-22,0.558087242819646,0.5619662236204656,0.5520263244806402,0.5549355745315552,228356000,0.0,0.0
2015-09-23,0.5554203490440337,0.5609963724854337,0.5532384695504557,0.5576022863388062,161632000,0.0,0.0
2015-09-24,0.5542079622060876,0.5740876919300975,0.545480274576006,0.5682692527770996,382440000,0.0,0.0
2015-09-25,0.5752999861677651,0.5835428396763138,0.5668147722928856,0.5723907947540283,369692000,0.0,0.0
2015-09-28,0.5723909069819699,0.5760274114124417,0.5612388598731171,0.5648753643035889,395584000,0.0,0.0
2015-09-29,0.5709362335632432,0.5757849442592257,0.5629358551347531,0.5748152136802673,380736000,0.0,0.0
2015-09-30,0.580148947121345,0.5983316469725454,0.5767548601041423,0.5976043343544006,556380000,0.0,0.0
2015-10-01,0.5976042465042629,0.5993012897633923,0.5689968137333368,0.5859673619270325,489296000,0.0,0.0
2015-10-02,0.5828155248398775,0.6012406349182129,0.5767546082688584,0.6012406349182129,386144000,0.0,0.0
2015-10-05,0.6051197465367364,0.623787278852077,0.6019680784807598,0.6162717938423157,482024000,0.0,0.0
2015-10-06,0.6097259760120107,0.626938881616411,0.6073016206676787,0.6242721080780029,453216000,0.0,0.0
2015-10-07,0.6257268201785637,0.6371212861071496,0.6155445031907301,0.6308179497718811,310152000,0.0,0.0
2015-10-08,0.6281510346269645,0.63615141236119,0.6174838257805398,0.6344543695449829,460068000,0.0,0.0
2015-10-09,0.6310602219338166,0.6371211386383072,0.6201506527873932,0.6320300102233887,423248000,0.0,0.0
2015-10-12,0.6327572874805988,0.6424547661165559,0.6281510530449144,0.6388182044029236,227588000,0.0,0.0
2015-10-13,0.6337271082428861,0.6439093659598693,0.6315451711030223,0.6400304436683655,298444000,0.0,0.0
2015-10-14,0.6407577010393504,0.673729003070335,0.6400304464574171,0.6633042693138123,612148000,0.0,0.0
2015-10-15,0.664516140749857,0.6785774305535368,0.6577279717419886,0.6650010347366333,526048000,0.0,0.0
2015-10-16,0.6671832101946444,0.6817293413994652,0.6654861095330135,0.6754260063171387,448396000,0.0,0.0
2015-10-19,0.6776079703135359,0.6807596379801658,0.6664559243856438,0.6742138266563416,294712000,0.0,0.0
2015-10-20,0.6713047169409665,0.6763958463465577,0.6662135297341785,0.6732441782951355,264824000,0.0,0.0
2015-10-21,0.677365417157445,0.6814868727144366,0.6633041811553446,0.6645163297653198,386280000,0.0,0.0
2015-10-22,0.6722742786732256,0.6906993881123255,0.6713045482398378,0.6885174512863159,306884000,0.0,0.0
2015-10-23,0.6945785018802841,0.6977301697487683,0.6841537676540349,0.6931238770484924,381776000,0.0,0.0
2015-10-26,0.6936088439164101,0.6953058871308713,0.6836689450587381,0.6899722814559937,247436000,0.0,0.0
2015-10-27,0.6865779104895097,0.6938509745949769,0.686093016428675,0.6894871592521667,208268000,0.0,0.0
2015-10-28,0.6938510865331313,0.6950632929801941,0.6836687720223066,0.6950632929801941,217036000,0.0,0.0
2015-10-29,0.6839114398468877,0.6909420311278451,0.6698501416825711,0.6710622906684875,327168000,0.0,0.0
2015-10-30,0.6783352112083111,0.6926389232956855,0.6732440251595604,0.6877901554107666,301160000,0.0,0.0
2015-11-02,0.6899723251656136,0.6965180802078361,0.685850925983518,0.6957907676696777,190088000,0.0,0.0
2015-11-03,0.6916692422225864,0.6955482224509181,0.683184027161729,0.6909419298171997,376768000,0.0,0.0
2015-11-04,0.6890023716180598,0.6940934999379351,0.6763957021008242,0.6795473694801331,442264000,0.0,0.0
2015-11-05,0.6829415131958343,0.6848810321027825,0.6698500062289884,0.6717894673347473,478800000,0.0,0.0
2015-11-06,0.7382169784040498,0.7743398929948115,0.7229435328469141,0.764884889125824,1172272000,0.0,0.0
2015-11-09,0.7573693638499895,0.763672699425549,0.750823552274545,0.7614907622337341,492568000,0.0,0.0
2015-11-10,0.7515509608842729,0.7556724175968322,0.7309439663274726,0.7469447255134583,552260000,0.0,0.0
2015-11-11,0.7474293100776297,0.7527629139425174,0.7370045782970627,0.7396714091300964,619896000,0.0,0.0
2015-11-12,0.7379743681896795,0.7447625970924007,0.733852970335006,0.7370046377182007,291080000,0.0,0.0
2015-11-13,0.7377319848949019,0.7408836524270768,0.7188219797018525,0.72245854139328,292940000,0.0,0.0
2015-11-16,0.7319135093920482,0.7374895318545324,0.7260950109608061,0.7370046377182007,344280000,0.0,0.0
2015-11-17,0.7389441564623429,0.7433079724845901,0.733852970335006,0.7370046377182007,257048000,0.0,0.0
2015-11-18,0.7400465414796878,0.7561081128914343,0.7320157847841485,0.755134642124176,350216000,0.002875,0.0
2015-11-19,0.7578114905052954,0.7648687754166477,0.7517275601796087,0.757324755191803,254072000,0.0,0.0
2015-11-20,0.7629219202451623,0.768275776400702,0.7582981380208624,0.7638953328132629,239744000,0.0,0.0
2015-11-23,0.770222738015824,0.770222738015824,0.7497808383808965,0.7524577379226685,242552000,0.0,0.0
2015-11-24,0.7524579491653163,0.765112492407503,0.7490509746064764,0.7585418820381165,195428000,0.0,0.0
2015-11-25,0.7570816223452275,0.7660857929375212,0.7548913998701261,0.7575682997703552,138300000,0.0,0.0
2015-11-27,0.7590282119521022,0.7663288932438433,0.7551345036590421,0.7638953328132629,86996000,0.0,0.0
2015-11-30,0.7646254235700383,0.7753331361167403,0.7638953496227332,0.7719261050224304,327244000,0.0,0.0
2015-12-01,0.7787400346058809,0.7977218393764967,0.7780099607284993,0.796991765499115,409496000,0.0,0.0
2015-12-02,0.7982087212409266,0.8064828166115052,0.7892045518058065,0.7909080386161804,294240000,0.0,0.0
2015-12-03,0.7972352944159646,0.8055093896404233,0.7853108289332643,0.7892045378684998,246656000,0.0,0.0
2015-12-04,0.789204655338566,0.8227878346304486,0.789204655338566,0.8213276863098145,458756000,0.0,0.0
2015-12-07,0.821084192643418,0.821084192643418,0.8033191934765169,0.8057527542114258,333588000,0.0,0.0
2015-12-08,0.7957752193126789,0.8201108298644814,0.7906647585030021,0.8167038559913635,314488000,0.0,0.0
2015-12-09,0.8164606219694012,0.8213277447037691,0.7877445630242224,0.796018660068512,372676000,0.0,0.0
2015-12-10,0.798452072315157,0.8069695645198965,0.7957751727174017,0.8025891780853271,236596000,0.0,0.0
2015-12-11,0.7945585015185339,0.8001556979850751,0.7889613050519927,0.790664792060852,227320000,0.0,0.0
2015-12-14,0.7913946688890526,0.7969918639600242,0.7831205165967511,0.7926114201545715,275892000,0.0,0.0
2015-12-15,0.801615619115864,0.8079428883969048,0.7972352331631924,0.8023456931114197,307296000,0.0,0.0
2015-12-16,0.80404931363188,0.8098899065687611,0.7969920272009355,0.8072129487991333,236356000,0.0,0.0
2015-12-17,0.808429873304283,0.8167039704473243,0.7945585791478476,0.7950452566146851,254160000,0.0,0.0
2015-12-18,0.7894480318592256,0.7974787899866387,0.781173935006945,0.7821473479270935,395896000,0.0,0.0
2015-12-21,0.7906646701631279,0.801372326005435,0.7836073264854109,0.8006422519683838,284216000,0.0,0.0
2015-12-22,0.8030757763265585,0.8094030456802385,0.7965051683117871,0.8013722896575928,130012000,0.0,0.0
2015-12-23,0.80258933789738,0.8076997994254204,0.8011291894548882,0.8045361638069153,122524000,0.0,0.0
2015-12-24,0.8021024880000345,0.809159832451651,0.8008856784646268,0.8072129487991333,52448000,0.0,0.0
2015-12-28,0.7986954911810185,0.8064828515052795,0.7875010990679309,0.8064828515052795,142024000,0.0,0.0
2015-12-29,0.8069695856715572,0.8220576869339628,0.8047793633865297,0.819624125957489,203660000,0.0,0.0
2015-12-30,0.818894147291748,0.825951492352146,0.8123235376916343,0.812566876411438,180344000,0.0,0.0
2015-12-31,0.8113500731730606,0.8150003858205873,0.8021025061607361,0.8021025061607361,148528000,0.0,0.0
2016-01-04,0.7857976963104041,0.7928549832940806,0.7797137641982123,0.7877445220947266,358076000,0.0,0.0
2016-01-05,0.8025890484730352,0.8137834384677175,0.7909079231661523,0.8003988265991211,490272000,0.0,0.0
2016-01-06,0.7872578611878247,0.7909082324049477,0.7582984622744836,0.7673026919364929,449344000,0.0,0.0
2016-01-07,0.7480772580499195,0.7531877762315702,0.7271486240277897,0.7368829250335693,645304000,0.0,0.0
2016-01-08,0.7463738280655395,0.7471039021469865,0.719604657821603,0.7210648059844971,398472000,0.0,0.0
2016-01-11,0.7217947191236727,0.7273919138196184,0.7093835205271314,0.7222813963890076,409372000,0.0,0.0
2016-01-12,0.7351794607024813,0.7451571014679891,0.7293389258767397,0.7344493865966797,469356000,0.0,0.0
2016-01-13,0.7400466756786994,0.7449138563355947,0.7113306753332919,0.7120607495307922,481672000,0.0,0.0
2016-01-14,0.6974591899512034,0.7057333432637843,0.6770172904003972,0.6977025866508484,600236000,0.0,0.0
2016-01-15,0.6697168398639533,0.6777475992590917,0.6483014621366883,0.6597391963005066,841452000,0.0,0.0
2016-01-19,0.6733671022332725,0.6923489168234237,0.66241604642808,0.6650930047035217,457140000,0.0,0.0
2016-01-20,0.6524384561806644,0.6772608065827662,0.6436776232140001,0.6687433123588562,481180000,0.0,0.0
2016-01-21,0.6760439817658637,0.6869949782748455,0.6621726305561164,0.676530659198761,481456000,0.0,0.0
2016-01-22,0.6894283037524004,0.696972381589386,0.6879681559116512,0.6923485994338989,257996000,0.0,0.0
2016-01-25,0.6921054759971003,0.7001362335975692,0.690158592263871,0.6916187405586243,270728000,0.0,0.0
2016-01-26,0.6930790617035644,0.7013531600764495,0.6860217151993087,0.6984328627586365,227944000,0.0,0.0
2016-01-27,0.6974591686991508,0.6996493908052142,0.6770172697712231,0.690158486366272,231700000,0.0,0.0
2016-01-28,0.6957559049110574,0.6981894664685157,0.6692300665285568,0.6826146841049194,276776000,0.0,0.0
2016-01-29,0.6884551157347922,0.7142508759323254,0.6857782158341328,0.7127907276153564,310504000,0.0,0.0
2016-02-01,0.71206062102789,0.7166843460833948,0.705976689820224,0.7130340337753296,289884000,0.0,0.0
2016-02-02,0.7057333294256639,0.7093836416214222,0.6779906898428364,0.6828578114509583,341908000,0.0,0.0
2016-02-03,0.6882117562550666,0.6923488043478575,0.6704467543162548,0.6862648725509644,326772000,0.0,0.0
2016-02-04,0.6872382543984392,0.7020830171426139,0.6796942326895447,0.6865082383155823,348140000,0.0,0.0
2016-02-05,0.6818845622378192,0.689428585133137,0.641244034846493,0.643190860748291,600428000,0.0,0.0
2016-02-08,0.633456379399548,0.6366200138278458,0.604740330902894,0.6137445569038391,608852000,0.0,0.0
2016-02-09,0.6064437297061116,0.6461107618265948,0.6035234346216511,0.6203150153160095,425372000,0.0,0.0
2016-02-10,0.6242090961446841,0.6422174385493742,0.6154482636713896,0.6188552379608154,335800000,0.0,0.0
2016-02-11,0.6030370599920729,0.6220188733490717,0.6030370599920729,0.615691602230072,340144000,0.0,0.0
2016-02-12,0.6254257196086617,0.6273726031040254,0.6023068624881377,0.6261557936668396,340816000,0.0,0.0
2016-02-16,0.6351599783877194,0.6577921586973655,0.6332131528659302,0.656818687915802,485352000,0.0,0.0
2016-02-17,0.6650928412869919,0.6794508680741644,0.6624158836692916,0.6731235980987549,771468000,0.0,0.0
2016-02-18,0.7283654261088046,0.7539178426988796,0.727635352090174,0.7310423254966736,1068660000,0.0,0.0
2016-02-19,0.7271487632698933,0.7473473851545828,0.7215515666795757,0.7407767176628113,525628000,0.0,0.0
2016-02-22,0.7514844853366293,0.7755767604090671,0.7500243369042366,0.7670592665672302,449668000,0.0,0.0
2016-02-23,0.7609753749038048,0.7763068170555798,0.75732500390544,0.7690061330795288,369380000,0.0,0.0
2016-02-24,0.7658422110176967,0.7755764526770703,0.7446701831899677,0.7743596434593201,336852000,0.0,0.0
2016-02-25,0.7772801922395102,0.7799570921612109,0.7621920895466935,0.7760633826255798,349616000,0.0,0.0
2016-02-26,0.7797136515833616,0.7816604770865021,0.7631654027239947,0.7709528207778931,361964000,0.0,0.0
2016-02-29,0.77205200877108,0.7820659432274919,0.7654574608869005,0.7659459114074707,323344000,0.002875,0.0
2016-03-01,0.7678996374419066,0.7998954653739929,0.7666783950751357,0.7998954653739929,348700000,0.0,0.0
2016-03-02,0.7954993669327426,0.8074672788362631,0.7940338988250358,0.8045363426208496,233812000,0.0,0.0
2016-03-03,0.8035595034633818,0.8069788907380161,0.7867067341685916,0.7974534630775452,302004000,0.0,0.0
2016-03-04,0.803559391333009,0.8042921253941937,0.7889048265734434,0.7950109243392944,175304000,0.0,0.0
2016-03-07,0.7906143805651318,0.7959877433223265,0.7796234298174324,0.7898816466331482,239968000,0.0,0.0
2016-03-08,0.7818217118680247,0.7864623411696002,0.773028962013693,0.7754713892936707,274940000,0.0,0.0
2016-03-09,0.7823102109794032,0.7835313954883182,0.7649689367427503,0.7749829292297363,222788000,0.0,0.0
2016-03-10,0.7796235034403017,0.7840199074473724,0.7581301668459314,0.7737616896629333,286084000,0.0,0.0
2016-03-11,0.7852411332961696,0.7871951101461887,0.7759599325127816,0.7869508266448975,277400000,0.0,0.0
2016-03-14,0.7832869015159379,0.792079648245481,0.7796232327819453,0.7889044880867004,190312000,0.0,0.0
2016-03-15,0.7847528802677529,0.7898819616048458,0.7710752718034283,0.7849971055984497,226216000,0.0,0.0
2016-03-16,0.7791350740334078,0.8111309127673791,0.775471403928271,0.8084442019462585,363644000,0.0,0.0
2016-03-17,0.8055133585633043,0.8094211958665912,0.7906145104742858,0.8016054630279541,353680000,0.0,0.0
2016-03-18,0.8111307773684358,0.8365320056730315,0.8060016400774316,0.8257853388786316,545512000,0.0,0.0
2016-03-21,0.8184579330181874,0.8284718643831934,0.8096651858096746,0.8282276391983032,337780000,0.0,0.0
2016-03-22,0.8255410747209383,0.8326240716877042,0.816504043140357,0.8267622590065002,242012000,0.0,0.0
2016-03-23,0.8304261111459487,0.847034593771066,0.8267624410186074,0.8409285545349121,429008000,0.0,0.0
2016-03-24,0.8333568665068147,0.8436150831232838,0.8306702142964275,0.8421496152877808,244956000,0.0,0.0
2016-03-28,0.8406841812555543,0.8543617845501282,0.8397072220699536,0.8506981730461121,265388000,0.0,0.0
2016-03-29,0.8470343803690377,0.866329568970325,0.8450804622814336,0.864375650882721,261812000,0.0,0.0
2016-03-30,0.8675507967051047,0.88538051732165,0.8670622880754826,0.8734126091003418,376700000,0.0,0.0
2016-03-31,0.8773205847878239,0.8792745030233917,0.8633987572212632,0.8702375292778015,379884000,0.0,0.0
2016-04-01,0.8648641413984215,0.8834266552517663,0.8582695947568644,0.8829381465911865,348292000,0.0,0.0
2016-04-04,0.8902655738314971,0.8949062030596514,0.8709703811553321,0.8743897676467896,393940000,0.0,0.0
2016-04-05,0.8665740990764103,0.8812286636010149,0.8631546541016855,0.8731686472892761,339568000,0.0,0.0
2016-04-06,0.8621776314401141,0.8748782763878801,0.8458133747463747,0.8743897676467896,453376000,0.0,0.0
2016-04-07,0.8687721361466523,0.8765879262247078,0.8616891382599738,0.8653527498245239,378104000,0.0,0.0
2016-04-08,0.8724357169451739,0.8780533045722098,0.8624217260106924,0.8709702491760254,255936000,0.0,0.0
2016-04-11,0.8760994436300551,0.8907540650213732,0.8734127911871413,0.8763437271118164,387524000,0.0,0.0
2016-04-12,0.8792745243405354,0.8804957669414113,0.8582696407547097,0.8753666877746582,292764000,0.0,0.0
2016-04-13,0.879274517126818,0.8975927483653042,0.879274517126818,0.8973485231399536,350716000,0.0,0.0
2016-04-14,0.8949061480909366,0.903698897266069,0.8912424783379419,0.8997910022735596,416564000,0.0,0.0
2016-04-15,0.8995468384611527,0.9149341360103685,0.8966159024586128,0.9068741202354431,436972000,0.0,0.0
2016-04-18,0.9051642240004267,0.9051642240004267,0.8941732746876148,0.9029660224914551,307320000,0.0,0.0
2016-04-19,0.9063857853573648,0.9080954789427865,0.8812287739500481,0.8868463635444641,309152000,0.0,0.0
2016-04-20,0.8853807294535838,0.8956389472770907,0.8844037701923116,0.8902655839920044,200172000,0.0,0.0
2016-04-21,0.8905097290634602,0.8946619074560886,0.8853806497295839,0.8892885446548462,178280000,0.0,0.0
2016-04-22,0.8922195873382844,0.8983256265772646,0.8829383284994315,0.8858692646026611,223540000,0.0,0.0
2016-04-25,0.8861134634575528,0.8951504385304249,0.8836710361883425,0.8902655839920044,191972000,0.0,0.0
2016-04-26,0.8956389930129645,0.9058972113603081,0.8870904680181678,0.890998363494873,214536000,0.0,0.0
2016-04-27,0.8887999118033246,0.9117587694452945,0.8870902189308448,0.911270260810852,352396000,0.0,0.0
2016-04-28,0.9056529617828823,0.9110263255436382,0.8819614209974885,0.8841595649719238,381224000,0.0,0.0
2016-04-29,0.8804958740381973,0.8824497925587956,0.8582697451480793,0.8677952289581299,321904000,0.0,0.0
2016-05-02,0.8760995049128765,0.8846480298031066,0.8719473842171859,0.8792746663093567,256076000,0.0,0.0
2016-05-03,0.8692606578101738,0.872924269429289,0.861200642369652,0.8687721490859985,224024000,0.0,0.0
2016-05-04,0.8582696729556277,0.8590024068972337,0.8401957243481563,0.8489884734153748,525764000,0.0,0.0
2016-05-05,0.8560717281635831,0.8641317451609279,0.847767427640938,0.854117751121521,246884000,0.0,0.0
2016-05-06,0.8526519952147377,0.8651084126798984,0.850942302274823,0.8629102110862732,183240000,0.0,0.0
2016-05-09,0.8651086563857833,0.8687722685085032,0.8546062123448201,0.8616892695426941,333336000,0.0,0.0
2016-05-10,0.8670625093171517,0.8797631546075961,0.8587582681189659,0.8782976865768433,269676000,0.0,0.0
2016-05-11,0.8809843895968128,0.8905098152484617,0.8760994767934243,0.8807401061058044,328176000,0.0,0.0
2016-05-12,0.8870903818777455,0.8909982769749768,0.8531406269291302,0.8687721490859985,670540000,0.0,0.0
2016-05-13,0.9571879077948917,1.0013958715093194,0.9525473378607052,1.0009074211120605,2110256000,0.0,0.0
2016-05-16,0.9933366126742931,1.0453604628409552,0.9901614497504712,1.0304615497589111,973032000,0.0,0.0
2016-05-17,1.0258201657377153,1.0399862758134788,1.0126310729466608,1.0326590538024902,628392000,0.0,0.0
2016-05-18,1.0258205977581534,1.0710056571998385,1.0258205977581534,1.059037685394287,541072000,0.0,0.0
2016-05-19,1.054885100494956,1.0712494709501446,1.0534197492098718,1.0636779069900513,398880000,0.0,0.0
2016-05-20,1.0702722095486148,1.087125026588799,1.0685625169751551,1.082728624343872,391084000,0.0,0.0
2016-05-23,1.0873693783551137,1.09152143946093,1.0778438972807085,1.084438443183899,413636000,0.0,0.0
2016-05-24,1.087744646711016,1.1141914560474833,1.0848060993662347,1.1107630729675293,415788000,0.002875,0.0
2016-05-25,1.1141911598537213,1.1188437223518084,1.0972945754962564,1.1061102151870728,458076000,0.0,0.0
2016-05-26,1.1080691740629889,1.1259451955609836,1.1048857681756803,1.1178642511367798,309964000,0.0,0.0
2016-05-27,1.1190889428671327,1.1257006156954985,1.1154157004773841,1.1239864826202393,277416000,0.0,0.0
2016-05-31,1.1288842311764795,1.146515400902109,1.128149535856014,1.144066572189331,412524000,0.0,0.0
2016-06-01,1.138679047989624,1.1572896514640267,1.135250782001354,1.1462702751159668,387132000,0.0,0.0
2016-06-02,1.1523921251917404,1.164146313591293,1.1411277724865383,1.1543512344360352,329208000,0.0,0.0
2016-06-03,1.1430870922513647,1.1445562493053272,1.1181095540687958,1.138189435005188,461076000,0.0,0.0
2016-06-06,1.141127702605012,1.1499433433648156,1.1264350847718865,1.1323121786117554,322512000,0.0,0.0
2016-06-07,1.1391686804548051,1.1455354930259711,1.1340262818626814,1.1345160007476807,193400000,0.0,0.0
2016-06-08,1.1347607892769926,1.1389237498389673,1.1215374460760112,1.1308428049087524,234616000,0.0,0.0
2016-06-09,1.126924565675914,1.1619419079429854,1.1244757384246866,1.1602277755737305,472168000,0.0,0.0
2016-06-10,1.1465152103448282,1.1568000089893125,1.1298634814586568,1.1313327550888062,400024000,0.0,0.0
2016-06-13,1.1325569812263327,1.1680641683995237,1.1325569812263327,1.145780324935913,475588000,0.0,0.0
2016-06-14,1.1430870834670317,1.1533718833651856,1.1303534549646082,1.1479846239089966,298344000,0.0,0.0
2016-06-15,1.1575344506516034,1.169778239198996,1.1448008264904102,1.159738302230835,301036000,0.0,0.0
2016-06-16,1.1511674614099938,1.166349794237539,1.1399031122906809,1.1643908023834229,246456000,0.0,0.0
2016-06-17,1.1658607040200513,1.166105563538013,1.139413891048317,1.144066572189331,471000000,0.0,0.0
2016-06-20,1.1624318070307271,1.1795731316607978,1.1616971121085717,1.1646356582641602,293768000,0.0,0.0
2016-06-21,1.1695331686338655,1.1727165740994483,1.1558199924873118,1.1575342416763306,212508000,0.0,0.0
2016-06-22,1.1599830833859945,1.167574308839082,1.1545958261299634,1.1565548181533813,202620000,0.0,0.0
2016-06-23,1.1675747381010666,1.1886341728200531,1.166840042843093,1.18740975856781,297880000,0.0,0.0
2016-06-24,1.1386793989521014,1.1597388370613575,1.1092941527670817,1.1198238134384155,1017684000,0.0,0.0
2016-06-27,1.1105178958850996,1.1190886759839729,1.0914174603731381,1.1078243255615234,449088000,0.0,0.0
2016-06-28,1.1288840223733456,1.1301083197367037,1.1085591681763467,1.1239864826202393,381920000,0.0,0.0
2016-06-29,1.1337819129955267,1.1511682253678552,1.130843364880965,1.14235258102417,318932000,0.0,0.0
2016-06-30,1.1443109834991,1.158269021455004,1.1350057416283652,1.151167631149292,430940000,0.0,0.0
2016-07-01,1.1448006897316487,1.1597381636876314,1.1386787378060181,1.14259672164917,218488000,0.0,0.0
2016-07-05,1.1362302831709488,1.1614526773330751,1.1271698987731467,1.1594936847686768,371084000,0.0,0.0
2016-07-06,1.1514124062509121,1.1736962467574397,1.1455353134858641,1.166839599609375,273104000,0.0,0.0
2016-07-07,1.1746757690988994,1.2013674311043825,1.1692885115200595,1.1972044706344604,395400000,0.0,0.0
2016-07-08,1.2099381865169005,1.2510776084283262,1.2052855068503379,1.245200514793396,481932000,0.0,0.0
2016-07-11,1.2630762872167758,1.2831561585324525,1.2616070141001994,1.273850917816162,448776000,0.0,0.0
2016-07-12,1.2880539260915713,1.3047055338471745,1.2718919203956236,1.2929514646530151,436760000,0.0,0.0
2016-07-13,1.2954000607026075,1.3027464262767225,1.2905025225753706,1.2924615144729614,324604000,0.0,0.0
2016-07-14,1.2993183479446817,1.3174392299423352,1.2885437158101007,1.305685043334961,316892000,0.0,0.0
2016-07-15,1.2890337513680217,1.2963801198025717,1.2694435912313082,1.2905030250549316,428616000,0.0,0.0
2016-07-18,1.3064197310095707,1.308378723177567,1.2922168334501591,1.297114372253418,252992000,0.0,0.0
2016-07-19,1.2963798587273598,1.3157251554814406,1.2939310308201526,1.3105827569961548,382652000,0.0,0.0
2016-07-20,1.3149904741483565,1.3348256067511415,1.3096032161693447,1.3277240991592407,296460000,0.0,0.0
2016-07-21,1.3247857557276939,1.3289487171459435,1.2988287828410647,1.3032366037368774,361308000,0.0,0.0
2016-07-22,1.3078890600157975,1.3387435674667358,1.2983388414278236,1.3387435674667358,315768000,0.0,0.0
2016-07-25,1.3468243119645538,1.3666593244914218,1.3409472193196195,1.3634759187698364,312528000,0.0,0.0
2016-07-26,1.3754754959582776,1.3938412424339988,1.3735165032404058,1.3867398500442505,514508000,0.0,0.0
2016-07-27,1.3987390915203115,1.401187920533396,1.3644563027032905,1.3727821111679077,446676000,0.0,0.0
2016-07-28,1.3759646450828107,1.3860045807745565,1.3715568257181956,1.3757197856903076,221916000,0.0,0.0
2016-07-29,1.3808629574838376,1.4019223950119115,1.3561303934756515,1.3982492685317993,409588000,0.0,0.0
2016-08-01,1.404125883510801,1.4092682821754088,1.380127906309419,1.389188289642334,301120000,0.0,0.0
2016-08-02,1.3958000658657461,1.3965347610249477,1.3590685773691904,1.372291922569275,282748000,0.0,0.0
2016-08-03,1.3705775033927214,1.378658447857406,1.3629862777542208,1.3759647607803345,299828000,0.0,0.0
2016-08-04,1.382576578557611,1.4077989690442192,1.3798830079615418,1.4014321565628052,272712000,0.0,0.0
2016-08-05,1.4175940960567406,1.4259199011039934,1.4107375644609497,1.4251853227615356,371588000,0.0,0.0
2016-08-08,1.444775305930461,1.4482035713158838,1.423226042412757,1.4384084939956665,305064000,0.0,0.0
2016-08-09,1.4455101943742628,1.4560399689746568,1.4384088026615152,1.4420819282531738,372344000,0.0,0.0
2016-08-10,1.45481543639942,1.4570192882216588,1.4281237712491819,1.4327764511108398,375740000,0.0,0.0
2016-08-11,1.4403674201309584,1.468038518131436,1.4374288737161858,1.4619165658950806,681064000,0.0,0.0
2016-08-12,1.5157896248541591,1.552031386389438,1.4846902612272814,1.5437055826187134,1425744000,0.0,0.0
2016-08-15,1.5454198534813457,1.554970071922514,1.5214218776625028,1.5422364473342896,573304000,0.0,0.0
2016-08-16,1.5400329585010823,1.5424816701629638,1.5282788856376055,1.5329315662384033,287652000,0.0,0.0
2016-08-17,1.532930824046637,1.5363590887733645,1.4854246030813933,1.497423529624939,595212000,0.0,0.0
2016-08-18,1.495220326230558,1.5231362916456952,1.4893432317151352,1.5206875801086426,331684000,0.0,0.0
2016-08-19,1.5199533077980738,1.5361152054455502,1.5133416330119784,1.5246059894561768,291560000,0.0,0.0
2016-08-22,1.5292579903263293,1.533176091604665,1.5111371076178306,1.5309721231460571,244748000,0.0,0.0
2016-08-23,1.5465501011379095,1.5534192659103248,1.5389448875789131,1.5433608293533325,339764000,0.002875,0.0
2016-08-24,1.5487588259563092,1.5494947580916576,1.5124501500324086,1.5195646286010742,298448000,0.0,0.0
2016-08-25,1.5200550452036072,1.5207909771831551,1.4906156603507863,1.5095058679580688,406032000,0.0,0.0
2016-08-26,1.513431118481998,1.5303587230348767,1.5014099608594305,1.5217722654342651,300024000,0.0,0.0
2016-08-29,1.5279054086405326,1.5340385254292814,1.5183375920342348,1.5207908153533936,274652000,0.0,0.0
2016-08-30,1.518828600980638,1.5269244388692103,1.5077888007722695,1.511959433555603,285544000,0.0,0.0
2016-08-31,1.5149034618066144,1.519073977789722,1.5004290772557782,1.5048449039459229,388544000,0.0,0.0
2016-09-01,1.5060713360989213,1.5548916685247316,1.5048446657761405,1.5492491722106934,428492000,0.0,0.0
2016-09-02,1.5524384865099297,1.5541557782152062,1.516620554392193,1.534038782119751,323148000,0.0,0.0
2016-09-06,1.5394359756160798,1.5485130548477173,1.5315854496713424,1.5485130548477173,306812000,0.0,0.0
2016-09-07,1.5436064338385684,1.5512116488455037,1.5168657014626943,1.5256974697113037,397988000,0.0,0.0
2016-09-08,1.5242254252016365,1.5391905439423634,1.506807200079981,1.5367372035980225,315808000,0.0,0.0
2016-09-09,1.51981001335739,1.5283964729359114,1.447438091247742,1.4601951837539673,697760000,0.0,0.0
2016-09-12,1.4408140094896926,1.4933142355524662,1.4062226319043274,1.490370273590088,598260000,0.0,0.0
2016-09-13,1.4866904374075942,1.5038634715344108,1.4604403233560075,1.4687814712524414,471768000,0.0,0.0
2016-09-14,1.4722160486627207,1.4866904313296807,1.4599496960351916,1.4817838668823242,319048000,0.0,0.0
2016-09-15,1.4842373224133916,1.5396815166557023,1.4808026217509915,1.5379642248153687,515212000,0.0,0.0
2016-09-16,1.5433611495052681,1.5517022965994283,1.523980204175829,1.5416438579559326,902444000,0.0,0.0
2016-09-19,1.55783548400085,1.6010133160519842,1.5507210073648963,1.5620061159133911,417128000,0.0,0.0
2016-09-20,1.5799147260172755,1.5799147260172755,1.5391902435004123,1.547776699066162,331112000,0.0,0.0
2016-09-21,1.5524383419368524,1.5941441942926042,1.552193031284904,1.5912002325057983,336212000,0.0,0.0
2016-09-22,1.6005229782774515,1.6054295429945646,1.5860485948147087,1.595125675201416,308732000,0.0,0.0
2016-09-23,1.5970882378797058,1.601749374468886,1.5862937497691125,1.593408226966858,276132000,0.0,0.0
2016-09-26,1.5752543729745203,1.5848221933438669,1.5585720735015955,1.5784436464309692,230040000,0.0,0.0
2016-09-27,1.57230962886849,1.6348683962751867,1.5715736970435403,1.6324150562286377,402752000,0.0,0.0
2016-09-28,1.6348686967656143,1.6395299501254468,1.6174503535750222,1.638303279876709,319788000,0.0,0.0
2016-09-29,1.6356048225571933,1.658665781435846,1.620394507408136,1.653513789176941,336684000,0.0,0.0
2016-09-30,1.6625912267447558,1.697427922292051,1.6527780961362843,1.6809909343719482,429932000,0.0,0.0
2016-10-03,1.680990417761569,1.7052779261006392,1.676329164607803,1.679273009300232,242596000,0.0,0.0
2016-10-04,1.6817269700407853,1.7099396930312767,1.6630819505479897,1.6755937337875366,281624000,0.0,0.0
2016-10-05,1.6898225311864663,1.7069955664744723,1.668724290851807,1.673876166343689,305440000,0.0,0.0
2016-10-06,1.6537590844911927,1.6640628342209414,1.6255462525932283,1.6520417928695679,360212000,0.0,0.0
2016-10-07,1.6630813277073662,1.6674972701937008,1.6353592365651752,1.640020489692688,286260000,0.0,0.0
2016-10-10,1.6486073893195703,1.6574392766615975,1.6306984209102662,1.6461541652679443,287876000,0.0,0.0
2016-10-11,1.6407563530010616,1.6432095761170529,1.6098448760750308,1.622356653213501,388540000,0.0,0.0
2016-10-12,1.615733230837659,1.638303451053119,1.6022402076368807,1.6297169923782349,419920000,0.0,0.0
2016-10-13,1.6105810820844753,1.6142609756084552,1.5627419983459125,1.6032211780548096,390116000,0.0,0.0
2016-10-14,1.6228476767514617,1.6338874759644741,1.6093546538142929,1.618922472000122,330636000,0.0,0.0
2016-10-17,1.618677144673341,1.6338874591554564,1.6073920349021837,1.6095999479293823,195328000,0.0,0.0
2016-10-18,1.6319245917945362,1.6434550103650083,1.6253007368068546,1.6341325044631958,269372000,0.0,0.0
2016-10-19,1.6230934611683359,1.6383037791502055,1.6147521945202872,1.630698561668396,199060000,0.0,0.0
2016-10-20,1.6498335627705234,1.66700659388493,1.6265274148839821,1.6616092920303345,312084000,0.0,0.0
2016-10-21,1.6557218959858333,1.6598924117445835,1.6412475122136623,1.6569485664367676,279508000,0.0,0.0
2016-10-24,1.668233615669596,1.7366802099582062,1.667988188003079,1.734717607498169,339836000,0.0,0.0
2016-10-25,1.7317733827640787,1.7737245450276746,1.723432235837221,1.763175368309021,397460000,0.0,0.0
2016-10-26,1.7484562020239074,1.7896714447297752,1.746738909992975,1.770290493965149,333792000,0.0,0.0
2016-10-27,1.7837835515177418,1.7872181356412717,1.726867368790285,1.7339818477630615,388664000,0.0,0.0
2016-10-28,1.742322846459232,1.7688182724711374,1.7278484630315387,1.7310377359390259,290856000,0.0,0.0
2016-10-31,1.7366801444994757,1.757287762007447,1.7356987848155823,1.7457573413848877,252388000,0.0,0.0
2016-11-01,1.7521356880111558,1.7617035051617198,1.675347840158945,1.6939928531646729,473224000,0.0,0.0
2016-11-02,1.7069951975619189,1.7300560354360406,1.6839342427060904,1.6868782043457031,295848000,0.0,0.0
2016-11-03,1.6947284824477808,1.6962004630528118,1.63486836677605,1.667251706123352,309664000,0.0,0.0
2016-11-04,1.6562125833870094,1.6861427118814036,1.6333970502062212,1.657684564590454,328780000,0.0,0.0
2016-11-07,1.7062595205352458,1.7594958013455235,1.7050328500877736,1.7484560012817383,487580000,0.0,0.0
2016-11-08,1.7550797319641176,1.7607223454284882,1.729565666981851,1.7457573413848877,429884000,0.0,0.0
2016-11-09,1.6984089253933108,1.739378851032464,1.6858972616719603,1.716317892074585,456532000,0.0,0.0
2016-11-10,1.7538532220515357,1.7540985327331575,1.637812846960078,1.6625909805297852,869280000,0.0,0.0
2016-11-11,1.950606029209563,2.1777800243129635,1.9258277866770952,2.158153772354126,2175344000,0.0,0.0
2016-11-14,2.16109766516624,2.1635510050743147,2.051435991665063,2.051926612854004,1348796000,0.0,0.0
2016-11-15,2.067873676564612,2.1453974703634193,2.059041789761802,2.1144862174987793,626092000,0.0,0.0
2016-11-16,2.142698486397832,2.2707597653456815,2.1184109782563345,2.2479443550109863,987984000,0.0,0.0
2016-11-17,2.2646271604578883,2.325468658380084,2.223902543391246,2.266589879989624,832988000,0.0,0.0
2016-11-18,2.2665897855387107,2.314183334074491,2.2521154022402903,2.29038667678833,576060000,0.0,0.0
2016-11-21,2.308295506707171,2.3146740520867572,2.2668348447581383,2.281064033508301,436436000,0.0,0.0
2016-11-22,2.288914153036366,2.2997085230949827,2.266343936394957,2.2975006103515625,330368000,0.0,0.0
2016-11-23,2.302660547062721,2.340251967502893,2.279319619094938,2.308803081512451,443236000,0.0035,0.0
2016-11-25,2.3198591734630005,2.3365664437037506,2.295043711709819,2.3134710788726807,195564000,0.0,0.0
2016-11-28,2.306346482782881,2.327721991024473,2.2997125912460827,2.3122432231903076,278736000,0.0,0.0
2016-11-29,2.309539313785562,2.320350077487929,2.2734222060417766,2.291112184524536,444568000,0.0,0.0
2016-11-30,2.299712313547272,2.3134714509410585,2.2628580419218047,2.265315055847168,440500000,0.0,0.0
2016-12-01,2.2628589716151466,2.264578835206756,2.082763947678829,2.1532785892486572,1035524000,0.0,0.0
2016-12-02,2.119125549683519,2.181777985357023,2.0913619544058215,2.1731786727905273,478292000,0.0,0.0
2016-12-05,2.2110159592378062,2.275388266483678,2.1866920855636254,2.2574524879455566,602284000,0.0,0.0
2016-12-06,2.2655599875930004,2.302905839085036,2.249835430876021,2.2945520877838135,498796000,0.0,0.0
2016-12-07,2.281038983251452,2.341479962554001,2.2628574132938972,2.335829019546509,480804000,0.0,0.0
2016-12-08,2.3387784762408588,2.3739128915604018,2.28619963368668,2.296764373779297,381544000,0.0,0.0
2016-12-09,2.314453911937107,2.3161737746357076,2.2287061034710387,2.2559783458709717,382312000,0.0,0.0
2016-12-12,2.2075766606720535,2.2100336748873532,2.1508209444557527,2.201188564300537,601332000,0.0,0.0
2016-12-13,2.2134732584499828,2.267526396135093,2.212490546552688,2.2400083541870117,387796000,0.0,0.0
2016-12-14,2.2736682631540224,2.3859513941350627,2.249835746838614,2.3697354793548584,983980000,0.0,0.0
2016-12-15,2.3807920549863812,2.4554837836165118,2.373421247039793,2.4252631664276123,746548000,0.0,0.0
2016-12-16,2.4527807475290047,2.4741562526166447,2.4011846280476785,2.467031240463257,1089528000,0.0,0.0
2016-12-19,2.449586231202775,2.5171524559866914,2.432387372612536,2.4970054626464844,744656000,0.0,0.0
2016-12-20,2.5694864134396744,2.607569192267661,2.558184289900072,2.583982467651367,848056000,0.0,0.0
2016-12-21,2.5955300363363123,2.6031466386252524,2.5481107940972105,2.600198268890381,576136000,0.0,0.0
2016-12-22,2.624521864357683,2.674889470975211,2.617396618730014,2.6316471099853516,718612000,0.0,0.0
2016-12-23,2.6137109238924974,2.6987218069570846,2.6110083497340804,2.6972475051879883,647692000,0.0,0.0
2016-12-27,2.753266816563446,2.8834855060920033,2.7326282280158845,2.882502794265747,1194272000,0.0,0.0
2016-12-28,2.9385208312905235,2.946628788205587,2.6704668972673207,2.6842257976531982,2295764000,0.0,0.0
2016-12-29,2.577348200379878,2.739261786997318,2.525752086728094,2.7377874851226807,2175368000,0.0,0.0
2016-12-30,2.7358220515446496,2.7498267477331186,2.611745677883113,2.622556209564209,1212932000,0.0,0.0
2017-01-03,2.5650635400069537,2.6134657267218895,2.4417243084924958,2.5063424110412598,1501996000,0.0,0.0
2017-01-04,2.5404937962176275,2.592089907073034,2.4945486288434027,2.5648176670074463,1199220000,0.0,0.0
2017-01-05,2.568257350151927,2.5999520264565144,2.4827551111789004,2.4997081756591797,984296000,0.0,0.0
2017-01-06,2.526980006991181,2.5613774862130714,2.486440229553866,2.5331225395202637,822856000,0.0,0.0
2017-01-09,2.5429509108691843,2.6535139430126904,2.5429509108691843,2.6358237266540527,916248000,0.0,0.0
2017-01-10,2.648845876350075,2.6827517750167607,2.5952841023977884,2.615922689437866,880920000,0.0,0.0
2017-01-11,2.6043752470447896,2.6092890405852636,2.558921426648245,2.5837366580963135,525664000,0.0,0.0
2017-01-12,2.5608872868868837,2.572434972079729,2.496760530482186,2.5414772033691406,625616000,0.0,0.0
2017-01-13,2.5454073198034113,2.5798048015097983,2.532139776621412,2.5412306785583496,457820000,0.0,0.0
2017-01-17,2.5306668185709897,2.535580612789395,2.4709627309248807,2.4842302799224854,580612000,0.0,0.0
2017-01-18,2.4628535577916373,2.5363165142288784,2.43508996634316,2.5294370651245117,654424000,0.0,0.0
2017-01-19,2.5323863323139486,2.615677136207501,2.5301751135050483,2.5837366580963135,644872000,0.0,0.0
2017-01-20,2.6063406415777073,2.6240308604784963,2.533614810933331,2.5554816722869873,492024000,0.0,0.0
2017-01-23,2.5503217890710843,2.6019179034340203,2.547864775455298,2.5820164680480957,369904000,0.0,0.0
2017-01-24,2.5920903076557584,2.643195070581905,2.577348458998703,2.637052536010742,428052000,0.0,0.0
2017-01-25,2.6793120595392805,2.6854545938119423,2.612482973711536,2.6483545303344727,522760000,0.0,0.0
2017-01-26,2.6510566167460743,2.7014242169402123,2.621573160606604,2.6940534114837646,458800000,0.0,0.0
2017-01-27,2.700933411559871,2.7490898033619673,2.6743983190582767,2.7461414337158203,471996000,0.0,0.0
2017-01-30,2.725257445228101,2.7274686640139563,2.651303107577325,2.7031447887420654,496004000,0.0,0.0
2017-01-31,2.676855616489389,2.703882067743787,2.6584282456697395,2.682506561279297,362756000,0.0,0.0
2017-02-01,2.7169036785816414,2.803880002039796,2.699213694066398,2.799703359603882,590004000,0.0,0.0
2017-02-02,2.7837324545236743,2.8436823163113707,2.7532662849684155,2.835082769393921,483240000,0.0,0.0
2017-02-03,2.8365572161306716,2.847613542704469,2.798474443661873,2.810267686843872,372744000,0.0,0.0
2017-02-06,2.8009323015692758,2.8827490559990308,2.8009323015692758,2.8822576999664307,506768000,0.0,0.0
2017-02-07,2.916408846953337,2.970953339478417,2.896753203524412,2.926973819732666,746224000,0.0,0.0
2017-02-08,2.9090373804205716,2.9313955936054192,2.859406692835975,2.9141969680786133,449580000,0.0,0.0
2017-02-09,2.920339771583535,2.925253799333136,2.8402431343632077,2.8594071865081787,842568000,0.0,0.0
2017-02-10,2.9466293833349284,2.965547875186469,2.7665344322816066,2.791595458984375,1651092000,0.0,0.0
2017-02-13,2.7859443038998113,2.8004403582335176,2.6584281847875246,2.662850856781006,1180724000,0.0,0.0
2017-02-14,2.653268389863246,2.706338809464525,2.611500093018377,2.6726784706115723,850632000,0.0,0.0
2017-02-15,2.6756268787262303,2.6977393000380108,2.647617483692082,2.678083658218384,373020000,0.0,0.0
2017-02-16,2.6876651123736623,2.688893618908208,2.5960205868567963,2.6350862979888916,647176000,0.0,0.0
2017-02-17,2.6215738804814395,2.6390183044923634,2.574645992234992,2.6345956325531006,563740000,0.0,0.0
2017-02-21,2.65916494600546,2.732873713849054,2.6589191509198424,2.728942632675171,551952000,0.0,0.0
2017-02-22,2.740997392528268,2.750345641660544,2.705818405612707,2.7247610092163086,433772000,0.0035,0.0
2017-02-23,2.595361181442254,2.6172556352373433,2.452185863332219,2.4721121788024902,1592888000,0.0,0.0
2017-02-24,2.3879777467704186,2.509258588314335,2.354274938573093,2.49597430229187,1029904000,0.0,0.0
2017-02-27,2.5141797884062544,2.5835533349811732,2.498435382501932,2.568547010421753,715400000,0.0,0.0
2017-02-28,2.578140748695995,2.587981206216109,2.4792465436349347,2.496466875076294,625360000,0.0,0.0
2017-03-01,2.553295318806084,2.567563800755658,2.4873658199651905,2.5286948680877686,504804000,0.0,0.0
2017-03-02,2.5159015213459726,2.5299238921772216,2.4327514829039636,2.435457468032837,754332000,0.0,0.0
2017-03-03,2.4248789450449957,2.4297989384152845,2.3670674393307665,2.4214348793029785,864692000,0.0,0.0
2017-03-06,2.385272372570663,2.413317113908869,2.341237356713993,2.4027388095855713,883568000,0.0,0.0
2017-03-07,2.4027389378502355,2.448495989322442,2.3899466237088065,2.4290614128112793,603400000,0.0,0.0
2017-03-08,2.4772786898509334,2.4920391432176756,2.4224194936075554,2.424633502960205,638712000,0.0,0.0
2017-03-09,2.4086416863359736,2.4465263956293968,2.3960952503464163,2.424139976501465,478060000,0.0,0.0
2017-03-10,2.450464273477294,2.4622724017336433,2.420205519590769,2.4384098052978516,499740000,0.0,0.0
2017-03-13,2.4487421249550625,2.515409681730081,2.4480040436582966,2.5055694580078125,774136000,0.0,0.0
2017-03-14,2.518361228224081,2.527709239322605,2.471619999684516,2.5038468837738037,522016000,0.0,0.0
2017-03-15,2.515409370077038,2.5336136526725763,2.467930056024989,2.522789478302002,615036000,0.0,0.0
2017-03-16,2.5333682210489514,2.55427872681803,2.5193458487648233,2.553786516189575,523100000,0.0,0.0
2017-03-17,2.571252515498846,2.610613640210726,2.553786079459228,2.6093835830688477,1119688000,0.0,0.0
2017-03-20,2.62685012812746,2.69646976990313,2.6108596192288154,2.692533493041992,748568000,0.0,0.0
2017-03-21,2.6753127912979444,2.7050795612626053,2.597574970495359,2.6054470539093018,913484000,0.0,0.0
2017-03-22,2.594378091474322,2.6632599120331615,2.5904420477705474,2.658585786819458,616764000,0.0,0.0
2017-03-23,2.6507128047821245,2.670639358321993,2.6248823044614147,2.63447642326355,533940000,0.0,0.0
2017-03-24,2.6807251089111097,2.688597192658748,2.6179936057511357,2.6438241004943848,439500000,0.0,0.0
2017-03-27,2.5973289129382024,2.6669485463568803,2.5481278041741775,2.6630125045776367,506644000,0.0,0.0
2017-03-28,2.664243481673808,2.678757831367182,2.6389049546972214,2.6492371559143066,432444000,0.0,0.0
2017-03-29,2.6566171847505906,2.6689175244648866,2.638412897814142,2.640626907348633,349992000,0.0,0.0
2017-03-30,2.6477606859816043,2.706064183330034,2.6421026099632385,2.6913037300109863,525532000,0.0,0.0
2017-03-31,2.681709998365788,2.703358588155148,2.666703672181048,2.679741859436035,440808000,0.0,0.0
2017-04-03,2.6802339786178773,2.697454313879732,2.6425948771592234,2.6662116050720215,445232000,0.0,0.0
2017-04-04,2.543699671199006,2.5687923176445575,2.468421966471733,2.479246139526367,1271280000,0.0,0.0
2017-04-05,2.4605500125045445,2.5183615265136807,2.4477576994531915,2.4607961177825928,747048000,0.0,0.0
2017-04-06,2.465962207415338,2.490808752195363,2.420943006635033,2.4787545204162598,635120000,0.0,0.0
2017-04-07,2.4851508263648068,2.5026172638052584,2.453170041939292,2.4681763648986816,429068000,0.0,0.0
2017-04-10,2.4689145162717248,2.4755565440278815,2.4010169030886455,2.4051990509033203,756332000,0.0,0.0
2017-04-11,2.375185312039046,2.432996810067485,2.370265319322849,2.4138083457946777,618148000,0.0,0.0
2017-04-12,2.413808823867799,2.4280770636409903,2.3887161756782853,2.3938822746276855,414092000,0.0,0.0
2017-04-13,2.3697742841750764,2.391422636094446,2.349109649658203,2.349109649658203,506892000,0.0,0.0
2017-04-17,2.3619013961879647,2.4413612499726245,2.356735297453611,2.441115379333496,497292000,0.0,0.0
2017-04-18,2.4268475002838685,2.448742192220133,2.4010170002819105,2.442591905593872,370116000,0.0,0.0
2017-04-19,2.4600581925002243,2.484166657681701,2.445543845410722,2.452186107635498,380828000,0.0,0.0
2017-04-20,2.4667013857560725,2.495730090891663,2.445544768456447,2.491055965423584,404016000,0.0,0.0
2017-04-21,2.4807227232754077,2.504093343038812,2.4689145953497746,2.501387357711792,341896000,0.0,0.0
2017-04-24,2.532875837423823,2.5456681514819954,2.511965567692377,2.53262996673584,371820000,0.0,0.0
2017-04-25,2.547144254700409,2.591179271595199,2.5257417748727944,2.576664924621582,388440000,0.0,0.0
2017-04-26,2.590195513857343,2.5926553939114743,2.556984669727375,2.558952808380127,327004000,0.0,0.0
2017-04-27,2.566332903343281,2.6071697273257985,2.5483744886970565,2.5988056659698486,319700000,0.0,0.0
2017-04-28,2.591917565179204,2.5988056985974466,2.56018264886158,2.56584095954895,348248000,0.0,0.0
2017-05-01,2.5766649312045447,2.6285722676432535,2.5695306930406367,2.623405933380127,307732000,0.0,0.0
2017-05-02,2.5965915101706036,2.597821567426102,2.5230355877921697,2.545668125152588,629972000,0.0,0.0
2017-05-03,2.538780222608575,2.5742050771097316,2.5240200034219415,2.5646109580993652,336904000,0.0,0.0
2017-05-04,2.5707607445662517,2.581831025116534,2.546898150251618,2.5547704696655273,209788000,0.0,0.0
2017-05-05,2.5432086269297973,2.5621509953665464,2.52771009087208,2.5550167560577393,228428000,0.0,0.0
2017-05-08,2.566825597589288,2.5683015260264623,2.5168863823507848,2.528202772140503,365240000,0.0,0.0
2017-05-09,2.5338605584763743,2.5813396529192634,2.52549626113195,2.5323843955993652,847672000,0.0,0.0
2017-05-10,2.811600215784396,2.9968426438346047,2.804958188802224,2.983804225921631,2129096000,0.0,0.0
2017-05-11,2.953300571234868,3.2086546969462684,2.94985650398389,3.1119742393493652,1939792000,0.0,0.0
2017-05-12,3.115172578955791,3.188236310634216,3.094262069138831,3.1461691856384277,962620000,0.0,0.0
2017-05-15,3.187251466661219,3.3065642042293364,3.1828232136530166,3.3041040897369385,1087540000,0.0,0.0
2017-05-16,3.355028000953613,3.381104845114287,3.2807344502247195,3.3656063079833984,1120700000,0.0,0.0
2017-05-17,3.2989384674204794,3.31763496489297,3.1378046986034867,3.141986846923828,1271368000,0.0,0.0
2017-05-18,3.1857756888646738,3.282456135528904,3.1255042841786036,3.273599863052368,1156032000,0.0,0.0
2017-05-19,3.3745680800301447,3.4038734765702734,3.3299941914250475,3.349202871322632,1018372000,0.0035,0.0
2017-05-22,3.392792757594743,3.4349039529703456,3.381956944335624,3.4206206798553467,836608000,0.0,0.0
2017-05-23,3.440321006604809,3.442537347676648,3.342061261948861,3.374568223953247,681248000,0.0,0.0
2017-05-24,3.471350876427973,3.474059946987195,3.400426540218226,3.4124937057495117,815996000,0.0,0.0
2017-05-25,3.447708870950609,3.4484477295896454,3.3600385728126874,3.4048588275909424,608228000,0.0,0.0
2017-05-26,3.396732886466445,3.5777375602378814,3.376539212814092,3.4930224418640137,779140000,0.0,0.0
2017-05-30,3.5388274002519786,3.60260998083549,3.5228202814004006,3.567640542984009,989652000,0.0,0.0
2017-05-31,3.6124592061701972,3.6200934507670732,3.498192371372946,3.55483341217041,887316000,0.0,0.0
2017-06-01,3.570595275863366,3.5715804990863886,3.509767899387474,3.5550806522369385,503340000,0.0,0.0
2017-06-02,3.5521252264932444,3.5782292953979007,3.5314390629729058,3.5373494625091553,487456000,0.0,0.0
2017-06-05,3.521095992436869,3.6577728665797804,3.5095215578317074,3.6449670791625977,817376000,0.0,0.0
2017-06-06,3.6402886027572285,3.6863402187444705,3.6151697529974345,3.6284680366516113,758728000,0.0,0.0
2017-06-07,3.652847673825219,3.6910186714007622,3.6373330512050077,3.672302484512329,612612000,0.0,0.0
2017-06-08,3.7791811608856847,3.9402384781996225,3.738054966861927,3.938760995864868,1161744000,0.0,0.0
2017-06-09,4.056968592955185,4.149564069233269,3.515431701147838,3.6841232776641846,3692928000,0.0,0.0
2017-06-12,3.5925122421139295,3.7358383517528133,3.4996704154833407,3.693234443664551,1697532000,0.0,0.0
2017-06-13,3.802330788762425,3.8114427536473454,3.586848953879854,3.7284514904022217,1672504000,0.0,0.0
2017-06-14,3.731406762644448,3.7939579908116006,3.6570347337800264,3.7363319396972656,1184640000,0.0,0.0
2017-06-15,3.6191085479523886,3.7826283123882174,3.6077802455834798,3.75233793258667,963824000,0.0,0.0
2017-06-16,3.7619428783927376,3.809718332422443,3.699884154995973,3.7338685989379883,924960000,0.0,0.0
2017-06-19,3.7779501508963578,3.8794114624953737,3.7742563272961287,3.874239921569824,778176000,0.0,0.0
2017-06-20,3.9163507866385032,3.9830885539008505,3.8643890171355855,3.86857533454895,1095444000,0.0,0.0
2017-06-21,3.8961572450890074,3.9308805473789987,3.8343446518377187,3.9271864891052246,682652000,0.0,0.0
2017-06-22,3.935313647144778,3.948612164399356,3.8762101176298605,3.9000978469848633,469132000,0.0,0.0
2017-06-23,3.9077307797386434,3.9234917626132226,3.773270048714448,3.788292407989502,1088588000,0.0,0.0
2017-06-26,3.8210459909616374,3.85650814835203,3.6528471665411004,3.746920347213745,1063960000,0.0,0.0
2017-06-27,3.7294362379549546,3.73805547321653,3.6040874276011583,3.6097514629364014,999492000,0.0,0.0
2017-06-28,3.677228171735523,3.7417496075286203,3.589311500575937,3.7370705604553223,994948000,0.0,0.0
2017-06-29,3.7087504805187193,3.711705445912937,3.5481856179375995,3.6122145652770996,1064424000,0.0,0.0
2017-06-30,3.629451296588654,3.6429959383358193,3.533900650505477,3.560004711151123,731060000,0.0,0.0
2017-07-03,3.572072747785073,3.586848511692932,3.412739265058736,3.431209087371826,709072000,0.0,0.0
2017-07-05,3.4944991131568592,3.551632661051754,3.475536796977167,3.522819757461548,820188000,0.0,0.0
2017-07-06,3.493760637684429,3.580199586980964,3.4417986283599933,3.5334091186523438,746284000,0.0,0.0
2017-07-07,3.5900505192814793,3.6324080744947285,3.5671477770825626,3.6141843795776367,654972000,0.0,0.0
2017-07-10,3.6875709890259074,3.792479758989265,3.6614669200732775,3.7850918769836426,958492000,0.0,0.0
2017-07-11,3.7887859831142303,3.846412027139257,3.7469209264610814,3.838777780532837,757956000,0.0,0.0
2017-07-12,3.898373931530037,4.014118282752321,3.8555238851261895,4.00205135345459,1145208000,0.0,0.0
2017-07-13,4.0141179919748,4.095385396459517,3.9094555892808502,3.9557533264160156,1369132000,0.0,0.0
2017-07-14,3.9720062845434225,4.063616758476926,3.9651108977803093,4.062139511108398,941948000,0.0,0.0
2017-07-17,4.096124522593807,4.124937662792359,3.983335137229177,4.044901371002197,930792000,0.0,0.0
2017-07-18,3.9840742069641557,4.101542880326724,3.9722534067840485,4.087013244628906,776640000,0.0,0.0
2017-07-19,4.096124912992245,4.122475349985745,4.0537675918855784,4.0658345222473145,687044000,0.0,0.0
2017-07-20,4.086274514552628,4.125184140847944,4.036529076132213,4.124938011169434,699596000,0.0,0.0
2017-07-21,4.104497962034511,4.169265765479871,4.090214455601973,4.139713764190674,648332000,0.0,0.0
2017-07-24,4.14685458073541,4.156458802298689,4.081101807441751,4.091691017150879,652524000,0.0,0.0
2017-07-25,4.0687884492316915,4.086273516109263,4.028401115307334,4.071990013122559,496556000,0.0,0.0
2017-07-26,4.1293706976577464,4.184780406725558,4.084304071654176,4.119027614593506,640404000,0.0,0.0
2017-07-27,4.14389944513966,4.1554741135415485,3.880149709281552,3.983088493347168,782856000,0.0,0.0
2017-07-28,3.947380786815406,4.0727298401868905,3.922508302624441,4.048349380493164,513348000,0.0,0.0
2017-07-31,4.061893740624289,4.097848398858005,3.955507483306197,4.00205135345459,559672000,0.0,0.0
2017-08-01,3.9926918179241198,4.0525341834867605,3.9648641456317457,4.05081033706665,431384000,0.0,0.0
2017-08-02,4.081841805076565,4.085781758759467,3.971515116832232,4.048349380493164,478444000,0.0,0.0
2017-08-03,4.047857168416192,4.103513007398751,4.030864826249129,4.099819183349609,442420000,0.0,0.0
2017-08-04,4.122475710805803,4.188228509347416,4.0998195656127026,4.117796897888184,589096000,0.0,0.0
2017-08-07,4.146853896013139,4.244867011179825,4.13724920632278,4.244374752044678,717412000,0.0,0.0
2017-08-08,4.282300929431514,4.298800541001937,4.154735779834138,4.193892002105713,755336000,0.0,0.0
2017-08-09,4.147840284935183,4.24092849162649,4.129124097794025,4.238465785980225,530784000,0.0,0.0
2017-08-10,4.239696441922096,4.252009968811545,4.046871260992244,4.0569682121276855,1328088000,0.0,0.0
2017-08-11,3.869806382252238,3.915611619411367,3.7656364869707755,3.840747117996216,1497196000,0.0,0.0
2017-08-14,3.9321120856232357,4.1507952258742105,3.9205376509805805,4.147101402282715,1279020000,0.0,0.0
2017-08-15,4.152274729576763,4.178378575022983,4.0779026784606405,4.112133502960205,764532000,0.0,0.0
2017-08-16,4.12715470874477,4.150549711145425,4.034805347570884,4.067065715789795,596632000,0.0,0.0
2017-08-17,4.058692581563408,4.0756844523467715,3.974223608105407,3.9764397144317627,525444000,0.0,0.0
2017-08-18,4.030617575933094,4.047609913375762,3.9313726209973603,3.977177858352661,601204000,0.0,0.0
2017-08-21,4.001559151403666,4.012887222171991,3.875471481265143,3.919306516647339,623672000,0.0,0.0
2017-08-22,3.95578477250631,4.012475450989227,3.93655918287551,4.0065598487854,450456000,0.0035,0.0
2017-08-23,3.973287081639714,4.097760191891007,3.9646597855612242,4.086668491363525,579520000,0.0,0.0
2017-08-24,4.118708955384752,4.123146009580043,4.045257796631876,4.071630954742432,469700000,0.0,0.0
2017-08-25,4.095787391581279,4.105893233617583,4.031208917191864,4.0376176834106445,357200000,0.0,0.0
2017-08-28,4.056596161480304,4.069413222104093,4.001137680884426,4.066208839416504,389496000,0.0,0.0
2017-08-29,4.007545872350043,4.081243842851111,3.999411743635115,4.059553146362305,324096000,0.0,0.0
2017-08-30,4.079271709157955,4.094800457781056,4.048954661158865,4.083708763122559,384400000,0.0,0.0
2017-08-31,4.103920107344961,4.180329300780093,4.096525957412655,4.176385879516602,612684000,0.0,0.0
2017-09-01,4.1889578257212285,4.237021694936312,4.180330531382972,4.201528072357178,445432000,0.0,0.0
2017-09-05,4.150258313510386,4.155188059878258,4.031454528879489,4.089377403259277,695364000,0.0,0.0
2017-09-06,4.12216182008233,4.135964740597152,4.052160891648545,4.086914539337158,397672000,0.0,0.0
2017-09-07,4.103674130978046,4.138181420776897,4.0657161121993095,4.105892658233643,352868000,0.0,0.0
2017-09-08,4.094307624484429,4.109096395176757,4.010503807016998,4.034658908843994,498856000,0.0,0.0
2017-09-11,4.0802587974948095,4.176140176089492,4.074835887232931,4.165541172027588,567444000,0.0,0.0
2017-09-12,4.190189479860947,4.190189479860947,4.115505638539201,4.180576801300049,411488000,0.0,0.0
2017-09-13,4.155435255594529,4.22814738394143,4.123146491575563,4.199309349060059,580960000,0.0,0.0
2017-09-14,4.160365144976967,4.253288958659627,4.135963693850091,4.175400733947754,513712000,0.0,0.0
2017-09-15,4.2606841123401855,4.439383506774902,4.255508017239237,4.439383506774902,1364792000,0.0,0.0
2017-09-18,4.563363153660662,4.712731317671001,4.556461694674351,4.622765064239502,1684460000,0.0,0.0
2017-09-19,4.572484294510616,4.679457405929368,4.5505472399796885,4.617836952209473,874280000,0.0,0.0
2017-09-20,4.6215334946293725,4.6688578584568745,4.540440870318855,4.580617427825928,724920000,0.0,0.0
2017-09-21,4.477094514457188,4.503221802536979,4.377762396709948,4.455404281616211,1075600000,0.0,0.0
2017-09-22,4.444067397958585,4.493610296590115,4.4021654696204475,4.41202449798584,491232000,0.0,0.0
2017-09-25,4.381213021505902,4.382445693529425,4.194133651174554,4.214838027954102,874580000,0.0,0.0
2017-09-26,4.349170751522688,4.404136078485692,4.198816728052844,4.238500118255615,1125620000,0.0,0.0
2017-09-27,4.328713015744183,4.344734462812006,4.25797258434237,4.331424236297607,713720000,0.0,0.0
2017-09-28,4.338571619466589,4.342515511785984,4.282866784917443,4.330191612243652,435244000,0.0,0.0
2017-09-29,4.413995395407725,4.430016370605665,4.368889096171666,4.4063544273376465,619092000,0.0,0.0
2017-10-02,4.456391300947017,4.485476163321409,4.362728415905348,4.41202449798584,503480000,0.0,0.0
2017-10-03,4.418184541803863,4.4509669370214695,4.377022140638346,4.421142578125,390332000,0.0,0.0
2017-10-04,4.427304410538956,4.480298015342388,4.390824941005747,4.4581146240234375,427848000,0.0,0.0
2017-10-05,4.482517125076886,4.485967854391558,4.425825967601629,4.455650329589844,437364000,0.0,0.0
2017-10-06,4.428044990047925,4.482024463272777,4.412023543527492,4.468714237213135,318800000,0.0,0.0
2017-10-09,4.505439927804616,4.602553989519968,4.48670726138108,4.569525241851807,563492000,0.0,0.0
2017-10-10,4.718399239271726,4.7558645641129464,4.615616412395926,4.656778812408447,974876000,0.0,0.0
2017-10-11,4.673294869464357,4.707802642384587,4.627449520056826,4.706323623657227,529508000,0.0,0.0
2017-10-12,4.709773595269849,4.759316483515241,4.681428248237344,4.708541393280029,528292000,0.0,0.0
2017-10-13,4.7706543646213495,4.806394332746527,4.72382316858834,4.79628849029541,628728000,0.0,0.0
2017-10-16,4.826112073513968,4.881570554708424,4.763012625127096,4.878612518310547,576640000,0.0,0.0
2017-10-17,4.857908710522161,4.902521847004452,4.839669207739079,4.874176502227783,478596000,0.0,0.0
2017-10-18,4.883048979231887,4.883788018114932,4.764984226779905,4.869985103607178,567316000,0.0,0.0
2017-10-19,4.792589743985433,4.880336971969104,4.743540037389951,4.875407695770264,570772000,0.0,0.0
2017-10-20,4.892416884076737,4.919529559101271,4.844352544001426,4.853226184844971,451620000,0.0,0.0
2017-10-23,4.874914696724625,4.901288323311275,4.826111334769268,4.846323013305664,428696000,0.0,0.0
2017-10-24,4.855443924315561,4.898824859689682,4.829563452981556,4.897099494934082,407244000,0.0,0.0
2017-10-25,4.857661524616627,4.910408782898703,4.711990933628069,4.773364543914795,828160000,0.0,0.0
2017-10-26,4.8009731333893875,4.834987275380595,4.777064366335652,4.8234028816223145,322744000,0.0,0.0
2017-10-27,4.875408002716423,4.9757259491075505,4.849527067942292,4.975479602813721,572192000,0.0,0.0
2017-10-30,4.975481458042875,5.079742864517744,4.95970635695183,5.024284839630127,504056000,0.0,0.0
2017-10-31,5.056080600717276,5.124109338905308,5.050411343315498,5.097489356994629,411908000,0.0,0.0
2017-11-01,5.160095533477373,5.175377470353398,5.043016603009311,5.107101917266846,502576000,0.0,0.0
2017-11-02,5.077524531640426,5.122137671619957,5.019601165528071,5.076045513153076,342308000,0.0,0.0
2017-11-03,5.10710114333277,5.143826961517334,5.06125580977878,5.143826961517334,353640000,0.0,0.0
2017-11-06,5.107102823489382,5.175624735099164,5.0947789213066415,5.166997909545898,389944000,0.0,0.0
2017-11-07,5.189673887263075,5.247597255268565,5.17759633285053,5.2261528968811035,427700000,0.0,0.0
2017-11-08,5.2217174955767,5.22541504275445,5.108089731727542,5.15541410446167,522988000,0.0,0.0
2017-11-09,5.059530203692128,5.085657016917476,4.938754221318985,5.060762405395508,978564000,0.0,0.0
2017-11-10,5.252034061265071,5.389817384082689,5.216294089287601,5.327457427978516,1253256000,0.0,0.0
2017-11-13,5.327456091914961,5.352843397467768,5.225659112995033,5.240941047668457,582376000,0.0,0.0
2017-11-14,5.250061339039426,5.294428131390029,5.206434055911553,5.279146194458008,529292000,0.0,0.0
2017-11-15,5.224180925477437,5.225413597571365,5.121891237634284,5.175623893737793,501948000,0.0,0.0
2017-11-16,5.2495680618630285,5.279638769521863,5.206926639070606,5.215799808502197,441768000,0.0,0.0
2017-11-17,5.2727375737671665,5.307984377038409,5.194602999228636,5.2096381187438965,515664000,0.0,0.0
2017-11-20,5.225166830869757,5.288759453950723,5.188441006223227,5.276681900024414,396100000,0.0,0.0
2017-11-21,5.316364105545761,5.336822132770991,5.284568036161533,5.325237274169922,399176000,0.0,0.0
2017-11-22,5.352369793529708,5.352369793529708,5.26875426113043,5.301312446594238,356640000,0.00375,0.0
2017-11-24,5.317591489358466,5.352369743235232,5.293172615263456,5.351382732391357,180752000,0.0,0.0
2017-11-27,5.3600163013132,5.361249359253092,5.278620363683173,5.281826972961426,422896000,0.0,0.0
2017-11-28,5.287006863868924,5.296379704108994,5.136301867507722,5.197225093841553,512752000,0.0,0.0
2017-11-29,5.179959769477037,5.182672873572862,4.716745348963363,4.8447585105896,1396788000,0.0,0.0
2017-11-30,4.913326694977664,4.999161814661595,4.850430400851518,4.950571060180664,823768000,0.0,0.0
2017-12-01,4.91604035658032,4.936266081069458,4.7473297188750925,4.87583589553833,811548000,0.0,0.0
2017-12-04,4.934292438453037,4.940459139041359,4.550747466791511,4.604024410247803,1240844000,0.0,0.0
2017-12-05,4.498950133747102,4.753002863192906,4.454059488742002,4.63066291809082,981488000,0.0,0.0
2017-12-06,4.580345560606925,4.689859539097982,4.559133296120606,4.668154239654541,467032000,0.0,0.0
2017-12-07,4.734751729494034,4.77520319093777,4.689367564602708,4.735491752624512,542600000,0.0,0.0
2017-12-08,4.785316094161408,4.804308768652199,4.714773487607297,4.7231597900390625,466876000,0.0,0.0
2017-12-11,4.73721600710563,4.804305916274212,4.721430422861921,4.8013458251953125,372748000,0.0,0.0
2017-12-12,4.757936014860618,4.781121360156989,4.683693324144435,4.707125186920166,455016000,0.0,0.0
2017-12-13,4.7480696905522,4.749302748407478,4.584785261955489,4.592185020446777,554280000,0.0,0.0
2017-12-14,4.5857720652052345,4.67012762320997,4.5532138787023335,4.599338054656982,438164000,0.0,0.0
2017-12-15,4.6432415909238465,4.745109277260334,4.578371749960818,4.724883556365967,670036000,0.0,0.0
2017-12-18,4.765336972202031,4.884223831896028,4.735738868901418,4.8812642097473145,477704000,0.0,0.0
2017-12-19,4.871888766195575,4.877068455030451,4.808745489534412,4.83711051940918,373100000,0.0,0.0
2017-12-20,4.876330029894539,4.885455882477419,4.798634201462994,4.85413122177124,288820000,0.0,0.0
2017-12-21,4.857584952613345,4.882496867856689,4.82330019565389,4.831686496734619,300904000,0.0,0.0
2017-12-22,4.794935064835423,4.8257666937777355,4.717239228173864,4.816393852233887,466276000,0.0,0.0
2017-12-26,4.761141543365453,4.8775617603413,4.731296466325032,4.86991548538208,355080000,0.0,0.0
2017-12-27,4.856596713057989,4.932318972934472,4.842044185256856,4.863255977630615,329488000,0.0,0.0
2017-12-28,4.886934083772058,4.917765697810299,4.862762203747571,4.8689284324646,240248000,0.0,0.0
2017-12-29,4.895075064911731,4.895075064911731,4.772735118865967,4.772735118865967,279964000,0.0,0.0
2018-01-02,4.8289717966898795,4.9207271111997,4.7974006219009935,4.917026996612549,355616000,0.0,0.0
2018-01-03,5.034187351222553,5.270974459812394,5.025554534443815,5.240635871887207,914704000,0.0,0.0
2018-01-04,5.321784891005477,5.378268447512615,5.246062149382652,5.268260955810547,583268000,0.0,0.0
2018-01-05,5.2830597559180745,5.350149201078348,5.206350484280392,5.3129048347473145,580124000,0.0,0.0
2018-01-08,5.436231649574199,5.5496917892252675,5.391340534578907,5.475696086883545,881216000,0.0,0.0
2018-01-09,5.481122714718078,5.520587155055783,5.392820994178467,5.474216461181641,497000000,0.0,0.0
2018-01-10,5.381968265792931,5.520587316474899,5.327704776355258,5.517134189605713,582664000,0.0,0.0
2018-01-11,5.549692268956575,5.581017398124637,5.505541173031601,5.527000427246094,406032000,0.0,0.0
2018-01-12,5.515160945900337,5.549445696076352,5.4594174121772205,5.499868392944336,359916000,0.0,0.0
2018-01-16,5.526260585323065,5.611602217712028,5.3447239638795185,5.429079055786133,702348000,0.0,0.0
2018-01-17,5.443631043911312,5.552651518824776,5.349903121083364,5.54278564453125,538408000,0.0,0.0
2018-01-18,5.523546680544163,5.590143098878564,5.4924685401694004,5.535879611968994,408632000,0.0,0.0
2018-01-19,5.62590689433937,5.699902587922885,5.599021908382469,5.6757307052612305,609380000,0.0,0.0
2018-01-22,5.683624864195454,5.7657603578654495,5.626154764467906,5.764033794403076,550944000,0.0,0.0
2018-01-23,5.817310281065666,5.915478343550291,5.798811589921604,5.892786502838135,475228000,0.0,0.0
2018-01-24,5.8959926508628095,5.931757445765686,5.760580217934518,5.81607723236084,579972000,0.0,0.0
2018-01-25,5.870339306153079,5.913503849412698,5.814842775531314,5.829641819000244,409884000,0.0,0.0
2018-01-26,5.873302428317495,6.002055160897727,5.860476458570805,6.0018086433410645,516356000,0.0,0.0
2018-01-29,5.987255034677999,6.119707859090769,5.934718106888472,6.088629245758057,455116000,0.0,0.0
2018-01-30,5.9470491883376635,6.07802193636621,5.880452780095387,5.986760139465332,570832000,0.0,0.0
2018-01-31,6.061990289415672,6.1483189276848345,6.029432103138454,6.062730312347412,478576000,0.0,0.0
2018-02-01,5.883166696214036,6.089862201865626,5.871820775817728,5.932003974914551,519224000,0.0,0.0
2018-02-02,5.845675610720848,5.869600979057125,5.701876883222296,5.75984001159668,718464000,0.0,0.0
2018-02-05,5.599023095999776,5.75268771025319,5.056386326444,5.270974636077881,1165204000,0.0,0.0
2018-02-06,5.041587188137092,5.566957843669648,5.0317208428353695,5.563998222351074,1114800000,0.0,0.0
2018-02-07,5.662660361781737,5.7956062370715,5.591624262120467,5.643421173095703,802932000,0.0,0.0
2018-02-08,5.768719942226253,5.801771162611393,5.364948763250677,5.3651957511901855,1144000000,0.0,0.0
2018-02-09,5.8765078379370985,5.892293426499166,5.3651961867749325,5.72432279586792,1674604000,0.0,0.0
2018-02-12,5.805223397028802,5.808183488222218,5.550431148244483,5.62442684173584,1093172000,0.0,0.0
2018-02-13,5.588169892271492,5.784012510720715,5.555858224254798,5.737888336181641,625524000,0.0,0.0
2018-02-14,5.6976838233451055,5.9835547195632675,5.68658442063882,5.954696178436279,744988000,0.0,0.0
2018-02-15,6.037819037923263,6.126120766335566,5.957163586672766,6.079996585845947,698900000,0.0,0.0
2018-02-16,6.052862634366009,6.166322747095075,6.00525842704995,6.014384746551514,637656000,0.0,0.0
2018-02-20,6.03683106811262,6.2124479428297,6.033130953940509,6.143631935119629,686240000,0.0,0.0
2018-02-21,6.208009965335765,6.214916219731849,5.953217164356499,5.956916809082031,892292000,0.0,0.0
2018-02-22,5.990727673516045,6.062301233943619,5.911009274177651,5.976412773132324,534364000,0.00375,0.0
2018-02-23,6.036142290374713,6.069707870483398,5.985547014095994,6.069707870483398,415300000,0.0,0.0
2018-02-26,6.115859928993064,6.12030235551838,6.023554242568354,6.085749626159668,469312000,0.0,0.0
2018-02-27,6.059094943366212,6.143256270978782,6.049963418372065,6.072916507720947,455436000,0.0,0.0
2018-02-28,6.0837755525957204,6.123264525219196,5.961112878425158,5.972712993621826,523116000,0.0,0.0
2018-03-01,5.97049105070678,6.024294924446665,5.630145243043967,5.731089115142822,1040120000,0.0,0.0
2018-03-02,5.623727620192027,5.844372679038136,5.475397090045217,5.837955474853516,913428000,0.0,0.0
2018-03-05,5.787853027814976,5.855477977141102,5.66469658186669,5.815989017486572,620776000,0.0,0.0
2018-03-06,5.901137596851519,5.995911392079758,5.858193360641316,5.976660251617432,636808000,0.0,0.0
2018-03-07,5.873989074269071,6.020839107110441,5.872755250039455,5.9687628746032715,581208000,0.0,0.0
2018-03-08,5.996158361625562,5.996158361625562,5.90829510712101,5.9524736404418945,411912000,0.0,0.0
2018-03-09,5.999860100273098,6.067731728206355,5.983818032172269,6.054898262023926,505524000,0.0,0.0
2018-03-12,6.096116323271911,6.244199739427747,6.087971481180662,6.164234638214111,605060000,0.0,0.0
2018-03-13,6.20692978749437,6.281218608014698,6.072420376179461,6.1136369705200195,619772000,0.0,0.0
2018-03-14,6.156582100395406,6.183730939722252,6.07686368945414,6.139059066772461,505496000,0.0,0.0
2018-03-15,6.152634374040824,6.2348204451905085,6.1119111091756455,6.153868198394775,401952000,0.0,0.0
2018-03-16,6.170155762487886,6.201006541300326,6.132641110004963,6.182002544403076,399456000,0.0,0.0
2018-03-19,6.125238435700395,6.1541144427405,5.849309007901929,5.948031425476074,713772000,0.0,0.0
2018-03-20,5.950991338529074,6.198538036318587,5.950991338529074,6.159789562225342,554696000,0.0,0.0
2018-03-21,6.153374188546132,6.219518657987136,6.104259884011307,6.134617328643799,438688000,0.0,0.0
2018-03-22,6.071434225556255,6.117833735683708,5.931741883046754,5.9690093994140625,551196000,0.0,0.0
2018-03-23,5.9825835268369465,5.985051645860791,5.7387392045262295,5.749845504760742,735620000,0.0,0.0
2018-03-26,5.873988239350757,6.0351526816287056,5.822159155652889,6.033918857574463,611424000,0.0,0.0
2018-03-27,6.114624915566505,6.170156417472876,5.426035704164232,5.565974712371826,1409000000,0.0,0.0
2018-03-28,5.531669639416001,5.661489523753892,5.35569690909767,5.463057518005371,945904000,0.0,0.0
2018-03-29,5.53117509749563,5.812287421611704,5.447014258044291,5.715786457061768,916628000,0.0,0.0
2018-04-02,5.645445511628275,5.791307887143642,5.368035189698574,5.45565128326416,922092000,0.0,0.0
2018-04-03,5.6222477269872515,5.685183126846311,5.463057549276087,5.561779975891113,667432000,0.0,0.0
2018-04-04,5.306581752753473,5.594111298273365,5.28165435960762,5.58374547958374,789168000,0.0,0.0
2018-04-05,5.641993211449785,5.655073823490624,5.392472075115995,5.463798999786377,701240000,0.0,0.0
2018-04-06,5.3613725053149714,5.4692269132442615,5.258701006467194,5.2878241539001465,662988000,0.0,0.0
2018-04-09,5.350758550318762,5.478357406083244,5.296460884442956,5.316452503204346,499524000,0.0,0.0
2018-04-10,5.546232472410997,5.651865468697359,5.489219981877618,5.624963760375977,761676000,0.0,0.0
2018-04-11,5.610153838469719,5.651370442520072,5.551167057774741,5.58374547958374,460244000,0.0,0.0
2018-04-12,5.676543700399584,5.807844522571264,5.632365171141594,5.790074348449707,593920000,0.0,0.0
2018-04-13,5.853503883993969,5.8618953948193875,5.6654377269575935,5.713564872741699,503036000,0.0,0.0
2018-04-16,5.720229370731476,5.746637730268352,5.619285500628079,5.713318824768066,350792000,0.0,0.0
2018-04-17,5.765394640750435,5.883861537842281,5.709863135630631,5.862636089324951,447224000,0.0,0.0
2018-04-18,5.812286714686994,5.904839053906504,5.744908905480409,5.83375883102417,391364000,0.0,0.0
2018-04-19,5.719734139343891,5.7530530365769,5.597565320235047,5.6528496742248535,471996000,0.0,0.0
2018-04-20,5.644211960307537,5.728372793002783,5.613608320710985,5.644705772399902,386200000,0.0,0.0
2018-04-23,5.662475444237839,5.713564043088325,5.499583372585311,5.525497913360596,427508000,0.0,0.0
2018-04-24,5.5511667455195965,5.64692722765799,5.394198037519021,5.459354877471924,414596000,0.0,0.0
2018-04-25,5.429737541930681,5.4687331632216205,5.190335647050324,5.347304344177246,588492000,0.0,0.0
2018-04-26,5.508714658589403,5.566714269912037,5.442817350046136,5.558569431304932,375824000,0.0,0.0
2018-04-27,5.6642049954776486,5.683949481422303,5.543763301693283,5.585967063903809,400848000,0.0,0.0
2018-04-30,5.6022549472281975,5.6518630564261825,5.531421861966759,5.55067253112793,327844000,0.0,0.0
2018-05-01,5.54252783597705,5.608671820767293,5.484034407669387,5.60595703125,253788000,0.0,0.0
2018-05-02,5.602502275922489,5.6469270071822075,5.5593108980859665,5.585472583770752,268248000,0.0,0.0
2018-05-03,5.617310565547473,5.776500717117908,5.572144880373844,5.750339031219482,443144000,0.0,0.0
2018-05-04,5.721710409008019,5.903359855054719,5.704434043880585,5.900151252746582,400660000,0.0,0.0
2018-05-07,6.004550013665405,6.194590959421235,5.994677536654166,6.13757848739624,687616000,0.0,0.0
2018-05-08,6.137826112103173,6.182745136293116,6.088958473091492,6.180030345916748,506616000,0.0,0.0
2018-05-09,6.200018843032239,6.3150304384219496,6.172870009424746,6.312808990478516,596760000,0.0,0.0
2018-05-10,6.36562738531591,6.429303261016274,6.347857209278967,6.420171737670898,994080000,0.0,0.0
2018-05-11,6.238769573494749,6.411780841193314,6.183485203739903,6.281960487365723,1214456000,0.0,0.0
2018-05-14,6.319968918578257,6.379696185414173,6.278752312270738,6.302445411682129,523140000,0.0,0.0
2018-05-15,6.239015354185989,6.241730614738236,5.960371154923462,6.060574531555176,963528000,0.0,0.0
2018-05-16,6.022072436580242,6.133628779298271,5.985298263716982,6.071680545806885,553828000,0.0,0.0
2018-05-17,6.073407529525116,6.207176458144405,6.057364993108059,6.1136369705200195,519784000,0.0,0.0
2018-05-18,6.1654682096552795,6.2286502777763015,6.065017679632463,6.069953918457031,483716000,0.0,0.0
2018-05-21,6.167196037454024,6.170897981314448,5.93544465443084,6.027997016906738,640624000,0.0,0.0
2018-05-22,6.041323595806813,6.066497656515398,5.929520111309346,5.989987850189209,518264000,0.0,0.0
2018-05-23,5.933927641549898,6.1144547961253295,5.9331867008859875,6.113219738006592,442956000,0.00375,0.0
2018-05-24,6.1095167734599265,6.15915556891217,6.056420568216453,6.116925239562988,437372000,0.0,0.0
2018-05-25,6.129520786298463,6.172491588898087,6.093958921436868,6.156192302703857,292112000,0.0,0.0
2018-05-29,6.138162855583409,6.207064688405136,6.092475594627293,6.139150619506836,352684000,0.0,0.0
2018-05-30,6.172737036191554,6.256455793707795,6.148041055491183,6.247812271118164,390996000,0.0,0.0
2018-05-31,6.215954545718186,6.3023902412130335,6.205335495580934,6.228055477142334,493868000,0.0,0.0
2018-06-01,6.272756899780888,6.368330264555353,6.26411337467684,6.362155914306641,421968000,0.0,0.0
2018-06-04,6.396235432700494,6.562685678984376,6.364130982871786,6.540706634521484,642024000,0.0,0.0
2018-06-05,6.543917371439187,6.5836780559166925,6.4992178664673546,6.546140193939209,391712000,0.0,0.0
2018-06-06,6.456245664020402,6.551324885675663,6.439946382337691,6.54811429977417,371356000,0.0,0.0
2018-06-07,6.544410079361371,6.55626418806795,6.40240854016811,6.492548942565918,369448000,0.0,0.0
2018-06-08,6.4199431542446455,6.519714376552882,6.401174226496955,6.477237701416016,360456000,0.0,0.0
2018-06-11,6.46464423271628,6.506133154072825,6.42340213464301,6.436244010925293,265372000,0.0,0.0
2018-06-12,6.462668227507684,6.496748208520087,6.4125353135309435,6.484647274017334,319160000,0.0,0.0
2018-06-13,6.486128776463721,6.560957201601177,6.471064079513934,6.480201721191406,338208000,0.0,0.0
2018-06-14,6.525147721117693,6.648133043170649,6.510329849227607,6.591579437255859,430016000,0.0,0.0
2018-06-15,6.534532034851211,6.605656221892656,6.503662173452171,6.550831317901611,432260000,0.0,0.0
2018-06-18,6.506873039510518,6.564167591402365,6.479707880615835,6.546633720397949,356268000,0.0,0.0
2018-06-19,6.443651525723882,6.510824660757541,6.2979462048993335,6.4251298904418945,594932000,0.0,0.0
2018-06-20,6.466124597029383,6.530827609822944,6.427845800449018,6.477978706359863,369780000,0.0,0.0
2018-06-21,6.509837602880213,6.528112416897732,6.34190545363493,6.3495612144470215,359516000,0.0,0.0
2018-06-22,6.370304401232539,6.383640391929357,6.182121947314975,6.197432994842529,434160000,0.0,0.0
2018-06-25,6.09123969727336,6.094943928948612,5.816868425258113,5.905279636383057,665816000,0.0,0.0
2018-06-26,6.018388947483066,6.066545860395572,5.924791119543864,5.976158618927002,478884000,0.0,0.0
2018-06-27,6.019622666902509,6.085807559707858,5.815881403608061,5.821314811706543,453892000,0.0,0.0
2018-06-28,5.8114372247181025,5.960106789022831,5.803781464255762,5.9482526779174805,338012000,0.0,0.0
2018-06-29,6.01320224432875,6.0257968236493795,5.8492211795620355,5.850456237792969,392300000,0.0,0.0
2018-07-02,5.781061529063429,5.986037416403463,5.760563893225749,5.982333183288574,357572000,0.0,0.0
2018-07-03,6.016906835363435,6.0228338905295535,5.840578004004036,5.848974704742432,222732000,0.0,0.0
2018-07-05,5.90404569943324,5.999371745670493,5.8652732579561455,5.9944329261779785,306216000,0.0,0.0
2018-07-06,5.969982713435409,6.116429401609012,5.948744144740158,6.108032703399658,296352000,0.0,0.0
2018-07-09,6.182122806021269,6.191754094508613,6.076918160362605,6.155450820922852,303880000,0.0,0.0
2018-07-10,6.167799075238854,6.2762138368229605,6.12754474520081,6.254234790802002,360016000,0.0,0.0
2018-07-11,6.161625198114032,6.196199295933689,6.102354643227826,6.112974166870117,367508000,0.0,0.0
2018-07-12,6.158165757528079,6.252256731428054,6.14828717795916,6.204346656799316,345508000,0.0,0.0
2018-07-13,6.222870610407252,6.222870610407252,6.115196322029052,6.157179355621338,246988000,0.0,0.0
2018-07-16,6.129519462585449,6.182368837422584,6.117171706725446,6.129519462585449,197036000,0.0,0.0
2018-07-17,6.080375876369563,6.280165654154368,6.054938948356211,6.265100955963135,362136000,0.0,0.0
2018-07-18,6.257692424250856,6.271522063869391,6.165082826630943,6.215956211090088,277640000,0.0,0.0
2018-07-19,6.197187970403617,6.25769312151325,6.182123741727802,6.224106311798096,235752000,0.0,0.0
2018-07-20,6.221635207706742,6.260407649798234,6.185085116662928,6.195951461791992,222352000,0.0,0.0
2018-07-23,6.169527776530568,6.171256481420087,6.008016338916703,6.159402370452881,301584000,0.0,0.0
2018-07-24,6.207311771322909,6.293747477234228,6.124580298038588,6.142114639282227,354620000,0.0,0.0
2018-07-25,6.151499265351744,6.232748859308306,6.093710597044604,6.22015380859375,319112000,0.0,0.0
2018-07-26,6.200149896435694,6.330296861360285,6.183356496555523,6.293499946594238,325124000,0.0,0.0
2018-07-27,6.330050277990525,6.336965096782798,6.170020739729758,6.223857879638672,295420000,0.0,0.0
2018-07-30,6.237934329160639,6.243861383529538,5.99418557247012,6.0290069580078125,340340000,0.0,0.0
2018-07-31,6.018635002297088,6.121616811170615,5.97986255945442,6.047035217285156,283988000,0.0,0.0
2018-08-01,6.078400053584766,6.1334717866964565,6.023081026177311,6.086796283721924,283556000,0.0,0.0
2018-08-02,6.0156724203761,6.193235857991941,5.956896450995273,6.189284801483154,269668000,0.0,0.0
2018-08-03,6.213732958992618,6.249542113978896,6.196940028203954,6.225833892822266,214288000,0.0,0.0
2018-08-06,6.213238787007001,6.276954037180822,6.166810583699202,6.273496627807617,207508000,0.0,0.0
2018-08-07,6.322150161237377,6.364133207867724,6.2954786396299305,6.345611095428467,258132000,0.0,0.0
2018-08-08,6.346844486555111,6.426859030354189,6.312023093891665,6.3819122314453125,262100000,0.0,0.0
2018-08-09,6.399692432306545,6.402408900905554,6.325851778497302,6.333507537841797,204280000,0.0,0.0
2018-08-10,6.2517656888826645,6.324618594918003,6.240652517757382,6.292266845703125,256396000,0.0,0.0
2018-08-13,6.300908571823642,6.4456265784123525,6.299179867276343,6.32511043548584,375208000,0.0,0.0
2018-08-14,6.43031627974937,6.470323786169073,6.347337974711382,6.456246852874756,466220000,0.0,0.0
2018-08-15,6.47699095833535,6.510824584219622,6.319678352245854,6.398211479187012,591136000,0.0,0.0
2018-08-16,6.467854300733326,6.470323946478373,6.297699335882695,6.357710361480713,801260000,0.0,0.0
2018-08-17,6.246579361198237,6.247320302052949,6.019129831309684,6.046048641204834,1143188000,0.0,0.0
2018-08-20,6.005546096413886,6.252998616949036,5.8954021785512305,6.120628833770752,854388000,0.0,0.0
2018-08-21,6.136928107986746,6.260407544883716,6.117171416924697,6.255962371826172,673988000,0.0,0.0
2018-08-22,6.223364179004357,6.495512697038599,6.219906769638315,6.490573406219482,749856000,0.0,0.0
2018-08-23,6.452047238195284,6.655047551682693,6.438217601904657,6.589850425720215,720684000,0.0,0.0
2018-08-24,6.598248628632078,6.737286434919036,6.593803454673904,6.722715854644775,531512000,0.0,0.0
2018-08-27,6.752350641222818,6.887684213973202,6.720987129308817,6.813596725463867,505776000,0.0,0.0
2018-08-28,6.807667562941988,6.830388014236098,6.65628157515381,6.77605676651001,475384000,0.0,0.0
2018-08-29,6.768396001674217,6.906274534196579,6.747640205041523,6.881318092346191,420108000,0.00375,0.0
2018-08-30,6.850187050516337,6.961132583910305,6.827701593908492,6.864518642425537,346608000,0.0,0.0
2018-08-31,6.844504215708833,6.948283718005384,6.834620229159438,6.935434818267822,306592000,0.0,0.0
2018-09-04,6.922337302765203,7.047613935915722,6.893921553246576,7.010056018829346,391720000,0.0,0.0
2018-09-05,6.992511674357577,7.027846022671807,6.798789918528447,6.879589557647705,393156000,0.0,0.0
2018-09-06,6.863281933262914,6.865752929537149,6.705883288078337,6.738746643066406,322796000,0.0,0.0
2018-09-07,6.646828642312467,6.842774478655888,6.602104687719215,6.717497825622559,295420000,0.0,0.0
2018-09-10,6.739982363697045,6.8180640548919795,6.696246719446564,6.788412570953369,220140000,0.0,0.0
2018-09-11,6.742206784512565,6.829678084094086,6.721450978773439,6.740724563598633,243112000,0.0,0.0
2018-09-12,6.70094194213746,6.720462484681511,6.47188579678032,6.627060890197754,419092000,0.0,0.0
2018-09-13,6.692786948304712,6.795083735934499,6.675490446929424,6.704647541046143,305536000,0.0,0.0
2018-09-14,6.794836802832286,6.896392244879373,6.758019762071219,6.830418109893799,386936000,0.0,0.0
2018-09-17,6.804968893843612,6.8538934938683935,6.749372650339453,6.768645763397217,205528000,0.0,0.0
2018-09-18,6.772597787172334,6.875141525498717,6.690068503069504,6.696739673614502,299520000,0.0,0.0
2018-09-19,6.678208419188451,6.7382522577207355,6.628295523287287,6.720461368560791,224860000,0.0,0.0
2018-09-20,6.59864556360692,6.640898522726667,6.52575281130353,6.579619407653809,430584000,0.0,0.0
2018-09-21,6.5914801516658095,6.636945454613344,6.476581395932969,6.5096917152404785,435128000,0.0,0.0
2018-09-24,6.478804124086679,6.568746413902042,6.391827218478683,6.565287113189697,293912000,0.0,0.0
2018-09-25,6.63126152780852,6.657206284213501,6.54576683950899,6.63224983215332,280388000,0.0,0.0
2018-09-26,6.637191797965088,6.6774681454405584,6.579618946290532,6.595432758331299,268548000,0.0,0.0
2018-09-27,6.630519929717678,6.651770121853596,6.575912464211404,6.607293128967285,214428000,0.0,0.0
2018-09-28,6.738994228619711,6.966073277335361,6.711072394239323,6.9438347816467285,709396000,0.0,0.0
2018-10-01,7.021423829437532,7.216627862016789,6.982877128018548,7.1499128341674805,622060000,0.0,0.0
2018-10-02,7.122483870144587,7.2339228320485205,7.056509731173536,7.0787482261657715,383964000,0.0,0.0
2018-10-03,7.148924155713719,7.156337146150951,6.981147572412799,7.084927082061768,320552000,0.0,0.0
2018-10-04,7.048851311876247,7.07306642060215,6.824242746551723,6.901089191436768,391220000,0.0,0.0
2018-10-05,6.876377774241846,6.93839822106676,6.610751584730088,6.66807746887207,426636000,0.0,0.0
2018-10-08,6.585055407024952,6.70020112001253,6.426421000343381,6.567017555236816,408612000,0.0,0.0
2018-10-09,6.54650862992388,6.640898535027553,6.4936308091801305,6.561334609985352,273500000,0.0,0.0
2018-10-10,6.455575903538959,6.5012886200914295,6.068626811485249,6.070850849151611,684940000,0.0,0.0
2018-10-11,5.983874101671465,6.117058105975861,5.788423163183892,5.809920310974121,725436000,0.0,0.0
2018-10-12,6.066404206318019,6.165983046094796,5.921607030514667,6.091854572296143,608236000,0.0,0.0
2018-10-15,6.078513088385394,6.078513088385394,5.815110862410267,5.816099166870117,449760000,0.0,0.0
2018-10-16,5.9285267036712055,6.085431459598973,5.879355141777879,6.074312210083008,408712000,0.0,0.0
2018-10-17,6.136333099959747,6.174385886285073,5.956942874208668,6.0058674812316895,329668000,0.0,0.0
2018-10-18,6.075052865651475,6.113352131957192,5.858351239511551,5.918642044067383,524020000,0.0,0.0
2018-10-19,5.973745503639919,5.993265577881803,5.626331258448691,5.662653923034668,613608000,0.0,0.0
2018-10-22,5.714789595901414,5.814615397268397,5.61076314788748,5.713306903839111,368844000,0.0,0.0
2018-10-23,5.446691969721979,5.53959963408011,5.354773080859697,5.462259292602539,626436000,0.0,0.0
2018-10-24,5.423958824340909,5.470412414579065,4.913462776813619,4.927299976348877,884288000,0.0,0.0
2018-10-25,4.829945931009748,5.182795987035481,4.785715900332007,5.135601043701172,951720000,0.0,0.0
2018-10-26,4.900121125260857,5.061473482559013,4.771879557371458,4.899627208709717,664784000,0.0,0.0
2018-10-29,5.040470986827069,5.043930288047178,4.349101831615991,4.586559295654297,758016000,0.0,0.0
2018-10-30,4.609538199239454,5.025891408463385,4.586558358134041,5.016007423400879,807192000,0.0,0.0
2018-10-31,5.180324622945915,5.252970397757551,5.040963369508959,5.209481716156006,745772000,0.0,0.0
2018-11-01,5.245805181764511,5.398756701387198,5.119540234767627,5.38936710357666,566528000,0.0,0.0
2018-11-02,5.379977456977233,5.485486598792226,5.194162582349934,5.310544013977051,452960000,0.0,0.0
2018-11-05,5.2974483006448105,5.3206755750506245,5.072345829957539,5.232709884643555,379332000,0.0,0.0
2018-11-06,5.224801692967457,5.308813673785275,5.178100668658767,5.215165138244629,299012000,0.0,0.0
2018-11-07,5.281634509766608,5.372070725926416,5.218131356184044,5.282622814178467,483812000,0.0,0.0
2018-11-08,5.223566509948047,5.224307855973232,5.036516377365908,5.089889049530029,511352000,0.0,0.0
2018-11-09,5.0011815425701975,5.172170418215048,4.96757684420411,5.081981182098389,413240000,0.0,0.0
2018-11-12,4.99080349017399,5.012795024716945,4.661674174432246,4.6834187507629395,617116000,0.0,0.0
2018-11-13,4.781022019519366,5.045906439734066,4.7748442925051275,4.924830436706543,644712000,0.0,0.0
2018-11-14,5.097549994619408,5.1118815888833815,4.76471475363379,4.872447490692139,526580000,0.0,0.0
2018-11-15,4.866515799648799,5.072839515433807,4.830687059887577,5.000935077667236,840708000,0.0,0.0
2018-11-16,4.03553890097599,4.216905690296646,3.9932854776721305,4.062966346740723,1963520000,0.0,0.0
2018-11-19,3.9977344987132506,3.998475373600427,3.5737210081392248,3.5754506587982178,1697820000,0.0,0.0
2018-11-20,3.312542274195283,3.811672043149815,3.294010270898075,3.6836774349212646,1692032000,0.0,0.0
2018-11-21,3.8205666153169284,3.837368964270196,3.548516218780087,3.5756964683532715,1025496000,0.0,0.0
2018-11-23,3.54110405076815,3.696278904893853,3.528255151980657,3.5828628540039062,411968000,0.0,0.0
2018-11-26,3.703691637153496,3.7921512303935647,3.6214092989740174,3.781773328781128,814832000,0.0,0.0
2018-11-27,3.755827828461019,3.8796219919063826,3.719999329815914,3.7985751628875732,738060000,0.0,0.0
2018-11-28,3.9159460027453297,3.9604230026537515,3.783750737069994,3.9552340507507324,804524000,0.0,0.0
2018-11-29,3.9574606469955382,3.994561746207907,3.861986988143471,3.892162561416626,549172000,0.004,0.0
2018-11-30,3.901807824656327,4.052933331893238,3.8515975377799516,4.042297840118408,729564000,0.0,0.0
2018-12-03,4.2691100076797435,4.320557032680872,4.139008269364891,4.2057905197143555,890804000,0.0,0.0
2018-12-04,4.161268757636926,4.1662156955217515,3.8708902028743837,3.8859782218933105,812112000,0.0,0.0
2018-12-06,3.745734938992269,3.9201104564843448,3.7301525121877592,3.91516375541687,692308000,0.0,0.0
2018-12-07,3.9193683152702947,3.929509394350462,3.6017823741127843,3.651003122329712,681676000,0.0,0.0
2018-12-10,3.606235013243494,3.780857997862722,3.602524809979828,3.7561237812042236,629472000,0.0,0.0
2018-12-11,3.8476395858091017,3.8558018433926247,3.5864473431363764,3.665349245071411,671912000,0.0,0.0
2018-12-12,3.6710377444279247,3.7788784653291034,3.581995005783273,3.682910203933716,654136000,0.0,0.0
2018-12-13,3.729658404997222,3.7937197381178542,3.6467990861594393,3.6826634407043457,471384000,0.0,0.0
2018-12-14,3.64110957786226,3.7247109734410984,3.598814351489918,3.62231183052063,471820000,0.0,0.0
2018-12-17,3.592384055840047,3.6643602082618605,3.493447422591047,3.5513253211975098,662868000,0.0,0.0
2018-12-18,3.5951044880514167,3.7182804478027554,3.567897039578351,3.634431838989258,564372000,0.0,0.0
2018-12-19,3.600793542984009,3.6542193866108357,3.374476326159526,3.4259233474731445,745364000,0.0,0.0
2018-12-20,3.417514195372414,3.507299049622669,3.28197110544253,3.341580390930176,749588000,0.0,0.0
2018-12-21,3.368045296197937,3.4009417708842498,3.177345238453483,3.2048001289367676,863740000,0.0,0.0
2018-12-24,3.128619182437066,3.214941263911748,3.0793981901919487,3.14321231842041,463840000,0.0,0.0
2018-12-26,3.189218062380206,3.2931014053280694,3.078409194686885,3.292112112045288,695100000,0.0,0.0
2018-12-27,3.239922696804846,3.274303111942917,3.0962173641050477,3.2443747520446777,637044000,0.0,0.0
2018-12-28,3.264904030953203,3.398221073910107,3.2231034462481607,3.305715322494507,628728000,0.0,0.0
2018-12-31,3.3490000177104666,3.381401609081078,3.271334844675895,3.3020052909851074,465140000,0.0,0.0
2019-01-02,3.231265703822605,3.425181080966381,3.2166725681874238,3.3692820072174072,508752000,0.0,0.0
2019-01-03,3.3091776147748213,3.343063377594572,3.1582995781025156,3.165719747543335,705552000,0.0,0.0
2019-01-04,3.2386857717405726,3.4066304289007823,3.208015561696313,3.368540048599243,585620000,0.0,0.0
2019-01-07,3.42567572255454,3.5837267346364183,3.3744759128738573,3.546872854232788,709160000,0.0,0.0
2019-01-08,3.62824869037735,3.6304749540927026,3.3861015856329737,3.4585726261138916,786016000,0.0,0.0
2019-01-09,3.5097711894581964,3.5738327466286504,3.459313708355713,3.526590585708618,617260000,0.0,0.0
2019-01-10,3.5072984808573757,3.600793287782794,3.446947117236109,3.5921363830566406,523156000,0.0,0.0
2019-01-11,3.5698760153464897,3.703935157819665,3.5421739172799653,3.6811797618865967,874764000,0.0,0.0
2019-01-14,3.6289902806288747,3.7462300105912045,3.6054927992140615,3.721001148223877,730168000,0.0,0.0
2019-01-15,3.7536509918768877,3.7929783515889905,3.688600353548841,3.7069036960601807,617012000,0.0,0.0
2019-01-16,3.734110518255913,3.7670067578894963,3.675985415077157,3.681426763534546,470104000,0.0,0.0
2019-01-17,3.648529989064555,3.792482506736649,3.621322307234073,3.7526605129241943,493436000,0.0,0.0
2019-01-18,3.8023766394178167,3.907496705882418,3.7509296199826263,3.881525754928589,651336000,0.0,0.0
2019-01-22,3.8513494896966214,3.862974508026309,3.649519093138433,3.679694652557373,661552000,0.0,0.0
2019-01-23,3.734851841083487,3.823399932770133,3.661391529008852,3.692556381225586,591020000,0.0,0.0
2019-01-24,3.7769005278220016,3.9215949145072884,3.772201031450973,3.904033899307251,708972000,0.0,0.0
2019-01-25,3.844671836656973,3.979225378987472,3.74227268118326,3.961169481277466,1154572000,0.0,0.0
2019-01-28,3.3774445392489905,3.5033411860036634,3.24017031254291,3.4135563373565674,2511528000,0.0,0.0
2019-01-29,3.3675510942287774,3.4157827988388343,3.240417705613786,3.2550108432769775,1153932000,0.0,0.0
2019-01-30,3.3309441284015135,3.412566710091489,3.2515475742334536,3.398221015930176,974228000,0.0,0.0
2019-01-31,3.3950053487845215,3.5911469796792517,3.3732392490819145,3.555529832839966,842852000,0.0,0.0
2019-02-01,3.5740805833765674,3.6307217454259466,3.526591208758648,3.5797693729400635,625048000,0.0,0.0
2019-02-04,3.595600062669711,3.726938314450502,3.5735867513356467,3.6898372173309326,528592000,0.0,0.0
2019-02-05,3.7017086512924178,3.7454880591567816,3.668070324166557,3.7088816165924072,542424000,0.0,0.0
2019-02-06,3.7420251267197253,3.848629364647908,3.7365837785660503,3.784320592880249,702464000,0.0,0.0
2019-02-07,3.7380677938201123,3.7402938213718713,3.6035142528418165,3.646304130554199,637120000,0.0,0.0
2019-02-08,3.579275006850071,3.675490733915483,3.5649293111998634,3.6648552417755127,461604000,0.0,0.0
2019-02-11,3.6208276550645118,3.6749953415540433,3.5740801382067535,3.62231183052063,495180000,0.0,0.0
2019-02-12,3.6606509720236984,3.7546406862378974,3.6463050382160063,3.739058017730713,591060000,0.0,0.0
2019-02-13,3.7684910030988537,3.8543184402777513,3.7548871599384235,3.7813527584075928,605372000,0.0,0.0
2019-02-14,3.780363471800342,3.85036103826904,3.7373259145717483,3.8221640586853027,827264000,0.0,0.0
2019-02-15,4.030425037561962,4.053180194895898,3.8689112575551996,3.8916666507720947,1516748000,0.0,0.0
2019-02-19,3.8810312508872418,3.9547390207378252,3.8619860591357598,3.8743529319763184,551892000,0.0,0.0
2019-02-20,3.9035399100454784,3.988625274894047,3.892409769654639,3.921595811843872,540988000,0.0,0.0
2019-02-21,3.93420911878508,3.958695655777153,3.8382406134468496,3.8528337478637695,448548000,0.0,0.0
2019-02-22,3.904528185631433,3.956222405060103,3.8909243443573844,3.937424421310425,401740000,0.0,0.0
2019-02-25,4.020778959960253,4.088055612606229,3.9164007472769002,3.925057888031006,656020000,0.0,0.0
2019-02-26,3.9203590817077,3.976258165185484,3.852340093394142,3.8857312202453613,488464000,0.0,0.0
2019-02-27,3.8713848966539257,3.8978502582221117,3.787041402539747,3.8439300060272217,500256000,0.0,0.0
2019-02-28,3.8377399170082,3.8600236059193858,3.79713426228751,3.819417715072632,324944000,0.004,0.0
2019-03-01,3.8691848495966012,3.9157328559809574,3.810999841616156,3.8736417293548584,357188000,0.0,0.0
2019-03-04,3.912018998445061,3.93479784486016,3.825360256341027,3.881812334060669,409992000,0.0,0.0
2019-03-05,3.866213812451286,3.913504673162684,3.8119902897875693,3.8753750324249268,362924000,0.0,0.0
2019-03-06,3.866460804939046,3.8748789345805448,3.7619752660135357,3.7646987438201904,403524000,0.0,0.0
2019-03-07,3.741177514158119,3.7508338899849236,3.6495669725600584,3.695619821548462,450104000,0.0,0.0
2019-03-08,3.6064851586223226,3.7404347531295925,3.5851917822764676,3.729788064956665,422416000,0.0,0.0
2019-03-11,3.7533101469366255,4.012543063609408,3.706266746069921,3.989764451980591,859728000,0.0,0.0
2019-03-12,4.01749566802252,4.070233493127263,3.9414835993356263,4.023933410644531,579576000,0.0,0.0
2019-03-13,4.061319788358291,4.204182689776566,4.0538917335363385,4.174966335296631,768900000,0.0,0.0
2019-03-14,4.184125798057631,4.196010491879467,4.091524736968826,4.099200248718262,519384000,0.0,0.0
2019-03-15,4.142282198896993,4.247015421169146,4.138815868977897,4.2044291496276855,661484000,0.0,0.0
2019-03-18,4.235874755889158,4.289603356815503,4.156148673346275,4.183136940002441,486992000,0.0,0.0
2019-03-19,4.27747020210782,4.394830989700251,4.260633942280537,4.350511074066162,854972000,0.0,0.0
2019-03-20,4.379482668249047,4.432715903015584,4.2834151965119585,4.318078994750977,719148000,0.0,0.0
2019-03-21,4.341102415255136,4.580527596465815,4.336150380188734,4.554282188415527,824312000,0.0,0.0
2019-03-22,4.527047608402401,4.575576236911883,4.380965858141229,4.39483118057251,747644000,0.0,0.0
2019-03-25,4.354226317013071,4.418353444907615,4.236618042843589,4.3027262687683105,525212000,0.0,0.0
2019-03-26,4.444103339017081,4.500060029751345,4.3230287371521126,4.379233360290527,703508000,0.0,0.0
2019-03-27,4.404735188965764,4.451035259026395,4.300744799971149,4.3700714111328125,474372000,0.0,0.0
2019-03-28,4.39606798355303,4.454253210706671,4.335654671358555,4.388640403747559,480264000,0.0,0.0
2019-03-29,4.4552447468224665,4.470100855017658,4.404982950293312,4.445836067199707,456896000,0.0,0.0
2019-04-01,4.537446476833416,4.543388825178386,4.465891308838393,4.513182163238525,483824000,0.0,0.0
2019-04-02,4.537199956058425,4.575329599601486,4.49436573598606,4.531009674072266,440920000,0.0,0.0
2019-04-03,4.580528702250554,4.729086484341547,4.575576665988681,4.670158386230469,783504000,0.0,0.0
2019-04-04,4.654806651779727,4.703583209838008,4.598602512706384,4.6612443923950195,457376000,0.0,0.0
2019-04-05,4.704327064503946,4.7451806577978,4.667930587471102,4.727848529815674,481744000,0.0,0.0
2019-04-08,4.697394152141691,4.773653905545803,4.673377295551012,4.7486467361450195,424192000,0.0,0.0
2019-04-09,4.71522147021944,4.726363316414161,4.643913749023665,4.686005115509033,439972000,0.0,0.0
2019-04-10,4.685262120413046,4.782071929810852,4.680805476521032,4.756321907043457,444772000,0.0,0.0
2019-04-11,4.758797778090692,4.79024268901286,4.6931849502183125,4.742456436157227,374600000,0.0,0.0
2019-04-12,4.7810803497832675,4.785042072332913,4.6959073291084215,4.704573154449463,471708000,0.0,0.0
2019-04-15,4.696898637705237,4.701850673879405,4.5334852219749955,4.573100566864014,440092000,0.0,0.0
2019-04-16,4.612220746124993,4.6788238817913825,4.579538064717605,4.660006523132324,394964000,0.0,0.0
2019-04-17,4.694916413831746,4.715714391980337,4.614942898627995,4.637226581573486,351004000,0.0,0.0
2019-04-18,4.643914130061007,4.677834591735757,4.584986023245506,4.6127166748046875,380988000,0.0,0.0
2019-04-22,4.589192834057186,4.682041354528672,4.557748407141325,4.66644287109375,279936000,0.0,0.0
2019-04-23,4.679566808753351,4.7521127664669525,4.669910669150507,4.7209153175354,346856000,0.0,0.0
2019-04-24,4.731314342912897,4.773901097116765,4.670653554500126,4.733295440673828,318204000,0.0,0.0
2019-04-25,4.693183454506992,4.715467138428317,4.548339981270407,4.6278181076049805,499296000,0.0,0.0
2019-04-26,4.47430953565299,4.478766651432413,4.290840992639793,4.409439563751221,868988000,0.0,0.0
2019-04-29,4.41736306956025,4.467872804201856,4.3453124950681685,4.4401421546936035,391920000,0.0,0.0
2019-04-30,4.407954333030912,4.50699270305737,4.388889511735497,4.481490612030029,362920000,0.0,0.0
2019-05-01,4.533733423610305,4.575824789086137,4.468120121036333,4.468368053436279,354280000,0.0,0.0
2019-05-02,4.478023351332537,4.577309160901699,4.434941681120272,4.535713195800781,394684000,0.0,0.0
2019-05-03,4.5441316851131495,4.55403528420273,4.4698525668067814,4.531256675720215,336824000,0.0,0.0
2019-05-06,4.345311631039512,4.4651484378754125,4.308172308225487,4.45301628112793,422176000,0.0,0.0
2019-05-07,4.404734701033539,4.404734701033539,4.238102448089224,4.286136150360107,555220000,0.0,0.0
2019-05-08,4.258653132717726,4.386164973810182,4.246768436734894,4.306191444396973,419168000,0.0,0.0
2019-05-09,4.237360513333889,4.247016653445677,4.095240473162634,4.213838577270508,660248000,0.0,0.0
2019-05-10,4.1831366828979535,4.248502045374708,4.060576392127971,4.179917812347412,569500000,0.0,0.0
2019-05-13,4.0481968668301915,4.07122340919331,3.9073146067804436,3.9231607913970947,656912000,0.0,0.0
2019-05-14,3.96277581335092,4.047206466862857,3.9241510195799183,4.01204776763916,524880000,0.0,0.0
2019-05-15,3.9565864067558403,3.987535925842952,3.8974110830490076,3.951139450073242,502320000,0.0,0.0
2019-05-16,3.9456920247122484,4.008829068263898,3.903353202214998,3.9662423133850098,781088000,0.0,0.0
2019-05-17,3.9243993186190456,4.0533968982091,3.8362550969017906,3.8756227493286133,1022068000,0.0,0.0
2019-05-20,3.77707872150093,3.8320450886560913,3.7325113457262473,3.7572710514068604,572064000,0.0,0.0
2019-05-21,3.8179326268462255,3.8550719546521734,3.779307593697431,3.8392257690429688,361848000,0.0,0.0
2019-05-22,3.800600591263355,3.826598070897786,3.757518682528197,3.7684130668640137,325868000,0.0,0.0
2019-05-23,3.706266750992323,3.706266750992323,3.5879158682421104,3.6475865840911865,591844000,0.0,0.0
2019-05-24,3.6664030037492,3.701561699555245,3.5871723262011903,3.593857526779175,357584000,0.0,0.0
2019-05-28,3.6114373482718416,3.644120030658878,3.5468146000057823,3.548795461654663,428356000,0.0,0.0
2019-05-29,3.501256504505184,3.5361675046529855,3.440100330190307,3.474763870239258,559800000,0.0,0.0
2019-05-30,3.4779859329987852,3.5136804775925,3.4100671303416097,3.4482405185699463,394300000,0.004,0.0
2019-05-31,3.399409121089743,3.4665842397642948,3.356030292484083,3.3577654361724854,389720000,0.0,0.0
2019-06-03,3.368919825115276,3.407588942230268,3.2868721180272984,3.316121816635132,478644000,0.0,0.0
2019-06-04,3.380073986051971,3.5498710052064095,3.3580128434275585,3.544665575027466,641836000,0.0,0.0
2019-06-05,3.6182856963644894,3.6237391057275645,3.465840340709544,3.502030611038208,511616000,0.0,0.0
2019-06-06,3.506244205322266,3.5885398760702287,3.5037653616719227,3.563999891281128,408140000,0.0,0.0
2019-06-07,3.569949577094456,3.64084271992165,3.550862761690876,3.606635570526123,348856000,0.0,0.0
2019-06-10,3.662656097347531,3.747678603331018,3.662656097347531,3.6792640686035156,402780000,0.0,0.0
2019-06-11,3.7390031641794126,3.776680841998807,3.697359713615589,3.736772298812866,383872000,0.0,0.0
2019-06-12,3.6933929368091096,3.6995900468198903,3.608866389264014,3.6239869594573975,358892000,0.0,0.0
2019-06-13,3.6460480657400254,3.693392898309219,3.628448651725786,3.6750500202178955,308080000,0.0,0.0
2019-06-14,3.5820957802225886,3.606387791213942,3.5407000753888216,3.585318088531494,394428000,0.0,0.0
2019-06-17,3.5835827060581185,3.631919218635004,3.5607778612532806,3.594985246658325,276040000,0.0,0.0
2019-06-18,3.6562122285587026,3.844847912243881,3.645305642891916,3.7895710468292236,581920000,0.0,0.0
2019-06-19,3.8247685704630303,3.8361708738693916,3.76949148764967,3.7955188751220703,331644000,0.0,0.0
2019-06-20,3.8859947743227137,3.8998759223738366,3.805434236160283,3.8198111057281494,350168000,0.0,0.0
2019-06-21,3.8049380410000024,3.8540180109817115,3.7553621131677133,3.7618069648742676,434428000,0.0,0.0
2019-06-24,3.7831255402682706,3.8136146627483147,3.7360284449265437,3.7841169834136963,282948000,0.0,0.0
2019-06-25,3.78907398268294,3.8639333636441426,3.752140013684878,3.754866600036621,311868000,0.0,0.0
2019-06-26,3.8820294672374502,4.008695675277993,3.869139759890773,3.9477171897888184,584072000,0.0,0.0
2019-06-27,4.033236179088148,4.065212474381996,3.997293637417236,4.046125888824463,445440000,0.0,0.0
2019-06-28,4.089999418724976,4.099171095213199,4.024311700565911,4.070912837982178,397668000,0.0,0.0
2019-07-01,4.277642649011362,4.311850030091515,4.081570509713039,4.119000434875488,709756000,0.0,0.0
2019-07-02,4.102393303924036,4.123463244452716,4.008199582806831,4.021337032318115,400228000,0.0,0.0
2019-07-03,4.044637279281551,4.050338668097319,3.9744878338248797,4.034226417541504,246636000,0.0,0.0
2019-07-05,3.9759764077597604,3.980438139422938,3.9085530563460873,3.9717624187469482,396552000,0.0,0.0
2019-07-08,3.9122706362165114,3.93110947574305,3.866908917626089,3.896902084350586,329788000,0.0,0.0
2019-07-09,3.8547631393982917,3.9273916828207542,3.8421214094519547,3.899381399154663,342860000,0.0,0.0
2019-07-10,3.942759210102369,4.0248069166687825,3.9288780613992538,3.9675471782684326,452076000,0.0,0.0
2019-07-11,4.040423459528527,4.162379948970753,4.003241741369174,4.12172794342041,682560000,0.0,0.0
2019-07-12,4.149491984940618,4.225591069700399,4.149491984940618,4.154697418212891,506392000,0.0,0.0
2019-07-15,4.175765327689639,4.191877105022038,4.118009631723078,4.146267414093018,289840000,0.0,0.0
2019-07-16,4.131393148198361,4.168574848746541,4.086031218222456,4.141556262969971,341444000,0.0,0.0
2019-07-17,4.143294244202891,4.213691922837337,4.114044537783741,4.206751346588135,348204000,0.0,0.0
2019-07-18,4.2171612926417925,4.281113866380775,4.160644778812667,4.218400478363037,442192000,0.0,0.0
2019-07-19,4.256572628247448,4.26301724277529,4.16931904368921,4.175268173217773,344896000,0.0,0.0
2019-07-22,4.196587848196946,4.25954898686001,4.189151314543984,4.246659278869629,315940000,0.0,0.0
2019-07-23,4.285822322323848,4.356219488364335,4.2702055618015855,4.354236602783203,428176000,0.0,0.0
2019-07-24,4.397368207185931,4.4343021761491705,4.321517383331165,4.428600788116455,366236000,0.0,0.0
2019-07-25,4.38720513851172,4.399847100226015,4.274420344431656,4.297720909118652,392700000,0.0,0.0
2019-07-26,4.324739894049131,4.386213612469726,4.324739894049131,4.3396124839782715,274160000,0.0,0.0
2019-07-29,4.3324240653372845,4.349527756106696,4.24541868348631,4.333415508270264,248160000,0.0,0.0
2019-07-30,4.287062248565768,4.361177928869398,4.272685143640128,4.349031925201416,197772000,0.0,0.0
2019-07-31,4.317550656604295,4.3185425722487985,4.1400696204793555,4.182209014892578,359416000,0.0,0.0
2019-08-01,4.192620111561201,4.28284803541097,4.035960784856661,4.088015556335449,421212000,0.0,0.0
2019-08-02,3.9955570697784424,4.064715540943148,3.9482124731246495,3.9955570697784424,428348000,0.0,0.0
2019-08-05,3.8123755415864156,3.813614963813844,3.6909150000458584,3.7377641201019287,589156000,0.0,0.0
2019-08-06,3.8123752856044586,3.8577370013835552,3.7288401715288244,3.776432752609253,361272000,0.0,0.0
2019-08-07,3.715702523732139,3.8265044533167827,3.698351086327852,3.814606189727783,372560000,0.0,0.0
2019-08-08,3.87211463101076,3.9241691861051975,3.814854644046442,3.9229297637939453,309300000,0.0,0.0
2019-08-09,3.88202953628245,3.8854998239839995,3.7714755786567715,3.8217949867248535,341816000,0.0,0.0
2019-08-12,3.7697397411088653,3.8217942834487886,3.7323100475044235,3.7541234493255615,279200000,0.0,0.0
2019-08-13,3.7526364487941066,3.914005523627661,3.713719586465195,3.868147850036621,351956000,0.0,0.0
2019-08-14,3.7801508866940603,3.7913054492057885,3.676289773160059,3.719916343688965,419880000,0.0,0.0
2019-08-15,3.7387550279949506,3.7585853080031844,3.6534847766804277,3.6876919269561768,477200000,0.0,0.0
2019-08-16,3.9499480341505486,4.004233210635845,3.888721810046788,3.955153465270996,1007960000,0.0,0.0
2019-08-19,4.068186623792393,4.2491380163327985,4.052074371012667,4.233273506164551,815112000,0.0,0.0
2019-08-20,4.2278195977279545,4.228315555656023,4.140070503796948,4.161140441894531,463188000,0.0,0.0
2019-08-21,4.227074819267649,4.299455345255577,4.205509401532645,4.244426250457764,427244000,0.0,0.0
2019-08-22,4.2540949437817,4.296482089527698,4.2114595826774135,4.250624656677246,303488000,0.0,0.0
2019-08-23,4.1742780845028475,4.228563495368226,4.006711906139541,4.0265421867370605,568056000,0.0,0.0
2019-08-26,4.105119618507018,4.129163884209364,4.062980217889895,4.101153373718262,318208000,0.0,0.0
2019-08-27,4.139327140718047,4.142053727566777,3.9814285909595064,4.010678291320801,290968000,0.0,0.0
2019-08-28,3.9843782258174887,4.0528602686035375,3.94517437060847,4.000257968902588,255612000,0.004,0.0
2019-08-29,4.09156616161059,4.175928389541459,4.088092439516701,4.143672466278076,357976000,0.0,0.0
2019-08-30,4.189823101263714,4.239448106163374,4.138213247610987,4.1563262939453125,290616000,0.0,0.0
2019-09-03,4.083626127603737,4.1166264861590625,4.050625769048413,4.073452949523926,296140000,0.0,0.0
2019-09-04,4.133995918409182,4.194786537943837,4.133995918409182,4.187342643737793,227728000,0.0,0.0
2019-09-05,4.289322200571859,4.4659865629680935,4.287585339152025,4.459783554077148,695676000,0.0,0.0
2019-09-06,4.4364595380613325,4.493279990414334,4.394774863116284,4.432737827301025,376976000,0.0,0.0
2019-09-09,4.463753715638196,4.564988610694491,4.4622648419069675,4.478641033172607,417524000,0.0,0.0
2019-09-10,4.445888320844689,4.571687256838014,4.436211588828107,4.545138359069824,352812000,0.0,0.0
2019-09-11,4.5597769283241165,4.621807955255365,4.530746263849502,4.573671817779541,361512000,0.0,0.0
2019-09-12,4.620071283804986,4.6746584193729,4.564243262622348,4.572183132171631,327840000,0.0,0.0
2019-09-13,4.5056861348251465,4.542656671511425,4.470700447290319,4.514370441436768,324592000,0.0,0.0
2019-09-16,4.4394371416410685,4.505934323774935,4.429015973241978,4.471445083618164,231832000,0.0,0.0
2019-09-17,4.478142318387597,4.496999796584713,4.431743059305091,4.492781639099121,223048000,0.0,0.0
2019-09-18,4.485836191910457,4.50146794370118,4.379390729822373,4.465737819671631,258152000,0.0,0.0
2019-09-19,4.471692874494908,4.4900543855638855,4.379638751098391,4.390308380126953,245476000,0.0,0.0
2019-09-20,4.389315003161526,4.412886619826779,4.274681707434538,4.284854412078857,350244000,0.0,0.0
2019-09-23,4.2851032652130385,4.383608372625145,4.281381081944904,4.338201522827148,249712000,0.0,0.0
2019-09-24,4.369466098255861,4.398992741117697,4.245404032758619,4.280885696411133,317268000,0.0,0.0
2019-09-25,4.280389417695528,4.441918475704812,4.235726996619059,4.422316551208496,308432000,0.0,0.0
2019-09-26,4.412639281386251,4.421323587396591,4.349367368157565,4.400232791900635,234564000,0.0,0.0
2019-09-27,4.358549010219323,4.409166456453451,4.201238098987705,4.261780738830566,362056000,0.0,0.0
2019-09-30,4.287584127080288,4.329268789372331,4.256320157102148,4.319095611572266,186184000,0.0,0.0
2019-10-01,4.342172912447982,4.4910475069552,4.312646265369863,4.3173604011535645,366008000,0.0,0.0
2019-10-02,4.295524372954725,4.30743441273116,4.221335322035488,4.293539524078369,293372000,0.0,0.0
2019-10-03,4.298005428034308,4.504940819375018,4.267734354712672,4.498737812042236,450588000,0.0,0.0
2019-10-04,4.5009704821810725,4.544392478423426,4.435962191591994,4.515113830566406,265524000,0.0,0.0
2019-10-07,4.579874825820831,4.673169354026785,4.57119051991119,4.573671817779541,480984000,0.0,0.0
2019-10-08,4.482113596779682,4.482113596779682,4.379390327827567,4.39750337600708,444436000,0.0,0.0
2019-10-09,4.474173273041271,4.533227019421583,4.445391073078044,4.483850002288818,292412000,0.0,0.0
2019-10-10,4.4816184414725875,4.59228159976039,4.476407857066908,4.541416168212891,309124000,0.0,0.0
2019-10-11,4.62528122390011,4.697981398600452,4.606423740557816,4.6148600578308105,446404000,0.0,0.0
2019-10-14,4.6061769102518095,4.649102475168107,4.575161388848153,4.628260135650635,200040000,0.0,0.0
2019-10-15,4.7183289420364085,4.9448663136536535,4.704433577189583,4.872413635253906,664124000,0.0,0.0
2019-10-16,4.8384195350964045,4.943128115909698,4.807404025256043,4.818817615509033,428944000,0.0,0.0
2019-10-17,4.863232748568946,4.908143152806004,4.766464021904346,4.820803642272949,263436000,0.0,0.0
2019-10-18,4.821299651818596,4.853804039838178,4.652327188895104,4.726516246795654,307440000,0.0,0.0
2019-10-21,4.787802639758155,4.876879481697929,4.768945154666601,4.863480567932129,261868000,0.0,0.0
2019-10-22,4.920300838221016,5.0252574148366165,4.845863798218304,4.853555679321289,328720000,0.0,0.0
2019-10-23,4.771676827879544,4.854798209706151,4.739916865155491,4.840655326843262,279916000,0.0,0.0
2019-10-24,4.881841793248821,4.918067891470254,4.847849005161255,4.884571552276611,232020000,0.0,0.0
2019-10-25,4.964963768071458,5.095973274992065,4.957271886168225,5.075130939483643,423092000,0.0,0.0
2019-10-28,5.1188014829040185,5.183313824702207,5.0895228229055824,5.130959987640381,330792000,0.0,0.0
2019-10-29,5.117064417188749,5.1235158877409255,5.015582009257789,5.034935474395752,211236000,0.0,0.0
2019-10-30,5.0617311428153435,5.067438174606939,4.968932600496484,5.036918640136719,205960000,0.0,0.0
2019-10-31,5.016076332521951,5.036918664499523,4.908142489595868,4.987790107727051,209732000,0.0,0.0
2019-11-01,4.952557217600477,5.059002677306178,4.927496723078887,5.02674674987793,283640000,0.0,0.0
2019-11-04,5.107634695669968,5.235418937100487,5.0845595239398795,5.223012447357178,376716000,0.0,0.0
2019-11-05,5.22276535854175,5.248818281598434,5.153042435938191,5.200930595397949,300868000,0.0,0.0
2019-11-06,5.1768616032258,5.202418072769225,5.064461125716639,5.151801109313965,269012000,0.0,0.0
2019-11-07,5.238147862634401,5.252787188243311,5.124754967800568,5.169417381286621,280340000,0.0,0.0
2019-11-08,5.152546026326252,5.187035266304387,5.115079039244236,5.155523300170898,189100000,0.0,0.0
2019-11-11,5.154779987523173,5.188524798084235,5.068680862721231,5.165449619293213,243436000,0.0,0.0
2019-11-12,5.203659881633516,5.256758625704611,5.168674189772201,5.200930595397949,283504000,0.0,0.0
2019-11-13,5.169664647905079,5.197206434162051,5.108874517231011,5.175123691558838,300188000,0.0,0.0
2019-11-14,5.184056440523006,5.207628531573418,5.1242587289005215,5.205395221710205,518080000,0.0,0.0
2019-11-15,5.20316285160327,5.254772716233634,4.978362355062665,5.066446781158447,1053628000,0.0,0.0
2019-11-18,5.059002242127451,5.293727427889438,5.056024968744003,5.267178535461426,574588000,0.0,0.0
2019-11-19,5.236162679329766,5.259734296826919,5.10267189625571,5.160732746124268,414564000,0.0,0.0
2019-11-20,5.137905552880523,5.32350216574159,5.1252510770289295,5.239884376525879,472588000,0.0,0.0
2019-11-21,5.235419469967482,5.29099903524504,5.193486334907724,5.215073108673096,288388000,0.0,0.0
2019-11-22,5.23765150302719,5.284050778422608,5.209117287982455,5.232689380645752,224100000,0.0,0.0
2019-11-25,5.360473109148967,5.493715914396623,5.347570644518459,5.488753318786621,506476000,0.0,0.0
2019-11-26,5.471136134479743,5.4758507421905955,5.377841610563299,5.384293079376221,385244000,0.0,0.0
2019-11-27,5.42973343957815,5.4639994792560005,5.39273562678228,5.419055938720703,215784000,0.004,0.0
2019-11-29,5.388266895376397,5.416573524581934,5.357973005159174,5.381810665130615,141556000,0.0,0.0
2019-12-02,5.374859098349571,5.388267902993089,5.1806829171469,5.195829391479492,372036000,0.0,0.0
2019-12-03,5.0125768312869035,5.160319424647662,4.975330851085942,5.156346797943115,465232000,0.0,0.0
2019-12-04,5.239777554688436,5.262125237158131,5.1714931798569586,5.200048446655273,273424000,0.0,0.0
2019-12-05,5.221901034014239,5.237544320755254,5.152623012378893,5.183165073394775,184884000,0.0,0.0
2019-12-06,5.252194759398877,5.301111409899657,5.242262242631657,5.26833438873291,232236000,0.0,0.0
2019-12-09,5.245490357941851,5.322962283735688,5.236799642574766,5.26833438873291,211880000,0.0,0.0
2019-12-10,5.298377521688799,5.364924220810174,5.2457364352135185,5.313276290893555,256388000,0.0,0.0
2019-12-11,5.3237060196867665,5.402171084009661,5.321222891078075,5.396708011627197,233796000,0.0,0.0
2019-12-12,5.367904674619111,5.581945344521159,5.358965790344056,5.56381893157959,404348000,0.0,0.0
2019-12-13,5.566798685120836,5.685737844111824,5.507949532561871,5.561832427978516,454704000,0.0,0.0
2019-12-16,5.609259960549348,5.662894219865034,5.581201029609997,5.590636730194092,320976000,0.0,0.0
2019-12-17,5.609258410224932,5.691199748645406,5.599822712248739,5.668603897094727,321196000,0.0,0.0
2019-12-18,5.7033691892957465,5.759238415249279,5.694926644287925,5.698899745941162,343548000,0.0,0.0
2019-12-19,5.7334122035345985,5.860048908461118,5.728445946806113,5.846640110015869,445360000,0.0,0.0
2019-12-20,5.912939172025918,5.969056556472386,5.893819601347594,5.943729400634766,603044000,0.0,0.0
2019-12-23,5.972283588393631,6.004315138783203,5.919394328318598,5.9300713539123535,355060000,0.0,0.0
2019-12-24,5.9146767160689135,5.94223882710578,5.880410205351006,5.925105571746826,138864000,0.0,0.0
2019-12-26,5.928582980707063,5.9673189406850975,5.90971157915814,5.939260482788086,182852000,0.0,0.0
2019-12-27,5.954405695747302,5.967814494817426,5.855331095356012,5.881651878356934,254644000,0.0,0.0
2019-12-30,5.859801829264254,5.8650162577180085,5.737386372392708,5.768672943115234,258056000,0.0,0.0
2019-12-31,5.733413233709171,5.852104233361392,5.714293662838255,5.842668533325195,231004000,0.0,0.0
2020-01-02,5.928334143962491,5.957137584686279,5.877928004293768,5.957137584686279,237536000,0.0,0.0
2020-01-03,5.837701493917199,5.905489527898822,5.812870682746855,5.86178731918335,205384000,0.0,0.0
2020-01-06,5.7686728146404915,5.891584610374977,5.742600672952375,5.8863701820373535,262636000,0.0,0.0
2020-01-07,5.914676274753172,6.003322015009585,5.869732740939853,5.9576334953308105,314856000,0.0,0.0
2020-01-08,5.95341258476723,6.010026777884842,5.913435305232208,5.968807697296143,277108000,0.0,0.0
2020-01-09,6.05497138322673,6.106619328463074,5.980727580351589,6.034361839294434,255112000,0.0,0.0
2020-01-10,6.141382428610203,6.171675845067106,6.052488493024343,6.066641807556152,316296000,0.0,0.0
2020-01-13,6.149575074900235,6.281922547417349,6.126978749107095,6.256843566894531,319840000,0.0,0.0
2020-01-14,6.214136170566636,6.2394638021876485,6.126980379230819,6.140141010284424,359088000,0.0,0.0
2020-01-15,6.152803842842512,6.175151528370707,6.0718556439041,6.097679615020752,263104000,0.0,0.0
2020-01-16,6.151065616620908,6.187070273217819,6.127724774613784,6.181110858917236,284192000,0.0,0.0
2020-01-17,6.200231505070186,6.207680892640402,6.142375968406058,6.189802646636963,253792000,0.0,0.0
2020-01-21,6.15330035826598,6.1900499995595695,6.122510131063469,6.156528472900391,217916000,0.0,0.0
2020-01-22,6.201720834154756,6.296822351590504,6.182849433154044,6.210411548614502,239240000,0.0,0.0
2020-01-23,6.25038990641841,6.287139081474139,6.161744136844011,6.278696537017822,244516000,0.0,0.0
2020-01-24,6.393909849337127,6.443571474503476,6.165467226066961,6.219598293304443,373512000,0.0,0.0
2020-01-27,5.915670309087849,6.015241734130673,5.766437730526591,5.964338779449463,470536000,0.0,0.0
2020-01-28,6.030140227168706,6.189553496525558,5.977002312846959,6.157273769378662,310976000,0.0,0.0
2020-01-29,6.14287149171336,6.178876146984177,6.057205210302912,6.096934795379639,258848000,0.0,0.0
2020-01-30,5.999350082914366,6.117047926796072,5.944474498630881,6.103639125823975,290504000,0.0,0.0
2020-01-31,6.057949143535364,6.069867969626334,5.829010214003755,5.870725631713867,370420000,0.0,0.0
2020-02-03,5.852599959031598,5.98693422980452,5.846392374463058,5.96756649017334,255564000,0.0,0.0
2020-02-04,6.109102012462837,6.155535525631463,6.059192213756811,6.136415481567383,271544000,0.0,0.0
2020-02-05,6.257092639009255,6.2672733245790635,6.143367902231967,6.226551055908203,208220000,0.0,0.0
2020-02-06,6.26081803092759,6.313210487365723,6.179869829185719,6.313210487365723,218284000,0.0,0.0
2020-02-07,6.273232096107117,6.295331607709039,6.2218323319492725,6.247159957885742,189752000,0.0,0.0
2020-02-10,6.269756297361858,6.5304786470167295,6.26479004009398,6.529734134674072,529608000,0.0,0.0
2020-02-11,6.637747456396143,6.766370485265698,6.575918833727905,6.651900768280029,638556000,0.0,0.0
2020-02-12,6.704542714595026,6.773820731779094,6.66580675646444,6.767364501953125,374644000,0.0,0.0
2020-02-13,6.709509538364573,6.790705918000455,6.682195591919942,6.723662853240967,528016000,0.0,0.0
2020-02-14,7.132872187223781,7.3243170050003235,7.101585618170038,7.1956939697265625,1041924000,0.0,0.0
2020-02-18,7.092645781534283,7.382420676341161,7.073278042077014,7.3640456199646,620164000,0.0,0.0
2020-02-19,7.486213518147479,7.831857176120988,7.486213518147479,7.814227104187012,694332000,0.0,0.0
2020-02-20,7.766305038885918,7.8544539884658295,7.358584533715632,7.665244102478027,810052000,0.0,0.0
2020-02-21,7.55325518562131,7.578334165544032,7.217295459903373,7.301968097686768,768180000,0.0,0.0
2020-02-24,6.709012016382708,6.999035117860609,6.654632773657176,6.785738945007324,856916000,0.0,0.0
2020-02-25,6.860727875099218,6.9225565056275835,6.4053325514422745,6.506890296936035,1055496000,0.0,0.0
2020-02-26,6.507138012452967,6.839621511425255,6.505648514112078,6.645941734313965,747732000,0.0,0.0
2020-02-27,6.3331371030939225,6.6337688114067115,6.183815236866364,6.275992393493652,906416000,0.004,0.0
2020-02-28,6.024056858575295,6.769423944264948,6.007410467266816,6.710042953491211,1133252000,0.0,0.0
2020-03-02,6.8797401368075715,6.8968836449299324,6.484695439938217,6.868062496185303,890744000,0.0,0.0
2020-03-03,6.92371612752799,6.983345447200676,6.520969308117952,6.606189727783203,652792000,0.0,0.0
2020-03-04,6.7132732703781945,7.078254667313152,6.6387362744594425,7.068813323974609,597408000,0.0,0.0
2020-03-05,6.869801250527407,7.036266618537501,6.745573378098731,6.7900471687316895,540328000,0.0,0.0
2020-03-06,6.610908530328439,6.668302014749807,6.410156205287758,6.609914779663086,515412000,0.0,0.0
2020-03-09,5.960453575849489,6.444942493367722,5.917719439491681,6.098098278045654,614160000,0.0,0.0
2020-03-10,6.373883859992634,6.486682891845703,6.111763432916438,6.486682891845703,580648000,0.0,0.0
2020-03-11,6.347050458285673,6.375374493338396,6.0267911071692835,6.123688697814941,499964000,0.0,0.0
2020-03-12,5.601681521561961,5.86653526687341,5.361673438486858,5.374344825744629,816540000,0.0,0.0
2020-03-13,5.726903790319086,5.988279202422606,5.456335828036192,5.98380708694458,634836000,0.0,0.0
2020-03-16,5.277446158270043,5.617582281021413,4.820039414726194,4.879668712615967,726972000,0.0,0.0
2020-03-17,4.991724583367149,5.487394033851727,4.7455051181713985,5.398198127746582,833632000,0.0,0.0
2020-03-18,4.971598580707773,5.2160788021116335,4.489097754797849,5.039178371429443,874268000,0.0,0.0
2020-03-19,5.017811170475434,5.384780539879821,4.804885019488233,5.291361331939697,765512000,0.0,0.0
2020-03-20,5.441179660332024,5.7224315012787486,5.096571825269619,5.111976146697998,804636000,0.0,0.0
2020-03-23,5.11098266460325,5.378569879183568,4.932343026928404,5.284404754638672,643876000,0.0,0.0
2020-03-24,5.6896372869902105,6.277483945056617,5.666034158409247,6.191020965576172,1101644000,0.0,0.0
2020-03-25,6.305805593471,6.505067080541429,6.053871523402629,6.102569103240967,793432000,0.0,0.0
2020-03-26,6.309282677474203,6.515004213757504,6.211391373110789,6.391273498535156,696108000,0.0,0.0
2020-03-27,6.211392945580001,6.53736691560444,6.178596798409605,6.279221534729004,638828000,0.0,0.0
2020-03-30,6.344564041150711,6.607927401951479,6.300587374617888,6.598734378814697,602252000,0.0,0.0
2020-03-31,6.638737263039747,6.842471369775912,6.403946662410681,6.549293518066406,949960000,0.0,0.0
2020-04-01,6.351771819080358,6.49786364712741,5.994740813490309,6.039214134216309,656912000,0.0,0.0
2020-04-02,6.0682825701850485,6.36046665043996,6.020330892045501,6.347298622131348,675764000,0.0,0.0
2020-04-03,6.309781168533182,6.351273226478855,5.922935826420933,6.060083389282227,663212000,0.0,0.0
2020-04-06,6.341583273592423,6.705322589635028,6.284189783712524,6.668550968170166,727884000,0.0,0.0
2020-04-07,6.889676590192596,6.913280185472903,6.392765179884151,6.435748100280762,784520000,0.0,0.0
2020-04-08,6.544571154388917,6.65737015384119,6.474755072203678,6.632524490356445,542444000,0.0,0.0
2020-04-09,6.757995142898604,6.7808528319552455,6.470283210937693,6.533142566680908,525564000,0.0,0.0
2020-04-13,6.473514482047425,6.713274312781902,6.385312806711786,6.704578399658203,398408000,0.0,0.0
2020-04-14,6.8325308044020225,7.088936948955729,6.804952210354269,7.054898738861084,530948000,0.0,0.0
2020-04-15,6.887192650096263,7.060366418638952,6.841973904473054,6.977630615234375,366148000,0.0,0.0
2020-04-16,7.132666038579894,7.4288250826384346,7.119498012035005,7.321989059448242,745620000,0.0,0.0
2020-04-17,7.403979518242918,7.425346817946539,7.129187769906479,7.262856960296631,539120000,0.0,0.0
2020-04-20,7.136641723005758,7.2921748539610265,7.087695825238775,7.13192081451416,449388000,0.0,0.0
2020-04-21,7.014153773290799,7.075273479581441,6.6365009587876695,6.696130275726318,735160000,0.0,0.0
2020-04-22,6.887937472455997,7.152294614390537,6.842470411605959,7.109560012817383,483356000,0.0,0.0
2020-04-23,7.1515491508620865,7.28323037195008,7.031296300850552,7.056390285491943,424160000,0.0,0.0
2020-04-24,7.0462045218903055,7.1970167604675614,6.971667519957497,7.195029258728027,352328000,0.0,0.0
2020-04-27,7.3291949610384926,7.540630723793758,7.304597615042217,7.38112211227417,479388000,0.0,0.0
2020-04-28,7.528207409397369,7.558022301469902,7.233539222714368,7.239005088806152,442904000,0.0,0.0
2020-04-29,7.3734203929741255,7.468082150925123,7.298386754372791,7.415409564971924,379160000,0.0,0.0
2020-04-30,7.361494701113532,7.4154098329912435,7.2479507252078275,7.261864185333252,375916000,0.0,0.0
2020-05-01,7.064838190964827,7.177885523416327,6.9776302758674795,7.0258307456970215,342096000,0.0,0.0
2020-05-04,6.978624046997186,7.250931680845557,6.978624046997186,7.237266540527344,317556000,0.0,0.0
2020-05-05,7.3411205831014055,7.460379202042256,7.237265811479823,7.298137664794922,368896000,0.0,0.0
2020-05-06,7.377396825937487,7.503363884357336,7.339631445560252,7.398763656616211,323464000,0.0,0.0
2020-05-07,7.53764894288539,7.637776560709775,7.486467223583362,7.574668884277344,373732000,0.0,0.0
2020-05-08,7.646225596444798,7.770453471200657,7.612435694125016,7.764242172241211,339216000,0.0,0.0
2020-05-11,7.759270817320762,8.062387051955826,7.730698470823319,8.015677452087402,469060000,0.0,0.0
2020-05-12,8.073319732712656,8.122016839695085,7.744612838906281,7.754302501678467,493060000,0.0,0.0
2020-05-13,7.868592147324393,8.028597396671517,7.547835743178876,7.7319416999816895,625852000,0.0,0.0
2020-05-14,7.793309777295403,7.986359954701041,7.640012472403953,7.980894088745117,602312000,0.0,0.0
2020-05-15,7.841014174290787,8.447991229472853,7.825361531965535,8.438302040100098,987660000,0.0,0.0
2020-05-18,8.706387148464692,8.861423687235062,8.626881376959409,8.696200370788574,774460000,0.0,0.0
2020-05-19,8.735954068627267,9.031367805345381,8.708623779422311,8.751110076904297,717320000,0.0,0.0
2020-05-20,8.935458155789997,8.987136970612097,8.833839707915937,8.91458797454834,587536000,0.0,0.0
2020-05-21,8.995586026116163,8.996579302842104,8.683525585423418,8.72104263305664,761068000,0.0,0.0
2020-05-22,8.770735645480487,9.036832475277743,8.659427960573646,8.970494270324707,1038764000,0.0,0.0
2020-05-26,9.100189819026012,9.125035966345774,8.618434253731596,8.663901329040527,770780000,0.0,0.0
2020-05-27,8.571723864190476,8.579425553108482,7.947354407491266,8.472590446472168,1175892000,0.0,0.0
2020-05-28,8.360284036781087,8.70638315643376,8.327487897378179,8.43457317352295,734896000,0.0,0.0
2020-05-29,8.501659484403891,8.820676803588867,8.432588808088804,8.820676803588867,745256000,0.0,0.0
2020-06-01,8.778684720302685,8.786138087525295,8.63582251257563,8.751851081848145,389876000,0.0,0.0
2020-06-02,8.741913641016255,8.782659789629411,8.604517298064136,8.770733833312988,391320000,0.0,0.0
2020-06-03,8.76775774648345,8.811485644519243,8.646262297682918,8.715332984924316,365440000,0.0,0.0
2020-06-04,8.678044382274448,8.892062399305495,8.627833505931573,8.716324806213379,424280000,0.004,0.0
2020-06-05,8.74416371287131,8.945504066976902,8.658158641672431,8.868945121765137,481748000,0.0,0.0
2020-06-08,8.826439266640982,8.838867531118344,8.636035637772176,8.754603385925293,387736000,0.0,0.0
2020-06-09,8.749635977965914,9.057612820488973,8.701165060109494,8.994227409362793,468488000,0.0,0.0
2020-06-10,9.115277601014839,9.44562557035412,9.10110841167236,9.313138008117676,632180000,0.0,0.0
2020-06-11,9.097626534337008,9.2082396818831,8.735710639738112,8.745902061462402,583652000,0.0,0.0
2020-06-12,9.110057459617575,9.134665556600186,8.653435597146515,8.881373405456543,570908000,0.0,0.0
2020-06-15,8.764796757454038,9.129695879836865,8.693705210339283,9.121244430541992,400004000,0.0,0.0
2020-06-16,9.17220189162035,9.213712893600825,8.788162066934026,9.016596794128418,535716000,0.0,0.0
2020-06-17,9.061588926015345,9.245778000808796,9.018336998285697,9.183138847351074,408304000,0.0,0.0
2020-06-18,9.174188600931451,9.229370971612544,9.062332316008169,9.165240287780762,254408000,0.0,0.0
2020-06-19,9.18959858782948,9.390938922555518,9.174435670130153,9.208240509033203,524160000,0.0,0.0
2020-06-22,9.246772592444106,9.476698867117852,9.220175131984616,9.472224235534668,398468000,0.0,0.0
2020-06-23,9.496334887853113,9.58731147203892,9.353656826229907,9.395913124084473,375108000,0.0,0.0
2020-06-24,9.422011483078405,9.50180290042588,9.092160369035703,9.182640075683594,449372000,0.0,0.0
2020-06-25,9.302201008306115,9.450596783301863,9.129694001574956,9.43568229675293,376072000,0.0,0.0
2020-06-26,9.445626707798452,9.445626707798452,9.072773021964302,9.102601051330566,592084000,0.0,0.0
2020-06-29,9.117265272317514,9.151816358411867,8.849058649941636,9.14734172821045,342248000,0.0,0.0
2020-06-30,9.260692369521378,9.471727334858345,9.21346457243952,9.443390846252441,367892000,0.0,0.0
2020-07-01,9.466258537018712,9.520944050860118,9.35912529912411,9.475455284118652,326648000,0.0,0.0
2020-07-02,9.583830317693366,9.681766795044908,9.52342801780693,9.557233810424805,364056000,0.0,0.0
2020-07-06,9.685993330757256,9.852037332291824,9.656910597586103,9.78293514251709,315892000,0.0,0.0
2020-07-07,9.889322168841927,10.01236361484961,9.79436877481935,9.815248489379883,357800000,0.0,0.0
2020-07-08,9.93654906253505,10.166476230955992,9.908461013084509,10.157526969909668,365480000,0.0,0.0
2020-07-09,10.32083863746605,10.509502323054798,10.17492811323484,10.448851585388184,494548000,0.0,0.0
2020-07-10,10.528144672391011,10.594263768223163,10.319346579441985,10.419271469116211,497676000,0.0,0.0
2020-07-13,10.534358603416077,10.730479036979467,9.96762041708971,9.994714736938477,457076000,0.0,0.0
2020-07-14,10.01733260465022,10.343206836594302,9.729489407314276,10.317604064941406,542676000,0.0,0.0
2020-07-15,10.354641590213266,10.373283510935622,9.998193084193694,10.16871166229248,403984000,0.0,0.0
2020-07-16,9.957680388870466,10.148332500176572,9.838864177081126,10.07674503326416,344964000,0.0,0.0
2020-07-17,10.166974030828735,10.189842154212721,10.03001277488039,10.143111228942871,266284000,0.0,0.0
2020-07-20,10.21544491768399,10.470973936765288,10.098617130568732,10.450591087341309,284852000,0.0,0.0
2020-07-21,10.452827165470543,10.499559035477194,10.227872436950578,10.269383430480957,277036000,0.0,0.0
2020-07-22,10.308163260202704,10.541817926787212,10.232598023957133,10.379005432128906,367292000,0.0,0.0
2020-07-23,10.390189182924372,10.486634124309322,9.973836090293624,10.071772575378418,411660000,0.0,0.0
2020-07-24,9.81848093979742,10.305427789555091,9.721042262613368,10.136152267456055,473292000,0.0,0.0
2020-07-27,10.173683955005732,10.381984204127468,10.159266334109978,10.36185073852539,292132000,0.0,0.0
2020-07-28,10.31487200985098,10.322577211722987,10.150816447226648,10.15703010559082,271636000,0.0,0.0
2020-07-29,10.331274645361914,10.456056026782084,10.287775254250858,10.405596733093262,284508000,0.0,0.0
2020-07-30,10.31561792819607,10.562198626174778,10.23632432247183,10.553250312805176,308880000,0.0,0.0
2020-07-31,10.502791478278828,10.704879069341306,10.373286978905037,10.553997039794922,386080000,0.0,0.0
2020-08-03,10.671071950475074,11.0352257339503,10.653920621227677,10.947232246398926,412720000,0.0,0.0
2020-08-04,10.98675327923711,11.163485527038574,10.84357743926811,11.163485527038574,310336000,0.0,0.0
2020-08-05,11.17964702142762,11.306665308984787,11.10234180751494,11.222151756286621,249924000,0.0,0.0
2020-08-06,11.284789542978082,11.292992559456534,11.114768727732969,11.270621299743652,244316000,0.0,0.0
2020-08-07,11.24775201691962,11.43890190925991,10.974326380325055,11.135398864746094,342516000,0.0,0.0
2020-08-10,11.269375985990894,11.342951836490055,10.794359735838071,11.101094245910645,427796000,0.0,0.0
2020-08-11,11.010369467859205,11.073009565510656,10.733960708897198,10.787900924682617,354512000,0.0,0.0
2020-08-12,10.92784561988187,11.401369537124475,10.895531365569134,11.374773025512695,464412000,0.0,0.0
2020-08-13,11.479915466163844,11.654660281162782,11.290754924571592,11.3775053024292,374460000,0.0,0.0
2020-08-14,11.464006479493863,11.637756604352083,11.375019266250126,11.497812271118164,366436000,0.0,0.0
2020-08-17,11.783419809281774,12.33872355776086,11.749614959910962,12.266389846801758,621300000,0.0,0.0
2020-08-18,12.378741454160556,12.424478648175024,12.017073893181932,12.190574645996094,503448000,0.0,0.0
2020-08-19,12.22612167908348,12.244515173044023,12.028757156275493,12.069025993347168,622624000,0.0,0.0
2020-08-20,11.906461947059135,12.304172183815249,11.810762299072946,12.071511268615723,921388000,0.0,0.0
2020-08-21,12.13191431669981,12.735440562334757,12.125451276051237,12.610907554626465,999868000,0.0,0.0
2020-08-24,12.810006820500528,12.838592680399442,12.435910109440096,12.647442817687988,490564000,0.0,0.0
2020-08-25,12.558458967341078,12.688211905350567,12.501785041399724,12.677026748657227,289076000,0.0,0.0
2020-08-26,12.725991685415721,12.79484543135099,12.605187089337212,12.699892044067383,321244000,0.0,0.0
2020-08-27,12.708344712184557,12.776453166999115,12.494575116940183,12.5559720993042,317604000,0.0,0.0
2020-08-28,12.60245349059197,13.072745800414442,12.570139242268583,13.072497367858887,537160000,0.0,0.0
2020-08-31,13.10729583061837,13.497300775546966,12.963126258132377,13.297948837280273,500840000,0.0,0.0
2020-09-01,13.406852036538606,13.9178143132844,13.363588136880525,13.746002197265625,511316000,0.004,0.0
2020-09-02,14.623963657510243,14.646839567379729,13.824574955850318,14.26865291595459,874012000,0.0,0.0
2020-09-03,13.753712472441025,13.809159857079546,12.808867526231621,12.944875717163086,945128000,0.0,0.0
2020-09-04,12.714381712126338,13.103509297412081,11.641237117895182,12.554007530212402,1463684000,0.0,0.0
2020-09-08,11.670827490333822,12.481902772745954,11.640742031689909,11.848359107971191,795728000,0.0,0.0
2020-09-09,12.332716222048454,12.739745856584113,12.165379076629385,12.646007537841797,736200000,0.0,0.0
2020-09-10,12.918769110397905,12.994356938663318,12.100980363374202,12.244945526123047,698684000,0.0,0.0
2020-09-11,12.417750894908565,12.583844529119057,11.831200737246611,12.098492622375488,636928000,0.0,0.0
2020-09-14,13.010020502713123,13.242750033631548,12.562710979011644,12.80240249633789,1201744000,0.0,0.0
2020-09-15,13.207941722010666,13.226590173176504,12.758146125908663,12.920510292053223,727556000,0.0,0.0
2020-09-16,12.886938829831154,13.02170351136844,12.445845856786402,12.4465913772583,556384000,0.0,0.0
2020-09-17,12.066418385960583,12.521436376153515,11.969447587657047,12.39587116241455,792512000,0.0,0.0
2020-09-18,12.525414964806158,12.563954399639542,11.923698214828766,12.123109817504883,698460000,0.0,0.0
2020-09-21,11.86029406096583,12.454551820156114,11.839905113708335,12.44933032989502,721044000,0.0,0.0
2020-09-22,12.506768243734077,12.57937210243199,12.089545037394595,12.569177627563477,646452000,0.0,0.0
2020-09-23,12.507262859802452,12.657941494631,12.013706388530835,12.057964324951172,647012000,0.0,0.0
2020-09-24,12.006747127886591,12.501298687439487,11.94881276363643,12.281000137329102,731240000,0.0,0.0
2020-09-25,12.37995930307491,12.81359341042278,12.179304208660158,12.803895950317383,588016000,0.0,0.0
2020-09-28,12.969493035987947,12.980930993277246,12.680818115759017,12.964271545410156,573808000,0.0,0.0
2020-09-29,12.867297276741818,13.369805617191266,12.86307076343371,13.153983116149902,621460000,0.0,0.0
2020-09-30,13.086104679681076,13.548581635739456,13.078894186765016,13.457080841064453,689184000,0.0,0.0
2020-10-01,13.683347244338666,13.688070771976735,13.387709427168113,13.54062557220459,525004000,0.0,0.0
2020-10-02,13.153237310507993,13.446138660108288,12.980180753980013,12.99137020111084,552496000,0.0,0.0
2020-10-05,13.164179678210838,13.570214312585838,13.151001225511452,13.568473815917969,479820000,0.0,0.0
2020-10-06,13.754956254284847,14.065263568306756,13.590851607157786,13.66196346282959,784420000,0.0,0.0
2020-10-07,13.923785773213117,14.042637510880455,13.788274589231673,13.888229370117188,418084000,0.0,0.0
2020-10-08,13.998627485782533,14.008076438662577,13.683348120251452,13.763659477233887,378900000,0.0,0.0
2020-10-09,13.692296805511859,13.74923617459827,13.586623535879733,13.688069343566895,346892000,0.0,0.0
2020-10-12,13.913591020870141,14.269151250700197,13.837009167737346,14.148807525634766,434744000,0.0,0.0
2020-10-13,14.218925925974037,14.27064381415561,13.94268301085505,14.170937538146973,344604000,0.0,0.0
2020-10-14,14.212959397087152,14.264925797389301,13.884253040032485,14.018769264221191,276100000,0.0,0.0
2020-10-15,13.73581225732956,13.929753875044918,13.693045357210385,13.894198417663574,267224000,0.0,0.0
2020-10-16,13.960585989677563,14.044876308011847,13.717661001997262,13.736557960510254,242392000,0.0,0.0
2020-10-19,13.827559686516892,13.907622529912283,13.334002276993704,13.424509048461914,298068000,0.0,0.0
2020-10-20,13.509794959370556,13.724871990223454,13.43371011402251,13.57145881652832,229212000,0.0,0.0
2020-10-21,13.551072725411176,13.716669411607047,13.404373001085998,13.451366424560547,219596000,0.0,0.0
2020-10-22,13.449125399181334,13.53789073143853,13.159952541281239,13.288501739501953,290480000,0.0,0.0
2020-10-23,13.377018906592749,13.519492082140397,13.219130715639897,13.516508102416992,233484000,0.0,0.0
2020-10-26,13.35414524503633,13.618453219253427,12.967753030635334,13.069945335388184,336896000,0.0,0.0
2020-10-27,13.233798365065633,13.369061027837251,13.119919622663886,13.324056625366211,250520000,0.0,0.0
2020-10-28,13.126385854290977,13.188049707227659,12.540582096891148,12.558484077453613,376520000,0.0,0.0
2020-10-29,12.768837386000987,13.121165154152697,12.68081757068752,12.953330993652344,320080000,0.0,0.0
2020-10-30,12.780274436354883,12.86630429338477,12.233258625540165,12.465989112854004,416820000,0.0,0.0
2020-11-02,12.589067357205305,12.767095978819652,12.327743402774802,12.51248550415039,299652000,0.0,0.0
2020-11-03,12.639541166978166,13.033889318221213,12.534364903155558,12.948853492736816,272900000,0.0,0.0
2020-11-04,13.316598246406535,13.752470792021674,13.264631851760678,13.719400405883789,410228000,0.0,0.0
2020-11-05,14.085654042162565,14.261195715728805,13.915084403700495,14.08316707611084,319028000,0.0,0.0
2020-11-06,14.03318712124654,14.509588050674013,13.819603063155224,14.482983589172363,383348000,0.0,0.0
2020-11-09,14.473538060697685,14.611783787458327,13.536898411202461,13.55678939819336,582976000,0.0,0.0
2020-11-10,13.532667608550586,13.532667608550586,12.559726270533163,12.70070743560791,644068000,0.0,0.0
2020-11-11,12.982918253581106,13.362099908071459,12.877990493799244,13.345191955566406,404744000,0.0,0.0
2020-11-12,13.40586224042425,13.69130466553018,13.243746581825867,13.383732795715332,365812000,0.0,0.0
2020-11-13,13.55330655700008,13.59458146386751,12.988388755362086,13.224848747253418,346312000,0.0,0.0
2020-11-16,13.101021962780749,13.575433861635306,13.084611974472585,13.441912651062012,413776000,0.0,0.0
2020-11-17,13.478961861207623,13.522474277402354,13.231561881843696,13.349418640136719,312028000,0.0,0.0
2020-11-18,13.392184564746637,13.531922248694801,13.113455665930692,13.35588264465332,510924000,0.0,0.0
2020-11-19,13.14105832367257,13.414317293026356,13.028920049729892,13.367323875427246,565936000,0.0,0.0
2020-11-20,13.380998788450635,13.421278723505878,12.994108622693009,13.016736030578613,341088000,0.0,0.0
2020-11-23,13.09978409118747,13.309887218980153,12.944878906259452,13.068703651428223,361356000,0.0,0.0
2020-11-24,13.071187820752932,13.090581792368083,12.815085336874446,12.88744068145752,346500000,0.0,0.0
2020-11-25,12.961785056669386,13.197498593327106,12.949353072197923,13.16293716430664,259916000,0.0,0.0
2020-11-27,13.30242518425179,13.334749099812084,13.099034635548598,13.189291954040527,167276000,0.0,0.0
2020-11-30,13.193025221888577,13.339724933395338,12.901863309749812,13.328783988952637,286952000,0.0,0.0
2020-12-01,13.419038982985601,13.455340904435158,13.156470608275669,13.317343711853027,296948000,0.0,0.0
2020-12-02,13.278059756096301,13.599307099572938,13.162440495333444,13.471007347106934,283360000,0.0,0.0
2020-12-03,13.517764495771466,13.589892631736793,13.260592045398973,13.327247619628906,199520000,0.004,0.0
2020-12-04,13.379478105518432,13.490406591655205,13.320035154421149,13.488665580749512,202244000,0.0,0.0
2020-12-07,13.531446072669704,13.660779007324052,13.430716006232535,13.536917686462402,223244000,0.0,0.0
2020-12-08,13.515277208917487,13.528956715154852,13.213334699311595,13.28148365020752,271920000,0.0,0.0
2020-12-09,13.232239927292921,13.345157072993244,12.802208270774445,12.864387512207031,401300000,0.0,0.0
2020-12-10,12.802953380691694,13.001678158655883,12.783552731095787,12.905673027038574,207764000,0.0,0.0
2020-12-11,12.900699188489625,12.953179048728904,12.757189593634664,12.946463584899902,209264000,0.0,0.0
2020-12-14,13.020827307185531,13.320033514605955,13.010381243037374,13.24044418334961,270156000,0.0,0.0
2020-12-15,13.370772848841048,13.394898420852309,13.119072012231975,13.291930198669434,193016000,0.0,0.0
2020-12-16,13.353610324590434,13.368285100210734,13.144688085865043,13.174534797668457,223116000,0.0,0.0
2020-12-17,13.29814602797572,13.31083121205672,13.110862615374025,13.272777557373047,231384000,0.0,0.0
2020-12-18,13.310334366601626,13.336200948982984,13.003418348495277,13.20388412475586,342064000,0.0,0.0
2020-12-21,13.007647270428471,13.301381917619228,12.900947489997865,13.263825416564941,302332000,0.0,0.0
2020-12-22,13.25089297888134,13.26880025003233,12.98700409143935,13.210103034973145,185580000,0.0,0.0
2020-12-23,13.187966443845962,13.206868984202535,12.938255185424696,12.942482948303223,179144000,0.0,0.0
2020-12-24,12.970335856618536,13.065097114844084,12.872342106360044,12.927059173583984,97884000,0.0,0.0
2020-12-28,12.995460029586082,12.995460029586082,12.697746203513814,12.833793640136719,212564000,0.0,0.0
2020-12-29,12.858664715222053,13.005407733251095,12.776339097439232,12.87682056427002,170372000,0.0,0.0
2020-12-30,12.923580016159637,13.145933201726493,12.830560696633615,13.078282356262207,225396000,0.0,0.0
2020-12-31,13.069082657554468,13.08350790828013,12.848719020778482,12.988000869750977,192424000,0.0,0.0
2021-01-04,13.036995675741743,13.582432117374609,12.89597283811847,13.046197891235352,560640000,0.0,0.0
2021-01-05,13.032517804717118,13.374503578803857,13.019833567840328,13.335952758789062,322760000,0.0,0.0
2021-01-06,13.15463928774817,13.177023851121177,12.521406527298588,12.549759864807129,580424000,0.0,0.0
2021-01-07,12.900945853564691,13.30909096314701,12.820362197139659,13.275513648986816,461480000,0.0,0.0
2021-01-08,13.293920064625954,13.35211916574799,12.975064589250893,13.208609580993652,292528000,0.0,0.0
2021-01-11,13.349880341033488,13.889347964433247,13.293919414175052,13.551589965820312,518344000,0.0,0.0
2021-01-12,13.681917255790076,13.683907795701348,13.276509362154492,13.415541648864746,291476000,0.0,0.0
2021-01-13,13.420763670245865,13.555071023692324,13.316303027862848,13.462299346923828,210028000,0.0,0.0
2021-01-14,13.505327416462048,13.529950146558164,13.112852370232488,13.132500648498535,283120000,0.0,0.0
2021-01-15,13.160110379541644,13.256861253737839,12.78255862740494,12.793501853942871,277780000,0.0,0.0
2021-01-19,12.949443283917244,13.026794434162827,12.77807756821684,12.95839786529541,226188000,0.0,0.0
2021-01-20,13.044455477389974,13.361569918313185,12.9897384021598,13.297152519226074,258572000,0.0,0.0
2021-01-21,13.349633500056223,13.92740343699707,13.18498319061641,13.796329498291016,337780000,0.0,0.0
2021-01-22,13.669478414090953,13.77070654815248,13.557307056966378,13.642119407653809,246820000,0.0,0.0
2021-01-25,13.71101709190849,13.75752722329833,13.168565561333795,13.583176612854004,251112000,0.0,0.0
2021-01-26,13.510800674012138,13.574720917203404,13.318791364133517,13.366296768188477,163980000,0.0,0.0
2021-01-27,13.162099460401164,13.164835741319445,12.728088683861888,12.851452827453613,371272000,0.0,0.0
2021-01-28,12.929550776066513,13.271288001422864,12.893983865173437,12.98401927947998,228316000,0.0,0.0
2021-01-29,13.007893762775277,13.266310987846254,12.845233076128466,12.923081398010254,271552000,0.0,0.0
2021-02-01,12.98626118749591,13.202644714425112,12.83653325568601,13.169068336486816,217204000,0.0,0.0
2021-02-02,13.329983047797578,13.502343114382933,13.217313559304229,13.48717212677002,220440000,0.0,0.0
2021-02-03,13.566016436499996,13.860249190894029,13.447130528740699,13.461058616638184,245408000,0.0,0.0
2021-02-04,13.461556515268784,13.603325102728808,13.26929860641241,13.594122886657715,201340000,0.0,0.0
2021-02-05,13.654559959985026,13.666747036533561,13.476229206080044,13.521246910095215,169152000,0.0,0.0
2021-02-08,13.65679743774099,14.399466174887932,13.65679743774099,14.364645957946777,434624000,0.0,0.0
2021-02-09,14.267148904678315,14.508404628817875,14.149505903817214,14.190047264099121,287560000,0.0,0.0
2021-02-10,14.389020780396104,14.828503172781936,14.267895756343098,14.688475608825684,485352000,0.0,0.0
2021-02-11,14.903367720561645,15.193868916559543,14.848401111304003,15.172478675842285,450828000,0.0,0.0
2021-02-12,14.972759615299346,15.212771494540394,14.699170418654422,14.884465217590332,374756000,0.0,0.0
2021-02-16,14.986936092155004,15.293604492895591,14.873272272609666,15.251570701599121,321960000,0.0,0.0
2021-02-17,15.093134716289269,15.145365982303526,14.704141719849904,14.829495429992676,274756000,0.0,0.0
2021-02-18,14.653405352105606,14.796914923640662,14.50019545688719,14.75289249420166,233868000,0.0,0.0
2021-02-19,14.947391142889295,15.099108634072808,14.77055375591211,14.849894523620605,271724000,0.0,0.0
2021-02-22,14.69892327018391,15.055583866437722,14.251481515501311,14.282073974609375,325884000,0.0,0.0
2021-02-23,14.003010965897,14.165672613131727,13.320780447752483,14.069418907165527,391780000,0.0,0.0
2021-02-24,14.050269867109018,14.43229893762585,13.685401378528587,14.424588203430176,448320000,0.0,0.0
2021-02-25,13.973412803941994,14.300973298154094,13.148419454042376,13.239200592041016,824436000,0.0,0.0
2021-02-26,13.68191671453805,13.78339344846942,13.292426514142514,13.644112586975098,500932000,0.0,0.0
2021-03-01,13.803788241965915,13.853531812773983,13.483689896095202,13.770709037780762,353184000,0.0,0.0
2021-03-02,13.828659823403687,13.849054792199592,13.32724682102197,13.337444305419922,264116000,0.0,0.0
2021-03-03,13.357343042088633,13.382462935621067,12.733063022967233,12.739032745361328,377592000,0.0,0.0
2021-03-04,12.735053297663734,12.90840960500294,12.021733103971219,12.3067626953125,573344000,0.0,0.0
2021-03-05,12.485590681099316,12.485590681099316,11.61930914685573,12.397544860839844,542840000,0.0,0.0
2021-03-08,12.38610197088301,12.407242680598653,11.507136309244094,11.5337495803833,543112000,0.0,0.0
2021-03-09,12.072159199010558,12.55632917757728,12.001499113514425,12.460291862487793,521824000,0.004,0.0
2021-03-10,12.779005688253813,12.917837277415549,12.397840483205071,12.408538818359375,384376000,0.0,0.0
2021-03-11,12.887982786943063,12.983772381108242,12.673514929162938,12.9312744140625,299916000,0.0,0.0
2021-03-12,12.587676296414587,12.827024973497226,12.529705783542862,12.794431686401367,243964000,0.0,0.0
2021-03-15,12.803143022661203,13.143505256096866,12.706110083817578,13.128079414367676,221988000,0.0,0.0
2021-03-16,13.292537069306986,13.447790141533767,13.0539352931175,13.22760009765625,272128000,0.0,0.0
2021-03-17,12.977306305551467,13.388826000203004,12.927296885895657,13.277362823486328,243864000,0.0,0.0
2021-03-18,13.073592309996888,13.12086450040622,12.656100861548346,12.661574363708496,293896000,0.0,0.0
2021-03-19,12.6889427194056,12.859621644128715,12.552101370096228,12.784234046936035,299208000,0.0,0.0
2021-03-22,12.850915260869746,13.33035785281536,12.844943476614104,13.1231050491333,297804000,0.0,0.0
2021-03-23,13.190776400457926,13.280594218123273,12.958892409753085,13.008155822753906,222048000,0.0,0.0
2021-03-24,13.088269018279323,13.096231078614293,12.576233274539561,12.582452774047852,245840000,0.0,0.0
2021-03-25,12.439642442353005,12.653861664457352,12.21323193641956,12.475220680236816,295144000,0.0,0.0
2021-03-26,12.494377961706281,12.794683107271615,12.31424498723302,12.777764320373535,363968000,0.0,0.0
2021-03-29,12.758852745692685,12.999943038797916,12.63917887947875,12.886240005493164,273520000,0.0,0.0
2021-03-30,12.780503638471643,12.913115780781816,12.64415960560971,12.810111045837402,200204000,0.0,0.0
2021-03-31,12.953169750877729,13.405990711832604,12.92032779315816,13.284326553344727,314776000,0.0,0.0
2021-04-01,13.507255208263642,13.803578856697488,13.446546506677153,13.74560832977295,308276000,0.0,0.0
2021-04-05,13.801089845669066,13.946887903270396,13.667233455346796,13.920515060424805,255672000,0.0,0.0
2021-04-06,13.932707577763324,13.986946213948366,13.707541356464933,13.795119285583496,191744000,0.0,0.0
2021-04-07,13.814276132527263,14.175289010956332,13.645837117597932,14.07576847076416,251284000,0.0,0.0
2021-04-08,14.184494625705307,14.40219704194107,14.180761787034063,14.24843692779541,244416000,0.0,0.0
2021-04-09,14.145930293598289,14.339001489543403,14.107117501169766,14.331039428710938,195172000,0.0,0.0
2021-04-12,14.221316464351995,15.278976816323755,14.071536912958104,15.136163711547852,869324000,0.0,0.0
2021-04-13,15.158558477798532,15.624815043568274,15.053314813963015,15.604413032531738,676212000,0.0,0.0
2021-04-14,15.550173290053323,15.645215941609269,15.154576843590075,15.203840255737305,385500000,0.0,0.0
2021-04-15,15.587495731609307,16.136603691041266,15.556644047872503,16.059972763061523,598480000,0.0,0.0
2021-04-16,15.976122352137821,16.088333399352724,15.78927161572007,15.836296081542969,335208000,0.0,0.0
2021-04-19,15.46209667219749,15.731798779412195,15.160049939654558,15.288183212280273,404420000,0.0,0.0
2021-04-20,15.249866208010582,15.422784036919696,14.891341936905754,15.098594665527344,334132000,0.0,0.0
2021-04-21,15.046346636639578,15.28892989880131,15.029926132714714,15.28693962097168,216776000,0.0,0.0
2021-04-22,15.301372550222148,15.364568865290124,14.712704831012775,14.779135704040527,277788000,0.0,0.0
2021-04-23,14.862731103886027,15.261562107775354,14.82889448109433,15.192146301269531,227500000,0.0,0.0
2021-04-26,15.112282067435485,15.404873825568805,15.052568979496371,15.403878211975098,197796000,0.0,0.0
2021-04-27,15.503895773425132,15.59545520137398,15.28096851185869,15.308088302612305,164572000,0.0,0.0
2021-04-28,15.290919638482547,15.457866642599491,15.142633030660882,15.20358943939209,209416000,0.0,0.0
2021-04-29,15.32625115862929,15.362576342418699,14.999324504524623,15.251361846923828,173196000,0.0,0.0
2021-04-30,15.101828972953676,15.291415967338622,14.925178308603657,14.937618255615234,201912000,0.0,0.0
2021-05-03,15.052567032150492,15.173733855204558,14.716683684629688,14.765697479248047,203912000,0.0,0.0
2021-05-04,14.567155728925739,14.567404395065287,13.94315842316622,14.282525062561035,405324000,0.0,0.0
2021-05-05,14.638557500689615,14.742557811854514,14.318597354865425,14.389257431030273,292024000,0.0,0.0
2021-05-06,14.425833080432389,14.501469334711977,14.149911470541818,14.453450202941895,193380000,0.0,0.0
2021-05-07,14.737333378945776,14.899054593283333,14.601486723687938,14.741313934326172,229328000,0.0,0.0
2021-05-10,14.716435724758746,14.735096123743787,14.18175896431801,14.197433471679688,268904000,0.0,0.0
2021-05-11,13.758794372476588,14.286007365956934,13.684153723804577,14.237739562988281,285584000,0.0,0.0
2021-05-12,13.942410098916847,14.191959832815755,13.64359884835176,13.692612648010254,303408000,0.0,0.0
2021-05-13,13.966542771255337,14.013318571765083,13.394545268670152,13.599807739257812,285404000,0.0,0.0
2021-05-14,13.823483998849241,14.259386233918178,13.682661142383589,14.174793243408203,258616000,0.0,0.0
2021-05-17,14.089203532423051,14.101394815593933,13.787157729474968,14.097662925720215,216980000,0.0,0.0
2021-05-18,14.198679336756909,14.335272029935817,13.936938287720958,13.94863224029541,186256000,0.0,0.0
2021-05-19,13.50153158198769,14.012075380470698,13.478393295136081,13.998391151428223,344000000,0.0,0.0
2021-05-20,14.234004704040196,14.613429266885895,14.202158362939752,14.542520523071289,321592000,0.0,0.0
2021-05-21,15.09112955927418,15.149101021619929,14.798289203895255,14.919953346252441,672992000,0.0,0.0
2021-05-24,15.139647605689639,15.669597751616458,15.10332242541384,15.537235260009766,554816000,0.0,0.0
2021-05-25,15.690497590957026,15.742745944567211,15.408355532354786,15.572813987731934,435408000,0.0,0.0
2021-05-26,15.658900271738665,15.718115073854618,15.511609264757215,15.6248140335083,370440000,0.0,0.0
2021-05-27,15.624564822611564,15.67457423164348,15.385963061533063,15.41382884979248,581476000,0.0,0.0
2021-05-28,15.426765997018279,16.19954708212294,15.426765997018279,16.166704177856445,644536000,0.0,0.0
2021-06-01,16.192081810450947,16.309765393162294,15.827087498879644,16.186607360839844,472804000,0.0,0.0
2021-06-02,16.17442249509747,16.837730875688383,16.157752372791514,16.69790267944336,594168000,0.0,0.0
2021-06-03,16.62077403418186,17.17635111968771,16.503587746671425,16.888484954833984,580008000,0.0,0.0
2021-06-04,17.030550709204036,17.576424107008513,17.01363381979466,17.49407196044922,617120000,0.0,0.0
2021-06-07,17.48710229431981,17.727196038292035,17.110414943863784,17.534622192382812,575756000,0.0,0.0
2021-06-08,17.443314784213733,17.53711316104232,17.16838687091044,17.373401641845703,323848000,0.0,0.0
2021-06-09,17.435866151003694,17.494845805819946,17.177051714798523,17.279083251953125,381656000,0.004,0.0
2021-06-10,17.270872745755277,17.412225327997316,17.09766651507908,17.345529556274414,287772000,0.0,0.0
2021-06-11,17.399776046347206,17.857430256597556,17.36418966363082,17.74394989013672,416308000,0.0,0.0
2021-06-14,17.82433434092857,17.957224622706175,17.582193863360512,17.936569213867188,321376000,0.0,0.0
2021-06-15,17.833292979468382,17.9340808879031,17.64714558818746,17.707368850708008,243032000,0.0,0.0
2021-06-16,17.70961117675783,17.872862771783062,17.50430069412692,17.729021072387695,307124000,0.0,0.0
2021-06-17,17.69343341937015,18.749095854040014,17.675267140573446,18.57215690612793,809656000,0.0,0.0
2021-06-18,18.698329309981435,19.286633450241315,18.499240721357857,18.553741455078125,968856000,0.0,0.0
2021-06-21,18.3511693418325,18.451959152942997,17.741463607959098,18.34320640563965,672384000,0.0,0.0
2021-06-22,18.387258337480024,18.87726379771211,18.30214755921342,18.800613403320312,580144000,0.0,0.0
2021-06-23,18.92106314894688,19.06540232017143,18.82151882745926,18.9703369140625,332356000,0.0,0.0
2021-06-24,19.14005430634004,19.331426768379632,19.001188991925353,19.117904663085938,320924000,0.0,0.0
2021-06-25,19.192564762102357,19.257268837868793,18.80832557277072,18.944202423095703,278364000,0.0,0.0
2021-06-28,19.272944526076227,19.987172738905034,19.23088754454261,19.893850326538086,495436000,0.0,0.0
2021-06-29,19.79181849083902,20.007081674259897,19.567346857383377,19.93541145324707,367632000,0.0,0.0
2021-06-30,19.90803865725093,20.070544083019442,19.77315668561849,19.911273956298828,326568000,0.0,0.0
2021-07-01,20.033214626548176,20.36270439094077,19.927697171358744,20.11981773376465,480136000,0.0,0.0
2021-07-02,20.34702451247123,20.411728585764077,20.195219897428057,20.3935604095459,342764000,0.0,0.0
2021-07-06,20.642917142581126,20.746940344072726,20.257434361701367,20.604095458984375,446708000,0.0,0.0
2021-07-07,20.758388543871092,20.779790118854034,20.23926744508326,20.27883529663086,418428000,0.0,0.0
2021-07-08,19.76593893142942,20.041176667969573,19.61089900392695,19.81197738647461,503300000,0.0,0.0
2021-07-09,19.871455805781903,19.988668945478935,19.664155534759942,19.958805084228516,296624000,0.0,0.0
2021-07-12,20.147690934282892,20.43910519307565,20.09567932268978,20.418949127197266,321984000,0.0,0.0
2021-07-13,20.307459143346122,20.36793303880323,20.02226675099357,20.15764617919922,290708000,0.0,0.0
2021-07-14,20.264901240088385,20.324627057304227,19.66266101165078,19.751005172729492,380100000,0.0,0.0
2021-07-15,19.721394132584212,19.75648307783893,18.772490778787795,18.879749298095703,550564000,0.0,0.0
2021-07-16,18.94370028142175,19.06962248129004,17.99056708478896,18.07816505432129,688224000,0.0,0.0
2021-07-19,17.83354040544613,18.95515041008201,17.784016036287866,18.6940975189209,749060000,0.0,0.0
2021-07-20,18.644576730253064,18.752083971986252,18.081158128932074,18.527114868164062,434687000,0.0,4.0
2021-07-21,18.79588046130681,19.437939116174313,18.65651959928261,19.32147216796875,371017000,0.0,0.0
2021-07-22,19.552414359226333,19.7962958674944,19.18808253655946,19.5046329498291,323826000,0.0,0.0
2021-07-23,19.56635412004103,19.61015406998916,19.162205646075567,19.468801498413086,195672000,0.0,0.0
2021-07-26,19.222927760778727,19.35332891748849,18.827737126381447,19.206005096435547,203943000,0.0,0.0
2021-07-27,19.177131076940448,19.53250313723762,18.655520891552428,19.120391845703125,248863000,0.0,0.0
2021-07-28,19.230886448455678,19.556394670076585,18.908364802076598,19.414047241210938,202191000,0.0,0.0
2021-07-29,19.429979195413683,19.762457462479684,19.23985030043888,19.572328567504883,190781000,0.0,0.0
2021-07-30,19.32943666500641,19.540469658257,19.17514481205662,19.41006851196289,183497000,0.0,0.0
2021-08-02,19.610150452043428,19.869959730520304,19.27269590837672,19.659921646118164,217444000,0.0,0.0
2021-08-03,19.649967848258107,20.129769849720965,19.13233905420484,19.724626541137695,301811000,0.0,0.0
2021-08-04,19.898832456745314,20.22533758250286,19.73757062827696,20.181537628173828,231309000,0.0,0.0
2021-08-05,20.4065028973456,20.63844002549978,20.249222567431012,20.542877197265625,211435000,0.0,0.0
2021-08-06,20.430395502608686,20.476185237621273,20.117826497097322,20.273115158081055,178497000,0.0,0.0
2021-08-09,20.35274874502735,20.414466247960842,20.0511311729326,20.202438354492188,146443000,0.0,0.0
2021-08-10,20.229314798148827,20.33682202830791,19.744534522125157,19.845075607299805,179238000,0.0,0.0
2021-08-11,19.95159047465114,19.95756362727722,19.341387176434115,19.609159469604492,185925000,0.0,0.0
2021-08-12,19.77937830002264,19.937651633578177,19.53051849296908,19.814218521118164,151652000,0.0,0.0
2021-08-13,19.81421606765823,20.121806766278755,19.760461505395682,20.095924377441406,183063000,0.0,0.0
2021-08-16,20.043166397287347,20.194473564961584,19.36427582596979,19.859010696411133,210876000,0.0,0.0
2021-08-17,19.595217108343547,19.679830414635195,19.17912431578376,19.369253158569336,204585000,0.0,0.0
2021-08-18,19.411056450704855,19.544446023527648,18.91333705453294,18.953155517578125,285913000,0.0,0.0
2021-08-19,19.405093949250475,20.40153007897719,18.67643200408069,19.70770835876465,766555000,0.0,0.0
2021-08-20,19.899825465212288,20.76983992496617,19.84209132480141,20.7210636138916,675741000,0.0,0.0
2021-08-23,20.87535498538819,21.89667462197285,20.854450854471086,21.857852935791016,575807000,0.0,0.0
2021-08-24,21.653788842883614,21.858848692173698,21.43678269051183,21.693605422973633,297299000,0.0,0.0
2021-08-25,21.63785975782843,22.367516438446174,21.62292877853246,22.1116886138916,347701000,0.0,0.0
2021-08-26,22.098749850642953,22.23811072383032,21.6906199517518,21.96735191345215,237940000,0.0,0.0
2021-08-27,22.0828224516965,22.61836882879445,22.06589978843184,22.532760620117188,304722000,0.0,0.0
2021-08-30,22.725878636923216,22.93790654996559,22.44815174673323,22.58452606201172,262580000,0.0,0.0
2021-08-31,22.595474734179547,22.595474734179547,22.022997435726552,22.286834716796875,259850000,0.004,0.0
2021-09-01,22.386403736658462,22.597474008938587,22.25896475922774,22.34259605407715,201767000,0.0,0.0
2021-09-02,22.419251447689817,22.493923309725275,22.197229795135584,22.297786712646484,187834000,0.0,0.0
2021-09-03,22.227100272958122,22.885200930384197,22.102648427978476,22.742828369140625,280532000,0.0,0.0
2021-09-07,22.73286979951559,22.798580352130667,22.423232818730735,22.562620162963867,198107000,0.0,0.0
2021-09-08,22.414270268595097,22.51084499897377,21.88061968348647,22.24103355407715,254434000,0.0,0.0
2021-09-09,22.214158290540535,22.43916707430214,22.033952249947387,22.079750061035156,196856000,0.0,0.0
2021-09-10,22.249995986999718,22.52677674082894,22.1723389246809,22.379426956176758,248376000,0.0,0.0
2021-09-13,22.584521910954482,22.8632946864074,21.76214402740333,22.054855346679688,297500000,0.0,0.0
2021-09-14,22.177318823418137,22.311727046467276,21.989148450540036,22.14446449279785,199755000,0.0,0.0
2021-09-15,22.21116747444568,22.268913686849235,21.86967123574188,22.243026733398438,166538000,0.0,0.0
2021-09-16,22.085723205642353,22.179310858145648,21.830845305683194,22.14446449279785,156033000,0.0,0.0
2021-09-17,22.202206286674826,22.223114103504372,21.734268077405748,21.8039608001709,294503000,0.0,0.0
2021-09-20,21.053264860277913,21.339006884996316,20.571388169869678,21.020410537719727,349440000,0.0,0.0
2021-09-21,21.323075920601713,21.33104025944371,20.858124883226342,21.1528263092041,204688000,0.0,0.0
2021-09-22,21.272304527219312,21.863699567380518,21.103049939355934,21.844783782958984,268726000,0.0,0.0
2021-09-23,22.04291020210144,22.43617848847477,21.794006511837477,22.383411407470703,248555000,0.0,0.0
2021-09-24,21.973217562960425,22.0518716003552,21.765134441649685,21.984169006347656,217655000,0.0,0.0
2021-09-27,21.614795771814215,21.703406185279654,21.231485755998357,21.56501579284668,245215000,0.0,0.0
2021-09-28,21.12097351503002,21.325074477409554,20.560440745183087,20.608230590820312,343069000,0.0,0.0
2021-09-29,20.84816820250511,20.924830184933924,20.37724106947219,20.42702293395996,218394000,0.0,0.0
2021-09-30,20.67692268286252,20.97361615381417,20.597273594598942,20.625150680541992,221009000,0.0,0.0
2021-10-01,20.659005371326064,20.767526631043445,20.11440324016766,20.65104103088379,240978000,0.0,0.0
2021-10-04,20.414083578048384,20.451917043098803,19.469245817551954,19.645469665527344,345635000,0.0,0.0
2021-10-05,19.86251425727249,20.557453280437706,19.766934576510337,20.361316680908203,279282000,0.0,0.0
2021-10-06,20.031773451593356,20.629140897098562,19.99194794243445,20.609230041503906,297202000,0.0,0.0
2021-10-07,20.9995001152683,21.228492893748708,20.880027438567527,20.982576370239258,256919000,0.0,0.0
2021-10-08,21.00846717095083,21.113006266424186,20.683896542065902,20.73965072631836,151258000,0.0,0.0
2021-10-11,20.484775333931104,20.970634324809474,20.421054907907763,20.604248046875,163388000,0.0,0.0
2021-10-12,20.736660050850766,20.964655885876756,20.437976429822484,20.58034896850586,162134000,0.0,0.0
2021-10-13,20.826267780379947,20.897952540851815,20.622166840732383,20.84717559814453,180652000,0.0,0.0
2021-10-14,21.194644976644554,21.65959608070997,21.029372578571422,21.650636672973633,243589000,0.0,0.0
2021-10-15,21.714358431793613,21.834828112212975,21.567008625168985,21.766130447387695,226994000,0.0,0.0
2021-10-18,21.653628274033302,22.193251349264553,21.54908726984362,22.124553680419922,189494000,0.0,0.0
2021-10-19,22.178312668438,22.280861623084096,21.940362329321403,22.19225311279297,161473000,0.0,0.0
2021-10-20,22.207184914348492,22.334623846905142,21.88560143025834,22.006071090698242,146276000,0.0,0.0
2021-10-21,22.00009915262171,22.611406925381793,21.986160606952357,22.59248924255371,187590000,0.0,0.0
2021-10-22,22.72290795737429,23.0285607956188,22.462057844177014,22.626333236694336,249384000,0.0,0.0
2021-10-25,22.87225673076628,23.252581526641404,22.67014782202449,23.064411163330078,230235000,0.0,0.0
2021-10-26,23.883805688435576,25.14823704248469,23.819090189484406,24.608612060546875,485898000,0.0,0.0
2021-10-27,24.366678465515687,24.979976430776865,24.175519079784742,24.343778610229492,245990000,0.0,0.0
2021-10-28,24.76890724280116,24.84059201549282,24.41546441615892,24.83163070678711,234204000,0.0,0.0
2021-10-29,24.891363736621464,25.596259159623884,24.89036866878223,25.45488166809082,292503000,0.0,0.0
2021-11-01,25.536526170254046,25.78045075190704,25.116375810653224,25.7137451171875,265740000,0.0,0.0
2021-11-02,25.708765384211045,26.56101063434502,25.68686059809661,26.28522491455078,294112000,0.0,0.0
2021-11-03,26.55304424185898,26.666544637188032,26.11995237716791,26.481359481811523,239910000,0.0,0.0
2021-11-04,27.109594976799624,31.22745739408231,26.999081675284867,29.670316696166992,1153631000,0.0,0.0
2021-11-05,30.054622412775466,31.26230243845938,29.28102933486203,29.621530532836914,851260000,0.0,0.0
2021-11-08,30.016786509890455,30.963616262925747,29.775847185212836,30.668914794921875,503101000,0.0,0.0
2021-11-09,32.14043393327905,32.16831102221569,29.832598362114123,30.522558212280273,646746000,0.0,0.0
2021-11-10,29.22726785132228,30.714715789314535,28.65180150099656,29.329814910888672,636206000,0.0,0.0
2021-11-11,30.334390000111334,30.455854738894605,29.646420236957336,30.256731033325195,332172000,0.0,0.0
2021-11-12,29.878398271524592,30.5454602165024,29.500063610739595,30.256731033325195,413054000,0.0,0.0
2021-11-15,30.41801896863416,30.509614574948284,29.11874154072653,29.893329620361328,384909000,0.0,0.0
2021-11-16,29.62850151207324,30.25673306637881,29.57573253019145,30.070552825927734,264484000,0.0,0.0
2021-11-17,30.28460666991569,30.375209109979387,28.673702083946914,29.132680892944336,428508000,0.0,0.0
2021-11-18,32.22506137050019,32.61633569675382,31.183646972782004,31.536094665527344,781711000,0.0,0.0
2021-11-19,32.101611886418695,32.94290770891931,31.7650946968093,32.84035873413086,533867000,0.0,0.0
2021-11-22,33.37002012110695,34.495065927789035,31.76011228365292,31.815866470336914,754335000,0.0,0.0
2021-11-23,31.39670588718342,32.2180886820477,30.744577648273665,31.606781005859375,532163000,0.0,0.0
2021-11-24,31.323035910804574,32.71092196803006,30.792372310199486,32.53071594238281,435162000,0.0,0.0
2021-11-26,32.45704054958605,32.56655878387352,31.212523964338434,31.364852905273438,283069000,0.0,0.0
2021-11-29,32.22407162500823,33.26548239676256,31.89551689877383,33.22964096069336,454964000,0.0,0.0
2021-11-30,33.02354533082021,33.20674036434526,31.72426963928221,32.53270721435547,622066000,0.0,0.0
2021-12-01,33.077378025602634,33.14707928825368,31.24621570117578,31.300981521606445,484368000,0.004,0.0
2021-12-02,31.080920379263713,32.33953127754449,30.892725098561222,31.989030838012695,472890000,0.0,0.0
2021-12-03,31.863574209549956,31.992025853618237,30.00154575602389,30.56214714050293,544325000,0.0,0.0
2021-12-06,29.752611029224973,30.11207202986678,27.918465014907625,29.90894317626953,658938000,0.0,0.0
2021-12-07,30.825023080342124,32.310662878163335,30.52032598088665,32.288753509521484,593053000,0.0,0.0
2021-12-08,31.862576105811538,32.15233582192908,31.28703933130742,31.6903133392334,475551000,0.0,0.0
2021-12-09,31.598708004869856,32.067702562935565,30.29827610494739,30.36001205444336,488507000,0.0,0.0
2021-12-10,31.01719680171708,31.171536668842634,29.733692678385772,30.069255828857422,488825000,0.0,0.0
2021-12-13,30.12003462160517,30.164842841094565,27.99612729686803,28.040935516357422,598344000,0.0,0.0
2021-12-14,27.580907982463,28.555734222401295,27.13382283364954,28.216188430786133,667035000,0.0,0.0
2021-12-15,28.27891988260038,30.369967183258264,27.71931562363803,30.32914161682129,698297000,0.0,0.0
2021-12-16,31.01918913294205,31.027154448930762,27.97323064778504,28.265975952148438,707366000,0.0,0.0
2021-12-17,27.865689688111814,28.79869516682683,27.64164857062036,27.68247413635254,713758000,0.0,0.0
2021-12-20,27.188586061521594,28.024007803925517,27.029268369795737,27.600820541381836,461847000,0.0,0.0
2021-12-21,28.253028750149053,28.995848487605922,27.28417563606335,28.951040267944336,524385000,0.0,0.0
2021-12-22,28.767825605381404,29.428994238441074,28.327708710251994,29.274654388427734,395184000,0.0,0.0
2021-12-23,29.628143214986842,29.93084800774143,29.30552513261703,29.513633728027344,343022000,0.0,0.0
2021-12-27,29.533547027159024,30.954463182806666,29.51363183960114,30.813068389892578,403686000,0.0,0.0
2021-12-28,31.178505155996454,31.196428065606888,29.88404641723083,30.192726135253906,420591000,0.0,0.0
2021-12-29,30.14393618740853,30.41776338511472,29.240801560831677,29.87309455871582,343139000,0.0,0.0
2021-12-30,29.699833486975336,30.32714857163771,29.414058345471055,29.459861755371094,308864000,0.0,0.0
2021-12-31,29.547489426670328,29.901972573947273,29.205951342168785,29.28561019897461,266530000,0.0,0.0
2022-01-03,29.687887165643172,30.58006706522169,29.658014384020838,29.992582321166992,391547000,0.0,0.0
2022-01-04,30.14792231126296,30.338108017250157,28.228142339164982,29.165130615234375,527154000,0.0,0.0
2022-01-05,28.82557789334784,29.290587837147367,27.41561641931234,27.486312866210938,498064000,0.0,0.0
2022-01-06,27.522162492695948,28.31676073412731,26.949615014905067,28.05786895751953,454186000,0.0,0.0
2022-01-07,28.021028032592206,28.300830190157978,26.941647883892415,27.13083839416504,409939000,0.0,0.0
2022-01-10,26.467669934436458,27.35188438756539,25.534664608006775,27.283178329467773,594681000,0.0,0.0
2022-01-11,27.206510950592097,27.94534808174242,26.72457518291045,27.69840431213379,404089000,0.0,0.0
2022-01-12,27.947338113635016,28.473086907923104,27.49029538667551,27.879629135131836,383413000,0.0,0.0
2022-01-13,28.2580102227296,28.358579457679358,26.385029059468522,26.461702346801758,540171000,0.0,0.0
2022-01-14,26.187875711062546,27.08105283504242,26.098259251810827,26.827138900756836,395832000,0.0,0.0
2022-01-18,26.148042698978056,26.524431382788112,25.660132004918143,25.792564392089844,424270000,0.0,0.0
2022-01-19,25.967811287613753,26.429831798989024,24.945189530517922,24.960124969482422,488315000,0.0,0.0
2022-01-20,25.196122322501015,25.469949535319014,23.975347395495497,24.047040939331055,435181000,0.0,0.0
2022-01-21,23.406779692719766,24.717169013281726,23.163820484440176,23.27434730529785,718958000,0.0,0.0
2022-01-24,22.234802301835362,23.28032516492924,20.798950422051416,23.27235984802246,913982000,0.0,0.0
2022-01-25,22.449878275649777,22.845186990931126,21.906206530046255,22.228824615478516,664616000,0.0,0.0
2022-01-26,23.140918549293506,23.954434796117226,22.204925605698346,22.67491340637207,755959000,0.0,0.0
2022-01-27,23.46752776900946,23.892707465812897,21.58259629005917,21.85045051574707,573353000,0.0,0.0
2022-01-28,21.91815335328116,22.760547192328307,21.205206336859245,22.742624282836914,543774000,0.0,0.0
2022-01-31,23.083165646073763,24.404509712140047,22.953720720505,24.381607055664062,564680000,0.0,0.0
2022-02-01,24.996971847725337,25.03779741322022,23.78814690915183,24.532958984375,518925000,0.0,0.0
2022-02-02,25.684034709186335,25.70693546964293,24.448324260936168,25.134387969970703,543419000,0.0,0.0
2022-02-03,24.353725465820713,24.97008589250318,23.678616565700732,23.84589958190918,410178000,0.0,0.0
2022-02-04,23.869801717451438,24.52997529527776,23.53125106732424,24.215322494506836,354829000,0.0,0.0
2022-02-07,24.268090747101677,25.074636814466327,24.098815458966705,24.622573852539062,376868000,0.0,0.0
2022-02-08,24.255148284706152,25.122435194530542,23.877764383475125,25.00095558166504,410359000,0.0,0.0
2022-02-09,25.512761692954534,26.611059748632012,25.244909456729868,26.591144561767578,524282000,0.0,0.0
2022-02-10,25.884177747563196,26.81021133314306,25.490861274047543,25.713905334472656,513200000,0.0,0.0
2022-02-11,25.805512129420663,26.040506046365,23.671648776457072,23.84689712524414,605472000,0.0,0.0
2022-02-14,23.831963183959466,24.76895144242699,23.653725456398867,24.163543701171875,440424000,0.0,0.0
2022-02-15,24.84262993037753,26.43182609028829,24.67833439160507,26.38204002380371,699869000,0.0,0.0
2022-02-16,26.147047583163317,26.468670452357063,25.443061093040882,26.397972106933594,732676000,0.0,0.0
2022-02-17,25.52072674309447,25.675066590866578,24.06197445592718,24.402515411376953,810595000,0.0,0.0
2022-02-18,24.562829258106373,24.87947428103264,23.00151540777712,23.54120445251465,761255000,0.0,0.0
2022-02-22,22.936795215643546,23.961407632998917,22.901944582346907,23.290281295776367,633422000,0.0,0.0
2022-02-23,23.700519613094333,24.052015226751326,22.205919711751882,22.29155158996582,566511000,0.0,0.0
2022-02-24,20.92540185101815,23.698527839821597,20.800934789045943,23.64674949645996,735801000,0.0,0.0
2022-02-25,23.6198702807105,24.113754059814244,23.28131966006848,24.05401039123535,528866000,0.0,0.0
2022-02-28,23.889712256178317,24.559843299003468,23.605927486955995,24.281036376953125,477319000,0.0,0.0
2022-03-01,24.187434069516588,24.273067843411287,23.033375148114196,23.376903533935547,412056000,0.0,0.0
2022-03-02,23.658748421485516,24.309075054496567,23.31914479926627,24.120847702026367,389642000,0.004,0.0
2022-03-03,24.162677458354135,24.226416539633046,23.372924502534758,23.61692237854004,365095000,0.0,0.0
2022-03-04,23.288273750720784,23.583061545150027,22.389965840443992,22.84210777282715,431415000,0.0,0.0
2022-03-07,22.723590064178474,22.938707297032252,21.242678105287446,21.26458740234375,450821000,0.0,0.0
2022-03-08,21.22176173243778,22.281404933946632,20.56545925972953,21.425922393798828,557467000,0.0,0.0
2022-03-09,22.295356137775286,23.124946367225654,22.155929846956987,22.919790267944336,492742000,0.0,0.0
2022-03-10,22.438763775975826,22.694711650925896,21.79242045485743,22.565244674682617,428066000,0.0,0.0
2022-03-11,22.927755670439296,23.05025324732895,21.95575122647575,22.009531021118164,367209000,0.0,0.0
2022-03-14,21.779474563363422,22.170865393438028,21.072381995476352,21.2426815032959,385354000,0.0,0.0
2022-03-15,21.429910411009644,22.943688372057732,21.234713636338597,22.87895393371582,491996000,0.0,0.0
2022-03-16,23.403802114450414,24.496311636853036,23.07714567270802,24.39572525024414,671422000,0.0,0.0
2022-03-17,24.021262124146144,24.740304734658185,23.808137465094195,24.66461753845215,471941000,0.0,0.0
2022-03-18,24.69748098703601,26.460235655741535,24.523198138240513,26.344709396362305,730719000,0.0,0.0
2022-03-21,26.398489377058596,27.040849423539733,25.860699040597943,26.62455940246582,591727000,0.0,0.0
2022-03-22,26.617588642474022,27.12649837424718,25.965271190591476,26.415420532226562,547007000,0.0,0.0
2022-03-23,26.019044893201844,26.503055368285953,25.470301882639813,25.52906036376953,502120000,0.0,0.0
2022-03-24,26.058885884967737,28.20406749144338,25.800945365640167,28.03476333618164,877379000,0.0,0.0
2022-03-25,27.771842231076484,28.241910117249173,27.159360096245305,27.578636169433594,579016000,0.0,0.0
2022-03-28,27.64237355173041,28.134350707606135,27.094623991150144,28.103477478027344,425494000,0.0,0.0
2022-03-29,28.57753047133925,28.827502401169717,27.865457327415218,28.5386905670166,488984000,0.0,0.0
2022-03-30,28.188131660804462,28.379345100642087,27.390410153130244,27.576644897460938,463487000,0.0,0.0
2022-03-31,27.668267123207887,28.13235904221387,27.15836398762896,27.174297332763672,523440000,0.0,0.0
2022-04-01,27.26293373491524,27.38343868051935,26.1594698017538,26.60264778137207,517235000,0.0,0.0
2022-04-04,26.618588252191664,27.44519053027974,26.504059238307626,27.248001098632812,397120000,0.0,0.0
2022-04-05,27.142430269538746,27.207164711525582,25.714300606563835,25.824846267700195,436615000,0.0,0.0
2022-04-06,24.831930039640117,25.19643100477937,23.90474143009996,24.307086944580078,703833000,0.0,0.0
2022-04-07,24.340944116539315,24.620793903525843,23.3818870718976,24.108898162841797,557992000,0.0,0.0
2022-04-08,23.819088417079787,23.825064370958277,22.96758907146771,23.024354934692383,524781000,0.0,0.0
2022-04-11,22.12306125571871,22.228626311058377,21.57132836419141,21.8272762298584,575207000,0.0,0.0
2022-04-12,22.44474604767493,22.631976201177274,21.194882292812405,21.415973663330078,662258000,0.0,0.0
2022-04-13,21.639052358381548,22.40789137072251,21.367169228856223,22.112106323242188,516943000,0.0,0.0
2022-04-14,22.41286958131203,22.683757345759695,21.07636432042871,21.170974731445312,569097000,0.0,0.0
2022-04-18,21.113215008567124,21.997578418558497,20.99271005360588,21.693828582763672,525701000,0.0,0.0
2022-04-19,21.631082424341212,22.28140906472453,21.226744362071575,22.107126235961914,512781000,0.0,0.0
2022-04-20,22.42482503392664,22.577198594461343,21.113216842382243,21.394062042236328,468974000,0.0,0.0
2022-04-21,21.620130170301234,22.30033475649145,19.918126615701347,20.100378036499023,656209000,0.0,0.0
2022-04-22,20.21988036414399,20.402131736554576,19.420168294323013,19.43510627746582,624713000,0.0,0.0
2022-04-25,19.12339100546342,19.863349361314793,19.017825948530263,19.820526123046875,641566000,0.0,0.0
2022-04-26,19.637279366940014,19.706992498806468,18.593569308178367,18.71108627319336,653143000,0.0,0.0
2022-04-27,18.521868230847012,19.08853925931246,18.215130373255832,18.339618682861328,499460000,0.0,0.0
2022-04-28,18.88935689714939,19.95497840566895,18.414310229642336,19.701021194458008,570327000,0.0,0.0
2022-04-29,19.32257448999954,20.045602297833724,18.441197185099483,18.4710750579834,500435000,0.0,0.0
2022-05-02,18.46510132890273,19.493871705119716,18.31571574556032,19.453041076660156,572049000,0.0,0.0
2022-05-03,19.320580585935083,19.743841875684236,19.0546734235437,19.521753311157227,475751000,0.0,0.0
2022-05-04,19.841444187411117,20.316490841447845,18.67424096722865,20.250761032104492,648855000,0.0,0.0
2022-05-05,19.78566592846384,19.843427141666254,18.424261790585792,18.76685333251953,626331000,0.0,0.0
2022-05-06,18.659298078838052,19.43212034048371,17.916351786613728,18.598546981811523,633297000,0.0,0.0
2022-05-09,17.96017138288135,18.18026540474069,16.758111965299616,16.8806095123291,644455000,0.0,0.0
2022-05-10,17.61658525253339,18.12350232079174,16.955303927577983,17.52297019958496,761474000,0.0,0.0
2022-05-11,17.275983917823066,17.68032194709463,16.500173704044624,16.561918258666992,670167000,0.0,0.0
2022-05-12,16.15260613492584,16.719277132650767,15.503275671521447,16.10878562927246,708728000,0.0,0.0
2022-05-13,16.71927505834853,17.854607631651785,16.525073633919344,17.633516311645508,670437000,0.0,0.0
2022-05-16,17.437322904145635,17.715180072849822,17.035972816221634,17.19332504272461,521446000,0.0,0.0
2022-05-17,18.00000966759252,18.295794716695035,17.561812268275418,18.102588653564453,585830000,0.0,0.0
2022-05-18,17.632524260224322,18.04383374535337,16.794967300527965,16.868663787841797,545161000,0.0,0.0
2022-05-19,16.867663129735934,17.61459275966754,16.665493158414193,17.053897857666016,621310000,0.0,0.0
2022-05-20,17.261054586257725,17.338734422666207,15.690509202041842,16.62566566467285,739105000,0.0,0.0
2022-05-23,16.20738076943158,16.845757510491026,16.112770346149613,16.828826904296875,639889000,0.0,0.0
2022-05-24,16.44241318228326,16.529056923699873,15.715401091996485,16.08786964416504,588550000,0.0,0.0
2022-05-25,15.954417701062567,17.040950964789868,15.934499121271301,16.905508041381836,781132000,0.0,0.0
2022-05-26,15.970353077975645,18.01793623253497,15.9564104502552,17.777923583984375,996575000,0.0,0.0
2022-05-27,18.111552116018746,18.80370666474349,18.02590373672392,18.733993530273438,738379000,0.0,0.0
2022-05-31,18.902297823512807,19.12139838703036,18.27487779966752,18.59556007385254,664100000,0.0,0.0
2022-06-01,18.6473501146243,18.97500185230617,18.047813348721185,18.24500274658203,544514000,0.0,0.0
2022-06-02,18.21711762991746,19.53868493920684,18.123502575652576,19.511795043945312,648656000,0.0,0.0
2022-06-03,19.003885365597327,19.252861948714582,18.446176451745462,18.64336585998535,598779000,0.0,0.0
2022-06-06,19.060648619208788,19.25783800037351,18.488001796850387,18.70909309387207,422406000,0.0,0.0
2022-06-07,18.396380279945216,18.92221865575563,18.113542511249516,18.848522186279297,388914000,0.0,0.0
2022-06-08,18.72599710190359,19.105518070674538,18.463022361325056,18.575584411621094,363252000,0.004,0.0
2022-06-09,18.409233910241724,18.859478331118886,17.97094202357339,17.977914810180664,395574000,0.0,0.0
2022-06-10,17.53165334233973,17.62827677855805,16.8034911776423,16.908084869384766,465248000,0.0,0.0
2022-06-13,15.937868732069086,16.248657445936082,15.545398661343508,15.5862398147583,604153000,0.0,0.0
2022-06-14,15.669912860368118,16.003612016416973,15.35215136745031,15.774505615234375,469680000,0.0,0.0
2022-06-15,16.032500272176392,16.80249932387109,15.864156848634643,16.46282386779785,563936000,0.0,0.0
2022-06-16,15.79841271116568,15.88009502147224,15.341195447240926,15.54041862487793,545749000,0.0,0.0
2022-06-17,15.587236076673541,15.932888741748645,15.268478991865372,15.81833553314209,630334000,0.0,0.0
2022-06-21,16.411024604098987,16.94195389912008,16.343287871553795,16.501670837402344,483089000,0.0,0.0
2022-06-22,16.162994005831898,16.597301831379568,16.11717309578013,16.29647445678711,437135000,0.0,0.0
2022-06-23,16.4548558708115,16.520599577790094,15.791442532196244,16.161998748779297,463680000,0.0,0.0
2022-06-24,16.435929188204064,17.07344340934076,16.24666644132576,17.059497833251953,472153000,0.0,0.0
2022-06-27,17.244775982546706,17.26270573709096,16.561438970901577,16.803495407104492,427968000,0.0,0.0
2022-06-28,16.834372525159395,17.135199826222774,15.88308111450523,15.919938087463379,461149000,0.0,0.0
2022-06-29,15.752590608725741,15.758566876112974,15.111091360585093,15.481646537780762,482352000,0.0,0.0
2022-06-30,15.301351073584014,15.506551472546047,14.804289165625038,15.100135803222656,686070000,0.0,0.0
2022-07-01,14.841142600357397,15.004505295287302,14.3361114733893,14.466602325439453,577610000,0.0,0.0
2022-07-05,14.119955710684517,14.91286420559904,14.000421809691066,14.905891418457031,651397000,0.0,0.0
2022-07-06,14.951714146500859,15.259514268350555,14.73157165387112,15.071248054504395,529066000,0.0,0.0
2022-07-07,15.395981666093258,15.883082152996206,15.329241452564782,15.796420097351074,492903000,0.0,0.0
2022-07-08,15.370084990003535,15.974728334045919,15.329243829872643,15.776500701904297,467972000,0.0,0.0
2022-07-11,15.465709825855997,15.466706345467303,14.97960489954158,15.093162536621094,437321000,0.0,0.0
2022-07-12,15.208709354081796,15.37107648181063,14.819227931417547,15.023431777954102,458483000,0.0,0.0
2022-07-13,14.533345395566592,15.315296992454249,14.408830785871842,15.10511589050293,521918000,0.0,0.0
2022-07-14,15.04933164322953,15.412914028547368,14.670807164690196,15.31230640411377,456235000,0.0,0.0
2022-07-15,15.598192598861097,15.72071415365687,15.385022914971692,15.70079231262207,385935000,0.0,0.0
2022-07-18,16.23869470882499,16.83138346936928,15.939860454756344,16.038475036621094,670517000,0.0,0.0
2022-07-19,16.421982128219415,17.0435595776271,16.109202264221235,16.92601776123047,702366000,0.0,0.0
2022-07-20,16.881191075573774,17.863362252554914,16.73575812116985,17.737850189208984,760538000,0.0,0.0
2022-07-21,17.815547810901403,18.07354091727774,17.476867973237123,17.97990608215332,557049000,0.0,0.0
2022-07-22,17.823519553288822,17.897231611980214,17.07045465118201,17.25174903869629,536671000,0.0,0.0
2022-07-25,16.95290981659082,17.05750351772412,16.58434768859962,16.9578914642334,480748000,0.0,0.0
2022-07-26,16.823414211540268,16.85329839532214,16.414010963419933,16.46879768371582,397865000,0.0,0.0
2022-07-27,16.965858978034504,17.86634969294112,16.847321609237287,17.720916748046875,569776000,0.0,0.0
2022-07-28,17.905203475930218,18.069561793152403,17.37228103230231,17.914167404174805,474646000,0.0,0.0
2022-07-29,17.743828897049305,18.173155009470385,17.623298471299282,18.092470169067383,435460000,0.0,0.0
2022-08-01,18.111393572390696,18.772816539459214,17.9201397228468,18.369388580322266,476469000,0.0,0.0
2022-08-02,18.051634664600883,18.864466240680578,18.021750466236252,18.454065322875977,489527000,0.0,0.0
2022-08-03,18.113388905855146,18.89434491533446,18.066570532098716,18.81963539123535,418146000,0.0,0.0
2022-08-04,18.77580856746541,19.19915749432203,18.687153463279184,19.1403865814209,409652000,0.0,0.0
2022-08-05,18.736958353398986,19.154331957599457,18.593518416599398,18.915264129638672,386068000,0.0,0.0
2022-08-08,17.43403335624492,18.168170796373612,17.175042814963497,17.723901748657227,981859000,0.0,0.0
2022-08-09,17.185003308258562,17.3792457290548,16.659053898124192,17.0196475982666,668263000,0.0,0.0
2022-08-10,17.62927686575505,18.047646040112355,17.249755809744542,18.0267276763916,597422000,0.0,0.0
2022-08-11,18.06059496674186,18.63435848013521,17.806584108237903,17.87232780456543,509327000,0.0,0.0
2022-08-12,18.089480817540075,18.645314550682862,17.883283911712684,18.636348724365234,478094000,0.0,0.0
2022-08-15,18.628381495120706,19.089582944835495,18.540723865569156,18.95809555053711,457666000,0.0,0.0
2022-08-16,18.846528100303107,19.067666130006987,18.42915457848667,18.805686950683594,451240000,0.0,0.0
2022-08-17,18.45107316928741,18.615431461944837,18.074540740730857,18.26380157470703,446799000,0.0,0.0
2022-08-18,18.229934589865376,18.791743657859055,18.11239277422747,18.700101852416992,415447000,0.0,0.0
2022-08-19,18.33452802598433,18.448085673185464,17.700997988903634,17.779691696166992,441588000,0.0,0.0
2022-08-22,17.42208217251165,17.489818903609883,16.900116815044345,16.967853546142578,409593000,0.0,0.0
2022-08-23,16.92302497151342,17.397176298491605,16.90409775324071,17.11427879333496,369986000,0.0,0.0
2022-08-24,16.945935367801415,17.33840632607673,16.8293910435938,17.155120849609375,522661000,0.0,0.0
2022-08-25,16.7785918674599,17.877309377171127,16.767634901441976,17.843441009521484,770691000,0.0,0.0
2022-08-26,17.78766010205869,17.85439937298572,16.17394986366487,16.196861267089844,769127000,0.0,0.0
2022-08-29,15.957791581811284,16.274555614443177,15.705773773179859,15.739641189575195,496132000,0.0,0.0
2022-08-30,15.898024237946384,15.976716986717125,15.123045485635457,15.40793514251709,530181000,0.0,0.0
2022-08-31,15.324259904969264,15.479654254742409,14.900910096286847,15.035386085510254,573710000,0.0,0.0
2022-09-01,14.153823343963365,14.32415979672276,13.218470483091595,13.882880210876465,1178865000,0.0,0.0
2022-09-02,14.045247525726571,14.115970968690647,13.538223289757255,13.594006538391113,743157000,0.0,0.0
2022-09-06,13.67767991813969,13.725493859595561,13.299155414870102,13.412713050842285,535751000,0.0,0.0
2022-09-07,13.514346107743526,13.788360189278626,13.298124529340985,13.664804458618164,512657000,0.004,0.0
2022-09-08,13.41071740946549,13.957748688367625,13.32104106972638,13.939812660217285,624873000,0.0,0.0
2022-09-09,14.10621466793855,14.422077892391746,14.07532668659429,14.335390090942383,486612000,0.0,0.0
2022-09-12,14.317455823482035,14.49481679850031,14.147068757337559,14.452967643737793,484159000,0.0,0.0
2022-09-13,13.752490135017588,13.872059562410795,13.052011836426038,13.08389663696289,714956000,0.0,0.0
2022-09-14,13.20645432739914,13.242325437341442,12.866677974239867,13.080906867980957,588507000,0.0,0.0
2022-09-15,12.968313711994472,13.185531175680374,12.74412043844494,12.882621765136719,523625000,0.0,0.0
2022-09-16,12.696292115324688,13.16460641916656,12.571740509534544,13.150656700134277,670751000,0.0,0.0
2022-09-19,12.965321349148525,13.414703662431938,12.963328668307948,13.333993911743164,569685000,0.0,0.0
2022-09-20,13.167596153339607,13.434634451270144,13.01016292838732,13.128735542297363,524818000,0.0,0.0
2022-09-21,13.165603203916465,13.98066875064519,13.06297204241683,13.213430404663086,807679000,0.0,0.0
2022-09-22,13.023115583255532,13.10183266935545,12.38341928920965,12.515941619873047,759162000,0.0,0.0
2022-09-23,12.375446418238019,12.565761238087397,12.21303103372741,12.471101760864258,663309000,0.0,0.0
2022-09-26,12.446192490592988,12.613590061867972,12.170185718593245,12.184135437011719,547343000,0.0,0.0
2022-09-27,12.462135725855696,12.690314364148412,12.21402932430884,12.368473052978516,553854000,0.0,0.0
2022-09-28,12.365481627957845,12.777000185243523,12.309682759242014,12.690312385559082,542414000,0.0,0.0
2022-09-29,12.403346432766009,12.455159943744142,11.903147353863744,12.176164627075195,532763000,0.0,0.0
2022-09-30,12.043641657389104,12.587683536419725,12.031684619918396,12.095455169677734,565638000,0.0,0.0
2022-10-03,12.30271017308679,12.632523169207891,12.061577674019702,12.467118263244629,547478000,0.0,0.0
2022-10-04,12.832800195456576,13.172577516081788,12.832800195456576,13.119767189025879,584182000,0.0,0.0
2022-10-05,12.864685926402442,13.273215022829856,12.57572625208159,13.161616325378418,507131000,0.0,0.0
2022-10-06,13.172578310658011,13.60701418955063,13.055997427970787,13.082901000976562,644157000,0.0,0.0
2022-10-07,12.460142467451544,12.624550545260242,11.978875271525471,12.032681465148926,672478000,0.0,0.0
2022-10-10,11.993820717893747,12.080508526082841,11.367077348214593,11.628137588500977,698699000,0.0,0.0
2022-10-11,11.51952842526829,11.803505925509853,11.242525784323794,11.544439315795898,667482000,0.0,0.0
2022-10-12,11.537463030403634,11.69290259691748,11.304302255253075,11.458745956420898,492590000,0.0,0.0
2022-10-13,10.931646265654487,12.034675758311112,10.774213026112694,11.917098999023438,850103000,0.0,0.0
2022-10-14,12.013749105457423,12.067555297007958,11.163809311742797,11.186726570129395,713432000,0.0,0.0
2022-10-17,11.476680559836852,11.905138303672846,11.475684694532076,11.845353126525879,580774000,0.0,0.0
2022-10-18,12.299719755620746,12.44718861782601,11.576324213052954,11.924072265625,659362000,0.0,0.0
2022-10-19,11.836386661619711,12.305697731615245,11.791548012253855,12.007769584655762,523131000,0.0,0.0
2022-10-20,12.069549247006899,12.723196239361652,12.061577571391497,12.150259017944336,652398000,0.0,0.0
2022-10-21,12.05460371757537,12.453169476793041,11.844361089679124,12.421283721923828,609494000,0.0,0.0
2022-10-24,12.463130284529436,12.66440531318631,12.02072280741897,12.553803443908691,517457000,0.0,0.0
2022-10-25,12.64846488467942,13.252291014913888,12.618571815177777,13.213430404663086,505482000,0.0,0.0
2022-10-26,12.822838357636293,13.339975768369426,12.662415625938275,12.849740982055664,532953000,0.0,0.0
2022-10-27,13.581107454000612,13.788361512216962,13.074929346453251,13.128735542297363,583113000,0.0,0.0
2022-10-28,13.05699335304701,13.800317586774417,13.014147382415905,13.784374237060547,521040000,0.0,0.0
2022-10-31,13.728575742782882,13.788360930226967,13.24930122851385,13.448583602905273,486341000,0.0,0.0
2022-11-01,13.7614593301717,13.875050727465137,13.470506926844779,13.494421005249023,432817000,0.0,0.0
2022-11-02,13.800316292387196,14.159024522745352,13.163608637105877,13.171579360961914,672628000,0.0,0.0
2022-11-03,12.996213708431235,13.73156634689156,12.90952589233768,13.372857093811035,500065000,0.0,0.0
2022-11-04,13.93582958769378,14.177957930344933,13.647865776966073,14.105219841003418,612576000,0.0,0.0
2022-11-07,14.1769615012651,14.360301478064772,13.903945167549931,14.249699592590332,410061000,0.0,0.0
2022-11-08,14.74790715863396,14.837584472787446,14.165005566889713,14.54962158203125,595292000,0.0,0.0
2022-11-09,14.111197542274558,14.160022506058544,13.70964331218987,13.726582527160645,454414000,0.0,0.0
2022-11-10,14.746910406367014,15.716419686091069,14.49481769622729,15.693502426147461,700819000,0.0,0.0
2022-11-11,15.750296571579392,16.330208574296904,15.426462616385566,16.268430709838867,655487000,0.0,0.0
2022-11-14,16.159820218444786,16.48066558256314,15.864881605151144,16.236543655395508,527852000,0.0,0.0
2022-11-15,16.662017219102463,16.93702626168871,16.323236669194443,16.606218338012695,545876000,0.0,0.0
2022-11-16,16.104024034799696,16.30330545087524,15.816060231495598,15.852927207946777,649547000,0.0,0.0
2022-11-17,15.658627572163233,16.20765162732223,15.47927296101109,15.620763778686523,710894000,0.0,0.0
2022-11-18,15.908727567818614,15.944599632440841,15.0657625567973,15.353726387023926,492072000,0.0,0.0
2022-11-21,15.092665143329405,15.421481294578124,15.025905097362354,15.262055397033691,404739000,0.0,0.0
2022-11-22,15.27301926285305,16.000401281772035,15.067757848149187,15.980472564697266,472866000,0.0,0.0
2022-11-23,16.040252289045704,16.467714217291594,15.990432410924427,16.459741592407227,427241000,0.0,0.0
2022-11-25,16.259463735177064,16.427856209576845,16.113987567674407,16.21163558959961,167934000,0.0,0.0
2022-11-28,15.968510119436205,16.298324023340506,15.668591183311177,15.770224571228027,303741000,0.0,0.0
2022-11-29,15.770224418844657,15.874848252781751,15.464326492119582,15.58289909362793,298384000,0.0,0.0
2022-11-30,15.644692293883454,16.873584309435355,15.54502609510109,16.866607666015625,565298000,0.004,0.0
2022-12-01,16.942355347832123,17.20746780911725,16.57956797350174,17.07790184020996,470977000,0.0,0.0
2022-12-02,16.60348535757367,16.876572437618908,16.390197799139116,16.819761276245117,371389000,0.0,0.0
2022-12-05,16.62342349091921,16.9383705081479,16.41711252133541,16.55465316772461,352255000,0.0,0.0
2022-12-06,16.474920027684114,16.517776014687847,15.766288754644943,15.93372917175293,352694000,0.0,0.0
2022-12-07,15.719445161170468,16.132066147916248,15.614794545863099,16.066286087036133,372388000,0.0,0.0
2022-12-08,16.218775465562125,17.12175660926792,15.905820703517822,17.11178970336914,515456000,0.0,0.0
2022-12-09,17.102817944678048,17.524408725344184,16.91843494852363,16.944347381591797,465338000,0.0,0.0
2022-12-12,16.980232212594135,17.47956229907445,16.74103213701686,17.476572036743164,457328000,0.0,0.0
2022-12-13,18.469251865722775,18.727389611689624,17.651984541709513,18.011781692504883,656589000,0.0,0.0
2022-12-14,17.927063332040404,18.19118159319031,17.361953248979066,17.6151065826416,496888000,0.0,0.0
2022-12-15,17.08886734621949,17.26228734409324,16.64435432424313,16.8955135345459,478542000,0.0,0.0
2022-12-16,16.80780430040909,16.98421452775994,16.355316696171542,16.515779495239258,478232000,0.0,0.0
2022-12-19,16.51677591008969,16.553651364106894,16.09119880078537,16.1998348236084,354039000,0.0,0.0
2022-12-20,16.01047265280894,16.25565325018952,15.799180110626692,16.031402587890625,403260000,0.0,0.0
2022-12-21,16.060304842306547,16.571595897427166,16.048343794868938,16.446014404296875,325025000,0.0,0.0
2022-12-22,16.040370897342594,16.084224902594713,14.832409670787916,15.287886619567871,565045000,0.0,0.0
2022-12-23,15.145361845900647,15.287884971363319,14.833405142358366,15.155328750610352,349326000,0.0,0.0
2022-12-27,15.023768425094323,15.049681806653775,14.009160162650081,14.073944091796875,464902000,0.0,0.0
2022-12-28,13.88059315527946,14.214476922152242,13.837736217329413,13.989230155944824,351066000,0.0,0.0
2022-12-29,14.354008039804668,14.634070838145426,14.17959100951328,14.554337501525879,354923000,0.0,0.0
2022-12-30,14.286235193865508,14.580252256779966,14.185571918188986,14.565302848815918,310490000,0.0,0.0
2023-01-03,14.801510894902007,14.946028158359788,14.04902671566482,14.26729679107666,401277000,0.0,0.0
2023-01-04,14.518462078887262,14.803508406413833,14.193548121808137,14.699854850769043,431324000,0.0,0.0
2023-01-05,14.442712138646769,14.515468836750369,14.100854699285643,14.2174654006958,389168000,0.0,0.0
2023-01-06,14.425769075047109,14.959983243102146,13.987235680701085,14.809486389160156,405044000,0.0,0.0
2023-01-09,15.233068483772803,16.00249525698764,15.090544411674909,15.575922012329102,504231000,0.0,0.0
2023-01-10,15.455325759984621,15.908809480593666,15.42044254309106,15.855986595153809,384101000,0.0,0.0
2023-01-11,15.787218605669159,15.974591884279373,15.511141190475234,15.947681427001953,353285000,0.0,0.0
2023-01-12,16.04635428989376,16.58156372914693,15.440379426721886,16.455984115600586,551409000,0.0,0.0
2023-01-13,16.223754839739726,16.865609768709138,16.111132436686006,16.84268569946289,447287000,0.0,0.0
2023-01-17,16.842691082523842,17.66892924665794,16.842691082523842,17.643014907836914,511102000,0.0,0.0
2023-01-18,17.608126319924487,17.813439222153065,17.224409065517293,17.319093704223633,439624000,0.0,0.0
2023-01-19,16.979228061683155,17.139692742246442,16.67524604897352,16.709131240844727,452932000,0.0,0.0
2023-01-20,16.954314377855656,17.796499823469546,16.768935260471654,17.779556274414062,564967000,0.0,0.0
2023-01-23,18.00380774628692,19.18087416913429,17.758629060077922,19.129047393798828,655163000,0.0,0.0
2023-01-24,18.76426355229002,19.430038785893963,18.757286908397305,19.200803756713867,496204000,0.0,0.0
2023-01-25,18.84997990374146,19.30545785930098,18.518089313986763,19.25861358642578,449537000,0.0,0.0
2023-01-26,19.635348246628528,20.09879882435529,19.21375752485205,19.736011505126953,489535000,0.0,0.0
2023-01-27,19.39714737022937,20.559262315315294,19.34033810009434,20.297138214111328,542142000,0.0,0.0
2023-01-30,19.883522650362398,20.07288815679004,19.086187298640233,19.098148345947266,488611000,0.0,0.0
2023-01-31,19.10612138016746,19.621398819093155,18.886855153366426,19.471899032592773,498017000,0.0,0.0
2023-02-01,19.62538223172389,21.121379792645136,19.545648897588666,20.873210906982422,660477000,0.0,0.0
2023-02-02,20.930020713829347,21.875857723454107,20.631021178314572,21.63665771484375,564276000,0.0,0.0
2023-02-03,20.93001883755329,21.67253700894129,20.7197215405838,21.029685974121094,429366000,0.0,0.0
2023-02-06,20.736666558099405,21.498120569952917,20.716732749173072,21.01872444152832,452197000,0.0,0.0
2023-02-07,21.31075078020512,22.184829243176587,21.07952350178786,22.0991153717041,664150000,0.0,0.0
2023-02-08,22.312397048764478,22.801761973525313,21.93466031131526,22.131004333496094,559651000,0.0,0.0
2023-02-09,22.530668289120996,22.94328822764602,22.046287782724328,22.262563705444336,523876000,0.0,0.0
2023-02-10,21.6177244226343,22.00443010232316,20.74165374341449,21.19413948059082,550737000,0.0,0.0
2023-02-13,21.466229945466377,21.974530722285284,20.89214911284721,21.715396881103516,474919000,0.0,0.0
2023-02-14,21.506097057062863,22.972196070287414,21.294803588437638,22.89445686340332,675474000,0.0,0.0
2023-02-15,22.473862854052438,22.77884296898915,22.032340112236056,22.688146591186523,420575000,0.0,0.0
2023-02-16,22.059246323523663,22.474856585066412,21.853933394359046,21.92868423461914,412026000,0.0,0.0
2023-02-17,21.5589188659097,21.667554896645086,20.905104738152975,21.316728591918945,465888000,0.0,0.0
2023-02-21,20.930021777294268,21.422375105842487,20.549294744904135,20.586172103881836,410015000,0.0,0.0
2023-02-22,20.637996890010594,21.03367329167558,20.352948752679065,20.684839248657227,513184000,0.0,0.0
2023-02-23,23.361893340475753,23.808400461151948,22.94827529850247,23.585145950317383,1117995000,0.0,0.0
2023-02-24,23.14760888799269,23.395779705379205,22.870535374988126,23.208404541015625,589716000,0.0,0.0
2023-02-27,23.59112307758857,23.800422369181604,23.375843263094975,23.422685623168945,452994000,0.0,0.0
2023-02-28,23.294117844928124,23.745609343959064,23.128670637340598,23.13863754272461,455963000,0.0,0.0
2023-03-01,23.11471933360439,23.1785071533375,22.432998534976818,22.622365951538086,460026000,0.0,0.0
2023-03-02,22.413065090524846,23.302091014748385,22.35725003920354,23.236310958862305,389415000,0.0,0.0
2023-03-03,23.242293917748235,23.82036119371135,23.052926494296837,23.810394287109375,412393000,0.0,0.0
2023-03-06,23.81139038959998,24.167199231552658,23.408735379499408,23.475513458251953,437429000,0.0,0.0
2023-03-07,23.52535169548433,24.04869069829288,23.16748608515548,23.214338302612305,515154000,0.004,0.0
2023-03-08,23.412708106815042,24.123454073591056,23.34990765503741,24.10451316833496,513573000,0.0,0.0
2023-03-09,24.09853264786072,24.376651390603612,23.309037961330453,23.36187171936035,501257000,0.0,0.0
2023-03-10,23.334956536006658,23.55226740158579,22.65411633700963,22.89236068725586,474866000,0.0,0.0
2023-03-13,22.68003442386319,23.22430691098968,22.22647370103853,22.893356323242188,421890000,0.0,0.0
2023-03-14,23.421682859195702,24.14239559716936,23.385795524923413,23.986888885498047,474910000,0.0,0.0
2023-03-15,23.68584522635948,24.20918430620047,23.286114490388712,24.151369094848633,524486000,0.0,0.0
2023-03-16,23.951007020626705,25.507068757276233,23.818426354192635,25.46021842956543,583253000,0.0,0.0
2023-03-17,25.89981997420156,26.31550083175522,25.586812067911023,25.643632888793945,848547000,0.0,0.0
2023-03-20,25.533980590026932,25.941687335476704,25.050514016475315,25.818078994750977,432747000,0.0,0.0
2023-03-21,26.097193730071265,26.30852307379936,25.300721156644958,26.116132736206055,547408000,0.0,0.0
2023-03-22,26.341415997809847,27.501735683439474,26.1540109224766,26.384281158447266,797295000,0.0,0.0
2023-03-23,27.02923590014394,27.412022096248382,26.605580921982124,27.104995727539062,564889000,0.0,0.0
2023-03-24,26.94549959949804,27.081069104608634,26.271637231409848,26.69429588317871,454920000,0.0,0.0
2023-03-27,26.752112468073136,26.91459699343309,26.281605317466703,26.447080612182617,361026000,0.0,0.0
2023-03-28,26.363349230566957,26.42914045882786,25.768237406573,26.326465606689453,356104000,0.0,0.0
2023-03-29,26.740153636460196,26.99235175803325,26.51287415863534,26.898649215698242,393694000,0.0,0.0
2023-03-30,27.142874491555478,27.412020935167096,27.01627538766958,27.29638671875,364516000,0.0,0.0
2023-03-31,27.054157877093186,27.74596305741618,27.01926873122524,27.689144134521484,433933000,0.0,0.0
2023-04-03,27.421984182587984,27.91143027343188,27.2495310823385,27.876541137695312,398716000,0.0,0.0
2023-04-04,27.87754496966134,27.911437825351527,27.2206289482267,27.366167068481445,368592000,0.0,0.0
2023-04-05,26.744141067760594,26.91260524763218,26.31151378285065,26.795976638793945,515015000,0.0,0.0
2023-04-06,26.49991459021249,26.994346033960124,26.34341159102696,26.95148277282715,397654000,0.0,0.0
2023-04-10,26.738160454997114,27.53363676470612,26.584648216789198,27.491769790649414,395279000,0.0,0.0
2023-04-11,27.636311817588748,27.70210304890554,27.040201775147455,27.083066940307617,314378000,0.0,0.0
2023-04-12,27.28342808388289,27.381117678822534,26.36434353627186,26.411195755004883,446259000,0.0,0.0
2023-04-13,26.649439996093154,26.801955937603214,26.245722222126854,26.379297256469727,353615000,0.0,0.0
2023-04-14,26.420168322960834,26.79796926788527,26.13706621130104,26.673364639282227,395660000,0.0,0.0
2023-04-17,26.480975507689482,26.920580610646343,26.349393053761112,26.916593551635742,321471000,0.0,0.0
2023-04-18,27.445915621619545,28.02109026862938,27.270471706452536,27.579490661621094,604812000,0.0,0.0
2023-04-19,27.274456503625604,27.911435269103396,27.145864822992923,27.842653274536133,358660000,0.0,0.0
2023-04-20,27.583478463404116,27.941344132346945,26.91460125196495,27.018272399902344,427713000,0.0,0.0
2023-04-21,26.86674870571586,27.09701893484949,26.63747666725273,27.033220291137695,345103000,0.0,0.0
2023-04-24,26.92755907031357,27.27944127802104,26.586639849155418,26.956466674804688,339282000,0.0,0.0
2023-04-25,26.992345599770424,27.16081164017762,26.142045084079594,26.15799331665039,378527000,0.0,0.0
2023-04-26,26.916593006788613,27.243554654828017,26.620531540784825,26.870737075805664,406337000,0.0,0.0
2023-04-27,27.27645073990056,27.40803318885761,26.540784192741274,27.139883041381836,377161000,0.0,0.0
2023-04-28,27.138889210344786,27.670202402547503,26.98537507177856,27.661231994628906,292216000,0.0,0.0
2023-05-01,27.751940608520385,28.96608841417271,27.69213092438785,28.81855583190918,570329000,0.0,0.0
2023-05-02,28.58928602409841,28.74479273603856,27.994174201759634,28.120771408081055,402730000,0.0,0.0
2023-05-03,27.75194164873796,28.277275162589756,27.385105610028088,27.714061737060547,383387000,0.0,0.0
2023-05-04,27.563538380203276,27.77088065437449,27.153839081492926,27.474821090698242,321850000,0.0,0.0
2023-05-05,27.737986024481625,28.66404652957751,27.64328719583459,28.589284896850586,361494000,0.0,0.0
2023-05-08,28.43178011466119,29.12757219321254,28.260325194855845,29.05879020690918,344979000,0.0,0.0
2023-05-09,28.807588662660574,28.881353997290418,28.36000950451593,28.48062515258789,314869000,0.0,0.0
2023-05-10,28.9132576098521,29.020917714127965,28.37097953587767,28.793638229370117,369350000,0.0,0.0
2023-05-11,28.804599067442442,28.858429112011763,28.156655460539202,28.48760414123535,322149000,0.0,0.0
2023-05-12,28.438761858901234,28.688969297483915,27.957289789783168,28.2503604888916,274222000,0.0,0.0
2023-05-15,28.4178275338678,28.877369814441632,28.06295457930079,28.861419677734375,293926000,0.0,0.0
2023-05-16,28.749776627024,29.775523171518977,28.740806219257955,29.1205997467041,449405000,0.0,0.0
2023-05-17,29.49042519794485,30.103479719693794,29.336912970483333,30.08254623413086,432535000,0.0,0.0
2023-05-18,30.313811833941568,31.727325914629347,30.22409635534029,31.577800750732422,748725000,0.0,0.0
2023-05-19,31.436252487669602,31.480113941471256,30.818214581828073,31.16511344909668,473908000,0.0,0.0
2023-05-22,30.803258976791746,31.420302459294863,30.582959233506156,31.077390670776367,372000000,0.0,0.0
2023-05-23,30.90194240289384,31.189031522658905,30.534110121772024,30.59092903137207,356253000,0.0,0.0
2023-05-24,30.114442718121378,30.510188241482325,29.711721267992726,30.44140625,721419000,0.0,0.0
2023-05-25,38.40114883242656,39.3551225285011,36.51912017458201,37.859867095947266,1543911000,0.0,0.0
2023-05-26,37.77014783625685,39.046097794109826,37.431223153373296,38.82280731201172,714397000,0.0,0.0
2023-05-30,40.46659728547173,41.80534782144874,39.822640705708025,39.984127044677734,923401000,0.0,0.0
2023-05-31,39.36309641035941,40.1675430373075,37.70236568816468,37.71432876586914,1002580000,0.0,0.0
2023-06-01,38.367256795979486,39.92332013723305,38.21872982052202,39.64420700073242,635873000,0.0,0.0
2023-06-02,39.970174994520356,40.37190020075976,38.934459847678006,39.20261001586914,482731000,0.0,0.0
2023-06-05,38.785927762163986,39.43985101130171,38.584567040791214,39.04710006713867,396094000,0.0,0.0
2023-06-06,38.707187926911864,39.03614220536465,38.02734198652988,38.531742095947266,388729000,0.0,0.0
2023-06-07,38.79592088897545,39.37813348202799,37.24168951720886,37.36032485961914,511998000,0.004,0.0
2023-06-08,37.60856808894223,38.745079216522015,37.39024024122493,38.39216232299805,417772000,0.0,0.0
2023-06-09,38.91754848393105,39.58948588191824,38.448989234454245,38.6513671875,427717000,0.0,0.0
2023-06-12,39.08005597622932,39.40904425940009,38.49983605891858,39.36119079589844,388701000,0.0,0.0
2023-06-13,40.06304374400525,40.975245031840466,39.618409221786045,40.896484375,613208000,0.0,0.0
2023-06-14,40.69908893155934,42.86842954641151,40.42791802705582,42.865440368652344,740465000,0.0,0.0
2023-06-15,42.47164881165265,43.15654702262012,42.018039182120376,42.522491455078125,568622000,0.0,0.0
2023-06-16,43.31704703395712,43.5872177031006,42.53045985415552,42.56136703491211,655709000,0.0,0.0
2023-06-20,42.8664423875245,43.85540779562103,42.5434324049572,43.6739616394043,451153000,0.0,0.0
2023-06-21,43.367894115226505,43.481547516431846,41.95124449603973,42.91328811645508,551603000,0.0,0.0
2023-06-22,42.12371527633215,43.293126539128146,42.104776210367746,42.89335632324219,417737000,0.0,0.0
2023-06-23,42.33406238779236,42.67800411415032,41.88643500339502,42.07984161376953,358140000,0.0,0.0
2023-06-26,42.33107342513513,42.633147684220695,39.97729771593512,40.50767135620117,594322000,0.0,0.0
2023-06-27,40.674163315350505,41.81167093605906,40.3242393713419,41.747867584228516,462175000,0.0,0.0
2023-06-28,40.535593222698935,41.716968869927854,40.39402940114142,40.99119567871094,582639000,0.0,0.0
2023-06-29,41.430838173608656,41.4727094781301,40.47576930987673,40.69709014892578,380514000,0.0,0.0
2023-06-30,41.552463254955796,42.41980006839875,41.37401012697036,42.17255783081055,501148000,0.0,0.0
2023-07-03,42.38690406882019,42.76673879586181,42.07286928017555,42.28322219848633,198209000,0.0,0.0
2023-07-05,42.00608054471898,43.04489222098966,41.95623428714676,42.18752670288086,323618000,0.0,0.0
2023-07-06,41.7159719008241,42.04994599038348,41.219494533498526,41.974178314208984,303582000,0.0,0.0
2023-07-07,42.19249796154775,43.08177063947781,42.05093416959679,42.37294387817383,355881000,0.0,0.0
2023-07-10,42.52647931127871,42.680007431696076,41.521560371587725,42.05093765258789,353908000,0.0,0.0
2023-07-11,42.351013330555574,42.62716617688633,41.93828245284964,42.275245666503906,298244000,0.0,0.0
2023-07-12,42.90132541025079,43.80056583036438,42.64610822063504,43.76766586303711,481277000,0.0,0.0
2023-07-13,44.38177994624532,46.01376808541058,44.35585853064173,45.8363151550293,478204000,0.0,0.0
2023-07-14,46.44046184420574,47.94085779132301,44.92212322629915,45.329872131347656,772075000,0.0,0.0
2023-07-17,46.147361621458764,46.353725148743315,45.123503715655524,46.31883239746094,510488000,0.0,0.0
2023-07-18,46.55809821761458,47.749441291791726,45.594058117307526,47.348670959472656,569164000,0.0,0.0
2023-07-19,47.31876207580257,47.67167893614477,46.598971255607864,46.932945251464844,427502000,0.0,0.0
2023-07-20,46.36469771901338,46.942924858819666,44.92411943835553,45.38071823120117,537865000,0.0,0.0
2023-07-21,45.64789454996022,45.72565880367255,43.965059822678604,44.17341995239258,963769000,0.0,0.0
2023-07-24,44.594122098058854,44.97096757785601,43.90523847536923,44.475486755371094,382516000,0.0,0.0
2023-07-25,44.80349329728166,46.04168985274926,44.78554682129327,45.53923416137695,348081000,0.0,0.0
2023-07-26,45.88018262099463,45.912086196628444,44.493440026375104,45.312923431396484,364237000,0.0,0.0
2023-07-27,46.376665137451575,47.24998426093751,45.61001707056192,45.759559631347656,455976000,0.0,0.0
2023-07-28,46.52520665161332,46.88310935590441,46.23908604851757,46.606956481933594,331194000,0.0,0.0
2023-07-31,46.610938817532,46.985787745643954,46.36369657868276,46.58601379394531,251055000,0.0,0.0
2023-08-01,46.31783943234634,46.75649554152621,45.886165676964275,46.36469650268555,237858000,0.0,0.0
2023-08-02,45.69076572472491,45.69973706046443,43.25424373168055,44.133544921875,530142000,0.0,0.0
2023-08-03,43.66597942336427,44.979947380659944,43.66597942336427,44.37879180908203,324176000,0.0,0.0
2023-08-04,44.84735241415571,45.50233976816819,44.25716479958756,44.54328536987305,362666000,0.0,0.0
2023-08-07,44.972970743442104,45.400658953676526,44.426647163135996,45.27803421020508,322154000,0.0,0.0
2023-08-08,44.71575315581905,45.10356277836036,43.92119104559553,44.5273323059082,353843000,0.0,0.0
2023-08-09,44.138520399562815,44.17640612805211,42.00506938031469,42.42378616333008,586449000,0.0,0.0
2023-08-10,42.03099778159967,43.440672654633964,41.70699146291927,42.25830078125,492705000,0.0,0.0
2023-08-11,41.623242454978985,41.88942754104393,40.51464563346433,40.729984283447266,533085000,0.0,0.0
2023-08-14,40.362116194769875,43.66597480294201,40.18765244113688,43.619117736816406,690286000,0.0,0.0
2023-08-15,44.423651395520004,45.12948515568442,43.5762500445296,43.805545806884766,676512000,0.0,0.0
2023-08-16,44.38378393145876,44.53830846558312,43.27319018328481,43.35294723510742,527451000,0.0,0.0
2023-08-17,43.835452445012606,43.92716998066587,42.86941583301397,43.211368560791016,452395000,0.0,0.0
2023-08-18,42.504541812711565,43.44465716941068,41.53252668330837,43.16651153564453,583768000,0.0,0.0
2023-08-21,44.35785896625514,46.92099149712555,44.086691857163586,46.82329177856445,692573000,0.0,0.0
2023-08-22,47.98770953500303,48.03955236680591,45.194285260085415,45.52825927734375,755293000,0.0,0.0
2023-08-23,45.72565711329878,47.05557488119282,45.06966956482349,46.971832275390625,779046000,0.0,0.0
2023-08-24,50.06234798957418,50.11219423827407,47.014702631702306,47.0186882019043,1156044000,0.0,0.0
2023-08-25,46.8681514444708,47.65872425455991,44.88623165435981,45.877193450927734,925341000,0.0,0.0
2023-08-28,46.33977940222967,46.83625678757084,44.75065853629143,46.69169998168945,685192000,0.0,0.0
2023-08-29,46.5232082617889,48.93081957760332,46.249048206065815,48.634727478027344,701397000,0.0,0.0
2023-08-30,48.89393031688107,49.7742278710723,48.276824895402335,49.113258361816406,735206000,0.0,0.0
2023-08-31,49.22890833319217,49.5917929853516,48.80819868484659,49.203983306884766,528570000,0.0,0.0
2023-09-01,49.60973326514342,49.64761519313272,47.994687598350154,48.360565185546875,463830000,0.0,0.0
2023-09-05,48.07544589025944,48.70152648362675,47.71355763922135,48.399452209472656,382653000,0.0,0.0
2023-09-06,48.29675585100986,48.404432152677344,46.441297415473116,46.92086410522461,468670000,0.004,0.0
2023-09-07,45.38944205496558,46.206003567946354,45.01755163903208,46.103309631347656,433330000,0.0,0.0
2023-09-08,45.805199355822154,46.46721981309031,45.13619596961709,45.43629837036133,473069000,0.0,0.0
2023-09-11,46.01058907259866,46.025543800241316,44.180057385036044,45.043479919433594,473966000,0.0,0.0
2023-09-12,44.60478224808882,45.536999459957386,44.39839790348207,44.73638916015625,349256000,0.0,0.0
2023-09-13,44.46719292129203,45.79323440179784,44.37048163678398,45.34955978393555,398355000,0.0,0.0
2023-09-14,45.81317890696642,45.8500674873585,44.99661733815953,45.44527816772461,370097000,0.0,0.0
2023-09-15,45.20598666420072,45.4632178335496,43.67755057038964,43.76927947998047,506831000,0.0,0.0
2023-09-18,42.62070760166484,44.110258303658966,41.874933874444345,43.835079193115234,500271000,0.0,0.0
2023-09-19,43.7024829281991,43.835086328947064,42.87395603803026,43.39041519165039,373064000,0.0,0.0
2023-09-20,43.470171462670386,43.7722706240914,42.09727282869751,42.113224029541016,367108000,0.0,0.0
2023-09-21,41.45917578549763,41.97463457715853,40.85797073876032,40.894859313964844,450736000,0.0,0.0
2023-09-22,41.448214198146616,41.989600439472675,41.10822995213603,41.48610305786133,479236000,0.0,0.0
2023-09-25,41.46715750384496,42.409343350786685,41.054388777119094,42.09627914428711,419091000,0.0,0.0
2023-09-26,41.875929814501234,42.69249125804407,41.53095945617028,41.786197662353516,402282000,0.0,0.0
2023-09-27,42.20395553022343,42.744341431006085,41.50504268914909,42.3415412902832,444935000,0.0,0.0
2023-09-28,42.33356849695518,43.31663260486512,41.98959836899157,42.960697174072266,424663000,0.0,0.0
2023-09-29,43.696491084144924,44.01254845640997,43.17803909015806,43.369468688964844,397830000,0.0,0.0
2023-10-02,43.898891446595,45.04048245716081,43.73039595276652,44.64865493774414,433298000,0.0,0.0
2023-10-03,44.67457296774722,44.995616545503985,43.11722389309479,43.38741683959961,470850000,0.0,0.0
2023-10-04,43.61174925416727,44.011556163058,43.16308846642664,43.90985870361328,361821000,0.0,0.0
2023-10-05,43.91883469559828,44.76630599321606,43.75731831894087,44.554935455322266,393483000,0.0,0.0
2023-10-06,44.061407980133865,45.65265626506475,43.89490543600504,45.625736236572266,434436000,0.0,0.0
2023-10-09,44.708478616295075,45.469207213017526,44.23589096073579,45.1381950378418,409675000,0.0,0.0
2023-10-10,45.17507908955567,46.12125070086953,44.95374003044169,45.661624908447266,368582000,0.0,0.0
2023-10-11,46.05844175921358,46.71946955859621,45.91287659330196,46.6666259765625,378137000,0.0,0.0
2023-10-12,46.637711102575786,47.4672343606174,46.19204354796514,46.80521011352539,481325000,0.0,0.0
2023-10-13,46.82016325151491,46.97570075879303,45.14516559213605,45.325626373291016,474115000,0.0,0.0
2023-10-16,44.92881981280981,46.08735858574587,44.77826845784265,45.95774841308594,375099000,0.0,0.0
2023-10-17,43.86897889171314,44.62073527897283,42.353504619053396,43.80716323852539,812333000,0.0,0.0
2023-10-18,42.46417874850183,43.09031094806606,41.70046078038666,42.07035446166992,627294000,0.0,0.0
2023-10-19,42.68353205114289,43.16808505814558,41.75729727538286,41.97564697265625,501233000,0.0,0.0
2023-10-20,41.76526014616155,42.34353485879464,40.955677830477995,41.26375961303711,477266000,0.0,0.0
2023-10-23,41.10623502417962,43.119224175669935,40.82308027803106,42.8470344543457,478530000,0.0,0.0
2023-10-24,42.94873204239224,43.56688484318148,42.56388363101051,43.53298568725586,401463000,0.0,0.0
2023-10-25,43.268776986595036,43.52002933970915,41.431266191839114,41.654598236083984,398379000,0.0,0.0
2023-10-26,41.7283746394427,42.13017450154096,39.7612500826686,40.2059211730957,541001000,0.0,0.0
2023-10-27,41.007519511115035,41.08329340272847,39.8958382104282,40.37939453125,416784000,0.0,0.0
2023-10-30,40.96465592174652,41.64163109365404,40.3604576251133,41.03843307495117,388028000,0.0,0.0
2023-10-31,40.329550161466386,40.757273552176585,39.11318181784756,40.658565521240234,517969000,0.0,0.0
2023-11-01,40.7622597335259,42.25480380163395,40.74730500713954,42.198970794677734,437593000,0.0,0.0
2023-11-02,43.19898202777144,43.75332619208585,42.76627622905822,43.3764533996582,409172000,0.0,0.0
2023-11-03,43.888919424366684,45.174078747791896,43.59280293696078,44.87098693847656,424610000,0.0,0.0
2023-11-06,45.15015318659169,45.798219181155844,44.765301009531704,45.61476516723633,400733000,0.0,0.0
2023-11-07,45.58285989512135,46.08037071910402,45.02352961733188,45.81815719604492,343165000,0.0,0.0
2023-11-08,45.96272659241924,46.72744479735544,45.83111967900613,46.43531799316406,346719000,0.0,0.0
2023-11-09,47.32565472798377,48.08638320008785,46.610790709948866,46.81019592285156,540496000,0.0,0.0
2023-11-10,47.358554124348004,48.32765981676779,47.142201251891926,48.19106674194336,421245000,0.0,0.0
2023-11-13,48.176113818422,48.96974494304787,47.9557712363459,48.4752197265625,384136000,0.0,0.0
2023-11-14,49.53206353654858,49.68560428700353,48.89396993275051,49.50813293457031,416954000,0.0,0.0
2023-11-15,49.78630718435211,49.811230458479834,48.05647298035821,48.74242401123047,475497000,0.0,0.0
2023-11-16,48.534047157885986,49.37752865421783,48.186087364869636,49.33266067504883,339756000,0.0,0.0
2023-11-17,49.37653577909823,49.568961894077866,48.86107690035848,49.15121078491211,325205000,0.0,0.0
2023-11-20,49.16516605663654,50.397485733557765,49.03455561243681,50.2588996887207,414120000,0.0,0.0
2023-11-21,49.976737718443786,50.3665722694878,49.075430256470796,49.79528045654297,565747000,0.0,0.0
2023-11-22,49.703560932235554,50.185120642893004,47.54799598832388,48.57094192504883,899420000,0.0,0.0
2023-11-24,48.32567320692598,48.77533048753054,47.60282974083701,47.63373947143555,294645000,0.0,0.0
2023-11-27,47.65766154840481,48.38548731555285,47.510103445888454,48.09834671020508,395662000,0.0,0.0
2023-11-28,48.09236930689928,48.17911204503058,47.33164078012809,47.67860412597656,401491000,0.0,0.0
2023-11-29,48.23495273654885,48.61681177274642,47.71749705929675,47.99666213989258,382005000,0.0,0.0
2023-11-30,47.88099334816859,47.96673960192544,46.283766368785,46.63072967529297,526247000,0.0,0.0
2023-12-01,46.38646825144851,47.05945760454386,46.04947343587655,46.62575149536133,369317000,0.0,0.0
2023-12-04,45.93979415914972,45.93979415914972,44.87597007312704,45.374481201171875,437543000,0.0,0.0
2023-12-05,45.33460369954444,46.46532533448676,45.14016755025648,46.431427001953125,371718000,0.004,0.0
2023-12-06,47.07854443551646,47.25004822206123,45.2807538725136,45.371490478515625,380590000,0.0,0.0
2023-12-07,45.56792757808214,46.49424361639184,45.47220434901942,46.46133804321289,350823000,0.0,0.0
2023-12-08,46.4603430274887,47.60303102965734,46.41547109826504,47.368709564208984,359224000,0.0,0.0
2023-12-11,47.35374217112069,47.39362367193701,45.69754350951452,46.49223709106445,509728000,0.0,0.0
2023-12-12,45.91292392475919,47.5282408991093,45.91292392475919,47.51926803588867,372387000,0.0,0.0
2023-12-13,47.49135487990882,48.45356620387965,47.47041566072205,47.94902801513672,447792000,0.0,0.0
2023-12-14,48.25015142544688,48.52934100326086,47.28495045380948,48.21026611328125,391232000,0.0,0.0
2023-12-15,48.05471911639448,49.261221291787095,47.980931668648175,48.74870681762695,479948000,0.0,0.0
2023-12-18,49.25723605827901,50.28724783914224,49.00795855556237,49.93227767944336,412587000,0.0,0.0
2023-12-19,49.281159865930675,49.55636317420033,48.75368939419547,49.46063995361328,464444000,0.0,0.0
2023-12-20,49.511490749608875,49.85449831929735,47.95899143016388,47.971954345703125,397894000,0.0,0.0
2023-12-21,48.669928050969844,48.953107634299236,48.27905890346602,48.848411560058594,300425000,0.0,0.0
2023-12-22,49.05281623744541,49.24027260571634,48.32691966505345,48.688873291015625,252507000,0.0,0.0
2023-12-26,48.82647939940057,49.45665286845571,48.81850309781851,49.13658142089844,244200000,0.0,0.0
2023-12-27,49.36791528650649,49.536425600159234,48.94314392704513,49.27418518066406,233648000,0.0,0.0
2023-12-28,49.49953204501984,49.73983287122963,49.26919684127221,49.37887954711914,246587000,0.0,0.0
2023-12-29,49.66903891502132,49.85250906748791,48.61010784761711,49.37887954711914,389293000,0.0,0.0
2024-01-02,49.10167999879026,49.15253129584884,47.457447488056715,48.02878952026367,411254000,0.0,0.0
2024-01-03,47.34776550065434,48.04474284454288,47.183241449788504,47.431522369384766,320896000,0.0,0.0
2024-01-04,47.62895584693761,48.3598392451417,47.37070546015492,47.859291076660156,306535000,0.0,0.0
2024-01-05,48.3219454810566,49.4038088927802,48.16639428593929,48.955108642578125,415039000,0.0,0.0
2024-01-08,49.36891016503661,52.1239255155236,49.336004592518634,52.101985931396484,642510000,0.0,0.0
2024-01-09,52.249557041176296,54.16799628302355,51.54060955653382,52.986419677734375,773100000,0.0,0.0
2024-01-10,53.46104844034716,54.442201988108685,53.334412767924995,54.19292449951172,533796000,0.0,0.0
2024-01-11,54.84004936433209,55.186046630349715,53.40520900250216,54.66355895996094,596759000,0.0,0.0
2024-01-12,54.46215126794727,54.81114207663485,54.172992236795146,54.5518913269043,352994000,0.0,0.0
2024-01-16,54.85900246020817,56.67074896213712,54.74134344349828,56.219058990478516,449580000,0.0,0.0
2024-01-17,56.18415552246115,56.3077977062965,54.581801354818275,55.89100646972656,474394000,0.0,0.0
2024-01-18,57.094517089822695,57.43353464294008,55.94484937824919,56.941959381103516,491650000,0.0,0.0
2024-01-19,57.82141078034066,59.328045587590395,57.05961879365457,59.31907272338867,543501000,0.0,0.0
2024-01-22,59.87545679775879,60.15664330232137,58.89928603895681,59.481597900390625,452955000,0.0,0.0
2024-01-23,59.39784070948938,59.736858252012084,58.41568677878363,59.69996643066406,294654000,0.0,0.0
2024-01-24,60.12972084943654,62.66736391279241,59.76477747230483,61.184661865234375,560271000,0.0,0.0
2024-01-25,62.16979849805745,62.53773532424112,60.67413370207847,61.43891906738281,482777000,0.0,0.0
2024-01-26,60.7838279254581,61.60445135537022,60.39794910397368,60.85462188720703,390309000,0.0,0.0
2024-01-29,61.05503888144962,62.308406139769886,60.73098116954014,62.28447723388672,348733000,0.0,0.0
2024-01-30,62.718214176475605,63.30949885561756,62.08006064595033,62.59257507324219,410735000,0.0,0.0
2024-01-31,61.26243938962684,62.089045984947674,60.524580091271865,61.34918975830078,453795000,0.0,0.0
2024-02-01,61.92052952927185,63.00837994825412,61.471833071842404,62.844852447509766,369146000,0.0,0.0
2024-02-02,63.78911624931711,66.40752664709339,63.5059366044878,65.96880340576172,476578000,0.0,0.0
2024-02-05,68.02784195808994,69.29616929872287,67.01079290005846,69.13164520263672,680078000,0.0,0.0
2024-02-06,69.42877233327619,69.552414531284,66.10840153882174,68.02584075927734,683111000,0.0,0.0
2024-02-07,68.12155362100862,70.01706057362387,67.40462981569888,69.89640808105469,495575000,0.0,0.0
2024-02-08,69.87147502102263,70.58939534958982,69.2542683281726,69.43972778320312,414422000,0.0,0.0
2024-02-09,70.32914067903327,71.97636644817582,70.00906929428511,71.92452239990234,436637000,0.0,0.0
2024-02-12,72.39015691032807,74.39534593902371,71.0440604444285,72.03917694091797,613710000,0.0,0.0
2024-02-13,70.1965302357294,73.23771050908576,69.41878582226347,71.9195327758789,602580000,0.0,0.0
2024-02-14,72.99044348203591,74.0214517262709,71.73009661007124,73.6864242553711,504917000,0.0,0.0
2024-02-15,73.65553513860904,73.7612240097967,72.19077851996437,72.44802856445312,420122000,0.0,0.0
2024-02-16,73.8858468671519,74.18697602398943,72.29146900724291,72.40314483642578,495327000,0.0,0.0
2024-02-20,71.73906612377016,71.74804279084927,67.53824458047887,69.25128173828125,704833000,0.0,0.0
2024-02-21,67.80945371472042,68.68890843457064,66.05653886283757,67.2770004272461,673755000,0.0,0.0
2024-02-22,74.80818688297568,78.34792317872578,74.0055129470122,78.31103515625,865100000,0.0,0.0
2024-02-23,80.5565313325956,82.15589232862996,77.34583537657274,78.5892333984375,829388000,0.0,0.0
2024-02-26,79.46966317926245,80.41293598535317,78.27811704521838,78.8634262084961,503973000,0.0,0.0
2024-02-27,79.1515839793688,79.25030450092336,76.93900277777333,78.47354888916016,391705000,0.0,0.0
2024-02-28,77.39567023328642,78.70487140466068,76.90209811291284,77.43854522705078,393110000,0.0,0.0
2024-02-29,78.8654008337766,79.75880728050764,78.12354788867853,78.88334655761719,507289000,0.0,0.0
2024-03-01,79.76878610572811,82.0621417492055,79.20541661950624,82.04119873046875,479135000,0.0,0.0
2024-03-04,83.88684357717052,87.4415423994426,83.47703595857622,84.99064636230469,615616000,0.0,0.0
2024-03-05,85.02756212891575,85.85221432148215,83.1798336316164,85.71958923339844,520639000,0.004,0.0
2024-03-06,87.77173362164056,89.4688902523757,86.78254975478006,88.44779968261719,582520000,0.0,0.0
2024-03-07,89.90166281939615,92.50324615104638,89.34724386412462,92.40552520751953,608119000,0.0,0.0
2024-03-08,94.86749190765931,97.12306133342042,86.26003174516178,87.27912902832031,1142269000,0.0,0.0
2024-03-11,86.18326495849031,88.5445284611464,83.92669865835357,85.5301284790039,678364000,0.0,0.0
2024-03-12,87.79866017993605,91.69853581019218,85.90505740123257,91.65167236328125,668075000,0.0,0.0
2024-03-13,90.7961026211969,91.24382347923168,88.18354935724443,90.62957763671875,635713000,0.0,0.0
2024-03-14,89.32230691373881,90.3882676423802,86.35376650266996,87.6939468383789,602318000,0.0,0.0
2024-03-15,86.68284605628648,89.29140572149215,86.01176295929899,87.58726501464844,642086000,0.0,0.0
2024-03-18,90.13100922298294,92.1422727821745,86.83739891650431,88.20350646972656,668976000,0.0,0.0
2024-03-19,86.4534797466604,90.28655172899164,84.7682901573293,89.14381408691406,672171000,0.0,0.0
2024-03-20,89.54167399398385,90.15293760178423,87.97215190090783,90.11504364013672,479063000,0.0,0.0
2024-03-21,92.0375720151123,92.38458214165158,90.1479556941056,91.1750259399414,480372000,0.0,0.0
2024-03-22,90.88185279949899,94.50851255895188,90.5757265000991,94.02090454101562,586719000,0.0,0.0
2024-03-25,93.67391499463383,96.49088009677016,93.24414062902237,94.73189544677734,552136000,0.0,0.0
2024-03-26,95.57845969689596,96.1009718491892,92.23898306006764,92.29781341552734,513648000,0.0,0.0
2024-03-27,92.8472628285773,92.97489725482532,88.8696059634602,89.99340057373047,586067000,0.0,0.0
2024-03-28,89.74411520186113,91.0404221311914,88.93941042675222,90.09910583496094,435212000,0.0,0.0
2024-04-01,90.04225806770008,91.96277679415357,88.9503702442798,90.10607147216797,452441000,0.0,0.0
2024-04-02,88.19651163521841,89.83783523468522,87.37087059473389,89.19766235351562,433064000,0.0,0.0
2024-04-03,88.23242095077572,90.11704664082849,88.14866014711569,88.71105194091797,370067000,0.0,0.0
2024-04-04,90.1489453998678,90.3763015666953,85.63581327474101,85.6607437133789,434965000,0.0,0.0
2024-04-05,86.61902297298796,88.22943673946416,85.68170072109015,87.75778198242188,399678000,0.0,0.0
2024-04-08,88.44779211337963,88.57742734725042,86.48539311445134,86.88525390625,283220000,0.0,0.0
2024-04-09,87.19338119556187,87.38583323801888,82.78595022062588,85.11131286621094,501700000,0.0,0.0
2024-04-10,83.68739361620145,87.15151575985122,83.47100770547938,86.79154205322266,431929000,0.0,0.0
2024-04-11,87.1714479258609,90.48101167566662,86.67885677486333,90.35836029052734,431637000,0.0,0.0
2024-04-12,89.44396327846418,89.91861544290224,87.2811315064311,87.93526458740234,426805000,0.0,0.0
2024-04-15,88.84465613304712,90.35534773623158,85.68466822355283,85.75646209716797,443077000,0.0,0.0
2024-04-16,86.18725549413733,87.86746232886081,85.81930894271287,87.16646575927734,370453000,0.0,0.0
2024-04-17,88.08882656112145,88.52259493497695,83.7113088922385,83.79607391357422,495400000,0.0,0.0
2024-04-18,84.7283978612392,85.94493013538192,82.167698910902,84.43024444580078,447260000,0.0,0.0
2024-04-19,82.91358102333888,84.08423897081519,75.39103216599602,75.98333740234375,875198000,0.0,0.0
2024-04-22,77.8819196640173,79.84532288255929,76.18276995811692,79.29190063476562,596341000,0.0,0.0
2024-04-23,80.53934787289336,82.53366130187051,80.03578647084935,82.18864440917969,438559000,0.0,0.0
2024-04-24,83.71130021339918,83.84292866853282,78.95785602564062,79.45045471191406,512208000,0.0,0.0
2024-04-25,78.64376576074403,83.08610152779464,78.00060291462616,82.3970718383789,424641000,0.0,0.0
2024-04-26,83.5796943254643,88.0798637130723,83.14991996305922,87.48555755615234,551011000,0.0,0.0
2024-04-29,87.34593487887717,87.74180161200195,85.02355474971789,87.50747680664062,388971000,0.0,0.0
2024-04-30,86.99194868469957,88.5664614931565,86.05462655663052,86.15633392333984,363709000,0.0,0.0
2024-05-01,84.83510772715242,85.75547993219622,81.02396844600167,82.80489349365234,559863000,0.0,0.0
2024-05-02,84.20888384405981,85.99180203592717,82.96343457532701,85.572998046875,377898000,0.0,0.0
2024-05-03,87.53939567590184,89.02715032615576,86.79252471992756,88.53655242919922,398341000,0.0,0.0
2024-05-06,89.13584021044993,91.95779560513117,88.80179361610953,91.87802124023438,376203000,0.0,0.0
2024-05-07,90.8389759868272,91.52003263915564,88.75791206874568,90.29652404785156,437342000,0.0,0.0
2024-05-08,89.22857828050421,90.93471200217493,89.16575387590268,90.15493774414062,325721000,0.0,0.0
2024-05-09,90.27159797496299,90.81305333122494,87.9801353538175,88.49466705322266,378013000,0.0,0.0
2024-05-10,90.04823199188911,91.14111635473476,88.97329419694542,89.62244415283203,335325000,0.0,0.0
2024-05-13,90.22073791617511,90.73926364427145,88.2772820639822,90.1419677734375,289680000,0.0,0.0
2024-05-14,89.34424430460986,91.39041184902159,88.68113417048747,91.09625244140625,296507000,0.0,0.0
2024-05-15,92.2090701983953,94.5922739920117,91.33855134424653,94.36093139648438,417735000,0.0,0.0
2024-05-16,94.64015703115626,95.54656916838987,93.83544466437303,94.0907211303711,323952000,0.0,0.0
2024-05-17,94.10069011001252,94.47062985340762,91.54497378951851,92.21605682373047,359691000,0.0,0.0
2024-05-20,93.48345064124587,94.92932496808272,93.17433446559033,94.5105209350586,318764000,0.0,0.0
2024-05-21,93.33286278018406,95.1287443727323,92.91505542877422,95.11478424072266,328946000,0.0,0.0
2024-05-22,95.18757861855156,95.74698053068366,92.98386328100148,94.68002319335938,548648000,0.0,0.0
2024-05-23,101.73790743867507,106.01770397120008,101.23134859062449,103.50387573242188,835065000,0.0,0.0
2024-05-24,104.15201429523188,106.1722546778935,102.70713677897801,106.16627502441406,429494000,0.0,0.0
2024-05-28,109.93054124400538,114.61219142145016,109.57056763172464,113.57714080810547,652728000,0.0,0.0
2024-05-29,112.72855023157605,115.16360024088736,110.58565875132987,114.49849700927734,557442000,0.0,0.0
2024-05-30,114.32401567603497,115.48969056494155,109.35119576529627,110.1858139038086,484553000,0.0,0.0
2024-05-31,112.20006619281486,112.39651226649593,106.6359377048998,109.32128143310547,613263000,0.0,0.0
2024-06-03,113.29795006188645,114.67302703857422,111.68454659500959,114.67302703857422,438392000,0.0,0.0
2024-06-04,115.38699108204422,116.26847269779265,113.72073695926161,116.1059341430664,403324000,0.0,0.0
2024-06-05,118.0344347915748,122.10083501982173,117.13400243711465,122.09186553955078,528402000,0.0,0.0
2024-06-06,123.69529221491227,125.22991785379394,117.98358173920542,120.65396881103516,664696000,0.0,0.0
2024-06-07,119.42944840947749,121.34598817369331,117.68642510058785,120.54427337646484,412386000,0.0,0.0
2024-06-10,120.02775723865274,122.74999082651334,116.6773100476689,121.44371795654297,313434100,0.0,10.0
2024-06-11,121.43373663493091,122.53070514239239,118.41210500224047,120.57611846923828,222551200,0.01,0.0
2024-06-12,122.72018841720352,126.52963983604721,122.23154359875069,124.85427856445312,299595000,0.0,0.0
2024-06-13,129.03268152053838,129.44155293413115,126.80884405349278,129.2520751953125,260704500,0.0,0.0
2024-06-14,129.60114223243076,132.4731792100278,127.9656714477386,131.51583862304688,309320400,0.0,0.0
2024-06-17,132.62276062148734,133.36070741193845,129.22217350427294,130.61830139160156,288504400,0.0,0.0
2024-06-18,130.77788509132313,135.95355648117285,130.32913071079423,135.20562744140625,294335100,0.0,0.0
2024-06-20,139.4139821850634,140.37132287672648,129.16236891328995,130.41888427734375,517768400,0.0,0.0
2024-06-21,126.76898143871918,130.269291272292,123.9567687165166,126.22049713134766,649445800,0.0,0.0
2024-06-24,122.89967494041525,124.11630717061917,117.71403760101381,117.78384399414062,476060900,0.0,0.0
2024-06-25,120.86532476106613,126.1506927991438,118.99051878494626,125.7418212890625,414192600,0.0,0.0
2024-06-26,125.7817056647018,127.76620840809865,122.26145451808375,126.05096435546875,362975900,0.0,0.0
2024-06-27,123.75731038151326,126.06093675176166,122.58056851355609,123.64761352539062,252571700,0.0,0.0
2024-06-28,124.236004634683,127.3573591664442,122.41105590597208,123.1988754272461,315516700,0.0,0.0
2024-07-01,123.12905433583957,124.49526638375627,118.50186772113265,123.9567642211914,284885500,0.0,0.0
2024-07-02,120.79550474728765,123.06921506851164,120.69578241236393,122.33125305175781,218374000,0.0,0.0
2024-07-03,121.32404411348101,127.9257583618164,121.02486950892705,127.9257583618164,215749000,0.0,0.0
2024-07-05,127.02824387543221,128.49419337092286,125.33294138222224,125.48252868652344,214176700,0.0,0.0
2024-07-08,127.13793174566909,130.40888035262702,126.6891774727848,127.8459701538086,237677300,0.0,0.0
2024-07-09,129.99005737514514,133.4504765285805,128.29473958471138,131.0172119140625,285366600,0.0,0.0
2024-07-10,133.65988550841513,134.72693809179796,132.0543307877707,134.53746032714844,248978600,0.0,0.0
2024-07-11,135.37513539330575,135.77402473321786,126.69916290866759,127.0481948852539,374782700,0.0,0.0
2024-07-12,127.90582806874107,131.5557253023775,126.86870653322082,128.8831329345703,252680500,0.0,0.0
2024-07-15,130.19946809344353,131.02717795052595,126.828804392605,128.0853271484375,208326200,0.0,0.0
2024-07-16,128.08532061289833,128.6836546073769,124.23597923680788,126.01106262207031,214769500,0.0,0.0
2024-07-17,121.01490699704938,121.51352631521466,116.39769484983655,117.6641845703125,390086200,0.0,0.0
2024-07-18,121.51351868069985,122.062002939552,116.23812571295703,120.755615234375,320979500,0.0,0.0
2024-07-19,120.01766279092804,121.26421102849133,117.04589605324009,117.6043472290039,217223800,0.0,0.0
2024-07-22,120.0176813971429,123.72741074457895,119.52903654259545,123.1988754272461,258068900,0.0,0.0
2024-07-23,122.44095787706307,124.34568731396223,121.76283530375956,122.25148010253906,173911000,0.0,0.0
2024-07-24,118.8409292880146,119.61877422549412,113.12675602679064,113.93451690673828,327776900,0.0,0.0
2024-07-25,112.72785127466838,116.30793416547407,106.00646529957123,111.9699478149414,460067000,0.0,0.0
2024-07-26,115.86915683172242,115.87912373985303,111.27188621900741,112.74779510498047,293399100,0.0,0.0
2024-07-29,113.3760521146797,115.9588962828189,110.9926526113286,111.28184509277344,248152100,0.0,0.0
2024-07-30,111.21203931839821,111.68074265241845,102.25684143468115,103.44355773925781,486833300,0.0,0.0
2024-07-31,112.58823561538453,118.01320824039244,110.57380945153913,116.69685363769531,473174200,0.0,0.0
2024-08-01,117.20544905631927,119.82819139029307,106.51505026446524,108.9084243774414,523462300,0.0,0.0
2024-08-02,103.47346849787236,108.41977052611269,101.0900691005783,106.97377014160156,482027500,0.0,0.0
2024-08-05,91.80578374541406,103.12444802394918,90.43957172286065,100.17261505126953,552842400,0.0,0.0
2024-08-06,103.55325619325184,107.41257244920943,100.27234777984627,103.96212768554688,409012100,0.0,0.0
2024-08-07,107.51228858966286,108.49956025923653,98.41747763354093,98.63687133789062,411440400,0.0,0.0
2024-08-08,101.71833775867768,105.208672877848,97.2507054584759,104.68013763427734,391910000,0.0,0.0
2024-08-09,105.34829623370402,106.30564447792429,103.14439960768745,104.46075439453125,290844200,0.0,0.0
2024-08-12,106.02641463942724,110.76329830179426,105.96658275414626,108.71895599365234,325559900,0.0,0.0
2024-08-13,112.1295177782614,115.90905322658823,111.27189191883488,115.81929779052734,312646700,0.0,0.0
2024-08-14,118.20269875673235,118.27250515954668,113.75501518576698,117.75394439697266,339246400,0.0,0.0
2024-08-15,118.4320525248231,122.89967697557265,117.14561388018961,122.5207290649414,318086700,0.0,0.0
2024-08-16,121.60327554530542,124.6548231821397,120.84537209002657,124.2359848022461,302589900,0.0,0.0
2024-08-19,123.93681555512863,129.64102172851562,123.07918972579691,129.64102172851562,318333600,0.0,0.0
2024-08-20,128.0454312895895,129.52135538667704,125.54236785937302,126.89861297607422,300087400,0.0,0.0
2024-08-21,126.9684150377678,128.9928157355832,126.31024153473705,128.14515686035156,257883600,0.0,0.0
2024-08-22,129.66097288180268,130.38895283197962,122.7600756761678,123.39830780029297,376189100,0.0,0.0
2024-08-23,125.51245424374224,129.2421321879317,124.87422213092064,129.01275634765625,323230300,0.0,0.0
2024-08-26,129.21222218734667,130.8975427630235,124.0265765218376,126.11080169677734,331964700,0.0,0.0
2024-08-27,124.70469137157046,128.843225521312,123.5379164141598,127.94571685791016,303134600,0.0,0.0
2024-08-28,127.76620894054898,127.97563574905244,122.30134548595971,125.26314544677734,448101100,0.0,0.0
2024-08-29,121.02486753317979,124.08638948872031,116.38770688825328,117.26527404785156,453023300,0.0,0.0
2024-08-30,119.19992897597831,121.41379989153823,116.89631023816276,119.04037475585938,333751600,0.0,0.0
2024-09-03,115.68965014821475,115.8890948214911,106.99372848681783,107.70176696777344,477155100,0.0,0.0
2024-09-04,105.11893116355375,112.95722005840781,103.83249237473713,105.91671752929688,372470300,0.0,0.0
2024-09-05,104.70008464878364,109.34722045042044,104.47072401794104,106.91395568847656,306850700,0.0,0.0
2024-09-06,107.74167143504636,107.85136830211154,100.67124500554577,102.54605865478516,413638100,0.0,0.0
2024-09-09,104.59038154400555,106.25577578698045,103.4036727846321,106.17599487304688,273912000,0.0,0.0
2024-09-10,107.51228306871653,109.09789628161208,104.660180275284,107.80148315429688,268283700,0.0,0.0
2024-09-11,109.0879346022382,116.86639906475774,107.12337325723898,116.58717346191406,441422400,0.0,0.0
2024-09-12,116.52732649632485,120.46676065848584,115.07123444451854,118.82117462158203,366052700,0.01,0.0
2024-09-13,118.76132975848293,119.63897203588232,117.28528706438033,118.7812728881836,238358300,0.0,0.0
2024-09-16,116.47747415009144,117.8637539403752,114.05397645754886,116.46749877929688,248772300,0.0,0.0
2024-09-17,117.85376774830212,118.48208669803358,114.52270945275087,115.28067016601562,231925900,0.0,0.0
2024-09-18,115.57987289959789,117.38502682895009,112.91701975753097,113.06661987304688,310318900,0.0,0.0
2024-09-19,117.0359679559666,119.33979153223306,116.93623707940027,117.55458068847656,293506400,0.0,0.0
2024-09-20,116.74674381909426,118.30257441739377,115.0812145821692,115.68958282470703,382462400,0.0,0.0
2024-09-23,116.23810026304875,116.67691759238959,114.55262048539709,115.9488754272461,206228500,0.0,0.0
2024-09-24,116.20818908018337,121.47406618937484,115.07124032940908,120.54655456542969,354966800,0.0,0.0
2024-09-25,121.69345582540069,124.60564732192762,121.28455699350084,123.17947387695312,284692900,0.0,0.0
2024-09-26,126.46067739619816,127.32834434574869,121.47405774507013,123.70806121826172,302582900,0.0,0.0
2024-09-27,123.63824884420143,123.6980858451405,118.94085404604166,121.07512664794922,271009200,0.0,0.0
2024-09-30,117.99339940741461,121.1748653861715,117.83383152489164,121.11502838134766,226553700,0.0,0.0
2024-10-01,121.44413691318621,122.11234975829879,115.48014381228901,116.68690490722656,302094500,0.0,0.0
2024-10-02,116.12840510154699,119.06053238913914,114.831880901423,118.53195190429688,221845900,0.0,0.0
2024-10-03,120.59641230247804,124.0272091849403,120.01796257527629,122.52124786376953,277118000,0.0,0.0
2024-10-04,124.60565935860969,124.70539023390367,121.50398120040512,124.58570861816406,243678100,0.0,0.0
2024-10-07,124.65550686574433,130.2903881845544,124.61561299835192,127.37820434570312,346250200,0.0,0.0
2024-10-08,129.91142617119655,133.12281085179842,129.07367761572408,132.53439331054688,285722500,0.0,0.0
2024-10-09,133.75111306364067,134.16001952786942,131.02842299164354,132.29501342773438,246191600,0.0,0.0
2024-10-10,131.55700075403345,134.63872798675436,130.64943234270237,134.44923400878906,242311300,0.0,0.0
2024-10-11,133.6513755856735,135.4166432187145,133.30232133780012,134.43927001953125,170209500,0.0,0.0
2024-10-14,136.104806530019,139.22643549757692,135.93526327737888,137.70053100585938,232347700,0.0,0.0
2024-10-15,137.5010592255131,138.19919822128062,128.3955011745818,131.2478485107422,377831000,0.0,0.0
2024-10-16,133.62146232310147,136.25439701653355,131.22789086287455,135.3568115234375,264879700,0.0,0.0
2024-10-17,138.96710708195366,140.51296215395072,136.50371585796043,136.5635528564453,306435900,0.0,0.0
2024-10-18,138.29892734851708,138.5283076242321,136.91264749604844,137.63072204589844,176090200,0.0,0.0
2024-10-21,137.76035501280404,143.32542419433594,137.63069803621275,143.32542419433594,264554500,0.0,0.0
2024-10-22,142.5275461232614,144.0334995639161,141.40056537364666,143.20571899414062,226311600,0.0,0.0
2024-10-23,141.64993025905358,142.04885378245024,137.09216737152124,139.18653869628906,285930000,0.0,0.0
2024-10-24,140.44316244306268,140.9717429059513,138.08947737101022,140.0342559814453,172354900,0.0,0.0
2024-10-25,140.55287134358582,143.74432048434818,140.42322956503693,141.16123962402344,205122100,0.0,0.0
2024-10-28,142.617310298629,142.75693502866474,139.67520798990546,140.14395141601562,173586700,0.0,0.0
2024-10-29,139.91457158033694,141.8793009979601,138.52829188537018,140.87200927734375,157593600,0.0,0.0
2024-10-30,139.1665943392083,139.9544888783044,136.44390388312416,138.96713256835938,179418100,0.0,0.0
2024-10-31,137.23176786248834,137.2417356225259,131.7564544469141,132.4047088623047,270039600,0.0,0.0
2024-11-01,134.3395349599235,136.94255111570317,134.2098931927627,135.03765869140625,207127800,0.0,0.0
2024-11-04,136.84279701748665,138.58811356192786,135.20718669312842,135.68589782714844,187528200,0.0,0.0
2024-11-05,137.08217511986183,139.99435925396384,136.9625011145287,139.5355987548828,160537400,0.0,0.0
2024-11-06,142.57743460752744,146.09798683530676,141.58011068537002,145.2203369140625,242043900,0.0,0.0
2024-11-07,145.9982557303204,148.53145192465237,145.77884323892675,148.48159790039062,207323300,0.0,0.0
2024-11-08,148.3718575159869,149.3691812590464,145.8685651814179,147.2349090576172,175665800,0.0,0.0
2024-11-11,148.28212306443757,148.45168153400843,143.18581210072784,144.87127685546875,182325600,0.0,0.0
2024-11-12,146.3871892091523,149.2495037052901,145.61924560605905,147.8931427001953,198634700,0.0,0.0
2024-11-13,148.67109606044525,148.93039482211316,145.50956558703103,145.8785858154297,191903300,0.0,0.0
2024-11-14,147.24489842760545,148.60125952595652,145.16049515099348,146.36724853515625,194463300,0.0,0.0
2024-11-15,144.48230195229198,144.85132212671857,139.705127384455,141.60003662109375,250132900,0.0,0.0
2024-11-18,139.12669362767247,141.17121080701085,136.78297621414575,139.7749481201172,221205300,0.0,0.0
2024-11-19,140.9418317601378,146.73628163269873,140.61271302151263,146.61659240722656,227834900,0.0,0.0
2024-11-20,147.0155400700263,147.16513258851916,142.34805565960622,145.49960327148438,309871700,0.0,0.0
2024-11-21,148.95033233522298,152.48085228758558,140.3234713661803,146.27749633789062,400946600,0.0,0.0
2024-11-22,145.539474391015,146.7661937868221,140.72241318136372,141.57012939453125,236406200,0.0,0.0
2024-11-25,141.610046895497,141.66988390343687,135.45655935237875,135.65602111816406,344941900,0.0,0.0
2024-11-26,137.33151565059862,138.9272401830298,135.30694909062626,136.55360412597656,190287700,0.0,0.0
2024-11-27,134.64871022731037,136.85280300357402,131.44730865073987,134.9778289794922,226370900,0.0,0.0
2024-11-29,136.41398308030372,138.97711320730366,135.6859407808891,137.8800506591797,141863200,0.0,0.0
2024-12-02,138.45851024352928,140.07417045795853,137.45121835469945,138.25904846191406,171682800,0.0,0.0
2024-12-03,137.89001081273594,140.16390831614373,137.58084280749418,139.88465881347656,164414000,0.0,0.0
2024-12-04,141.61999054867616,145.39984134699782,139.91456002292938,144.7515869140625,231224300,0.0,0.0
2024-12-05,144.73165063129176,146.1579148411047,143.57467148409813,144.68177795410156,172621200,0.01,0.0
2024-12-06,144.2230061514487,145.32012910905055,140.9415752898697,142.06863403320312,188505600,0.0,0.0
2024-12-09,138.60766082087318,139.58510137793925,136.77246195727844,138.4480743408203,189308600,0.0,0.0
2024-12-10,138.64753308216282,141.4502189353748,133.44114274667672,134.7178192138672,210020900,0.0,0.0
2024-12-11,137.00184953896905,139.8045203384501,134.85746151474785,138.94676208496094,184905200,0.0,0.0
2024-12-12,136.72258646567687,138.07904108019704,135.44592508954074,136.98190307617188,159211400,0.0,0.0
2024-12-13,138.57773734651352,139.2360201486468,132.19441524956173,133.89996337890625,231514900,0.0,0.0
2024-12-16,133.8301313094174,134.04955889819416,130.07994062496547,131.65582275390625,237951100,0.0,0.0
2024-12-17,128.75340490862754,131.24688636654815,126.52922370948323,130.05001831054688,259410300,0.0,0.0
2024-12-18,133.51098920213212,136.3435808551527,127.94553603601128,128.5738983154297,277444500,0.0,0.0
2024-12-19,131.41643441707996,133.6805197239663,129.21220544602065,130.33924865722656,209719200,0.0,0.0
2024-12-20,129.4715213006466,134.9272596326742,127.88567083765561,134.34877014160156,306528600,0.0,0.0
2024-12-23,135.92467137837366,139.42551415908295,134.76769223262775,139.3058319091797,176053500,0.0,0.0
2024-12-24,139.63498826590208,141.53002844762267,138.28850193430708,139.8544158935547,105157000,0.0,0.0
2024-12-26,139.33577420033015,140.4827850771225,137.37090912331828,139.56517028808594,116205600,0.0,0.0
2024-12-27,138.1887488761999,138.65752461945982,134.35876491420703,136.6527557373047,170582600,0.0,0.0
2024-12-30,134.47844750631418,139.9042657427297,133.67056192681179,137.1315155029297,167734700,0.0,0.0
2024-12-31,137.67011945974758,137.71002369221526,133.48107297196478,133.9398651123047,155659200,0.0,0.0
2025-01-02,135.64538180842524,138.51787711680194,134.27895893528864,137.94935607910156,198247200,0.0,0.0
2025-01-03,139.64492988439244,144.52217900012494,139.36566117903786,144.0933074951172,229322500,0.0,0.0
2025-01-06,148.20258376458906,151.76328315584956,147.43460231153736,149.04039001464844,265377400,0.0,0.0
2025-01-07,152.63098706400407,152.73073241075815,139.6449312609891,139.77459716796875,351782200,0.0,0.0
2025-01-08,142.20825109505992,143.57467420574872,137.20133554653654,139.74468994140625,227349900,0.0,0.0
2025-01-10,137.09161147098868,139.55517244006612,133.870037595658,135.55563354492188,207602500,0.0,0.0
2025-01-13,129.6510717959939,133.1419459563911,129.17231238202828,132.8826141357422,204808900,0.0,0.0
2025-01-14,135.6952971385594,136.0244385977051,129.71094017737934,131.41647338867188,195590500,0.0,0.0
2025-01-15,133.30153730793728,136.09424010113995,130.94768976753863,135.88479614257812,185217300,0.0,0.0
2025-01-16,138.2785134363621,138.38822723428095,133.14194748607855,133.22174072265625,209235600,0.0,0.0
2025-01-17,136.33360735729912,138.13888566634566,135.10681862678206,137.3509521484375,201188800,0.0,0.0
2025-01-21,138.79717036536638,141.4602070208564,136.7325601923546,140.4628143310547,197749000,0.0,0.0
2025-01-22,144.28284886721386,147.40467804215123,143.29542449743752,146.6865692138672,237651400,0.0,0.0
2025-01-23,144.67181084027297,146.8461195709751,143.34527675360425,146.83615112304688,155915500,0.0,0.0
2025-01-24,147.98313043457708,148.58157206293976,141.5100624088345,142.2481231689453,234657600,0.0,0.0
2025-01-27,124.47461463210544,128.06521929651885,116.39572750391632,118.11124420166016,818830900,0.0,0.0
2025-01-28,121.49238479939024,128.6636397113665,115.94688462361518,128.65367126464844,579666400,0.0,0.0
2025-01-29,126.17018228394103,126.55916484585856,119.73700212037913,123.37747955322266,467120600,0.0,0.0
2025-01-30,122.77903527699785,124.67408285834512,117.79207196266405,124.32499694824219,392925500,0.0,0.0
2025-01-31,123.45726093608867,127.51664871512425,118.8792323275003,119.7569351196289,388161100,0.0,0.0
2025-02-03,114.45080376447106,118.26084328911304,112.71534272693829,116.35582733154297,371235700,0.0,0.0
2025-02-04,116.65503370463425,120.88397605738155,116.39570950659508,118.34062957763672,256550000,0.0,0.0
2025-02-05,121.44252170959459,124.6740715125392,120.44512913749428,124.5045166015625,262230800,0.0,0.0
2025-02-06,127.08778823658054,128.4342745987464,124.8835510706209,128.34449768066406,251483600,0.0,0.0
2025-02-07,128.88305586640928,130.03005111642076,124.6740584360869,129.50143432617188,228186300,0.0,0.0
2025-02-10,129.7508034170435,134.64800487659767,129.621152724233,133.22174072265625,216989100,0.0,0.0
2025-02-11,132.23430777027943,134.12934755153938,130.67837780772868,132.4537353515625,178902400,0.0,0.0
2025-02-12,129.68100547013307,131.89521852186024,128.7434538800678,130.79808044433594,160278600,0.0,0.0
2025-02-13,131.21697039655388,136.14409236479662,130.82798788427175,134.93724060058594,197430000,0.0,0.0
2025-02-14,136.12416013401827,138.88694235090182,135.14671948687393,138.4879913330078,195479600,0.0,0.0
2025-02-18,140.90167961185236,143.06602007700403,137.57037622357197,139.0365447998047,219176600,0.0,0.0
2025-02-19,139.1462426003846,140.99142508356047,136.86222013681927,138.86697387695312,167536000,0.0,0.0
2025-02-20,139.6648967001902,140.29325896288867,136.43333891646114,139.74468994140625,143903600,0.0,0.0
2025-02-21,139.6748562571626,141.09116717483585,133.68053207054632,134.07948303222656,228217600,0.0,0.0
2025-02-24,136.20396396001723,138.22867021014434,129.74086261032588,129.94033813476562,251381100,0.0,0.0
2025-02-25,129.64109140603463,129.86051900489684,124.11554286315072,126.2998275756836,271428700,0.0,0.0
2025-02-26,129.6510686159171,133.38130717279842,128.15497972672858,130.9376983642578,322553800,0.0,0.0
2025-02-27,134.64801917362388,134.65798762212813,119.69710421233928,119.83673858642578,443175800,0.0,0.0
2025-02-28,117.71228067710521,124.76384661623277,116.09650940652436,124.59429168701172,389091100,0.0,0.0
2025-03-03,123.18796891235903,123.37746834229016,111.98724605192426,113.76260375976562,411381400,0.0,0.0
2025-03-04,110.36150296756519,118.9989197292815,109.82291000037466,115.68757629394531,398163300,0.0,0.0
2025-03-05,117.27343224392774,117.97160407078815,114.21143704412195,116.9941635131836,284337900,0.0,0.0
2025-03-06,113.2339813347161,115.04923557314471,109.93261424409908,110.28170013427734,321181900,0.0,0.0
2025-03-07,110.9599388924034,113.18412798197828,107.27955736061682,112.39618682861328,341755500,0.0,0.0
2025-03-10,109.61344966651625,111.5583622176382,105.18502403072868,106.70106506347656,366487400,0.0,0.0
2025-03-11,106.71102843945867,111.94733940770921,104.4968157267925,108.4764175415039,354865700,0.0,0.0
2025-03-12,113.83293253862912,116.46629097878981,112.59604629385464,115.4488525390625,323857500,0.01,0.0
2025-03-13,116.73559490158165,117.46376184203,113.50374766538481,115.28924560546875,299033100,0.0,0.0
2025-03-14,118.31162236591584,121.57339292473429,117.85278046649132,121.36392211914062,277593500,0.0,0.0
2025-03-17,122.43122525765534,122.58084943008083,117.73307494878493,119.22930145263672,255501500,0.0,0.0
2025-03-18,117.70316017412442,118.7205909220559,114.25186503478537,115.1396255493164,299686900,0.0,0.0
2025-03-19,116.97499413034406,120.1469948780257,115.38899756160431,117.224365234375,273426200,0.0,0.0
2025-03-20,116.25681189739694,119.89762393291265,116.17701131755277,118.23182678222656,248829700,0.0,0.0
2025-03-21,116.64582513098318,117.6931791575635,115.1296446207881,117.4039077758789,266498500,0.0,0.0
2025-03-24,119.57842622721644,121.91254366285413,119.03978374206928,121.10458374023438,228452500,0.0,0.0
2025-03-25,120.24675110401866,120.9848874515059,118.6208466122723,120.38639831542969,167447200,0.0,0.0
2025-03-26,118.43133002412056,118.54104631031402,112.42646947850851,113.47383117675781,293463300,0.0,0.0
2025-03-27,111.06988814101668,114.1620883069464,110.3816290692769,111.14968872070312,236902100,0.0,0.0
2025-03-28,111.20954068147716,112.58607411134861,108.79563010676111,109.39411926269531,229872500,0.0,0.0
2025-03-31,104.86553641067388,110.68087252083329,103.38926370156523,108.10736083984375,299212700,0.0,0.0
2025-04-01,108.2470125996811,109.92278683325367,106.20217397842941,109.87291717529297,222614000,0.0,0.0
2025-04-02,107.0200962834212,111.69830029652357,106.5213541109438,110.14221954345703,220601200,0.0,0.0
2025-04-03,103.24961220285616,105.36427425680411,101.344413349133,101.54391479492188,338769400,0.0,0.0
2025-04-04,98.66118836013088,99.87811296890389,91.87829121020437,94.07275390625,532273800,0.0,0.0
2025-04-07,87.23997324185012,101.49402435717819,86.40209010889866,97.39436340332031,611041300,0.0,0.0
2025-04-08,103.54885717389794,105.58372634261488,94.2223791915971,96.05775451660156,476243400,0.0,0.0
2025-04-09,98.6412345329499,114.8104562069238,97.28465510127192,114.04239654541016,612918300,0.0,0.0
2025-04-10,109.09486759895934,110.58111717003517,98.9005761841806,107.29939270019531,437812400,0.0,0.0
2025-04-11,108.2270675758849,111.26939832601622,107.2096367407114,110.65095520019531,313417300,0.0,0.0
2025-04-14,113.82295197096049,114.00249947758738,108.7956293956101,110.43150329589844,264705000,0.0,0.0
2025-04-15,110.69084593782598,113.33418114021705,110.22202704858428,111.9177474975586,228966900,0.0,0.0
2025-04-16,104.2869965726397,106.52135948725393,100.1973044637503,104.22714233398438,397016900,0.0,0.0
2025-04-17,104.1872406628714,104.20719461222582,99.79831546993584,101.23468780517578,292517500,0.0,0.0
2025-04-21,98.52154346848427,99.18986388590638,94.80093044127103,96.66622924804688,288501100,0.0,0.0
2025-04-22,98.5314962128766,99.55890380627321,97.03526978904827,98.64122009277344,241004800,0.0,0.0
2025-04-23,104.25705857766793,104.53636058197965,101.76334775853866,102.45161437988281,247526000,0.0,0.0
2025-04-24,103.21968611105362,106.2719858525715,102.85061415392688,106.16226196289062,220815000,0.0,0.0
2025-04-25,106.58121206849437,111.63845793071249,105.46403435389149,110.73075103759766,251064700,0.0,0.0
2025-04-28,109.4140660423662,110.09235573735528,105.75329251827114,108.45648193359375,207708500,0.0,0.0
2025-04-29,107.39914041879526,109.92277466025524,107.16972327513623,108.74574279785156,170444300,0.0,0.0
2025-04-30,104.20719367744803,108.64599609375,103.81817538074749,108.64599609375,235044600,0.0,0.0
2025-05-01,112.79553450528941,114.6508560442669,111.02001354244473,111.32923126220703,236121500,0.0,0.0
2025-05-02,113.8927727544179,115.10970497913567,113.08481279973248,114.21196746826172,190194800,0.0,0.0
2025-05-05,112.62597685282235,114.38154406705421,112.3766057315755,113.53368377685547,133163200,0.0,0.0
2025-05-06,111.19957134225872,114.4513652140045,110.541227943435,113.25438690185547,158525600,0.0,0.0
2025-05-07,112.7656187028628,117.38396890879066,111.99755142427854,116.7655258178711,206758800,0.0,0.0
2025-05-08,117.95252869863282,118.38144728921775,115.55856464909375,117.07474517822266,198428100,0.0,0.0
2025-05-09,117.05480348234514,117.93259470484641,114.92018728068513,116.3565673828125,132972200,0.0,0.0
2025-05-12,121.66317455201767,122.69058227539062,119.9774234659773,122.69058227539062,225023300,0.0,0.0
2025-05-13,124.66558260470775,130.88988207857878,124.15686351577287,129.60311889648438,330430100,0.0,0.0
2025-05-14,132.8649261154048,135.099296769805,131.34874548490453,134.99954223632812,281180800,0.0,0.0
2025-05-15,133.95217934435928,135.95713281870513,132.32629004982778,134.49082946777344,226632600,0.0,0.0
2025-05-16,135.87733175434735,136.0070096021913,133.1242801768634,135.05938720703125,226542500,0.0,0.0
2025-05-19,132.05696494191162,135.5282065455698,132.05696494191162,135.22897338867188,193154600,0.0,0.0
2025-05-20,133.9521612557517,134.24144022899694,132.28636428496227,134.0419464111328,161514200,0.0,0.0
2025-05-21,132.72528507307794,137.05436414816955,130.26149714159004,131.4684600830078,270608700,0.0,0.0
2025-05-22,131.89735290411087,133.9122755767364,131.21907084385478,132.495849609375,187344000,0.0,0.0
2025-05-23,129.67296865108418,132.3462194682512,128.8350854296202,130.959716796875,198821300,0.0,0.0
2025-05-27,133.81250879901197,135.31871978851976,132.974625664691,135.15911865234375,192953600,0.0,0.0
2025-05-28,135.68778777349254,136.9047198340945,134.4509017652276,134.47085571289062,304021100,0.0,0.0
2025-05-29,141.89214330786072,143.12902933343943,137.56306504893934,138.83984375,369241900,0.0,0.0
2025-05-30,138.37105052724368,139.26878048564038,132.5856374053386,134.7900848388672,333170900,0.0,0.0
2025-06-02,135.14916370580715,137.7725372671851,135.05937854437917,137.03440856933594,197663100,0.0,0.0
2025-06-03,138.43088175862894,141.64278269656361,137.60296789247522,140.86474609375,225578800,0.0,0.0
2025-06-04,141.83231333868676,142.03180718032695,139.18897047063936,141.56298828125,167120800,0.0,0.0
2025-06-05,141.81237210270294,143.63777059715719,138.48077746536075,139.6378631591797,231397900,0.0,0.0
2025-06-06,142.1514855332369,142.90958336053123,141.1540012092415,141.3634796142578,153986200,0.0,0.0
2025-06-09,142.8297985646697,144.63524295526028,141.58294302195193,142.27120971679688,185114500,0.0,0.0
2025-06-10,142.3310452201821,143.92701105784593,141.17395971410352,143.5978546142578,155881900,0.0,0.0
2025-06-11,144.25621966515521,144.63529488552354,141.52291745481477,142.48057556152344,167694000,0.01,0.0
2025-06-12,141.62269259555393,144.64527893066406,141.50299102868564,144.64527893066406,162365000,0.0,0.0
2025-06-13,142.13142750185233,143.22874251056697,140.50542554352353,141.6226806640625,180820600,0.0,0.0
2025-06-16,142.99931091676874,145.82237413621124,142.84966874779792,144.33602905273438,183133700,0.0,0.0
2025-06-17,144.13653073401778,144.8647406282524,143.42826095310537,143.76742553710938,139108000,0.0,0.0
2025-06-18,143.6576795538125,145.29366674757205,142.7698575136892,145.12408447265625,161494100,0.0,0.0
2025-06-20,145.09415386336235,145.84231899007767,142.30100101266686,143.49807739257812,242956200,0.0,0.0
2025-06-23,142.1513937655616,144.42581484809375,141.68254233682853,143.8173065185547,154308900,0.0,0.0
2025-06-24,145.20390562225958,147.59804349475166,145.1440548392029,147.53817749023438,187566100,0.0,0.0
2025-06-25,148.90484638085596,154.07216728635598,148.8948611020321,153.93251037597656,269146500,0.0,0.0
2025-06-26,155.59840525486092,156.33660039378947,153.6232534017049,154.64076232910156,198145700,0.0,0.0
2025-06-27,155.65826650868465,158.32174817747665,154.880175871103,157.3640899658203,263234500,0.0,0.0
2025-06-30,158.01250107649778,158.2718747820143,155.57848281781088,157.603515625,194580300,0.0,0.0
2025-07-01,155.9076636637482,156.81544119896878,151.1194180014287,152.92498779296875,213143600,0.0,0.0
2025-07-02,152.6057523429847,157.21446053326332,152.59578228626097,156.8653106689453,171224100,0.0,0.0
2025-07-03,157.98256705200242,160.58618269349765,157.3840439934681,158.9501953125,143716100,0.0,0.0
2025-07-07,157.8129946008361,158.92027983286837,156.9550977974466,157.8529052734375,140139000,0.0,0.0
2025-07-08,158.94022243433284,159.82804456030718,158.0025195823342,159.60858154296875,138133000,0.0,0.0
2025-07-09,160.82559421950873,164.01776272716893,160.76574343834326,162.48153686523438,183656400,0.0,0.0
2025-07-10,163.91804092547642,164.0975932957291,161.21466354212765,163.69857788085938,167704100,0.0,0.0
2025-07-11,163.319494380175,167.4792915182188,163.07010595303956,164.5165557861328,193633300,0.0,0.0
2025-07-14,164.96544774793,165.08516454052796,161.62365204151925,163.66864013671875,136975800,0.0,0.0
2025-07-15,170.77121644956358,171.97824787505814,168.78607915204378,170.28240966796875,230627400,0.0,0.0
2025-07-16,170.64152069930245,171.32983513615645,168.48680121561864,170.9507598876953,158831500,0.0,0.0
2025-07-17,171.59918390717252,173.7339481189201,170.4120926228971,172.5767822265625,160841100,0.0,0.0
2025-07-18,173.21520688358655,173.82371518980958,170.8410244393951,171.98822021484375,146456400,0.0,0.0
2025-07-21,172.32738268326037,172.95584631586675,170.58166390065136,170.9607391357422,123126100,0.0,0.0
2025-07-22,170.9208530826869,170.97073381366536,164.17739532245605,166.62139892578125,193114300,0.0,0.0
2025-07-23,169.11525591048226,170.84101932871772,167.5590747729789,170.36219787597656,154082200,0.0,0.0
2025-07-24,172.01816431437092,173.40476336343244,170.88095369299285,173.3149871826172,128984600,0.0,0.0
2025-07-25,173.18530830431874,174.29259358308082,172.53690445106827,173.07557678222656,122316800,0.0,0.0
2025-07-28,173.59430945229414,176.56701539294556,173.54442872003753,176.317626953125,140023500,0.0,0.0
2025-07-29,177.52463047494987,178.94115464165458,174.5918207013176,175.0806121826172,154077500,0.0,0.0
2025-07-30,176.07819353379378,179.4499298230835,175.60934208925488,178.83145141601562,174312200,0.0,0.0
2025-07-31,182.45256948733228,182.85160010862035,175.49961883405416,177.43487548828125,221685400,0.0,0.0
2025-08-01,173.6641186818972,176.1081221843386,170.47194991004753,173.29502868652344,204529000,0.0,0.0
2025-08-04,174.7315205700618,179.75918483209097,174.0930867713682,179.55967712402344,148174600,0.0,0.0
2025-08-05,179.18058718831315,179.81902093485988,175.46968627980374,177.82391357421875,156407600,0.0,0.0
2025-08-06,175.898641889325,179.4599006050506,175.81883576850015,178.9810791015625,137192300,0.0,0.0
2025-08-07,181.12581999654523,183.43016644757114,178.36259217804582,180.32777404785156,151878400,0.0,0.0
2025-08-08,181.10587113034643,182.85159004607542,179.95867528141937,182.2530517578125,123396700,0.0,0.0
2025-08-11,181.6046387082212,183.39025298215157,179.80903915640334,181.61460876464844,138323200,0.0,0.0
2025-08-12,182.51242163652668,184.02869221788941,179.0209838780724,182.71192932128906,145485700,0.0,0.0
2025-08-13,182.17323092856017,183.51993435768304,178.91124166315015,181.145751953125,179871700,0.0,0.0
2025-08-14,179.31025614092474,182.57226061200618,179.02097229994772,181.57470703125,129554000,0.0,0.0
2025-08-15,181.43505449173978,181.45499460438234,177.6044370814236,180.008544921875,156602200,0.0,0.0
2025-08-18,180.15818875593718,182.49246055927404,180.14820347806383,181.56472778320312,132008000,0.0,0.0
2025-08-19,181.98370991508045,182.0535459787435,175.06070018553257,175.2103271484375,185229200,0.0,0.0
2025-08-20,174.74148365399904,175.5694550698242,168.38707131580557,174.97091674804688,215142700,0.0,0.0
2025-08-21,174.42225404103465,176.46722675550242,173.38478976711397,174.5519256591797,140040900,0.0,0.0
2025-08-22,172.1877371490149,178.15310374912357,170.78118284108405,177.55458068847656,172789400,0.0,0.0
2025-08-25,177.91371253514103,181.46500135257926,176.13806812642193,179.37013244628906,163012800,0.0,0.0
2025-08-26,179.61949407406715,181.94379572773957,178.37255210674027,181.3253173828125,168688200,0.0,0.0
2025-08-27,181.53482178191953,182.0435839210746,178.66187741767394,181.15576171875,235518900,0.0,0.0
2025-08-28,180.3776517699909,184.01871637210735,175.9784366795831,179.72923278808594,281787800,0.0,0.0
2025-08-29,177.67428483075477,177.714180280125,172.72641192849127,173.75389099121094,243257900,0.0,0.0
2025-09-02,169.58410730722488,171.95828968039308,166.81090959368234,170.36219787597656,231164900,0.0,0.0
2025-09-03,170.64153226145447,171.9882358353705,168.46687251736884,170.20260620117188,164424900,0.0,0.0
2025-09-04,170.15273668191406,171.43957421789176,168.99557077235426,171.2400665283203,141670100,0.0,0.0
2025-09-05,167.61894341349083,168.61649709218636,163.66863936987482,166.61141967773438,224441400,0.0,0.0
2025-09-08,167.14011909123317,170.54178073137314,166.9406114031506,167.89825439453125,163769100,0.0,0.0
2025-09-09,168.6763418810487,170.5617176578999,166.3320999523285,170.34225463867188,157548400,0.0,0.0
2025-09-10,176.2078799889887,178.85139113084074,175.04074401948455,176.8961944580078,226852000,0.0,0.0
2025-09-11,179.25054698686972,179.84911904071384,176.05819821844705,176.74655151367188,151159300,0.01,0.0
2025-09-12,177.3451207317183,178.1731387966239,176.02826832324598,177.39500427246094,124911000,0.0,0.0
2025-09-15,175.25014939714936,178.4225571584428,174.0929181271268,177.32518005371094,147061600,0.0,0.0
2025-09-16,176.57696439453113,177.07576937869646,173.96323114864717,174.4620361328125,140737800,0.0,0.0
2025-09-17,172.22736966160153,172.78602876073558,168.00748411706098,169.8829803466797,211843800,0.0,0.0
2025-09-18,173.56417834624654,176.67673180432445,172.54662713675344,175.81878662109375,191763300,0.0,0.0
2025-09-19,175.34989886544702,177.65437533147113,174.76129744715922,176.24774169921875,237182100,0.0,0.0
2025-09-22,174.8810364137678,184.1089289332547,174.29245016588177,183.17117309570312,269637000,0.0,0.0
2025-09-23,181.53508786527138,181.98400930831284,175.78885990523673,178.0035400390625,192559600,0.0,0.0
2025-09-24,179.34033838980653,179.35030900890538,174.98077271717747,176.54702758789062,143564100,0.0,0.0
2025-09-25,174.06297010669513,179.82915407834395,172.7162058826927,177.2653045654297,191586700,0.0,0.0
2025-09-26,177.74414266212372,179.3403244887289,174.51188131329135,177.76409912109375,148573700,0.0,0.0
2025-09-29,179.99875523700084,183.56023005067578,179.88903275637574,181.41537475585938,193063500,0.0,0.0
2025-09-30,181.6448190078555,186.90222763381766,181.04624695721463,186.13406372070312,236981000,0.0,0.0
2025-10-01,184.79726069745416,187.6903232769056,183.46045188172369,186.79248046875,173844900,0.0,0.0
2025-10-02,189.146847340247,190.59337868298996,187.6105195355423,188.43853759765625,136805800,0.0,0.0
2025-10-03,188.73784010440045,189.90504198866086,184.9369484043502,187.1715850830078,137596900,0.0,0.0
2025-10-06,185.0566446584491,186.78250559975277,182.8918329061041,185.09654235839844,157678100,0.0,0.0
2025-10-07,185.78489078203316,188.6081286768816,183.56022492696124,184.5977325439453,140088000,0.0,0.0
2025-10-08,186.12409742063042,189.14685437964263,186.0941551173159,188.65802001953125,130168900,0.0,0.0
2025-10-09,191.77054228398893,194.83321191134357,190.60334055524348,192.1097412109375,182997200,0.0,0.0
2025-10-10,193.04748211324375,195.15243956582322,181.6148814298513,182.72222900390625,268774400,0.0,0.0
2025-10-13,187.52073401073042,189.65561858658472,185.51554359294212,187.86990356445312,153482800,0.0,0.0
2025-10-14,184.32839277968645,184.35831986008523,179.2705030798172,179.59971618652344,205641400,0.0,0.0
2025-10-15,184.3582990595379,184.4281238318171,176.86623951707475,179.40017700195312,214450500,0.0,0.0
2025-10-16,181.79445210488134,182.84194556906473,179.34034021746592,181.37545776367188,179723300,0.0,0.0
2025-10-17,179.74933157181889,183.65997549473053,179.32036665232565,182.78207397460938,173135200,0.0,0.0
2025-10-20,182.69231029505525,184.75735492260156,181.2956472677441,182.20347595214844,128544700,0.0,0.0
2025-10-21,182.35311411361405,182.35311411361405,179.37027013728058,180.72702026367188,124240200,0.0,0.0
2025-10-22,180.70708159372876,183.00158772456834,176.33754475809732,179.84913635253906,162249600,0.0,0.0
2025-10-23,179.988777912505,182.59254038327154,179.3602787988416,181.72462463378906,111363700,0.0,0.0
2025-10-24,183.40059008116805,187.0219186862977,183.06140638753934,185.81480407714844,131296700,0.0,0.0
2025-10-27,189.53590332097463,191.54109366524804,187.97961914819697,191.03231811523438,153452700,0.0,0.0
2025-10-28,192.58859211843296,202.66444286407344,191.45131745385083,200.5495147705078,297986200,0.0,0.0
2025-10-29,207.48290651547202,211.68285096872194,204.29055782184227,206.54515075683594,308829600,0.0,0.0
2025-10-30,204.6596525726598,205.66724825327245,200.92860151360617,202.40505981445312,178864400,0.0,0.0
2025-10-31,205.95656932325562,207.4729406961805,201.5870481318289,202.00604248046875,179802200,0.0,0.0
2025-11-03,207.58267267525224,210.83487551397138,205.06869143040765,206.3855438232422,180267300,0.0,0.0
2025-11-04,202.51481474882632,203.4824975937368,197.4569251230167,198.21511840820312,188919300,0.0,0.0
2025-11-05,198.29492759193732,202.43500266122365,194.18476438007542,194.74343872070312,171350300,0.0,0.0
2025-11-06,195.95054108781363,197.1476699621838,185.9345440647224,187.63047790527344,223029800,0.0,0.0
2025-11-07,184.45806985353664,187.86990920765928,178.4823961188316,187.70030212402344,264942300,0.0,0.0
2025-11-10,194.64366391254433,199.46212145013763,193.32681156682352,198.57424926757812,198897100,0.0,0.0
2025-11-11,194.69355355890158,194.9529266552934,190.84277869998112,192.69833374023438,176483300,0.0,0.0
2025-11-12,195.25221648764446,195.4218083488666,190.673190567689,193.33680725097656,154935300,0.0,0.0
2025-11-13,190.59337913278358,190.9824463944715,183.41059072037282,186.41339111328125,207423100,0.0,0.0
2025-11-14,182.42294356130517,190.55345800755302,180.14839424900484,189.71546936035156,186591900,0.0,0.0
2025-11-17,185.52552307898492,188.54828000089623,183.87947275520656,186.15402221679688,173628900,0.0,0.0
2025-11-18,182.94172058465782,184.3583249108488,179.22062444838815,180.92654418945312,213598900,0.0,0.0
2025-11-19,184.3483273978252,187.41099710874653,182.39302051116815,186.07420349121094,247246400,0.0,0.0
2025-11-20,195.48164055367448,195.53152408897705,179.42013163689916,180.20823669433594,343504800,0.0,0.0
2025-11-21,180.80682891210233,184.11888595894638,172.51667761994415,178.4524688720703,346926200,0.0,0.0
2025-11-24,179.06102433247585,183.06143495137792,176.05820849098825,182.11370849609375,256618300,0.0,0.0
2025-11-25,174.49195573568102,177.73418799379976,169.1447659257062,177.39500427246094,320600300,0.0,0.0
2025-11-26,181.19589856886267,182.47283807635972,177.81400147563977,179.82916259765625,183852000,0.0,0.0
2025-11-28,178.58215589898685,178.86148547381688,176.0781603452176,176.57696533203125,121332800,0.0,0.0
2025-12-01,174.3423041351479,179.8690716163194,173.2648835948944,179.48997497558594,188131000,0.0,0.0
2025-12-02,181.32557695606172,185.2162648499111,179.56978894419797,181.02630615234375,182632200,0.0,0.0
2025-12-03,180.64719551618873,182.013916155068,178.68190287158453,179.16075134277344,165138000,0.0,0.0
2025-12-04,181.1960032737075,184.08924235816875,179.53989011299373,182.951904296875,167364900,0.01,0.0
2025-12-05,183.46070200471706,184.22890867632069,180.48766317737477,181.98416137695312,143971100,0.0,0.0
2025-12-08,182.213626289633,187.56111397793046,181.9741810893209,185.11683654785156,204378100,0.0,0.0
2025-12-09,185.12679644575,185.2864265695677,182.89203560496765,184.53817749023438,144719700,0.0,0.0
2025-12-10,184.53819180758595,185.0469957406681,181.61502392815055,183.35096740722656,162785400,0.0,0.0
2025-12-11,179.85912243695617,180.89670300875093,176.20766331092784,180.50759887695312,182136600,0.0,0.0
2025-12-12,180.68718311570447,182.39319766595756,174.21232912082112,174.6114044189453,204274900,0.0,0.0
2025-12-15,177.52459033283526,178.0034654802094,174.6213802569945,175.87843322753906,164775600,0.0,0.0
2025-12-16,175.8485164107673,178.07332144734244,174.4916907151964,177.30511474609375,148588100,0.0,0.0
2025-12-17,175.68889685369163,175.71882560019336,169.91240520818417,170.5409393310547,222775500,0.0,0.0
2025-12-18,174.1225483861358,175.7387615308714,171.41888356310693,173.73345947265625,176096000,0.0,0.0
2025-12-19,176.2575523358494,181.0263919449467,175.92832091222974,180.56747436523438,324925900,0.0,0.0
2025-12-22,183.49062822521734,183.73007341419415,181.9243013805983,183.26116943359375,129064400,0.0,0.0
2025-12-23,182.5428423541149,188.88799500778453,182.47299846788633,188.76828002929688,174873600,0.0,0.0
2025-12-24,187.50124372172942,188.4689804086018,186.154389299292,188.169677734375,65528500,0.0,0.0
2025-12-26,189.47662851874142,192.240166195598,187.5611125998212,190.085205078125,139740300,0.0,0.0
2025-12-29,187.2717899684254,188.31932652162573,185.47598909796272,187.7805938720703,120006100,0.0,0.0
2025-12-30,187.8005508490403,188.5487999407664,186.49359631469858,187.1021728515625,97687300,0.0,0.0
2025-12-31,189.12746144975497,190.11514057964584,186.0546497967401,186.0646209716797,120100500,0.0,0.0
2026-01-02,189.39681300359115,192.47959571470966,187.8204997023152,188.4091339111328,148240500,0.0,0.0
2026-01-05,191.31233377676458,193.1779786425506,185.7154296257417,187.6808319091797,183529700,0.0,0.0
2026-01-06,190.07522846701318,191.72137039337454,186.3838692947835,186.80288696289062,176862600,0.0,0.0
2026-01-07,188.12978540958392,190.9232365533545,186.12446806753155,188.66851806640625,153543200,0.0,0.0
2026-01-08,188.66852284990722,189.10749810453436,183.28113525242415,184.60801696777344,172457000,0.0,0.0
2026-01-09,184.64792389684447,185.9049768874807,183.2412119543349,184.42843627929688,131327500,0.0,0.0
2026-01-12,182.79226917353867,186.6831584288149,182.59273912358015,184.5082550048828,137968500,0.0,0.0
2026-01-13,184.5681140987238,187.6708543554723,182.97184323887342,185.376220703125,160128900,0.0,0.0
2026-01-14,183.88968589856495,184.02935843961012,180.3778995796448,182.71243286132812,159586100,0.0,0.0
2026-01-15,186.06460797964908,189.25713440169068,185.895006678512,186.6133270263672,206188600,0.0,0.0
2026-01-16,188.63857958929228,189.99540517049002,185.6455833269296,185.79522705078125,187967200,0.0,0.0
2026-01-20,181.47532662721457,181.95421697054311,177.19534884297914,177.65428161621094,223345300,0.0,0.0
2026-01-21,178.6320081827799,184.94723253133864,177.9835164834521,182.8920440673828,200381000,0.0,0.0
2026-01-22,184.31869154642928,185.7353746560278,183.5005985718231,184.40847778320312,139636600,0.0,0.0
2026-01-23,187.06227125943187,189.15737478680413,186.38386606278428,187.23187255859375,142748100,0.0,0.0
2026-01-26,186.7230748442759,188.6784906596197,185.55580805974404,186.03468322753906,124799600,0.0,0.0
2026-01-27,186.80288446054914,189.55643562401056,185.2664711415707,188.07989501953125,143711600,0.0,0.0
2026-01-28,190.82347487286611,191.9009553855833,189.3968053634026,191.07289123535156,148552700,0.0,0.0
2026-01-29,190.89331059974717,193.0283141326731,185.62563804704834,192.06057739257812,171764400,0.0,0.0
2026-01-30,190.76362243793778,194.0359639826301,189.0276790286862,190.68380737304688,179489500,0.0,0.0
2026-02-02,186.7629812920276,189.8557504766133,184.4484052141589,185.17669677734375,165794100,0.0,0.0
2026-02-03,185.8052108647954,185.8351396091497,175.81857039871747,179.91897583007812,204019600,0.0,0.0
2026-02-04,179.04104143486663,179.16075641282603,171.50866453387607,173.78334045410156,207014100,0.0,0.0
2026-02-05,174.5215964583249,176.40719862825284,170.6307075914073,171.47872924804688,206312900,0.0,0.0
2026-02-06,176.277498975506,186.56342663955238,174.1923819783884,184.97714233398438,231346200,0.0,0.0
2026-02-09,183.82983865020864,193.20790343822367,183.52056478242866,189.59634399414062,196387400,0.0,0.0
2026-02-10,190.93321971968697,192.0306425866914,187.6808205923615,188.09983825683594,136764800,0.0,0.0
2026-02-11,192.00071425091673,192.80882083578368,188.329312674443,189.6063232421875,144192700,0.0,0.0
2026-02-12,192.5793648877844,193.1580126884611,186.07458174632154,186.5035858154297,189932500,0.0,0.0
2026-02-13,187.04232046551596,187.0622780376601,181.16607138035295,182.3832244873047,161888000,0.0,0.0
2026-02-17,181.3256935584433,186.71308084037668,178.76168607280786,184.53817749023438,162276900,0.0,0.0
2026-02-18,188.3093443160685,189.92555739322245,186.3239846890322,187.5411376953125,164749100,0.0,0.0
2026-02-19,186.62329889395997,187.9900957055448,185.22657333636724,187.46133422851562,126554500,0.0,0.0
2026-02-20,186.13446388219373,189.88568076730476,185.50592973146237,189.3768768310547,178422300,0.0,0.0
2026-02-23,190.9531700210539,193.49722008283115,189.13742673270812,191.1028289794922,171584800,0.0,0.0
2026-02-24,191.04296985904048,193.31764595479845,186.96250644177093,192.39979553222656,175123600,0.0,0.0
2026-02-25,193.9960453222018,197.16862939564908,193.33758246616242,195.10345458984375,250637100,0.0,0.0
2026-02-26,193.81646526905493,193.8364076167612,183.88969739169633,184.45835876464844,360807900,0.0,0.0
2026-02-27,180.82687141264745,182.16373952566906,175.96824531148394,176.77635192871094,311636500,0.0,0.0
2026-03-02,174.60143816018197,183.0317240302905,174.23230678711255,182.0540008544922,209095300,0.0,0.0
2026-03-03,178.0732983803544,180.47766036606842,176.50695643346228,179.62965393066406,178099400,0.0,0.0
2026-03-04,180.01876499488523,184.26881453838726,179.63964723402094,182.61268615722656,177731200,0.0,0.0
2026-03-05,180.74705501791135,183.6303076754259,177.4647422536165,182.9119873046875,198779700,0.0,0.0
2026-03-06,179.42014994688597,182.3333312190456,176.40721126414203,177.40487670898438,189021900,0.0,0.0
2026-03-09,176.4171820751478,182.48298979408452,175.1501427003192,182.2235870361328,177213600,0.0,0.0
2026-03-10,181.97417604353973,186.00475307627937,181.5850871183009,184.33865356445312,179118500,0.0,0.0
2026-03-11,185.4860219488843,187.1921136401388,184.02934488988058,185.60574340820312,145280400,0.01,0.0
2026-03-12,183.63027948516628,184.51824924312825,181.33552155955923,182.72235107421875,155762700,0.0,0.0
2026-03-13,184.49827615888313,185.6656060713691,179.5296376335348,179.83892822265625,160988400,0.0,0.0
2026-03-16,182.55273992235968,188.44926587891726,180.9962999229416,182.8021697998047,217307400,0.0,0.0
2026-03-17,184.63795767039014,184.97717862722422,181.26566108165355,181.5150909423828,182497800,0.0,0.0
2026-03-18,182.06384475172882,182.96180140975886,179.91875397930713,179.98858642578125,156683100,0.0,0.0
2026-03-19,177.60403750119184,179.56954607641802,175.38909905828712,178.1527862548828,170968500,0.0,0.0
2026-03-20,177.59405294207926,177.85345450506617,171.32837633709812,172.30613708496094,241323500,0.0,0.0
2026-03-23,176.85574153065542,177.96321071223454,174.36144294367455,175.23944091796875,182836300,0.0,0.0
2026-03-24,174.4312942297872,175.81812366395545,173.58322660302642,174.80044555664062,147667800,0.0,0.0
2026-03-25,176.69612335614488,180.8067226806179,176.44669348987364,178.2725067138672,162602100,0.0,0.0
2026-03-26,175.66847416549638,176.10745794358192,170.74970926821888,170.8494873046875,186152200,0.0,0.0
2026-03-27,169.61229451028825,170.58008352629554,166.62910808502988,167.13795471191406,196212700,0.0,0.0
2026-03-30,168.3950875250076,169.0635577295173,163.89537828689438,164.79331970214844,185627000,0.0,0.0
2026-03-31,166.58922503111532,174.22177306603788,166.57925331681818,174.0022735595703,226181300,0.0,0.0
2026-04-01,175.59862725595661,176.96549806235143,174.3514779146501,175.3491973876953,168132000,0.0,0.0
2026-04-02,171.7873183615289,177.0852211444685,170.9791680862979,176.98544311523438,143143200,0.0,0.0
2026-04-06,176.75597747742694,177.3845303646084,175.35916114415525,177.23487854003906,107564300,0.0,0.0
2026-04-07,175.32922705160684,177.8235255680002,173.26395579650787,177.69383239746094,132534900,0.0,0.0
2026-04-08,184.079243714486,184.83750503722598,179.8888249511496,181.66476440429688,147732700,0.0,0.0
2026-04-09,181.42529878487736,183.6601958045732,180.20807985372045,183.49058532714844,116428500,0.0,0.0
2026-04-10,183.88967366981893,189.56669990817062,183.87970195572368,188.1998291015625,160459500,0.0,0.0
2026-04-13,185.605746824658,189.2274732756209,185.3164148846483,188.87826538085938,133648200,0.0,0.0
2026-04-14,190.40477641072036,196.0618438720703,190.33494396561244,196.0618438720703,161307000,0.0,0.0
2026-04-15,196.09178511161633,199.94298301571828,195.2936216855987,198.41647338867188,185338400,0.0,0.0
2026-04-16,196.97974400923295,199.39423847906178,195.36344336942167,197.8976593017578,134012900,0.0,0.0
2026-04-17,199.44410763257105,201.2400056483541,198.8155547450397,201.2200469970703,160324400,0.0,0.0
2026-04-20,199.52392392325544,201.70893187328167,197.38880498867078,201.59918212890625,119381400,0.0,0.0
2026-04-21,201.66904795828867,202.28762917830338,198.54618104306965,199.42417907714844,107945300,0.0,0.0
2026-04-22,200.53164182940822,202.03819274902344,198.54617460274403,202.03819274902344,107501000,0.0,0.0
2026-04-23,201.99828375930824,203.3651545152774,196.77022843278436,199.18470764160156,113561800,0.0,0.0
2026-04-24,199.50398270942756,210.46890943516505,199.35431566144254,207.79502868652344,214134400,0.0,0.0
2026-04-27,209.17187844164343,216.33551207209098,206.90706623150768,216.1160125732422,187172400,0.0,0.0
2026-04-28,209.01225288404052,214.2402930542568,207.72518626919629,212.68385314941406,180275400,0.0,0.0
2026-04-29,212.2149257168926,212.23488436877426,207.10660696252424,208.77279663085938,123711800,0.0,0.0
2026-04-30,209.45124259423534,209.82040915320695,198.24685712515335,199.11488342285156,225239200,0.0,0.0
2026-05-01,200.8209691272831,202.5370477944956,196.67045257290908,197.99742126464844,128647000,0.0,0.0
2026-05-04,199.04502180842945,201.2699318245734,194.29588290907526,198.02734375,125368100,0.0,0.0
2026-05-05,198.84548202478717,199.7833407086998,195.58293528206713,196.05186462402344,113406600,0.0,0.0
2026-05-06,199.43413852494058,207.7950323152332,198.15705885791613,207.3560333251953,188362800,0.0,0.0
2026-05-07,207.86487247229027,213.7115092245668,206.02907228582575,211.01766967773438,168307900,0.0,0.0
2026-05-08,212.5441790763045,217.30330524675068,212.40449895841255,214.709228515625,136421400,0.0,0.0
2026-05-11,213.55186573785767,221.79303819063418,213.40221390900197,218.93955993652344,160685800,0.0,0.0
2026-05-12,218.05159434962442,223.23973257586303,214.42986778297353,220.27650451660156,159176600,0.0,0.0
2026-05-13,224.41703053540263,227.32039781394542,221.0647077692387,225.3149871826172,150405400,0.0,0.0
2026-05-14,229.32582552778115,236.00055597235212,228.77707677625682,235.202392578125,180782900,0.0,0.0
2026-05-15,229.23602944473367,230.9720668751014,223.7286287034134,224.80616760253906,180977600,0.0,0.0
2026-05-18,229.34577348371204,229.4754818886306,217.8719993892805,221.81300354003906,146280900,0.0,0.0
2026-05-19,219.11914008419038,223.96805720569674,217.41304835521052,220.1068878173828,140948200,0.0,0.0
2026-05-20,222.6710257508039,225.61431038954527,219.9971448577806,222.9603729248047,184201600,0.0,0.0
2026-05-21,221.78305837384474,226.8814055684356,217.43300079554024,219.0093994140625,203381800,0.0,0.0
2026-05-22,220.39621757095847,220.50596731800164,214.3101381389001,214.83892822265625,169275700,0.0,0.0
2026-05-26,216.04617181279934,217.68243116855118,211.5165320236786,214.37001037597656,187202600,0.0,0.0
2026-05-27,213.63168066177133,213.66161102691768,208.30386252985457,212.1151580810547,167601200,0.0,0.0
2026-05-28,210.79815519844968,215.02849096688144,210.73829446983814,213.76138305664062,143996000,0.0,0.0
2026-05-29,214.09065053210412,217.36316924965476,210.64852132770383,210.6584930419922,289410600,0.0,0.0
2026-06-01,215.23801892090273,224.35717434911126,215.20808855445495,223.8483428955078,212850700,0.0,0.0
2026-06-02,226.66188583823322,231.75026086454594,220.84519513709748,222.3118438720703,193362900,0.0,0.0
2026-06-03,221.2143597561905,222.31185725112735,214.02079575535723,214.26025390625,160907000,0.0,0.0
2026-06-04,213.67091279390368,221.35231998810906,210.73419644348996,218.4156036376953,169022200,0.25,0.0
2026-06-05,214.2902104723603,214.62982678346356,204.10161444712602,204.87075805664062,219655500,0.0,0.0
2026-06-08,209.94507132882276,210.23475572682116,205.76975069388217,208.40679931640625,138372800,0.0,0.0
2026-06-09,210.3845825512031,211.16370951624515,199.11719156565087,207.95730590820312,180962500,0.0,0.0
2026-06-10,204.20149632565034,206.98838641050182,199.696542748819,200.19598388671875,161746600,0.0,0.0
2026-06-11,201.26479475008583,205.43013200106668,199.31696212361035,204.64100646972656,158643200,0.0,0.0
2026-06-12,204.6310298517525,206.83856645475237,203.21261880599855,204.96066284179688,112001800,0.0,0.0
2026-06-15,208.68648640498938,212.47225882321928,208.10713284720606,212.21253967285156,149936700,0.0,0.0
2026-06-16,210.94395209283806,211.25361840198772,207.05830064217733,207.1781768798828,125694100,0.0,0.0
2026-06-17,208.29691745433288,208.9761653200819,202.8530121596522,204.42124938964844,128363500,0.0,0.0
2026-06-18,207.09826842291386,211.1537281092123,206.26919428756833,210.4545135498047,241272000,0.0,0.0
2026-06-22,211.2036686200953,213.7508214450341,207.48782537372824,208.41677856445312,122041400,0.0,0.0
2026-06-23,201.94403040148535,203.54224815949766,199.77645766483005,199.81640625,153496200,0.0,0.0
2026-06-24,199.89631590195674,201.44458647582786,196.36027935647695,198.77757263183594,151810700,0.0,0.0
2026-06-25,199.85637045714446,200.5755669254449,191.9152592982058,195.52122497558594,149550000,0.0,0.0
2026-06-26,192.90414096411192,195.33143282930595,191.0062707295152,192.31480407714844,179304100,0.0,0.0
2026-06-29,193.63333194293918,195.96071419295149,189.58785574691487,194.7520751953125,148835700,0.0,0.0
2026-06-30,197.0195429632178,200.4057532237791,194.89191886651452,199.86634826660156,166476700,0.0,0.0
2026-07-01,195.98069896251877,199.62662840490702,193.23377271109229,197.35916137695312,146147600,0.0,0.0
2026-07-02,196.9196593659626,199.8363939026278,192.1350197738411,194.61224365234375,142068700,0.0,0.0
2026-07-06,194.20269428466304,197.32920075051607,193.77318221313826,195.33143615722656,108999000,0.0,0.0
2026-07-07,192.15498377986222,198.18824142626735,190.92636281467173,196.7098846435547,124154600,0.0,0.0
2026-07-08,194.9618356993413,204.93069180759116,194.84197470333905,203.891845703125,147419100,0.0,0.0
2026-07-09,204.23147485952867,204.36131918975943,198.73762239526957,202.5533447265625,132037400,0.0,0.0
2026-07-10,201.7742207048944,210.7641612313501,201.69430829342895,210.72421264648438,148421000,0.0,0.0
2026-07-13,208.3069001369788,210.33464515051216,202.77309911383117,203.30250549316406,121411000,0.0,0.0
2026-07-14,207.96729575339148,212.31243993744155,203.57221964678251,211.5632781982422,124379600,0.0,0.0
2026-07-15,211.7230919717581,213.57101502024952,205.80969553973085,212.26248168945312,124797200,0.0,0.0
2026-07-16,209.93509060438328,210.84407715298516,205.61992700554663,207.16818237304688,122986100,0.0,0.0
2026-07-17,202.41350482950477,206.41901728963356,197.74872640584337,202.58331298828125,144281900,0.0,0.0
2026-07-20,205.63989694335598,207.50781723343968,202.05391309694542,203.05279541015625,88701500,0.0,0.0
2026-07-21,207.30802440628602,208.4167843613107,203.78197113093626,207.0583038330078,108685600,0.0,0.0
2026-07-22,205.57996827489498,214.15038042761168,204.72092886821054,211.82298278808594,137645600,0.0,0.0
2026-07-23,209.22588688656515,210.63429930291466,205.72979894313582,208.5266571044922,110505300,0.0,0.0
2026-07-24,207.21812923496972,211.6731509810223,204.5810805834776,206.6088104248047,114836800,0.0,0.0
2026-07-27,207.96729627325774,208.51668459839084,195.22156333884286,196.2903594970703,154353700,0.0,0.0
2026-07-28,194.78204700134697,198.47790843456414,192.52457850774027,196.789794921875,134111500,0.0,0.0
2026-07-29,195.63110696844683,196.84974460884015,189.79762268066406,189.79762268066406,147680800,0.0,0.0
2026-07-30,193.23377181769484,197.02952748682713,191.3059363552755,194.82199096679688,129010200,0.0,0.0
2026-07-31,198.2182038580375,201.77422236802423,194.73209918257555,200.52561950683594,139961200,0.0,0.0
2026-08-03,197.46904862701152,208.50670133078404,196.62999113475112,206.40904235839844,128406900,0.0,0.0
2026-08-04,211.06382570110384,212.82185300096492,208.8163406042335,211.70310974121094,134922000,0.0,0.0
2026-08-05,216.6176127852948,221.9716224388697,216.15812022814887,218.9749755859375,158187400,0.0,0.0
2026-08-06,221.28239358061882,223.38005249670454,216.75745800384053,218.7452392578125,113940600,0.0,0.0
2026-08-07,221.29237770419127,224.50877992471257,220.41337164588714,223.70968627929688,105669400,0.0,0.0
2026-08-10,223.15029107269072,223.88946943306019,216.5277120448001,217.3068389892578,115846600,0.0,0.0
2026-08-11,221.92167541427946,221.9516406634887,215.95834695389817,217.25689697265625,101273100,0.0,0.0
2026-08-12,220.7929293559802,224.84840415873398,219.95387191061064,223.8395233154297,108783600,0.0,0.0
2026-08-13,224.80845001468583,226.97602279610956,223.45996804263754,225.04818725585938,98867200,0.0,0.0
2026-08-14,226.51654155338588,227.23573802273873,224.24907448357243,224.90834045410156,75680900,0.0,0.0
2026-08-17,225.72741618855906,227.66525027466162,224.60867289832842,224.7584991455078,93678700,0.0,0.0
2026-08-18,220.20359791537197,221.39227027986857,218.44557057093272,219.49440002441406,103128200,0.0,0.0
2026-08-19,221.4222404106533,222.62089613745684,216.51772459764655,217.31683349609375,96797300,0.0,0.0
2026-08-20,218.1159423024499,219.6142657707553,215.41896310784705,216.60763549804688,92457000,0.0,0.0
2026-08-21,218.17587248780362,218.49552214328025,214.26025565862156,214.48001098632812,98869300,0.0,0.0
2026-08-24,215.28910206110334,215.34903256074918,207.01835779182306,208.24697875976562,135187300,0.0,0.0
2026-08-25,210.79412790131315,214.48998931653267,209.87515802586688,212.81187438964844,122309000,0.0,0.0
2026-08-26,212.40232405945306,213.3612577394914,208.99613188036045,209.4256591796875,179900000,0.0,0.0
2026-08-27,222.61090164325523,230.21239627098788,220.6530857022795,227.7251739501953,298909800,0.0,0.0
2026-08-28,227.10587153371227,229.00374173344596,216.56766062888835,217.3068389892578,195116400,0.0,0.0
2026-08-31,218.62536478578363,221.05265670783686,215.96834944345454,220.53323364257812,124702700,0.0,0.0
2026-09-01,216.50774446342592,220.1636574397174,214.8595947199138,217.1969757080078,109756200,0.0,0.0
2026-09-02,218.5454508199983,227.6952163087265,218.23579974693772,224.1591796875,157104700,0.0,0.0
2026-09-03,225.76737972053164,230.14247379152744,224.49879494304554,228.1946563720703,134681600,0.0,0.0
2026-09-04,230.83170360414334,234.49759976142684,229.37334400327853,230.10252380371094,135352400,0.0,0.0
2026-09-08,232.84944771666764,233.44878317831424,224.59868561283858,225.47769165039062,122965600,0.0,0.0
2026-09-09,225.0281992525124,225.92718720955042,223.21024142511232,223.4199981689453,82955500,0.0,0.0
2026-09-10,220.52999877929688,220.99000549316406,217.1999969482422,218.36000061035156,105768000,0.25,0.0
2026-09-11,221.24000549316406,222.0,218.14999389648438,218.2899932861328,88804100,0.0,0.0
