Date,Open,High,Low,Close,Volume,Dividends,Stock Splits,Daily Log Return
2010-02-10,0.6455187620147762,0.6455187620147762,0.6213117837905884,0.6213117837905884,20000,0.0,0.0,-0.03822137230971109
2010-02-11,0.6213118407205229,0.6213118407205229,0.6051738858222961,0.6051738858222961,30000,0.0,0.0,-0.026317191918006824
2010-02-14,0.6051738858222961,0.6051738858222961,0.6051738858222961,0.6051738858222961,670,0.0,0.0,0.0
2010-02-15,0.6051738858222961,0.6051738858222961,0.6051738858222961,0.6051738858222961,0,0.0,0.0,0.0
2010-02-16,0.6213118407205229,0.6213118407205229,0.6051738858222961,0.6051738858222961,0,0.0,0.0,0.0
2010-02-17,0.6051738858222961,0.6051738858222961,0.6051738858222961,0.6051738858222961,4600,0.0,0.0,0.0
2010-02-18,0.6051738858222961,0.6051738858222961,0.6051738858222961,0.6051738858222961,37500,0.0,0.0,0.0
2010-02-21,0.6051738858222961,0.6051738858222961,0.6051738858222961,0.6051738858222961,0,0.0,0.0,0.0
2010-02-22,0.6455187620147762,0.6455187620147762,0.6213117837905884,0.6213117837905884,0,0.0,0.0,0.026317191918006737
2010-02-23,0.6455187620147762,0.6455187620147762,0.6213117837905884,0.6213117837905884,0,0.0,0.0,0.0
2010-02-24,0.6213117976087649,0.6213117976087649,0.5244839787483215,0.5244839787483215,71500,0.0,0.0,-0.16941814162674143
2010-02-25,0.5406219959259033,0.5406219959259033,0.5406219959259033,0.5406219959259033,8000,0.0,0.0,0.030305439393100212
2010-02-28,0.5406219959259033,0.5406219959259033,0.5406219959259033,0.5406219959259033,5000,0.0,0.0,0.0
2010-03-01,0.5446563959121704,0.5728978112312719,0.5446563959121704,0.5446563959121704,176088,0.0,0.0,0.00743480861778842
2010-03-02,0.5648290624791249,0.5809670686721802,0.5607945729545882,0.5809670686721802,32406,0.0,0.0,0.06453894519933064
2010-03-03,0.5809670686721802,0.5809670686721802,0.5809670686721802,0.5809670686721802,0,0.0,0.0,0.0
2010-03-04,0.5971049070358276,0.5971049070358276,0.5971049070358276,0.5971049070358276,15000,0.0,0.0,0.027398746814133373
2010-03-07,0.5971049083731828,0.6051738858222961,0.5971049083731828,0.6051738858222961,12600,0.0,0.0,0.01342300968438221
2010-03-08,0.6051738024639027,0.6051738024639027,0.5648288726806641,0.5648288726806641,104770,0.0,0.0,-0.0689930262597386
2010-03-09,0.5648289272788302,0.5648289272788302,0.5406219959259033,0.5406219959259033,55230,0.0,0.0,-0.04380248405589577
2010-03-10,0.597104951347631,0.597104951347631,0.5567600131034851,0.5567600131034851,0,0.0,0.0,0.029413969892592314
2010-03-11,0.597104951347631,0.597104951347631,0.5567600131034851,0.5567600131034851,0,0.0,0.0,0.0
2010-03-14,0.5567598596203568,0.5567598596203568,0.5446563959121704,0.5446563959121704,51858,0.0,0.0,-0.02197916127480385
2010-03-15,0.5406221150264015,0.5486910939216614,0.5406221150264015,0.5486910939216614,14182,0.0,0.0,0.007380483079114854
2010-03-16,0.5486910939216614,0.5486910939216614,0.5486910939216614,0.5486910939216614,13447,0.0,0.0,0.0
2010-03-17,0.5688635110855103,0.5688635110855103,0.5688635110855103,0.5688635110855103,14145,0.0,0.0,0.03610491758354362
2010-03-18,0.5688635110855103,0.5688635110855103,0.5688635110855103,0.5688635110855103,0,0.0,0.0,0.0
2010-03-21,0.5486910939216614,0.5486910939216614,0.5486910939216614,0.5486910939216614,4984,0.0,0.0,-0.036104917583543596
2010-03-22,0.5527255833692913,0.5527255833692913,0.5486910939216614,0.5486910939216614,12500,0.0,0.0,0.0
2010-03-23,0.5486910939216614,0.5486910939216614,0.5486910939216614,0.5486910939216614,14600,0.0,0.0,0.0
2010-03-24,0.5486910939216614,0.5486910939216614,0.5406221150264015,0.5486910939216614,40588,0.0,0.0,0.0
2010-03-25,0.5486910646028889,0.5607945322990417,0.5486910646028889,0.5607945322990417,5335,0.0,0.0,0.021818973150699222
2010-03-28,0.5486910939216614,0.5486910939216614,0.5486910939216614,0.5486910939216614,3000,0.0,0.0,-0.021818973150699222
2010-03-29,0.5607945622645513,0.5607945622645513,0.5486910939216614,0.5486910939216614,0,0.0,0.0,0.0
2010-03-30,0.5486908838148992,0.5486908838148992,0.5446563959121704,0.5446563959121704,10000,0.0,0.0,-0.0073804830791148355
2010-03-31,0.5446565437372648,0.5446565437372648,0.5325530767440796,0.5325530767440796,0,0.0,0.0,-0.02247256236648157
2010-04-05,0.5325530037324384,0.5325530037324384,0.5244839787483215,0.5244839787483215,22000,0.0,0.0,-0.01526768564440694
2010-04-06,0.5123806298100326,0.5164151191711426,0.4922081830044829,0.5164151191711426,14174,0.0,0.0,-0.01550394504173476
2010-04-07,0.5244841880257796,0.5244841880257796,0.520449697971344,0.520449697971344,6700,0.0,0.0,0.007782305072151376
2010-04-08,0.5244839501148799,0.5809668814456147,0.5244839501148799,0.5285184383392334,93611,0.0,0.0,0.015384451121643914
2010-04-11,0.5285186780802152,0.5285186780802152,0.520449697971344,0.520449697971344,8440,0.0,0.0,-0.015384451121643928
2010-04-12,0.520449697971344,0.520449697971344,0.520449697971344,0.520449697971344,1030,0.0,0.0,0.0
2010-04-13,0.5204495762184892,0.5204495762184892,0.4841391742229461,0.4841391742229461,31700,0.0,0.0,-0.07232082620972258
2010-04-14,0.5164152079169084,0.520449697971344,0.5164152079169084,0.520449697971344,23500,0.0,0.0,0.07232082620972259
2010-04-15,0.5204495782279724,0.5204495782279724,0.5123805999755859,0.5123805999755859,10500,0.0,0.0,-0.015625533427046708
2010-04-18,0.5164150575111268,0.5164150575111268,0.5002771019935608,0.5002771019935608,36000,0.0,0.0,-0.023905559317125735
2010-04-19,0.4841391013284088,0.4881735898315708,0.4760700762271881,0.4760700762271881,39500,0.0,0.0,-0.04959708653454728
2010-04-20,0.4922081242347777,0.5083460797523438,0.4922081242347777,0.5002771019935608,15000,0.0,0.0,0.04959708653454731
2010-04-21,0.5164152079169084,0.520449697971344,0.5164152079169084,0.520449697971344,17000,0.0,0.0,0.03953109274417249
2010-04-22,0.5164151504596854,0.5164151504596854,0.4881737232208252,0.4881737232208252,0,0.0,0.0,-0.06402190892889567
2010-04-26,0.5002771019935608,0.5002771019935608,0.5002771019935608,0.5002771019935608,5000,0.0,0.0,0.02449081618472329
2010-04-27,0.5002771175684699,0.5002771175684699,0.4720356464385987,0.4720356464385986,60700,0.0,0.0,-0.058107644045420966
2010-04-28,0.5002771019935608,0.5002771019935608,0.5002771019935608,0.5002771019935608,16000,0.0,0.0,0.05810764404542088
2010-04-29,0.5002771175684699,0.5002771175684699,0.4720356464385987,0.4720356464385986,0,0.0,0.0,-0.058107644045420966
2010-05-02,0.4760700762271881,0.4760700762271881,0.4760700762271881,0.4760700762271881,20000,0.0,0.0,0.008510557510873555
2010-05-03,0.4680009484291076,0.4680009484291076,0.4680009484291076,0.4680009484291076,13000,0.0,0.0,-0.017094739886937115
2010-05-04,0.468001227098158,0.4881737232208252,0.4437942894648493,0.4881737232208252,17060,0.0,0.0,0.04220101023676123
2010-05-05,0.4881736505534834,0.4881736505534834,0.4680011574336031,0.4720356464385986,21244,0.0,0.0,-0.03361682786069773
2010-05-06,0.4680011862897711,0.4680011862897711,0.443794250767239,0.4518632292747497,44296,0.0,0.0,-0.04367496090708061
2010-05-09,0.4841390975807361,0.4841390975807361,0.4599321186542511,0.4599321186542511,0,0.0,0.0,0.017699366508460223
2010-05-10,0.4841391464759946,0.5002771019935608,0.4841391464759946,0.5002771019935608,12100,0.0,0.0,0.08408323844404131
2010-05-11,0.5002771166673496,0.5325530767440796,0.484139160676436,0.5325530767440796,18808,0.0,0.0,0.06252041835816306
2010-05-12,0.4841391742229461,0.4841391742229461,0.4841391742229461,0.4841391742229461,4335,0.0,0.0,-0.09531015182371302
2010-05-13,0.4962426126003265,0.4962426126003265,0.4962426126003265,0.4962426126003265,1370,0.0,0.0,0.024692530013441245
2010-05-16,0.5244840347268241,0.5244840347268241,0.4962426126003265,0.4962426126003265,0,0.0,0.0,0.0
2010-05-17,0.5244840352699099,0.5244840352699099,0.5002771019935608,0.5002771019935608,0,0.0,0.0,0.00809720345210888
2010-05-18,0.5244840352699099,0.5244840352699099,0.5002771019935608,0.5002771019935608,0,0.0,0.0,0.0
2010-05-19,0.5002771306654098,0.5002771306654098,0.4841391742229461,0.4841391742229461,5400,0.0,0.0,-0.03278973346555008
2010-05-20,0.4680011862897711,0.4680011862897711,0.4518632292747497,0.4518632292747497,35588,0.0,0.0,-0.06899287148695143
2010-05-23,0.4437941908836365,0.4437941908836365,0.4397597021742769,0.4437941908836365,14000,0.0,0.0,-0.018018623021253673
2010-05-24,0.4437941908836365,0.4437941908836365,0.4437941908836365,0.4437941908836365,13000,0.0,0.0,0.0
2010-05-25,0.4437941908836365,0.4437941908836365,0.4437941908836365,0.4437941908836365,1000,0.0,0.0,0.0
2010-05-26,0.496242592200209,0.496242592200209,0.4437941908836365,0.4437941908836365,0,0.0,0.0,0.0
2010-05-27,0.4478286206722259,0.4478286206722259,0.4478286206722259,0.4478286206722259,500,0.0,0.0,0.009049695163093986
2010-05-30,0.4841390623739991,0.4841390623739991,0.4478286206722259,0.4478286206722259,0,0.0,0.0,0.0
2010-05-31,0.4478286795929959,0.4478286795929959,0.4437941908836365,0.4437941908836365,9000,0.0,0.0,-0.009049695163093943
2010-06-01,0.4357252134649175,0.4437941908836365,0.4357252134649175,0.4437941908836365,20555,0.0,0.0,0.0
2010-06-02,0.4437941908836365,0.4437941908836365,0.4357252134649175,0.4437941908836365,11555,0.0,0.0,0.0
2010-06-03,0.4276560809117252,0.4276560809117252,0.4034491547144066,0.419587105512619,39940,0.0,0.0,-0.056089775298796524
2010-06-06,0.4155527235717091,0.4155527235717091,0.3792423009872436,0.3792423009872436,0,0.0,0.0,-0.10109582822677905
2010-06-07,0.4115182760011738,0.4155527651309967,0.4115182760011738,0.4155527651309967,28976,0.0,0.0,0.09143428072873493
2010-06-08,0.4115182161331177,0.4115182161331177,0.4115182161331177,0.4115182161331177,15000,0.0,0.0,-0.009756311348866465
2010-06-09,0.411518231822098,0.4357252120971679,0.411518231822098,0.4357252120971679,46784,0.0,0.0,0.05715851040050495
2010-06-10,0.4155527046759994,0.4155527046759994,0.3873112608283784,0.4115182161331177,35391,0.0,0.0,-0.05715851040050497
2010-06-14,0.4115182331138614,0.4437941908836365,0.4115182331138614,0.4437941908836365,1583965,0.0,0.0,0.07550763414570702
2010-06-15,0.4518631683023554,0.4518631683023554,0.4397597021742769,0.4437941908836365,52000,0.0,0.0,0.0
2010-06-16,0.4276561703046447,0.4276561703046447,0.3953802619615906,0.4115182161331177,16967,0.0,0.0,-0.07550763414570709
2010-06-17,0.4437942041029183,0.4437942041029183,0.4074837565422058,0.4074837565422058,0,0.0,0.0,-0.00985221613522152
2010-06-20,0.4074836957721786,0.4195871604557339,0.4034492075443268,0.4034492075443268,65786,0.0,0.0,-0.009950470545705085
2010-06-21,0.379242337651839,0.4034492963975926,0.379242337651839,0.3953803181648254,105000,0.0,0.0,-0.02020246762072084
2010-06-22,0.3953802889375905,0.3994147777557373,0.3953802889375905,0.3994147777557373,50467,0.0,0.0,0.010152287712522667
2010-06-23,0.4034492075443268,0.4034492075443268,0.4034492075443268,0.4034492075443268,7000,0.0,0.0,0.010050179908198106
2010-06-24,0.3953803181648254,0.3953803181648254,0.3953803181648254,0.3953803181648254,9177,0.0,0.0,-0.02020246762072084
2010-06-27,0.3792422147489308,0.3953801900320033,0.3711732391311165,0.387311190366745,23654,0.0,0.0,-0.020619653092132973
2010-06-28,0.3752078711986542,0.3792423605587278,0.3752078711986542,0.3752078711986542,44000,0.0,0.0,-0.03174828379528539
2010-06-29,0.3752078711308754,0.3752078711308754,0.3631043790053873,0.3671388924121856,58975,0.0,0.0,-0.021739965688143334
2010-06-30,0.3671388924121856,0.3671388924121856,0.3671388924121856,0.3671388924121856,0,0.0,0.0,0.0
2010-07-01,0.3752078711986542,0.3752078711986542,0.3752078711986542,0.3752078711986542,1500,0.0,0.0,0.02173996568814324
2010-07-04,0.3752078711986542,0.3752078711986542,0.3752078711986542,0.3752078711986542,0,0.0,0.0,0.0
2010-07-05,0.3752078711986542,0.3752078711986542,0.3752078711986542,0.3752078711986542,0,0.0,0.0,0.0
2010-07-06,0.4034492075443268,0.4034492075443268,0.4034492075443268,0.4034492075443268,6425,0.0,0.0,0.07257040450813931
2010-07-07,0.3953801900320033,0.3953801900320033,0.387311190366745,0.387311190366745,15000,0.0,0.0,-0.040822120712853883
2010-07-08,0.3913457918946377,0.3913457918946377,0.3832767903804779,0.3832767903804779,7400,0.0,0.0,-0.010471060927535874
2010-07-11,0.3953803181648254,0.3953803181648254,0.3953803181648254,0.3953803181648254,700,0.0,0.0,0.031090714019668918
2010-07-12,0.3792423009872436,0.3792423009872436,0.3792423009872436,0.3792423009872436,10000,0.0,0.0,-0.04167281507822116
2010-07-13,0.3792423009872436,0.3792423009872436,0.3792423009872436,0.3792423009872436,0,0.0,0.0,0.0
2010-07-14,0.3792423009872436,0.3792423009872436,0.3792423009872436,0.3792423009872436,0,0.0,0.0,0.0
2010-07-15,0.3792423009872436,0.3792423009872436,0.3792423009872436,0.3792423009872436,0,0.0,0.0,0.0
2010-07-18,0.3792423009872436,0.3792423009872436,0.3792423009872436,0.3792423009872436,0,0.0,0.0,0.0
2010-07-19,0.3792423009872436,0.3792423009872436,0.3792423009872436,0.3792423009872436,0,0.0,0.0,0.0
2010-07-20,0.3792423009872436,0.3792423009872436,0.3792423009872436,0.3792423009872436,0,0.0,0.0,0.0
2010-07-21,0.3711733817715305,0.3711733817715305,0.3671388924121856,0.3671388924121856,38841,0.0,0.0,-0.032435087497340566
2010-07-22,0.363104320729651,0.3711733222007751,0.363104320729651,0.3711733222007751,12300,0.0,0.0,0.010928899359823907
2010-07-25,0.3752078711986542,0.3752078711986542,0.3752078711986542,0.3752078711986542,2500,0.0,0.0,0.010811066328319451
2010-07-26,0.3752078711986542,0.3752078711986542,0.3752078711986542,0.3752078711986542,14000,0.0,0.0,0.0
2010-07-27,0.3792423009872436,0.3792423009872436,0.3792423009872436,0.3792423009872436,11000,0.0,0.0,0.010695121809197398
2010-07-28,0.3792423009872436,0.3792423009872436,0.3792423009872436,0.3792423009872436,1000,0.0,0.0,0.0
2010-07-29,0.3792423009872436,0.3792423009872436,0.3792423009872436,0.3792423009872436,10000,0.0,0.0,0.0
2010-08-01,0.3792423009872436,0.3792423009872436,0.3792423009872436,0.3792423009872436,25000,0.0,0.0,0.0
2010-08-02,0.3792423009872436,0.3792423009872436,0.3792423009872436,0.3792423009872436,1700,0.0,0.0,0.0
2010-08-03,0.3873113158846062,0.3953803181648254,0.3873113158846062,0.3953803181648254,9462,0.0,0.0,0.0416728150782212
2010-08-04,0.3953802799400337,0.3953802799400337,0.3792423009872436,0.3792423009872436,3500,0.0,0.0,-0.04167281507822116
2010-08-05,0.3953801793153004,0.419587105512619,0.3953801793153004,0.419587105512619,56700,0.0,0.0,0.1010958282267791
2010-08-08,0.419587105512619,0.419587105512619,0.419587105512619,0.419587105512619,0,0.0,0.0,0.0
2010-08-09,0.419587105512619,0.419587105512619,0.419587105512619,0.419587105512619,0,0.0,0.0,0.0
2010-08-10,0.4074837565422058,0.4074837565422058,0.4074837565422058,0.4074837565422058,20000,0.0,0.0,-0.029270074982132074
2010-08-11,0.4034491656498176,0.4034491656498176,0.387311190366745,0.387311190366745,16550,0.0,0.0,-0.05077259125855895
2010-08-12,0.3953803181648254,0.3953803181648254,0.3953803181648254,0.3953803181648254,11841,0.0,0.0,0.02061965309213292
2010-08-15,0.4034492075443268,0.4034492075443268,0.4034492075443268,0.4034492075443268,78600,0.0,0.0,0.020202467620720803
2010-08-16,0.4034492075443268,0.4034492075443268,0.4034492075443268,0.4034492075443268,23760,0.0,0.0,0.0
2010-08-17,0.4034492075443268,0.4034492075443268,0.4034492075443268,0.4034492075443268,0,0.0,0.0,0.0
2010-08-18,0.4034491656498176,0.4034491656498176,0.387311190366745,0.387311190366745,59740,0.0,0.0,-0.040822120712853883
2010-08-19,0.387311190366745,0.387311190366745,0.387311190366745,0.387311190366745,0,0.0,0.0,0.0
2010-08-22,0.3873112058776584,0.3873112058776584,0.3631042540073395,0.3631042540073395,15000,0.0,0.0,-0.06453848522910652
2010-08-23,0.3631042540073395,0.3631042540073395,0.3631042540073395,0.3631042540073395,0,0.0,0.0,0.0
2010-08-24,0.3631042540073395,0.3631042540073395,0.3631042540073395,0.3631042540073395,0,0.0,0.0,0.0
2010-08-25,0.4115182331138614,0.4437941908836365,0.4115182331138614,0.4437941908836365,23000,0.0,0.0,0.2006709267685939
2010-08-26,0.4437941908836365,0.4437941908836365,0.4437941908836365,0.4437941908836365,0,0.0,0.0,0.0
2010-08-29,0.4760700762271881,0.4760700762271881,0.4760700762271881,0.4760700762271881,2001,0.0,0.0,0.07020414143920782
2010-08-30,0.4437941908836365,0.4437941908836365,0.4437941908836365,0.4437941908836365,5000,0.0,0.0,-0.07020414143920795
2010-08-31,0.4236217141151429,0.4236217141151429,0.4236217141151429,0.4236217141151428,500,0.0,0.0,-0.04652004761273896
2010-09-01,0.4437940798048247,0.4437940798048247,0.419587105512619,0.419587105512619,50330,0.0,0.0,-0.009569727686057612
2010-09-02,0.419587116885446,0.419587116885446,0.387311190366745,0.387311190366745,77360,0.0,0.0,-0.08004266624069094
2010-09-05,0.4034492075443268,0.4034492075443268,0.399414719316475,0.4034492075443268,24740,0.0,0.0,0.0408221207128539
2010-09-06,0.4034492075443268,0.4034492075443268,0.4034492075443268,0.4034492075443268,0,0.0,0.0,0.0
2010-09-07,0.4115181840000304,0.4115181840000304,0.4034492075443268,0.4034492075443268,76000,0.0,0.0,0.0
2010-09-08,0.4074837275902359,0.4115182161331177,0.4034492390473541,0.4115182161331177,34000,0.0,0.0,0.019802686680926503
2010-09-09,0.4283148348331451,0.4283148348331451,0.4283148348331451,0.4283148348331451,0,0.02,0.0,0.040005233793108184
2010-09-12,0.4283148348331451,0.4283148348331451,0.4283148348331451,0.4283148348331451,0,0.0,0.0,0.0
2010-09-13,0.4283148348331451,0.4283148348331451,0.4283148348331451,0.4283148348331451,0,0.0,0.0,0.0
2010-09-14,0.3905223597127395,0.4283148348331451,0.3905223597127395,0.4283148348331451,48200,0.0,0.0,0.0
2010-09-15,0.4115182467921556,0.419916570186615,0.4115182467921556,0.419916570186615,24200,0.0,0.0,-0.01980247143607033
2010-09-16,0.4115182316174801,0.4157173931598663,0.4115182316174801,0.4157173931598663,23200,0.0,0.0,-0.01005036309528293
2010-09-19,0.4157174084893853,0.419916570186615,0.4157174084893853,0.419916570186615,102000,0.0,0.0,0.010050363095283005
2010-09-20,0.4199165158512281,0.4199165158512281,0.3989206850528717,0.3989206850528717,13405,0.0,0.0,-0.05129343633157755
2010-09-21,0.3989206850528717,0.3989206850528717,0.3989206850528717,0.3989206850528717,6500,0.0,0.0,0.0
2010-09-22,0.3989206850528717,0.3989206850528717,0.3989206850528717,0.3989206850528717,21000,0.0,0.0,0.0
2010-09-23,0.3947215974330902,0.4031199213053966,0.3947215974330902,0.3947215974330902,145360,0.0,0.0,-0.010581913024972961
2010-09-26,0.403119846206748,0.403119846206748,0.3989206850528717,0.3989206850528717,25833,0.0,0.0,0.01058191302497285
2010-09-27,0.3989206850528717,0.3989206850528717,0.3989206850528717,0.3989206850528717,0,0.0,0.0,0.0
2010-09-28,0.4031198024749756,0.4031198024749756,0.4031198024749756,0.4031198024749756,100000,0.0,0.0,0.01047118158059069
2010-09-29,0.4031198024749756,0.4031198024749756,0.4031198024749756,0.4031198024749756,27000,0.0,0.0,0.0
2010-09-30,0.3947215974330902,0.4031199213053966,0.3947215974330902,0.3947215974330902,32499,0.0,0.0,-0.02105309460556371
2010-10-03,0.3947215974330902,0.3947215974330902,0.3947215974330902,0.3947215974330902,0,0.0,0.0,0.0
2010-10-04,0.3947216313243122,0.4115183055400848,0.3947216313243122,0.4115183055400848,55000,0.0,0.0,0.041672804260751414
2010-10-05,0.3905224800109863,0.3905224800109863,0.3905224800109863,0.3905224800109863,5000,0.0,0.0,-0.052367969164321466
2010-10-06,0.3947215974330902,0.3947215974330902,0.3947215974330902,0.3947215974330902,20000,0.0,0.0,0.010695164903569919
2010-10-07,0.3947215974330902,0.3947215974330902,0.3947215974330902,0.3947215974330902,0,0.0,0.0,0.0
2010-10-10,0.390522435496937,0.4031199213053966,0.390522435496937,0.3947215974330902,58190,0.0,0.0,0.0
2010-10-11,0.3947214810783007,0.4031198024749756,0.3905223203799632,0.4031198024749756,27032,0.0,0.0,0.021053094605563736
2010-10-12,0.4031198024749756,0.4031198024749756,0.4031198024749756,0.4031198024749756,0,0.0,0.0,0.0
2010-10-13,0.3947215974330902,0.3947215974330902,0.3947215974330902,0.3947215974330902,3000,0.0,0.0,-0.02105309460556371
2010-10-14,0.4031198024749756,0.4031198024749756,0.3947214810783007,0.4031198024749756,131987,0.0,0.0,0.021053094605563736
2010-10-17,0.3863232135772705,0.3863232135772705,0.3863232135772705,0.3863232135772705,5000,0.0,0.0,-0.04255943441729452
2010-10-18,0.3863232135772705,0.3863232135772705,0.3863232135772705,0.3863232135772705,0,0.0,0.0,0.0
2010-10-19,0.3905223748614296,0.3905223748614296,0.3863232135772705,0.3863232135772705,21081,0.0,0.0,0.0
2010-10-20,0.3821240457651719,0.3821240457651719,0.3779248595237732,0.3779248595237732,57544,0.0,0.0,-0.02197896843357213
2010-10-21,0.3695266007871917,0.3947215974330902,0.3611282769148853,0.3947215974330902,24000,0.0,0.0,0.0434853082453029
2010-10-24,0.3947215749742589,0.419916570186615,0.3947215749742589,0.419916570186615,29765,0.0,0.0,0.06187534935655046
2010-10-25,0.419916570186615,0.419916570186615,0.4115182467921556,0.419916570186615,29103,0.0,0.0,0.0
2010-10-26,0.4661073424163017,0.4829039871692657,0.4661073424163017,0.4829039871692657,151480,0.0,0.0,0.13976180043113143
2010-10-27,0.4871032917565788,0.5038999915122986,0.4871032917565788,0.5038999915122986,28020,0.0,0.0,0.04255996927882598
2010-10-28,0.5038999915122986,0.5038999915122986,0.5038999915122986,0.5038999915122986,0,0.0,0.0,0.0
2010-10-31,0.4703065431592685,0.4703065431592685,0.4535098969936371,0.4535098969936371,50000,0.0,0.0,-0.10536072594523627
2010-11-01,0.4535098969936371,0.4535098969936371,0.4535098969936371,0.4535098969936371,0,0.0,0.0,0.0
2010-11-02,0.4661073827968413,0.4703065443488706,0.4619082212448119,0.461908221244812,41180,0.0,0.0,0.01834912313560201
2010-11-03,0.4619082365801196,0.4703065599630017,0.4619082365801196,0.4661073982715606,21373,0.0,0.0,0.009049859932893744
2010-11-04,0.4661075020786375,0.4703066647052765,0.4661075020786375,0.4703066647052765,16573,0.0,0.0,0.008968884063359172
2010-11-07,0.4703065466028536,0.4787048697471619,0.4619082234585454,0.4787048697471618,94156,0.0,0.0,0.01769930917564651
2010-11-08,0.4703066647052765,0.4703066647052765,0.4703066647052765,0.4703066647052765,109000,0.0,0.0,-0.01769930917564639
2010-11-09,0.4661075020786375,0.4703066647052765,0.4661075020786375,0.4703066647052765,10000,0.0,0.0,0.0
2010-11-10,0.4703066647052765,0.4703066647052765,0.4703066647052765,0.4703066647052765,0,0.0,0.0,0.0
2010-11-11,0.4661075020786375,0.4703066647052765,0.4661075020786375,0.4703066647052765,22500,0.0,0.0,0.0
2010-11-14,0.4703065466028536,0.4787048697471619,0.4703065466028536,0.4787048697471618,7500,0.0,0.0,0.01769930917564651
2010-11-15,0.4787048697471619,0.4787048697471619,0.4787048697471619,0.4787048697471618,0,0.0,0.0,0.0
2010-11-16,0.4955013958971087,0.4955013958971087,0.4871030747890472,0.4871030747890472,17500,0.0,0.0,0.017391484026796918
2010-11-17,0.4871030747890472,0.4871030747890472,0.4871030747890472,0.4871030747890472,13000,0.0,0.0,0.0
2010-11-18,0.4871030747890472,0.4871030747890472,0.4871030747890472,0.4871030747890472,10500,0.0,0.0,0.0
2010-11-21,0.4871030747890472,0.4871030747890472,0.4871030747890472,0.4871030747890472,0,0.0,0.0,0.0
2010-11-22,0.4661073827968413,0.4661073827968413,0.4619082212448119,0.461908221244812,17842,0.0,0.0,-0.05310953719869621
2010-11-23,0.4451115249787405,0.4619082212448119,0.4199165556665646,0.461908221244812,12000,0.0,0.0,0.0
2010-11-24,0.4367130994796753,0.4367130994796753,0.4367130994796753,0.4367130994796753,6078,0.0,0.0,-0.05608975947266371
2010-11-25,0.4367130994796753,0.4367130994796753,0.4367130994796753,0.4367130994796753,0,0.0,0.0,0.0
2010-11-28,0.4367130994796753,0.4367130994796753,0.4367130994796753,0.4367130994796753,0,0.0,0.0,0.0
2010-11-29,0.4367131570756853,0.4367131570756853,0.4283148348331451,0.4283148348331451,18000,0.0,0.0,-0.01941793599158918
2010-11-30,0.4451115429401397,0.4451115429401397,0.4451115429401397,0.4451115429401397,10000,0.0,0.0,0.03846638848050224
2010-12-01,0.4451115429401397,0.4451115429401397,0.4451115429401397,0.4451115429401397,1842,0.0,0.0,0.0
2010-12-02,0.4451115429401397,0.4451115429401397,0.4451115429401397,0.4451115429401397,0,0.0,0.0,0.0
2010-12-05,0.4451115429401397,0.4451115429401397,0.4451115429401397,0.4451115429401397,0,0.0,0.0,0.0
2010-12-06,0.4451115429401397,0.4451115429401397,0.4451115429401397,0.4451115429401397,0,0.0,0.0,0.0
2010-12-07,0.4451115429401397,0.4451115429401397,0.4451115429401397,0.4451115429401397,0,0.0,0.0,0.0
2010-12-08,0.4451115429401397,0.4451115429401397,0.4451115429401397,0.4451115429401397,40000,0.0,0.0,0.0
2010-12-09,0.4451115429401397,0.4451115429401397,0.4451115429401397,0.4451115429401397,15000,0.0,0.0,0.0
2010-12-12,0.4451115429401397,0.4451115429401397,0.4451115429401397,0.4451115429401397,20600,0.0,0.0,0.0
2010-12-13,0.4451115429401397,0.4451115429401397,0.4451115429401397,0.4451115429401397,3980,0.0,0.0,0.0
2010-12-14,0.4451115429401397,0.4451115429401397,0.4451115429401397,0.4451115429401397,21154,0.0,0.0,0.0
2010-12-15,0.4451115429401397,0.4451115429401397,0.4451115429401397,0.4451115429401397,0,0.0,0.0,0.0
2010-12-16,0.4451115429401397,0.4451115429401397,0.4451115429401397,0.4451115429401397,3418,0.0,0.0,0.0
2010-12-19,0.4535098969936371,0.4535098969936371,0.4535098969936371,0.4535098969936371,2800,0.0,0.0,0.018692183848148754
2010-12-20,0.4535098969936371,0.4535098969936371,0.4535098969936371,0.4535098969936371,0,0.0,0.0,0.0
2010-12-21,0.4325140416622162,0.4325140416622162,0.4325140416622162,0.4325140416622162,500,0.0,0.0,-0.0474023007813604
2010-12-22,0.4325140416622162,0.4325140416622162,0.4325140416622162,0.4325140416622162,0,0.0,0.0,0.0
2010-12-23,0.4367132018746819,0.4619082212448119,0.4325140403226525,0.461908221244812,21987,0.0,0.0,0.06575142391696248
2010-12-28,0.4619082212448119,0.4619082212448119,0.4619082212448119,0.461908221244812,0,0.0,0.0,0.0
2010-12-29,0.4619082234585454,0.4787048697471619,0.4619082234585454,0.4787048697471618,20000,0.0,0.0,0.03571805317189937
2010-12-30,0.4787048697471619,0.4787048697471619,0.4787048697471619,0.4787048697471618,0,0.0,0.0,0.0
2011-01-03,0.4787048697471619,0.4787048697471619,0.4787048697471619,0.4787048697471618,10500,0.0,0.0,0.0
2011-01-04,0.4619082212448119,0.4619082212448119,0.4619082212448119,0.461908221244812,15642,0.0,0.0,-0.03571805317189933
2011-01-05,0.4619082212448119,0.4619082212448119,0.4619082212448119,0.461908221244812,9358,0.0,0.0,0.0
2011-01-06,0.4619082212448119,0.4619082212448119,0.4619082212448119,0.461908221244812,0,0.0,0.0,0.0
2011-01-09,0.4619082212448119,0.4619082212448119,0.4619082212448119,0.461908221244812,0,0.0,0.0,0.0
2011-01-10,0.4619082212448119,0.4619082212448119,0.4619082212448119,0.461908221244812,0,0.0,0.0,0.0
2011-01-11,0.4619082212448119,0.4619082212448119,0.4619082212448119,0.461908221244812,28000,0.0,0.0,0.0
2011-01-12,0.4619082212448119,0.4619082212448119,0.4619082212448119,0.461908221244812,33000,0.0,0.0,0.0
2011-01-13,0.4619082212448119,0.4619082212448119,0.4619082212448119,0.461908221244812,0,0.0,0.0,0.0
2011-01-16,0.4535098969936371,0.4535098969936371,0.4535098969936371,0.4535098969936371,17465,0.0,0.0,-0.018349123135601955
2011-01-17,0.4535098969936371,0.4535098969936371,0.4535098969936371,0.4535098969936371,0,0.0,0.0,0.0
2011-01-18,0.4535098969936371,0.4535098969936371,0.4535098969936371,0.4535098969936371,10000,0.0,0.0,0.0
2011-01-19,0.4577090585350449,0.4577090585350449,0.4535098969936371,0.4535098969936371,5614,0.0,0.0,0.0
2011-01-20,0.4535099123369107,0.4577090740203857,0.4535099123369107,0.4577090740203857,53386,0.0,0.0,0.009216679823343054
2011-01-23,0.4535098969936371,0.4535098969936371,0.4535098969936371,0.4535098969936371,18614,0.0,0.0,-0.00921667982334301
2011-01-24,0.4535098995453444,0.461908222675414,0.4325140416622162,0.4325140416622162,30672,0.0,0.0,-0.0474023007813604
2011-01-26,0.4367131570756853,0.4367131570756853,0.4283148348331451,0.4283148348331451,10000,0.0,0.0,-0.009756271547290437
2011-01-27,0.4283148348331451,0.4283148348331451,0.4283148348331451,0.4283148348331451,0,0.0,0.0,0.0
2011-01-30,0.4325140577757108,0.4451115429401397,0.4325140577757108,0.4451115429401397,5000,0.0,0.0,0.03846638848050224
2011-01-31,0.4325139959544152,0.4451114793182256,0.4283148348331451,0.4283148348331451,6000,0.0,0.0,-0.038466388480502094
2011-02-01,0.4283148348331451,0.4283148348331451,0.4283148348331451,0.4283148348331451,0,0.0,0.0,0.0
2011-02-02,0.4283148348331451,0.4283148348331451,0.4283148348331451,0.4283148348331451,0,0.0,0.0,0.0
2011-02-03,0.4283148348331451,0.4283148348331451,0.4283148348331451,0.4283148348331451,0,0.0,0.0,0.0
2011-02-06,0.4283148348331451,0.4283148348331451,0.4283148348331451,0.4283148348331451,0,0.0,0.0,0.0
2011-02-07,0.4283148935810743,0.4283148935810743,0.419916570186615,0.419916570186615,13000,0.0,0.0,-0.01980247143607033
2011-02-08,0.419916570186615,0.419916570186615,0.419916570186615,0.419916570186615,0,0.0,0.0,0.0
2011-02-09,0.4283148348331451,0.4283148348331451,0.4283148348331451,0.4283148348331451,20000,0.0,0.0,0.019802471436070425
2011-02-10,0.4367132647082237,0.4409124268644211,0.3359332978725433,0.3359332978725433,217833,0.0,0.0,-0.2429458985492731
2011-02-13,0.3443315638799257,0.3611282346895476,0.3443315638799257,0.3527298867702484,121633,0.0,0.0,0.04878994871869569
2011-02-14,0.3569290732443863,0.3611282346895476,0.3527298867702484,0.3527298867702484,83750,0.0,0.0,0.0
2011-02-15,0.3527300091987654,0.3611283600330353,0.3527300091987654,0.3611283600330353,45000,0.0,0.0,0.023530892354053225
2011-02-16,0.3527300091987654,0.3611283600330353,0.3527300091987654,0.3611283600330353,41650,0.0,0.0,0.0
2011-02-17,0.3569291971303929,0.3611283600330353,0.3569291971303929,0.3611283600330353,24000,0.0,0.0,0.0
2011-02-20,0.3611282251310128,0.3611282251310128,0.356929063796997,0.356929063796997,11250,0.0,0.0,-0.011696401904859299
2011-02-21,0.356929063796997,0.356929063796997,0.356929063796997,0.356929063796997,5950,0.0,0.0,0.0
2011-02-22,0.3401324384358798,0.3401324384358798,0.3065391182899475,0.3065391182899475,163369,0.0,0.0,-0.1521916849501618
2011-02-23,0.3065391182899475,0.3107382801795667,0.3065391182899475,0.3065391182899475,51050,0.0,0.0,0.0
2011-02-24,0.3107382953778683,0.3191366195678711,0.3065391332828668,0.3191366195678711,32972,0.0,0.0,0.040273909371826476
2011-02-27,0.3191366195678711,0.3191366195678711,0.3191366195678711,0.3191366195678711,0,0.0,0.0,0.0
2011-02-28,0.3149373970007587,0.3149373970007587,0.3107382357120514,0.3107382357120514,28027,0.0,0.0,-0.02666841365942189
2011-03-01,0.3065391187492992,0.3149374425411224,0.3065391187492992,0.3149374425411224,24609,0.0,0.0,0.013423152045960443
2011-03-02,0.3149374425411224,0.3149374425411224,0.3149374425411224,0.3149374425411224,0,0.0,0.0,0.0
2011-03-03,0.3149374425411224,0.3149374425411224,0.3149374425411224,0.3149374425411224,0,0.0,0.0,0.0
2011-03-06,0.3149374420691858,0.3149374420691858,0.3065391182899475,0.3065391182899475,27000,0.0,0.0,-0.027028647758365117
2011-03-07,0.3149374425411224,0.3149374425411224,0.3149374425411224,0.3149374425411224,2600,0.0,0.0,0.02702864775836523
2011-03-08,0.3149374425411224,0.3149374425411224,0.3149374425411224,0.3149374425411224,0,0.0,0.0,0.0
2011-03-09,0.3149374420691858,0.3149374420691858,0.3065391182899475,0.3065391182899475,8200,0.0,0.0,-0.027028647758365117
2011-03-10,0.3065391182899475,0.3065391182899475,0.3065391182899475,0.3065391182899475,0,0.0,0.0,0.0
2011-03-14,0.3023399935625482,0.3023399935625482,0.2687466442584991,0.2687466442584991,13000,0.0,0.0,-0.13157628335318786
2011-03-15,0.2687466442584991,0.2687466442584991,0.2687466442584991,0.2687466442584991,0,0.0,0.0,0.0
2011-03-16,0.2687466442584991,0.2729458066642597,0.2687466442584991,0.2687466442584991,48949,0.0,0.0,0.0
2011-03-17,0.2687466442584991,0.2687466442584991,0.2687466442584991,0.2687466442584991,0,0.0,0.0,0.0
2011-03-20,0.2729457814626503,0.2771449685096741,0.2561491333904748,0.2771449685096741,68420,0.0,0.0,0.03077162842300423
2011-03-21,0.2771449685096741,0.2771449685096741,0.2771449685096741,0.2771449685096741,83410,0.0,0.0,0.0
2011-03-22,0.2771449685096741,0.2771449685096741,0.2771449685096741,0.2771449685096741,30000,0.0,0.0,0.0
2011-03-23,0.2687466442584991,0.2687466442584991,0.2687466442584991,0.2687466442584991,2000,0.0,0.0,-0.030771628423004238
2011-03-24,0.2687466442584991,0.2687466442584991,0.2687466442584991,0.2687466442584991,0,0.0,0.0,0.0
2011-03-27,0.2687466442584991,0.2687466442584991,0.2687466442584991,0.2687466442584991,0,0.0,0.0,0.0
2011-03-28,0.2645474521391181,0.2645474521391181,0.2603482902050018,0.2603482902050018,29465,0.0,0.0,-0.03174878059058957
2011-03-29,0.2603483206050268,0.2603483206050268,0.2519499957561493,0.2519499957561493,43700,0.0,0.0,-0.03278967401073535
2011-03-30,0.2519499957561493,0.2519499957561493,0.2519499957561493,0.2519499957561493,11500,0.0,0.0,0.0
2011-03-31,0.2519499957561493,0.2519499957561493,0.2519499957561493,0.2519499957561493,0,0.0,0.0,0.0
2011-04-03,0.2687466442584991,0.2729458066642597,0.2687466442584991,0.2687466442584991,19500,0.0,0.0,0.06453845460132493
2011-04-04,0.2687466442584991,0.2687466442584991,0.2687466442584991,0.2687466442584991,0,0.0,0.0,0.0
2011-04-05,0.2687466442584991,0.2687466442584991,0.2687466442584991,0.2687466442584991,0,0.0,0.0,0.0
2011-04-06,0.2687466442584991,0.2687466442584991,0.2687466442584991,0.2687466442584991,0,0.0,0.0,0.0
2011-04-07,0.2645474970340729,0.2645474970340729,0.2645474970340729,0.2645474970340729,34100,0.0,0.0,-0.01574828479919503
2011-04-10,0.2645474970340729,0.2645474970340729,0.2645474970340729,0.2645474970340729,0,0.0,0.0,0.0
2011-04-11,0.2645474970340729,0.2645474970340729,0.2645474970340729,0.2645474970340729,0,0.0,0.0,0.0
2011-04-12,0.2603482748649495,0.2603482748649495,0.2561491131782532,0.2561491131782532,21585,0.0,0.0,-0.03226105982436246
2011-04-13,0.2561491131782532,0.2603482748649495,0.2561491131782532,0.2561491131782532,10000,0.0,0.0,0.0
2011-04-14,0.2603482902050018,0.2603482902050018,0.2603482902050018,0.2603482902050018,415,0.0,0.0,0.016260564032968
2011-04-17,0.2603482902050018,0.2603482902050018,0.2603482902050018,0.2603482902050018,25000,0.0,0.0,0.0
2011-04-18,0.2603482902050018,0.2603482902050018,0.2603482902050018,0.2603482902050018,4585,0.0,0.0,0.0
2011-04-19,0.2603482902050018,0.2603482902050018,0.2603482902050018,0.2603482902050018,0,0.0,0.0,0.0
2011-04-20,0.2561491131782532,0.2561491131782532,0.2561491131782532,0.2561491131782532,31200,0.0,0.0,-0.016260564032967995
2011-04-26,0.2603483206050268,0.2603483206050268,0.2519499957561493,0.2519499957561493,79400,0.0,0.0,-0.01652910997776742
2011-04-27,0.2519499957561493,0.2519499957561493,0.2519499957561493,0.2519499957561493,17133,0.0,0.0,0.0
2011-04-28,0.2519499957561493,0.2519499957561493,0.2519499957561493,0.2519499957561493,0,0.0,0.0,0.0
2011-05-01,0.2435516576059163,0.2435516576059163,0.2351533323526382,0.2351533323526382,19017,0.0,0.0,-0.06899285881338146
2011-05-02,0.2351533323526382,0.2351533323526382,0.2351533323526382,0.2351533323526382,11983,0.0,0.0,0.0
2011-05-03,0.2351532803056635,0.2351532803056635,0.2099582850933075,0.2099582850933075,43017,0.0,0.0,-0.11332891089657594
2011-05-04,0.2099582850933075,0.2099582850933075,0.2099582850933075,0.2099582850933075,2000,0.0,0.0,0.0
2011-05-05,0.2099582286049119,0.2225557103073004,0.2099582286049119,0.2183565497398376,20150,0.0,0.0,0.039220407427659185
2011-05-08,0.2183565497398376,0.2183565497398376,0.2183565497398376,0.2183565497398376,0,0.0,0.0,0.0
2011-05-09,0.2309540564711974,0.2351532170386602,0.2183565497398376,0.2183565497398376,70000,0.0,0.0,0.0
2011-05-10,0.2267549375318309,0.2477507442235946,0.2267549375318309,0.2477507442235946,103130,0.0,0.0,0.12629390113504252
2011-05-11,0.2519500078881779,0.2519500078881779,0.2351533323526382,0.2351533323526382,21200,0.0,0.0,-0.052185397666125795
2011-05-12,0.2351533323526382,0.2351533323526382,0.2351533323526382,0.2351533323526382,0,0.0,0.0,0.0
2011-05-15,0.2351533323526382,0.2351533323526382,0.2351533323526382,0.2351533323526382,4000,0.0,0.0,0.0
2011-05-16,0.2351533323526382,0.2351533323526382,0.2351533323526382,0.2351533323526382,8000,0.0,0.0,0.0
2011-05-17,0.2351533323526382,0.2351533323526382,0.2351533323526382,0.2351533323526382,10000,0.0,0.0,0.0
2011-05-18,0.2477507442235946,0.2477507442235946,0.2477507442235946,0.2477507442235946,5000,0.0,0.0,0.05218539766612569
2011-05-19,0.2351532721744353,0.2351532721744353,0.2267549490703767,0.230954110622406,136000,0.0,0.0,-0.07020414166237848
2011-05-22,0.2267549569112041,0.2267549569112041,0.2099582850933075,0.2099582850933075,2885,0.0,0.0,-0.09531016690032322
2011-05-23,0.2141574174165725,0.2141574174165725,0.2057590951740323,0.2141574174165725,76500,0.0,0.0,0.019802471436069988
2011-05-24,0.2099582562953024,0.2141574174165725,0.2099582562953024,0.2141574174165725,35000,0.0,0.0,0.0
2011-05-25,0.2141574773634379,0.2141574773634379,0.2057591527700424,0.2057591527700424,34300,0.0,0.0,-0.04000501653186908
2011-05-26,0.2267549484968185,0.2267549484968185,0.2267549484968185,0.2267549484968185,2000,0.0,0.0,0.09716358886051994
2011-05-29,0.2183566396601357,0.2183566396601357,0.2057591527700424,0.2057591527700424,32000,0.0,0.0,-0.09716358886051997
2011-05-30,0.2057591527700424,0.2057591527700424,0.2057591527700424,0.2057591527700424,11200,0.0,0.0,0.0
2011-05-31,0.2057591527700424,0.2057591527700424,0.2057591527700424,0.2057591527700424,12234,0.0,0.0,0.0
2011-06-01,0.2057591527700424,0.2057591527700424,0.2057591527700424,0.2057591527700424,34000,0.0,0.0,0.0
2011-06-02,0.2057591527700424,0.2057591527700424,0.2057591527700424,0.2057591527700424,51,0.0,0.0,0.0
2011-06-05,0.2015599012374878,0.2015599012374878,0.2015599012374878,0.2015599012374878,39996,0.0,0.0,-0.020619709655187734
2011-06-06,0.2015599606526983,0.2015599606526983,0.1973607987165451,0.1973607987165451,42250,0.0,0.0,-0.02105309460556371
2011-06-07,0.1973607987165451,0.1973607987165451,0.1973607987165451,0.1973607987165451,33904,0.0,0.0,0.0
2011-06-08,0.1973607680727943,0.1973607680727943,0.1931616067886352,0.1931616067886352,10200,0.0,0.0,-0.02150633981173104
2011-06-09,0.2015599779588539,0.2057591527700424,0.2015599779588539,0.2057591527700424,67217,0.0,0.0,0.0631791440724826
2011-06-13,0.2057590744503112,0.2057590744503112,0.2015599012374878,0.2015599012374878,106000,0.0,0.0,-0.020619709655187734
2011-06-14,0.2015599293569534,0.2015599293569534,0.1931616067886352,0.1931616067886352,60000,0.0,0.0,-0.04255943441729475
2011-06-15,0.1931616067886352,0.1931616067886352,0.1889624329899883,0.1931616067886352,56200,0.0,0.0,0.0
2011-06-16,0.1889624297618866,0.1889624297618866,0.1889624297618866,0.1889624297618866,3600,0.0,0.0,-0.02197896843357179
2011-06-19,0.1931616034887977,0.1931616034887977,0.1889624297618866,0.1889624297618866,20100,0.0,0.0,0.0
2011-06-20,0.1889624297618866,0.1889624297618866,0.1889624297618866,0.1889624297618866,24370,0.0,0.0,0.0
2011-06-21,0.1889624297618866,0.1889624297618866,0.1889624297618866,0.1889624297618866,4544,0.0,0.0,0.0
2011-06-22,0.1847632676362991,0.1847632676362991,0.1847632676362991,0.1847632676362991,2456,0.0,0.0,-0.02247283972205461
2011-06-23,0.1931616469024369,0.1931616469024369,0.1679666489362716,0.1679666489362716,98544,0.0,0.0,-0.09530992978929485
2011-06-26,0.1679666260058679,0.1679666260058679,0.1343732957988989,0.1427716314792633,128456,0.0,0.0,-0.162519070398078
2011-06-27,0.1427716314792633,0.1427716314792633,0.1427716314792633,0.1427716314792633,2000,0.0,0.0,0.0
2011-06-28,0.1427716320064086,0.1511699677177816,0.1427716320064086,0.1469707936048507,54500,0.0,0.0,0.028987513017113886
2011-06-29,0.1511699677177816,0.1679666266260389,0.1469707936048507,0.1469707936048507,50000,0.0,0.0,0.0
2011-06-30,0.1469707936048507,0.1469707936048507,0.1469707936048507,0.1469707936048507,0,0.0,0.0,0.0
2011-07-03,0.1511699855327606,0.1511699855327606,0.1511699855327606,0.1511699855327606,1700,0.0,0.0,0.02817105158036014
2011-07-04,0.1679666075391394,0.2141574174165725,0.1679666075391394,0.2141574174165725,154350,0.0,0.0,0.34830640434987703
2011-07-05,0.2099582279333065,0.2435515373945236,0.2099582279333065,0.2435515373945236,78399,0.0,0.0,0.12861723266294922
2011-07-06,0.2603482817189027,0.2813441157341003,0.2603482817189027,0.2813441157341003,37000,0.0,0.0,0.14424995859084977
2011-07-07,0.2939416075921109,0.3065391182899475,0.2939416075921109,0.3065391182899475,142450,0.0,0.0,0.08576684497460109
2011-07-10,0.3065391182899475,0.3065391182899475,0.3065391182899475,0.3065391182899475,0,0.0,0.0,0.0
2011-07-11,0.3065391182899475,0.3065391182899475,0.3065391182899475,0.3065391182899475,0,0.0,0.0,0.0
2011-07-12,0.3065391182899475,0.3065391182899475,0.3065391182899475,0.3065391182899475,0,0.0,0.0,0.0
2011-07-13,0.2687466112254169,0.3065391182899475,0.2687466112254169,0.3065391182899475,100000,0.0,0.0,0.0
2011-07-14,0.3065391182899475,0.3065391182899475,0.3065391182899475,0.3065391182899475,0,0.0,0.0,0.0
2011-07-17,0.3065391182899475,0.3065391182899475,0.3065391182899475,0.3065391182899475,0,0.0,0.0,0.0
2011-07-18,0.2939415872097015,0.2939415872097015,0.2939415872097015,0.2939415872097015,50000,0.0,0.0,-0.041964311598691774
2011-07-19,0.2939415872097015,0.2939415872097015,0.2939415872097015,0.2939415872097015,0,0.0,0.0,0.0
2011-07-20,0.2771449397926508,0.2855432629585266,0.2771449397926508,0.2855432629585266,30000,0.0,0.0,-0.028987513017114115
2011-07-21,0.2855432629585266,0.2855432629585266,0.2855432629585266,0.2855432629585266,0,0.0,0.0,0.0
2011-07-24,0.2855432629585266,0.2855432629585266,0.2855432629585266,0.2855432629585266,0,0.0,0.0,0.0
2011-07-25,0.2855432629585266,0.2855432629585266,0.2855432629585266,0.2855432629585266,0,0.0,0.0,0.0
2011-07-26,0.2855432629585266,0.2855432629585266,0.2855432629585266,0.2855432629585266,0,0.0,0.0,0.0
2011-07-27,0.2099582850933075,0.2141574467905371,0.1931616257898998,0.2099582850933075,22189,0.0,0.0,-0.3074846830486644
2011-07-28,0.2183565785378426,0.2183565785378426,0.2141574174165725,0.2141574174165725,4000,0.0,0.0,0.019802471436069988
2011-08-01,0.2351533323526382,0.2351533323526382,0.2351533323526382,0.2351533323526382,9810,0.0,0.0,0.0935264394605059
2011-08-02,0.2351533323526382,0.2351533323526382,0.2351533323526382,0.2351533323526382,0,0.0,0.0,0.0
2011-08-03,0.2351533323526382,0.2351533323526382,0.2351533323526382,0.2351533323526382,0,0.0,0.0,0.0
2011-08-04,0.2351533323526382,0.2351533323526382,0.2351533323526382,0.2351533323526382,0,0.0,0.0,0.0
2011-08-07,0.2099582850933075,0.2099582850933075,0.2099582850933075,0.2099582850933075,43890,0.0,0.0,-0.11332891089657594
2011-08-08,0.2099582850933075,0.2099582850933075,0.2099582850933075,0.2099582850933075,0,0.0,0.0,0.0
2011-08-09,0.2015599012374878,0.2015599012374878,0.2015599012374878,0.2015599012374878,13000,0.0,0.0,-0.04082225475098678
2011-08-10,0.2015599012374878,0.2015599012374878,0.2015599012374878,0.2015599012374878,0,0.0,0.0,0.0
2011-08-11,0.2015599012374878,0.2015599012374878,0.2015599012374878,0.2015599012374878,0,0.0,0.0,0.0
2011-08-14,0.2015599249174661,0.2015599249174661,0.1847632676362991,0.1847632676362991,6500,0.0,0.0,-0.0870112425729212
2011-08-15,0.1847632676362991,0.1847632676362991,0.1847632676362991,0.1847632676362991,0,0.0,0.0,0.0
2011-08-16,0.1847632676362991,0.1847632676362991,0.1847632676362991,0.1847632676362991,0,0.0,0.0,0.0
2011-08-17,0.1847632676362991,0.1847632676362991,0.1847632676362991,0.1847632676362991,0,0.0,0.0,0.0
2011-08-18,0.1847632676362991,0.1847632676362991,0.1847632676362991,0.1847632676362991,0,0.0,0.0,0.0
2011-08-21,0.1847632676362991,0.1847632676362991,0.1847632676362991,0.1847632676362991,0,0.0,0.0,0.0
2011-08-22,0.1805641173447738,0.1805641173447738,0.1763649433851242,0.1763649433851242,15970,0.0,0.0,-0.046519981070599056
2011-08-23,0.1763649732486665,0.1763649732486665,0.1679666489362716,0.1679666489362716,24030,0.0,0.0,-0.04878994871869582
2011-08-24,0.1679666489362716,0.1679666489362716,0.1679666489362716,0.1679666489362716,48000,0.0,0.0,0.0
2011-08-25,0.1679666489362716,0.1679666489362716,0.1679666489362716,0.1679666489362716,0,0.0,0.0,0.0
2011-08-28,0.1679666489362716,0.1679666489362716,0.1679666489362716,0.1679666489362716,0,0.0,0.0,0.0
2011-08-29,0.1763649327384719,0.1847632676362991,0.1763649327384719,0.1847632676362991,47000,0.0,0.0,0.09530992978929488
2011-08-30,0.2015599491843591,0.2099582850933075,0.2015599491843591,0.2099582850933075,57000,0.0,0.0,0.12783349732390797
2011-08-31,0.2099582850933075,0.2099582850933075,0.2099582850933075,0.2099582850933075,14500,0.0,0.0,0.0
2011-09-01,0.2099582850933075,0.2099582850933075,0.2099582850933075,0.2099582850933075,150001,0.0,0.0,0.0
2011-09-04,0.2099582850933075,0.2099582850933075,0.2099582850933075,0.2099582850933075,0,0.0,0.0,0.0
2011-09-05,0.2099582850933075,0.2099582850933075,0.2099582850933075,0.2099582850933075,0,0.0,0.0,0.0
2011-09-06,0.2099582778332823,0.2309541106224059,0.2099582778332823,0.230954110622406,29799,0.0,0.0,0.09531016690032315
2011-09-07,0.2435515373945236,0.2435515373945236,0.2435515373945236,0.2435515373945236,36100,0.0,0.0,0.05310953719869615
2011-09-08,0.2519499957561493,0.2519499957561493,0.2519499957561493,0.2519499957561493,55000,0.0,0.0,0.033902065610938024
2011-09-11,0.2393524348735809,0.2393524348735809,0.2393524348735809,0.2393524348735809,10000,0.0,0.0,-0.051293549637734935
2011-09-12,0.2351532733014268,0.2393524348735809,0.2351532733014268,0.2393524348735809,23500,0.0,0.0,0.0
2011-09-13,0.2393524348735809,0.2393524348735809,0.2393524348735809,0.2393524348735809,0,0.0,0.0,0.0
2011-09-14,0.2351532733014268,0.2393524348735809,0.2351532733014268,0.2393524348735809,10000,0.0,0.0,0.0
2011-09-15,0.2309541106224059,0.2309541106224059,0.2309541106224059,0.230954110622406,18718,0.0,0.0,-0.03571805317189933
2011-09-18,0.2309541106224059,0.2309541106224059,0.2309541106224059,0.230954110622406,0,0.0,0.0,0.0
2011-09-19,0.2309541106224059,0.2309541106224059,0.2309541106224059,0.230954110622406,31282,0.0,0.0,0.0
2011-09-20,0.2309541106224059,0.2309541106224059,0.2309541106224059,0.230954110622406,0,0.0,0.0,0.0
2011-09-21,0.2267549484968185,0.2267549484968185,0.2267549484968185,0.2267549484968185,9218,0.0,0.0,-0.018349123135602295
2011-09-22,0.2267549582205243,0.2267549582205243,0.2225557714700698,0.2225557714700698,93500,0.0,0.0,-0.018692183848148698
2011-09-25,0.2183565497398376,0.2183565497398376,0.2183565497398376,0.2183565497398376,2000,0.0,0.0,-0.01904845248891298
2011-09-26,0.2183565497398376,0.2183565497398376,0.2183565497398376,0.2183565497398376,0,0.0,0.0,0.0
2011-09-27,0.2183565497398376,0.2183565497398376,0.2183565497398376,0.2183565497398376,0,0.0,0.0,0.0
2011-09-28,0.2183565497398376,0.2183565497398376,0.2183565497398376,0.2183565497398376,0,0.0,0.0,0.0
2011-09-29,0.2183565497398376,0.2183565497398376,0.2183565497398376,0.2183565497398376,0,0.0,0.0,0.0
2011-10-03,0.2099582644397594,0.2099582644397594,0.1931616067886352,0.1931616067886352,7000,0.0,0.0,-0.1226020965959408
2011-10-04,0.1931616067886352,0.1931616067886352,0.1931616067886352,0.1931616067886352,2050,0.0,0.0,0.0
2011-10-05,0.1931616067886352,0.1931616067886352,0.1931616067886352,0.1931616067886352,2050,0.0,0.0,0.0
2011-10-06,0.2141574174165725,0.2141574174165725,0.2141574174165725,0.2141574174165725,45000,0.0,0.0,0.10318416060435172
2011-10-09,0.2141574174165725,0.2141574174165725,0.2141574174165725,0.2141574174165725,0,0.0,0.0,0.0
2011-10-10,0.2141574174165725,0.2141574174165725,0.2141574174165725,0.2141574174165725,0,0.0,0.0,0.0
2011-10-11,0.2141574174165725,0.2141574174165725,0.2141574174165725,0.2141574174165725,0,0.0,0.0,0.0
2011-10-12,0.2099582850933075,0.2099582850933075,0.2099582850933075,0.2099582850933075,7500,0.0,0.0,-0.019802471436070106
2011-10-13,0.2099582850933075,0.2099582850933075,0.2099582850933075,0.2099582850933075,0,0.0,0.0,0.0
2011-10-16,0.2183565497398376,0.2183565497398376,0.2183565497398376,0.2183565497398376,21384,0.0,0.0,0.039220407427659185
2011-10-17,0.2183565497398376,0.2183565497398376,0.2183565497398376,0.2183565497398376,21384,0.0,0.0,0.0
2011-10-18,0.2183565497398376,0.2183565497398376,0.2183565497398376,0.2183565497398376,0,0.0,0.0,0.0
2011-10-19,0.2183565497398376,0.2183565497398376,0.2183565497398376,0.2183565497398376,0,0.0,0.0,0.0
2011-10-20,0.2183565497398376,0.2183565497398376,0.2183565497398376,0.2183565497398376,0,0.0,0.0,0.0
2011-10-23,0.2099582608529795,0.2099582608529795,0.1889624297618866,0.1889624297618866,51100,0.0,0.0,-0.14458106502951262
2011-10-24,0.2015599012374878,0.2015599012374878,0.2015599012374878,0.2015599012374878,7500,0.0,0.0,0.06453840285086664
2011-10-25,0.1889624515781811,0.2099582850933075,0.1889624515781811,0.2099582850933075,5270,0.0,0.0,0.040822254750986914
2011-10-26,0.2099582850933075,0.2099582850933075,0.2099582850933075,0.2099582850933075,0,0.0,0.0,0.0
2011-10-27,0.2099582286049119,0.2183565497398376,0.2099582286049119,0.2183565497398376,34260,0.0,0.0,0.039220407427659185
2011-10-30,0.2183565497398376,0.2183565497398376,0.2183565497398376,0.2183565497398376,0,0.0,0.0,0.0
2011-11-01,0.2183565497398376,0.2183565497398376,0.2183565497398376,0.2183565497398376,0,0.0,0.0,0.0
2011-11-02,0.2183565497398376,0.2183565497398376,0.2183565497398376,0.2183565497398376,0,0.0,0.0,0.0
2011-11-03,0.2183565497398376,0.2183565497398376,0.2183565497398376,0.2183565497398376,0,0.0,0.0,0.0
2011-11-06,0.2183566009373409,0.2309541106224059,0.2183566009373409,0.230954110622406,10000,0.0,0.0,0.056089759472664015
2011-11-07,0.2309541106224059,0.2309541106224059,0.2309541106224059,0.230954110622406,0,0.0,0.0,0.0
2011-11-08,0.2099582850933075,0.2099582850933075,0.2099582850933075,0.2099582850933075,4000,0.0,0.0,-0.09531016690032322
2011-11-09,0.1931616067886352,0.1931616067886352,0.1931616067886352,0.1931616067886352,2409,0.0,0.0,-0.0833816891682816
2011-11-10,0.1931616034887977,0.1931616034887977,0.1889624297618866,0.1889624297618866,29345,0.0,0.0,-0.02197896843357179
2011-11-13,0.1889624297618866,0.1889624297618866,0.1889624297618866,0.1889624297618866,0,0.0,0.0,0.0
2011-11-14,0.2015599491843591,0.2099582850933075,0.2015599491843591,0.2099582850933075,30000,0.0,0.0,0.1053606576018534
2011-11-15,0.2099582850933075,0.2099582850933075,0.2099582850933075,0.2099582850933075,0,0.0,0.0,0.0
2011-11-16,0.2099582850933075,0.2099582850933075,0.2099582850933075,0.2099582850933075,0,0.0,0.0,0.0
2011-11-17,0.2099583214537969,0.2519499957561493,0.2099583214537969,0.2519499957561493,72422,0.0,0.0,0.18232176970995748
2011-11-20,0.2519499957561493,0.2519499957561493,0.2519499957561493,0.2519499957561493,0,0.0,0.0,0.0
2011-11-21,0.2435516051064296,0.2435516051064296,0.2225557714700698,0.2225557714700698,53000,0.0,0.0,-0.12405290979338521
2011-11-22,0.20995827730221,0.2267549484968185,0.20995827730221,0.2267549484968185,23800,0.0,0.0,0.018692183848148754
2011-11-23,0.2267549484968185,0.2267549484968185,0.2267549484968185,0.2267549484968185,0,0.0,0.0,0.0
2011-11-24,0.2351533323526382,0.2351533323526382,0.2351533323526382,0.2351533323526382,28435,0.0,0.0,0.036367867131855025
2011-11-27,0.2351533323526382,0.2351533323526382,0.2351533323526382,0.2351533323526382,0,0.0,0.0,0.0
2011-11-28,0.2351532733014268,0.2393524348735809,0.2351532733014268,0.2393524348735809,80000,0.0,0.0,0.017699309175646726
2011-11-29,0.2393524348735809,0.2393524348735809,0.2393524348735809,0.2393524348735809,0,0.0,0.0,0.0
2011-11-30,0.2267548959037346,0.2267548959037346,0.2183565497398376,0.2183565497398376,9000,0.0,0.0,-0.09180781264456331
2011-12-01,0.2183565497398376,0.2183565497398376,0.2183565497398376,0.2183565497398376,5500,0.0,0.0,0.0
2011-12-04,0.2183565497398376,0.2183565497398376,0.2183565497398376,0.2183565497398376,0,0.0,0.0,0.0
2011-12-05,0.2267550070993601,0.2351533323526382,0.2267550070993601,0.2351533323526382,18300,0.0,0.0,0.07410850346891677
2011-12-06,0.2351533323526382,0.2477508202325553,0.2351533323526382,0.2351533323526382,75700,0.0,0.0,0.0
2011-12-07,0.2351533323526382,0.2351533323526382,0.2351533323526382,0.2351533323526382,0,0.0,0.0,0.0
2011-12-08,0.2351533323526382,0.2351533323526382,0.2351533323526382,0.2351533323526382,0,0.0,0.0,0.0
2011-12-11,0.2351532162864621,0.2435515373945236,0.2351532162864621,0.2435515373945236,7700,0.0,0.0,0.035090793202443536
2011-12-12,0.2435515373945236,0.2435515373945236,0.2435515373945236,0.2435515373945236,0,0.0,0.0,0.0
2011-12-13,0.2435515373945236,0.2435515373945236,0.2435515373945236,0.2435515373945236,0,0.0,0.0,0.0
2011-12-14,0.2435515373945236,0.2435515373945236,0.2435515373945236,0.2435515373945236,0,0.0,0.0,0.0
2011-12-15,0.2435515373945236,0.2435515373945236,0.2435515373945236,0.2435515373945236,0,0.0,0.0,0.0
2011-12-18,0.2435515373945236,0.2435515373945236,0.2435515373945236,0.2435515373945236,12000,0.0,0.0,0.0
2011-12-19,0.2477507442235946,0.2477507442235946,0.2477507442235946,0.2477507442235946,7300,0.0,0.0,0.017094604463682207
2011-12-20,0.2477507442235946,0.2477507442235946,0.2477507442235946,0.2477507442235946,0,0.0,0.0,0.0
2011-12-21,0.2435515373945236,0.2435515373945236,0.2435515373945236,0.2435515373945236,13500,0.0,0.0,-0.01709460446368234
2011-12-22,0.2435515373945236,0.2435515373945236,0.2435515373945236,0.2435515373945236,0,0.0,0.0,0.0
2011-12-27,0.2351533323526382,0.2351533323526382,0.2351533323526382,0.2351533323526382,1473,0.0,0.0,-0.035090793202443474
2011-12-28,0.2351533323526382,0.2351533323526382,0.2351533323526382,0.2351533323526382,0,0.0,0.0,0.0
2011-12-29,0.2351533323526382,0.2351533323526382,0.2351533323526382,0.2351533323526382,0,0.0,0.0,0.0
2012-01-02,0.2267548959037346,0.2267548959037346,0.2183565497398376,0.2183565497398376,30527,0.0,0.0,-0.0741085034689167
2012-01-03,0.2183565497398376,0.2183565497398376,0.2183565497398376,0.2183565497398376,6500,0.0,0.0,0.0
2012-01-04,0.2183565497398376,0.2183565497398376,0.2183565497398376,0.2183565497398376,0,0.0,0.0,0.0
2012-01-05,0.2183565497398376,0.2183565497398376,0.2183565497398376,0.2183565497398376,0,0.0,0.0,0.0
2012-01-08,0.2183565497398376,0.2183565497398376,0.2183565497398376,0.2183565497398376,0,0.0,0.0,0.0
2012-01-09,0.2225557624893702,0.2309541106224059,0.2225557624893702,0.230954110622406,18443,0.0,0.0,0.056089759472664015
2012-01-10,0.2267549484968185,0.2267549484968185,0.2267549484968185,0.2267549484968185,8000,0.0,0.0,-0.018349123135602295
2012-01-11,0.2267549484968185,0.2267549484968185,0.2267549484968185,0.2267549484968185,0,0.0,0.0,0.0
2012-01-12,0.2267549484968185,0.2267549484968185,0.2267549484968185,0.2267549484968185,0,0.0,0.0,0.0
2012-01-15,0.2435515373945236,0.2435515373945236,0.2435515373945236,0.2435515373945236,4530,0.0,0.0,0.07145866033429846
2012-01-16,0.2435515373945236,0.2435515373945236,0.2435515373945236,0.2435515373945236,0,0.0,0.0,0.0
2012-01-17,0.2435515373945236,0.2435515373945236,0.2435515373945236,0.2435515373945236,0,0.0,0.0,0.0
2012-01-18,0.2435515373945236,0.2435515373945236,0.2435515373945236,0.2435515373945236,0,0.0,0.0,0.0
2012-01-19,0.2267549484968185,0.2267549484968185,0.2267549484968185,0.2267549484968185,2000,0.0,0.0,-0.07145866033429847
2012-01-22,0.2099582850933075,0.2099582850933075,0.2099582850933075,0.2099582850933075,9070,0.0,0.0,-0.07696104376472099
2012-01-23,0.2099583150667401,0.2099583150667401,0.2057591527700424,0.2057591527700424,10000,0.0,0.0,-0.020202545095799072
2012-01-24,0.2015599606526983,0.2015599606526983,0.1973607987165451,0.1973607987165451,65130,0.0,0.0,-0.041672804260751505
2012-01-26,0.1679666489362716,0.1679666489362716,0.1679666489362716,0.1679666489362716,42370,0.0,0.0,-0.16126807775665242
2012-01-29,0.1679666140547051,0.1931616067886352,0.1679666140547051,0.1931616067886352,74000,0.0,0.0,0.1397617379449214
2012-01-30,0.1931616067886352,0.1931616067886352,0.1931616067886352,0.1931616067886352,0,0.0,0.0,0.0
2012-01-31,0.1931616067886352,0.1931616067886352,0.1931616067886352,0.1931616067886352,0,0.0,0.0,0.0
2012-02-01,0.1763649433851242,0.1805641173447738,0.1763649433851242,0.1763649433851242,28250,0.0,0.0,-0.09097178922622558
2012-02-02,0.1763649433851242,0.1763649433851242,0.1763649433851242,0.1763649433851242,0,0.0,0.0,0.0
2012-02-05,0.1763649433851242,0.1763649433851242,0.1763649433851242,0.1763649433851242,0,0.0,0.0,0.0
2012-02-06,0.1805641173447738,0.1805641173447738,0.1763649433851242,0.1763649433851242,21300,0.0,0.0,0.0
2012-02-07,0.1763649433851242,0.1763649433851242,0.1763649433851242,0.1763649433851242,0,0.0,0.0,0.0
2012-02-08,0.1763649433851242,0.1763649433851242,0.1763649433851242,0.1763649433851242,0,0.0,0.0,0.0
2012-02-09,0.1763649433851242,0.1763649433851242,0.1763649433851242,0.1763649433851242,0,0.0,0.0,0.0
2012-02-12,0.2141574174165725,0.2141574174165725,0.2141574174165725,0.2141574174165725,11100,0.0,0.0,0.1941559498305773
2012-02-13,0.2141574174165725,0.2141574174165725,0.2141574174165725,0.2141574174165725,0,0.0,0.0,0.0
2012-02-14,0.2141574174165725,0.2141574174165725,0.2141574174165725,0.2141574174165725,0,0.0,0.0,0.0
2012-02-15,0.2141574174165725,0.2141574174165725,0.2141574174165725,0.2141574174165725,0,0.0,0.0,0.0
2012-02-16,0.2141574174165725,0.2141574174165725,0.2141574174165725,0.2141574174165725,0,0.0,0.0,0.0
2012-02-19,0.2141574174165725,0.2141574174165725,0.2141574174165725,0.2141574174165725,0,0.0,0.0,0.0
2012-02-20,0.2141574174165725,0.2141574174165725,0.2141574174165725,0.2141574174165725,0,0.0,0.0,0.0
2012-02-21,0.2141574174165725,0.2141574174165725,0.2141574174165725,0.2141574174165725,0,0.0,0.0,0.0
2012-02-22,0.2141574174165725,0.2141574174165725,0.2141574174165725,0.2141574174165725,0,0.0,0.0,0.0
2012-02-23,0.2099582778332823,0.2309541106224059,0.2099582778332823,0.230954110622406,25918,0.0,0.0,0.07550769546425305
2012-02-26,0.2141574480271172,0.2225557714700698,0.2099582863056409,0.2225557714700698,35218,0.0,0.0,-0.03704130698375098
2012-02-27,0.2225557714700698,0.2225557714700698,0.2225557714700698,0.2225557714700698,16750,0.0,0.0,0.0
2012-02-28,0.2225557714700698,0.2225557714700698,0.2225557714700698,0.2225557714700698,0,0.0,0.0,0.0
2012-02-29,0.2268357574939727,0.2268357574939727,0.2268357574939727,0.2268357574939727,0,0.005,0.0,0.01904849184538872
2012-03-01,0.213995948433876,0.213995948433876,0.213995948433876,0.213995948433876,46464,0.0,0.0,-0.05826913804394388
2012-03-04,0.2139959132990805,0.2225557416677475,0.2139959132990805,0.2225557416677475,26136,0.0,0.0,0.03922051228908992
2012-03-05,0.2225557416677475,0.2225557416677475,0.2225557416677475,0.2225557416677475,10000,0.0,0.0,0.0
2012-03-06,0.2225557416677475,0.2225557416677475,0.2225557416677475,0.2225557416677475,0,0.0,0.0,0.0
2012-03-07,0.2225557416677475,0.2225557416677475,0.2225557416677475,0.2225557416677475,13864,0.0,0.0,0.0
2012-03-08,0.2225557416677475,0.2225557416677475,0.2225557416677475,0.2225557416677475,0,0.0,0.0,0.0
2012-03-11,0.2311155796051025,0.2311155796051025,0.2311155796051025,0.2311155796051025,11800,0.0,0.0,0.037740335422262156
2012-03-12,0.2311155796051025,0.2311155796051025,0.2311155796051025,0.2311155796051025,0,0.0,0.0,0.0
2012-03-13,0.2396755069494247,0.2396755069494247,0.2396755069494247,0.2396755069494247,10000,0.0,0.0,0.0363680241123639
2012-03-14,0.2396755069494247,0.2396755069494247,0.2396755069494247,0.2396755069494247,0,0.0,0.0,0.0
2012-03-15,0.2396755069494247,0.2396755069494247,0.2396755069494247,0.2396755069494247,0,0.0,0.0,0.0
2012-03-18,0.2396755069494247,0.2396755069494247,0.2396755069494247,0.2396755069494247,0,0.0,0.0,0.0
2012-03-19,0.2268357574939727,0.2268357574939727,0.2268357574939727,0.2268357574939727,2800,0.0,0.0,-0.055059733779772226
2012-03-20,0.2268357574939727,0.2268357574939727,0.2268357574939727,0.2268357574939727,0,0.0,0.0,0.0
2012-03-21,0.2268357574939727,0.2268357574939727,0.2268357574939727,0.2268357574939727,11758,0.0,0.0,0.0
2012-03-22,0.2268357574939727,0.2268357574939727,0.2268357574939727,0.2268357574939727,0,0.0,0.0,0.0
2012-03-25,0.2268357574939727,0.2268357574939727,0.2268357574939727,0.2268357574939727,0,0.0,0.0,0.0
2012-03-26,0.2268357574939727,0.2268357574939727,0.2268357574939727,0.2268357574939727,3000,0.0,0.0,0.0
2012-03-27,0.2268357574939727,0.2268357574939727,0.2268357574939727,0.2268357574939727,0,0.0,0.0,0.0
2012-03-28,0.2268357574939727,0.2268357574939727,0.2268357574939727,0.2268357574939727,0,0.0,0.0,0.0
2012-03-29,0.2268357344378666,0.2396755069494247,0.2268357344378666,0.2396755069494247,25497,0.0,0.0,0.05505973377977221
2012-04-01,0.2225557416677475,0.2225557416677475,0.2225557416677475,0.2225557416677475,10000,0.0,0.0,-0.07410835953462605
2012-04-02,0.2225557416677475,0.2225557416677475,0.2225557416677475,0.2225557416677475,0,0.0,0.0,0.0
2012-04-03,0.2225557416677475,0.2225557416677475,0.2225557416677475,0.2225557416677475,0,0.0,0.0,0.0
2012-04-04,0.2225557416677475,0.2225557416677475,0.2225557416677475,0.2225557416677475,0,0.0,0.0,0.0
2012-04-09,0.2225557416677475,0.2225557416677475,0.2225557416677475,0.2225557416677475,0,0.0,0.0,0.0
2012-04-10,0.2225557416677475,0.2225557416677475,0.2225557416677475,0.2225557416677475,0,0.0,0.0,0.0
2012-04-11,0.2225557416677475,0.2225557416677475,0.2225557416677475,0.2225557416677475,0,0.0,0.0,0.0
2012-04-12,0.2225557416677475,0.2225557416677475,0.2225557416677475,0.2225557416677475,0,0.0,0.0,0.0
2012-04-15,0.218275827483414,0.2225557416677475,0.218275827483414,0.2225557416677475,20800,0.0,0.0,0.0
2012-04-16,0.2182758633209047,0.2182758633209047,0.213995948433876,0.213995948433876,28622,0.0,0.0,-0.03922051228909001
2012-04-17,0.213995948433876,0.213995948433876,0.213995948433876,0.213995948433876,2500,0.0,0.0,0.0
2012-04-18,0.2225557416677475,0.2225557416677475,0.2225557416677475,0.2225557416677475,20000,0.0,0.0,0.03922051228908992
2012-04-19,0.2225557782079334,0.2225557782079334,0.213995948433876,0.213995948433876,4020,0.0,0.0,-0.03922051228909001
2012-04-22,0.213995948433876,0.213995948433876,0.213995948433876,0.213995948433876,12000,0.0,0.0,0.0
2012-04-23,0.213995948433876,0.213995948433876,0.213995948433876,0.213995948433876,667,0.0,0.0,0.0
2012-04-25,0.2225557416677475,0.2225557416677475,0.2225557416677475,0.2225557416677475,10000,0.0,0.0,0.03922051228908992
2012-04-26,0.2225557416677475,0.2225557416677475,0.2225557416677475,0.2225557416677475,8300,0.0,0.0,0.0
2012-04-29,0.2225557416677475,0.2225557416677475,0.2225557416677475,0.2225557416677475,0,0.0,0.0,0.0
2012-04-30,0.2182758748531341,0.2182758748531341,0.2182758748531341,0.2182758748531341,4000,0.0,0.0,-0.019417850859130243
2012-05-01,0.2225557416677475,0.2225557416677475,0.2225557416677475,0.2225557416677475,1200,0.0,0.0,0.01941785085913036
2012-05-02,0.2311155796051025,0.2311155796051025,0.2311155796051025,0.2311155796051025,3135,0.0,0.0,0.037740335422262156
2012-05-03,0.2268357574939727,0.2268357574939727,0.2268357574939727,0.2268357574939727,2154,0.0,0.0,-0.018691709667408338
2012-05-06,0.2268357574939727,0.2268357574939727,0.2268357574939727,0.2268357574939727,21300,0.0,0.0,0.0
2012-05-07,0.2268356558520809,0.2268356558520809,0.2225557416677475,0.2225557416677475,49000,0.0,0.0,-0.019048625754853776
2012-05-08,0.2225557416677475,0.2225557416677475,0.2225557416677475,0.2225557416677475,13600,0.0,0.0,0.0
2012-05-09,0.2225557416677475,0.2225557416677475,0.2225557416677475,0.2225557416677475,10000,0.0,0.0,0.0
2012-05-10,0.2311155796051025,0.2311155796051025,0.2311155796051025,0.2311155796051025,10000,0.0,0.0,0.037740335422262156
2012-05-13,0.2311155796051025,0.2311155796051025,0.2311155796051025,0.2311155796051025,0,0.0,0.0,0.0
2012-05-14,0.2311155796051025,0.2311155796051025,0.2311155796051025,0.2311155796051025,7595,0.0,0.0,0.0
2012-05-15,0.2311155796051025,0.2311155796051025,0.2311155796051025,0.2311155796051025,0,0.0,0.0,0.0
2012-05-16,0.2311155796051025,0.2311155796051025,0.2311155796051025,0.2311155796051025,0,0.0,0.0,0.0
2012-05-17,0.2225557416677475,0.2225557416677475,0.2225557416677475,0.2225557416677475,14000,0.0,0.0,-0.037740335422262156
2012-05-20,0.2225557416677475,0.2225557416677475,0.2225557416677475,0.2225557416677475,38500,0.0,0.0,0.0
2012-05-21,0.2225557416677475,0.2225557416677475,0.2225557416677475,0.2225557416677475,1095,0.0,0.0,0.0
2012-05-22,0.2225557416677475,0.2225557416677475,0.2225557416677475,0.2225557416677475,0,0.0,0.0,0.0
2012-05-23,0.2353955872789343,0.2439554184675216,0.2353955872789343,0.2439554184675216,3998,0.0,0.0,0.09180790282105812
2012-05-24,0.2439554184675216,0.2439554184675216,0.2439554184675216,0.2439554184675216,0,0.0,0.0,0.0
2012-05-27,0.2439554184675216,0.2439554184675216,0.2439554184675216,0.2439554184675216,0,0.0,0.0,0.0
2012-05-28,0.2311155796051025,0.2311155796051025,0.2311155796051025,0.2311155796051025,2000,0.0,0.0,-0.054067567398796104
2012-05-29,0.2311156211678839,0.235395535826683,0.2311156211678839,0.235395535826683,23000,0.0,0.0,0.018349300441648193
2012-05-30,0.2525151073932647,0.2525151073932647,0.2525151073932647,0.2525151073932647,2998,0.0,0.0,0.07020384774240292
2012-05-31,0.2525151073932647,0.2525151073932647,0.2525151073932647,0.2525151073932647,20000,0.0,0.0,0.0
2012-06-03,0.2396754073833399,0.2396754073833399,0.2311155796051025,0.2311155796051025,35522,0.0,0.0,-0.088553148184051
2012-06-04,0.2311155796051025,0.2311155796051025,0.2311155796051025,0.2311155796051025,8000,0.0,0.0,0.0
2012-06-05,0.2311155796051025,0.2311155796051025,0.2311155796051025,0.2311155796051025,0,0.0,0.0,0.0
2012-06-06,0.2311156991063883,0.2311156991063883,0.2268357574939727,0.2268357574939727,16600,0.0,0.0,-0.018691709667408338
2012-06-07,0.2268357574939727,0.2268357574939727,0.2268357574939727,0.2268357574939727,2000,0.0,0.0,0.0
2012-06-11,0.2268357574939727,0.2268357574939727,0.2268357574939727,0.2268357574939727,0,0.0,0.0,0.0
2012-06-12,0.2268357574939727,0.2268357574939727,0.2268357574939727,0.2268357574939727,0,0.0,0.0,0.0
2012-06-13,0.256795197725296,0.256795197725296,0.256795197725296,0.256795197725296,122567,0.0,0.0,0.12405265085969303
2012-06-14,0.256795197725296,0.256795197725296,0.256795197725296,0.256795197725296,25000,0.0,0.0,0.0
2012-06-17,0.256795197725296,0.256795197725296,0.256795197725296,0.256795197725296,2433,0.0,0.0,0.0
2012-06-18,0.256795197725296,0.256795197725296,0.256795197725296,0.256795197725296,0,0.0,0.0,0.0
2012-06-19,0.2268357268552374,0.2482353299856186,0.2268357268552374,0.2482353299856186,17750,0.0,0.0,-0.03390166372862455
2012-06-20,0.2482353299856186,0.2482353299856186,0.2482353299856186,0.2482353299856186,0,0.0,0.0,0.0
2012-06-21,0.2482353299856186,0.2482353299856186,0.2482353299856186,0.2482353299856186,0,0.0,0.0,0.0
2012-06-24,0.2482353299856186,0.2482353299856186,0.2482353299856186,0.2482353299856186,0,0.0,0.0,0.0
2012-06-25,0.256795197725296,0.256795197725296,0.256795197725296,0.256795197725296,59549,0.0,0.0,0.03390166372862467
2012-06-26,0.256795197725296,0.256795197725296,0.256795197725296,0.256795197725296,46875,0.0,0.0,0.0
2012-06-27,0.256795197725296,0.256795197725296,0.256795197725296,0.256795197725296,0,0.0,0.0,0.0
2012-06-28,0.256795197725296,0.256795197725296,0.256795197725296,0.256795197725296,15800,0.0,0.0,0.0
2012-07-01,0.282474660909684,0.3338336646556854,0.282474660909684,0.3338336646556854,158000,0.0,0.0,0.2623639877213256
2012-07-02,0.3338336646556854,0.3338336646556854,0.3338336646556854,0.3338336646556854,55642,0.0,0.0,0.0
2012-07-03,0.3252738714218139,0.3252738714218139,0.3252738714218139,0.3252738714218139,5200,0.0,0.0,-0.025975350144528016
2012-07-04,0.3381135994474012,0.3466734290122986,0.3381135994474012,0.3466734290122986,28500,0.0,0.0,0.06371570127221847
2012-07-05,0.372352924869742,0.3766328394412994,0.372352924869742,0.3766328394412994,38818,0.0,0.0,0.0828876021690945
2012-07-08,0.3766328394412994,0.3766328394412994,0.3766328394412994,0.3766328394412994,8700,0.0,0.0,0.0
2012-07-09,0.3766328394412994,0.3766328394412994,0.3766328394412994,0.3766328394412994,0,0.0,0.0,0.0
2012-07-10,0.3766328394412994,0.3766328394412994,0.3766328394412994,0.3766328394412994,0,0.0,0.0,0.0
2012-07-11,0.3723528901574722,0.3851926326751709,0.3723528901574722,0.3851926326751709,35482,0.0,0.0,0.022472741555595498
2012-07-12,0.3851926326751709,0.3851926326751709,0.3851926326751709,0.3851926326751709,0,0.0,0.0,0.0
2012-07-15,0.3851926326751709,0.3851926326751709,0.3851926326751709,0.3851926326751709,20000,0.0,0.0,0.0
2012-07-16,0.3851926326751709,0.3851926326751709,0.3851926326751709,0.3851926326751709,0,0.0,0.0,0.0
2012-07-17,0.3766328043300384,0.3851926326751709,0.3766328043300384,0.3851926326751709,12400,0.0,0.0,0.0
2012-07-18,0.3766328394412994,0.3766328394412994,0.3766328394412994,0.3766328394412994,1300,0.0,0.0,-0.022472741555595598
2012-07-19,0.3766329064368696,0.3766329064368696,0.3252738714218139,0.3252738714218139,2968,0.0,0.0,-0.1466033034413131
2012-07-22,0.3252738714218139,0.3252738714218139,0.3252738714218139,0.3252738714218139,0,0.0,0.0,0.0
2012-07-23,0.3038742276533069,0.3038742276533069,0.2995943129062652,0.2995943129062652,49532,0.0,0.0,-0.08223823959701743
2012-07-24,0.2824747264385223,0.2824747264385223,0.2824747264385223,0.2824747264385223,153000,0.0,0.0,-0.058840186524139325
2012-07-25,0.2824747264385223,0.2824747264385223,0.2824747264385223,0.2824747264385223,0,0.0,0.0,0.0
2012-07-26,0.3081541955471039,0.3081541955471039,0.3081541955471039,0.3081541955471039,3500,0.0,0.0,0.0870112099410058
2012-07-29,0.3081541955471039,0.3081541955471039,0.3081541955471039,0.3081541955471039,0,0.0,0.0,0.0
2012-07-30,0.2824747264385223,0.2824747264385223,0.2824747264385223,0.2824747264385223,450,0.0,0.0,-0.08701120994100593
2012-07-31,0.2995943182410622,0.3423935174942016,0.2995943182410622,0.3423935174942016,51422,0.0,0.0,0.19237162888645787
2012-08-01,0.3423935174942016,0.3423935174942016,0.3423935174942016,0.3423935174942016,20,0.0,0.0,0.0
2012-08-02,0.3423935174942016,0.3423935174942016,0.3423935174942016,0.3423935174942016,0,0.0,0.0,0.0
2012-08-05,0.3423935174942016,0.3423935174942016,0.3423935174942016,0.3423935174942016,0,0.0,0.0,0.0
2012-08-06,0.3423935174942016,0.3423935174942016,0.3423935174942016,0.3423935174942016,0,0.0,0.0,0.0
2012-08-07,0.3252738714218139,0.3252738714218139,0.3252738714218139,0.3252738714218139,14500,0.0,0.0,-0.05129320276530125
2012-08-08,0.3252738714218139,0.3252738714218139,0.3252738714218139,0.3252738714218139,0,0.0,0.0,0.0
2012-08-09,0.3209939002990722,0.3209939002990722,0.3209939002990722,0.3209939002990722,10000,0.0,0.0,-0.013245388005185136
2012-08-12,0.3209939002990722,0.3209939002990722,0.3209939002990722,0.3209939002990722,0,0.0,0.0,0.0
2012-08-13,0.325273814888078,0.325273814888078,0.3209939002990722,0.3209939002990722,38500,0.0,0.0,0.0
2012-08-14,0.3209939002990722,0.3209939002990722,0.3209939002990722,0.3209939002990722,0,0.0,0.0,0.0
2012-08-15,0.3209939002990722,0.3209939002990722,0.3209939002990722,0.3209939002990722,0,0.0,0.0,0.0
2012-08-16,0.3081541955471039,0.3081541955471039,0.3081541955471039,0.3081541955471039,8000,0.0,0.0,-0.04082182817496573
2012-08-19,0.3081541955471039,0.3081541955471039,0.3081541955471039,0.3081541955471039,8915,0.0,0.0,0.0
2012-08-20,0.325273832690885,0.3423935174942016,0.325273832690885,0.3423935174942016,99000,0.0,0.0,0.10536041894545216
2012-08-21,0.3423935174942016,0.3423935174942016,0.3423935174942016,0.3423935174942016,0,0.0,0.0,0.0
2012-08-22,0.3423935616694612,0.3595132231712341,0.3423935616694612,0.3595132231712341,24681,0.0,0.0,0.04879024706575312
2012-08-23,0.3423935174942016,0.3423935174942016,0.3423935174942016,0.3423935174942016,2000,0.0,0.0,-0.04879024706575319
2012-08-26,0.3167139887809753,0.3167139887809753,0.3167139887809753,0.3167139887809753,2000,0.0,0.0,-0.0779615885189783
2012-08-27,0.3167139887809753,0.3167139887809753,0.3167139887809753,0.3167139887809753,0,0.0,0.0,0.0
2012-08-28,0.3167139887809753,0.3167139887809753,0.3167139887809753,0.3167139887809753,0,0.0,0.0,0.0
2012-08-29,0.3167139887809753,0.3167139887809753,0.3167139887809753,0.3167139887809753,0,0.0,0.0,0.0
2012-08-30,0.3295537233352661,0.3295537233352661,0.3295537233352661,0.3295537233352661,150000,0.0,0.0,0.03974026265833158
2012-09-02,0.3295537233352661,0.3295537233352661,0.3295537233352661,0.3295537233352661,0,0.0,0.0,0.0
2012-09-03,0.3295537233352661,0.3295537233352661,0.3295537233352661,0.3295537233352661,0,0.0,0.0,0.0
2012-09-04,0.3295537233352661,0.3295537233352661,0.3295537233352661,0.3295537233352661,0,0.0,0.0,0.0
2012-09-05,0.3295537233352661,0.3295537233352661,0.3295537233352661,0.3295537233352661,0,0.0,0.0,0.0
2012-09-06,0.3295537233352661,0.3295537233352661,0.3295537233352661,0.3295537233352661,0,0.0,0.0,0.0
2012-09-09,0.3383418023586273,0.3383418023586273,0.3383418023586273,0.3383418023586273,0,0.01,0.0,0.026317248420610853
2012-09-10,0.3383418023586273,0.3383418023586273,0.3383418023586273,0.3383418023586273,0,0.0,0.0,0.0
2012-09-11,0.3383418023586273,0.3383418023586273,0.3383418023586273,0.3383418023586273,0,0.0,0.0,0.0
2012-09-12,0.3427359163761139,0.3427359163761139,0.3427359163761139,0.3427359163761139,5200,0.0,0.0,0.012903593424873027
2012-09-13,0.3427359068931108,0.3515240252017975,0.3427359068931108,0.3515240252017975,11800,0.0,0.0,0.02531783189669061
2012-09-16,0.3471299707889557,0.3471299707889557,0.3471299707889557,0.3471299707889557,2900,0.0,0.0,-0.012578794011716082
2012-09-17,0.3515239833509989,0.3603120744228363,0.3515239833509989,0.3603120744228363,20000,0.0,0.0,0.037271263922987664
2012-09-18,0.3515240231952741,0.3954645097255707,0.3515240231952741,0.3954645097255707,39925,0.0,0.0,0.09309051864492822
2012-09-19,0.3954645097255707,0.3954645097255707,0.3954645097255707,0.3954645097255707,24100,0.0,0.0,0.0
2012-09-20,0.3954645097255707,0.3954645097255707,0.3954645097255707,0.3954645097255707,34000,0.0,0.0,0.0
2012-09-23,0.3954645097255707,0.3954645097255707,0.3954645097255707,0.3954645097255707,0,0.0,0.0,0.0
2012-09-24,0.3954645097255707,0.3954645097255707,0.3954645097255707,0.3954645097255707,0,0.0,0.0,0.0
2012-09-25,0.3954645097255707,0.3954645097255707,0.3954645097255707,0.3954645097255707,0,0.0,0.0,0.0
2012-09-26,0.4130406935467601,0.4394049942493438,0.4130406935467601,0.4394049942493438,43200,0.0,0.0,0.10536047797767763
2012-09-27,0.4394049942493438,0.4394049942493438,0.4394049942493438,0.4394049942493438,0,0.0,0.0,0.0
2012-09-30,0.4394049942493438,0.4394049942493438,0.4394049942493438,0.4394049942493438,0,0.0,0.0,0.0
2012-10-01,0.4394049942493438,0.4394049942493438,0.4394049942493438,0.4394049942493438,0,0.0,0.0,0.0
2012-10-02,0.4394049797995327,0.4394049797995327,0.3954644713433484,0.4042525887489319,49258,0.0,0.0,-0.0833816236834573
2012-10-03,0.3954645097255707,0.3954645097255707,0.3954645097255707,0.3954645097255707,6628,0.0,0.0,-0.021978854294220335
2012-10-04,0.3954644713433484,0.4042525887489319,0.3954644713433484,0.4042525887489319,23000,0.0,0.0,0.021978854294220397
2012-10-07,0.4042526279840942,0.4042526279840942,0.3954645097255707,0.3954645097255707,12000,0.0,0.0,-0.021978854294220335
2012-10-08,0.3954645097255707,0.3954645097255707,0.3954645097255707,0.3954645097255707,0,0.0,0.0,0.0
2012-10-09,0.3954645097255707,0.3954645097255707,0.3954645097255707,0.3954645097255707,0,0.0,0.0,0.0
2012-10-10,0.4042526020427583,0.4394049942493438,0.4042526020427583,0.4394049942493438,20000,0.0,0.0,0.10536047797767763
2012-10-11,0.4394049942493438,0.4394049942493438,0.4394049942493438,0.4394049942493438,2222,0.0,0.0,0.0
2012-10-14,0.4394049942493438,0.4394049942493438,0.4394049942493438,0.4394049942493438,0,0.0,0.0,0.0
2012-10-15,0.4394049942493438,0.4394049942493438,0.4394049942493438,0.4394049942493438,0,0.0,0.0,0.0
2012-10-16,0.4394049942493438,0.4394049942493438,0.4394049942493438,0.4394049942493438,0,0.0,0.0,0.0
2012-10-17,0.4394049942493438,0.4394049942493438,0.4394049942493438,0.4394049942493438,0,0.0,0.0,0.0
2012-10-18,0.4394049942493438,0.4394049942493438,0.4394049942493438,0.4394049942493438,0,0.0,0.0,0.0
2012-10-21,0.4394049942493438,0.4394049942493438,0.4394049942493438,0.4394049942493438,0,0.0,0.0,0.0
2012-10-22,0.4394049942493438,0.4394049942493438,0.4394049942493438,0.4394049942493438,0,0.0,0.0,0.0
2012-10-23,0.4394049942493438,0.4394049942493438,0.4394049942493438,0.4394049942493438,0,0.0,0.0,0.0
2012-10-24,0.4394049942493438,0.4394049942493438,0.4394049942493438,0.4394049942493438,0,0.0,0.0,0.0
2012-10-25,0.4394049942493438,0.4394049942493438,0.4394049942493438,0.4394049942493438,0,0.0,0.0,0.0
2012-10-28,0.4394049942493438,0.4394049942493438,0.4394049942493438,0.4394049942493438,0,0.0,0.0,0.0
2012-10-29,0.4130406975746155,0.4130406975746155,0.4130406975746155,0.4130406975746155,6200,0.0,0.0,-0.06187539650273961
2012-10-30,0.4130406975746155,0.4130406975746155,0.4130406975746155,0.4130406975746155,0,0.0,0.0,0.0
2012-10-31,0.3866763710975647,0.3866763710975647,0.3866763710975647,0.3866763710975647,14300,0.0,0.0,-0.06595803666557314
2012-11-01,0.3866763710975647,0.3866763710975647,0.3866763710975647,0.3866763710975647,0,0.0,0.0,0.0
2012-11-04,0.3866763710975647,0.3866763710975647,0.3866763710975647,0.3866763710975647,0,0.0,0.0,0.0
2012-11-05,0.3866763710975647,0.3866763710975647,0.3866763710975647,0.3866763710975647,0,0.0,0.0,0.0
2012-11-06,0.3866763710975647,0.3866763710975647,0.3866763710975647,0.3866763710975647,3250,0.0,0.0,0.0
2012-11-07,0.3866763710975647,0.3866763710975647,0.3866763710975647,0.3866763710975647,0,0.0,0.0,0.0
2012-11-08,0.3866763710975647,0.3866763710975647,0.3866763710975647,0.3866763710975647,0,0.0,0.0,0.0
2012-11-11,0.3866763710975647,0.3866763710975647,0.3866763710975647,0.3866763710975647,0,0.0,0.0,0.0
2012-11-12,0.3866763710975647,0.3866763710975647,0.3866763710975647,0.3866763710975647,0,0.0,0.0,0.0
2012-11-13,0.3866763710975647,0.3866763710975647,0.3866763710975647,0.3866763710975647,0,0.0,0.0,0.0
2012-11-14,0.3866763710975647,0.3866763710975647,0.3866763710975647,0.3866763710975647,0,0.0,0.0,0.0
2012-11-15,0.3910704851150512,0.3910704851150512,0.3910704851150512,0.3910704851150512,19500,0.0,0.0,0.011299719791864627
2012-11-18,0.3910704166024452,0.3910704166024452,0.3866763710975647,0.3866763710975647,30000,0.0,0.0,-0.011299719791864598
2012-11-19,0.3866764748489146,0.3954645682166587,0.3778883814811706,0.3778883814811706,57800,0.0,0.0,-0.02298922785655386
2012-11-20,0.3778883814811706,0.3778883814811706,0.3778883814811706,0.3778883814811706,5870,0.0,0.0,0.0
2012-11-21,0.3691002094380101,0.3691002094380101,0.3515240252017975,0.3515240252017975,33422,0.0,0.0,-0.07232080550901082
2012-11-22,0.3559180712608506,0.3559180712608506,0.3515240252017975,0.3515240252017975,9000,0.0,0.0,0.0
2012-11-25,0.3515240252017975,0.3515240252017975,0.3515240252017975,0.3515240252017975,0,0.0,0.0,0.0
2012-11-26,0.3515240252017975,0.3515240252017975,0.3515240252017975,0.3515240252017975,0,0.0,0.0,0.0
2012-11-27,0.3515240252017975,0.3515240252017975,0.3515240252017975,0.3515240252017975,0,0.0,0.0,0.0
2012-11-28,0.3515240252017975,0.3515240252017975,0.3515240252017975,0.3515240252017975,0,0.0,0.0,0.0
2012-11-29,0.3515240252017975,0.3515240252017975,0.3515240252017975,0.3515240252017975,0,0.0,0.0,0.0
2012-12-02,0.3515240252017975,0.3515240252017975,0.3515240252017975,0.3515240252017975,0,0.0,0.0,0.0
2012-12-03,0.3998586410911148,0.3998586410911148,0.3647062152389705,0.3778883814811706,33326,0.0,0.0,0.07232080550901084
2012-12-04,0.3778883814811706,0.3778883814811706,0.3778883814811706,0.3778883814811706,0,0.0,0.0,0.0
2012-12-05,0.3778883814811706,0.3778883814811706,0.3778883814811706,0.3778883814811706,0,0.0,0.0,0.0
2012-12-06,0.3954644713433484,0.4042525887489319,0.3954644713433484,0.4042525887489319,17166,0.0,0.0,0.06744103734140934
2012-12-09,0.4042525887489319,0.4042525887489319,0.4042525887489319,0.4042525887489319,0,0.0,0.0,0.0
2012-12-10,0.3998585939407348,0.3998585939407348,0.3998585939407348,0.3998585939407348,430,0.0,0.0,-0.010928932809722017
2012-12-11,0.3998585939407348,0.3998585939407348,0.3998585939407348,0.3998585939407348,0,0.0,0.0,0.0
2012-12-12,0.3998585939407348,0.4042526401064714,0.3998585939407348,0.3998585939407348,15686,0.0,0.0,0.0
2012-12-13,0.3998585939407348,0.3998585939407348,0.3998585939407348,0.3998585939407348,8833,0.0,0.0,0.0
2012-12-16,0.3822823282930069,0.3822823282930069,0.3603120744228363,0.3603120744228363,10367,0.0,0.0,-0.10414044012942648
2012-12-17,0.3603121126360672,0.3647061586380005,0.3471299746302675,0.3647061586380005,21480,0.0,0.0,0.012121455203305693
2012-12-18,0.3647061586380005,0.3647061586380005,0.3647061586380005,0.3647061586380005,0,0.0,0.0,0.0
2012-12-19,0.3647061586380005,0.3647061586380005,0.3647061586380005,0.3647061586380005,0,0.0,0.0,0.0
2012-12-20,0.3647061586380005,0.3647061586380005,0.3647061586380005,0.3647061586380005,0,0.0,0.0,0.0
2012-12-23,0.3647061586380005,0.3647061586380005,0.3647061586380005,0.3647061586380005,0,0.0,0.0,0.0
2012-12-26,0.3647061586380005,0.3647061586380005,0.3647061586380005,0.3647061586380005,0,0.0,0.0,0.0
2012-12-27,0.3647061586380005,0.3647061586380005,0.3647061586380005,0.3647061586380005,0,0.0,0.0,0.0
2012-12-30,0.3647061586380005,0.3647061586380005,0.3647061586380005,0.3647061586380005,0,0.0,0.0,0.0
2013-01-01,0.3647061586380005,0.3647061586380005,0.3647061586380005,0.3647061586380005,0,0.0,0.0,0.0
2013-01-02,0.3647061586380005,0.3647061586380005,0.3647061586380005,0.3647061586380005,10000,0.0,0.0,0.0
2013-01-03,0.3427359163761139,0.3427359163761139,0.3427359163761139,0.3427359163761139,37100,0.0,0.0,-0.06213175701126785
2013-01-06,0.3471299707889557,0.3471299707889557,0.3471299707889557,0.3471299707889557,25000,0.0,0.0,0.012739037884974394
2013-01-07,0.3471299707889557,0.3471299707889557,0.3471299707889557,0.3471299707889557,10000,0.0,0.0,0.0
2013-01-08,0.3515240252017975,0.3515240252017975,0.3515240252017975,0.3515240252017975,9500,0.0,0.0,0.012578794011716011
2013-01-09,0.3515240252017975,0.3515240252017975,0.3515240252017975,0.3515240252017975,0,0.0,0.0,0.0
2013-01-10,0.3691002428531647,0.3691002428531647,0.3691002428531647,0.3691002428531647,10750,0.0,0.0,0.04879020857817462
2013-01-13,0.3691002428531647,0.3691002428531647,0.3691002428531647,0.3691002428531647,0,0.0,0.0,0.0
2013-01-14,0.3691002428531647,0.3691002428531647,0.3691002428531647,0.3691002428531647,0,0.0,0.0,0.0
2013-01-15,0.3734942972660064,0.3734942972660064,0.3734942972660064,0.3734942972660064,4000,0.0,0.0,0.011834468096118355
2013-01-16,0.3734942972660064,0.3734942972660064,0.3734942972660064,0.3734942972660064,0,0.0,0.0,0.0
2013-01-17,0.3734942972660064,0.3734942972660064,0.3734942972660064,0.3734942972660064,0,0.0,0.0,0.0
2013-01-20,0.3734942972660064,0.3734942972660064,0.3734942972660064,0.3734942972660064,0,0.0,0.0,0.0
2013-01-21,0.3734942972660064,0.3734942972660064,0.3734942972660064,0.3734942972660064,0,0.0,0.0,0.0
2013-01-22,0.3691002428531647,0.3691002428531647,0.3691002428531647,0.3691002428531647,5000,0.0,0.0,-0.011834468096118307
2013-01-23,0.3691002428531647,0.3691002428531647,0.3691002428531647,0.3691002428531647,0,0.0,0.0,0.0
2013-01-24,0.3691002428531647,0.3691002428531647,0.3691002428531647,0.3691002428531647,0,0.0,0.0,0.0
2013-01-28,0.3691002428531647,0.3691002428531647,0.3691002428531647,0.3691002428531647,0,0.0,0.0,0.0
2013-01-29,0.3691002428531647,0.3691002428531647,0.3691002428531647,0.3691002428531647,0,0.0,0.0,0.0
2013-01-30,0.3778883814811706,0.3778883814811706,0.3778883814811706,0.3778883814811706,18000,0.0,0.0,0.023530596930836156
2013-01-31,0.3778883814811706,0.3778883814811706,0.3778883814811706,0.3778883814811706,0,0.0,0.0,0.0
2013-02-03,0.3778883255896841,0.3954645097255707,0.3778883255896841,0.3954645097255707,9000,0.0,0.0,0.04546218304718902
2013-02-04,0.3954645097255707,0.3954645097255707,0.3954645097255707,0.3954645097255707,0,0.0,0.0,0.0
2013-02-05,0.399858543141429,0.4042525887489319,0.399858543141429,0.4042525887489319,7550,0.0,0.0,0.021978854294220397
2013-02-06,0.408646668477124,0.4218288064002991,0.408646668477124,0.4218288064002991,55000,0.0,0.0,0.0425596574233138
2013-02-07,0.4218288064002991,0.4218288064002991,0.4218288064002991,0.4218288064002991,0,0.0,0.0,0.0
2013-02-10,0.4218288064002991,0.4218288064002991,0.4218288064002991,0.4218288064002991,0,0.0,0.0,0.0
2013-02-11,0.4174347519874573,0.4174347519874573,0.4174347519874573,0.4174347519874573,325,0.0,0.0,-0.010471310278915338
2013-02-12,0.4174347519874573,0.4174347519874573,0.4174347519874573,0.4174347519874573,0,0.0,0.0,0.0
2013-02-13,0.4174347519874573,0.4174347519874573,0.4174347519874573,0.4174347519874573,0,0.0,0.0,0.0
2013-02-14,0.4174347519874573,0.4174347519874573,0.4174347519874573,0.4174347519874573,0,0.0,0.0,0.0
2013-02-17,0.4174347519874573,0.4174347519874573,0.4174347519874573,0.4174347519874573,2200,0.0,0.0,0.0
2013-02-18,0.4174347519874573,0.4174347519874573,0.4174347519874573,0.4174347519874573,0,0.0,0.0,0.0
2013-02-19,0.4174347519874573,0.4174347519874573,0.4174347519874573,0.4174347519874573,0,0.0,0.0,0.0
2013-02-20,0.4086467623710632,0.4086467623710632,0.4086467623710632,0.4086467623710632,2500,0.0,0.0,-0.02127712822499955
2013-02-21,0.4174347519874573,0.4174347519874573,0.4174347519874573,0.4174347519874573,2980,0.0,0.0,0.021277128224999456
2013-02-24,0.4218287850507618,0.4394049942493438,0.4218287850507618,0.4394049942493438,126527,0.0,0.0,0.051293276539058914
2013-02-25,0.4394049942493438,0.4394049942493438,0.4394049942493438,0.4394049942493438,0,0.0,0.0,0.0
2013-02-26,0.4569811522960663,0.4569811522960663,0.4569811522960663,0.4569811522960663,10000,0.0,0.0,0.039220621851377147
2013-02-27,0.4569811522960663,0.4569811522960663,0.4569811522960663,0.4569811522960663,0,0.0,0.0,0.0
2013-02-28,0.4657693747564302,0.509709894657135,0.4657693747564302,0.509709894657135,140000,0.0,0.0,0.10919958206214683
2013-03-03,0.5275944111182251,0.5275944111182251,0.5186521410942078,0.5186521410942078,336724,0.01,0.0,0.0173916802103241
2013-03-04,0.5186521044446187,0.5186521044446187,0.5097098350524902,0.5097098350524902,68000,0.0,0.0,-0.01739179714870191
2013-03-05,0.5097098350524902,0.5097098350524902,0.5097098350524902,0.5097098350524902,0,0.0,0.0,0.0
2013-03-06,0.5097098350524902,0.5097098350524902,0.5097098350524902,0.5097098350524902,0,0.0,0.0,0.0
2013-03-07,0.5097098350524902,0.5097098350524902,0.5097098350524902,0.5097098350524902,0,0.0,0.0,0.0
2013-03-10,0.4649983936674205,0.4918252527713775,0.4649983936674205,0.4918252527713775,7000,0.0,0.0,-0.03571813681896822
2013-03-11,0.4918252527713775,0.4918252527713775,0.4918252527713775,0.4918252527713775,0,0.0,0.0,0.0
2013-03-12,0.4918252527713775,0.4918252527713775,0.4918252527713775,0.4918252527713775,0,0.0,0.0,0.0
2013-03-13,0.4649983189354443,0.487354040145874,0.4515849181892565,0.487354040145874,43071,0.0,0.0,-0.009132635329614494
2013-03-14,0.487354040145874,0.487354040145874,0.487354040145874,0.487354040145874,0,0.0,0.0,0.0
2013-03-17,0.487354040145874,0.487354040145874,0.487354040145874,0.487354040145874,0,0.0,0.0,0.0
2013-03-18,0.487354040145874,0.487354040145874,0.487354040145874,0.487354040145874,0,0.0,0.0,0.0
2013-03-19,0.487354040145874,0.487354040145874,0.487354040145874,0.487354040145874,0,0.0,0.0,0.0
2013-03-20,0.473940759897232,0.473940759897232,0.473940759897232,0.473940759897232,5000,0.0,0.0,-0.027908506013579307
2013-03-21,0.473940759897232,0.473940759897232,0.473940759897232,0.473940759897232,0,0.0,0.0,0.0
2013-03-24,0.473940759897232,0.473940759897232,0.473940759897232,0.473940759897232,0,0.0,0.0,0.0
2013-03-25,0.473940759897232,0.473940759897232,0.473940759897232,0.473940759897232,0,0.0,0.0,0.0
2013-03-26,0.473940759897232,0.473940759897232,0.473940759897232,0.473940759897232,0,0.0,0.0,0.0
2013-03-27,0.473940759897232,0.473940759897232,0.473940759897232,0.473940759897232,0,0.0,0.0,0.0
2013-04-01,0.473940759897232,0.473940759897232,0.473940759897232,0.473940759897232,0,0.0,0.0,0.0
2013-04-02,0.4649983680481035,0.4784118235111236,0.4649983680481035,0.4784118235111236,5000,0.0,0.0,0.009389582263411826
2013-04-03,0.4784118235111236,0.4784118235111236,0.4784118235111236,0.4784118235111236,0,0.0,0.0,0.0
2013-04-04,0.4784118235111236,0.4784118235111236,0.4784118235111236,0.4784118235111236,0,0.0,0.0,0.0
2013-04-07,0.4784118235111236,0.4784118235111236,0.4784118235111236,0.4784118235111236,0,0.0,0.0,0.0
2013-04-08,0.4784118235111236,0.4784118235111236,0.4784118235111236,0.4784118235111236,0,0.0,0.0,0.0
2013-04-09,0.4784118235111236,0.4784118235111236,0.4784118235111236,0.4784118235111236,0,0.0,0.0,0.0
2013-04-10,0.4158160090446472,0.4158160090446472,0.4158160090446472,0.4158160090446472,1000,0.0,0.0,-0.1402290405545676
2013-04-11,0.4158158709130161,0.4158158709130161,0.4113447368144989,0.4113447368144989,22000,0.0,0.0,-0.01081123784876385
2013-04-14,0.4113447368144989,0.4113447368144989,0.4113447368144989,0.4113447368144989,15000,0.0,0.0,0.0
2013-04-15,0.4113447368144989,0.4113447368144989,0.4113447368144989,0.4113447368144989,0,0.0,0.0,0.0
2013-04-16,0.4113447368144989,0.4113447368144989,0.4113447368144989,0.4113447368144989,0,0.0,0.0,0.0
2013-04-17,0.3755756107262389,0.4113447368144989,0.3755756107262389,0.4113447368144989,20300,0.0,0.0,0.0
2013-04-18,0.4113447368144989,0.4113447368144989,0.4113447368144989,0.4113447368144989,1730,0.0,0.0,0.0
2013-04-21,0.4113447368144989,0.4113447368144989,0.4113447368144989,0.4113447368144989,970,0.0,0.0,0.0
2013-04-22,0.4113447368144989,0.4113447368144989,0.4113447368144989,0.4113447368144989,0,0.0,0.0,0.0
2013-04-23,0.4113447368144989,0.4113447368144989,0.4113447368144989,0.4113447368144989,0,0.0,0.0,0.0
2013-04-25,0.4113447368144989,0.4113447368144989,0.4113447368144989,0.4113447368144989,0,0.0,0.0,0.0
2013-04-28,0.4113447368144989,0.4113447368144989,0.4113447368144989,0.4113447368144989,0,0.0,0.0,0.0
2013-04-29,0.4113447368144989,0.4113447368144989,0.4113447368144989,0.4113447368144989,0,0.0,0.0,0.0
2013-04-30,0.4113447368144989,0.4113447368144989,0.4113447368144989,0.4113447368144989,0,0.0,0.0,0.0
2013-05-01,0.4113447368144989,0.4113447368144989,0.4113447368144989,0.4113447368144989,0,0.0,0.0,0.0
2013-05-02,0.4113447368144989,0.4113447368144989,0.4113447368144989,0.4113447368144989,0,0.0,0.0,0.0
2013-05-05,0.4113447368144989,0.4113447368144989,0.4113447368144989,0.4113447368144989,0,0.0,0.0,0.0
2013-05-06,0.4113447368144989,0.4113447368144989,0.4113447368144989,0.4113447368144989,0,0.0,0.0,0.0
2013-05-07,0.3934601668334143,0.4694694984682355,0.3934601668334143,0.4649983644485473,311220,0.0,0.0,0.12260224964136648
2013-05-08,0.4784119710540437,0.5097099190864697,0.4784119710540437,0.5007676482200623,366660,0.0,0.0,0.07410832923343132
2013-05-09,0.5007676482200623,0.5007676482200623,0.5007676482200623,0.5007676482200623,10000,0.0,0.0,0.0
2013-05-12,0.5007676482200623,0.5007676482200623,0.5007676482200623,0.5007676482200623,0,0.0,0.0,0.0
2013-05-13,0.473940759897232,0.473940759897232,0.473940759897232,0.473940759897232,1000,0.0,0.0,-0.05505988273487802
2013-05-14,0.4739405313254426,0.4739405313254426,0.4694693982601166,0.4694693982601166,53000,0.0,0.0,-0.009479217665396998
2013-05-15,0.469469452517507,0.487354040145874,0.469469452517507,0.487354040145874,37000,0.0,0.0,0.037387723678976394
2013-05-16,0.4649983936674205,0.4918252527713775,0.4649983936674205,0.4918252527713775,28200,0.0,0.0,0.009132635329614364
2013-05-19,0.4873541184707389,0.4918252527713775,0.4873541184707389,0.4918252527713775,50000,0.0,0.0,0.0
2013-05-20,0.4649983644485473,0.4649983644485473,0.4605272304288592,0.4649983644485473,27391,0.0,0.0,-0.05608958784174712
2013-05-21,0.4649983644485473,0.4649983644485473,0.4649983644485473,0.4649983644485473,0,0.0,0.0,0.0
2013-05-22,0.4649984656295598,0.4918253288851832,0.4605273306369781,0.4605273306369781,1041853,0.0,0.0,-0.009661684414560251
2013-05-23,0.4605273306369781,0.4605273306369781,0.4605273306369781,0.4605273306369781,0,0.0,0.0,0.0
2013-05-26,0.4605273306369781,0.4605273306369781,0.4605273306369781,0.4605273306369781,0,0.0,0.0,0.0
2013-05-27,0.4560560334124572,0.4828828871250152,0.4560560334124572,0.4828828871250152,1039347,0.0,0.0,0.047401950679913686
2013-05-28,0.4828828871250152,0.4828828871250152,0.4828828871250152,0.4828828871250152,0,0.0,0.0,0.0
2013-05-29,0.4649983644485473,0.4649983644485473,0.4649983644485473,0.4649983644485473,48000,0.0,0.0,-0.03774026626535345
2013-05-30,0.4649983644485473,0.4649983644485473,0.4649983644485473,0.4649983644485473,0,0.0,0.0,0.0
2013-06-02,0.4471138417720794,0.4471138417720794,0.4471138417720794,0.4471138417720794,45000,0.0,0.0,-0.03922064649839253
2013-06-03,0.4471138417720794,0.4471138417720794,0.4471138417720794,0.4471138417720794,0,0.0,0.0,0.0
2013-06-04,0.4471138417720794,0.4471138417720794,0.4471138417720794,0.4471138417720794,2301,0.0,0.0,0.0
2013-06-05,0.4471138417720794,0.4471138417720794,0.4471138417720794,0.4471138417720794,0,0.0,0.0,0.0
2013-06-06,0.4471138417720794,0.4471138417720794,0.4471138417720794,0.4471138417720794,0,0.0,0.0,0.0
2013-06-10,0.4471139553203591,0.4471139553203591,0.4381716847419739,0.4381716847419739,12317,0.0,0.0,-0.020202433896491578
2013-06-11,0.4381716847419739,0.4381716847419739,0.4381716847419739,0.4381716847419739,0,0.0,0.0,0.0
2013-06-12,0.4381716847419739,0.4381716847419739,0.4381716847419739,0.4381716847419739,0,0.0,0.0,0.0
2013-06-13,0.4113448463567495,0.4381716847419739,0.4113448463567495,0.4381716847419739,10500,0.0,0.0,0.0
2013-06-16,0.4158158709130161,0.4158158709130161,0.4113447368144989,0.4113447368144989,6500,0.0,0.0,-0.06317916924648227
2013-06-17,0.4113447368144989,0.4113447368144989,0.4113447368144989,0.4113447368144989,0,0.0,0.0,0.0
2013-06-18,0.4113447368144989,0.4113447368144989,0.4113447368144989,0.4113447368144989,400,0.0,0.0,0.0
2013-06-19,0.4113447368144989,0.4113447368144989,0.4113447368144989,0.4113447368144989,0,0.0,0.0,0.0
2013-06-20,0.3800468146800995,0.3800468146800995,0.3800468146800995,0.3800468146800995,22447,0.0,0.0,-0.07913719696591187
2013-06-23,0.3845179975032806,0.3845179975032806,0.3800468623358117,0.3845179975032806,81100,0.0,0.0,0.011696153742114046
2013-06-24,0.3800468531712813,0.3800468531712813,0.3755756914615631,0.3755756914615631,14953,0.0,0.0,-0.0235305693797409
2013-06-25,0.3666333258152008,0.3666333258152008,0.3666333258152008,0.3666333258152008,1200,0.0,0.0,-0.024097789632214175
2013-06-26,0.3666333842095928,0.3800468146800995,0.3666333842095928,0.3800468146800995,14913,0.0,0.0,0.03593220526984115
2013-06-27,0.3800468042568204,0.3800468042568204,0.3711045086383819,0.3711045086383819,35851,0.0,0.0,-0.023810724276857376
2013-06-30,0.3711045086383819,0.3711045086383819,0.3711045086383819,0.3711045086383819,0,0.0,0.0,0.0
2013-07-01,0.3666333366231566,0.3666333366231566,0.3621622025966644,0.3621622025966644,7300,0.0,0.0,-0.024391532439804662
2013-07-02,0.3621622025966644,0.3621622025966644,0.3621622025966644,0.3621622025966644,0,0.0,0.0,0.0
2013-07-03,0.3621622437145707,0.3621622437145707,0.3576911091804504,0.3576911091804504,13855,0.0,0.0,-0.012422394506337186
2013-07-04,0.3576911091804504,0.3576911091804504,0.3576911091804504,0.3576911091804504,0,0.0,0.0,0.0
2013-07-07,0.3576911091804504,0.3576911091804504,0.3576911091804504,0.3576911091804504,0,0.0,0.0,0.0
2013-07-08,0.3621622025966644,0.3621622025966644,0.3621622025966644,0.3621622025966644,2000,0.0,0.0,0.012422394506337168
2013-07-09,0.3621622025966644,0.3621622025966644,0.3621622025966644,0.3621622025966644,0,0.0,0.0,0.0
2013-07-10,0.3621622025966644,0.3621622025966644,0.3621622025966644,0.3621622025966644,0,0.0,0.0,0.0
2013-07-11,0.3621622025966644,0.3621622025966644,0.3621622025966644,0.3621622025966644,0,0.0,0.0,0.0
2013-07-14,0.3666333258152008,0.3666333258152008,0.3666333258152008,0.3666333258152008,1000,0.0,0.0,0.012270051446820899
2013-07-15,0.3666333258152008,0.3666333258152008,0.3666333258152008,0.3666333258152008,10000,0.0,0.0,0.0
2013-07-16,0.3666333258152008,0.3666333258152008,0.3666333258152008,0.3666333258152008,0,0.0,0.0,0.0
2013-07-17,0.3666333258152008,0.3666333258152008,0.3666333258152008,0.3666333258152008,0,0.0,0.0,0.0
2013-07-18,0.3666333258152008,0.3666333258152008,0.3666333258152008,0.3666333258152008,0,0.0,0.0,0.0
2013-07-21,0.3845179975032806,0.3845179975032806,0.3845179975032806,0.3845179975032806,3615,0.0,0.0,0.04762835901195509
2013-07-22,0.4024024469348468,0.4471138417720794,0.4024024469348468,0.4471138417720794,22310,0.0,0.0,0.1508226463667717
2013-07-23,0.4471138417720794,0.4471138417720794,0.4471138417720794,0.4471138417720794,0,0.0,0.0,0.0
2013-07-24,0.4381716847419739,0.4381716847419739,0.4381716847419739,0.4381716847419739,12000,0.0,0.0,-0.020202433896491578
2013-07-25,0.4247581660747528,0.4247581660747528,0.4247581660747528,0.4247581660747528,5000,0.0,0.0,-0.031090821901388403
2013-07-28,0.4158158709130161,0.4158158709130161,0.4113447368144989,0.4113447368144989,43000,0.0,0.0,-0.03208834734509386
2013-07-29,0.4113447368144989,0.4113447368144989,0.4113447368144989,0.4113447368144989,0,0.0,0.0,0.0
2013-07-30,0.4113447368144989,0.4113447368144989,0.4113447368144989,0.4113447368144989,0,0.0,0.0,0.0
2013-07-31,0.4113447368144989,0.4113447368144989,0.4113447368144989,0.4113447368144989,0,0.0,0.0,0.0
2013-08-01,0.4024024641522168,0.4024024641522168,0.3889890611171722,0.3889890611171722,14689,0.0,0.0,-0.05588041592320339
2013-08-04,0.3889890611171722,0.3889890611171722,0.3889890611171722,0.3889890611171722,0,0.0,0.0,0.0
2013-08-05,0.3889890611171722,0.3889890611171722,0.3889890611171722,0.3889890611171722,0,0.0,0.0,0.0
2013-08-06,0.3889890611171722,0.3889890611171722,0.3889890611171722,0.3889890611171722,0,0.0,0.0,0.0
2013-08-07,0.3889890611171722,0.3889890611171722,0.3889890611171722,0.3889890611171722,0,0.0,0.0,0.0
2013-08-08,0.3889890611171722,0.3889890611171722,0.3889890611171722,0.3889890611171722,0,0.0,0.0,0.0
2013-08-11,0.3889890611171722,0.3889890611171722,0.3889890611171722,0.3889890611171722,0,0.0,0.0,0.0
2013-08-12,0.3889890576592962,0.4024024605751037,0.3889890576592962,0.4024024605751037,16300,0.0,0.0,0.03390151081444946
2013-08-13,0.4024024605751037,0.4024024605751037,0.4024024605751037,0.4024024605751037,0,0.0,0.0,0.0
2013-08-14,0.4024024605751037,0.4024024605751037,0.4024024605751037,0.4024024605751037,1000,0.0,0.0,0.0
2013-08-15,0.4024024605751037,0.4024024605751037,0.4024024605751037,0.4024024605751037,0,0.0,0.0,0.0
2013-08-18,0.4024024605751037,0.4024024605751037,0.4024024605751037,0.4024024605751037,0,0.0,0.0,0.0
2013-08-19,0.4024024605751037,0.4024024605751037,0.4024024605751037,0.4024024605751037,4000,0.0,0.0,0.0
2013-08-20,0.4024024605751037,0.4024024605751037,0.4024024605751037,0.4024024605751037,0,0.0,0.0,0.0
2013-08-21,0.4113447522290244,0.4292292892932892,0.4113447522290244,0.4292292892932892,10000,0.0,0.0,0.06453851650875986
2013-08-22,0.4292292892932892,0.4292292892932892,0.4292292892932892,0.4292292892932892,0,0.0,0.0,0.0
2013-08-25,0.4292292892932892,0.4292292892932892,0.4292292892932892,0.4292292892932892,0,0.0,0.0,0.0
2013-08-26,0.4292292892932892,0.4292292892932892,0.4292292892932892,0.4292292892932892,0,0.0,0.0,0.0
2013-08-27,0.4292292892932892,0.4292292892932892,0.4292292892932892,0.4292292892932892,0,0.0,0.0,0.0
2013-08-28,0.4113447558357047,0.4113447558357047,0.4024024605751037,0.4024024605751037,30000,0.0,0.0,-0.06453851650875972
2013-08-29,0.3934601919645654,0.4113447558357047,0.3889890576592962,0.4024024605751037,40000,0.0,0.0,0.0
2013-09-01,0.4158158788698199,0.420287013053894,0.4158158788698199,0.420287013053894,24500,0.0,0.0,0.04348510878820751
2013-09-02,0.420287013053894,0.420287013053894,0.420287013053894,0.420287013053894,0,0.0,0.0,0.0
2013-09-03,0.420287013053894,0.420287013053894,0.420287013053894,0.420287013053894,0,0.0,0.0,0.0
2013-09-04,0.3934601919645654,0.4024024605751037,0.3934601919645654,0.4024024605751037,46250,0.0,0.0,-0.043485108788207535
2013-09-05,0.4024024605751037,0.4024024605751037,0.4024024605751037,0.4024024605751037,0,0.0,0.0,0.0
2013-09-08,0.4206934571266174,0.4206934571266174,0.4206934571266174,0.4206934571266174,26500,0.01,0.0,0.044451704610061635
2013-09-09,0.3978297455845749,0.3978297455845749,0.374965961776867,0.3886842429637909,84400,0.0,0.0,-0.07913713887254988
2013-09-10,0.3886841852947317,0.3886841852947317,0.3749659061431885,0.3749659061431885,14500,0.0,0.0,-0.03593219436789315
2013-09-11,0.3932570517063141,0.3932570517063141,0.3932570517063141,0.3932570517063141,80000,0.0,0.0,0.04762836875792066
2013-09-12,0.3932570549150215,0.3932570549150215,0.3841115236282348,0.3841115236282348,26200,0.0,0.0,-0.023530537106216384
2013-09-15,0.3841115236282348,0.3841115236282348,0.3841115236282348,0.3841115236282348,800,0.0,0.0,0.0
2013-09-16,0.3932570517063141,0.3932570517063141,0.3932570517063141,0.3932570517063141,42093,0.0,0.0,0.023530537106216273
2013-09-17,0.3932570517063141,0.3932570517063141,0.3932570517063141,0.3932570517063141,0,0.0,0.0,0.0
2013-09-18,0.3932570517063141,0.3932570517063141,0.3932570517063141,0.3932570517063141,281000,0.0,0.0,0.0
2013-09-19,0.3978296816349029,0.3978296816349029,0.3932569310595639,0.3978296816349029,348293,0.0,0.0,0.011560504459538098
2013-09-22,0.3978296816349029,0.3978296816349029,0.3978296816349029,0.3978296816349029,0,0.0,0.0,0.0
2013-09-23,0.3978296816349029,0.3978296816349029,0.3978296816349029,0.3978296816349029,0,0.0,0.0,0.0
2013-09-24,0.3978296816349029,0.3978296816349029,0.3978296816349029,0.3978296816349029,5000,0.0,0.0,0.0
2013-09-25,0.3978296816349029,0.3978296816349029,0.3978296816349029,0.3978296816349029,0,0.0,0.0,0.0
2013-09-26,0.4024024277712886,0.4206934571266174,0.4024024277712886,0.4206934571266174,45000,0.0,0.0,0.05588046002298399
2013-09-29,0.4206934571266174,0.4206934571266174,0.4206934571266174,0.4206934571266174,0,0.0,0.0,0.0
2013-09-30,0.4206934571266174,0.4206934571266174,0.4206934571266174,0.4206934571266174,0,0.0,0.0,0.0
2013-10-01,0.4115479288210815,0.4206934571266174,0.4115479288210815,0.4206934571266174,13500,0.0,0.0,0.0
2013-10-02,0.4206934571266174,0.4206934571266174,0.4206934571266174,0.4206934571266174,36500,0.0,0.0,0.0
2013-10-03,0.4206934571266174,0.4206934571266174,0.4206934571266174,0.4206934571266174,0,0.0,0.0,0.0
2013-10-06,0.4206934571266174,0.4206934571266174,0.4206934571266174,0.4206934571266174,0,0.0,0.0,0.0
2013-10-07,0.4206934571266174,0.4206934571266174,0.4206934571266174,0.4206934571266174,0,0.0,0.0,0.0
2013-10-08,0.4206934571266174,0.4206934571266174,0.4206934571266174,0.4206934571266174,0,0.0,0.0,0.0
2013-10-09,0.4206934571266174,0.4206934571266174,0.4206934571266174,0.4206934571266174,0,0.0,0.0,0.0
2013-10-10,0.4206934571266174,0.4206934571266174,0.4206934571266174,0.4206934571266174,0,0.0,0.0,0.0
2013-10-13,0.4161207675933838,0.4161207675933838,0.4161207675933838,0.4161207675933838,19524,0.0,0.0,-0.010928913280872317
2013-10-14,0.4161207405238492,0.4206934914215158,0.4024024605751037,0.4024024605751037,21090,0.0,0.0,-0.03352279132918942
2013-10-15,0.4024024605751037,0.4024024605751037,0.4024024605751037,0.4024024605751037,3900,0.0,0.0,0.0
2013-10-16,0.4024024605751037,0.4024024605751037,0.4024024605751037,0.4024024605751037,0,0.0,0.0,0.0
2013-10-17,0.4024024605751037,0.4024024605751037,0.4024024605751037,0.4024024605751037,20000,0.0,0.0,0.0
2013-10-20,0.429838952743923,0.4481299818680819,0.429838952743923,0.4389844536781311,37787,0.0,0.0,0.08701126589814696
2013-10-21,0.4435573005686336,0.5030031204223633,0.4435573005686336,0.5030031204223633,311804,0.0,0.0,0.1361323742892403
2013-10-22,0.5030031910394643,0.6036038401496575,0.5030031910394643,0.594458281993866,121863,0.0,0.0,0.1670541666999384
2013-10-23,0.5944582269103159,0.6218947898123671,0.5853127241134644,0.5853127241134644,34322,0.0,0.0,-0.015504264869688497
2013-10-24,0.5853127241134644,0.5853127241134644,0.5853127241134644,0.5853127241134644,9734,0.0,0.0,0.0
2013-10-27,0.5853127241134644,0.5853127241134644,0.5853127241134644,0.5853127241134644,0,0.0,0.0,0.0
2013-10-28,0.5670215490163667,0.5670215490163667,0.5395849943161011,0.5395849943161011,12380,0.0,0.0,-0.0813459604895129
2013-10-29,0.5395852544196377,0.5395852544196377,0.4938577320623428,0.5075759887695312,20026,0.0,0.0,-0.061153883771353244
2013-10-30,0.5030030960831248,0.5030030960831248,0.4892848432064056,0.4892848432064056,8174,0.0,0.0,-0.03670160994151771
2013-10-31,0.5030031749509922,0.5121486783027649,0.5030031749509922,0.5121486783027649,11000,0.0,0.0,0.04567014886400957
2013-11-03,0.5167213082313538,0.5167213082313538,0.5167213082313538,0.5167213082313538,7000,0.0,0.0,0.008888703324988884
2013-11-04,0.5258669853210449,0.5258669853210449,0.5258669853210449,0.5258669853210449,3000,0.0,0.0,0.017544627620132706
2013-11-05,0.5395851057527977,0.5715944170951843,0.5395851057527977,0.5715944170951843,18174,0.0,0.0,0.08338137771424932
2013-11-06,0.5715944170951843,0.5715944170951843,0.5715944170951843,0.5715944170951843,0,0.0,0.0,0.0
2013-11-07,0.5715944170951843,0.5715944170951843,0.5715944170951843,0.5715944170951843,0,0.0,0.0,0.0
2013-11-10,0.5853128358809709,0.6036038994789124,0.5853128358809709,0.6036038994789124,48220,0.0,0.0,0.05448850838739854
2013-11-11,0.5944582902368892,0.5944582902368892,0.5807400345802307,0.5807400345802307,3790,0.0,0.0,-0.03861497530796397
2013-11-12,0.5761671662330627,0.5761671662330627,0.5715944152718075,0.5761671662330627,25500,0.0,0.0,-0.007905374189084971
2013-11-13,0.5761671662330627,0.5761671662330627,0.5761671662330627,0.5761671662330627,0,0.0,0.0,0.0
2013-11-14,0.5761671662330627,0.5761671662330627,0.5761671662330627,0.5761671662330627,0,0.0,0.0,0.0
2013-11-17,0.5715946129324192,0.5715946129324192,0.5487308502197266,0.5487308502197266,3200,0.0,0.0,-0.04878977105851054
2013-11-18,0.5578762135850276,0.5898854732513428,0.5578762135850276,0.5898854732513428,109500,0.0,0.0,0.07232033823748417
2013-11-19,0.594458281993866,0.6036038401496575,0.5670217710609959,0.594458281993866,62640,0.0,0.0,0.007722135479368746
2013-11-20,0.5807400836093624,0.6036038994789124,0.5807400836093624,0.6036038994789124,47115,0.0,0.0,0.015267646838706626
2013-11-21,0.6218947089801027,0.6584767699241638,0.6218947089801027,0.6584767699241638,66850,0.0,0.0,0.08701105605875642
2013-11-24,0.6310402105882456,0.6584767699241638,0.6310402105882456,0.6584767699241638,109435,0.0,0.0,0.0
2013-11-25,0.6767678260803223,0.6767678260803223,0.6767678260803223,0.6767678260803223,47665,0.0,0.0,0.027399025563749745
2013-11-26,0.6767677731404497,0.6767677731404497,0.6493312138045314,0.6584767699241638,68674,0.0,0.0,-0.0273990255637497
2013-11-27,0.6584767699241638,0.6584767699241638,0.6584767699241638,0.6584767699241638,25000,0.0,0.0,0.0
2013-11-28,0.6676223278045654,0.6676223278045654,0.6676223278045654,0.6676223278045654,30401,0.0,0.0,0.013793392811536036
2013-12-01,0.6767677632765867,0.6859132647514343,0.6767677632765867,0.6859132647514343,20700,0.0,0.0,0.027028547397330443
2013-12-02,0.6904860092153163,0.704204261302948,0.6904860092153163,0.704204261302948,11500,0.0,0.0,0.02631727446092181
2013-12-03,0.6767678312823896,0.6767678312823896,0.6539040207862854,0.6539040207862854,14900,0.0,0.0,-0.07410787449088374
2013-12-04,0.6539040207862854,0.6539040207862854,0.6539040207862854,0.6539040207862854,0,0.0,0.0,0.0
2013-12-05,0.6401857733726501,0.6401857733726501,0.6401857733726501,0.6401857733726501,25200,0.0,0.0,-0.021202178351753375
2013-12-08,0.6127492207064389,0.6127492207064389,0.6081764698028564,0.6081764698028564,4165,0.0,0.0,-0.051293318888927596
2013-12-09,0.6127491494637489,0.6493311524391174,0.6127491494637489,0.6493311524391174,16955,0.0,0.0,0.06547775062296322
2013-12-10,0.6493311524391174,0.6493311524391174,0.6493311524391174,0.6493311524391174,0,0.0,0.0,0.0
2013-12-11,0.6493311524391174,0.6493311524391174,0.6493311524391174,0.6493311524391174,0,0.0,0.0,0.0
2013-12-12,0.6493311524391174,0.6493311524391174,0.6493311524391174,0.6493311524391174,0,0.0,0.0,0.0
2013-12-15,0.6493311524391174,0.6493311524391174,0.6493311524391174,0.6493311524391174,0,0.0,0.0,0.0
2013-12-16,0.6539040207862854,0.6539040207862854,0.6539040207862854,0.6539040207862854,3000,0.0,0.0,0.0070177466177179385
2013-12-17,0.6584768328483223,0.6721950865714552,0.6401857733726501,0.6401857733726501,15000,0.0,0.0,-0.021202178351753375
2013-12-18,0.6401857733726501,0.6401857733726501,0.6401857733726501,0.6401857733726501,0,0.0,0.0,0.0
2013-12-19,0.6401857733726501,0.6401857733726501,0.6401857733726501,0.6401857733726501,0,0.0,0.0,0.0
2013-12-22,0.6401857733726501,0.6401857733726501,0.6401857733726501,0.6401857733726501,0,0.0,0.0,0.0
2013-12-23,0.6401857733726501,0.6401857733726501,0.6401857733726501,0.6401857733726501,0,0.0,0.0,0.0
2013-12-26,0.6401857733726501,0.6401857733726501,0.6401857733726501,0.6401857733726501,0,0.0,0.0,0.0
2013-12-29,0.6401857733726501,0.6401857733726501,0.6401857733726501,0.6401857733726501,0,0.0,0.0,0.0
2013-12-30,0.6401857733726501,0.6401857733726501,0.6401857733726501,0.6401857733726501,0,0.0,0.0,0.0
2014-01-01,0.6447585246136945,0.6447585246136945,0.6401857733726501,0.6401857733726501,22161,0.0,0.0,0.0
2014-01-02,0.6401857548181913,0.6950588226318359,0.6401857548181913,0.6950588226318359,76700,0.0,0.0,0.08223807373559494
2014-01-05,0.6950587529953497,0.7407863140106201,0.6950587529953497,0.7407863140106201,64431,0.0,0.0,0.06371572968998486
2014-01-06,0.7316408753395081,0.7316408753395081,0.7316408753395081,0.7316408753395081,40000,0.0,0.0,-0.01242242243921127
2014-01-07,0.7316408753395081,0.7316408753395081,0.7316408753395081,0.7316408753395081,0,0.0,0.0,0.0
2014-01-08,0.7316408753395081,0.7316408753395081,0.7316408753395081,0.7316408753395081,0,0.0,0.0,0.0
2014-01-09,0.7316408753395081,0.7316408753395081,0.7316408753395081,0.7316408753395081,0,0.0,0.0,0.0
2014-01-12,0.7316410251626424,0.7865141034126282,0.7316410251626424,0.7865141034126282,76700,0.0,0.0,0.07232086808917637
2014-01-13,0.7865138718533298,0.7910866224852628,0.7224953084947778,0.749931812286377,14000,0.0,0.0,-0.047628368757920723
2014-01-14,0.749931812286377,0.7545045629183101,0.749931812286377,0.749931812286377,36000,0.0,0.0,0.0
2014-01-15,0.7682230472564697,0.7682230472564697,0.7682230472564697,0.7682230472564697,300,0.0,0.0,0.02409783165170458
2014-01-16,0.7682230472564697,0.7682230472564697,0.7682230472564697,0.7682230472564697,0,0.0,0.0,0.0
2014-01-19,0.7224953114091069,0.7407863140106201,0.7224953114091069,0.7407863140106201,2950,0.0,0.0,-0.03636790854374902
2014-01-20,0.7224953732558818,0.7316408753395081,0.713349816660763,0.7316408753395081,22500,0.0,0.0,-0.01242242243921127
2014-01-21,0.7316408753395081,0.7316408753395081,0.7316408753395081,0.7316408753395081,0,0.0,0.0,0.0
2014-01-22,0.7316408753395081,0.7316408753395081,0.7316408753395081,0.7316408753395081,850,0.0,0.0,0.0
2014-01-23,0.7407863140106201,0.7407863140106201,0.7407863140106201,0.7407863140106201,9495,0.0,0.0,0.012422422439211224
2014-01-27,0.7407863140106201,0.7407863140106201,0.7407863140106201,0.7407863140106201,0,0.0,0.0,0.0
2014-01-28,0.7407863140106201,0.7407863140106201,0.7407863140106201,0.7407863140106201,14000,0.0,0.0,0.0
2014-01-29,0.7407863140106201,0.7407863140106201,0.7407863140106201,0.7407863140106201,1000,0.0,0.0,0.0
2014-01-30,0.7727956175804138,0.7773683681982813,0.7727956175804138,0.7727956175804138,1700,0.0,0.0,0.04230240349581344
2014-02-02,0.772795853783491,0.772795853783491,0.7682230472564697,0.7682230472564697,11400,0.0,0.0,-0.005934494952064392
2014-02-03,0.72249543617962,0.72249543617962,0.7133498787879944,0.7133498787879944,12000,0.0,0.0,-0.07410810345596
2014-02-04,0.704204261302948,0.704204261302948,0.704204261302948,0.704204261302948,1200,0.0,0.0,-0.012903555670731589
2014-02-05,0.7270681242976949,0.7316408753395081,0.7270681242976949,0.7316408753395081,4672,0.0,0.0,0.03822132814373133
2014-02-06,0.749931812286377,0.749931812286377,0.749931812286377,0.749931812286377,1500,0.0,0.0,0.024692499331255592
2014-02-09,0.749931812286377,0.749931812286377,0.749931812286377,0.749931812286377,0,0.0,0.0,0.0
2014-02-10,0.7316408753395081,0.7316408753395081,0.7316408753395081,0.7316408753395081,128,0.0,0.0,-0.024692499331255644
2014-02-11,0.7316408753395081,0.7316408753395081,0.7316408753395081,0.7316408753395081,0,0.0,0.0,0.0
2014-02-12,0.7316408753395081,0.7316408753395081,0.7316408753395081,0.7316408753395081,0,0.0,0.0,0.0
2014-02-13,0.7316408753395081,0.7316408753395081,0.7316408753395081,0.7316408753395081,0,0.0,0.0,0.0
2014-02-16,0.7316408753395081,0.7316408753395081,0.7316408753395081,0.7316408753395081,0,0.0,0.0,0.0
2014-02-17,0.7316408753395081,0.7316408753395081,0.7316408753395081,0.7316408753395081,0,0.0,0.0,0.0
2014-02-18,0.7316408753395081,0.7316408753395081,0.7316408753395081,0.7316408753395081,0,0.0,0.0,0.0
2014-02-19,0.7316408753395081,0.7316408753395081,0.7316408753395081,0.7316408753395081,0,0.0,0.0,0.0
2014-02-20,0.7316408753395081,0.7316408753395081,0.7316408753395081,0.7316408753395081,0,0.0,0.0,0.0
2014-02-23,0.7316408753395081,0.7316408753395081,0.7316408753395081,0.7316408753395081,0,0.0,0.0,0.0
2014-02-24,0.7316408753395081,0.7316408753395081,0.7316408753395081,0.7316408753395081,0,0.0,0.0,0.0
2014-02-25,0.7133498204204315,0.7224953770637512,0.6950588161567771,0.7224953770637512,20300,0.0,0.0,-0.012578764675969956
2014-02-26,0.7224953770637512,0.7224953770637512,0.7224953770637512,0.7224953770637512,0,0.0,0.0,0.0
2014-02-27,0.7224953732558818,0.7316408753395081,0.7042043145771367,0.7316408753395081,3767,0.0,0.0,0.012578764675969913
2014-03-02,0.7501633763313293,0.7501633763313293,0.7501633763313293,0.7501633763313293,12000,0.01,0.0,0.025001231801766607
2014-03-03,0.7501633763313293,0.7501633763313293,0.7501633763313293,0.7501633763313293,0,0.0,0.0,0.0
2014-03-04,0.7501633763313293,0.7501633763313293,0.7501633763313293,0.7501633763313293,0,0.0,0.0,0.0
2014-03-05,0.7501633763313293,0.7501633763313293,0.7501633763313293,0.7501633763313293,0,0.0,0.0,0.0
2014-03-06,0.7362715005874634,0.7362715005874634,0.6945957406896609,0.7362715005874634,26480,0.0,0.0,-0.01869208054150671
2014-03-09,0.7362715005874634,0.7362715005874634,0.7362715005874634,0.7362715005874634,0,0.0,0.0,0.0
2014-03-10,0.7362715005874634,0.7362715005874634,0.7362715005874634,0.7362715005874634,0,0.0,0.0,0.0
2014-03-11,0.694595748861042,0.7316408753395081,0.694595748861042,0.7316408753395081,13262,0.0,0.0,-0.00630915126025983
2014-03-12,0.7038570002231196,0.7409021258354187,0.7038570002231196,0.7409021258354187,40738,0.0,0.0,0.012578746565012478
2014-03-13,0.7316408753395081,0.7316408753395081,0.7316408753395081,0.7316408753395081,4000,0.0,0.0,-0.01257874656501253
2014-03-16,0.7038570642471313,0.7038570642471313,0.7038570642471313,0.7038570642471313,4200,0.0,0.0,-0.038714484310374456
2014-03-17,0.7038570642471313,0.7038570642471313,0.7038570642471313,0.7038570642471313,1000,0.0,0.0,0.0
2014-03-18,0.7038570642471313,0.7038570642471313,0.7038570642471313,0.7038570642471313,0,0.0,0.0,0.0
2014-03-19,0.7038570642471313,0.7223796011373671,0.7038570642471313,0.7038570642471313,29590,0.0,0.0,0.0
2014-03-20,0.7038570642471313,0.7038570642471313,0.7038570642471313,0.7038570642471313,0,0.0,0.0,0.0
2014-03-23,0.7038569288699121,0.7131181955337524,0.7038569288699121,0.7131181955337524,23000,0.0,0.0,0.01307187700868153
2014-03-24,0.7131181955337524,0.7131181955337524,0.7131181955337524,0.7131181955337524,17782,0.0,0.0,0.0
2014-03-25,0.7223796248435974,0.7223796248435974,0.7038570873455101,0.7223796248435974,17680,0.0,0.0,0.012903618080002876
2014-03-26,0.7223796248435974,0.7223796248435974,0.7223796248435974,0.7223796248435974,8000,0.0,0.0,0.0
2014-03-27,0.7223796248435974,0.7223796248435974,0.7223796248435974,0.7223796248435974,3762,0.0,0.0,0.0
2014-03-30,0.7038570642471313,0.7038570642471313,0.7038570642471313,0.7038570642471313,5000,0.0,0.0,-0.02597549508868441
2014-03-31,0.7409021258354187,0.7409021258354187,0.7409021258354187,0.7409021258354187,1000,0.0,0.0,0.05129323087538686
2014-04-01,0.7409021258354187,0.7409021258354187,0.7409021258354187,0.7409021258354187,4000,0.0,0.0,0.0
2014-04-02,0.7409021258354187,0.7409021258354187,0.7409021258354187,0.7409021258354187,11000,0.0,0.0,0.0
2014-04-03,0.7409021258354187,0.7409021258354187,0.7409021258354187,0.7409021258354187,5064,0.0,0.0,0.0
2014-04-06,0.7409021258354187,0.7409021258354187,0.7409021258354187,0.7409021258354187,33616,0.0,0.0,0.0
2014-04-07,0.7409021258354187,0.7409021258354187,0.7409021258354187,0.7409021258354187,0,0.0,0.0,0.0
2014-04-08,0.7409021258354187,0.7409021258354187,0.7409021258354187,0.7409021258354187,11100,0.0,0.0,0.0
2014-04-09,0.7409021258354187,0.7409021258354187,0.7409021258354187,0.7409021258354187,13900,0.0,0.0,0.0
2014-04-10,0.7316408667323198,0.7362715005874634,0.7316408667323198,0.7362715005874634,10000,0.0,0.0,-0.0062695953047527805
2014-04-13,0.7362715005874634,0.7362715005874634,0.7362715005874634,0.7362715005874634,0,0.0,0.0,0.0
2014-04-14,0.6760732589117776,0.7038570642471313,0.6575506668200276,0.7038570642471313,73540,0.0,0.0,-0.04502363557063423
2014-04-15,0.666811958882497,0.6899651288986206,0.657550635674536,0.6899651288986206,34500,0.0,0.0,-0.019934243317892196
2014-04-16,0.7038570642471313,0.7038570642471313,0.7038570642471313,0.7038570642471313,21500,0.0,0.0,0.019934243317892283
2014-04-21,0.7223796932777002,0.8011005955051695,0.7223796932777002,0.7779473662376404,750162,0.0,0.0,0.10008356743496777
2014-04-22,0.8149924652995214,0.8149924652995214,0.787208657601399,0.7964699268341064,344350,0.0,0.0,0.0235305027556246
2014-04-23,0.7779473662376404,0.7779473662376404,0.7779473662376404,0.7779473662376404,90557,0.0,0.0,-0.023530502755624603
2014-04-27,0.7594246352232091,0.7594246352232091,0.7547940015792847,0.7547940015792847,183460,0.0,0.0,-0.03021400280945682
2014-04-28,0.7640552004518822,0.7640552004518822,0.7501633007640213,0.7594245672225952,102000,0.0,0.0,0.006116131677901759
2014-04-29,0.7501633848315962,0.7501633848315962,0.745532751083374,0.745532751083374,56200,0.0,0.0,-0.018461933166247065
2014-04-30,0.7594245672225952,0.7594245672225952,0.7594245672225952,0.7594245672225952,120,0.0,0.0,0.018461933166246947
2014-05-01,0.7594246787972246,0.7594246787972246,0.7316408753395081,0.7316408753395081,989202,0.0,0.0,-0.03727121199303832
2014-05-04,0.7409021173351519,0.745532751083374,0.7409021173351519,0.745532751083374,67500,0.0,0.0,0.01880927882679128
2014-05-05,0.7409021006475112,0.7547940015792847,0.7409021006475112,0.7547940015792847,472028,0.0,0.0,0.012345801488345444
2014-05-06,0.7594245672225952,0.7594245672225952,0.7594245672225952,0.7594245672225952,20000,0.0,0.0,0.006116131677901759
2014-05-07,0.7594245437087315,0.7733164429664612,0.7594245437087315,0.7733164429664612,57612,0.0,0.0,0.01812733665463827
2014-05-08,0.7686860966112372,0.7779473662376404,0.7640554617980356,0.7779473662376404,14469,0.0,0.0,0.005970534476916891
2014-05-11,0.7686860655150047,0.7686860655150047,0.7640554308891296,0.7640554308891296,1400,0.0,0.0,-0.018018529184555595
2014-05-12,0.7640554308891296,0.7640554308891296,0.7640554308891296,0.7640554308891296,6000,0.0,0.0,0.0
2014-05-13,0.7733164429664612,0.7733164429664612,0.7733164429664612,0.7733164429664612,8394,0.0,0.0,0.012047994707638595
2014-05-14,0.7779473662376404,0.7779473662376404,0.7779473662376404,0.7779473662376404,3933,0.0,0.0,0.005970534476916891
2014-05-15,0.7825780245941488,0.7825780245941488,0.7594247962632547,0.7640554308891296,32328,0.0,0.0,-0.018018529184555595
2014-05-18,0.7640554308891296,0.7640554308891296,0.7640554308891296,0.7640554308891296,0,0.0,0.0,0.0
2014-05-19,0.7640553030765413,0.7686859369277954,0.7640553030765413,0.7686859369277954,37730,0.0,0.0,0.006042141516141678
2014-05-20,0.7686859369277954,0.7779472046303034,0.7686859369277954,0.7686859369277954,33334,0.0,0.0,0.0
2014-05-21,0.7825778722763062,0.7825778722763062,0.7825778722763062,0.7825778722763062,16100,0.0,0.0,0.017910953178219877
2014-05-22,0.7825778722763062,0.7825778722763062,0.7825778722763062,0.7825778722763062,0,0.0,0.0,0.0
2014-05-25,0.7686859369277954,0.7686859369277954,0.7686859369277954,0.7686859369277954,14000,0.0,0.0,-0.017910953178219932
2014-05-26,0.7686859369277954,0.7686859369277954,0.7686859369277954,0.7686859369277954,0,0.0,0.0,0.0
2014-05-27,0.7825778722763062,0.7825778722763062,0.7825778722763062,0.7825778722763062,6000,0.0,0.0,0.017910953178219877
2014-05-28,0.7825778722763062,0.7825778722763062,0.7825778722763062,0.7825778722763062,0,0.0,0.0,0.0
2014-05-29,0.7825778722763062,0.7825778722763062,0.7825778722763062,0.7825778722763062,23533,0.0,0.0,0.0
2014-06-01,0.787208657601399,0.7964699268341064,0.787208657601399,0.7964699268341064,12027,0.0,0.0,0.017595937245818618
2014-06-02,0.7964697989996413,0.8103617006190338,0.7964697989996413,0.8011004328727722,26673,0.0,0.0,0.005796951574287311
2014-06-03,0.8103617429733276,0.8103617429733276,0.8103617429733276,0.8103617429733276,16336,0.0,0.0,0.011494420666509807
2014-06-04,0.8103617429733276,0.8103617429733276,0.8103617429733276,0.8103617429733276,0,0.0,0.0,0.0
2014-06-05,0.8057311088581725,0.8103617429733276,0.8057311088581725,0.8103617429733276,53384,0.0,0.0,0.0
2014-06-09,0.8149924097207077,0.833514946922969,0.8149924097207077,0.8242536783218384,26183,0.0,0.0,0.016997600335321907
2014-06-10,0.8242536783218384,0.8242536783218384,0.8242536783218384,0.8242536783218384,2224,0.0,0.0,0.0
2014-06-11,0.8196230573652351,0.8196230573652351,0.7779472927801253,0.787208616733551,19600,0.0,0.0,-0.045985052838807924
2014-06-12,0.7872086910655648,0.7918393258787664,0.7779473662376404,0.7779473662376404,60183,0.0,0.0,-0.011834422492935663
2014-06-15,0.7779473662376404,0.7779473662376404,0.7779473662376404,0.7779473662376404,7536,0.0,0.0,0.0
2014-06-16,0.7779473662376404,0.7779473662376404,0.7779473662376404,0.7779473662376404,0,0.0,0.0,0.0
2014-06-17,0.7779473662376404,0.7779473662376404,0.7779473662376404,0.7779473662376404,0,0.0,0.0,0.0
2014-06-18,0.787208616733551,0.787208616733551,0.787208616733551,0.787208616733551,3000,0.0,0.0,0.011834422492935636
2014-06-19,0.787208616733551,0.787208616733551,0.787208616733551,0.787208616733551,0,0.0,0.0,0.0
2014-06-22,0.787208616733551,0.7964698854854608,0.787208616733551,0.787208616733551,37522,0.0,0.0,0.0
2014-06-23,0.7918392511095059,0.7918392511095059,0.787208616733551,0.787208616733551,71500,0.0,0.0,0.0
2014-06-24,0.787208616733551,0.787208616733551,0.787208616733551,0.787208616733551,0,0.0,0.0,0.0
2014-06-25,0.787208657601399,0.7964699268341064,0.787208657601399,0.7964699268341064,36500,0.0,0.0,0.011696080262689016
2014-06-26,0.8057311542373705,0.8057311542373705,0.7686860240282155,0.787208616733551,9000,0.0,0.0,-0.011696080262688957
2014-06-29,0.7872085062599727,0.8149923086166382,0.7872085062599727,0.8149923086166382,30944,0.0,0.0,0.03468538418419702
2014-06-30,0.7779473331671727,0.7964699268341064,0.7779473331671727,0.7964699268341064,27450,0.0,0.0,-0.02298930392150813
2014-07-01,0.8242536917411899,0.8242536917411899,0.787208616733551,0.787208616733551,31700,0.0,0.0,-0.011696080262688957
2014-07-02,0.8103618706347169,0.8659295439720154,0.8103618706347169,0.8659295439720154,52232,0.0,0.0,0.09531025552077559
2014-07-03,0.8520374298095703,0.8659293309256619,0.8427761623988427,0.8520374298095703,58000,0.0,0.0,-0.016173089686990886
2014-07-06,0.8520374961123632,0.8798213005065918,0.8520374961123632,0.8798213005065918,125250,0.0,0.0,0.032088361679367995
2014-07-07,0.8844517984402408,0.8937130651461851,0.8798211650872686,0.8890824317932129,33700,0.0,0.0,0.010471136147037775
2014-07-08,0.8751905317342965,0.8890824317932129,0.8751905317342965,0.8890824317932129,8800,0.0,0.0,0.0
2014-07-09,0.875190757274525,0.898343985207571,0.875190757274525,0.8937132954597473,51169,0.0,0.0,0.005195069755711077
2014-07-10,0.8983438919709232,0.902974526036628,0.8798213005065918,0.8798213005065918,71307,0.0,0.0,-0.015666205902748864
2014-07-13,0.879821258090966,0.879821258090966,0.8705599904060364,0.8705599904060364,21500,0.0,0.0,-0.010582147527924112
2014-07-14,0.8890826962891667,0.9168665598740108,0.8890826962891667,0.9076052904129028,72372,0.0,0.0,0.04167291018530942
2014-07-15,0.8798212494509831,0.8798212494509831,0.8751906156539917,0.8751906156539917,57111,0.0,0.0,-0.036367872808249435
2014-07-16,0.8983438611030579,0.90297449500965,0.8937131719949551,0.8983438611030579,15700,0.0,0.0,0.02611120473627712
2014-07-17,0.8705599904060364,0.8890825257758957,0.8705599904060364,0.8705599904060364,34750,0.0,0.0,-0.03141624211333706
2014-07-20,0.8705599733195108,0.8798212408226691,0.847406804561615,0.847406804561615,59715,0.0,0.0,-0.026955803628204447
2014-07-21,0.8335151118269911,0.8612989783287048,0.8335151118269911,0.8612989783287048,13000,0.0,0.0,0.016260821508674576
2014-07-22,0.8381454097090153,0.8890824317932129,0.8381454097090153,0.8890824317932129,15000,0.0,0.0,0.03174826579449169
2014-07-23,0.8705600236959313,0.8844519257545471,0.8705600236959313,0.8844519257545471,31100,0.0,0.0,-0.005221795157988047
2014-07-24,0.8705599331116266,0.8705599331116266,0.8335148096084595,0.8335148096084595,8000,0.0,0.0,-0.05931669022458202
2014-07-27,0.8520374298095703,0.8520374298095703,0.8520374298095703,0.8520374298095703,2500,0.0,0.0,0.021978987556164332
2014-07-28,0.8520373989607961,0.8520373989607961,0.8335148096084595,0.8335148096084595,32500,0.0,0.0,-0.021978987556164252
2014-07-29,0.852037455036177,0.8705599904060364,0.852037455036177,0.8705599904060364,2000,0.0,0.0,0.04348520170760821
2014-07-30,0.8612989783287048,0.8612989783287048,0.8612989783287048,0.8612989783287048,12000,0.0,0.0,-0.01069498211952983
2014-07-31,0.8242536783218384,0.8242536783218384,0.8242536783218384,0.8242536783218384,10907,0.0,0.0,-0.04396334502689095
2014-08-03,0.8335148096084595,0.8335148096084595,0.8335148096084595,0.8335148096084595,2000,0.0,0.0,0.011173125438812478
2014-08-04,0.8242536783218384,0.8242536783218384,0.8242536783218384,0.8242536783218384,3000,0.0,0.0,-0.011173125438812588
2014-08-05,0.8242536917411899,0.8242536917411899,0.787208616733551,0.787208616733551,20000,0.0,0.0,-0.045985052838807924
2014-08-06,0.787208616733551,0.787208616733551,0.787208616733551,0.787208616733551,7500,0.0,0.0,0.0
2014-08-07,0.7964698854854608,0.7964698854854608,0.787208616733551,0.787208616733551,14586,0.0,0.0,0.0
2014-08-10,0.787208616733551,0.787208616733551,0.787208616733551,0.787208616733551,0,0.0,0.0,0.0
2014-08-11,0.7872085275343212,0.7872085275343212,0.7686859369277954,0.7686859369277954,19358,0.0,0.0,-0.023810810161349685
2014-08-12,0.7686860240282155,0.787208616733551,0.7686860240282155,0.787208616733551,13563,0.0,0.0,0.023810810161349692
2014-08-13,0.7779473331671727,0.7964699268341064,0.7779473331671727,0.7964699268341064,6600,0.0,0.0,0.011696080262689016
2014-08-14,0.7964699268341064,0.7964699268341064,0.7964699268341064,0.7964699268341064,0,0.0,0.0,0.0
2014-08-17,0.8335148096084595,0.8335148096084595,0.8335148096084595,0.8335148096084595,3761,0.0,0.0,0.04546209801493159
2014-08-18,0.8335148096084595,0.8335148096084595,0.8335148096084595,0.8335148096084595,0,0.0,0.0,0.0
2014-08-19,0.8335148096084595,0.8335148096084595,0.8335148096084595,0.8335148096084595,584,0.0,0.0,0.0
2014-08-20,0.8057310581207275,0.8057310581207275,0.8057310581207275,0.8057310581207275,1000,0.0,0.0,-0.03390145797292592
2014-08-21,0.8335150055388957,0.8798214070025052,0.8335150055388957,0.85666823387146,101183,0.0,0.0,0.061300706604789895
2014-08-24,0.8659293565635715,0.8844518919334309,0.8659293565635715,0.8705599904060364,47105,0.0,0.0,0.016085953075744282
2014-08-25,0.8427761318853808,0.8427761318853808,0.8335148096084595,0.8335148096084595,10000,0.0,0.0,-0.043485201707608286
2014-08-26,0.8335149154651913,0.8427762389183044,0.8335149154651913,0.8427762389183044,10000,0.0,0.0,0.0110500184977795
2014-08-27,0.8566680888786418,0.8705599904060364,0.8566680888786418,0.8705599904060364,2500,0.0,0.0,0.03243518320982894
2014-08-28,0.8705599818570005,0.8890825170449655,0.8705599818570005,0.8751906156539917,29105,0.0,0.0,0.005305037377059983
2014-08-31,0.8705599904060364,0.8705599904060364,0.8705599904060364,0.8705599904060364,4000,0.0,0.0,-0.005305037377059993
2014-09-01,0.8705599904060364,0.8705599904060364,0.8705599904060364,0.8705599904060364,0,0.0,0.0,0.0
2014-09-02,0.8705599904060364,0.8705599904060364,0.8705599904060364,0.8705599904060364,0,0.0,0.0,0.0
2014-09-03,0.8705599904060364,0.8705599904060364,0.8705599904060364,0.8705599904060364,11659,0.0,0.0,0.0
2014-09-04,0.8705599904060364,0.8705599904060364,0.8705599904060364,0.8705599904060364,2450,0.0,0.0,0.0
2014-09-07,0.8705599818570005,0.8751906156539917,0.8705599818570005,0.8751906156539917,35000,0.0,0.0,0.005305037377059983
2014-09-08,0.8612989783287048,0.8612989783287048,0.8612989783287048,0.8612989783287048,7000,0.0,0.0,-0.01600001949658985
2014-09-09,0.8706607818603516,0.8706607818603516,0.8706607818603516,0.8706607818603516,0,0.01,0.0,0.010810753141830075
2014-09-10,0.8706607818603516,0.8706607818603516,0.8706607818603516,0.8706607818603516,0,0.0,0.0,0.0
2014-09-11,0.8706607818603516,0.8706607818603516,0.8706607818603516,0.8706607818603516,0,0.0,0.0,0.0
2014-09-14,0.8238507509231567,0.8238507509231567,0.8144888194492708,0.8238507509231567,21690,0.0,0.0,-0.05526305675600399
2014-09-15,0.8425747255885746,0.8425747255885746,0.8332127928733826,0.8332127928733826,5360,0.0,0.0,0.011299677190170264
2014-09-16,0.823850908685683,0.8425747752189636,0.823850908685683,0.8425747752189636,37174,0.0,0.0,0.011173349083581748
2014-09-17,0.8332128660850625,0.8472557663917542,0.8332128660850625,0.8472557663917542,29918,0.0,0.0,0.005540204216529724
2014-09-18,0.8612988469696274,0.8706607818603516,0.8566178795242654,0.8706607818603516,39745,0.0,0.0,0.027249826265722404
2014-09-21,0.8706607818603516,0.8706607818603516,0.8706607818603516,0.8706607818603516,863911,0.0,0.0,0.0
2014-09-22,0.8706608519127604,0.8847037553787231,0.8706608519127604,0.8847037553787231,222434,0.0,0.0,0.0160004065455723
2014-09-23,0.8800225853919983,0.8800225853919983,0.8800225853919983,0.8800225853919983,18400,0.0,0.0,-0.005305276923950831
2014-09-24,0.8800225853919983,0.8800225853919983,0.8800225853919983,0.8800225853919983,0,0.0,0.0,0.0
2014-09-25,0.8612987399101257,0.8612987399101257,0.8612987399101257,0.8612987399101257,1000,0.0,0.0,-0.021506159576286633
2014-09-28,0.8519368061830908,0.8612987399101257,0.8519368061830908,0.8612987399101257,26047,0.0,0.0,0.0
2014-09-29,0.8612987399101257,0.8612987399101257,0.8612987399101257,0.8612987399101257,0,0.0,0.0,0.0
2014-09-30,0.8612987399101257,0.8612987399101257,0.8612987399101257,0.8612987399101257,0,0.0,0.0,0.0
2014-10-01,0.8612986555376624,0.8612986555376624,0.8425747341162533,0.8566176891326904,110200,0.0,0.0,-0.00544969741668641
2014-10-02,0.8566176891326904,0.8566176891326904,0.8566176891326904,0.8566176891326904,0,0.0,0.0,0.0
2014-10-05,0.8566176891326904,0.8566176891326904,0.8566176891326904,0.8566176891326904,0,0.0,0.0,0.0
2014-10-06,0.8612987399101257,0.8612987399101257,0.8612987399101257,0.8612987399101257,4000,0.0,0.0,0.005449697416686406
2014-10-07,0.8612987399101257,0.8612987399101257,0.842574816654529,0.8612987399101257,145453,0.0,0.0,0.0
2014-10-08,0.8612987399101257,0.8612987399101257,0.8612987399101257,0.8612987399101257,0,0.0,0.0,0.0
2014-10-09,0.8378939628601074,0.8378939628601074,0.8378939628601074,0.8378939628601074,10000,0.0,0.0,-0.027549856275526054
2014-10-12,0.8519368226483753,0.8519368226483753,0.8191699981689453,0.8191699981689453,48284,0.0,0.0,-0.022599926223604624
2014-10-13,0.8144888816029405,0.8144888816029405,0.7770410970482416,0.7910840511322021,1540900,0.0,0.0,-0.034887408830391715
2014-10-14,0.7910840511322021,0.7910840511322021,0.7910840511322021,0.7910840511322021,0,0.0,0.0,0.0
2014-10-15,0.8098081350326538,0.8098081350326538,0.8098081350326538,0.8098081350326538,2902,0.0,0.0,0.023393127822942884
2014-10-16,0.795765256205813,0.8144891262054443,0.795765256205813,0.8144891262054443,30770,0.0,0.0,0.005763728405205364
2014-10-19,0.8238507509231567,0.8238507509231567,0.8144888194492708,0.8238507509231567,13152,0.0,0.0,0.011428308300035241
2014-10-20,0.8238507509231567,0.8238507509231567,0.8238507509231567,0.8238507509231567,8,0.0,0.0,0.0
2014-10-21,0.8238510612052601,0.8238510612052601,0.8144891262054443,0.8144891262054443,800,0.0,0.0,-0.011428308300035108
2014-10-22,0.8425747752189636,0.8425747752189636,0.8425747752189636,0.8425747752189636,1500,0.0,0.0,0.03390133457378717
2014-10-23,0.8425747752189636,0.8425747752189636,0.8425747752189636,0.8425747752189636,0,0.0,0.0,0.0
2014-10-26,0.8566176891326904,0.8566176891326904,0.8566176891326904,0.8566176891326904,5500,0.0,0.0,0.016529303110900336
2014-10-27,0.8566176891326904,0.8566176891326904,0.8566176891326904,0.8566176891326904,0,0.0,0.0,0.0
2014-10-28,0.8566176891326904,0.8566176891326904,0.8566176891326904,0.8566176891326904,0,0.0,0.0,0.0
2014-10-29,0.8238507509231567,0.8238507509231567,0.8238507509231567,0.8238507509231567,2800,0.0,0.0,-0.03900232938465237
2014-10-30,0.8051268879753847,0.8238507509231567,0.8051268879753847,0.8238507509231567,6018,0.0,0.0,0.0
2014-11-02,0.8238507509231567,0.8238507509231567,0.8238507509231567,0.8238507509231567,0,0.0,0.0,0.0
2014-11-03,0.8238508601581905,0.8332127928733826,0.8238508601581905,0.8332127928733826,31100,0.0,0.0,0.011299677190170264
2014-11-04,0.8332127928733826,0.8332127928733826,0.8332127928733826,0.8332127928733826,0,0.0,0.0,0.0
2014-11-05,0.8332127928733826,0.8332127928733826,0.8332127928733826,0.8332127928733826,0,0.0,0.0,0.0
2014-11-06,0.8332127928733826,0.8332127928733826,0.8332127928733826,0.8332127928733826,0,0.0,0.0,0.0
2014-11-09,0.7957653272337156,0.8051272630691528,0.7957653272337156,0.8051272630691528,22000,0.0,0.0,-0.03428870748096221
2014-11-10,0.8051272630691528,0.8051272630691528,0.8051272630691528,0.8051272630691528,0,0.0,0.0,0.0
2014-11-11,0.8144891262054443,0.8144891262054443,0.8144891262054443,0.8144891262054443,8000,0.0,0.0,0.011560721990756868
2014-11-12,0.8144891262054443,0.8144891262054443,0.8144891262054443,0.8144891262054443,0,0.0,0.0,0.0
2014-11-13,0.8425747854308803,0.926832297454883,0.8425747854308803,0.8893845081329346,81240,0.0,0.0,0.08796858190656376
2014-11-16,0.9174701868263512,1.020451545715332,0.912789221040626,1.020451545715332,164578,0.0,0.0,0.13747084060696424
2014-11-17,1.0204515960278802,1.0766231882260775,1.0204515960278802,1.029813528060913,138875,0.0,0.0,0.009132523919319036
2014-11-18,1.001728101227822,1.001728101227822,0.9642802476882932,0.9642802476882936,66198,0.0,0.0,-0.06575105838507132
2014-11-19,0.9783229938004858,1.0485376102582815,0.9783229938004858,1.0251327753067017,206503,0.0,0.0,0.06119545433671673
2014-11-20,1.029813528060913,1.0485373921269787,1.0204515960278802,1.029813528060913,129722,0.0,0.0,0.0045556040483546445
2014-11-23,1.0298137686861537,1.095347308229884,1.0298137686861537,1.0766234397888184,161870,0.0,0.0,0.04445195382338031
2014-11-24,1.076623391241621,1.076623391241621,1.0578995236448534,1.0672614574432373,71465,0.0,0.0,-0.008733716877137882
2014-11-25,1.0672617226290904,1.0813046268159503,1.0485378503799438,1.0485378503799438,71900,0.0,0.0,-0.0176993118204263
2014-11-26,1.0766236082167089,1.0766236082167089,1.0578997368464649,1.062580704689026,131652,0.0,0.0,0.01330390602624703
2014-11-27,1.0672615287306573,1.0672615287306573,1.0578995943069458,1.0578995943069458,10037,0.0,0.0,-0.0044151487647190795
2014-11-30,1.0578993753790915,1.0625803416222408,1.039175510406494,1.039175510406494,124638,0.0,0.0,-0.01785780723851732
2014-12-01,1.0578997865045172,1.0578997865045172,1.0485378503799438,1.0485378503799438,17230,0.0,0.0,0.008969049976989423
2014-12-02,1.0485373921269787,1.0485373921269787,1.029813528060913,1.029813528060913,32732,0.0,0.0,-0.01801892512581612
2014-12-03,1.029813528060913,1.0438564261104624,1.029813528060913,1.029813528060913,56400,0.0,0.0,0.0
2014-12-04,1.0485377332554264,1.0485377332554264,0.9970470903219184,1.001728057861328,33718,0.0,0.0,-0.027651178646920186
2014-12-07,1.0204516363622709,1.025132602563807,0.9736418627438692,0.983003795146942,60140,0.0,0.0,-0.018868864549432905
2014-12-08,0.9736419320106506,0.9736419320106506,0.926832266665156,0.9736419320106506,123707,0.0,0.0,-0.009569371140920864
2014-12-09,0.9549180658724528,0.9736419320106506,0.926832266665156,0.9736419320106506,128804,0.0,0.0,0.0
2014-12-10,0.9970473051071168,1.001728273654907,0.9970473051071168,0.9970473051071168,76447,0.0,0.0,0.02375460650671046
2014-12-11,0.997047096263332,0.997047096263332,0.9361944062853128,0.9689611792564392,14208,0.0,0.0,-0.02857366788432674
2014-12-14,0.983003795146942,0.9876847613484784,0.983003795146942,0.983003795146942,28544,0.0,0.0,0.014388432518537265
2014-12-15,0.9830038458731564,0.9830038458731564,0.9361941814422609,0.9361941814422609,127002,0.0,0.0,-0.0487900671530952
2014-12-16,0.9549181461334229,0.9549181461334229,0.9549181461334229,0.9549181461334229,650,0.0,0.0,0.019802712185466278
2014-12-17,0.9595990324070024,0.9736419320106506,0.9549180658724528,0.9736419320106506,10850,0.0,0.0,0.01941798382670789
2014-12-18,1.0017278428209928,1.0017278428209928,0.9736419320106506,0.9736419320106506,3500,0.0,0.0,0.0
2014-12-21,1.0017277319618143,1.029813528060913,1.0017277319618143,1.029813528060913,35837,0.0,0.0,0.056089414337274025
2014-12-22,1.0298137422970175,1.0298137422970175,1.0204518083163858,1.0251327753067017,14651,0.0,0.0,-0.004555604048354689
2014-12-23,1.0251327753067017,1.0251327753067017,1.0251327753067017,1.0251327753067017,0,0.0,0.0,0.0
2014-12-28,1.0485376102582815,1.0485376102582815,1.0251327753067017,1.0251327753067017,9132,0.0,0.0,0.0
2014-12-29,1.0251327017516758,1.0251327017516758,1.01108980178833,1.01108980178833,19000,0.0,0.0,-0.01379338027567873
2014-12-30,1.020451545715332,1.020451545715332,1.020451545715332,1.020451545715332,400,0.0,0.0,0.009216460404714298
2015-01-01,1.0298139781307971,1.0485378503799438,1.0298139781307971,1.0485378503799438,3500,0.0,0.0,0.027151449045135254
2015-01-04,1.0719424726785518,1.123433222494542,1.0719424726785518,1.0766234397888184,63338,0.0,0.0,0.02643302869756409
2015-01-05,1.0906665629405237,1.0906665629405237,1.0485378503799438,1.0485378503799438,17000,0.0,0.0,-0.026433028697564163
2015-01-06,1.0485378503799438,1.0485378503799438,1.0485378503799438,1.0485378503799438,12332,0.0,0.0,0.0
2015-01-07,1.0766234397888184,1.095347308229884,1.0766234397888184,1.0766234397888184,102714,0.0,0.0,0.02643302869756409
2015-01-08,1.0578995713477526,1.0766234397888184,1.0485376371272197,1.0766234397888184,52054,0.0,0.0,0.0
2015-01-11,1.0719425048672235,1.1421571252327092,1.0719425048672235,1.1281142234802246,233229,0.0,0.0,0.04671771094226004
2015-01-12,1.1421569659106474,1.2170524314765607,1.1421569659106474,1.1889666318893433,123310,0.0,0.0,0.05253714340274032
2015-01-13,1.2170526106380566,1.2732243296845394,1.2170526106380566,1.2451385259628296,480367,0.0,0.0,0.04616223625816909
2015-01-14,1.2451384550583338,1.2732242571806955,1.2451384550583338,1.254500389099121,46284,0.0,0.0,0.007490607426317709
2015-01-15,1.254500460536733,1.254500460536733,1.2310956241019748,1.2451385259628296,38217,0.0,0.0,-0.007490607426317718
2015-01-18,1.2545002771716167,1.357481654035254,1.2545002771716167,1.3013099431991575,95495,0.0,0.0,0.04412461618446006
2015-01-19,1.310671870611815,1.3762055143637768,1.310671870611815,1.366843581199646,148172,0.0,0.0,0.04913272057740066
2015-01-20,1.376205535644465,1.4042913355711564,1.3387576908058278,1.3481197357177734,165690,0.0,0.0,-0.013793293060663124
2015-01-21,1.3481197844162738,1.3574817180633545,1.3481197844162738,1.3574817180633545,13130,0.0,0.0,0.006920472116740033
2015-01-22,1.3481196487585474,1.3481196487585474,1.2919479409254206,1.3106718063354492,78260,0.0,0.0,-0.03509147035384815
2015-01-26,1.291948198832346,1.291948198832346,1.2451385259628296,1.2451385259628296,59454,0.0,0.0,-0.05129304546408945
2015-01-27,1.2451381914944866,1.2451381914944866,1.1327948951821794,1.1842855215072632,58796,0.0,0.0,-0.05010713224916501
2015-01-28,1.1468377486135677,1.2732239380931212,1.1468377486135677,1.2404571771621704,98152,0.0,0.0,0.04634034561531874
2015-01-29,1.240457536082431,1.2872672080993652,1.226414522874289,1.2872672080993652,81578,0.0,0.0,0.03704152503774186
2015-02-01,1.2872670576068934,1.4042913355711564,1.2872670576068934,1.3481197357177734,198924,0.0,0.0,0.04618930529730208
2015-02-02,1.3855676179358771,1.4323772895135516,1.348119880673738,1.3996105194091797,171562,0.0,0.0,0.03748316423239948
2015-02-03,1.3855675190045973,1.3855675190045973,1.310671938224898,1.3574817180633545,38412,0.0,0.0,-0.030562692115659502
2015-02-04,1.352800640637967,1.352800640637967,1.3106718310674044,1.3153527975082395,24993,0.0,0.0,-0.03152638865292847
2015-02-05,1.3574816828421905,1.3574816828421905,1.329395771026611,1.329395771026611,9000,0.0,0.0,0.010619614780261332
2015-02-08,1.348119997744879,1.3574819328734071,1.348119997744879,1.352800965309143,40242,0.0,0.0,0.017452700659848677
2015-02-09,1.376205542318502,1.3949294090270996,1.3293957639439595,1.3949294090270996,35649,0.0,0.0,0.030666578979200085
2015-02-10,1.3996105433441528,1.4042915105819702,1.3855676416307006,1.4042915105819702,19277,0.0,0.0,0.0066891015264131755
2015-02-11,1.3855676416307006,1.4042915105819702,1.3762057071550655,1.4042915105819702,6280,0.0,0.0,0.0
2015-02-12,1.3949295761063354,1.4042915105819702,1.3949295761063354,1.4042915105819702,42846,0.0,0.0,0.0
2015-02-15,1.4042915581348971,1.4136534929275513,1.3949296233422432,1.4136534929275513,159000,0.0,0.0,0.006644570265519245
2015-02-16,1.4042913423813983,1.4042913423813983,1.3949294090270996,1.3949294090270996,39000,0.0,0.0,-0.013333671791932566
2015-02-17,1.3949295756360247,1.3949295756360247,1.3808866739273071,1.3808866739273071,46733,0.0,0.0,-0.010118000963154012
2015-02-18,1.3762055390384291,1.3762055390384291,1.3715245723724363,1.3715245723724363,52141,0.0,0.0,-0.006802862525072129
2015-02-19,1.3715247399172483,1.4042915105819702,1.366843772679431,1.4042915105819702,93219,0.0,0.0,0.023609965014639352
2015-02-22,1.4042915105819702,1.4089724778197876,1.4042915105819702,1.4042915105819702,92955,0.0,0.0,0.0
2015-02-23,1.4042912927280724,1.4042912927280724,1.3621625941233264,1.3855674266815186,54401,0.0,0.0,-0.013423162579045671
2015-02-24,1.3855676416307006,1.4042915105819702,1.3855676416307006,1.4042915105819702,37106,0.0,0.0,0.013423162579045645
2015-02-25,1.404291386298759,1.404291386298759,1.3574817180633545,1.3574817180633545,90922,0.0,0.0,-0.03390160729279472
2015-02-26,1.3855674266815186,1.3855674266815186,1.3528006611000496,1.3855674266815186,20344,0.0,0.0,0.020478444713749103
2015-03-01,1.3481197844162738,1.3574817180633545,1.3293958055190596,1.3574817180633545,36258,0.0,0.0,-0.020478444713749065
2015-03-02,1.362162684886895,1.404291386298759,1.3574817180633545,1.3574817180633545,31612,0.0,0.0,0.0
2015-03-03,1.366908792202071,1.3763357400894165,1.366908792202071,1.3763357400894165,3680,0.01,0.0,0.013793401528069944
2015-03-04,1.3763355168216491,1.4140433022541117,1.3669085704635338,1.404616355895996,8916,0.0,0.0,0.020339502290574567
2015-03-05,1.4046164576354612,1.4046164576354612,1.3669086694717407,1.3669086694717407,6803,0.0,0.0,-0.027212464607856705
2015-03-08,1.3621951915686548,1.3621951915686548,1.3574817180633545,1.3574817180633545,11280,0.0,0.0,-0.006920439210787667
2015-03-09,1.3527681827545166,1.3527681827545166,1.3527681827545166,1.3527681827545166,1000,0.0,0.0,-0.0034783066016797846
2015-03-10,1.3480547477816658,1.3480547477816658,1.2255043161651509,1.300920009613037,67235,0.0,0.0,-0.03908128490846494
2015-03-11,1.3009198761790297,1.3009198761790297,1.2726390361785889,1.2726390361785889,27320,0.0,0.0,-0.021978988171759646
2015-03-12,1.2726390361785889,1.2726390361785889,1.2726390361785889,1.2726390361785889,10050,0.0,0.0,0.0
2015-03-15,1.2726390361785889,1.2726390361785889,1.2726390361785889,1.2726390361785889,10629,0.0,0.0,0.0
2015-03-16,1.2773526405287223,1.3103469572467628,1.2773526405287223,1.300920009613037,19323,0.0,0.0,0.02197898817175968
2015-03-17,1.300920009613037,1.300920009613037,1.300920009613037,1.300920009613037,0,0.0,0.0,0.0
2015-03-18,1.414043615690055,1.4800323672019506,1.3951897187946822,1.447037935256958,357459,0.0,0.0,0.10644694992440852
2015-03-19,1.4470379909649305,1.4611784141808373,1.4328975677490234,1.4328975677490234,158960,0.0,0.0,-0.009819998486370446
2015-03-22,1.432896990881454,1.470604770943161,1.432896990881454,1.4611778259277344,93118,0.0,0.0,0.019544175269405537
2015-03-23,1.4706049249983475,1.5083128213882446,1.4706049249983475,1.5083128213882446,146035,0.0,0.0,0.031748848735772786
2015-03-24,1.4988858645060084,1.5083128104405443,1.4894589185714722,1.4894589185714722,132631,0.0,0.0,-0.012578777204653955
2015-03-25,1.5035993483867651,1.5083128213882446,1.494172402383806,1.5083128213882446,37816,0.0,0.0,0.012578777204653906
2015-03-26,1.5083128213882446,1.5083128213882446,1.4988858753852856,1.5083128213882446,33209,0.0,0.0,0.0
2015-03-29,1.5035995244979858,1.5083129980515375,1.4941725773908825,1.5035995244979858,62150,0.0,0.0,-0.003129772846219841
2015-03-30,1.5035993374732763,1.5083128104405443,1.4894589185714722,1.4894589185714722,45504,0.0,0.0,-0.009449004358434104
2015-03-31,1.4894593216662364,1.4894593216662364,1.4658918380737305,1.4658918380737305,46310,0.0,0.0,-0.01594909166889455
2015-04-01,1.4658912984354475,1.508312663382917,1.4611778259277344,1.4611778259277344,40592,0.0,0.0,-0.0032209798622243276
2015-04-06,1.4706049249983475,1.5083128213882446,1.4611779789953885,1.5083128213882446,66452,0.0,0.0,0.031748848735772786
2015-04-07,1.4894589185714722,1.4894589185714722,1.4611779683898043,1.4894589185714722,30967,0.0,0.0,-0.012578777204653955
2015-04-08,1.4800319726369362,1.4894589185714722,1.451751022455268,1.4894589185714722,28601,0.0,0.0,0.0
2015-04-09,1.4894589005646062,1.4894589005646062,1.451751004904273,1.4706048965454102,16000,0.0,0.0,-0.012739101708357152
2015-04-12,1.4706051814022862,1.4706051814022862,1.4376108646392822,1.4376108646392822,28633,0.0,0.0,-0.02269119645583158
2015-04-13,1.4376109868092717,1.447037935256958,1.4328975125854282,1.447037935256958,55232,0.0,0.0,0.00653604985003454
2015-04-14,1.456464944987967,1.456464944987967,1.451751470565796,1.451751470565796,6000,0.0,0.0,0.003252074437391222
2015-04-15,1.4517513479965587,1.4611782960449973,1.44232439994812,1.44232439994812,17100,0.0,0.0,-0.006514759378458566
2015-04-16,1.47060536825448,1.47060536825448,1.432897572877112,1.451751470565796,53263,0.0,0.0,0.0065147593784586014
2015-04-19,1.4423243931392196,1.4423243931392196,1.4140435491274117,1.4234704971313477,71677,0.0,0.0,-0.019672836292979928
2015-04-20,1.461178346044537,1.6025827963659536,1.461178346044537,1.574301838874817,219866,0.0,0.0,0.1007139951591697
2015-04-21,1.5837285199198752,1.6261498928070068,1.5837285199198752,1.6261498928070068,143952,0.0,0.0,0.03240329477853474
2015-04-22,1.6261501834712653,1.6497175546332652,1.5648749060719749,1.6025828123092651,135397,0.0,0.0,-0.01459860644946231
2015-04-23,1.6167231326049318,1.6497174501419067,1.6025827108033712,1.6497174501419067,149175,0.0,0.0,0.028987445485067626
2015-04-26,1.64971768191164,1.6610299984665458,1.6214368343353271,1.6214368343353271,59410,0.0,0.0,-0.017291339985653645
2015-04-27,1.6402905022741998,1.659144398009614,1.626150080472639,1.6497174501419067,47469,0.0,0.0,0.017291339985653627
2015-04-28,1.6497174501419067,1.659144398009614,1.6214366065387855,1.6497174501419067,435473,0.0,0.0,0.0
2015-04-29,1.6402905022741998,1.6497174501419067,1.6402905022741998,1.6497174501419067,33291,0.0,0.0,0.0
2015-04-30,1.6591446311037443,1.6591446311037443,1.5837289251888111,1.6214368343353271,31388,0.0,0.0,-0.017291339985653645
2015-05-03,1.6308632277012922,1.7062787955352088,1.6308632277012922,1.6968518495559692,33751,0.0,0.0,0.04546199013486871
2015-05-04,1.706278945409319,1.7439868450164795,1.706278945409319,1.7439868450164795,41299,0.0,0.0,0.027399101403378732
2015-05-05,1.7345598936080933,1.7345598936080933,1.7062789408832235,1.7345598936080933,34159,0.0,0.0,-0.005420064868897601
2015-05-06,1.7439869945676088,1.8288296354865952,1.7439869945676088,1.8194025754928589,216873,0.0,0.0,0.047754474383157414
2015-05-07,1.79583495599959,1.824115794902403,1.791121482849121,1.791121482849121,30989,0.0,0.0,-0.01566624157937799
2015-05-10,1.8288295355173152,1.8853912181194223,1.8288295355173152,1.8476834297180176,70303,0.0,0.0,0.031090703882015753
2015-05-11,1.8853912353515625,1.913672076911098,1.8853912353515625,1.8853912353515625,217439,0.0,0.0,0.020202696994600346
2015-05-12,1.8853912890259532,1.8948182364808368,1.8665373941161865,1.871250867843628,59832,0.0,0.0,-0.007528230745615942
2015-05-13,1.8853914767848508,1.913672321965882,1.8853914767848508,1.894818425178528,37440,0.0,0.0,0.0125158955667407
2015-05-14,1.913671979768252,1.932525873184204,1.8759641929363475,1.932525873184204,93944,0.0,0.0,0.01970487374636099
2015-05-17,1.9230994079735024,1.960807204246521,1.9230994079735024,1.960807204246521,128442,0.0,0.0,0.014528337519163808
2015-05-18,2.1116380497140885,2.1681997290062904,2.045649423873186,2.073930263519287,352313,0.0,0.0,0.0560892577337622
2015-05-19,2.073930191013321,2.168199653204602,2.073930191013321,2.1587727069854736,110415,0.0,0.0,0.04009438390873674
2015-05-20,2.168199795878892,2.2530425421900886,2.1587728490394418,2.2059075832366943,122755,0.0,0.0,0.021599157584859013
2015-05-21,2.21533508668362,2.21533508668362,1.866537741231762,2.0267961025238037,247993,0.0,0.0,-0.08468275494123419
2015-05-24,2.0550765175739,2.1399190425872803,2.0550765175739,2.1399190425872803,561120,0.0,0.0,0.05431172610400222
2015-05-25,2.1399191581208505,2.1776269490515183,2.0550766285268485,2.1304922103881836,547378,0.0,0.0,-0.004414960036807097
2015-05-26,2.130491745020756,2.1587725820413186,2.121064799347235,2.149345636367798,62798,0.0,0.0,0.008810402921698346
2015-05-27,2.149345636367798,2.16819952771484,2.130491745020756,2.149345636367798,35819,0.0,0.0,0.0
2015-05-28,2.1399189988120866,2.1399189988120866,2.0267956344416844,2.045649528503418,368194,0.0,0.0,-0.049448083721390194
2015-05-31,2.0739305094217633,2.0927844047546387,2.036222718756012,2.0927844047546387,118080,0.0,0.0,0.022780073481464113
2015-06-01,2.0645034313201904,2.0645034313201904,2.026795643036814,2.0645034313201904,14350,0.0,0.0,-0.013605701995111285
2015-06-02,2.0362224773244857,2.073930263519287,2.0267955307757854,2.073930263519287,605738,0.0,0.0,0.004555756693782092
2015-06-03,2.0645034313201904,2.0645034313201904,2.0645034313201904,2.0645034313201904,3410,0.0,0.0,-0.004555756693782149
2015-06-04,2.055076475534285,2.055076475534285,2.0267956344416844,2.045649528503418,49659,0.0,0.0,-0.009174371486352865
2015-06-08,2.0173688087299806,2.0550765991210938,2.0173688087299806,2.0550765991210938,23114,0.0,0.0,0.004597764850025778
2015-06-09,2.0550765991210938,2.0550765991210938,2.026795756327759,2.0550765991210938,35937,0.0,0.0,0.0
2015-06-10,2.036222590107658,2.0645034313201904,2.036222590107658,2.0645034313201904,17580,0.0,0.0,0.0045766066363270705
2015-06-11,2.0645034313201904,2.0645034313201904,2.0645034313201904,2.0645034313201904,0,0.0,0.0,0.0
2015-06-14,2.045649267768594,2.045649267768594,2.007941484451294,2.007941484451294,33374,0.0,0.0,-0.027779668205974262
2015-06-15,2.007941740379951,2.055076475534285,2.007941740379951,2.045649528503418,28392,0.0,0.0,0.018605296719621446
2015-06-16,2.045649267768594,2.045649267768594,2.007941484451294,2.007941484451294,51281,0.0,0.0,-0.018605296719621342
2015-06-17,2.026795376109944,2.026795376109944,2.007941484451294,2.007941484451294,39796,0.0,0.0,0.0
2015-06-18,2.007941695441948,2.007941695441948,1.9796606302261353,1.9796606302261353,65266,0.0,0.0,-0.014184629055065831
2015-06-21,1.9890880607676575,2.0079421837486695,1.9890880607676575,1.998515009880066,20426,0.0,0.0,0.009478978573711043
2015-06-22,1.998514437487943,2.0173685550689697,1.998514437487943,2.0173685550689697,84184,0.0,0.0,0.009389556943287412
2015-06-23,2.0173691328610777,2.0173691328610777,1.998515009880066,1.998515009880066,37659,0.0,0.0,-0.009389556943287383
2015-06-24,2.007941608656522,2.0173685550689697,2.007941608656522,2.0173685550689697,12062,0.0,0.0,0.009389556943287412
2015-06-25,2.017368430280619,2.017368430280619,2.007941484451294,2.007941484451294,3299,0.0,0.0,-0.004683906461932568
2015-06-28,2.0267956344416844,2.045649528503418,2.0267956344416844,2.045649528503418,23370,0.0,0.0,0.018605296719621446
2015-06-29,2.0362230517317945,2.0456500009397853,2.017369153315813,2.0267961025238037,17983,0.0,0.0,-0.009259085267503282
2015-06-30,2.0362225814725514,2.045649528503418,2.007941740379951,2.045649528503418,52798,0.0,0.0,0.009259085267503265
2015-07-01,2.07393049431665,2.0833574419144285,2.0550765991210938,2.0550765991210938,14660,0.0,0.0,0.004597764850025778
2015-07-02,2.064503422565152,2.0833573166268855,2.045649528503418,2.045649528503418,24000,0.0,0.0,-0.004597764850025867
2015-07-05,2.055076370421886,2.0927841566166876,2.055076370421886,2.073930263519287,40152,0.0,0.0,0.013730128180135016
2015-07-06,2.083357797771749,2.10221169618773,2.0267961025238037,2.0267961025238037,127269,0.0,0.0,-0.022989213447638355
2015-07-07,2.0267961025238037,2.064503899355767,2.0267961025238037,2.0267961025238037,13419,0.0,0.0,0.0
2015-07-08,2.0267955114270357,2.036222457885742,2.0267955114270357,2.036222457885742,52735,0.0,0.0,0.004640083294981455
2015-07-09,2.036222457885742,2.036222457885742,2.0267955114270357,2.036222457885742,4619,0.0,0.0,0.0
2015-07-12,2.0362230517317945,2.10221169618773,2.0267961025238037,2.0267961025238037,62315,0.0,0.0,-0.004640083294981471
2015-07-13,2.045649332336931,2.1210649013519287,2.045649332336931,2.1210649013519287,2825,0.0,0.0,0.045462002878484994
2015-07-14,2.111637955225054,2.1210649013519287,2.08335711684443,2.1210649013519287,7800,0.0,0.0,0.0
2015-07-15,2.1116383149228497,2.1682000013188514,2.1116383149228497,2.1304922103881836,44612,0.0,0.0,0.004434763188709975
2015-07-16,2.168199795878892,2.2059075832366943,2.168199795878892,2.2059075832366943,25512,0.0,0.0,0.034785988874039206
2015-07-19,2.2718966160091347,2.3755930394652465,2.2718966160091347,2.3096044063568115,120840,0.0,0.0,0.04593723062019546
2015-07-20,2.309603791314844,2.356738516697576,2.281322956085205,2.281322956085205,44783,0.0,0.0,-0.012320738621931986
2015-07-21,2.3001774587698924,2.356739144291408,2.3001774587698924,2.3096044063568115,25730,0.0,0.0,0.012320738621931865
2015-07-22,2.3096044063568115,2.3096044063568115,2.3001774587698924,2.3096044063568115,9108,0.0,0.0,0.0
2015-07-23,2.319031353943731,2.319031353943731,2.2718966160091347,2.3096044063568115,23788,0.0,0.0,0.0
2015-07-26,2.337884859824538,2.3567387518589196,2.2624692916870117,2.2624692916870117,32838,0.0,0.0,-0.020619433444090923
2015-07-27,2.2624696831555826,2.3473122119903564,2.2624696831555826,2.3473122119903564,13624,0.0,0.0,0.03681411024342071
2015-07-28,2.3378849029541016,2.356738795336302,2.3378849029541016,2.3378849029541016,16640,0.0,0.0,-0.004024301017824457
2015-07-29,2.337885264342048,2.3473122119903564,2.3096044213971236,2.3473122119903564,14023,0.0,0.0,0.0040243010178243966
2015-07-30,2.3473118491452016,2.3473118491452016,2.3096040643808013,2.3378849029541016,14236,0.0,0.0,-0.004024301017824457
2015-08-02,2.328458418337174,2.328458418337174,2.300177574157715,2.300177574157715,5445,0.0,0.0,-0.016260306880017134
2015-08-03,2.309604450073206,2.4227278232574463,2.309604450073206,2.4227278232574463,53787,0.0,0.0,0.05190777893878582
2015-08-04,2.5264246075751515,2.5264246075751515,2.4415818484260097,2.4510087966918945,56487,0.0,0.0,0.011605588511939623
2015-08-05,2.4510087966918945,2.4510087966918945,2.4321549001601244,2.4510087966918945,32277,0.0,0.0,0.0
2015-08-06,2.328458150051618,2.328458150051618,2.1022111979280074,2.2436156272888184,113889,0.0,0.0,-0.08841100965929631
2015-08-09,2.243616125806549,2.243616125806549,1.913672458905248,1.960807204246521,306545,0.0,0.0,-0.13473245654047064
2015-08-10,1.9890879334637628,1.9985148819728351,1.9325262424093272,1.9702340364456177,184735,0.0,0.0,0.00479610855856212
2015-08-11,1.9230990491829216,1.9702337857303165,1.8853912599450064,1.94195294380188,122342,0.0,0.0,-0.014458197136376926
2015-08-12,1.970233569871903,2.026795472288018,1.970233569871903,1.989087462425232,48467,0.0,0.0,0.023981833185984916
2015-08-13,1.9985146887782648,2.0550765991210938,1.9985146887782648,2.0550765991210938,17786,0.0,0.0,0.03263714979548285
2015-08-16,2.055076213597919,2.064503159427244,1.9985143138658512,2.007941484451294,96696,0.0,0.0,-0.02320306156964718
2015-08-17,1.9985143138658512,2.007941484451294,1.9796604222072016,2.007941484451294,9350,0.0,0.0,0.0
2015-08-18,1.9796606302261353,1.9796606302261353,1.9230989493067925,1.9796606302261353,67069,0.0,0.0,-0.014184629055065831
2015-08-19,1.9796606302261353,2.007941695441948,1.932525896126683,1.9796606302261353,30036,0.0,0.0,0.0
2015-08-20,1.9325259712841216,1.9419529184706337,1.857110393792027,1.8853912353515625,194413,0.0,0.0,-0.04879007986558938
2015-08-23,1.7722674779375789,1.809975260751764,1.743986640826939,1.8005483150482178,159641,0.0,0.0,-0.046044113288439326
2015-08-24,1.7911215601864936,1.9608067133081324,1.7722676667705417,1.932525873184204,100829,0.0,0.0,0.07073665185592498
2015-08-25,1.8759640180846255,2.026795376109944,1.8759640180846255,2.007941484451294,124458,0.0,0.0,0.03828217035316963
2015-08-26,2.073930263519287,2.1022111031653883,2.0362224773244857,2.073930263519287,69282,0.0,0.0,0.03233542489975629
2015-08-27,2.111638069152832,2.121065015788312,2.0739302826109105,2.111638069152832,53958,0.0,0.0,0.018018497291264923
2015-08-30,2.121064799347235,2.2153342560824445,2.121064799347235,2.149345636367798,148984,0.0,0.0,0.017699458249990148
2015-08-31,2.187054041101453,2.3473123878879303,2.187054041101453,2.1964809894561768,153486,0.0,0.0,0.021693088834394095
2015-09-01,2.243615807936349,2.257756117157268,2.1304922103881836,2.1304922103881836,64433,0.0,0.0,-0.030503491756092634
2015-09-02,2.1587728023302337,2.1681997489657143,2.111638069152832,2.111638069152832,55151,0.0,0.0,-0.008889055328291703
2015-09-03,2.1210649962627888,2.130491942811489,2.073930263519287,2.073930263519287,46677,0.0,0.0,-0.018018497291264948
2015-09-06,2.130491942811489,2.130491942811489,2.073930263519287,2.073930263519287,14422,0.0,0.0,0.0
2015-09-07,2.073929912347339,2.102210747204736,2.073929912347339,2.0833568572998047,14920,0.0,0.0,0.00453498142524734
2015-09-08,2.0833572364558504,2.1307062183753063,2.036008254536395,2.102296829223633,30202,0.01,0.0,0.009050008725822973
2015-09-09,2.1022964466207172,2.135440840821171,2.0360078839975233,2.0833568572998047,18485,0.0,0.0,-0.00905000872582296
2015-09-10,2.083357342327332,2.121236529787831,2.036008358001709,2.036008358001709,11063,0.0,0.0,-0.02298926273161341
2015-09-13,2.0360083534453026,2.0360083534453026,1.9413101592282151,1.988659143447876,89653,0.0,0.0,-0.023530589418113226
2015-09-14,1.9886589623360664,2.026538372039795,1.969719370373075,2.026538372039795,85160,0.0,0.0,0.018868487665759794
2015-09-15,2.036008358001709,2.064417748597083,1.9886591478983189,2.036008358001709,36401,0.0,0.0,0.004662101752353329
2015-09-16,2.0454782444901984,2.092827230890435,2.0454782444901984,2.064417839050293,22772,0.0,0.0,0.013857064742412195
2015-09-17,2.07388748847052,2.092827081680298,2.07388748847052,2.092827081680298,4408,0.0,0.0,0.01366755407120048
2015-09-20,2.0738876363303405,2.0738876363303405,2.064417839050293,2.064417839050293,19298,0.0,0.0,-0.013667554071200436
2015-09-21,2.064417743977099,2.064417743977099,1.979189346603944,1.988659143447876,50204,0.0,0.0,-0.037387654160525294
2015-09-22,1.9697195497600115,1.998128940291808,1.9413101592282151,1.988659143447876,88430,0.0,0.0,0.0
2015-09-23,2.1212360583162004,2.282222795019742,2.0928266740351726,2.2727530002593994,793412,0.0,0.0,0.13353125774926225
2015-09-24,2.2727530002593994,2.3201019740611124,2.215934005919627,2.2727530002593994,78314,0.0,0.0,0.0
2015-09-27,2.2727545795219535,2.2727545795219535,2.178056340338113,2.24434494972229,40651,0.0,0.0,-0.012578175363181053
2015-09-28,2.2348740100860596,2.2348740100860596,2.178055230982172,2.2348740100860596,13372,0.0,0.0,-0.004228841606251491
2015-09-29,2.25381497684076,2.25381497684076,2.178056340338113,2.24434494972229,115065,0.0,0.0,0.004228841606251392
2015-09-30,2.2443439560475755,2.27275357326899,2.2064647674560547,2.2064647674560547,22944,0.0,0.0,-0.017022114772387912
2015-10-01,2.178055045568305,2.2254040241241455,2.130706067012465,2.2254040241241455,54578,0.0,0.0,0.00854690102554241
2015-10-04,2.225404311935285,2.225404311935285,2.1780553272558087,2.2159345149993896,6580,0.0,0.0,-0.004264265554524549
2015-10-05,2.2538145206405553,2.348512514878466,2.2538145206405553,2.329572916030884,169477,0.0,0.0,0.050010735480341455
2015-10-06,2.3485119739025597,2.4148005545996307,2.3485119739025597,2.3863911628723145,136410,0.0,0.0,0.02409729815497331
2015-10-07,2.405330834772806,2.5094988335700568,2.405330834772806,2.4621496200561523,346369,0.0,0.0,0.03125254657818407
2015-10-08,2.490559228188471,2.594727000777678,2.490559228188471,2.5568478107452393,146880,0.0,0.0,0.03774037819281163
2015-10-11,2.604197093820662,2.7935932912540897,2.575787698072319,2.67995548248291,159783,0.0,0.0,0.04702500750930797
2015-10-12,2.689424892266792,2.774653292968515,2.67995509505302,2.708364486694336,72821,0.0,0.0,0.010544758890020739
2015-10-13,2.746244177429428,2.8220025627562104,2.746244177429428,2.793593168258667,101050,0.0,0.0,0.030983698901846598
2015-10-14,2.7935934202246973,2.878821611404419,2.7462444251248517,2.878821611404419,212722,0.0,0.0,0.0300524065483264
2015-10-15,2.859881615013247,3.020868401706785,2.8409420196113944,3.0019288063049316,198847,0.0,0.0,0.041873969797491556
2015-10-18,3.0587476543767833,3.2576136358962944,3.0587476543767833,3.125036239624023,209468,0.0,0.0,0.04019086229216455
2015-10-19,3.172384946041509,3.172384946041509,3.0303379903282033,3.0871567726135254,66120,0.0,0.0,-0.012195350791048502
2015-10-20,3.0776865999044833,3.0776865999044833,2.888290456293274,3.0208678245544434,137987,0.0,0.0,-0.02170637977872182
2015-10-21,3.0303382645115633,3.0303382645115633,2.8977608680725098,2.8977608680725098,47751,0.0,0.0,-0.04160582493025952
2015-10-22,2.9356400088368453,2.973519425575967,2.897760817875511,2.9072306156158447,66131,0.0,0.0,0.0032626252666106033
2015-10-25,3.0113989112379005,3.0776875019073486,2.91670069878945,3.0776875019073486,322703,0.0,0.0,0.056977554349256485
2015-10-26,3.077686835725552,3.096626428960104,2.9924586661700694,3.0682170391082764,43033,0.0,0.0,-0.003081880049300313
2015-10-27,3.058747381470865,3.0871567726135254,3.058747381470865,3.0871567726135254,53450,0.0,0.0,0.006153905142414498
2015-10-28,3.0587472424910005,3.096626428960104,3.0492774458737246,3.0682170391082764,284400,0.0,0.0,-0.006153905142414495
2015-10-29,3.0587472424910005,3.0918916435403463,3.030337852639173,3.0682170391082764,32207,0.0,0.0,0.0
2015-11-01,3.06821670827536,3.0871562994677353,2.9924583435058594,2.9924583435058594,33693,0.0,0.0,-0.025001385813039127
2015-11-02,2.992458721842777,3.077686892983874,2.9829889250493222,3.0113983154296875,8912,0.0,0.0,0.00630928945461438
2015-11-03,3.0776868851033563,3.0776868851033563,2.982988917411282,3.0587472915649414,12024,0.0,0.0,0.015600922794220673
2015-11-04,3.049277807504201,3.2007947971276014,3.030338212023499,3.1345059871673584,41001,0.0,0.0,0.02446613151380846
2015-11-05,3.172384646332235,3.181854442485135,3.0682168886503356,3.143975257873535,247125,0.0,0.0,0.0030164230859425073
2015-11-08,3.1629153689620404,3.456479549407959,3.1629153689620404,3.456479549407959,111861,0.0,0.0,0.09476259492209012
2015-11-09,3.4564793019833084,3.636405445520345,3.4564793019833084,3.503828287124634,101315,0.0,0.0,0.013605567232355585
2015-11-10,3.503827666250898,3.6269350058038823,3.503827666250898,3.5795860290527344,123099,0.0,0.0,0.02139099232629066
2015-11-11,3.570116853167829,3.570116853167829,3.0871567549503123,3.181854724884033,274602,0.0,0.0,-0.11778288579498646
2015-11-12,3.077686503871548,3.077686503871548,2.9640489567172965,2.9924583435058594,235479,0.0,0.0,-0.061369035534335745
2015-11-15,3.0019289501951905,3.2007949372245976,2.9829893538855132,3.1534457206726074,184822,0.0,0.0,0.05240049651151641
2015-11-16,3.1723847337605093,3.3523110914019787,3.16291493734663,3.31443190574646,262403,0.0,0.0,0.049790503570796826
2015-11-17,3.3428414477513138,3.3428414477513138,3.143975488194187,3.191324472427368,113774,0.0,0.0,-0.03785021239121436
2015-11-18,3.210264594867952,3.219734392608303,3.1155663916866567,3.1345059871673584,98696,0.0,0.0,-0.017964443928455465
2015-11-19,3.1250358945009147,3.191324472427368,3.096626503961006,3.191324472427368,38736,0.0,0.0,0.017964443928455455
2015-11-22,3.2292042650269837,3.3049626487017725,3.143975857615053,3.2576136589050293,127148,0.0,0.0,0.020558895114805447
2015-11-23,3.2670831185942637,3.352311291403972,3.2481435246365504,3.27655291557312,85186,0.0,0.0,0.005797008536737564
2015-11-24,3.286022516504821,3.371250684229738,3.286022516504821,3.31443190574646,35050,0.0,0.0,0.011494308739671506
2015-11-25,3.314431911766606,3.3428413010598463,3.267082929611206,3.267082929611206,27641,0.0,0.0,-0.014388721814389436
2015-11-26,3.314432057211405,3.314432057211405,3.191324472427368,3.191324472427368,25639,0.0,0.0,-0.02346149057682492
2015-11-29,3.295492514582268,3.295492514582268,3.1155661459304285,3.181854724884033,36118,0.0,0.0,-0.0029717521567632714
2015-11-30,3.1818555653818055,3.1818555653818055,3.1155669689178467,3.1155669689178467,40444,0.0,0.0,-0.02105312541780177
2015-12-01,3.115565875611165,3.115565875611165,2.9545791149139404,2.9545791149139404,86777,0.0,0.0,-0.0530549389583156
2015-12-02,2.9545794400301846,3.0019286518768196,2.604196717342843,2.708364486694336,179234,0.0,0.0,-0.08701126695154522
2015-12-03,2.5757871045345717,2.698894457743139,2.4242701363462715,2.661015272140503,247693,0.0,0.0,-0.017637211033307627
2015-12-06,2.689424981248108,2.9640495610891744,2.689424981248108,2.784123182296753,156682,0.0,0.0,0.04522525678028874
2015-12-07,2.840941982540328,2.964049576823746,2.708364590679555,2.9167003631591797,244028,0.0,0.0,0.046519976709861015
2015-12-08,2.964049745691,2.964049745691,2.831472346277053,2.840942144393921,32481,0.0,0.0,-0.0263172265748083
2015-12-09,2.9072305655818234,2.982989171978458,2.8693513752723976,2.9167003631591797,42573,0.0,0.0,0.02631722657480838
2015-12-10,3.0398077470995237,3.0871567317099373,3.011398356333276,3.0492775440216064,95899,0.0,0.0,0.044451727030585995
2015-12-13,3.0492776536372066,3.134505828999738,2.9829890727996826,2.9829890727996826,59299,0.0,0.0,-0.02197884938050947
2015-12-14,2.878821077134368,3.0871568426872207,2.8598814826093615,2.9829890727996826,8859,0.0,0.0,0.0
2015-12-15,2.9829892712370807,3.153445633301412,2.9829892712370807,3.125036239624023,66272,0.0,0.0,0.04652003743291024
2015-12-16,3.1250362762027133,3.1629154682159424,3.077687286186177,3.1629154682159424,38122,0.0,0.0,0.012048338973019415
2015-12-17,3.1629151832166573,3.3144321633946987,3.1534453860666405,3.2197341918945312,58664,0.0,0.0,0.017804588274044596
2015-12-20,3.2954925690946655,3.2954925690946655,3.2197341918945312,3.2197341918945312,91564,0.0,0.0,0.0
2015-12-21,3.238673786194565,3.257613380494598,3.1534453860666405,3.2197341918945312,58267,0.0,0.0,0.0
2015-12-22,3.2386736824383155,3.257613276131588,3.172384878734096,3.191324472427368,37297,0.0,0.0,-0.008862781302467168
2015-12-23,3.210264483298168,3.2481436729431152,3.210264483298168,3.2481436729431152,8645,0.0,0.0,0.0176476298562323
2015-12-27,3.2481436729431152,3.2481436729431152,3.2481436729431152,3.2481436729431152,0,0.0,0.0,0.0
2015-12-28,3.2481433367490458,3.314431911766606,3.238673540317966,3.267082929611206,74138,0.0,0.0,0.005813860720592487
2015-12-29,3.2576133304514947,3.2576133304514947,3.1818547286373824,3.229203939437866,34993,0.0,0.0,-0.011661867841894404
2015-12-30,3.2292039859643755,3.2292039859643755,3.1723849773406982,3.1723849773406982,28895,0.0,0.0,-0.017751984688587397
2016-01-03,3.1818550494524476,3.2576136589050293,3.172385251493099,3.2576136589050293,86613,0.0,0.0,0.02651125706846227
2016-01-04,3.2481436729431152,3.257613470354352,3.172385067875442,3.2481436729431152,21455,0.0,0.0,-0.0029112652585729427
2016-01-05,3.2386738755318785,3.2670832677655888,3.1818548652866783,3.2481436729431152,18195,0.0,0.0,0.0
2016-01-06,3.219734444326443,3.248143838003831,3.125036239624023,3.125036239624023,64419,0.0,0.0,-0.03863777580082918
2016-01-07,3.125035991635778,3.2197341888233915,3.068217208789874,3.1723849773406982,73674,0.0,0.0,0.015037783990939765
2016-01-10,3.191324824871263,3.191324824871263,3.125036239624023,3.125036239624023,673624,0.0,0.0,-0.015037783990939824
2016-01-11,3.1818545542271206,3.1818545542271206,2.926169823341805,2.9356396198272705,34100,0.0,0.0,-0.0625205218728009
2016-01-12,2.9261702484850995,2.9640496657082185,2.9072306527624354,2.9451098442077637,75249,0.0,0.0,0.003220757022500745
2016-01-13,2.916700529328864,2.916700529328864,2.746244163225242,2.840942144393921,141596,0.0,0.0,-0.03601037680749494
2016-01-14,2.8693509101867676,2.907230094356455,2.8409415220595022,2.8693509101867676,107147,0.0,0.0,0.009950102351657365
2016-01-17,2.7746535575758458,2.9829893419247355,2.7746535575758458,2.840942144393921,86002,0.0,0.0,-0.009950102351657438
2016-01-18,2.9261700634468855,2.9829890727996826,2.878821077134368,2.9829890727996826,47083,0.0,0.0,0.048790104224884834
2016-01-19,2.973519425575967,2.973519425575967,2.9072306156158447,2.9072306156158447,135329,0.0,0.0,-0.02572489280050883
2016-01-20,2.8409424153245424,2.973519827381928,2.7462444251248517,2.878821611404419,44016,0.0,0.0,-0.009819901856237002
2016-01-21,2.878820568825934,3.0776865020028645,2.878820568825934,3.0398073196411133,28326,0.0,0.0,0.05441308400126842
2016-01-24,3.0398079971086376,3.1250361764169763,2.9924590086040053,3.0019288063049316,14849,0.0,0.0,-0.012539114203776793
2016-01-26,3.03033815986524,3.115566338061448,2.9167003631591797,2.9167003631591797,75299,0.0,0.0,-0.02880205279082233
2016-01-27,2.9735194635695503,2.9735194635695503,2.935640046346432,2.9451098442077637,4613,0.0,0.0,0.00969315023268667
2016-01-28,2.9356395225704732,3.0208679138938273,2.9356395225704732,2.9545791149139404,35672,0.0,0.0,0.003210094262016442
2016-01-31,2.9829888280881462,3.058747199973284,2.9829888280881462,3.0303378105163574,105956,0.0,0.0,0.02531789271361608
2016-02-01,3.011398117722093,3.030337710065561,2.9545791149139404,2.9545791149139404,174292,0.0,0.0,-0.025317892713616078
2016-02-02,2.9640494782746756,2.9829890727996826,2.9640494782746756,2.9829890727996826,10933,0.0,0.0,0.009569633155373564
2016-02-03,2.992458525378626,3.030337710065561,2.9545791149139404,2.9545791149139404,29555,0.0,0.0,-0.009569633155373557
2016-02-04,2.9356398685495675,2.9356398685495675,2.793592909232653,2.8882908821105957,138641,0.0,0.0,-0.022691272301539785
2016-02-07,2.869350865170259,2.8882904569579644,2.817266874865198,2.8314716815948486,400550,0.0,0.0,-0.019868331591873536
2016-02-08,2.755713511858507,2.774653105003011,2.689424710074982,2.746243715286255,360751,0.0,0.0,-0.03056254907614477
2016-02-09,2.7367742941769015,2.7651836877911933,2.52843851522764,2.71783447265625,349033,0.0,0.0,-0.010398642789328836
2016-02-10,2.6515456965759117,2.869351257708933,2.6515456965759117,2.803062677383423,170028,0.0,0.0,0.030877219300781956
2016-02-11,2.8693514637739272,2.8693514637739272,2.765183687210083,2.765183687210083,32370,0.0,0.0,-0.013605566999325549
2016-02-14,2.840942070165606,2.840942070165606,2.689425078476769,2.765183687210083,27258,0.0,0.0,0.0
2016-02-15,2.75571396134211,2.8504119425107888,2.6988949468631063,2.840942144393921,40220,0.0,0.0,0.02702867238791942
2016-02-16,2.840941815993359,2.9356397862153627,2.793592830882357,2.812532424926758,25096,0.0,0.0,-0.01005044181608719
2016-02-17,2.746243599135797,3.011398117722093,2.6988943924993785,2.9545791149139404,161346,0.0,0.0,0.04927091288559845
2016-02-18,2.9640494451775954,2.9640494451775954,2.8220022620483904,2.8504116535186768,168025,0.0,0.0,-0.03589278553128166
2016-02-21,2.8504122143445114,2.878821611404419,2.7178348022871264,2.878821611404419,7841,0.0,0.0,0.009917624029909389
2016-02-22,2.9356399583138924,2.9545795534686055,2.7935929946535465,2.9167003631591797,14135,0.0,0.0,0.013071917006669194
2016-02-23,2.8977608306083673,2.8977608306083673,2.81253265057087,2.859881639480591,88712,0.0,0.0,-0.019672725539433687
2016-02-24,2.840941815993359,2.840941815993359,2.746243845771355,2.812532424926758,69844,0.0,0.0,-0.016694942851461784
2016-02-25,2.784123370092819,2.803062966424515,2.717834557154087,2.793593168258667,63909,0.0,0.0,-0.006756655164100191
2016-02-28,2.8409417831523505,2.8409417831523505,2.7083644005963565,2.727304220199585,26172,0.0,0.0,-0.024014984959200198
2016-02-29,2.717834641570852,2.717834641570852,2.5473782692911655,2.642076253890991,493954,0.0,0.0,-0.03174858833567303
2016-03-01,2.604196307560313,2.651545286178589,2.556847328942037,2.651545286178589,133734,0.0,0.0,0.003577529037618788
2016-03-02,2.7083644005963565,2.765183407850507,2.698894603683626,2.727304220199585,6144,0.0,0.0,0.028171059298054166
2016-03-03,2.727304495732321,2.812532676557285,2.6988948763462095,2.765183687210083,50293,0.0,0.0,0.013793409551468207
2016-03-06,2.765183759458978,2.840942144393921,2.746244163225242,2.840942144393921,29994,0.0,0.0,0.02702867238791942
2016-03-07,2.8598817406276567,2.916700529328864,2.831472346277053,2.840942144393921,27369,0.0,0.0,0.0
2016-03-08,2.850411841698647,2.916700426172256,2.840942043916703,2.859881639480591,15273,0.0,0.0,0.006644501035374622
2016-03-09,2.8551228918443634,2.8551228918443634,2.759952219544797,2.80753755569458,164638,0.015,0.0,-0.018472454720363105
2016-03-10,2.8170550173662825,2.902708634429042,2.778986743116167,2.874157428741455,46995,0.0,0.0,0.023451778574548617
2016-03-13,2.8551228694030657,3.0169132379454355,2.8551228694030657,2.95029354095459,33452,0.0,0.0,0.02614510777715302
2016-03-14,2.9883618773767284,3.1120837438066387,2.9502933838781424,3.045464277267456,48930,0.0,0.0,0.031748690738472564
2016-03-15,3.0454642489825674,3.0930495817828896,2.978844783062116,3.0073959827423096,44378,0.0,0.0,-0.012578779233957029
2016-03-16,3.0264304292798014,3.121601104736328,3.0264304292798014,3.121601104736328,31688,0.0,0.0,0.03727146247307135
2016-03-17,3.1501526217843083,3.264357670635528,3.1501526217843083,3.235806465148926,40357,0.0,0.0,0.03593214580613062
2016-03-20,3.197737604708677,3.235806101315206,3.1406352001560616,3.2262890338897705,59505,0.0,0.0,-0.002945619773712414
2016-03-21,3.1882205899115776,3.216772019563973,3.112084049251296,3.140635251998902,52940,0.0,0.0,-0.02690748180759996
2016-03-22,3.121601252126981,3.169186592102051,3.121601252126981,3.169186592102051,45576,0.0,0.0,0.009049870399380228
2016-03-23,3.169186490714975,3.197737693786621,3.1025670168811352,3.197737693786621,10729,0.0,0.0,0.008968629680860292
2016-03-28,3.1977381523195474,3.2167725173348294,3.159669876098633,3.159669876098633,13634,0.0,0.0,-0.01197603653992205
2016-03-29,3.18822085331143,3.18822085331143,3.178703784942627,3.178703784942627,10004,0.0,0.0,0.006005946344222814
2016-03-30,3.173945406475549,3.235806465148926,3.1406355532887744,3.235806465148926,81407,0.0,0.0,0.017804691696770802
2016-03-31,3.2358064753603637,3.254840612411499,3.1406355631998752,3.254840612411499,24487,0.0,0.0,0.005865116867087739
2016-04-03,3.416630057109851,3.711659573018927,3.416630057109851,3.59745454788208,473322,0.0,0.0,0.10008321787686361
2016-04-04,3.597455231314259,3.597455231314259,3.5213186846953772,3.5403528213500977,80478,0.0,0.0,-0.01600013611009488
2016-04-05,3.4927664131504166,3.540351740256402,3.4166296628761015,3.530834674835205,49270,0.0,0.0,-0.0026920944377417507
2016-04-06,3.521318423650038,3.521318423650038,3.502284288406372,3.502284288406372,20465,0.0,0.0,-0.0081188853496903
2016-04-07,3.521318441249318,3.7021429538726807,3.502284305910521,3.7021429538726807,96911,0.0,0.0,0.05549641927454864
2016-04-10,3.711659502691627,3.787796033403739,3.616488612396727,3.664073944091797,44873,0.0,0.0,-0.010336200858413302
2016-04-11,3.626006089112798,3.635523156528916,3.568903684616089,3.568903684616089,75503,0.0,0.0,-0.02631717037055228
2016-04-12,3.616489152356226,3.7877965989402766,3.616489152356226,3.7592453956604,64533,0.0,0.0,0.05195978713137499
2016-04-13,3.768762439634724,3.768762439634724,3.673591535730991,3.721177101135254,35372,0.0,0.0,-0.010178201347258962
2016-04-14,3.7497283279004416,3.806830734460194,3.7497283279004416,3.7592453956604,74219,0.0,0.0,0.010178201347259002
2016-04-17,3.7592458250521856,3.9305532912034646,3.7116604808170583,3.902001857757568,108091,0.0,0.0,0.037271473687915606
2016-04-18,3.930552842244451,3.9971720896593688,3.7592453956604,3.7592453956604,75112,0.0,0.0,-0.0372714736879156
2016-04-19,3.730693635369655,3.835381592003569,3.664073944091797,3.664073944091797,61444,0.0,0.0,-0.025642616760822683
2016-04-20,3.711660079816175,3.8734504596408943,3.702143011997356,3.797313690185547,21733,0.0,0.0,0.03571826525261623
2016-04-21,3.797313792728432,3.8068308608042503,3.749728452349339,3.768762588500977,18251,0.0,0.0,-0.00754717138841084
2016-04-25,3.759245520425158,3.825864996955888,3.683108748913808,3.768762588500977,34530,0.0,0.0,0.0
2016-04-26,3.8544161319732666,3.9115185360412954,3.8353819972839234,3.8544161319732666,67424,0.0,0.0,0.022472816489180633
2016-04-27,3.8829664657171,3.9971712549888982,3.8829664657171,3.949586153030395,98258,0.0,0.0,0.024391263830023015
2016-04-28,3.949586406948858,4.111376762390137,3.911518141410854,4.111376762390137,104517,0.0,0.0,0.040147149059626276
2016-05-01,4.111375992967267,4.139926959872843,4.04475631383853,4.05427360534668,72956,0.0,0.0,-0.013986415127878557
2016-05-02,4.082825517819324,4.216064453125,4.05427454430145,4.216064453125,67729,0.0,0.0,0.03913056289416305
2016-05-03,4.2160642582877275,4.273166656494141,4.139927727345844,4.273166656494141,29714,0.0,0.0,0.013453059257885763
2016-05-04,4.235099994292016,4.27316827417435,4.139929294586182,4.139929294586182,97574,0.0,0.0,-0.03167644903420166
2016-05-05,4.1779961585998535,4.2160644255813455,4.111376918287012,4.1779961585998535,42357,0.0,0.0,0.00915303460976936
2016-05-08,4.197031376982252,4.197031376982252,4.111377981038096,4.168480396270752,41470,0.0,0.0,-0.0022801876670833564
2016-05-09,4.1779961585998535,4.273166826053584,4.1779961585998535,4.1779961585998535,39851,0.0,0.0,0.0022801876670833082
2016-05-10,4.225581998336948,4.235098838806152,4.197030569310199,4.235098838806152,33538,0.0,0.0,0.013574922693972867
2016-05-11,4.2350982314068135,4.273166495443003,4.197029967370625,4.206547260284424,24606,0.0,0.0,-0.006764483386056514
2016-05-12,4.235098541175016,4.492059569118968,4.197030274354396,4.301718235015869,116795,0.0,0.0,0.022372349416756344
2016-05-15,4.301717981623824,4.311235274673132,4.177995894839872,4.282683849334717,72581,0.0,0.0,-0.004434651752914418
2016-05-16,4.301718178608455,4.301718178608455,4.225581645965576,4.225581645965576,48472,0.0,0.0,-0.013422961652566996
2016-05-17,4.177995549245358,4.177995549245358,4.111376318648833,4.149444580078125,36191,0.0,0.0,-0.01818242985797076
2016-05-18,4.130412083712865,4.177997202423545,4.092343807220459,4.092343807220459,26160,0.0,0.0,-0.013856625240210646
2016-05-19,4.082825420355412,4.282684045447735,4.073308580679818,4.225581645965576,20165,0.0,0.0,0.03203905509818142
2016-05-22,4.235097941389297,4.292200787342708,4.092342187934187,4.149444580078125,49428,0.0,0.0,-0.01818242985797076
2016-05-23,4.101859365683443,4.282683849334717,4.101859365683443,4.282683849334717,23979,0.0,0.0,0.03160539151053783
2016-05-24,4.282684402580879,4.282684402580879,4.1399281650662685,4.235098838806152,25151,0.0,0.0,-0.01117321427778557
2016-05-25,4.273166556285408,4.306476628148478,4.235098291707193,4.282683849334717,44871,0.0,0.0,0.011173214277785455
2016-05-26,4.2826839497666365,4.2826839497666365,4.263649817031165,4.273166656494141,18504,0.0,0.0,-0.0022247225473260544
2016-05-29,4.282685377999095,4.51109504699707,4.26365123891593,4.51109504699707,75842,0.0,0.0,0.05418477013141334
2016-05-30,4.558679227574415,4.682401320685842,4.5491623878479,4.5491623878479,127487,0.0,0.0,0.008403197178603203
2016-05-31,4.577713690057719,4.634816093952107,4.425440613006015,4.52061128616333,69514,0.0,0.0,-0.006295900431612399
2016-06-01,4.520611825170149,4.653850783476891,4.520611825170149,4.634816646575928,21296,0.0,0.0,0.024949414781950358
2016-06-02,4.606266196222566,4.606266196222566,4.396890212498082,4.51109504699707,35615,0.0,0.0,-0.02705671152894123
2016-06-05,4.539645269539551,4.539645269539551,4.377854903657983,4.492059707641602,44103,0.0,0.0,-0.00422859947175281
2016-06-06,4.4254399090559975,4.4349567479531125,3.997171267257969,4.254132270812988,203320,0.0,0.0,-0.05442051920824421
2016-06-07,4.292201645819352,4.339786755218656,4.1875136790455825,4.3207526206970215,46055,0.0,0.0,0.015538795261180119
2016-06-08,4.24461741208561,4.406407833099365,4.2255832716022095,4.406407833099365,25900,0.0,0.0,0.01963020237897246
2016-06-09,4.453991889953613,4.473026025875268,4.406406777054275,4.453991889953613,22045,0.0,0.0,0.010740940773118187
2016-06-13,4.434957708076586,4.453991843801007,4.244616350832368,4.37785530090332,49595,0.0,0.0,-0.017241800848851418
2016-06-14,4.349304571473071,4.425441118699009,4.349304571473071,4.396889686584473,13270,0.0,0.0,0.0043384544084221
2016-06-15,4.396889310257371,4.4349575806120995,4.34930419921875,4.34930419921875,16296,0.0,0.0,-0.0108815234435011
2016-06-16,4.339787457631371,4.501577854156494,4.339787457631371,4.501577854156494,24987,0.0,0.0,0.034412091471478605
2016-06-19,4.501575763884884,4.558678150177002,4.473024343834111,4.558678150177002,32424,0.0,0.0,0.012604732580559297
2016-06-20,4.558678150177002,4.558678150177002,4.501575763884884,4.558678150177002,107787,0.0,0.0,0.0
2016-06-21,4.558679479467121,4.568196773529053,4.530128504900441,4.568196773529053,13926,0.0,0.0,0.002085845786803675
2016-06-22,4.568196773529053,4.568196773529053,4.530128504900441,4.568196773529053,27730,0.0,0.0,0.0
2016-06-23,4.5681978843556665,4.5681978843556665,4.339787763233049,4.434958457946777,54601,0.0,0.0,-0.029600299091703638
2016-06-26,4.425441037492984,4.473026151731208,4.216065082654047,4.444475173950195,25952,0.0,0.0,0.0021435420415014954
2016-06-27,4.520612343443489,4.520612343443489,4.492060907913905,4.51109504699707,3696,0.0,0.0,0.014878137362017155
2016-06-28,4.520612343443489,4.520612343443489,4.473026768830741,4.51109504699707,122059,0.0,0.0,0.0
2016-06-29,4.520612343443489,4.520612343443489,4.4825440652771595,4.51109504699707,153273,0.0,0.0,0.0
2016-06-30,4.530127109156017,4.539643946476228,4.482541561126709,4.482541561126709,19562,0.0,0.0,-0.0063497299372770755
2016-07-03,4.682401778494504,4.891777264853797,4.596747943533641,4.872743129730225,495600,0.0,0.0,0.08346685119142269
2016-07-04,4.996466078321231,5.443768556132788,4.996466078321231,5.281978607177734,147290,0.0,0.0,0.08064371422122646
2016-07-05,5.3105282416618635,5.3105282416618635,4.99646481181448,5.1106696128845215,90027,0.0,0.0,-0.03297032839590773
2016-07-06,5.148737794888023,5.234391621180944,4.996464729309082,4.996464729309082,72137,0.0,0.0,-0.022599827118837706
2016-07-07,5.034533374023564,5.082118937497563,5.005982398986816,5.005982398986816,78954,0.0,0.0,0.0019030688046925354
2016-07-10,5.072601693723837,5.186806502625676,5.005982448769217,5.082118988037109,95477,0.0,0.0,0.015094621227921375
2016-07-11,5.082120404265828,5.143981473112137,5.005983843781046,5.0440521240234375,54526,0.0,0.0,-0.007518546331926163
2016-07-12,5.186807948027554,5.234393525235391,5.0440521240234375,5.0440521240234375,63130,0.0,0.0,0.0
2016-07-13,5.044050372498433,5.1392210400568015,5.020257592156456,5.1106696128845215,131139,0.0,0.0,0.013120683418150064
2016-07-14,5.139221392488029,5.139221392488029,5.034533424089891,5.082118988037109,51289,0.0,0.0,-0.005602137086223823
2016-07-17,5.091634273529053,5.148736660540604,5.082117435931844,5.091634273529053,48525,0.0,0.0,0.001870556130424867
2016-07-18,5.139219822943395,5.148736660540604,5.091634273529053,5.091634273529053,83215,0.0,0.0,0.0
2016-07-19,5.091634273529053,5.1011515649356935,5.044049177924142,5.091634273529053,46810,0.0,0.0,0.0
2016-07-20,5.091635602989433,5.110669736963224,5.05356733504185,5.1011528968811035,58905,0.0,0.0,0.001867718016662493
2016-07-21,5.091634273529053,5.110668402532903,5.053566015521351,5.091634273529053,35703,0.0,0.0,-0.0018677180166625203
2016-07-24,5.09163582854081,5.09163582854081,5.044050718403163,5.082118988037109,39810,0.0,0.0,-0.0018705561304248875
2016-07-25,5.044051293458018,5.091636409020681,5.025017156471029,5.072602272033691,44135,0.0,0.0,-0.0018743436763719449
2016-07-26,5.072601233320224,5.091635366409606,4.872742608976954,4.9583964347839355,61164,0.0,0.0,-0.022771565545911157
2016-07-27,4.986947860142672,5.1011531228540825,4.929845455691753,5.082118988037109,92106,0.0,0.0,0.024645909222283068
2016-07-28,5.082118837801601,5.101152972055894,4.96791357846628,5.053567409515381,66561,0.0,0.0,-0.005633886630336741
2016-07-31,5.015500686936796,5.082120404265828,5.015500686936796,5.0440521240234375,38371,0.0,0.0,-0.001884659701589502
2016-08-01,5.0440521240234375,5.091637247421577,4.996466546815601,5.0440521240234375,73596,0.0,0.0,0.0
2016-08-02,5.091635479372847,5.1392210400568015,5.044050372498433,5.1106696128845215,61754,0.0,0.0,0.013120683418150064
2016-08-03,5.1392208587916075,5.424732851396432,5.1392208587916075,5.329562187194824,145884,0.0,0.0,0.04193865823064196
2016-08-04,5.491352727639089,5.491352727639089,5.291494099199801,5.396182060241699,95928,0.0,0.0,0.012422584063658568
2016-08-07,5.453285182796684,5.710246245700837,5.4342510467967315,5.577007293701172,71167,0.0,0.0,0.032960627596204384
2016-08-08,5.60555951842711,5.71024751663208,5.567491237954338,5.71024751663208,252085,0.0,0.0,0.023610065425385223
2016-08-09,5.71976297811156,5.71976297811156,5.5484553171491635,5.662660121917725,47331,0.0,0.0,-0.008368602639267324
2016-08-10,5.653144089929945,5.653144089929945,5.548456110354497,5.596041679382324,38739,0.0,0.0,-0.011834263168323344
2016-08-11,5.596040826746751,5.662660068663787,5.577006692797662,5.586523532867432,40070,0.0,0.0,-0.0017023193932305155
2016-08-14,5.67217728762855,5.67217728762855,5.596040752837758,5.634109020233154,42530,0.0,0.0,0.008481834231925466
2016-08-15,5.634109804986512,5.643626646256153,5.519904986893176,5.567490100860596,71649,0.0,0.0,-0.01189467755562416
2016-08-16,5.548456007430276,5.643626689910889,5.51038773443803,5.643626689910889,21203,0.0,0.0,0.013582546855265576
2016-08-17,5.6436272576384905,5.6436272576384905,5.557973861694336,5.557973861694336,36686,0.0,0.0,-0.015293260497248303
2016-08-18,5.653143380308987,5.700728489553989,5.52942127941477,5.61507511138916,134831,0.0,0.0,0.010221336534495334
2016-08-21,5.691211236463547,5.900586700337264,5.6436256768602115,5.853001594543457,180401,0.0,0.0,0.04149965772289627
2016-08-22,5.881553834255206,6.195617778435357,5.814934581030929,6.186100482940674,288497,0.0,0.0,0.055350294995105916
2016-08-23,6.186100175428168,6.281270856595911,6.167066039194619,6.252719879150391,93231,0.0,0.0,0.01071163201275521
2016-08-24,6.281271687579805,6.281271687579805,6.224169271324767,6.262237548828125,44722,0.0,0.0,0.0015210074133140664
2016-08-25,6.186099680842648,6.186099680842648,5.729279993951116,5.891070365905762,134000,0.0,0.0,-0.06109985004847999
2016-08-28,5.9862412389000506,6.03382680416955,5.8910705621706345,5.995758533477783,71231,0.0,0.0,0.017614601047996226
2016-08-29,5.948174142746666,5.98624242095547,5.929140003642264,5.9767255783081055,43532,0.0,0.0,-0.0031794523217593073
2016-08-30,5.976723417501179,6.024308521153571,5.948171992262137,5.95768928527832,75859,0.0,0.0,-0.003190153751459801
2016-08-31,5.98624242095547,6.0052765600598725,5.967208281851068,5.9767255783081055,71979,0.0,0.0,0.003190153751459711
2016-09-01,5.976724499707316,5.995758635376688,5.957690364037945,5.986241340637207,44028,0.0,0.0,0.0015908702917100208
2016-09-04,5.995759717412508,6.0052765600598725,5.957691439203703,5.9767255783081055,49672,0.0,0.0,-0.00159087029170999
2016-09-05,5.967207469620121,5.967207469620121,5.719763694943885,5.843485355377197,129179,0.0,0.0,-0.022545429590791078
2016-09-06,5.833968701450482,5.833968701450482,5.74831485748291,5.74831485748291,56193,0.0,0.0,-0.01642068265648875
2016-09-07,5.8007886031537055,5.8007886031537055,5.629054891657233,5.724462509155273,37250,0.015,0.0,-0.004158083423385453
2016-09-08,5.724461890070474,5.724461890070474,5.629054282890504,5.686298847198486,32867,0.0,0.0,-0.006689089897539933
2016-09-11,5.562269407685847,5.562269407685847,5.342831656982351,5.352372646331787,126284,0.0,0.0,-0.060519622378558395
2016-09-12,5.371454597984446,5.552729315609472,5.371454597984446,5.476402759552002,100510,0.0,0.0,0.022908506783211272
2016-09-13,5.476402124500691,5.476402124500691,5.085230674161898,5.171097755432129,84105,0.0,0.0,-0.05736345689006455
2016-09-14,5.171098255144964,5.199720315041358,4.846711876722908,5.180638790130615,285327,0.0,0.0,0.0018433694401327916
2016-09-15,5.19018020702336,5.447781041979507,5.152017154062411,5.438240051269531,133580,0.0,0.0,0.04852712131043454
2016-09-18,5.438239506441358,5.438239506441358,5.40007645730376,5.419157981872559,3757,0.0,0.0,-0.0035150390519156586
2016-09-19,5.419158524789056,5.485944094940456,5.400076998308582,5.438240051269531,71472,0.0,0.0,0.003515039051915719
2016-09-20,5.419158524789056,5.438240051269531,5.371454936057608,5.438240051269531,43458,0.0,0.0,0.0
2016-09-21,5.4477793676814406,5.4477793676814406,5.361912297439598,5.371453285217285,41096,0.0,0.0,-0.012356986235497682
2016-09-22,5.4191585027370515,5.4382400291398785,5.352373387796895,5.428699493408203,41400,0.0,0.0,0.010601098982542424
2016-09-25,5.323750892386683,5.476403104230481,5.323750892386683,5.438240051269531,59145,0.0,0.0,0.0017558872529552657
2016-09-26,5.447780496195472,5.476402555578955,5.352372873351479,5.419157981872559,21606,0.0,0.0,-0.0035150390519156586
2016-09-27,5.476402736821103,5.533647767361461,5.419158161220191,5.466862201690674,38271,0.0,0.0,0.00876436463947819
2016-09-28,5.4764030819455325,5.4764030819455325,5.304669344320091,5.428699493408203,41431,0.0,0.0,-0.007005212840517783
2016-09-29,5.438239708992991,5.476402759552002,5.371454597984446,5.476402759552002,44209,0.0,0.0,0.008748853392452337
2016-10-02,5.457320586815869,5.457320586815869,5.228342310627791,5.295127868652344,51641,0.0,0.0,-0.03366132697161907
2016-10-03,5.266505517243304,5.438239229620797,5.228342470048305,5.342831611633301,60696,0.0,0.0,0.008968649077818224
2016-10-04,5.304668356804473,5.333290868550092,5.247423788252625,5.285586833953857,42393,0.0,0.0,-0.010772125979464104
2016-10-05,5.285586019240991,5.3142085265747765,5.199718952178955,5.199718952178955,134641,0.0,0.0,-0.016379074334123004
2016-10-06,5.218802364439156,5.218802364439156,5.018446560210424,5.19018030166626,118663,0.0,0.0,-0.0018361396890457713
2016-10-09,5.190177767383276,5.190177767383276,5.132933214849621,5.15201473236084,50938,0.0,0.0,-0.007380588439762908
2016-10-10,5.180639310782304,5.19018030166626,5.1520172480094075,5.19018030166626,41473,0.0,0.0,0.007380588439762895
2016-10-11,5.19018030166626,5.19018030166626,5.075691140695702,5.19018030166626,30319,0.0,0.0,0.0
2016-10-12,5.15201473236084,5.1997182986692545,5.113851697338403,5.15201473236084,78908,0.0,0.0,-0.007380588439762908
2016-10-13,5.180636781158036,5.1997182986692545,5.104310711113163,5.15201473236084,40997,0.0,0.0,0.0
2016-10-16,5.180637959755755,5.180637959755755,5.056608295185657,5.085230350494385,42543,0.0,0.0,-0.01304751986664745
2016-10-17,5.085231800989508,5.085231800989508,4.903957064217,4.951661109924316,73985,0.0,0.0,-0.026617230423941735
2016-10-18,4.903955925397122,4.923037448260948,4.770385265350342,4.770385265350342,188323,0.0,0.0,-0.037296027993544076
2016-10-19,4.770385046462466,4.837170600891113,4.703599492033818,4.837170600891113,336753,0.0,0.0,0.013902893142512052
2016-10-20,4.837170677094254,5.1806380782940735,4.827629688480125,5.1138529777526855,120726,0.0,0.0,0.05562316428442282
2016-10-23,5.171097420056126,5.228341985543836,5.161556431671825,5.2092604637146,67183,0.0,0.0,0.01848477266297655
2016-10-24,5.1997182986692545,5.218799816180472,5.066147676090726,5.15201473236084,52573,0.0,0.0,-0.01105005180577815
2016-10-25,5.161556927427171,5.218801498413086,5.15201639306589,5.218801498413086,75291,0.0,0.0,0.012879929187681893
2016-10-26,5.218800176075212,5.218800176075212,5.085229544285492,5.123392581939697,46061,0.0,0.0,-0.01845094424772514
2016-10-27,5.113852597501293,5.209260201851452,5.104311609596606,5.14247465133667,40831,0.0,0.0,0.003717580003749662
2016-10-30,5.132934529681966,5.132934529681966,4.741762638092041,4.741762638092041,272378,0.0,0.0,-0.08112548212488914
2016-10-31,4.7417639991096125,4.999364852905273,4.7417639991096125,4.999364852905273,48136,0.0,0.0,0.052901943787365485
2016-11-01,4.951659344152089,4.989822385133123,4.78946619251303,4.865792274475098,66460,0.0,0.0,-0.02708132067097983
2016-11-02,5.056609112459679,5.056609112459679,4.8228598633154105,4.913497447967529,36780,0.0,0.0,0.009756445152979173
2016-11-03,4.90395634561912,4.90395634561912,4.7513041496276855,4.7513041496276855,57377,0.0,0.0,-0.033566861249429356
2016-11-06,4.713139904440893,4.713139904440893,4.560487747192383,4.560487747192383,677754,0.0,0.0,-0.0409895582689554
2016-11-07,4.560488128440623,4.665436267852783,4.560488128440623,4.665436267852783,70139,0.0,0.0,0.022751769385022123
2016-11-08,4.665436824517558,4.665436824517558,4.426917552947998,4.426917552947998,74763,0.0,0.0,-0.052477819402953346
2016-11-09,4.531866259533968,4.865793156090692,4.531866259533968,4.713140964508057,36129,0.0,0.0,0.06265102732190006
2016-11-10,4.703599593293909,4.818089182627685,4.6654365484957765,4.741762638092041,39903,0.0,0.0,0.006054373945051319
2016-11-13,4.741762953650835,4.779926455928084,4.6749778482793225,4.694059371948242,17112,0.0,0.0,-0.010111185333624768
2016-11-14,4.684516446063072,4.684516446063072,4.531864319818169,4.5700273513793945,53898,0.0,0.0,-0.0267785559524913
2016-11-15,4.5414053051780865,4.646353414501847,4.512782804037556,4.5700273513793945,22814,0.0,0.0,0.0
2016-11-16,4.579569886909521,4.655895975868117,4.531865853840711,4.59865140914917,366772,0.0,0.0,0.0062438987149124195
2016-11-17,4.636814453628468,4.636814453628468,4.541406842430223,4.59865140914917,12552,0.0,0.0,0.0
2016-11-20,4.57957102851269,4.57957102851269,4.493703929559486,4.5223259925842285,59227,0.0,0.0,-0.01673662697551193
2016-11-21,4.531865664270641,4.713140345434189,4.531865664270641,4.6749773025512695,713973,0.0,0.0,0.033197846047463044
2016-11-22,4.713140225194456,4.951659464597378,4.694058704239796,4.894414901733398,106176,0.0,0.0,0.04587043139993063
2016-11-23,4.923036335671305,5.104310989379883,4.9134958038652154,5.104310989379883,59417,0.0,0.0,0.041990735647888834
2016-11-24,5.066148542579608,5.161556146453742,4.942118430073563,5.008903980255127,203748,0.0,0.0,-0.018868349959668698
2016-11-27,5.0279855261164785,5.190178680981421,5.0279855261164785,5.14247465133667,16133,0.0,0.0,0.026317288535990573
2016-11-28,5.0947704575737935,5.1997185821372165,5.0947704575737935,5.104310989379883,24158,0.0,0.0,-0.007448938576321969
2016-11-29,5.104311609596606,5.199719213946765,5.094771076631262,5.14247465133667,23547,0.0,0.0,0.007448938576321906
2016-11-30,5.123393201626367,5.171097231933689,5.008904074816017,5.161556243896484,24313,0.0,0.0,0.00370371839263989
2016-12-01,5.0756904965909255,5.0756904965909255,4.8753342628479,4.8753342628479,27723,0.0,0.0,-0.05704946283914872
2016-12-04,4.865792392831736,5.03752653636302,4.8276293509224155,4.894414901733398,19504,0.0,0.0,0.0039060702222980287
2016-12-05,4.8276306072274116,4.8848751849882746,4.579570770263672,4.579570770263672,48282,0.0,0.0,-0.06648946360832816
2016-12-06,4.531865424455485,4.541406412141008,4.178857068999129,4.360131740570068,1098104,0.0,0.0,-0.04910300281968282
2016-12-07,4.388753084086308,4.54140567779541,4.388753084086308,4.54140567779541,13889,0.0,0.0,0.040734312158916805
2016-12-08,4.445997390693058,4.636813008561045,4.388752841814432,4.484160423278809,30984,0.0,0.0,-0.012685303396517206
2016-12-11,4.455540106175249,4.4841621642574765,4.302887916564941,4.302887916564941,73412,0.0,0.0,-0.04126487561900876
2016-12-12,4.341050963967518,4.436458582473961,4.293346927244592,4.302887916564941,131633,0.0,0.0,0.0
2016-12-13,4.30288890905988,4.5127857181883915,4.30288890905988,4.455541133880615,52015,0.0,0.0,0.03486211441123853
2016-12-14,4.4650808756352065,4.474621865457873,4.350591727399815,4.369673252105713,22285,0.0,0.0,-0.019460284559326156
2016-12-15,4.3505916363681765,4.484162306514639,4.321969577377932,4.34105110168457,59038,0.0,0.0,-0.00657172750938561
2016-12-18,4.341050963967518,4.360132487668807,4.302887916564941,4.302887916564941,23249,0.0,0.0,-0.008830102342526737
2016-12-19,4.31242845094588,4.350591498348457,4.245642890521665,4.302887916564941,76299,0.0,0.0,0.0
2016-12-20,4.321969509124756,4.341051033130055,4.293346995647098,4.321969509124756,11069,0.0,0.0,0.004424797478022168
2016-12-21,4.274264347955385,4.4173759678413855,4.274264347955385,4.398294448852539,35487,0.0,0.0,0.017505637264387888
2016-12-22,4.350590920056261,4.407835483551025,4.341050386943476,4.407835483551025,14137,0.0,0.0,0.002166908393367859
2016-12-27,4.388755056121332,4.589111305754084,4.388755056121332,4.579570770263672,31178,0.0,0.0,0.038221526540513924
2016-12-28,4.531866437704001,4.608192536496075,4.436458814213909,4.503243923187256,22788,0.0,0.0,-0.016807266558844486
2016-12-29,4.522325737563345,4.579570770263672,4.522325737563345,4.579570770263672,3040,0.0,0.0,0.01680726655884455
2017-01-02,4.465079105631048,4.62727222880585,4.465079105631048,4.531864643096924,20073,0.0,0.0,-0.01047179965625946
2017-01-03,4.43645792079007,4.550947045922103,4.398294879079391,4.512784004211426,30300,0.0,0.0,-0.004219216895056208
2017-01-04,4.522323455864559,4.522323455864559,4.341049278551861,4.484160423278809,77546,0.0,0.0,-0.0063629775059675635
2017-01-05,4.360132448069741,4.503243647059952,4.341050924541753,4.426917552947998,44154,0.0,0.0,-0.012847751502018258
2017-01-08,4.426917552947998,4.426917552947998,4.398295495125718,4.426917552947998,19410,0.0,0.0,0.0
2017-01-09,4.388753746322614,4.436457774356068,4.350590705871582,4.350590705871582,9547,0.0,0.0,-0.01739189955732047
2017-01-10,4.398295356761921,4.465080459539219,4.350591321972945,4.388754367828369,19059,0.0,0.0,0.00873381339830724
2017-01-11,4.369672982364032,4.503243647059952,4.369672982364032,4.426917552947998,24243,0.0,0.0,0.008658086159013199
2017-01-12,4.426915874400183,4.522323455864559,4.426915874400183,4.484160423278809,31782,0.0,0.0,0.012847751502018199
2017-01-15,4.503243016314085,4.522324537169424,4.445998453748068,4.512784004211426,39145,0.0,0.0,0.006362977505967628
2017-01-16,4.493702187581469,4.6845173835754395,4.455539148382675,4.6845173835754395,38840,0.0,0.0,0.037348638373367736
2017-01-17,4.6845191594708036,4.6845191594708036,4.4937038911390035,4.646356105804443,39118,0.0,0.0,-0.008179618035305727
2017-01-18,4.674977916612398,4.7703855363515455,4.503243746142515,4.713140964508057,50194,0.0,0.0,0.014271277975852249
2017-01-19,4.703599888645572,4.903956113886361,4.703599888645572,4.818089485168457,26988,0.0,0.0,0.022022919900708364
2017-01-22,4.846710871877076,4.999363039514355,4.846710871877076,4.894414901733398,39823,0.0,0.0,0.015717261945021238
2017-01-23,4.913495514572617,5.132933192464264,4.913495514572617,5.027984619140625,151433,0.0,0.0,0.02692449262253017
2017-01-24,5.085230734379815,5.247423909837834,5.018445630324914,5.0566086769104,93435,0.0,0.0,0.005676804963691114
2017-01-26,5.056608996124574,5.152016618611193,4.7703856737252845,4.8848748207092285,65481,0.0,0.0,-0.03455237671799828
2017-01-29,4.77992625425195,4.818089299979602,4.493702956355174,4.770385265350342,81659,0.0,0.0,-0.023716589871851684
2017-01-30,4.789466116826147,4.799007104390298,4.674976995692293,4.722680568695068,125878,0.0,0.0,-0.010050514565925928
2017-01-31,4.674976299219022,4.741761382461199,4.5318646916526655,4.54140567779541,54857,0.0,0.0,-0.039139970699539575
2017-02-01,4.550947964281468,4.627274063105062,4.350591727399815,4.369673252105713,78622,0.0,0.0,-0.03854834916361355
2017-02-02,4.369673252105713,4.455540340751974,4.331510202693916,4.369673252105713,52284,0.0,0.0,0.0
2017-02-05,4.436457486830233,4.5127835627856205,4.379212929863692,4.398294448852539,23604,0.0,0.0,0.00652860489049756
2017-02-06,4.398295332790757,4.4173768556144735,4.355361792702548,4.379213809967041,43814,0.0,0.0,-0.004347627681532603
2017-02-07,4.388754343909204,4.465080435204069,4.379213809967041,4.379213809967041,22247,0.0,0.0,0.0
2017-02-08,4.4078356251151485,4.445998668670654,4.379213569918202,4.445998668670654,24059,0.0,0.0,0.015135303261857393
2017-02-09,4.484161783310709,4.493702771820515,4.426917217069989,4.465080261230469,14936,0.0,0.0,0.004282673708762423
2017-02-12,4.493701934814453,4.570028008918762,4.4650794295556935,4.493701934814453,28792,0.0,0.0,0.006389656615681579
2017-02-13,4.5509485105484595,4.570030037544783,4.503244465587904,4.5223259925842285,16481,0.0,0.0,0.00634961519004743
2017-02-14,4.54140606873854,4.54140606873854,4.398294448852539,4.398294448852539,44638,0.0,0.0,-0.027809621094816345
2017-02-15,4.541407149055336,4.541407149055336,4.388754505892021,4.426917552947998,61395,0.0,0.0,0.006486689374580339
2017-02-16,4.360132228338062,4.407835807284277,4.073908934903235,4.236102104187012,489285,0.0,0.0,-0.04405999852752781
2017-02-19,4.293346073498041,4.407835192939219,4.293346073498041,4.331509113311768,74632,0.0,0.0,0.022272474943538234
2017-02-20,4.369673160674814,4.388754684981452,4.302888053071295,4.34105110168457,61844,0.0,0.0,0.0022005018095257525
2017-02-21,4.388754684981452,4.407836209288089,4.3315101120615385,4.34105110168457,39603,0.0,0.0,0.0
2017-02-22,4.4650808756352065,4.4650808756352065,4.3410511925165824,4.369673252105713,281812,0.0,0.0,0.006571727509385716
2017-02-23,4.398295535071384,4.398295535071384,4.302887916564941,4.302887916564941,24130,0.0,0.0,-0.015401829851912385
2017-02-26,4.302886988428915,4.321968508014304,4.293346001166563,4.312427520751953,288139,0.0,0.0,0.002214569659159029
2017-02-27,4.484161395906536,4.512783904023772,4.293346191589407,4.360131740570068,82816,0.0,0.0,0.01100129719745011
2017-02-28,4.293346073498041,4.445998232752945,4.226560526354361,4.331509113311768,20471,0.0,0.0,-0.006586266323608221
2017-03-01,4.341051033130055,4.341051033130055,4.2647244821694406,4.321969509124756,58504,0.0,0.0,-0.002204803054978737
2017-03-02,4.379213833834209,4.388754367828369,4.321969265051072,4.388754367828369,60155,0.0,0.0,0.015334240479954934
2017-03-05,4.388754499364495,4.388754499364495,4.293346881866455,4.293346881866455,30371,0.0,0.0,-0.021978856015549914
2017-03-06,4.293346881866455,4.417377012083611,4.226561322148124,4.293346881866455,26464,0.0,0.0,0.0
2017-03-07,4.283805892646948,4.360132441584787,4.283805892646948,4.293346881866455,7033,0.0,0.0,0.0
2017-03-08,4.307706356048584,4.355569942589076,4.211979639428591,4.307706356048584,38702,0.015,0.0,0.0033390067765038164
2017-03-09,4.307706313076651,4.307706313076651,4.1162528817465285,4.240697383880615,42705,0.0,0.0,-0.015677861444571783
2017-03-12,4.135397498530854,4.2311241973823055,4.125824600415257,4.144969940185547,25104,0.0,0.0,-0.022832196554538175
2017-03-13,4.3364234954097,4.5565951158205396,4.3364234954097,4.470440864562988,562704,0.0,0.0,0.07559149468637755
2017-03-14,4.499159482809269,4.585313750128995,4.47044169801,4.518304824829102,56389,0.0,0.0,0.010649853563767542
2017-03-15,4.527877382700095,4.642749426158564,4.527877382700095,4.594886302947998,112894,0.0,0.0,0.016807127110924944
2017-03-16,4.633176477009727,4.728903169414706,4.594885800047735,4.652321815490723,103725,0.0,0.0,0.012422398286407007
2017-03-19,4.757620998637057,5.159673567401488,4.757620998637057,5.083092212677002,489829,0.0,0.0,0.08855336954634013
2017-03-20,5.140529590687383,5.264974553316411,5.0830935594265245,5.197965621948242,377782,0.0,0.0,0.02234754280132854
2017-03-21,5.169245913074195,5.169245913074195,5.073519229888916,5.073519229888916,99805,0.0,0.0,-0.024232617499129847
2017-03-22,5.083091864480153,5.178818551328387,5.083091864480153,5.15967321395874,42849,0.0,0.0,0.016838541869086496
2017-03-23,5.159673323577502,5.178818661353898,5.111810207366943,5.111810207366943,70621,0.0,0.0,-0.009319657358238288
2017-03-26,5.150100773504342,5.178818551328387,5.1022372018498,5.15967321395874,317766,0.0,0.0,0.00931965735823833
2017-03-27,5.188392440634851,5.494717897140507,5.169247099603248,5.40856409072876,95562,0.0,0.0,0.04711039315884037
2017-03-28,5.408564154281873,5.504290860564724,5.408564154281873,5.4181365966796875,30059,0.0,0.0,0.001768314969018371
2017-03-29,5.456427657423467,5.504291242113188,5.41813697225608,5.466000556945801,38214,0.0,0.0,0.008795234410916305
2017-03-30,5.466000275593154,5.571299882613847,5.466000275593154,5.552154541015625,63286,0.0,0.0,0.015638868615823896
2017-04-02,5.571298238271815,5.705315589904785,5.571298238271815,5.705315589904785,73063,0.0,0.0,0.027212241894888557
2017-04-03,5.705316267833662,5.705316267833662,5.5712989002762034,5.609589576721191,46731,0.0,0.0,-0.016920742280735115
2017-04-04,5.647881128814872,5.647881128814872,5.5904451052424955,5.600017547607422,26718,0.0,0.0,-0.0017078263910843942
2017-04-05,5.6000175316761585,5.6000175316761585,5.47557258605957,5.47557258605957,64988,0.0,0.0,-0.022472879074574965
2017-04-06,5.533010005950928,5.55215535033992,5.485146416747939,5.533010005950928,23981,0.0,0.0,0.010435120164718124
2017-04-09,5.533009399784816,5.533009399784816,5.437282231866181,5.456427574157715,78607,0.0,0.0,-0.013937687159560867
2017-04-10,5.446853916126921,5.446853916126921,5.083092037276908,5.121382713317871,122241,0.0,0.0,-0.06336982138174906
2017-04-11,5.169246464972489,5.169246464972489,5.035229094204638,5.083092212677002,57603,0.0,0.0,-0.007504684097786543
2017-04-12,5.073521115780214,5.3511288284382,5.073521115780214,5.197965621948242,35846,0.0,0.0,0.02234754280132854
2017-04-17,5.217110450763091,5.264974033653414,5.217110450763091,5.255401134490967,70727,0.0,0.0,0.010989012796521626
2017-04-18,5.255401508460826,5.389419367505942,5.245829065078168,5.30326509475708,188611,0.0,0.0,0.009066351201843438
2017-04-19,5.264973038466154,5.264973038466154,5.159673449887787,5.18839168548584,46545,0.0,0.0,-0.021898924525045497
2017-04-20,5.236255631681635,5.322409895651732,5.178819607855217,5.293692111968994,30639,0.0,0.0,0.020092182229980958
2017-04-23,5.178819767035216,5.27454693281586,5.178819767035216,5.255401134490967,31917,0.0,0.0,-0.0072596089067787604
2017-04-25,5.264974302319996,5.274547201970939,5.207538273797278,5.226683616638184,54282,0.0,0.0,-0.005479366058278218
2017-04-26,5.226682486204481,5.331982077285622,5.226682486204481,5.264973163604736,49553,0.0,0.0,0.007299079213706281
2017-04-27,5.255399877911098,5.3319816835168945,5.217109203338623,5.217109203338623,59449,0.0,0.0,-0.009132592410845679
2017-04-30,5.312837785009179,5.331983127480198,5.178819931251069,5.274547100067139,20844,0.0,0.0,0.01094936183796172
2017-05-01,5.331982958407674,5.331982958407674,5.188392666197663,5.255401134490967,35721,0.0,0.0,-0.0036364825825439665
2017-05-02,5.264973163604736,5.27454606118524,5.255400266024233,5.264973163604736,59601,0.0,0.0,0.0018197131554281067
2017-05-03,5.408563432086132,5.408563432086132,5.226682486204481,5.264973163604736,44782,0.0,0.0,0.0
2017-05-04,5.264974490501662,5.312838077545166,5.178820216407753,5.312838077545166,30866,0.0,0.0,0.009050121910020179
2017-05-07,5.293691399885367,5.303263841004991,5.178818911223723,5.264973163604736,32392,0.0,0.0,-0.009050121910020326
2017-05-08,5.312836983709522,5.398990783604625,5.226682727353517,5.236255168914795,29854,0.0,0.0,-0.005469468022656645
2017-05-09,5.27454606118524,5.312836738585495,5.178818911223723,5.264973163604736,75658,0.0,0.0,0.005469468022656741
2017-05-10,5.2649744083044725,5.30326509475708,5.169247692172952,5.30326509475708,64694,0.0,0.0,0.007246638046415351
2017-05-11,5.303265617555337,5.303265617555337,5.207538891987034,5.2458295822143555,21205,0.0,0.0,-0.010889290852525206
2017-05-14,5.255400508498251,5.303264085687343,5.226682727353517,5.236255168914795,27227,0.0,0.0,-0.0018268152165467773
2017-05-15,5.245827596658182,5.245827596658182,4.977792410057751,5.0543742179870605,124047,0.0,0.0,-0.03535253027125782
2017-05-16,5.044800996702917,5.178818353162307,4.920356080331639,5.073519229888916,29888,0.0,0.0,0.0037806548428349946
2017-05-17,4.9969383441638,5.0543748210793655,4.824630282799846,4.949075222015381,60318,0.0,0.0,-0.024833969699189072
2017-05-18,4.939501437575067,4.996937447725843,4.939501437575067,4.958646774291992,19383,0.0,0.0,0.0019321404572840595
2017-05-21,4.977792413888174,5.0256559868232165,4.968219973177683,4.9969377517700195,57979,0.0,0.0,0.007692399415349323
2017-05-22,5.063946662586905,5.130955573403791,4.9969377517700195,4.9969377517700195,59265,0.0,0.0,0.0
2017-05-23,5.0256559868232165,5.130955573403791,4.9969377517700195,4.9969377517700195,49006,0.0,0.0,0.0
2017-05-24,5.054373914337452,5.083091691182424,4.958646774291992,4.958646774291992,43943,0.0,0.0,-0.007692399415349305
2017-05-25,4.958646943347024,5.15967321395874,4.901210931238084,5.15967321395874,31100,0.0,0.0,0.03974037111099151
2017-05-28,5.140528051338353,5.188391624619989,5.025656023215464,5.121382713317871,31182,0.0,0.0,-0.00744878307349862
2017-05-29,5.083091846420368,5.121382521023618,4.958646925729381,4.977792263031006,21759,0.0,0.0,-0.028437991721959256
2017-05-30,4.977792263031006,4.996937600332632,4.929929148007367,4.977792263031006,91462,0.0,0.0,0.0
2017-05-31,5.03522860101776,5.169245958658976,4.977792134139261,5.140527725219727,31672,0.0,0.0,0.032169272408659626
2017-06-01,5.140527922909791,5.169246157453462,4.977792325570977,5.044801235198975,19513,0.0,0.0,-0.01879748981844876
2017-06-04,5.016083852664894,5.121383455262939,4.977793171076684,5.092665672302246,6325,0.0,0.0,0.009443146542261522
2017-06-05,5.092664984730167,5.092664984730167,4.901211146176794,5.0065107345581055,22271,0.0,0.0,-0.017062188909184452
2017-06-06,4.939502052885335,5.054374543957305,4.834202916055624,4.853348255157471,25216,0.0,0.0,-0.031070383640300948
2017-06-07,4.853349416229218,4.968221478321259,4.815058728865204,4.8820672035217285,23527,0.0,0.0,0.0058999088004843174
2017-06-08,4.853349395390524,4.958648556958941,4.805485808160518,4.815058708190918,37112,0.0,0.0,-0.013820499501407792
2017-06-12,4.834203181106079,4.977793004012249,4.834203181106079,4.949075222015381,61139,0.0,0.0,0.027452497345118593
2017-06-13,4.949075586987374,5.025656953241106,4.862921321721451,4.872494220733643,25808,0.0,0.0,-0.015594768991490968
2017-06-14,4.88206557652288,5.025655834515493,4.88206557652288,4.977792263031006,4569,0.0,0.0,0.021380505764308784
2017-06-15,4.891638473404116,5.025655834515493,4.891638473404116,4.977792263031006,18681,0.0,0.0,0.0
2017-06-18,4.996937724247714,5.121382648024712,4.996937724247714,5.111810207366943,85637,0.0,0.0,0.026567117437219505
2017-06-19,5.121383896622731,5.150102138519287,5.073520768743099,5.150102138519287,24494,0.0,0.0,0.007462957699557621
2017-06-20,5.150101694684562,5.188392376272772,5.0687338821943815,5.092665672302246,22192,0.0,0.0,-0.011215146004304809
2017-06-21,5.035230188229121,5.255401402669054,5.035230188229121,5.226683616638184,19311,0.0,0.0,0.02597556803127224
2017-06-22,5.2171094646230225,5.2362548028681015,5.12138277339763,5.18839168548584,17070,0.0,0.0,-0.007353207264923837
2017-06-25,5.1883921932999035,5.197964635128911,5.121383274653193,5.130956172943115,19917,0.0,0.0,-0.011131731660775275
2017-06-26,5.150100907322621,5.150100907322621,5.00651064508885,5.0543742179870605,45482,0.0,0.0,-0.015037980154509042
2017-06-27,5.083091669977028,5.12138234325114,4.963433201880222,5.073519229888916,8889,0.0,0.0,0.0037806548428349946
2017-06-28,5.121384667261431,5.121384667261431,5.035230841529735,5.063948631286621,15599,0.0,0.0,-0.0018881641010856966
2017-06-29,5.07352033150814,5.15967413685115,5.044802092086518,5.092665672302246,16276,0.0,0.0,0.005654860307186723
2017-07-02,5.102238147910461,5.169247069359492,5.035229682922363,5.035229682922363,11978,0.0,0.0,-0.011342258803148582
2017-07-03,4.929929497970765,5.044801529934994,4.83420280466724,4.901211261749268,14361,0.0,0.0,-0.02697677154974069
2017-07-04,4.843774924094039,4.939501611040393,4.843774924094039,4.920356273651123,16287,0.0,0.0,0.0038985703822448613
2017-07-05,4.92992988186383,4.968220562166931,4.92992988186383,4.949075222015381,12607,0.0,0.0,0.005819794065354427
2017-07-06,4.949075615131082,4.968220956803387,4.853348906769551,4.939502716064453,16248,0.0,0.0,-0.0019360739230627271
2017-07-09,4.9299301756164,4.9969386419091055,4.872494151739393,4.987366199493408,18653,0.0,0.0,0.00964329331837238
2017-07-10,4.996937837223046,5.054374308311666,4.996937837223046,5.0065107345581055,4499,0.0,0.0,0.0038312576007959722
2017-07-11,5.016083085791975,5.0543742179870605,5.00651064508885,5.0543742179870605,3467,0.0,0.0,0.009514837860248414
2017-07-12,5.054374132200483,5.063946572741138,5.0065105601146485,5.044801235198975,6489,0.0,0.0,-0.0018957954933253869
2017-07-13,5.063946572741138,5.121382585367628,4.977792325570977,5.044801235198975,32135,0.0,0.0,0.0
2017-07-16,5.0352288801199485,5.1213826722915226,4.977792410057751,5.0543742179870605,27534,0.0,0.0,0.001895795493325531
2017-07-17,5.025656700134277,5.054374939263567,4.987366018935843,5.025656700134277,9277,0.0,0.0,-0.0056979181476532244
2017-07-18,4.987365007597797,5.006510344314722,4.958646774291992,4.958646774291992,16417,0.0,0.0,-0.013423256251416703
2017-07-19,4.958647277731383,4.958647277731383,4.872493481988649,4.901211261749268,15419,0.0,0.0,-0.01165050490488338
2017-07-20,4.901212189863813,4.929930431523519,4.834203720092773,4.834203720092773,29510,0.0,0.0,-0.013765946278823311
2017-07-23,4.84377560053046,4.910784518981171,4.815057818666521,4.824630260467529,33509,0.0,0.0,-0.001982322665345169
2017-07-24,4.815058440471219,4.882066911114325,4.805485540973077,4.843776226043701,8881,0.0,0.0,0.0039605266140763816
2017-07-25,4.815058440471219,4.891639810612467,4.815058440471219,4.843776226043701,11223,0.0,0.0,0.0
2017-07-26,4.843775980158019,4.891639562297075,4.815058196043344,4.872494220733643,23894,0.0,0.0,0.00591133778620033
2017-07-27,4.872494468077155,4.872494468077155,4.786340198437765,4.843776226043701,53290,0.0,0.0,-0.005911337786200343
2017-07-30,4.901210913824506,4.977792263031006,4.79591178689599,4.977792263031006,30670,0.0,0.0,0.027291843550509214
2017-07-31,4.977792853982198,4.977792853982198,4.882066156109636,4.929929733276367,12504,0.0,0.0,-0.009661736996486285
2017-08-01,4.929930790957245,4.958648578249756,4.815058728865204,4.8820672035217285,25179,0.0,0.0,-0.009755997620042294
2017-08-02,4.882066911114325,4.901212253649637,4.709758828296516,4.843776226043701,38623,0.0,0.0,-0.007874108933980469
2017-08-03,4.929929990424196,4.929929990424196,4.709758345602582,4.719330787658691,15085,0.0,0.0,-0.026027621244178303
2017-08-06,4.709758346406467,4.709758346406467,4.432150679818038,4.594886302947998,97347,0.0,0.0,-0.026722995413886987
2017-08-07,4.6140317411852605,4.6236041834456145,4.547022819519043,4.547022819519043,24107,0.0,0.0,-0.010471318437669016
2017-08-08,4.58531275387104,4.681039443171517,4.547022078150849,4.633176326751709,50520,0.0,0.0,0.018769971163651412
2017-08-09,4.633178664984409,4.776768543170398,4.633178664984409,4.757623195648193,11927,0.0,0.0,0.026505550310126955
2017-08-10,4.748048697413584,4.757621138805727,4.709758018923224,4.738475799560547,11891,0.0,0.0,-0.00403269217100209
2017-08-13,4.738477848125989,4.80548679268425,4.738477848125989,4.757623195648193,28461,0.0,0.0,0.004032692171002201
2017-08-14,4.757622284156696,4.757622284156696,4.700186252593994,4.700186252593994,204181,0.0,0.0,-0.012146078749604328
2017-08-15,4.738476129040621,4.738476129040621,4.499159143605016,4.594886302947998,49270,0.0,0.0,-0.022658124286505103
2017-08-16,4.547021971467195,4.719330008165309,4.527876634056294,4.681039333343506,17339,0.0,0.0,0.018576153191926976
2017-08-17,4.709758589213989,4.968220928550807,4.709758589213989,4.872494220733643,340184,0.0,0.0,0.04008580125233872
2017-08-20,4.872494738990327,4.872494738990327,4.738476877330709,4.815058708190918,48761,0.0,0.0,-0.011857728353627623
2017-08-21,4.834205042198103,4.862922835250864,4.738477848125989,4.757623195648193,100775,0.0,0.0,-0.012000023054528698
2017-08-22,4.786339375903943,4.843775393639484,4.738475799560547,4.738475799560547,19495,0.0,0.0,-0.00403269217100209
2017-08-23,4.824631402692103,4.977794159456607,4.7289046797142875,4.786340713500977,67249,0.0,0.0,0.010050653847144103
2017-08-24,4.834203783006531,4.882066911114325,4.757621956404311,4.843776226043701,10944,0.0,0.0,0.011928451945813844
2017-08-27,4.834202463560003,4.891638475489363,4.757620657860009,4.79591178894043,25470,0.0,0.0,-0.00993078414903302
2017-08-28,4.79591227375698,4.872493630737701,4.738475799560547,4.738475799560547,20153,0.0,0.0,-0.012048321643925079
2017-08-29,4.738476569166341,4.853349079755482,4.738476569166341,4.776767253875732,27410,0.0,0.0,0.008048488263325446
2017-08-30,4.786339580341669,4.891639178918242,4.786339580341669,4.824630260467529,66162,0.0,0.0,0.009970090915556175
2017-08-31,4.872494220733643,4.920357346411751,4.805485297031153,4.872494220733643,24159,0.0,0.0,0.00987186440027673
2017-09-03,4.882067098483198,4.92993068488892,4.786340382132741,4.805485725402832,16474,0.0,0.0,-0.013847841494040173
2017-09-04,4.824630018274256,4.891638933361164,4.805484679172409,4.853348255157471,23094,0.0,0.0,0.009910703841335952
2017-09-05,4.853348255157471,4.862920696477949,4.815057576953778,4.853348255157471,15690,0.0,0.0,0.0
2017-09-06,4.848539166857617,4.944740249786747,4.684997096516623,4.713857650756836,75850,0.025,0.0,-0.029162221713516682
2017-09-07,4.713856864499004,4.761957168579102,4.713856864499004,4.761957168579102,17767,0.0,0.0,0.010152146671856998
2017-09-10,4.80043778049203,4.925499401625257,4.723476924017087,4.810058116912842,31692,0.0,0.0,0.010050412957218383
2017-09-11,4.887019955186112,4.887019955186112,4.723477872959942,4.838919639587402,30954,0.0,0.0,0.005982314288153398
2017-09-12,4.723476641000752,4.906258893538431,4.723476641000752,4.88701868057251,461454,0.0,0.0,0.009890959932690856
2017-09-13,4.887018087988819,4.992839475831262,4.819677580135015,4.95435905456543,88063,0.0,0.0,0.013685365365001794
2017-09-14,4.9639797007610325,4.9639797007610325,4.810057991814295,4.906259059906006,75439,0.0,0.0,-0.009756056996862852
2017-09-17,4.92549851476519,5.050560113380466,4.819677585527162,4.983219146728516,168906,0.0,0.0,0.015564348054177148
2017-09-18,4.98321978793973,4.98321978793973,4.887018722288937,4.973599910736084,93451,0.0,0.0,-0.001932191180655141
2017-09-19,4.983219141153401,5.002459351786317,4.896638422666681,4.95435905456543,22662,0.0,0.0,-0.003876099876659091
2017-09-20,4.954358406510978,4.983218489323908,4.906257656859099,4.935118198394775,184786,0.0,0.0,-0.0038911825076541977
2017-09-21,4.954359414247068,5.098661233831514,4.9447390788707795,5.050560474395752,394458,0.0,0.0,0.023122598516616598
2017-09-24,5.098661211906347,5.098661211906347,4.944739057607506,5.021699905395508,222388,0.0,0.0,-0.005730719202337409
2017-09-25,5.050560570307687,5.291063454608054,5.002459809958475,5.281443119049072,111332,0.0,0.0,0.050430875419917656
2017-09-26,5.339163785465794,5.512325683092393,5.339163785465794,5.368023872375488,48952,0.0,0.0,0.01626046844800346
2017-09-27,5.4738464827727755,5.666248634177319,5.444985930700637,5.647008419036865,163442,0.0,0.0,0.050666074752898735
2017-09-28,5.666248175047793,5.723968815792119,5.5700471071405815,5.675868511199951,62209,0.0,0.0,0.005097671702699108
2017-10-01,5.6951081089646705,5.772068954968599,5.685487773852766,5.743208408355713,47156,0.0,0.0,0.011794417054271478
2017-10-02,5.723967830429873,5.935610602115006,5.723967830429873,5.916370391845703,216799,0.0,0.0,0.029705141048711536
2017-10-03,5.897131443023682,5.897131443023682,5.723969054836227,5.897131443023682,497818,0.0,0.0,-0.0032571147995660668
2017-10-04,5.897132070897963,5.897132070897963,5.791310651152359,5.858651638031006,623134,0.0,0.0,-0.00654655536869325
2017-10-05,5.868271201889026,5.91637196975224,5.868271201889026,5.90675163269043,203473,0.0,0.0,0.008176559958715498
2017-10-08,5.791309749656372,5.993332220121828,5.791309749656372,5.97409200668335,213879,0.0,0.0,0.011336079688649187
2017-10-09,5.974092516461394,6.070293591862764,5.954852301381121,6.060673713684082,240860,0.0,0.0,0.014388846916109503
2017-10-10,6.0702932228873365,6.089533436798118,5.85865086986875,5.964471817016602,116191,0.0,0.0,-0.016000463169291695
2017-10-11,5.964471964009563,5.964471964009563,5.829790463314906,5.897131443023682,118102,0.0,0.0,-0.011354468025489254
2017-10-12,5.829790463314906,5.925991535239661,5.8201705854838774,5.897131443023682,55933,0.0,0.0,0.0
2017-10-15,5.897131443023682,5.90675132085471,5.849030677699857,5.897131443023682,70179,0.0,0.0,0.0
2017-10-16,5.916371871220573,6.070293591862764,5.897131656140299,6.060673713684082,212683,0.0,0.0,0.02735493119478094
2017-10-17,6.060672175184999,6.1568732261657715,6.012571420333216,6.1568732261657715,56864,0.0,0.0,0.015748087744378372
2017-10-18,6.195354484438457,6.253075122833252,6.195354484438457,6.253075122833252,363264,0.0,0.0,0.015504306878144336
2017-10-19,6.2434547641273825,6.2434547641273825,6.1664939132171614,6.195354461669922,31979,0.0,0.0,-0.009273631575262791
2017-10-22,6.195354464091821,6.233834889561974,6.195354464091821,6.224214553833008,195128,0.0,0.0,0.004647527474428924
2017-10-23,6.17611461708102,6.320416450500488,6.17611461708102,6.320416450500488,103143,0.0,0.0,0.015337841755564807
2017-10-24,6.320416762829326,6.3300366408804605,6.281936333178975,6.30117654800415,536763,0.0,0.0,-0.0030487304417332914
2017-10-25,6.301176093388181,6.48395789167859,6.291555757308227,6.387756824493408,357413,0.0,0.0,0.013646792465970921
2017-10-26,6.445478111398393,6.464718326765559,6.387757465296897,6.4069976806640625,47697,0.0,0.0,0.0030076185778984913
2017-10-29,6.406996913305089,6.493578101449059,6.387756700242303,6.455097675323486,55663,0.0,0.0,0.0074793752585872635
2017-10-30,6.455096866670072,6.474337077322567,6.36851568937244,6.445476531982422,74773,0.0,0.0,-0.0014915840132750087
2017-10-31,6.416617129391814,6.560918954029852,6.387756580975064,6.55129861831665,87105,0.0,0.0,0.01628472043237148
2017-11-01,6.560919894302397,6.599400325224282,6.397377833522922,6.493578910827637,93261,0.0,0.0,-0.008849463560422566
2017-11-02,6.493578910827637,6.512819126288579,6.397377833522922,6.493578910827637,35564,0.0,0.0,0.0
2017-11-05,6.493576297441751,6.628257751464844,6.455095882006582,6.628257751464844,51251,0.0,0.0,0.020528158306111814
2017-11-06,6.637879564116739,6.724460288781367,6.50319808007622,6.714840412139893,63990,0.0,0.0,0.012978076736486176
2017-11-07,6.724460431987469,6.724460431987469,6.5512985202476655,6.676360130310059,40312,0.0,0.0,-0.00574711544683984
2017-11-08,6.647500057933963,6.724460913102416,6.647500057933963,6.705220699310303,58890,0.0,0.0,0.004313483454061582
2017-11-09,6.647497959182428,6.6667381669000125,6.560917253814665,6.628257751464844,38991,0.0,0.0,-0.011544444743708039
2017-11-12,6.628259014025311,6.628259014025311,6.560918503548013,6.609018802642822,35736,0.0,0.0,-0.002906785589898107
2017-11-13,6.637879069235513,6.71483991152092,6.628258734588436,6.68597936630249,230000,0.0,0.0,0.011577500398231003
2017-11-14,6.714838915555342,6.714838915555342,6.589777336029674,6.628257751464844,84678,0.0,0.0,-0.008670714808332912
2017-11-15,6.6282592037154755,6.685979839514813,6.599399115177226,6.6571197509765625,51108,0.0,0.0,0.004344934107024688
2017-11-16,6.734081790591312,7.090026003714781,6.734081790591312,6.907243728637695,208783,0.0,0.0,0.036883755489712455
2017-11-19,6.926483484837661,7.118886084191582,6.916863607167552,6.964963912963867,167053,0.0,0.0,0.008321749344859164
2017-11-20,6.993824463419966,7.022685013876065,6.936103821230656,6.964963912963867,60615,0.0,0.0,0.0
2017-11-21,6.993823837126122,7.349767994780337,6.993823837126122,7.3305277824401855,196914,0.0,0.0,0.051155090346394795
2017-11-22,7.609511252275794,7.676852226257324,7.272807299813857,7.676852226257324,97788,0.0,0.0,0.046162080400775525
2017-11-23,7.676853114025464,7.676853114025464,7.369009215725255,7.474830627441406,91989,0.0,0.0,-0.026668136284881596
2017-11-26,7.46521008238761,7.484450295642306,6.9649636203198,6.984204292297363,100272,0.0,0.0,-0.0678903908998679
2017-11-27,7.109265648723281,7.676852643759225,7.0323047935434,7.503690719604492,172889,0.0,0.0,0.0717439258661198
2017-11-28,7.503691523396695,7.647992912955034,7.263188595835556,7.542171955108643,103482,0.0,0.0,0.0051152027958989155
2017-11-29,7.542170226959312,7.542170226959312,7.157365539287808,7.263186931610107,1031135,0.0,0.0,-0.037691494432775655
2017-11-30,7.532550388935088,7.551790601652152,7.195846437025028,7.292047500610352,86194,0.0,0.0,0.003965667053683632
2017-12-03,7.292048387039752,7.599892286657485,7.292048387039752,7.590271949768066,37679,0.0,0.0,0.040083049907793385
2017-12-04,7.580651407118105,7.580651407118105,7.388248814701017,7.484450340270996,36956,0.0,0.0,-0.014039840433039004
2017-12-05,7.426730025089696,7.522931560810619,7.29204851729249,7.465210914611816,42336,0.0,0.0,-0.0025738959502597577
2017-12-06,7.48444981673779,7.48444981673779,7.292047237779158,7.397868633270264,80757,0.0,0.0,-0.009061748198705023
2017-12-07,7.484450300797217,7.647991884213331,7.311287922662827,7.426729202270508,35791,0.0,0.0,0.0038936105763424135
2017-12-10,7.426729656968974,7.898115598978385,7.426729656968974,7.840394496917725,75394,0.0,0.0,0.05420360481182202
2017-12-11,7.840394678660225,7.898115782058876,7.715333969947141,7.888495445251465,75817,0.0,0.0,0.006116273743463947
2017-12-12,7.88849454533086,7.88849454533086,7.561410929482061,7.64799165725708,64561,0.0,0.0,-0.030962340415563314
2017-12-13,7.647991465619783,7.878874012198371,7.484449891154705,7.571030616760254,41315,0.0,0.0,-0.010113881843740046
2017-12-14,7.571029971163832,7.619130726960814,7.455588707718439,7.5517897605896,101581,0.0,0.0,-0.002544613514236941
2017-12-17,7.590271039527194,7.7393830323709905,7.503690311519919,7.676852226257324,73157,0.0,0.0,0.016425007217945382
2017-12-18,7.686473025047699,7.710523867271245,7.542171641489706,7.590271949768066,144544,0.0,0.0,-0.011342175994029476
2017-12-19,7.590271819137247,7.724953322210824,7.590271819137247,7.6864728927612305,41167,0.0,0.0,0.012594595986045882
2017-12-20,7.686472027657225,7.8596343994140625,7.6479916025385615,7.8596343994140625,91888,0.0,0.0,0.022278074529171892
2017-12-21,7.869255869282907,7.936596393585205,7.801914427534774,7.936596393585205,75711,0.0,0.0,0.009744426270438613
2017-12-26,7.965452590321368,8.45607852935791,7.955833175445555,8.45607852935791,95812,0.0,0.0,0.06340101778547592
2017-12-27,8.561899432554947,8.64848058855497,8.27329680248205,8.45607852935791,49942,0.0,0.0,0.0
2017-12-28,8.456083934979347,8.494564371417695,8.32140194872214,8.38874340057373,16977,0.0,0.0,-0.007994799555356601
2018-01-01,8.456082994477887,8.590764965755511,8.177099631967423,8.561903953552246,46639,0.0,0.0,0.02043185411099343
2018-01-02,8.581141753812819,8.69658301161734,8.369498989115081,8.533041000366211,45575,0.0,0.0,-0.0033767854403842987
2018-01-03,8.513802734015677,8.61000334023793,8.263679506435514,8.292539596557617,29897,0.0,0.0,-0.02858953764900409
2018-01-04,8.29253968293765,8.6003830939687,8.29253968293765,8.523422241210938,26846,0.0,0.0,0.027461664884445038
2018-01-07,8.56190194450232,8.65810346104778,8.34063974087168,8.359879493713379,84968,0.0,0.0,-0.019373919331320214
2018-01-08,8.369503058895575,8.533045149671187,8.282921844079542,8.513805389404297,66805,0.0,0.0,0.018244997063389633
2018-01-09,8.523423197883073,8.523423197883073,8.369501475091317,8.465703010559082,31184,0.0,0.0,-0.0056659482003629975
2018-01-10,8.417600528608052,8.417600528608052,8.080896140485471,8.215578079223633,62382,0.0,0.0,-0.02999094347170491
2018-01-11,8.109758604592843,8.1867194641605,7.801914248876396,7.888495445251465,88691,0.0,0.0,-0.04062669243220235
2018-01-14,7.98469526006772,8.417600231332857,7.965454590593634,8.234818458557129,90777,0.0,0.0,0.04296589295696715
2018-01-15,8.225198655611985,8.225198655611985,8.042415953573009,8.080896377563477,28149,0.0,0.0,-0.018868514084097256
2018-01-16,8.05203756869056,8.090517998796951,7.984697045365829,8.061657905578613,44010,0.0,0.0,-0.002383573349781857
2018-01-17,8.061658556485908,8.177099856125944,7.917356243851442,8.138619422912598,53583,0.0,0.0,0.009501330717922061
2018-01-18,8.138619098157312,8.14823943543824,8.0135574658428,8.07127857208252,31687,0.0,0.0,-0.008308656630640444
2018-01-21,8.03279653565965,8.090516712922511,8.003935529582542,8.080896377563477,47134,0.0,0.0,0.0011908992625001907
2018-01-22,7.917355602537285,8.138618763675892,7.917355602537285,8.119378089904785,24732,0.0,0.0,0.004750757130104295
2018-01-23,8.119376790793234,8.12899712613952,7.936595006442179,7.994316101074219,18652,0.0,0.0,-0.015522759528874065
2018-01-24,7.994316642083902,7.994316642083902,7.724952738832938,7.81153392791748,75297,0.0,0.0,-0.023129451608579477
2018-01-28,7.8884958982126365,7.8884958982126365,7.6960937382456684,7.744194507598877,119684,0.0,0.0,-0.008657883330659547
2018-01-29,7.686471983865346,7.801913258563637,7.503690194954477,7.773053169250488,186322,0.0,0.0,0.0037195636139338325
2018-01-30,7.763431729852721,7.792292732508085,7.571029632711468,7.753812313079834,70225,0.0,0.0,-0.0024783966913841204
2018-01-31,7.715333755496843,7.792294612925348,7.705713418956832,7.724953174591064,27507,0.0,0.0,-0.0037288725578342383
2018-02-01,7.744194655475646,7.744194655475646,7.561412370655299,7.734574317932129,15974,0.0,0.0,0.0012446880524448832
2018-02-04,7.667232056481794,7.715333277478749,7.561411113435383,7.69609260559082,47710,0.0,0.0,-0.004987703034272819
2018-02-05,7.590271581759038,7.590271581759038,7.176606748751417,7.436349868774414,152074,0.0,0.0,-0.03433262682068683
2018-02-06,7.503689696553374,8.100136701600901,7.503689696553374,7.984695434570312,87660,0.0,0.0,0.07114651932290321
2018-02-07,7.97507509962302,8.186717881235252,7.946215012226783,7.984695434570312,49416,0.0,0.0,0.0
2018-02-08,7.888493322355928,7.888493322355928,7.64799047156797,7.753812313079834,117865,0.0,0.0,-0.029342004962554086
2018-02-11,7.705713086942744,7.715333423068245,7.465210188479705,7.657612323760986,57931,0.0,0.0,-0.012484405700723303
2018-02-12,7.676851869441648,7.6960920812959746,7.503689962752709,7.609510898590088,37428,0.0,0.0,-0.006301329154529118
2018-02-13,7.599891474096073,7.599891474096073,7.465209983104398,7.52293062210083,63043,0.0,0.0,-0.011443126496281859
2018-02-14,7.571031604412451,7.6864728927612305,7.503691082237115,7.6864728927612305,24562,0.0,0.0,0.02150624433054476
2018-02-15,7.272807389399166,7.354578409268675,6.926483096935531,7.166985988616943,431806,0.0,0.0,-0.06997681473657756
2018-02-18,7.157366441960449,7.215087083582363,6.974584180796284,7.2054667472839355,59661,0.0,0.0,0.00535480635402506
2018-02-19,7.205466384965741,7.869254877047143,7.205466384965741,7.792294025421143,98166,0.0,0.0,0.07829529151882118
2018-02-20,7.705713459198644,7.753814224704105,7.263188067950829,7.34014892578125,58851,0.0,0.0,-0.05977616786037468
2018-02-21,7.359389066688723,7.590271637872531,7.2920480873986655,7.580651760101318,29939,0.0,0.0,0.03224004810351741
2018-02-22,7.590271637872531,7.590271637872531,7.37862928095404,7.580651760101318,98688,0.0,0.0,0.0
2018-02-25,7.50368991769553,7.850013728993847,7.50368991769553,7.82115364074707,47531,0.0,0.0,0.031232887928690743
2018-02-26,7.821155895213376,7.984697971495935,7.792295798647609,7.946217536926269,167749,0.0,0.0,0.015863965858816904
2018-02-27,7.898115815521316,7.975076675415039,7.850015048726285,7.975076675415039,61114,0.0,0.0,0.00362522916920272
2018-02-28,7.792294894833869,8.061657905578613,7.792294894833869,8.061657905578613,41984,0.0,0.0,0.010797967750544821
2018-03-01,7.955836919164517,8.042417198460592,7.801914281931253,7.975076675415039,53983,0.0,0.0,-0.010797967750544831
2018-03-04,8.071277290007504,8.100137379820179,7.975075767370971,8.090517044067383,32583,0.0,0.0,0.014371377435355284
2018-03-05,8.10013647799411,8.196337989920078,8.052035722031125,8.17709732055664,95476,0.0,0.0,0.010644596320370037
2018-03-06,8.177096655347032,8.177096655347032,7.975074230693577,8.157855987548828,33260,0.0,0.0,-0.002355849024364257
2018-03-07,8.172332763112038,8.220575760044989,8.027603772313181,8.191629409790039,38678,0.025,0.0,0.004131441382984778
2018-03-08,8.21092456746985,8.46178734178897,7.960061793150729,8.181978225708008,130384,0.0,0.0,-0.001178870950690755
2018-03-11,8.201275911764895,8.365301503612864,8.196451521397794,8.278464317321777,113309,0.0,0.0,0.011723524012740237
2018-03-12,8.268815410676808,8.317058393454849,8.17233036527909,8.181978225708008,165359,0.0,0.0,-0.01172352401274033
2018-03-13,8.008307636572203,8.297764716478898,8.008307636572203,8.239872932434082,68259,0.0,0.0,0.007050964720921744
2018-03-14,8.201277199514543,8.230222626103737,8.017954937571613,8.133737564086914,66874,0.0,0.0,-0.01296438008286477
2018-03-15,8.172331034238821,8.181978895457481,7.9118194580078125,7.9118194580078125,562710,0.0,0.0,-0.027662767593779728
2018-03-18,7.834631047307908,8.056548418188964,7.718848431258049,7.9118194580078125,1950616,0.0,0.0,0.0
2018-03-19,7.87322616448389,8.008306358932057,7.796037744844522,7.85392951965332,46911,0.0,0.0,-0.007343793004641374
2018-03-20,7.892521684124588,8.153032302856445,7.844278704312524,8.153032302856445,139904,0.0,0.0,0.03737593745507185
2018-03-21,8.220574497750965,8.259168705339343,7.834631501708692,7.902171134948731,65328,0.0,0.0,-0.03125237083156122
2018-03-22,7.853928045808411,7.940764311488355,7.352202492146309,7.815333843231201,177659,0.0,0.0,-0.011049867698806184
2018-03-25,7.535526599754386,7.91182037559748,7.535526599754386,7.873226165771484,48325,0.0,0.0,0.007380229323664794
2018-03-26,7.873227166796799,7.9311189489755956,7.83463295206382,7.921470165252685,55354,0.0,0.0,0.00610890497717735
2018-03-27,7.815333843231201,7.91181888959504,7.776739640653991,7.815333843231201,42265,0.0,0.0,-0.013489134300842262
2018-03-28,7.718848409675137,7.911819435885328,7.574119909977885,7.882874011993408,115888,0.0,0.0,0.008604878484163607
2018-04-02,7.815334682171283,7.815334682171283,7.632011510131861,7.718848705291748,23601,0.0,0.0,-0.02102733823236045
2018-04-03,7.7091999235721005,7.738146268731043,7.651308613491921,7.718848705291748,25543,0.0,0.0,0.0
2018-04-04,7.680254479025477,7.699551582336426,7.583768962470732,7.699551582336426,35180,0.0,0.0,-0.002503130372944782
2018-04-05,7.689902261488688,7.689902261488688,7.612713853656707,7.641659736633301,28722,0.0,0.0,-0.007547268504236206
2018-04-08,7.641659630304126,7.641659630304126,7.4390398325249105,7.5451741218566895,58386,0.0,0.0,-0.012706652865014696
2018-04-09,7.545175534715776,7.545175534715776,7.487284218806973,7.525878429412842,58221,0.0,0.0,-0.002560631106742195
2018-04-10,7.477634906768799,7.52587789665062,7.467986124760736,7.477634906768799,18137,0.0,0.0,-0.006430985574182838
2018-04-11,7.477634810433546,7.477634810433546,7.2557178879788,7.3811492919921875,54064,0.0,0.0,-0.012987195943598442
2018-04-12,7.3811486921825695,7.390797013203039,7.091691700301212,7.275014400482178,89973,0.0,0.0,-0.014483564606555062
2018-04-15,7.197825831366721,7.59341664604081,7.000030424029677,7.5451741218566895,84907,0.0,0.0,0.03646237723107848
2018-04-16,7.516229767954066,7.718849606942653,7.168881406819445,7.660958290100098,33366,0.0,0.0,0.015228909339582996
2018-04-17,7.458338330812931,7.670606489145207,7.458338330812931,7.525878429412842,278732,0.0,0.0,-0.01778954044632537
2018-04-18,7.680254728145648,7.680254728145648,7.294312189328829,7.477634906768799,19649,0.0,0.0,-0.006430985574182838
2018-04-19,7.323258436749285,7.487284058348671,7.149584032665573,7.3715009689331055,61321,0.0,0.0,-0.01429520830260401
2018-04-22,7.371500453264233,7.477634752770911,7.332906246185303,7.332906246185303,52993,0.0,0.0,-0.005249420913177552
2018-04-23,7.332906167695668,7.352203271028581,7.053097939328804,7.255717754364014,88624,0.0,0.0,-0.010582110022313962
2018-04-25,7.361852208691931,7.516229038625638,7.226772022420693,7.410094738006592,45749,0.0,0.0,0.02105341056697419
2018-04-26,7.525877574955042,7.660957296739174,7.284663556015191,7.622363090515137,63824,0.0,0.0,0.02824321410541106
2018-04-29,7.612714406771801,7.796037118731988,7.612714406771801,7.718848705291748,217032,0.0,0.0,0.012578782988830837
2018-04-30,7.805685601509332,7.911819435885328,7.728497191025255,7.882874011993408,82808,0.0,0.0,0.021027338232360512
2018-05-01,7.892522277522317,8.00830488568138,7.815333872082942,7.8635759353637695,61851,0.0,0.0,-0.002451103119230971
2018-05-02,7.8635759353637695,7.9504131215226606,7.834630513363598,7.8635759353637695,18927,0.0,0.0,0.0
2018-05-03,7.950414180755615,7.960062962760637,7.776740705457708,7.950414180755615,32202,0.0,0.0,0.010982568927706746
2018-05-06,7.960062865083943,7.960062865083943,7.767091828143908,7.844280242919922,16800,0.0,0.0,-0.01343939077920984
2018-05-07,7.844280737158763,7.85392951965332,7.728498107699712,7.85392951965332,504766,0.0,0.0,0.00122934756186616
2018-05-08,7.853928074802629,7.911818918802973,7.767090888643738,7.8635759353637695,33745,0.0,0.0,0.0012274742896369354
2018-05-09,7.86357675045258,7.86357675045258,7.622363188491448,7.718848705291748,28593,0.0,0.0,-0.018576235113129353
2018-05-10,7.709199805947045,7.738146150664331,7.554822981422008,7.612714290618896,26448,0.0,0.0,-0.013845439001782596
2018-05-13,7.574119479813902,7.603065362141089,7.477633972188596,7.487282752990723,38332,0.0,0.0,-0.01661383407978842
2018-05-14,7.381149235073585,7.467985970961558,7.313609142645838,7.332906246185303,164243,0.0,0.0,-0.020834024557331347
2018-05-15,7.381149293245118,7.390797615051269,7.284663774787381,7.390797615051269,42704,0.0,0.0,0.00786373696956461
2018-05-16,7.390797731661543,7.390797731661543,7.024152755737305,7.024152755737305,576609,0.0,0.0,-0.05088105702622152
2018-05-17,7.024152074668817,7.024152074668817,6.6092636888636465,6.850477695465088,848728,0.0,0.0,-0.02503621737413486
2018-05-20,6.8408302348871075,7.275015317350153,6.8408302348871075,7.23642110824585,127993,0.0,0.0,0.054808375707805036
2018-05-21,7.2364202355071585,7.381148732233143,7.217123133282308,7.30396032333374,77037,0.0,0.0,0.0092899489799858
2018-05-22,7.303961129117202,7.400446650885877,7.1013413033633555,7.1592326164245605,78214,0.0,0.0,-0.020013912342961564
2018-05-23,7.226772325930142,7.381149622426619,7.197826899141546,7.23642110824585,48152,0.0,0.0,0.010723963362975642
2018-05-24,7.236420112454309,7.236420112454309,7.101340399177338,7.197825908660889,19070,0.0,0.0,-0.00534773882136036
2018-05-27,7.159233504997152,7.159233504997152,7.04345086450431,7.09169340133667,28336,0.0,0.0,-0.014854867637910808
2018-05-28,7.091691450960726,7.110988552402393,6.946962960108632,7.053097248077393,40246,0.0,0.0,-0.005457309338229474
2018-05-29,7.043449841801014,7.188177891363011,7.004855633907248,7.0145039558410645,55014,0.0,0.0,-0.005486847188706797
2018-05-30,7.043449031165098,7.139934539794922,7.043449031165098,7.139934539794922,135307,0.0,0.0,0.017723609085019718
2018-05-31,7.130286729854328,7.294312346900705,7.091692521146858,7.1592326164245605,31413,0.0,0.0,0.002699190538212106
2018-06-03,7.168880636060231,7.390797556803698,7.168880636060231,7.332906246185303,50093,0.0,0.0,0.023969125085962432
2018-06-04,7.332906246185303,7.429391763882628,7.207474843139161,7.332906246185303,49658,0.0,0.0,0.0
2018-06-05,7.410094993149283,7.410094993149283,7.188178062438965,7.188178062438965,46567,0.0,0.0,-0.019934183041934384
2018-06-06,7.246069394823629,7.284663601287519,7.101340890544422,7.226771831512451,36586,0.0,0.0,0.005354699332753719
2018-06-07,7.197826365664645,7.22677179030791,7.139935056298884,7.178529262542725,18841,0.0,0.0,-0.0066979161365351494
2018-06-11,7.139935494414941,7.178529703026975,7.053098294998239,7.14958381652832,55832,0.0,0.0,-0.004040376458736588
2018-06-12,7.139935152242658,7.284663657641481,7.139935152242658,7.265366554260254,38488,0.0,0.0,0.01606460303523605
2018-06-13,7.28466371737626,7.381149235073585,7.24606951029733,7.332906246185303,22967,0.0,0.0,0.009253173269216146
2018-06-14,7.342554569244385,7.525877271455233,7.2846632622429395,7.342554569244385,87003,0.0,0.0,0.0013148921959646941
2018-06-17,7.361850337721696,7.429389953613281,7.332904459425926,7.429389953613281,38526,0.0,0.0,0.011756933485746211
2018-06-18,7.448687896061748,7.448687896061748,7.265365666382935,7.323256969451904,47060,0.0,0.0,-0.014388579321203127
2018-06-19,7.429392153767367,7.429392153767367,7.062747167276484,7.23642110824585,51148,0.0,0.0,-0.011928408083494706
2018-06-20,7.178528806764178,7.236420112454309,7.091691618189382,7.197825908660889,37238,0.0,0.0,-0.00534773882136036
2018-06-21,7.236420429271007,7.236420429271007,6.956612209478866,7.043449401855469,55816,0.0,0.0,-0.02168100126593666
2018-06-24,7.043448991324116,7.139934499408174,6.956611804008867,7.110988616943359,23918,0.0,0.0,0.009543258105340381
2018-06-25,6.956611965979045,6.995206170111254,6.773289266311453,6.831180572509766,62136,0.0,0.0,-0.04014377046074629
2018-06-26,6.8504776745758695,6.97590906804515,6.763640945318003,6.831180572509766,18655,0.0,0.0,0.0
2018-06-27,6.995206639170647,7.86357675045258,6.995206639170647,7.718848705291748,555933,0.0,0.0,0.12216771180459213
2018-06-28,7.853929409760397,7.931117828319738,7.728497999561837,7.738146781921387,65033,0.0,0.0,0.0024970035958934013
2018-07-01,7.815334662281354,7.815334662281354,7.660957375714528,7.699551582336426,53034,0.0,0.0,-0.005000133968838248
2018-07-02,7.699549797417004,7.699549797417004,7.381147436559167,7.429389953613281,143592,0.0,0.0,-0.035718341584246506
2018-07-03,7.429392101090772,7.689903240737351,7.390797892260113,7.670606136322021,67251,0.0,0.0,0.031951889637174234
2018-07-04,7.670606612867546,7.709200824095916,7.57412108479662,7.660958290100098,20191,0.0,0.0,-0.0012585600825953682
2018-07-05,7.641661025700001,7.641661025700001,7.371501092635769,7.496932506561279,46885,0.0,0.0,-0.021643141319833758
2018-07-08,7.545174558395109,7.574119982564427,7.361851851698946,7.506580352783203,38166,0.0,0.0,0.0012860784860403319
2018-07-09,7.506580978831351,7.670606136322021,7.467986309921431,7.670606136322021,36711,0.0,0.0,0.021615622916388685
2018-07-10,7.689902721367588,7.699551502963212,7.47763458713538,7.622363090515137,52129,0.0,0.0,-0.006309200668813603
2018-07-11,7.593417718660703,7.670606136322021,7.487283874416021,7.670606136322021,37443,0.0,0.0,0.006309200668813625
2018-07-12,7.670605579723911,7.709199785754079,7.5162287556032386,7.593417167663574,73418,0.0,0.0,-0.010113929349004859
2018-07-15,7.5837684722263985,7.699551084607454,7.5837684722263985,7.680253982543945,49206,0.0,0.0,0.011370907448930698
2018-07-16,7.6706056182555695,7.680254399851194,7.554822999583456,7.622363090515137,45943,0.0,0.0,-0.007566178768739493
2018-07-17,7.622364632601646,7.873227023810057,7.612715849053969,7.757444381713867,79812,0.0,0.0,0.017566509212221217
2018-07-18,7.75744296930772,7.8056859581038065,7.738146325884372,7.767091751098633,85400,0.0,0.0,0.001242854606937076
2018-07-19,7.776740532889546,7.834631383318068,7.69955165879996,7.767091751098633,70731,0.0,0.0,0.0
2018-07-22,7.670605773506461,7.796037176312894,7.660957451794786,7.767091751098633,110768,0.0,0.0,0.0
2018-07-23,7.776739084670617,8.191626502674435,7.767090304676544,8.153032302856445,188455,0.0,0.0,0.048494117448236826
2018-07-24,8.249522178523693,8.432844484642555,8.153036173097716,8.230224609375,310547,0.0,0.0,0.009423386101510582
2018-07-25,8.29776159853209,8.567921008856501,8.29776159853209,8.442489624023438,192015,0.0,0.0,0.025463938403098258
2018-07-26,8.394247386469106,8.394247386469106,8.249519348144531,8.249519348144531,162426,0.0,0.0,-0.023122306441370984
2018-07-29,8.374949222386075,8.374949222386075,8.153031894430836,8.201274871826172,188551,0.0,0.0,-0.005865323458810652
2018-07-30,8.201276663429471,8.201276663429471,8.046899838166741,8.104790687561035,43851,0.0,0.0,-0.011834284605846662
2018-07-31,8.201276199962715,8.201276199962715,8.085493587558721,8.114439010620117,82091,0.0,0.0,0.0011897388934872322
2018-08-01,8.201276663429471,8.201276663429471,8.056548619785277,8.104790687561035,175239,0.0,0.0,-0.0011897388934872595
2018-08-02,8.249521190141309,8.278466620237626,8.143386412857087,8.191629409790039,43955,0.0,0.0,0.010657499457402395
2018-08-05,8.47143822829596,8.47143822829596,8.201278716457102,8.239872932434082,53966,0.0,0.0,0.005872093770231018
2018-08-06,8.201276892228375,8.471436343975052,8.17233146672371,8.297762870788574,119744,0.0,0.0,0.007001021850529748
2018-08-07,8.481083952478894,8.654758321795477,8.336355924820646,8.538975715637207,124219,0.0,0.0,0.02865511615430961
2018-08-08,8.577570638005017,8.577570638005017,8.297762419585604,8.346004486083984,147299,0.0,0.0,-0.022858141303936326
2018-08-09,8.259168972851453,8.32670860827908,8.133737564086914,8.133737564086914,133911,0.0,0.0,-0.025762376783767842
2018-08-12,8.172331034238821,8.172331034238821,7.796036841957955,7.9118194580078125,81908,0.0,0.0,-0.027662767593779728
2018-08-13,7.911817927612419,8.201274871826172,7.911817927612419,8.201274871826172,177104,0.0,0.0,0.03593183905485781
2018-08-14,8.201276969937663,8.490733988202457,8.201276969937663,8.394248008728027,39478,0.0,0.0,0.02325709606816778
2018-08-15,8.538975542639934,8.770540750265026,8.336355755928393,8.403895378112793,581208,0.0,0.0,0.0011486234190619179
2018-08-16,8.442490773600376,8.674056013981097,8.403896566870257,8.635461807250977,132602,0.0,0.0,0.02718185718465795
2018-08-19,8.712650414044628,8.924919015849756,8.635461998871579,8.8284330368042,473427,0.0,0.0,0.022100348811108318
2018-08-20,8.799489542006604,8.886326758170407,8.70300446194803,8.867029190063477,441497,0.0,0.0,0.004362272538533923
2018-08-21,8.828432404270812,9.252969577464125,8.731947352296642,9.098592758178713,222488,0.0,0.0,0.025779947225005994
2018-08-22,9.27226577313635,9.638911161356551,9.27226577313635,9.561722755432127,193286,0.0,0.0,0.049648155765410595
2018-08-23,9.648560744065506,9.764343362575277,9.388049162299676,9.407346725463867,216688,0.0,0.0,-0.01627696482094514
2018-08-26,9.407347220107832,9.648561251392648,9.272267031331271,9.416996002197266,187415,0.0,0.0,0.0010251914468546138
2018-08-27,9.455590022617343,9.74504703844248,9.445941240719526,9.716100692749023,256057,0.0,0.0,0.03126823268995941
2018-08-28,9.754695270040989,10.232298950189971,9.754695270040989,10.082746505737305,416601,0.0,0.0,0.03704132164966575
2018-08-29,10.420444946269354,10.60376718073533,10.285364775501847,10.410796165466309,349498,0.0,0.0,0.03201766419780042
2018-08-30,10.449389649671092,10.46868720994964,9.754693122334768,9.831881523132324,579074,0.0,0.0,-0.05721303847266957
2018-09-02,10.314311255536753,10.545877417766228,10.179231991074577,10.507283210754396,209216,0.0,0.0,0.0664383337643202
2018-09-03,10.603768309946965,10.603768309946965,10.323960077970078,10.565174102783203,378466,0.0,0.0,0.0054944743090546795
2018-09-04,10.565172283463788,10.729197865704236,10.034501336224588,10.227473258972168,355611,0.0,0.0,-0.03248557393774728
2018-09-05,10.261356468415268,10.358161160709438,9.825732121867809,10.058065414428713,141266,0.035,0.0,-0.016702714747912507
2018-09-06,10.135509462365444,10.1645507775176,9.651483234864608,10.14518928527832,137646,0.0,0.0,0.008624789640828422
2018-09-09,10.271035127463636,10.56145101784912,10.2613553055759,10.454965591430664,186477,0.0,0.0,0.03007741067307456
2018-09-10,10.62921436795059,10.648575858104524,10.469485767007289,10.493687629699709,159493,0.0,0.0,0.0036968564957998457
2018-09-11,10.561451960698152,10.600174021325929,10.454966524773456,10.503369331359863,200542,0.0,0.0,0.0009221961310347033
2018-09-12,10.590493382277,10.590493382277,10.271036148071287,10.271036148071287,96741,0.0,0.0,-0.022368184782614438
2018-09-13,10.43560411151712,10.445284856621056,10.31943793988988,10.387201309204102,145314,0.0,0.0,0.011246495330173818
2018-09-16,10.454965572598503,10.687297915205727,10.377521458396094,10.493687629699709,170703,0.0,0.0,0.010199493321406126
2018-09-17,10.53241068919536,10.706660424337873,10.319438893266376,10.416244506835938,151684,0.0,0.0,-0.007407338910318668
2018-09-18,10.551772222951325,10.609855781046187,10.319439836985534,10.406564712524414,124422,0.0,0.0,-0.0009297299808894106
2018-09-19,10.406563648355624,10.600173950195312,10.309758035832411,10.600173950195312,93419,0.0,0.0,0.018433582010750044
2018-09-20,10.64857820880372,11.306854248046877,10.64857820880372,11.306854248046877,140709,0.0,0.0,0.06453870107315264
2018-09-23,11.423018455505373,11.703753613369525,11.345574337695032,11.423018455505373,210715,0.0,0.0,0.010221369942542528
2018-09-24,11.616629647782156,11.994170443689516,11.423019338293807,11.539185523986816,112611,0.0,0.0,0.010118197683647029
2018-09-25,11.62631021040891,11.98448950810624,11.568226656876504,11.858642578125,223532,0.0,0.0,0.027308253157019808
2018-09-26,11.907047360042911,12.003852067707394,11.723116846028642,11.790881156921388,94431,0.0,0.0,-0.005730483826592621
2018-09-27,11.868324151209904,12.226503473864474,11.868324151209904,12.061934471130373,99876,0.0,0.0,0.02272813293477328
2018-09-30,12.10065367804754,12.207139098059978,11.897362659328076,12.01352882385254,62275,0.0,0.0,-0.004021165608355696
2018-10-01,12.02321283592978,12.032893583072754,11.374617548660265,11.403658866882324,139788,0.0,0.0,-0.05209915959407385
2018-10-02,11.713435262392714,11.713435262392714,11.481101967834372,11.529504776000977,132694,0.0,0.0,0.010975125306698093
2018-10-03,11.616629624074504,11.713435240224502,11.519824007924504,11.57790756225586,140403,0.0,0.0,0.004189379264022945
2018-10-04,11.85864084094098,12.042570374303844,11.306851317645766,11.461739540100098,117427,0.0,0.0,-0.01008426961483584
2018-10-07,11.616627888587416,11.616627888587416,11.181004527406715,11.190685272216797,219381,0.0,0.0,-0.02393273195073646
2018-10-08,11.32621498470358,11.374617798273782,10.745383991481814,11.035799026489258,162604,0.0,0.0,-0.013937314677632961
2018-10-09,10.813144596996333,11.200365159607667,10.513047968567564,11.016435623168944,221953,0.0,0.0,-0.0017561402374298997
2018-10-10,10.35816130452154,10.600174423427218,9.670844009901153,9.806371688842772,321518,0.0,0.0,-0.11635595849439447
2018-10-11,9.680523928956484,9.680523928956484,9.35138596765889,9.54499626159668,482784,0.0,0.0,-0.027015281220230055
2018-10-14,9.670844226226528,9.912857350545751,9.3513869759817,9.438511848449709,186684,0.0,0.0,-0.011218740959013082
2018-10-15,9.438510953113658,9.641801995185912,9.24490065666549,9.302983283996582,115569,0.0,0.0,-0.014463192613007297
2018-10-16,9.506274922557534,9.99998190188395,9.477233607069737,9.951579093933104,190192,0.0,0.0,0.06739610954166597
2018-10-17,9.999983084925624,9.999983084925624,9.457874156721283,9.632122993469238,109463,0.0,0.0,-0.03262758374591053
2018-10-18,9.680524824458052,9.970940753833151,9.593399953324845,9.670844078063965,71341,0.0,0.0,0.004011936236322159
2018-10-21,9.68052492100624,9.728927730252632,9.506275177001951,9.506275177001951,75866,0.0,0.0,-0.017163468486511218
2018-10-22,9.535316462357416,9.816051620047592,9.496594403476244,9.515954971313477,105514,0.0,0.0,0.0010177350470021692
2018-10-23,9.574038521238588,9.690204697882104,9.496594403476244,9.515954971313477,61946,0.0,0.0,0.0
2018-10-24,9.438510143936709,9.438510143936709,8.92544267153339,8.944803237915039,195696,0.0,0.0,-0.06189714069778938
2018-10-25,9.099693275445766,9.5546782161801,8.983527084382986,9.157776832580566,111509,0.0,0.0,0.023530725522448864
2018-10-28,9.293302727331003,9.293302727331003,8.80927656284932,8.84799861907959,105894,0.0,0.0,-0.0344121566534468
2018-10-29,8.799595817990092,8.964164787770397,8.451096388711028,8.84799861907959,183500,0.0,0.0,0.0
2018-10-30,8.838319777400352,8.915763906537151,8.693111342863725,8.828639030456543,81557,0.0,0.0,-0.002190416158023004
2018-10-31,8.828637846929054,9.332025542043192,8.780235041905508,9.26426124572754,95955,0.0,0.0,0.0481632479826784
2018-11-01,9.39010867178389,10.348480385045296,9.39010867178389,10.067745208740234,252078,0.0,0.0,0.08317264938157629
2018-11-04,10.067745401753037,10.232314396866892,9.5933999091104,9.76764965057373,180739,0.0,0.0,-0.030260900807939736
2018-11-05,10.10646550012154,10.10646550012154,9.641800844118988,9.709564208984377,47664,0.0,0.0,-0.005964468450842306
2018-11-06,10.06774435183964,10.06774435183964,9.670843024970004,9.864453315734863,43187,0.0,0.0,0.01582632073314568
2018-11-07,10.067745260815878,10.319439123137968,9.87413495257072,10.019343376159668,99712,0.0,0.0,0.015579840798970441
2018-11-08,10.222633599479297,10.222633599479297,9.709565170335605,9.738607406616213,86514,0.0,0.0,-0.028419431489209696
2018-11-11,9.738608578745886,9.88381608479917,9.33202645394852,9.35138702392578,75702,0.0,0.0,-0.04057345359535848
2018-11-12,9.148094163262275,9.25458050842874,8.964164630203173,9.196496963500977,107297,0.0,0.0,-0.016702030394682158
2018-11-13,9.099690552115735,9.283620991990729,8.74151133939867,8.79959487915039,60340,0.0,0.0,-0.0441169627445396
2018-11-14,8.818956451191658,9.002886912081317,8.625346168576215,8.673748970031738,119483,0.0,0.0,-0.014404579478093163
2018-11-15,8.760874839122156,8.954485144082591,8.567264534161723,8.605986595153809,205196,0.0,0.0,-0.007843027687315943
2018-11-18,8.596305695073081,9.022248358353878,8.596305695073081,8.87704086303711,55208,0.0,0.0,0.031010188525248707
2018-11-19,9.670843360187556,9.787009538673106,9.14809509539922,9.254581451416016,157145,0.0,0.0,0.0416504556285822
2018-11-20,9.244900703430176,9.351386136213636,9.080331719815094,9.244900703430176,76423,0.0,0.0,-0.0010465967413002377
2018-11-21,9.438510041487843,9.457871530865974,8.983525196374677,9.196496963500977,42105,0.0,0.0,-0.005249477502581797
2018-11-22,9.186817260269263,9.186817260269263,8.954484900633261,9.05129051208496,53959,0.0,0.0,-0.015915301142666212
2018-11-25,9.0416088394432,9.099691461794784,8.867359125975167,8.944803237915039,66665,0.0,0.0,-0.011834625726651135
2018-11-26,8.925440817237748,9.099689571298274,8.760871882753706,8.809274673461914,58708,0.0,0.0,-0.01526761319421212
2018-11-27,8.89640241264953,9.186818358515945,8.770556395207365,8.828639030456543,58370,0.0,0.0,0.002195765905191205
2018-11-28,9.196497712819175,9.835412143049329,9.196497712819175,9.583718299865724,107354,0.0,0.0,0.08206477563874238
2018-11-29,9.544997100569834,9.76764965057373,9.283623411581626,9.76764965057373,124227,0.0,0.0,0.0190102209175726
2018-12-02,9.796691655669152,10.251676610830446,9.796691655669152,10.154870986938477,136686,0.0,0.0,0.038877621456726415
2018-12-03,10.261356374813834,10.687299048077737,10.154870014092788,10.212953567504885,89552,0.0,0.0,0.005703381611158482
2018-12-04,9.980621285953472,10.048384662843697,9.76764948588978,10.029023170471191,84235,0.0,0.0,-0.018173665724153923
2018-12-05,10.019343376159668,10.067745260815878,9.80637157548661,10.019343376159668,43128,0.0,0.0,-0.0009656442624574559
2018-12-06,9.874133893490308,10.309757271119487,9.874133893490308,10.23231315612793,30127,0.0,0.0,0.021033107183858122
2018-12-09,10.077425102575065,10.193591277096177,9.83541200818774,9.883814811706545,51622,0.0,0.0,-0.03465211758998103
2018-12-10,9.912857014219751,10.212953684404823,9.87413495257072,10.019343376159668,83716,0.0,0.0,0.01361901040612293
2018-12-11,10.08710675324378,10.212953684404823,9.941899252861605,10.019343376159668,29515,0.0,0.0,0.0
2018-12-12,10.16455082396547,10.20327288541421,10.009662578170508,10.067745208740234,37876,0.0,0.0,0.0048192077266660666
2018-12-13,9.97093967339905,10.029022299056262,9.864453321016349,9.883814811706545,50754,0.0,0.0,-0.018438218132788967
2018-12-16,9.951578016658036,10.26135540008545,9.525635383854516,10.26135540008545,79118,0.0,0.0,0.037486384507042135
2018-12-17,10.077425983604837,10.11614804516386,9.87413492961828,10.058065414428713,82046,0.0,0.0,-0.020010094839065108
2018-12-18,10.14518727810024,10.445283885989015,9.932216444844029,10.435603141784668,107015,0.0,0.0,0.03684849729243661
2018-12-19,10.46464829692118,10.493689614438187,10.261357227888452,10.367842674255373,72227,0.0,0.0,-0.0065143734127421395
2018-12-20,10.271034948401796,10.86154746397236,10.26135512668281,10.842185974121094,309750,0.0,0.0,0.0447356684808789
2018-12-23,10.803465919405712,10.803465919405712,10.484008663320571,10.687299728393556,71165,0.0,0.0,-0.014388538586941831
2018-12-26,10.60985378497768,10.696978644125457,10.532409670892244,10.54209041595459,43414,0.0,0.0,-0.01368024009095909
2018-12-27,10.50336924530054,10.667938232421877,10.484007753541915,10.667938232421877,18559,0.0,0.0,0.011866961183721
2018-12-30,10.648576803257429,10.687298863795547,10.532410621643066,10.532410621643066,17040,0.0,0.0,-0.012785587439684616
2019-01-01,10.638893044862003,11.074516333368498,10.55176820251941,11.026114463806152,133239,0.0,0.0,0.045809272500014916
2019-01-02,10.997075734212666,11.577907585884486,10.977715164867222,11.539185523986816,102566,0.0,0.0,0.04548217870186337
2019-01-03,11.57790778077991,11.60694909689033,11.093881537307851,11.229409217834473,110894,0.0,0.0,-0.02721252020667382
2019-01-06,11.529503847813242,11.5972672198671,11.229408123111837,11.510143280029297,71304,0.0,0.0,0.024692511092853215
2019-01-07,11.51982314116494,11.568225945598078,11.39397714212817,11.423018455505373,19877,0.0,0.0,-0.007598188569826478
2019-01-08,11.413338435736591,11.89736466443315,11.345575059145238,11.829601287841797,107514,0.0,0.0,0.03497449154833073
2019-01-09,11.858641641783192,11.907044445370586,11.674712095999132,11.8102388381958,512521,0.0,0.0,-0.001638120551796652
2019-01-10,11.810239795554688,11.858642603065697,11.665032296228429,11.829601287841797,111791,0.0,0.0,0.0016381205517967134
2019-01-13,11.90704680279766,12.575002670288086,11.868324736902665,12.575002670288086,142866,0.0,0.0,0.06110595439155114
2019-01-14,12.53627866637187,12.778291771603786,12.391071172515414,12.68148708343506,140754,0.0,0.0,0.00843229167126174
2019-01-15,12.681487019104958,13.029985556516644,12.575000662490789,12.797653198242188,165725,0.0,0.0,0.009118590222702132
2019-01-16,12.923501781470527,13.417207875355109,12.87509896981722,13.17519474029541,168754,0.0,0.0,0.029074065136580222
2019-01-17,13.175194767782042,13.26231964429839,13.034827629222136,13.146153450012209,137775,0.0,0.0,-0.002206672838922288
2019-01-20,13.368805470058604,13.388166040047322,12.08129479196704,12.4491548538208,174628,0.0,0.0,-0.05447646514705397
2019-01-21,12.245863724074812,12.744411092641052,12.197461837765324,12.604043960571287,65391,0.0,0.0,0.012364974336627118
2019-01-22,12.691165999568897,12.691165999568897,12.39107028751076,12.536277770996094,32462,0.0,0.0,-0.0053910490426541694
2019-01-23,12.19746007896484,12.691166079862525,12.19746007896484,12.391070365905762,54795,0.0,0.0,-0.011650581263519436
2019-01-24,12.42979344087197,12.439474186813207,12.158739016964525,12.24586296081543,21132,0.0,0.0,-0.011787918942865502
2019-01-28,12.284585115961155,12.35234941486484,12.081294065663606,12.110336303710938,48210,0.0,0.0,-0.011128834543397602
2019-01-29,12.081294345038742,12.187780707261236,11.548866226753368,11.635991096496582,129865,0.0,0.0,-0.039956352459565574
2019-01-30,11.713434191488956,12.100654775006488,11.713434191488956,11.723114013671877,90998,0.0,0.0,0.007459474217973101
2019-01-31,11.742474332479532,12.391069437542612,11.742474332479532,12.29426383972168,124627,0.0,0.0,0.047570349425222876
2019-02-03,12.381390464974384,12.710528436819354,12.381390464974384,12.584681510925291,120484,0.0,0.0,0.023347522121811244
2019-02-04,12.739569690022218,12.768611004102755,12.584681450650368,12.720209121704102,90710,0.0,0.0,0.010711676933443756
2019-02-05,12.923502186549936,12.923502186549936,12.507239285773558,12.575002670288086,39589,0.0,0.0,-0.0114810698276435
2019-02-06,12.739571571350098,12.875099262418008,12.52659974915963,12.739571571350098,58607,0.0,0.0,0.013002092621387655
2019-02-07,12.77829360961914,12.86541848774765,12.681488907526132,12.77829360961914,33059,0.0,0.0,0.0030348987045397957
2019-02-10,12.865417366273084,13.20423610208104,12.83637605049739,13.088069915771484,124402,0.0,0.0,0.02395320216066718
2019-02-11,13.068709481352736,13.068709481352736,12.855737660936477,12.91382122039795,77121,0.0,0.0,-0.013402971572416178
2019-02-12,12.904139196627868,13.552734417613037,12.879938254450552,13.455928802490234,108680,0.0,0.0,0.04112166183288984
2019-02-13,13.55273535448983,13.736664928089755,13.378485604505917,13.514013290405272,67540,0.0,0.0,0.0043073565022832706
2019-02-14,13.533372954126651,13.55273444647515,13.301040585185271,13.446249008178713,35165,0.0,0.0,-0.005026985581934775
2019-02-17,13.688261803177838,14.462703014871192,13.688261803177838,13.978676795959473,166039,0.0,0.0,0.03883289953563345
2019-02-18,14.085164426844566,14.114205744103772,13.359125032916566,13.504332542419434,131506,0.0,0.0,-0.0345225195120116
2019-02-19,13.504332542419434,13.697942862825537,13.165514712510465,13.504332542419434,108066,0.0,0.0,0.0
2019-02-20,13.9883583745175,14.491746115287397,13.814109553118293,14.181968688964844,268882,0.0,0.0,0.0489607840524989
2019-02-21,14.03676135783314,14.104524737927534,13.814109724261954,13.910914421081545,140882,0.0,0.0,-0.01929760490808287
2019-02-24,13.64954022317165,13.804428470963687,13.107430432692738,13.13647174835205,164062,0.0,0.0,-0.057281277471580974
2019-02-25,13.136472919919072,13.136472919919072,12.681488882254223,12.836377143859863,227236,0.0,0.0,-0.02310936015468913
2019-02-26,12.913820220405364,13.165514086570196,12.89445872768186,13.00094509124756,80262,0.0,0.0,0.012738949601886302
2019-02-27,12.971902665274284,13.504331705811635,12.923500780576433,13.310721397399902,111793,0.0,0.0,0.023547776446855795
2019-02-28,13.31072102201153,14.08516315702446,13.31072102201153,13.988357543945312,153399,0.0,0.0,0.04965554904426043
2019-03-03,14.075482135719843,14.714396584564383,14.007718761814129,14.52078628540039,178506,0.0,0.0,0.03735578018064851
2019-03-04,14.520785137180225,14.985449818430796,14.220688504800904,14.975769996643066,126699,0.0,0.0,0.030852401669593126
2019-03-05,14.985450747020485,15.23714459323102,14.65631370567599,14.995131492614746,69200,0.0,0.0,0.0012920197727111762
2019-03-06,15.087304990860993,15.339568830264104,14.873850901727783,14.97087574005127,209358,0.035,0.0,-0.0016188848699514617
2019-03-07,14.990279038769769,14.990279038769769,14.505156733791477,14.786527633666992,96549,0.0,0.0,-0.012390225212473191
2019-03-10,14.786531583151609,15.34927353321109,14.616738545997988,15.038795471191406,156481,0.0,0.0,0.016916755785366833
2019-03-11,15.121397281289411,15.15055138593957,14.645208629111384,14.684081077575684,86382,0.025,0.0,-0.02386923985234551
2019-03-12,14.965906416201731,15.548994064331056,14.79098086319675,15.548994064331056,193173,0.0,0.0,0.0572319590255428
2019-03-13,15.54899666683999,16.03490281267874,15.422660957706825,15.57815170288086,131355,0.0,0.0,0.0018734545914401719
2019-03-14,15.578148945158098,16.073773348605865,15.480967362476957,15.937718391418455,1233031,0.0,0.0,0.022819125088269002
2019-03-17,16.229262476340143,16.724885005952434,16.200107446651707,16.52080535888672,242975,0.0,0.0,0.03593199162677851
2019-03-18,16.62770854698125,17.094177992117412,16.569398476150624,16.579116821289062,188283,0.0,0.0,0.003523363131100712
2019-03-19,16.57911664953787,17.201077756861025,16.56939830450011,17.035869598388672,163554,0.0,0.0,0.02717721698452477
2019-03-20,16.919248163373116,16.958121536291028,16.42362378017638,16.52080535888672,150218,0.0,0.0,-0.030700580115625417
2019-03-21,16.617989360596365,16.83178738206455,16.55968114630226,16.73460578918457,97892,0.0,0.0,0.01285826087429845
2019-03-24,16.666579538543576,16.666579538543576,16.190391763566303,16.501371383666992,108755,0.0,0.0,-0.014035286702418463
2019-03-25,16.520806752982757,16.60826999584414,15.393504793418936,15.6947660446167,193897,0.0,0.0,-0.05011620779558479
2019-03-26,15.68504878821139,15.68504878821139,14.421693631518512,14.606337547302246,326721,0.0,0.0,-0.07187177070701223
2019-03-27,14.421691342753874,14.45084544550502,14.18845666716028,14.411972999572754,348465,0.0,0.0,-0.013396193696137646
2019-03-28,14.58689975252001,14.883301810954016,14.32451004229503,14.382819175720217,167111,0.0,0.0,-0.002024937956617667
2019-03-31,14.373101494298885,14.616054528973844,14.285638253529132,14.480000495910645,148336,0.0,0.0,0.006734039746514344
2019-04-01,14.285639695280926,14.917318205262172,14.285639695280926,14.76182746887207,295912,0.0,0.0,0.01927620255688473
2019-04-02,14.829853454465445,16.073773658912188,14.829853454465445,15.908565521240234,209525,0.0,0.0,0.0748130524382143
2019-04-03,15.918278751398027,16.22926012900898,15.73363581749724,15.98630714416504,134930,0.0,0.0,0.0048748761405841435
2019-04-04,15.986310701824763,15.986310701824763,14.975625170231424,15.403223037719728,90272,0.0,0.0,-0.037155776655735856
2019-04-07,16.03489928703402,16.06405431666448,15.69476468901641,15.704483032226562,99157,0.0,0.0,0.019369439362920658
2019-04-08,15.74335923616834,16.219547017591246,15.74335923616834,15.84053897857666,85817,0.0,0.0,0.008626197184277873
2019-04-09,15.811386210967806,16.71517192625557,15.811386210967806,16.666580200195312,213290,0.0,0.0,0.05083311652560923
2019-04-10,16.715173721313477,17.055306572338356,16.666581990034906,16.715173721313477,153024,0.0,0.0,0.0029113841984625536
2019-04-11,16.715169188090574,16.88037732246254,16.355597888486468,16.822067260742188,84434,0.0,0.0,0.0063746389551252395
2019-04-14,16.83178804409668,17.006714547443956,16.511090072488273,16.89981460571289,136339,0.0,0.0,0.0046110998808106185
2019-04-15,16.99699155825543,17.123328155524444,16.78319358679501,17.055299758911133,121879,0.0,0.0,0.009158339937009163
2019-04-16,17.20107528204512,17.667544655235314,17.006712116423618,17.366283416748047,164229,0.0,0.0,0.018069599984492
2019-04-17,17.50233865775274,17.677265157455565,16.423626478641822,16.501371383666992,99655,0.0,0.0,-0.051087100099816624
2019-04-22,16.5402416918666,17.37599880231202,16.5402416918666,17.346845626831055,94574,0.0,0.0,0.049967189997551946
2019-04-23,17.774446390518463,18.726821921097272,17.667546453189413,18.182605743408203,285946,0.0,0.0,0.04705472708707931
2019-04-25,18.3672506907383,18.853156803475212,18.270069097473975,18.814285278320312,135862,0.0,0.0,0.03415102782286931
2019-04-28,18.833717941071992,19.03779944873863,18.46443015357762,18.50330352783203,92491,0.0,0.0,-0.01666715130715885
2019-04-29,18.561611723808088,19.941584998024215,18.53245669313585,19.863840103149418,156335,0.0,0.0,0.07095171337907467
2019-04-30,19.776376267532022,19.776376267532022,19.07667038120324,19.241878509521484,150908,0.0,0.0,-0.03181192249226922
2019-05-01,19.183574552772033,19.19329289818864,18.824005040281843,19.096111297607425,139773,0.0,0.0,-0.0076043587615270405
2019-05-02,19.086392952190813,19.36821940851786,18.824005040281843,19.096111297607425,116477,0.0,0.0,0.0
2019-05-05,18.98921329262641,18.98921329262641,18.367252158193832,18.824005126953125,71457,0.0,0.0,-0.014351793552400308
2019-05-06,18.68794768919991,18.707384377569383,18.40612312218105,18.61020278930664,85174,0.0,0.0,-0.011422956400406114
2019-05-07,18.260350603176608,18.31865881130479,17.978524198985458,18.046550750732425,133294,0.0,0.0,-0.030755395011363904
2019-05-08,18.02711111539706,18.36724567209184,17.98823960086337,18.299219131469727,106500,0.0,0.0,0.013903816149647039
2019-05-09,18.299221571839713,18.318658258490725,17.891060420090763,17.96880531311035,90381,0.0,0.0,-0.0182211722377541
2019-05-12,17.978526108923205,19.164136352599535,17.968807764272,19.08639144897461,127065,0.0,0.0,0.06033837524105003
2019-05-13,18.56161319074351,18.67822961547973,18.221478553691018,18.51302146911621,223856,0.0,0.0,-0.030501243844546402
2019-05-14,18.833719036642993,19.057237244439055,18.58104950362938,18.658794403076172,74735,0.0,0.0,0.00784323702374479
2019-05-15,18.755973274165363,19.484832368035796,18.513020242875218,18.6782283782959,252117,0.0,0.0,0.001041003032756608
2019-05-16,18.814282176688018,19.630604459797834,18.347810976636403,19.387651443481445,214502,0.0,0.0,0.0372777521295608
2019-05-19,19.533425520098547,20.39833778182457,19.533425520098547,20.320592880249023,190563,0.0,0.0,0.046998459591956386
2019-05-20,20.310873445634385,20.310873445634385,19.56257764964536,19.892993927001953,188917,0.0,0.0,-0.021267193690618663
2019-05-21,20.262282209182736,21.340992355972997,20.1359456009596,20.37889862060547,261318,0.0,0.0,0.02413237839409723
2019-05-22,20.40805527743136,21.030014464167916,20.39833693344053,20.88424301147461,122531,0.0,0.0,0.02449496756629949
2019-05-23,20.893961648380056,21.03001475898987,20.25256576467004,20.65100860595703,78677,0.0,0.0,-0.011230790614268843
2019-05-26,20.66072548063873,21.865772262920665,20.66072548063873,21.729719161987305,126567,0.0,0.0,0.05091670909041468
2019-05-27,21.91436473743144,22.934768676757812,21.86577486804744,22.934768676757812,239940,0.0,0.0,0.053973171753817425
2019-05-28,22.934767843955964,23.07082095615861,22.400270032216987,22.81814956665039,119172,0.0,0.0,-0.005097789043299688
2019-05-29,22.837588973020363,22.837588973020363,22.254501224268832,22.798715591430664,122768,0.0,0.0,-0.0008520522542758748
2019-05-30,22.594633814656245,22.89589507984795,22.04070115319306,22.079572677612305,177798,0.0,0.0,-0.03205133281180292
2019-06-02,21.94351685708393,22.060135123137055,20.27200073421885,20.6024169921875,317483,0.0,0.0,-0.06924446922182557
2019-06-03,21.234094478215415,21.33127605766228,20.476080382831245,20.6024169921875,220186,0.0,0.0,0.0
2019-06-04,20.991140731620185,21.48676510146053,20.54410622303336,20.709314346313477,216507,0.0,0.0,0.005175168856050541
2019-06-05,20.796778529474437,20.93283348365145,20.553825504939493,20.777341842651367,203999,0.0,0.0,0.0032794909764727203
2019-06-06,20.79677731633031,21.331275051278872,20.77734063064105,20.942548751831055,198275,0.0,0.0,0.007919856469560806
2019-06-10,21.39930582780122,22.176754873213497,21.33127926802574,21.88521194458008,262087,0.0,0.0,0.0440282401310023
2019-06-11,22.215626788821407,22.74040439650877,22.050418645856297,22.64322280883789,215242,0.0,0.0,0.03404943835397097
2019-06-12,22.740401379230207,22.95905945908119,22.35167693370867,22.487730026245117,221055,0.0,0.0,-0.006890765122015427
2019-06-13,22.59463441353826,23.2749037179604,22.25449976132719,23.19715881347656,253597,0.0,0.0,0.031059977940642105
2019-06-16,23.197156483173828,23.770523937653252,23.197156483173828,23.342927932739254,264279,0.0,0.0,0.006264259743813096
2019-06-17,23.372075959175422,23.857981919687045,23.372075959175422,23.692773818969727,279017,0.0,0.0,0.01487603351551782
2019-06-18,23.74137242420853,24.946419333921934,23.702499046354223,24.616003036499023,348311,0.0,0.0,0.0382266618786248
2019-06-19,24.732621085056035,25.93766798349391,24.732621085056035,25.753023147583008,438146,0.0,0.0,0.045155262633668945
2019-06-20,25.568377801836995,25.78217766660265,25.101908402759506,25.26711654663086,358513,0.0,0.0,-0.019048214910759077
2019-06-23,25.286554596888827,25.558660834213665,24.781211793878807,25.46148109436035,183665,0.0,0.0,0.007662955724068519
2019-06-24,24.80064595796157,26.054282639548266,24.80064595796157,25.704431533813477,310162,0.0,0.0,0.00949664543718859
2019-06-25,25.40317020105664,25.55866000407333,24.96585582516644,25.07275390625,421880,0.0,0.0,-0.024881655447597184
2019-06-26,24.897829360743685,25.063037508762104,24.28558663719939,24.392486572265625,222242,0.0,0.0,-0.02750659729736478
2019-06-27,24.295304845434625,25.014445646429333,24.188404910967623,24.577131271362305,257403,0.0,0.0,0.007541229941788145
2019-06-30,25.25739599959276,25.36429592265216,24.57712864866471,24.68402671813965,235839,0.0,0.0,0.004339955410032385
2019-07-01,24.693748063295622,25.354580661477836,24.693748063295622,24.975574493408203,178352,0.0,0.0,0.011741984143677773
2019-07-02,25.16993544915334,25.16993544915334,24.4410763037903,24.577131271362305,147814,0.0,0.0,-0.016081939553710123
2019-07-03,24.645161533252043,24.708328000765007,24.159255363297294,24.48967170715332,174197,0.0,0.0,-0.0035649217607187566
2019-07-04,24.489667416983313,25.267116411281197,24.246714374567148,25.17965316772461,186797,0.0,0.0,0.027784788709270036
2019-07-07,25.267118084783156,25.461481273023075,25.092191586084176,25.140783309936523,199766,0.0,0.0,-0.001544893814115553
2019-07-08,25.140778905264465,25.22824028570596,24.62571784417685,24.926979064941406,132981,0.0,0.0,-0.00854064709396916
2019-07-09,24.83952023711929,26.71511814947209,24.761775332370277,26.540191650390625,337633,0.0,0.0,0.06270953657240938
2019-07-10,27.045531649917905,28.143678547175387,27.045531649917905,27.920162200927734,308315,0.0,0.0,0.05068883729782128
2019-07-11,28.192268532879805,28.85310104079788,28.18255018969461,28.68789291381836,290586,0.0,0.0,0.027126096703109694
2019-07-14,28.68789643354045,29.329292333781076,27.988190467034556,28.649023056030273,258359,0.0,0.0,-0.001355840755825724
2019-07-15,28.64902215411687,28.64902215411687,27.473130325222748,27.764673233032227,204038,0.0,0.0,-0.031354877713672444
2019-07-16,27.502284035906655,28.27001655015375,27.181586089678227,27.842418670654297,135374,0.0,0.0,0.002796243630730083
2019-07-17,27.89100875300519,28.95028411845616,27.89100875300519,28.83366584777832,129310,0.0,0.0,0.03498294826566334
2019-07-18,28.97943978163225,29.426474361726157,28.474096987990336,28.775360107421875,167415,0.0,0.0,-0.0020241883731893684
2019-07-21,29.154364997037305,29.30013645130557,28.522687459485084,28.80451202392578,97589,0.0,0.0,0.001012573245324569
2019-07-22,29.251545778577672,29.60139688846675,28.91626940405392,29.09605598449707,120295,0.0,0.0,0.010070589444948383
2019-07-23,29.15436416099508,29.15436416099508,27.949317331437427,28.96000099182129,174080,0.0,0.0,-0.004687030047712987
2019-07-24,29.154364687333935,29.640270765456165,28.969719858643803,29.44590759277344,245321,0.0,0.0,0.016639337479958306
2019-07-25,29.15436405514966,29.54308853850141,28.182551919978003,29.00859260559082,153878,0.0,0.0,-0.014962856401672556
2019-07-28,29.154361345798257,29.834630518633965,29.057179770595383,29.70829391479492,158123,0.0,0.0,0.023834180370473558
2019-07-29,29.73744923516524,30.544053166168663,29.377877959462424,29.883220672607425,183132,0.0,0.0,0.005870878142964321
2019-07-30,29.28069638330617,29.98040224876367,29.2709798939165,29.883220672607425,163037,0.0,0.0,0.0
2019-07-31,30.233074504885597,32.832671086303016,30.174764445306263,32.31275177001953,683676,0.0,0.0,0.0781648026031556
2019-08-01,31.593614706118014,32.50712059630222,30.63152265189919,31.68107795715332,607399,0.0,0.0,-0.019742351167733402
2019-08-04,31.778256543669276,31.83656289732377,29.863785512408725,30.165048599243164,262492,0.0,0.0,-0.04903566978755939
2019-08-05,26.238929803783677,26.238929803783677,22.720968770069486,24.654876708984375,3863418,0.0,0.0,-0.20170920399107745
2019-08-06,25.267113133515505,25.64611923737124,24.334174461383125,25.257394790649418,917746,0.0,0.0,0.024144256827392414
2019-08-07,25.36429687625043,26.75398851393173,25.179652053183492,26.38469886779785,437058,0.0,0.0,0.04366527794364128
2019-08-08,27.949315210569548,29.144643605605378,27.22045616185242,28.10480499267578,555884,0.0,0.0,0.063156304117122
2019-08-11,27.356510824356587,28.83366569253878,27.307920959760068,28.065933227539062,313480,0.0,0.0,-0.0013840576988539911
2019-08-12,27.50228584786481,28.96000421832234,27.50228584786481,28.522689819335938,422586,0.0,0.0,0.016143404336515427
2019-08-13,28.96000405159055,29.475065206810687,28.35748149994448,28.571279525756836,550530,0.0,0.0,0.001702096340792328
2019-08-14,27.201022451281453,27.920163235587513,26.336110212002545,26.62765312194824,270398,0.0,0.0,-0.07045173404282268
2019-08-15,26.238927576693698,27.201021365408987,24.878390961952416,25.247678756713867,434172,0.0,0.0,-0.053216045769448946
2019-08-18,25.276835850157305,26.374982833862305,25.276835850157305,26.374982833862305,366027,0.0,0.0,0.04368171987886173
2019-08-19,26.238924680935817,26.511032715287737,25.57809220721283,26.13202476501465,381745,0.0,0.0,-0.009254376279923164
2019-08-20,25.93766730497925,26.394418357037186,25.06303672375245,25.587814331054688,349729,0.0,0.0,-0.021045329200177928
2019-08-21,27.220462219319415,30.019280773647164,26.724837733468547,29.718019485473633,620563,0.0,0.0,0.14963734304601756
2019-08-22,29.84434949104554,30.61208196008247,28.318604750243527,29.2418270111084,476336,0.0,0.0,-0.016153462303492704
2019-08-25,28.19227193824828,30.95221871435041,28.19227193824828,30.913345336914062,332594,0.0,0.0,0.055587862383355204
2019-08-26,31.08827811224347,32.477968271974255,30.99595660254771,32.341915130615234,361283,0.0,0.0,0.04517609243637421
2019-08-27,32.92499713020438,35.325370652650655,32.5945808463997,35.23790740966797,443442,0.0,0.0,0.08575834716505806
2019-08-28,35.305935578903124,36.04451114806782,34.38271333707051,36.015357971191406,334356,0.0,0.0,0.02182303960026862
2019-08-29,36.04451375471345,36.80252606566957,35.23790786922384,35.77240753173828,427023,0.0,0.0,-0.006768600897208329
2019-09-01,35.79183485118371,36.39435720455537,34.392423311522705,34.810302734375,482614,0.0,0.0,-0.027263458347357664
2019-09-02,34.92693446261209,36.28747323307244,34.40215861198987,35.44199752807617,206155,0.0,0.0,0.01798408925743291
2019-09-03,34.41187321085159,35.957054907882515,34.402156719058176,35.57804870605469,392138,0.0,0.0,0.0038313504882088677
2019-09-04,36.12225885810838,37.30787096659283,35.189320005777724,36.89971160888672,496424,0.0,0.0,0.036474897242863916
2019-09-05,35.80155568075756,35.80155568075756,32.33218699657859,32.4390869140625,2911461,0.0,0.0,-0.12883965360299485
2019-09-08,32.81809044246745,33.67328600809956,32.50711091081367,32.95414352416992,528260,0.0,0.0,0.015752922978412628
2019-09-09,33.37202839128458,33.430338453139164,32.06980000055119,32.283599853515625,322096,0.0,0.0,-0.020557648104497915
2019-09-10,32.14754907930929,32.18641874952672,29.445908665639937,29.601398468017575,705430,0.0,0.0,-0.08673775105442233
2019-09-11,29.92743398054659,30.696302281164993,28.759533375360377,28.886056900024418,535869,0.045,0.0,-0.024462587264867497
2019-09-12,28.924988748662145,29.508939108156483,27.153674081380036,27.250999450683594,729885,0.0,0.0,-0.0582688209642748
2019-09-15,26.81303882544116,27.650034484019617,26.516199111861944,26.832504272460938,613845,0.0,0.0,-0.015476198925349847
2019-09-16,26.472400079814847,28.087994890863524,26.04416957076369,27.523509979248047,567123,0.0,0.0,0.025426549182206725
2019-09-17,28.000405096176507,29.42134931427955,27.825219785708526,29.04178237915039,823883,0.0,0.0,0.053695016982801616
2019-09-18,28.94445475701018,29.31429079629484,27.66949777767288,27.97120475769043,592118,0.0,0.0,-0.037559985269144926
2019-09-19,28.37024080054327,29.32402547846803,28.23398637693325,28.24371910095215,318224,0.0,0.0,0.00969552066672556
2019-09-22,28.341039436712293,28.91525520092987,28.097726948560435,28.691408157348633,425214,0.0,0.0,0.015726610443248794
2019-09-23,28.95418829709467,29.684125817189493,28.46756328369812,29.012582778930664,288519,0.0,0.0,0.011131914206076206
2019-09-24,28.409165416921763,28.409165416921763,27.11474310976991,27.328857421875,532141,0.0,0.0,-0.059786432483586935
2019-09-25,27.523511165191053,28.691410072480227,27.338593142080946,27.864147186279297,342428,0.0,0.0,0.019397623030565338
2019-09-26,27.78628619736264,28.02959869245803,26.94929247653688,27.250999450683594,232000,0.0,0.0,-0.022250617833542655
2019-09-29,27.19260985088875,27.63057130684906,26.92983186351616,27.07581901550293,250674,0.0,0.0,-0.006449155216364098
2019-09-30,27.251002853739525,28.6914125590615,27.134212024725223,28.545425415039062,298641,0.0,0.0,0.052855650307492806
2019-10-01,28.710874885774928,29.654926713741315,28.010135556840535,28.165855407714844,515783,0.0,0.0,-0.013386249429833907
2019-10-02,28.117191360393363,28.496760115330662,27.11474506789401,28.039331436157227,500556,0.0,0.0,-0.0045022245234893786
2019-10-03,28.12692334830343,29.460276604388657,28.12692334830343,28.57461929321289,366622,0.0,0.0,0.018910667856179793
2019-10-06,29.109902218888955,29.70358520823651,28.710869937751763,29.518667221069336,268234,0.0,0.0,0.03250396385533868
2019-10-07,29.90797841804652,30.005303810020003,28.156128787833698,28.84713554382324,431685,0.0,0.0,-0.02301215025963056
2019-10-08,28.22424786754812,30.59897820789957,28.175586113755532,30.287538528442383,407783,0.0,0.0,0.048725658116715476
2019-10-09,30.70603911594181,30.70603911594181,28.68167903470763,29.04178237915039,395478,0.0,0.0,-0.04200079346675032
2019-10-10,29.362949198959686,29.62572711427166,28.08799236528852,28.730337142944336,347301,0.0,0.0,-0.010781956968786371
2019-10-13,29.19749931919135,29.401880923388724,28.321574710881013,29.100173950195312,207285,0.0,0.0,0.012790544032679199
2019-10-14,29.470008935354628,30.5211187992932,29.03204571857733,29.314289093017575,296327,0.0,0.0,0.007330927670655975
2019-10-15,30.161015343896516,30.803360154215557,29.246159882767877,30.491920471191406,298151,0.0,0.0,0.03938666643641199
2019-10-16,30.491920370859756,31.036939814358664,29.654924833241232,29.781448364257812,279626,0.0,0.0,-0.0235760843946962
2019-10-17,29.771718306076497,30.53085399112133,29.674392932661455,30.07342529296875,221585,0.0,0.0,0.009756239612015334
2019-10-20,30.10262489609863,31.280256587179085,29.869045102570123,30.81309700012207,274374,0.0,0.0,0.024297925718812546
2019-10-21,30.852026488495778,31.02720993341677,29.197500705960504,29.20723342895508,326435,0.0,0.0,-0.05352342810636681
2019-10-22,29.25589328685307,29.56733297713682,27.241266166043932,27.43591690063477,409395,0.0,0.0,-0.06256340797791311
2019-10-23,27.562440901218583,27.688964446262137,26.443203723827036,26.77410888671875,265280,0.0,0.0,-0.024417656550256253
2019-10-24,26.59892225427377,26.75464210476374,25.742463076578943,26.62812042236328,422274,0.0,0.0,-0.005467518113857772
2019-10-27,26.86170106040782,27.348326072892284,26.501597734385392,26.764375686645508,205888,0.0,0.0,0.005103921711828963
2019-10-28,26.87143122074949,27.56243778154069,26.647582325545994,27.06608009338379,297971,0.0,0.0,0.011209549001828942
2019-10-29,27.056350505044207,27.873880691246892,26.67678358156694,27.44565200805664,388423,0.0,0.0,0.013926471779348524
2019-10-30,27.25100121495104,27.513779172185153,25.839787909503077,25.94684600830078,310319,0.0,0.0,-0.05615769749809913
2019-10-31,25.742462624198396,25.742462624198396,23.396930329044107,23.980878829956055,843803,0.0,0.0,-0.07879326373619104
2019-11-03,23.980879076714427,25.129314357958577,23.727833857429527,24.379911422729492,714354,0.0,0.0,0.016502693469448076
2019-11-04,24.671885015183843,25.74246026251668,24.51616518171654,24.681617736816406,463497,0.0,0.0,0.012299254529856769
2019-11-05,24.924933742870905,25.070920875405832,23.601313114389736,23.611045837402344,355650,0.0,0.0,-0.04434409889146682
2019-11-06,23.649972668321965,24.579426281614744,23.542916437817947,24.156063079833984,244437,0.0,0.0,0.022820761303986033
2019-11-07,24.331249418444152,24.331249418444152,23.533184734531503,24.01980972290039,317421,0.0,0.0,-0.005656512785548858
2019-11-10,24.156064568350708,25.14878000833617,24.156064568350708,24.895734786987305,212938,0.0,0.0,0.035817600093612144
2019-11-11,24.96386198959526,25.69379948552686,24.506435160422527,24.895734786987305,293841,0.0,0.0,0.0
2019-11-12,25.002795261567563,25.85925452157535,24.86653898704818,25.65487289428711,303033,0.0,0.0,0.03003703485608024
2019-11-13,25.742463053100305,26.14149540165779,24.74974761488688,25.01252555847168,1510100,0.0,0.0,-0.025356808221729553
2019-11-14,24.924932503772258,25.820322556821424,24.43830751529612,25.71326446533203,295881,0.0,0.0,0.027630264071855568
2019-11-17,25.791124133782503,26.38480720786779,25.187708337264848,25.314231872558594,483067,0.0,0.0,-0.015640223626262786
2019-11-18,25.40182646048962,25.460220943221984,23.844626022451827,24.486970901489254,644059,0.0,0.0,-0.03322558602714924
2019-11-19,24.720548669029434,26.005238322142674,24.457770733712547,25.54781150817871,385608,0.0,0.0,0.04241048156817257
2019-11-20,25.781392719629153,26.160959632117564,25.26556954250029,25.5380802154541,554930,0.0,0.0,-0.00038097770300091633
2019-11-21,25.69379659827516,26.530792093580235,25.67433115505252,25.781389236450195,265748,0.0,0.0,0.0094822041860257
2019-11-24,25.49915084191932,26.268017379626077,24.302051926444804,24.467504501342773,596483,0.0,0.0,-0.05230699391678184
2019-11-25,24.564829580774617,24.71081670834162,23.854357531975367,24.146331787109375,425658,0.0,0.0,-0.013213414601768843
2019-11-26,24.11714021040957,24.954134105743464,23.367737123751304,24.837345123291016,412922,0.0,0.0,0.028215896570362824
2019-11-27,24.46750464524763,25.401825619674597,24.06847228985158,24.233924865722656,244423,0.0,0.0,-0.024594866820529054
2019-11-28,24.282589057175613,24.798410386431335,23.87382396920907,24.049007415771484,158148,0.0,0.0,-0.007659781431629891
2019-12-01,24.04900641662236,24.82760752419145,23.96141562514379,24.146331787109375,232147,0.0,0.0,0.004038751681796084
2019-12-02,23.84462333836849,23.84462333836849,22.920035160268327,23.36773109436035,499911,0.0,0.0,-0.032776418099803646
2019-12-03,23.250937919849424,23.747295557513432,22.88110380003745,23.396926879882812,525728,0.0,0.0,0.0012486262310193424
2019-12-04,23.60131197786233,23.96141528667958,23.3969303734209,23.903018951416016,259298,0.0,0.0,0.02140008309951626
2019-12-05,23.82516129715056,23.86409219103511,22.57940239408001,22.64752960205078,362200,0.0,0.0,-0.053953989280575126
2019-12-08,22.715655179815187,22.7740496601241,21.012467677467683,22.141437530517575,790793,0.0,0.0,-0.022599923354841074
2019-12-09,22.03438329324597,22.5599392770007,21.319045679349653,22.063581466674805,296905,0.0,0.0,-0.0035225024719940145
2019-12-10,22.063580123962986,22.063580123962986,20.95407558977115,21.246049880981445,409731,0.0,0.0,-0.037757361674390394
2019-12-11,20.905409040422217,20.905409040422217,20.25333148220357,20.593969345092773,735896,0.0,0.0,-0.031172707439699864
2019-12-12,20.486911409184952,21.46016139263938,20.194937156679433,21.14872169494629,501228,0.0,0.0,0.026581181012856555
2019-12-15,21.041667408310072,21.97598658794208,21.031934684814672,21.781335830688477,357837,0.0,0.0,0.02947398481937454
2019-12-16,22.404215959151312,23.51372039056284,22.141438007608443,22.15117073059082,715369,0.0,0.0,0.016836901218763998
2019-12-17,22.384751115553406,22.82271437991031,21.93705698427937,22.67672538757324,438968,0.0,0.0,0.023448735422718144
2019-12-18,22.920035927023,23.348266431278788,22.462609111874375,22.75458335876465,409504,0.0,0.0,0.003427506253353098
2019-12-19,22.871373777562873,23.309336996685285,22.521003202264943,22.589130401611328,261551,0.0,0.0,-0.007297756523627035
2019-12-22,22.871370253454874,23.328796990246367,22.530732452882763,23.027090072631836,302294,0.0,0.0,0.01920251717628264
2019-12-23,23.35800203288327,23.54292006874855,22.60859902214307,22.89084243774414,174169,0.0,0.0,-0.005934415044171287
2019-12-26,22.851911543318938,23.24121120593488,22.657262640174576,22.89084243774414,142323,0.0,0.0,0.0
2019-12-29,23.455327710829764,24.03927814034163,23.085491634397115,23.88355827331543,256938,0.0,0.0,0.042453346811136085
2019-12-30,23.951685487746996,24.019812697543273,21.703476426506356,21.752140045166016,435279,0.0,0.0,-0.09347813826866426
2020-01-01,21.898130130972977,22.17064086310298,21.65481757396217,21.693748474121097,230911,0.0,0.0,-0.002688015284928846
2020-01-02,22.08304395114265,22.851910518280175,22.005184022111923,22.2387638092041,234196,0.0,0.0,0.024812753428308295
2020-01-05,22.27768887479868,22.27768887479868,21.216846370634286,21.52828788757324,294515,0.0,0.0,-0.03246909767974488
2020-01-06,21.538023926063637,22.28742694962071,21.372571334581263,22.267961502075195,230890,0.0,0.0,0.0337811554353099
2020-01-07,22.35555706987541,22.61833507696568,20.98327439684063,21.693748474121097,479281,0.0,0.0,-0.02612481118387349
2020-01-08,22.190095453213413,23.49425037813609,22.141433704086772,23.396926879882812,390171,0.0,0.0,0.07558055352889059
2020-01-09,23.45532346197508,23.854355780987227,22.83244225037593,22.96869850158691,202129,0.0,0.0,-0.01847232951677303
2020-01-12,23.19254580955595,23.42612557051951,22.744851731790853,23.36773109436035,142451,0.0,0.0,0.017223703285753653
2020-01-13,23.74729791503129,24.457769918242196,23.416392790404608,24.42857360839844,560052,0.0,0.0,0.04439743909145787
2020-01-14,24.243658659331484,25.061188851939768,23.659708256564542,24.847074508666992,666666,0.0,0.0,0.016986522922983267
2020-01-15,24.96386888142162,26.05390999305992,24.77895081163,25.23637962341309,545102,0.0,0.0,0.015546569723661308
2020-01-16,25.42129068672048,26.073368257637323,25.304499870534112,25.722997665405273,464355,0.0,0.0,0.01909885322820277
2020-01-19,25.985774118392417,26.122028515851714,25.674332578543115,25.771657943725582,517671,0.0,0.0,0.0018899162341554448
2020-01-20,25.8981827101421,26.00523894625283,24.72054926230781,25.2850341796875,324009,0.0,0.0,-0.019062672480758
2020-01-21,25.002790070813035,25.781389236450195,24.89573198941536,25.781389236450195,262312,0.0,0.0,0.019440197898651732
2020-01-22,25.8105900629343,25.8105900629343,25.090385296368968,25.2850341796875,216292,0.0,0.0,-0.01944019789865168
2020-01-23,25.158509874847187,25.43101865434165,24.749744849278663,24.79840660095215,243947,0.0,0.0,-0.019433285163059803
2020-01-27,24.331248930567657,25.109848153815033,24.03927468593164,24.87626838684082,205532,0.0,0.0,0.003134871025238037
2020-01-28,25.10984744058262,25.401823533252184,24.321515517395948,24.3896427154541,188215,0.0,0.0,-0.019755708862786523
2020-01-29,24.38964682111765,24.38964682111765,23.114689718520363,23.25094413757324,410880,0.0,0.0,-0.04781282403111785
2020-01-30,23.260674431196858,23.78623031777064,23.202279951464337,23.357999801635746,220037,0.0,0.0,0.004593790087479956
2020-02-02,22.861641963347125,24.71081656669228,22.628062189313457,24.379911422729492,399696,0.0,0.0,0.04281996148846705
2020-02-03,24.51616997295471,25.148782152089,24.41884459393547,24.545366287231445,245924,0.0,0.0,0.006763599635661075
2020-02-04,24.915196828907135,25.129311130187347,24.37017742616772,25.100114822387695,202706,0.0,0.0,0.022349330236240042
2020-02-05,25.10012157609532,25.684070165133328,24.98333074449134,25.635408401489254,303896,0.0,0.0,0.021102115786326755
2020-02-06,25.937111603850894,26.277749468222897,25.43102116857405,25.518613815307617,436428,0.0,0.0,-0.004566397091374919
2020-02-09,25.48941788935959,25.907915684230748,25.450486998521782,25.722997665405273,223543,0.0,0.0,0.00797730313552864
2020-02-10,25.888451745077862,27.12447975618818,25.67433554566613,26.34587860107422,316196,0.0,0.0,0.023926410372798832
2020-02-11,26.764371942216137,27.11474249621156,26.39453780125296,26.569721221923828,381524,0.0,0.0,0.008460414576879662
2020-02-12,27.64029897417904,29.557602616824298,23.465057538343853,25.71326446533203,1201841,0.0,0.0,-0.03276528169541465
2020-02-13,26.47239732411705,26.47239732411705,23.941947279611817,24.360445022583008,627552,0.0,0.0,-0.05404627455536942
2020-02-16,24.418843299592787,24.418843299592787,22.676724862105196,22.783782958984375,510859,0.0,0.0,-0.06691170209729895
2020-02-17,22.569666269479683,22.569666269479683,21.304440253802525,21.791065216064453,633445,0.0,0.0,-0.04454897584801564
2020-02-18,21.703472299597426,22.55993326187917,21.518556152834204,22.375015258789062,457595,0.0,0.0,0.02644491280928515
2020-02-19,22.443146177758077,22.79351679828368,21.761872240024875,21.781335830688477,424033,0.0,0.0,-0.026891497587903976
2020-02-20,21.791068241221375,22.48207674885294,21.567221173023658,22.326356887817383,280257,0.0,0.0,0.02471445523537043
2020-02-23,22.092771293345393,22.092771293345393,21.421228408813477,21.421228408813477,330410,0.0,0.0,-0.04138549170587377
2020-02-24,20.905409111715716,21.791066444451783,20.09761170307753,21.343372344970703,467677,0.0,0.0,-0.0036411493846876144
2020-02-25,20.428519358209503,20.944342579032025,19.922428861137668,20.292264938354492,608276,0.0,0.0,-0.050501486759628025
2020-02-26,20.000286962224465,21.353105738376502,20.000286962224465,20.21440315246582,432612,0.0,0.0,-0.003844398241293619
2020-02-27,19.659645067420957,20.21439711026948,19.18275107151717,19.62071418762207,698206,0.0,0.0,-0.02980952319890083
2020-03-01,19.192488663442504,20.272796719850987,18.49174935611989,20.117076873779297,630263,0.0,0.0,0.024983195598471168
2020-03-02,20.87621296066412,21.216848971003273,20.16573905944824,20.16573905944824,434556,0.0,0.0,0.0024160281853423593
2020-03-03,19.357942631300983,20.08788015865112,19.085433809139627,19.28008270263672,372880,0.0,0.0,-0.04491249952958989
2020-03-04,20.012237635898593,20.012237635898593,18.72364507140416,18.860313415527344,390606,0.06,0.0,-0.022012683659301643
2020-03-05,18.547927535351608,19.10436506349751,18.303875857254877,18.36244773864746,513537,0.0,0.0,-0.026752199665155404
2020-03-08,18.22577688354672,18.22577688354672,17.044565956086313,17.33742904663086,735771,0.0,0.0,-0.057440002251848046
2020-03-09,16.15622101366592,17.688867179577127,15.83407285972831,17.581483840942383,920969,0.0,0.0,0.013978600601677245
2020-03-10,18.08910894069775,18.08910894069775,16.25383949279785,16.25383949279785,1049591,0.0,0.0,-0.07851713640769518
2020-03-11,16.10741013967312,17.913392861060068,15.96097951079666,16.458845138549805,1006597,0.0,0.0,0.012533873748761838
2020-03-12,15.71692804474984,16.42955847991641,14.935962508373985,16.22455596923828,1020447,0.0,0.0,-0.014337135952957523
2020-03-15,16.156218909911978,16.370985559215995,15.131202697753906,15.131202697753906,607456,0.0,0.0,-0.0697668795726222
2020-03-16,15.1116773578983,15.873119157903885,14.574764485590263,15.511922836303713,745487,0.0,0.0,0.0248499279062753
2020-03-17,15.277634945675764,15.658356836352771,14.565004479947714,15.44359016418457,761216,0.0,0.0,-0.004414902321885904
2020-03-18,16.6052733192496,16.966468693094747,14.154994702486658,14.506428718566896,1075618,0.0,0.0,-0.06260213008156086
2020-03-19,14.447861140036956,17.298384201452095,14.447861140036956,16.829805374145508,885969,0.0,0.0,0.1485595328412201
2020-03-22,15.8926450936231,16.11717217853018,14.652862188666983,15.63883113861084,830918,0.0,0.0,-0.07339444697255507
2020-03-23,15.736452846878514,17.02504539489746,15.716928265977252,17.02504539489746,627175,0.0,0.0,0.08492852145758087
2020-03-24,18.05982387427369,18.05982387427369,16.13669735364546,16.566226959228516,499154,0.0,0.0,-0.02731941601321095
2020-03-25,16.634563718833984,17.640055467893838,16.478368927654863,17.356956481933594,399162,0.0,0.0,0.04662727361549489
2020-03-26,17.962203634018877,18.51864117760721,17.591245892282185,17.854822158813477,650811,0.0,0.0,0.02828024469386279
2020-03-29,17.874341083339495,19.62175166973183,17.874341083339495,19.084836959838867,625955,0.0,0.0,0.06662052262244676
2020-03-30,19.816993966861208,20.978680385101494,18.62602254119816,18.967695236206055,623033,0.0,0.0,-0.0061568619438786614
2020-03-31,19.52413054347568,20.646767677332296,18.948168543485853,20.54914665222168,427458,0.0,0.0,0.08008213326701007
2020-04-01,20.21723966277663,21.261782385470543,19.748660898295142,21.017730712890625,382993,0.0,0.0,0.022546986506836317
2020-04-02,21.47654535935359,21.906076787891237,19.90485212586258,20.246524810791016,425757,0.0,0.0,-0.037383236604333556
2020-04-05,20.50034298342178,21.28130768562259,20.32462545993492,20.851778030395508,282181,0.0,0.0,0.0294560573029011
2020-04-06,21.59369164312652,22.403943077861467,21.056776875262972,22.345369338989254,475031,0.0,0.0,0.06917988933487164
2020-04-07,21.96465213030183,22.48204238412359,21.154400592862693,21.90608024597168,408642,0.0,0.0,-0.019854876090129724
2020-04-08,22.335606108121073,23.05800062804417,21.984172999526567,22.979904174804688,387775,0.0,0.0,0.04785586738219189
2020-04-13,23.56562843814619,23.86825384672113,22.64799550817642,23.712060928344727,432872,0.0,0.0,0.03136371615254611
2020-04-14,23.917064851008085,24.5906480151014,23.6437262966886,24.219688415527344,389005,0.0,0.0,0.021182054657206916
2020-04-15,23.663247333807018,23.985395431518555,23.31181236831578,23.985395431518555,360532,0.0,0.0,-0.009720751847261516
2020-04-16,24.258739714182152,24.580887888507924,23.85849506917034,24.024450302124023,218982,0.0,0.0,0.0016269529144882855
2020-04-19,24.083019693518303,24.336833662432618,23.46801028335533,23.61444091796875,258351,0.0,0.0,-0.017213646151187628
2020-04-20,23.419198771990313,23.975636299310892,23.0384787505534,23.653488159179688,534683,0.0,0.0,0.001652166737803603
2020-04-21,23.65348498326694,24.23920930357944,23.184906271803452,24.063491821289062,605564,0.0,0.0,0.017185234808982194
2020-04-22,24.20992593828895,24.58088553500509,23.45824817814288,23.917064666748047,631274,0.0,0.0,-0.006103622794075731
2020-04-23,23.917061268665545,24.45397414419601,23.624200038733708,23.985395431518555,297235,0.0,0.0,0.002852914483989372
2020-04-26,23.917065951952512,25.039703369140625,23.731586143627524,25.039703369140625,272700,0.0,0.0,0.04301757844587008
2020-04-27,25.039698533921925,25.234940595716747,24.51254794622197,25.137319564819336,294495,0.0,0.0,0.003890877262986207
2020-04-28,24.89327474642195,25.127564167658143,24.258740664494752,24.463743209838867,175771,0.0,0.0,-0.027161424667496183
2020-04-29,24.63945689964356,25.537567138671875,24.571122728516382,25.537567138671875,393901,0.0,0.0,0.042958436686273846
2020-04-30,24.89327175184818,24.9811305069885,24.32707191981422,24.56136131286621,245630,0.0,0.0,-0.03897605937200488
2020-05-03,24.10254465811897,24.756603240966797,23.868255266616742,24.756603240966797,217448,0.0,0.0,0.007917721254202157
2020-05-04,24.639460133383455,25.53757049028185,24.639460133383455,25.508283615112305,267627,0.0,0.0,0.029910996018904082
2020-05-05,25.508280918008307,25.9182878171963,25.20565735445443,25.869478225708008,272119,0.0,0.0,0.014060579842833274
2020-05-06,25.684000524754502,26.630922317504883,25.352090062012454,26.630922317504883,411322,0.0,0.0,0.029009206847887624
2020-05-07,26.552824415467654,26.9237821621898,25.98662457343915,26.123292922973633,285250,0.0,0.0,-0.01924566826623579
2020-05-10,26.80663177121619,26.90425280152991,25.58637354721036,25.94757080078125,409321,0.0,0.0,-0.006749371018491771
2020-05-11,26.01591095880985,26.103769720142736,25.33256731306897,25.674238204956055,323278,0.0,0.0,-0.010589909788869657
2020-05-12,25.381372598228808,26.47472485249465,25.20565510540337,26.338054656982425,285954,0.0,0.0,0.02552675381833425
2020-05-13,26.259954766827683,26.396624944469902,25.020172051301135,25.176366806030273,418227,0.0,0.0,-0.04510910917302864
2020-05-14,25.283756491379396,25.684001142196063,25.16661271463473,25.508283615112305,160352,0.0,0.0,0.013097517737570882
2020-05-17,25.928043568578826,26.787106313054604,25.71327881344293,26.34781265258789,504352,0.0,0.0,0.03238201319048783
2020-05-18,27.138546441422537,27.802367317992665,26.279485335368975,27.20688247680664,705903,0.0,0.0,0.03208471327547632
2020-05-19,27.480222368371304,27.76332324772182,27.089740001997136,27.372840881347656,408995,0.0,0.0,0.006081339581638181
2020-05-20,28.17332377794747,28.59309292438291,27.773079210873306,27.95855712890625,577648,0.0,0.0,0.021171998090484135
2020-05-21,27.948794008112408,28.2514193933138,27.38259425723727,27.821887969970703,354439,0.0,0.0,-0.004900263243678612
2020-05-24,28.42713827770806,28.96405118684126,28.192847044739903,28.4466609954834,308289,0.0,0.0,0.02220774177108604
2020-05-25,29.02262550946928,29.26667719090504,28.358804638049342,28.97381591796875,488249,0.0,0.0,0.018361733017155393
2020-05-26,28.97381556833085,29.26667683773307,26.923781096615635,27.255691528320312,510996,0.0,0.0,-0.061130160021994874
2020-05-27,27.60712494502691,28.59309389255999,27.333786410612863,27.44116973876953,423164,0.0,0.0,0.006782068188076871
2020-05-28,27.441174718103316,28.14404296875,27.411887842755498,28.14404296875,529046,0.0,0.0,0.025291283827412428
2020-05-31,28.309993466094863,29.012861599083084,27.8511770009178,28.622379302978516,416968,0.0,0.0,0.01685319020840859
2020-06-01,28.163561745302253,28.163561745302253,27.353310314078502,27.68522071838379,375922,0.0,0.0,-0.03329018221573814
2020-06-02,27.607125306062585,27.71450677365711,26.46496342734655,27.011638641357425,558226,0.0,0.0,-0.024630888817750825
2020-06-03,26.55282350737085,27.206882083721982,26.16233933011254,27.099498748779297,527903,0.0,0.0,0.0032473974442557563
2020-06-04,26.640682912134316,26.9140196085354,25.52780595889681,25.898765563964844,370462,0.0,0.0,-0.0453199254129262
2020-06-08,25.89876621498213,26.05495914884228,25.410662831177486,25.693761825561523,430530,0.0,0.0,-0.007947074032206963
2020-06-09,25.95733184098181,26.543056132713694,25.82066352229864,26.357576370239254,293093,0.0,0.0,0.025507530026906415
2020-06-10,26.162339793994335,27.665699061981677,26.142817074358504,27.08973693847656,388714,0.0,0.0,0.02739918345794233
2020-06-11,26.552820501102723,27.0018746473554,26.357578434578567,26.738298416137695,358745,0.0,0.0,-0.013058010150496567
2020-06-14,26.338053973623538,27.06044664385572,26.191623354057043,26.62115478515625,457891,0.0,0.0,-0.004390742863754422
2020-06-15,27.333787209720327,27.48998013053284,26.455201564658328,26.504011154174805,475706,0.0,0.0,-0.004410106538814038
2020-06-16,26.650443620059065,27.187358451549112,26.58210944524335,27.1190242767334,266542,0.0,0.0,0.022939398582176414
2020-06-17,27.109258726481496,27.21664019029599,26.0207885508622,26.41615104675293,405674,0.0,0.0,-0.026259879264532618
2020-06-18,26.757823682070995,28.085465299797303,26.377103690738583,27.64617156982422,516643,0.0,0.0,0.0455116528137472
2020-06-21,27.27521564210515,27.40212169348047,26.835921883562655,27.226404190063477,199451,0.0,0.0,-0.015300013259519993
2020-06-22,27.60712226932563,27.85117391005245,26.250193880747464,26.533294677734375,254607,0.0,0.0,-0.025786897406250786
2020-06-23,26.650439544676303,27.489977819953808,26.630916827690523,26.89449119567871,284987,0.0,0.0,0.013521130059222548
2020-06-24,26.9042571371868,27.3630754950106,26.787113371505484,27.08973693847656,269134,0.0,0.0,0.00723346802822204
2020-06-25,27.197120275323257,27.20688256612446,26.650443162255172,27.08973693847656,209749,0.0,0.0,0.0
2020-06-28,26.709011795415968,27.255686941893224,26.133049782140095,26.386863708496097,208241,0.0,0.0,-0.026288645883816325
2020-06-29,26.94330402144113,27.119021517066937,25.596137796287536,25.830427169799805,305807,0.0,0.0,-0.021313154805429342
2020-06-30,25.869479019308255,26.73830243582552,25.830429855346456,26.045196533203125,270668,0.0,0.0,0.008280212367750554
2020-07-01,26.35758176043375,26.679729907471497,25.72304775711292,26.211151123046875,200617,0.0,0.0,0.006351578524175794
2020-07-02,26.279487551391934,26.904259317569437,25.605904327252613,25.859718322753903,302241,0.0,0.0,-0.013498454709168843
2020-07-05,26.02567315434643,26.669969493767955,25.947576684779172,26.250200271606445,191291,0.0,0.0,0.014987137510245175
2020-07-06,26.10376361015489,27.031160601834117,26.07447674257673,26.718774795532227,249442,0.0,0.0,0.017692875753462393
2020-07-07,26.552826363067993,26.992118316778622,25.58637996857775,25.664478302001953,202363,0.0,0.0,-0.040258625566833704
2020-07-08,25.723045135022137,25.976859082871137,25.28375140567456,25.420421600341797,282582,0.0,0.0,-0.009555017586617143
2020-07-09,25.322797764684584,25.478990659633745,24.51742663725545,24.668739318847656,333257,0.0,0.0,-0.030016023557265365
2020-07-12,24.57112373803981,24.873747306307912,23.653488880425854,23.907302856445312,348752,0.0,0.0,-0.031352856334854254
2020-07-13,23.702299467309743,24.01468531498985,23.38991175766311,23.809680938720703,313405,0.0,0.0,-0.004091711007689949
2020-07-14,24.30754443727395,24.68826628476731,23.87801300362403,24.658979415893555,257673,0.0,0.0,0.03504885055969669
2020-07-15,24.94208212893345,25.33256632494465,24.131830587553495,24.278263092041016,281199,0.0,0.0,-0.01555968360214588
2020-07-16,24.27825955005427,24.39540330219406,23.468008126882943,23.92682456970215,285999,0.0,0.0,-0.014581230573081546
2020-07-19,23.91706113695225,24.327067973778657,23.47776743250743,24.18063735961914,147528,0.0,0.0,0.010552007310132089
2020-07-20,24.795648024984835,25.586374873786855,24.59064552646691,25.498517990112305,493386,0.0,0.0,0.05306812864278713
2020-07-21,25.518043606216313,25.518043606216313,23.692538043798045,23.907302856445312,385914,0.0,0.0,-0.06443636132969835
2020-07-22,23.88777411545293,24.141588047278656,23.43871998666098,23.721818923950195,222756,0.0,0.0,-0.007788716786934808
2020-07-23,23.48753283921986,23.575391591770337,23.028716357430213,23.233718872070312,280739,0.0,0.0,-0.020790631156574483
2020-07-26,23.05800369157386,23.67301310980029,23.05800369157386,23.26300621032715,184657,0.0,0.0,0.0012597593520047975
2020-07-27,23.33134119397043,23.93659020449707,23.19467284338591,23.399675369262695,236286,0.0,0.0,0.005857766639543955
2020-07-28,23.399675601261805,23.419200183529355,22.784666155567223,23.165386199951172,281907,0.0,0.0,-0.010062958728458643
2020-07-29,23.184909041535995,23.59491592853866,23.13609945149831,23.546106338500977,331066,0.0,0.0,0.01630128041764314
2020-07-30,23.81944318097167,24.14159131848524,23.17514690594453,23.35086441040039,272899,0.0,0.0,-0.008326467701120855
2020-08-02,23.26300203662916,24.04396653266878,22.735851467293973,23.73158073425293,235245,0.0,0.0,0.016172678409183724
2020-08-03,24.06349650262526,24.07325879375903,23.087289732847623,23.165386199951172,274109,0.0,0.0,-0.024147491125705946
2020-08-04,22.66751847469284,22.71632992594896,21.876791584008544,22.325847625732425,613747,0.0,0.0,-0.03691409683071623
2020-08-05,22.364894040553445,23.06776215315465,22.355131750688184,22.804187774658203,323647,0.0,0.0,0.021199099821628507
2020-08-06,22.80418656440738,23.155619671073723,22.501561180544243,23.136096954345703,253751,0.0,0.0,0.01444984317310367
2020-08-09,23.42896060451598,23.42896060451598,22.82371163630072,23.1263370513916,326665,0.0,0.0,-0.00042193642892581694
2020-08-10,23.1556246262905,23.624205305397307,22.228229283446552,22.4625186920166,442164,0.0,0.0,-0.02912401591309321
2020-08-11,22.569899494456138,23.07752555821537,22.413704711030412,22.62847137451172,292093,0.0,0.0,0.007360824481785608
2020-08-12,22.64799438467277,23.399672068833176,22.530848770718503,22.813949584960938,492295,0.0,0.0,0.008163264039937864
2020-08-13,22.950620594504727,23.79015898357602,22.92133372210692,23.526582717895508,206884,0.0,0.0,0.030758788559326046
2020-08-16,23.282531033813537,23.614441473122344,22.93109601290619,23.526582717895508,274087,0.0,0.0,0.0
2020-08-17,23.62420403129267,24.56136161502993,23.62420403129267,24.24897575378418,390406,0.0,0.0,0.03024341820055412
2020-08-18,24.24897203677807,24.795647210160983,24.043967683030537,24.707788467407227,297528,0.0,0.0,0.01874413696317983
2020-08-19,25.41066246385867,25.51804394060614,22.66752014591357,24.092782974243164,1120610,0.0,0.0,-0.025206182497958623
2020-08-20,24.59064552646691,25.92804756661645,24.541834077796175,25.498517990112305,855008,0.0,0.0,0.05670799844129586
2020-08-23,25.771854212524453,27.333785165821823,25.674233178824675,26.62115478515625,866775,0.0,0.0,0.04308585994440222
2020-08-24,27.294736141210652,27.304498430825067,26.29900680610288,26.46496200561523,537327,0.0,0.0,-0.005884522722637834
2020-08-25,26.582106939348233,26.660203397770697,26.094003608716204,26.172100067138672,341129,0.0,0.0,-0.011127709219672124
2020-08-26,26.396626893306443,26.91401519054477,26.162335674898333,26.445436477661133,313056,0.0,0.0,0.01038964905002054
2020-08-27,26.25995874633344,26.29900790642488,25.59613792051048,25.71328353881836,222970,0.0,0.0,-0.02807588190774962
2020-08-30,25.56685277364629,25.66447381137862,25.18613091268685,25.332563400268555,283224,0.0,0.0,-0.01491706852330369
2020-08-31,25.195893878383156,25.94757346852497,25.195893878383156,25.625425338745117,202594,0.0,0.0,0.011494376844282523
2020-09-01,25.90852818327006,26.52353761993547,25.84995443732736,26.045196533203125,330652,0.0,0.0,0.01624832117181561
2020-09-02,26.1916258451924,26.660204617159128,25.7328093637208,26.455202102661133,331143,0.0,0.0,0.0156194587373364
2020-09-03,25.47899642938751,25.47899642938751,24.785888671875,24.785888671875,569244,0.0,0.0,-0.065178329755413
2020-09-06,24.88350977953526,25.078751873894056,24.34659681299847,24.746841430664062,266173,0.0,0.0,-0.0015766241520932412
2020-09-07,25.2935147315657,25.703521608430297,24.824935975710865,25.28375244140625,322787,0.0,0.0,0.021464131537815845
2020-09-08,24.73708254197,25.166614091455116,24.619936896849744,25.098278045654297,296202,0.0,0.0,-0.007362753419854581
2020-09-09,25.577731366989347,25.920203285298633,25.3331088348144,25.421173095703125,353318,0.06,0.0,0.01278317320367181
2020-09-10,24.530746628113135,26.517082212683466,24.021931325712593,25.69515037536621,623316,0.0,0.0,0.010719859517944918
2020-09-13,25.82235293451641,26.282244472271053,24.883003341890447,25.313539505004883,481400,0.0,0.0,-0.014962861859288717
2020-09-14,25.313540649801713,26.008267750809924,25.26461502318871,25.46031379699707,332868,0.0,0.0,0.0057815072634575205
2020-09-15,25.528810655709396,25.72450945134824,24.961286387943183,25.567949295043945,358827,0.0,0.0,0.004218668289239927
2020-09-16,25.215694559848743,25.352682599632683,24.354622082092956,24.393762588500977,369927,0.0,0.0,-0.04701211843961316
2020-09-17,24.520960644554275,24.91235629949623,24.40354288123254,24.589454650878903,537708,0.0,0.0,0.007990210302384839
2020-09-20,24.5796735082914,25.38203513656804,24.560103257279323,25.147197723388672,314899,0.0,0.0,0.02242878950512252
2020-09-21,25.37224845301059,26.066975524381068,25.14719617915721,25.74407386779785,571797,0.0,0.0,0.023457991758314683
2020-09-22,25.80278619991899,26.654071589344603,25.34289463277651,26.3996639251709,556294,0.0,0.0,0.02514682039724466
2020-09-23,26.03762634522088,26.311602422831864,25.685369255352985,25.949562072753903,189305,0.0,0.0,-0.017196546303677607
2020-09-24,25.99848669744536,26.19418550190463,25.72451061078892,25.92999267578125,212984,0.0,0.0,-0.0007544165710619214
2020-09-27,26.26268013741818,26.97697761764252,25.939778408938537,26.17461585998535,295627,0.0,0.0,0.009389763723289184
2020-09-28,26.07676108225732,26.90847804978785,26.07676108225732,26.859554290771484,275338,0.0,0.0,0.025831516353700304
2020-09-29,26.95740488515943,27.143318550017092,26.487730026245117,26.487730026245117,328944,0.0,0.0,-0.013939989277572363
2020-09-30,26.262675457429783,26.497512866628753,25.793000639031835,25.89084815979004,222401,0.0,0.0,-0.022792054530971686
2020-10-01,25.80278672785156,26.243106186670538,25.62665819779521,25.78321647644043,269079,0.0,0.0,-0.004165797281844167
2020-10-04,26.37031317865442,26.37031317865442,25.62666035920726,26.16482925415039,146573,0.0,0.0,0.014692357992192283
2020-10-05,26.272459854471272,26.292030104609136,25.802785049093178,26.037622451782227,300020,0.0,0.0,-0.004873604591199765
2020-10-06,25.802787228652356,26.477944118543142,25.695152710124,26.419235229492188,369465,0.0,0.0,0.014549842547722793
2020-10-07,26.771495102899586,27.094396826012535,26.673645700009143,27.04547119140625,295797,0.0,0.0,0.02342721564303549
2020-10-08,27.00633396271293,27.935898672991183,26.732355993552662,26.928054809570312,409151,0.0,0.0,-0.004350894809462413
2020-10-11,26.918263561377454,27.231380102750485,26.79105879999354,27.153100967407227,197731,0.0,0.0,0.00832258311031508
2020-10-12,27.39772640761778,27.877186395792453,27.260738372802734,27.260738372802734,304586,0.0,0.0,0.00395625624272598
2020-10-13,27.798905212079617,28.42513831535949,27.57385292387864,28.38599967956543,414608,0.0,0.0,0.04044854237732329
2020-10-14,29.35470602095555,30.587603897794317,29.25685662762131,30.55824851989746,804234,0.0,0.0,0.07373859523670243
2020-10-15,30.577815677312703,30.675665060744457,29.041586516295993,29.3742733001709,396417,0.0,0.0,-0.03951541638456672
2020-10-18,29.726529848709955,31.526953735061724,29.726529848709955,31.331254959106445,476145,0.0,0.0,0.06449692686881305
2020-10-19,31.39974960168948,31.908564936339033,31.184482436870923,31.87921142578125,419378,0.0,0.0,0.017337957603316273
2020-10-20,32.63264730133081,32.76963906737286,31.986843906279855,32.57394027709961,575918,0.0,0.0,0.02155847278375691
2020-10-21,32.64243085014344,33.75790898458502,32.52501308142422,33.38608169555664,621079,0.0,0.0,0.024626506734025486
2020-10-22,34.061250379727106,34.061250379727106,32.28039824382345,32.90663146972656,308779,0.0,0.0,-0.014464895541316181
2020-10-25,32.91640935024032,33.708987746829365,32.451628003671075,32.76963806152344,232829,0.0,0.0,-0.004171784051209064
2020-10-26,32.43694950114709,32.6620017845077,31.526953376064306,31.986841201782227,306083,0.0,0.0,-0.02417781205371694
2020-10-27,31.986852243077937,32.554378509521484,31.898787951134793,32.554378509521484,211798,0.0,0.0,0.017587270245207908
2020-10-28,31.722649898177057,32.339099757771464,31.654155884071436,32.21189498901367,239392,0.0,0.0,-0.010576082097472232
2020-10-29,32.09448112123364,32.2803966672868,31.693300247192383,31.693300247192383,158051,0.0,0.0,-0.016230484055186827
2020-11-01,31.50738618584486,31.59545045594374,30.577819719833133,31.399751663208008,279687,0.0,0.0,-0.009305325809046338
2020-11-02,31.55630999849043,32.309747925441435,31.55630999849043,32.045555114746094,319762,0.0,0.0,0.020358503713629194
2020-11-03,32.14340461801846,32.40759744493091,31.380183384256412,32.38802719116211,318157,0.0,0.0,0.010630335586325727
2020-11-04,33.12188976345465,33.60135157467136,32.99468873269083,33.366512298583984,573051,0.0,0.0,0.029763947858442576
2020-11-05,34.04167605940067,34.04167605940067,33.072969087576816,33.209957122802734,207088,0.0,0.0,-0.004703026931439117
2020-11-08,33.40565712449217,34.03189029826787,33.20995832452623,33.57200241088867,259482,0.0,0.0,0.01084271373820149
2020-11-09,33.992752937591646,34.04167670357755,31.810716394708297,32.07490921020508,301668,0.0,0.0,-0.04561837808236402
2020-11-10,32.123832039141476,32.69135436083921,31.918346279640662,32.39780807495117,270119,0.0,0.0,0.01001668855140612
2020-11-11,32.82834525159949,33.327377340659346,31.88899556149651,32.29017639160156,352375,0.0,0.0,-0.0033277210152961706
2020-11-12,32.21189348514284,32.29017448769104,31.605230645968863,31.986841201782227,249741,0.0,0.0,-0.009438441702408696
2020-11-15,32.202112693161055,32.202112693161055,31.820502108112375,31.888996124267575,10726,0.0,0.0,-0.003063604584741149
2020-11-16,31.791147961835108,31.830284732682863,31.10620408130725,31.644372940063477,377166,0.0,0.0,-0.00770065861938981
2020-11-17,31.585661473466462,31.75200674323754,31.252976532889964,31.48781394958496,305363,0.0,0.0,-0.004959730341163275
2020-11-18,30.871366887699565,31.556310814702552,30.108145681045897,31.164915084838867,406892,0.0,0.0,-0.010307666678332836
2020-11-19,31.174698533771657,31.429104344751167,30.822441462689323,31.11598777770996,189950,0.0,0.0,-0.0015711820139185566
2020-11-22,31.16491284196531,31.370396751806783,30.51910946758684,30.783300399780273,168996,0.0,0.0,-0.010749415420412581
2020-11-23,30.333196720683706,30.793086450702027,29.755887343468157,30.460399627685547,363868,0.0,0.0,-0.010544880992186999
2020-11-24,30.127712116167068,30.127712116167068,28.963308334350582,28.963308334350582,408181,0.0,0.0,-0.05039766807681674
2020-11-25,29.061163806327347,29.472129823240017,28.963314399191532,29.041593551635746,185039,0.0,0.0,0.0026992637612377603
2020-11-26,28.96331082506528,29.13943936291072,28.630624001651,28.992664337158203,184304,0.0,0.0,-0.001686218721528518
2020-11-29,28.992664453736083,29.2275037493556,28.562130099851604,28.90460205078125,355232,0.0,0.0,-0.0030420211447219356
2020-11-30,29.041589515462466,29.491694112881007,28.963310373897414,29.30578231811523,395204,0.0,0.0,0.013784022341030584
2020-12-01,29.35470275170021,29.61889552438273,28.904598205341905,29.207929611206055,210147,0.0,0.0,-0.0033446108579071425
2020-12-02,29.45255391796343,29.746100216730696,29.178576003811298,29.38405990600586,429445,0.0,0.0,0.0060121128084998
2020-12-03,29.39384440423698,29.706960947259603,28.96330822441996,29.35470390319824,309315,0.0,0.0,-0.0009995445374737344
2020-12-06,29.413410815764923,29.980934978511733,29.315561436052366,29.442766189575195,204084,0.0,0.0,0.0029954469838376226
2020-12-07,29.4916937580779,30.205993015877713,29.4916937580779,29.96137046813965,239474,0.0,0.0,0.01746065117475473
2020-12-08,30.00050766615529,30.68545151349364,30.00050766615529,30.382118225097656,241904,0.0,0.0,0.013945318200261483
2020-12-09,30.176636376410308,30.548461812242305,29.364489626533455,29.902658462524418,254855,0.0,0.0,-0.015906830831091158
2020-12-10,29.56018455448663,30.17663435281125,29.43298166469362,29.775453567504883,222534,0.0,0.0,-0.004263039943424553
2020-12-13,29.648252885708093,30.088574230735453,29.354706566571178,29.941801071166992,181757,0.0,0.0,0.005571184908871775
2020-12-14,30.66588174596699,30.66588174596699,29.66782133542707,30.069002151489254,253427,0.0,0.0,0.00423927906279263
2020-12-15,30.519110854166268,30.538679240398668,29.980940106852135,30.45061683654785,210206,0.0,0.0,0.012611439046046124
2020-12-16,31.85964066681208,32.162970224792,30.63652611149067,31.458459854125977,400628,0.0,0.0,0.03256168943738086
2020-12-17,31.791148035185568,32.44673467328539,31.468244479600497,32.29017639160156,419012,0.0,0.0,0.026095106740804813
2020-12-20,32.074907232960285,33.11210817808641,32.074907232960285,32.8968391418457,261954,0.0,0.0,0.018613530953111666
2020-12-21,33.02403811008282,33.18059636366933,32.603287103698456,32.98489761352539,242315,0.0,0.0,0.0026732301987315824
2020-12-22,33.3078083202992,34.08081649772386,33.278451075205446,33.81662368774414,459499,0.0,0.0,0.024902698025196353
2020-12-23,34.090608896427675,34.090608896427675,33.562223134822325,33.826416015625,79076,0.0,0.0,0.00028952950642684746
2020-12-28,33.90468658120779,34.36457443237305,33.56221277507451,34.36457443237305,268135,0.0,0.0,0.015784184574921617
2020-12-29,34.247156504721445,34.34500403024883,33.38608409603389,33.80683517456055,233815,0.0,0.0,-0.01636321460133501
2020-12-30,33.80683487608824,34.01231691746789,33.11210774610341,33.42522430419922,157392,0.0,0.0,-0.011352172506740628
2021-01-03,34.20801615125733,34.91253028259999,34.07102812186156,34.36457443237305,245267,0.0,0.0,0.027715387108075543
2021-01-04,34.10038436357076,34.198235630005534,33.16103460166179,33.26866912841797,371892,0.0,0.0,-0.032410133666466535
2021-01-05,32.98489513544598,33.180593870887535,31.89877069975616,32.26081466674805,272961,0.0,0.0,-0.03076276154652159
2021-01-06,32.80877322451859,32.877267235758794,31.585660548595364,31.595447540283203,217277,0.0,0.0,-0.020840280498637346
2021-01-07,31.88899099052369,32.2412480069807,31.624798228180936,31.918344497680664,109498,0.0,0.0,0.010167862095299842
2021-01-10,31.977059325237903,32.27060563219714,30.89093463010928,31.135557174682617,216421,0.0,0.0,-0.02483042351949472
2021-01-11,31.389967142201183,31.683513453189853,30.812655913455856,31.12577247619629,115058,0.0,0.0,-0.00031431062014728887
2021-01-12,30.92029027584372,31.135557445061735,30.519109448565377,31.086633682250977,191933,0.0,0.0,-0.001258231324767218
2021-01-13,32.485869929454516,35.832304059641366,32.309741424429596,35.744239807128906,523995,0.0,0.0,0.13961119021753066
2021-01-14,36.57596326135658,38.76777913159841,36.56617626946661,37.36853790283203,813799,0.0,0.0,0.04443998595923541
2021-01-17,38.30789777216258,42.15336505358083,38.180692984588354,41.48799133300781,707524,0.0,0.0,0.10457490205146883
2021-01-18,42.12400012867922,43.004642755016306,41.84513058577976,42.955718994140625,438053,0.0,0.0,0.03476577436804523
2021-01-19,42.936146145058515,43.043780652057926,40.73454344508549,41.067230224609375,345688,0.0,0.0,-0.04495930892173898
2021-01-20,40.46057103632102,41.047667435946856,39.3744499756693,39.6484260559082,499987,0.0,0.0,-0.03515923398783514
2021-01-21,39.139611514998066,39.814768469879866,37.6767695797654,39.62885665893555,531719,0.0,0.0,-0.000493694957747873
2021-01-24,39.59950070673431,40.30401113243181,38.26875339993104,40.245304107666016,330490,0.0,0.0,0.015435772532376218
2021-01-26,40.646479269689415,42.9116824862525,40.646479269689415,42.83829498291016,472492,0.0,0.0,0.06243911620976891
2021-01-27,42.06529137092986,42.955717219600295,39.951752887676776,40.31379318237305,589080,0.0,0.0,-0.06073877215150375
2021-01-28,40.90089113930561,42.41755025935678,40.206163967222885,41.91852188110352,298302,0.0,0.0,0.03903410593720287
2021-01-31,41.58582689864944,41.88916015625,40.45077859613321,41.88916015625,292527,0.0,0.0,-0.0007006929517928219
2021-02-01,42.0359409687242,42.6034671151756,40.88132215521091,41.24336624145508,391885,0.0,0.0,-0.015536804510411641
2021-02-02,41.223799680528145,42.09465549881642,40.69541399325959,41.977237701416016,334520,0.0,0.0,0.01763723042108742
2021-02-03,42.16313952983421,43.67001521439027,41.97722775030206,42.72087860107422,243458,0.0,0.0,0.017560249064852106
2021-02-04,43.19055672082851,43.53303052954302,42.084861752502945,42.818729400634766,171254,0.0,0.0,0.002287848741132958
2021-02-07,42.53495843974704,43.19054490099662,41.928291995812465,43.04377365112305,129721,0.0,0.0,0.005241980091655957
2021-02-08,43.0242217855946,43.425402678871734,42.329490801872936,42.88723373413086,149409,0.0,0.0,-0.0036433900851033357
2021-02-09,42.8970086225451,44.80017167887089,42.76980385702345,44.19839859008789,181417,0.0,0.0,0.030114357741123872
2021-02-10,44.286468474560024,44.76593035460117,43.513463989399455,44.15926742553711,147399,0.0,0.0,-0.0008857446981952063
2021-02-11,44.05162994517553,44.853991623191106,43.846147895776305,44.13969421386719,115889,0.0,0.0,-0.00044333957335639524
2021-02-14,44.58001866809147,46.5957062635745,43.84615095533347,46.00861358642578,237745,0.0,0.0,0.04146915767621565
2021-02-15,46.448935218486184,46.448935218486184,44.18862130689072,44.66808319091797,287797,0.0,0.0,-0.02956940682901687
2021-02-16,39.531005337203815,44.041841996869955,37.18262737815738,43.72872543334961,679437,0.0,0.0,-0.02125400528540718
2021-02-17,45.9988204651221,46.45381853572078,43.88528188326069,44.98119354248047,2784709,0.0,0.0,0.02823926241462428
2021-02-18,45.39215697769442,46.5272053902965,45.11818093305919,45.989036560058594,998299,0.0,0.0,0.022158551293068166
2021-02-21,46.58591467893104,47.20725425567909,45.31387828397223,45.67591857910156,360949,0.0,0.0,-0.0068318191689871076
2021-02-22,45.43130260085088,45.43130260085088,44.09077200364644,44.27668380737305,312817,0.0,0.0,-0.031112999659226443
2021-02-23,44.03204971484924,44.98118620314845,42.0750697275226,43.54280471801758,411625,0.0,0.0,-0.016713742829609236
2021-02-24,43.69937122260365,44.765925666476825,42.86765606393429,44.306034088134766,270707,0.0,0.0,0.01737640666592043
2021-02-25,43.10249174750577,43.50367257260533,41.683680237836256,43.39603805541992,322217,0.0,0.0,-0.020752729546200836
2021-02-28,44.03206609910534,45.666143204891675,44.02228283789134,45.49980163574219,494342,0.0,0.0,0.04733981839974679
2021-03-01,46.106464539747314,47.06538464092144,45.59764910659777,45.80313491821289,285350,0.0,0.0,0.006644570480213286
2021-03-02,45.55851130467635,45.83248740380959,44.785503044813986,45.13776016235352,238299,0.0,0.0,-0.014633386412529172
2021-03-03,45.12795410991842,45.17695222746417,42.98180515955383,43.53059005737305,273566,0.07,0.0,-0.0362552396998268
2021-03-04,43.119001949260785,43.2660000421418,41.87443030803638,42.99160385131836,306812,0.0,0.0,-0.012459073304917807
2021-03-07,44.09897116953515,45.27004354930529,43.706978819368395,44.353763580322266,268016,0.0,0.0,0.031192728685419363
2021-03-08,43.56979015298833,43.68739012136501,41.5314392992436,41.84503173828125,648441,0.0,0.0,-0.058224492084704774
2021-03-09,42.031219616946096,43.471787232329746,42.02142149024656,42.43301010131836,315730,0.0,0.0,0.013953525501149727
2021-03-10,43.16799951737632,43.207199506753994,41.854829779758454,42.2860221862793,270538,0.0,0.0,-0.0034700127836690647
2021-03-11,42.46241589110721,43.736385564070034,42.36441592345375,43.256195068359375,117479,0.0,0.0,0.02268387502048829
2021-03-14,43.510985981562094,43.540384099143004,41.217839352349465,41.40403366088867,290559,0.0,0.0,-0.043762154187438805
2021-03-15,41.47263998657305,43.280699342735254,41.47263998657305,42.95240783691406,267008,0.0,0.0,0.03671440074628779
2021-03-16,42.9230011952076,43.01119929393794,42.021423953356525,42.72700500488281,122562,0.0,0.0,-0.00526155221092045
2021-03-17,42.48201504947523,43.050403685758525,42.15862447991012,42.609413146972656,129306,0.0,0.0,-0.0027559612856002677
2021-03-18,42.511416910938806,42.9230055882611,41.99202639267244,42.609413146972656,186401,0.0,0.0,0.0
2021-03-21,42.736804576731615,43.45218745545261,42.24681599637618,42.81520080566406,106736,0.0,0.0,0.004818003787226571
2021-03-22,42.452614768551456,43.37379205072517,41.453037510882154,41.81562805175781,175296,0.0,0.0,-0.0236230520520679
2021-03-23,42.13901791056739,43.59918552488571,42.13901791056739,42.81520080566406,144114,0.0,0.0,0.0236230520520679
2021-03-24,43.07000350952149,43.14839975037376,42.609412977695314,43.07000350952149,211563,0.0,0.0,0.005933582005584862
2021-03-25,43.45219270738962,43.93238321903627,42.883804091086105,43.78538513183594,129762,0.0,0.0,0.016473308361968832
2021-03-28,43.80499050322814,43.80499050322814,42.57021688645934,42.6290168762207,149737,0.0,0.0,-0.026764920183219455
2021-03-29,41.74702690322915,41.972424947212005,40.70825347174997,40.79645156860352,361552,0.0,0.0,-0.04394006245876419
2021-03-30,41.11984731237917,41.57063598087438,40.34566433497426,40.502464294433594,226038,0.0,0.0,-0.0072322872325898
2021-03-31,41.30604426117512,43.02100451835744,41.247244277992,42.4232177734375,201114,0.0,0.0,0.046332982324393424
2021-04-05,42.903401594305464,43.2659958581297,42.423214848855,42.64860916137695,111057,0.0,0.0,0.005298861525307169
2021-04-06,42.64860834076136,44.20677224370715,41.26684063349368,43.265995025634766,296004,0.0,0.0,0.014372329303736593
2021-04-07,44.23616842575661,44.990751287921086,43.31499124070299,44.55956268310547,232918,0.0,0.0,0.029459789266459077
2021-04-08,44.559564946810426,44.980955446287794,43.84418203191816,44.04997634887695,120984,0.0,0.0,-0.01150196599078615
2021-04-11,44.1479778268776,44.7065646041161,43.491394812280944,44.15777969360352,90664,0.0,0.0,0.0024443065607166613
2021-04-12,43.197401362735235,43.70698627119115,42.13902407982662,43.53059005737305,204190,0.0,0.0,-0.014305211366127666
2021-04-13,44.079377818557234,45.931534288566255,43.8833816139479,45.83353805541992,163035,0.0,0.0,0.05155218443100741
2021-04-14,45.764943137773145,46.05893559604194,44.94176201163035,45.549346923828125,243404,0.0,0.0,-0.0062198090559555524
2021-04-15,46.313722825698584,46.84291143373037,45.43664648356883,45.84333419799805,161676,0.0,0.0,0.006433519283510547
2021-04-18,45.84334064699074,46.54892555695765,45.568948176811176,45.696346282958984,122977,0.0,0.0,-0.0032114606604806565
2021-04-19,45.88253075334595,46.519517408520095,45.6767364450526,45.76493453979492,85850,0.0,0.0,0.001499831821211334
2021-04-20,45.7355435996013,46.05893793695512,44.93196242827724,45.461151123046875,279064,0.0,0.0,-0.006660036708293749
2021-04-21,45.9119336757426,46.813514709472656,45.61794124194764,46.813514709472656,152822,0.0,0.0,0.029313797307075236
2021-04-22,47.01930767709165,47.71509062252261,45.98053045357301,46.68611526489258,172088,0.0,0.0,-0.0027251342803776032
2021-04-25,46.98011392849438,47.19571014687397,45.51504880219308,45.75514221191406,121330,0.0,0.0,-0.020142619318973567
2021-04-26,46.04913820311637,46.27453254933423,45.32395330537096,45.39255142211914,154048,0.0,0.0,-0.007956157484982903
2021-04-27,45.55914251955677,45.73553497958391,44.16267199295088,45.67673873901367,160240,0.0,0.0,0.00624114317482902
2021-04-28,45.65714553214955,46.480326667331475,45.33375120768092,46.274532318115234,118360,0.0,0.0,0.013002582660942298
2021-04-29,44.94176806594585,46.411734293632776,44.94176806594585,46.26473617553711,80899,0.0,0.0,-0.00021171860928185244
2021-05-02,46.49991757401824,47.21530046121037,45.666934734560606,45.72573471069336,225077,0.0,0.0,-0.011718771043158268
2021-05-03,45.40234939593272,46.58812101326002,45.206353191323394,45.83353805541992,211756,0.0,0.0,0.002354832913935492
2021-05-04,44.716368498470175,45.62774775283073,44.716368498470175,44.951560974121094,134089,0.0,0.0,-0.019430607878338
2021-05-05,45.02995681762695,45.56894357460954,44.755560636842795,45.02995681762695,184504,0.0,0.0,0.0017424881301329916
2021-05-06,44.74575699539605,45.03974939585981,40.933646439479936,41.53143310546875,407316,0.0,0.0,-0.08087741058019826
2021-05-09,41.15905002750216,41.49224248678129,39.473487734876336,40.7376594543457,336346,0.0,0.0,-0.019297606417074852
2021-05-10,39.68907930401329,40.98264899707876,39.110892567088825,40.5318603515625,332859,0.0,0.0,-0.005064618153920925
2021-05-11,39.71847716845252,40.88465250087174,39.463684725603315,39.74787902832031,165125,0.0,0.0,-0.019531858294190442
2021-05-12,39.2382897251115,40.62985561642487,38.46410680558653,40.32606506347656,307750,0.0,0.0,0.01444155375332281
2021-05-13,40.87485322691501,41.070849439091006,40.1888683534574,40.44366455078125,376067,0.0,0.0,0.002911971377539726
2021-05-16,40.85525787257224,42.04103340868551,40.63966537917484,41.0904541015625,173894,0.0,0.0,0.015865827193450855
2021-05-17,42.04102577940836,42.11942201596688,40.92384856733776,41.47263717651367,134912,0.0,0.0,0.009258030405827676
2021-05-18,41.35504731103445,41.80583602092721,40.50246801392123,41.325645446777344,163063,0.0,0.0,-0.0035506022468941873
2021-05-19,41.30605085813386,42.38402455376987,40.776862139919544,41.79603958129883,192834,0.0,0.0,0.011318325801158186
2021-05-20,43.902979882820375,44.55956658170979,42.50161212166596,42.83480453491211,168529,0.0,0.0,0.02454937401282303
2021-05-23,43.31499783694957,43.89318459921254,42.5702129881108,43.07000350952149,142875,0.0,0.0,0.005475818354259574
2021-05-24,43.90298080444336,43.90298080444336,42.76620732450183,43.90298080444336,130089,0.0,0.0,0.019155437099312493
2021-05-25,44.39297296773013,44.39297296773013,43.37379563203497,43.98138427734375,104947,0.0,0.0,0.001784242137434723
2021-05-26,43.85398023710046,44.96135553339158,43.44239160245138,44.03037643432617,300450,0.0,0.0,0.0011133094406151805
2021-05-27,44.353768671385936,45.06915535330199,44.07937623776325,44.50076675415039,192376,0.0,0.0,0.010626650226589823
2021-05-30,44.83395990555501,45.8139371712502,44.47136936397643,45.18675231933594,162700,0.0,0.0,0.015297534144558646
2021-05-31,44.745754322515005,45.372939069590544,44.10876771096367,45.167144775390625,131991,0.0,0.0,-0.0004340165700334342
2021-06-01,45.26515603381388,45.568950382155776,44.34397859768923,45.22595977783203,148564,0.0,0.0,0.0013013163123890264
2021-06-02,45.568936370113285,46.97030395970033,45.44153829697372,46.65671157836914,205430,0.0,0.0,0.031145534522864792
2021-06-03,46.666522084048,48.26388627028047,46.59792396607946,47.685699462890625,237061,0.0,0.0,0.021814763464380642
2021-06-06,47.84249463924498,48.812673875028814,47.76409839400421,47.920894622802734,124373,0.0,0.0,0.004920071394878008
2021-06-07,48.508873748140026,49.97883961929578,48.165883206863626,49.616249084472656,319764,0.0,0.0,0.034766759867290054
2021-06-08,50.02783349123595,50.64522015149057,48.18547537557244,48.41087341308594,175674,0.0,0.0,-0.024593936804347113
2021-06-09,48.97926377982864,49.459454289672536,48.45987702008624,48.88126754760742,278376,0.0,0.0,0.009669800566066226
2021-06-10,49.21445989733308,49.83184288837504,49.02826182274744,49.32225799560547,134885,0.0,0.0,0.008981213450864816
2021-06-14,49.97883830882945,50.58642313958074,49.55744780441518,50.33163070678711,184004,0.0,0.0,0.020258260754183816
2021-06-15,50.439431995704886,52.27198846976424,50.12583956394018,52.15439224243164,278622,0.0,0.0,0.03557468059193813
2021-06-16,52.663978832250784,53.45775800879757,52.17399020936847,53.02656936645508,364958,0.0,0.0,0.016584695590751423
2021-06-17,54.62393728727497,55.04532409427825,53.565559990661725,54.692535400390625,285152,0.0,0.0,0.03093413903208256
2021-06-20,54.38874169269052,54.57493603917774,52.47778515582451,53.310768127441406,160587,0.0,0.0,-0.02558889634777036
2021-06-21,53.76155277780289,55.535309215852784,53.50675659818604,55.0355224609375,210465,0.0,0.0,0.03184050025471384
2021-06-22,55.31971850524377,56.45649200670833,51.840799889941465,52.13479232788086,406981,0.0,0.0,-0.05414631479848722
2021-06-23,52.42878553036401,56.41729284080486,51.93879688054752,55.73130798339844,460259,0.0,0.0,0.06670954643096204
2021-06-24,55.95669656770195,56.38788892778539,55.27071551905344,55.74110412597656,208021,0.0,0.0,0.00017575904957947667
2021-06-27,55.89790360073216,55.90770172843661,55.20212064590305,55.85870361328125,155833,0.0,0.0,0.002107522104472057
2021-06-28,55.84890340398734,56.95627497082757,55.270716694744465,56.75048065185547,177491,0.0,0.0,0.015838773496429096
2021-06-29,57.328677155005074,58.03426207009736,56.64269223625613,57.54427337646485,197742,0.0,0.0,0.013890497329860174
2021-06-30,56.93667376670419,57.06407184930306,55.54510793851284,55.74110412597656,212299,0.0,0.0,-0.03183679293076144
2021-07-01,55.88810508415624,56.23109938743294,54.966927753751925,55.53531265258789,116785,0.0,0.0,-0.003698747928108484
2021-07-04,55.535312902855715,56.0547034242572,54.76113366155499,55.07472610473633,153360,0.0,0.0,-0.008328162889154956
2021-07-05,54.88852861490475,55.56471536520716,53.898753156347595,54.114349365234375,125248,0.0,0.0,-0.017591531055889946
2021-07-06,54.87873179438024,56.65249214995699,54.57493746901011,56.30949783325195,127756,0.0,0.0,0.039763832842521114
2021-07-07,56.45649290600126,57.005277802011925,55.79010804228826,56.13309860229492,156385,0.0,0.0,-0.0031375898682880253
2021-07-08,56.123295547895765,56.123295547895765,54.73172595876427,55.10411834716797,172588,0.0,0.0,-0.018501174953509402
2021-07-11,54.97672795523139,56.63289207273539,54.75133361285565,56.329097747802734,116472,0.0,0.0,0.021986779010850502
2021-07-12,56.93667132189508,58.70063319500928,56.67208077924413,58.0146484375,183373,0.0,0.0,0.029484302406553857
2021-07-13,57.90685958320079,58.5046463423492,56.43689361348507,56.81908416748047,165336,0.0,0.0,-0.020823279766358005
2021-07-14,56.36829243345079,57.495264039253975,56.00570189404599,57.08367538452149,204333,0.0,0.0,0.0046459224342951235
2021-07-15,56.58389098217274,57.85786072530446,56.49569287558502,57.818660736083984,137449,0.0,0.0,0.012793393084835321
2021-07-18,57.877461197887406,58.54384606687187,57.62266500416683,57.720664978027344,111370,0.0,0.0,-0.0016963190835589522
2021-07-19,57.72066433793101,59.33762463637217,57.64226435971202,58.27925109863281,213967,0.0,0.0,0.009630876591514218
2021-07-20,58.38704725913188,58.71043781274609,56.85828137951793,57.00527572631836,121756,0.0,0.0,-0.022102311033136694
2021-07-21,57.328669606524926,57.64226203009358,56.035099924725074,56.681884765625,132783,0.0,0.0,-0.005689153138231777
2021-07-22,56.6328882405026,57.171875,56.27029395318829,57.171875,97527,0.0,0.0,0.00860741464423813
2021-07-25,57.17186920087658,57.328665401159064,56.348688214814466,57.18166732788086,83843,0.0,0.0,0.00017126409388735855
2021-07-26,57.132671855076985,57.132671855076985,55.55490791405764,56.17229461669922,105999,0.0,0.0,-0.01780968875810224
2021-07-27,56.103695554999106,56.13309367518589,54.73172595876427,55.10411834716797,130015,0.0,0.0,-0.019199200486786454
2021-07-28,55.21191881461245,57.62266196988535,55.153118833392426,57.12287521362305,198336,0.0,0.0,0.03598019662891508
2021-07-29,57.064078495766424,57.80886334721312,56.319297382636506,56.81908416748047,98848,0.0,0.0,-0.005332394977868774
2021-08-01,55.35892153601231,55.72151210478592,53.71255930709855,55.2413215637207,129738,0.0,0.0,-0.028161005869169437
2021-08-02,54.878725129438415,55.280515646032,53.90364882788504,54.868927001953125,129870,0.0,0.0,-0.006764056687694807
2021-08-03,55.4373157140598,55.4373157140598,54.20254595753084,54.447540283203125,98667,0.0,0.0,-0.007709521106317357
2021-08-04,54.12415013333906,54.76113692430699,53.8007595425538,53.94775390625,108139,0.0,0.0,-0.009221616536591417
2021-08-05,54.14374542236328,54.81992840854087,53.79095299885613,54.14374542236328,75721,0.0,0.0,0.0036264041505170556
2021-08-08,54.20254509155112,55.75090726113749,54.16334510287382,55.04532241821289,86508,0.0,0.0,0.01651442775183058
2021-08-09,55.47651064364457,56.22129168090142,55.2511163331811,55.98609924316406,68640,0.0,0.0,0.016946542258733092
2021-08-10,55.79990294594209,55.79990294594209,54.418135180979704,54.731727600097656,121387,0.0,0.0,-0.02265986159265766
2021-08-11,54.388731245561075,54.81991984117352,53.800746457151725,53.89874267578125,93285,0.0,0.0,-0.015336419865296522
2021-08-12,54.83952863934855,55.29031729874315,54.34464279598385,54.92772674560547,93619,0.0,0.0,0.018911111265878043
2021-08-15,54.83952871153365,56.22129655249971,53.89875140243266,55.75090789794922,119306,0.0,0.0,0.014875433443822987
2021-08-16,55.594111522961775,56.221296393926785,55.309917210081785,55.36871719360352,122289,0.0,0.0,-0.006878932702047701
2021-08-17,56.035099229607475,64.58050201163874,55.211918193372206,64.04151153564453,794877,0.0,0.0,0.145516728171956
2021-08-18,63.208532510359014,65.35468507648913,61.84636473346021,63.5809211730957,703110,0.0,0.0,-0.007218047055032717
2021-08-19,63.55151698594085,64.82549027768319,62.85573410331098,64.531494140625,323885,0.0,0.0,0.014839942093717766
2021-08-22,64.77649120576714,66.10926079139378,63.698517784736595,65.18807983398438,503689,0.0,0.0,0.010123241704777429
2021-08-23,65.75647548005163,68.59841115166145,63.0419416427689,63.23793411254883,450986,0.0,0.0,-0.030372283195327365
2021-08-24,64.2081053989113,65.50167505511142,63.639724282626645,64.15911102294922,191132,0.0,0.0,0.014461763444240683
2021-08-25,64.60010050250351,65.15868725303208,62.875345872898286,63.13013458251953,210176,0.0,0.0,-0.016167883626205488
2021-08-26,62.79694570849037,63.24773435874265,60.27840066719111,61.08198547363281,336730,0.0,0.0,-0.03298123826948841
2021-08-29,61.10157980426168,62.95373620141928,60.20980065976667,60.65079116821289,284102,0.0,0.0,-0.007084305816229131
2021-08-30,60.80758977412943,63.04194052552703,60.80758977412943,61.807167053222656,297441,0.0,0.0,0.018886649351441864
2021-08-31,60.75859262286027,60.75859262286027,58.92603611789946,59.08283233642578,208552,0.0,0.0,-0.045078932262581355
2021-09-01,60.16080285618467,61.07218199891367,59.47481803264547,60.59199523925781,118661,0.0,0.0,0.025222395377105036
2021-09-02,62.7773360159778,63.18893211550813,59.97460440985829,61.09177780151367,109953,0.0,0.0,0.008214494999968394
2021-09-05,58.77903942525573,58.77903942525573,55.741111217198885,57.5246696472168,362483,0.0,0.0,-0.06016339445292876
2021-09-06,57.42666910385825,58.12245583790428,56.77008609788419,58.06365585327149,176780,0.0,0.0,0.009326030293028444
2021-09-07,57.52466423873389,57.74025668761627,56.65248510079888,57.4560661315918,256920,0.0,0.0,-0.010519334950563237
2021-09-08,57.55419781810555,58.87897321814407,56.90652926244294,57.25979995727539,199143,0.08,0.0,-0.0034217824004296052
2021-09-09,57.7995282329033,59.87010236197479,57.622891009619565,58.46682357788086,206264,0.0,0.0,0.02086066896052748
2021-09-12,59.300941772424835,60.15468586875494,58.74159180481982,59.71309280395508,174361,0.0,0.0,0.021091831264077016
2021-09-13,59.85047760854979,59.85047760854979,57.25979965610143,57.750457763671875,208426,0.0,0.0,-0.033420030288485184
2021-09-14,58.87897673510528,59.49720703898276,57.30887218620562,58.2116813659668,138629,0.0,0.0,0.007954769338970418
2021-09-15,57.46588250284079,59.11449414693138,57.36774862913033,57.779903411865234,302138,0.0,0.0,-0.007445021969857292
2021-09-16,57.94672184751498,59.879915992311915,57.94672184751498,58.65327072143555,1085307,0.0,0.0,0.015002316937701024
2021-09-19,58.99673218798146,59.075239285205946,57.34812058051157,57.92709732055664,269551,0.0,0.0,-0.012458063138686262
2021-09-20,57.40700001470664,58.25093257968271,56.76914296161793,58.03504180908203,206628,0.0,0.0,0.0018617200495533565
2021-09-21,58.4766373556819,59.271504891212295,56.81821418782477,56.83783721923828,205412,0.0,0.0,-0.020844745056949048
2021-09-22,57.01446998678122,58.16261189268121,56.79858296730948,57.82896423339844,130338,0.0,0.0,0.01728750929357444
2021-09-23,57.721018862671215,57.89765607899633,56.79858297785891,56.91633987426758,108792,0.0,0.0,-0.01590729329628342
2021-09-26,56.739706774420206,57.73083830942062,56.13129173150652,56.87709045410156,162770,0.0,0.0,-0.0006898363395714386
2021-09-27,54.77707221046765,55.16960020378826,52.82425498942981,53.049957275390625,265163,0.0,0.0,-0.06965857213786694
2021-09-28,51.02844529134868,52.79481380274894,50.42984177648303,51.58779525756836,706812,0.0,0.0,-0.027948941200030632
2021-09-29,51.29339594746301,54.41398162448509,51.12657025428402,53.58967590332031,387741,0.0,0.0,0.03807131728561257
2021-09-30,52.99108049166363,54.22753738936227,51.911634053092186,53.07939910888672,690998,0.0,0.0,-0.009567546861050213
2021-10-03,53.48173002014348,54.75744026276485,51.195261600420416,51.81349182128906,228150,0.0,0.0,-0.024138313697173328
2021-10-04,51.028443818483126,51.69573915250647,50.36114848445978,50.86162185668945,355799,0.0,0.0,-0.018541927087531995
2021-10-05,50.832177947217296,51.23451743580697,49.34057688762471,49.713478088378906,405496,0.0,0.0,-0.022832562896063432
2021-10-06,50.26301825912262,52.09807855232449,49.86067875647569,51.77424240112305,297755,0.0,0.0,0.040616689413114276
2021-10-07,53.07939172528014,54.31584845098153,52.00975695144737,52.1373291015625,253768,0.0,0.0,0.006988407025028286
2021-10-10,52.00975738644143,52.50041547499277,49.99805997206579,50.25320053100586,227925,0.0,0.0,-0.0368069446063999
2021-10-11,50.53778790532717,51.26396359223864,50.15507515897261,51.048072814941406,230634,0.0,0.0,0.015693555896235882
2021-10-12,51.22470766202313,52.01957140799026,51.16582734092677,51.3326530456543,123588,0.0,0.0,0.005559268333840238
2021-10-13,52.45135662820439,53.334539046164,51.56817046682019,52.25509262084961,192109,0.0,0.0,0.01781029122279816
2021-10-14,52.8046245841452,53.36397450293576,52.049010682191046,52.56910705566406,125969,0.0,0.0,0.005991276348188315
2021-10-17,52.44153963765483,52.44153963765483,50.763489729848374,51.10695266723633,109530,0.0,0.0,-0.028208080892781318
2021-10-18,51.1167675271192,52.20602924699045,50.89106522154426,51.607425689697266,169969,0.0,0.0,0.009745022870186979
2021-10-19,52.24527535430121,53.16771122088269,51.56816479062912,52.490604400634766,203035,0.0,0.0,0.016968618935499218
2021-10-20,52.10789982493464,52.82426409777922,51.33266270676213,52.42192077636719,417851,0.0,0.0,-0.0013093505082313376
2021-10-21,51.98031856685415,54.57099264893424,51.98031856685415,53.5209846496582,229515,0.0,0.0,0.020748974163583678
2021-10-24,54.85558119317775,56.14110311583881,54.158843793899216,54.18828582763672,252928,0.0,0.0,0.012390943005484696
2021-10-25,55.55230881599028,55.55230881599028,53.31490915299822,53.5209846496582,174587,0.0,0.0,-0.012390943005484758
2021-10-26,53.972400175448136,53.972400175448136,52.647624577602535,53.579872131347656,140639,0.0,0.0,0.0010996641743783013
2021-10-27,54.443419596760926,54.67893712005772,53.09901751833384,53.628929138183594,287024,0.0,0.0,0.0009151675921923421
2021-10-28,53.776127923462525,53.776127923462525,52.068639802817785,52.28452682495117,148499,0.0,0.0,-0.025388172116184268
2021-10-31,53.07939268751599,54.41398330035514,52.7310258904538,53.844818115234375,165681,0.0,0.0,0.029405697752868963
2021-11-01,54.66912415804731,55.89576939805066,54.041082394113474,55.17940902709961,137191,0.0,0.0,0.024483687977759953
2021-11-02,56.20979160381064,57.10278920982704,55.67006843418303,55.93502426147461,293942,0.0,0.0,0.013600877222289092
2021-11-03,56.49437774194207,57.98597893152043,55.99390808800453,57.779903411865234,197004,0.0,0.0,0.032450287340398544
2021-11-04,58.6827125747594,60.03693008422851,58.32943811633924,60.03693008422851,295913,0.0,0.0,0.03831885089934091
2021-11-07,61.59722339790433,61.59722339790433,58.02523273457339,58.20186996459961,214617,0.0,0.0,-0.031042390085436376
2021-11-08,57.88784880123448,58.025232481004615,56.190168348576414,57.779903411865234,140035,0.0,0.0,-0.0072764608139045395
2021-11-09,57.701396451718274,58.38831859564608,57.25980337752008,58.2116813659668,92172,0.0,0.0,0.007445021969857192
2021-11-10,57.84859044797224,58.18223810403249,57.11260330167087,57.43643569946289,105194,0.0,0.0,-0.013407175124451606
2021-11-11,57.29905683191336,57.927098650429926,57.102792827770806,57.77008819580078,80637,0.0,0.0,0.005792266234630106
2021-11-14,58.388316281238815,60.17431153860276,58.388316281238815,59.85047912597656,138601,0.0,0.0,0.035378300955192926
2021-11-15,59.76215750462575,60.31169217556766,58.89859820874308,60.2037467956543,107920,0.0,0.0,0.005885152089973286
2021-11-16,60.39020304529054,61.23413562094152,60.00749030596613,60.66497039794922,130027,0.0,0.0,0.007631848035948692
2021-11-17,60.40000838121897,60.54720730132596,59.42850748746974,60.49814224243164,127392,0.0,0.0,-0.0027537797157526156
2021-11-18,60.50796020976745,61.31263924040692,59.90935669451565,61.086936950683594,86674,0.0,0.0,0.009685387629709294
2021-11-21,61.23413951716798,62.60798011130096,60.76310439203275,61.5579719543457,127227,0.0,0.0,0.007681318758221125
2021-11-22,60.93973331285249,61.086932237299976,58.57476146753896,58.908409118652344,148584,0.0,0.0,-0.04399551433279199
2021-11-23,57.13222289790552,59.09485504149913,56.298101990823994,58.78083419799805,148217,0.0,0.0,-0.0021679971257889245
2021-11-24,59.13411569722713,60.92011471978178,58.17242621949735,60.66497039794922,162335,0.0,0.0,0.03155058478640309
2021-11-25,60.69440586320184,60.89066985314965,59.673839853636856,60.09580612182617,107977,0.0,0.0,-0.009426380104897485
2021-11-28,59.25187737528737,61.0476842011254,58.87897614487762,60.53739929199219,218032,0.0,0.0,0.007321286724405826
2021-11-29,60.84160599000278,62.30376881332084,60.74347586480799,61.31263732910156,198994,0.0,0.0,0.012724632981393041
2021-11-30,60.64534601955581,60.75329141048605,56.592508690606735,56.778961181640625,259239,0.0,0.0,-0.07682012176556019
2021-12-01,55.444373359036,56.190172132333835,52.92239065793082,54.629878997802734,359904,0.0,0.0,-0.038584887915046544
2021-12-02,54.88501735865787,56.89671489302909,54.88501735865787,56.7004508972168,243017,0.0,0.0,0.03720119556923823
2021-12-05,54.38454590103466,57.0242890638291,54.38454590103466,55.110721588134766,146184,0.0,0.0,-0.028437881627454746
2021-12-06,56.27847658309483,56.27847658309483,54.54155038816356,55.37566757202149,114623,0.0,0.0,0.004796002362821184
2021-12-07,56.22942023791611,57.95653892998278,55.64063198673507,57.524757385253906,108585,0.0,0.0,0.03807513459004671
2021-12-08,58.388312229132936,58.388312229132936,56.81820785143346,57.6032600402832,125878,0.0,0.0,0.0013637456624611098
2021-12-09,55.6602583476413,57.67195589156888,55.6013780255906,57.573822021484375,116193,0.0,0.0,-0.00051117842044413
2021-12-12,57.11259841918945,57.97615764518395,56.66119390646974,57.11259841918945,98221,0.0,0.0,-0.008043255462185074
2021-12-13,57.534572549040085,59.3500061067041,57.210736391028185,58.89860153198242,208353,0.0,0.0,0.030792617146190183
2021-12-14,58.42757060476302,58.46682415330671,56.425684550127926,57.03409957885742,155328,0.0,0.0,-0.03216802009842066
2021-12-15,58.38831314341463,59.75234204479191,57.112602848629905,59.32056427001953,174984,0.0,0.0,0.0393067023439878
2021-12-16,59.065426053074184,59.19299821872919,58.19205515531786,58.59439468383789,238463,0.0,0.0,-0.012316991382532
2021-12-19,57.956535828377646,59.065420433539614,57.21073342380805,57.43643569946289,140632,0.0,0.0,-0.01996016791974815
2021-12-20,57.73083324618489,59.36962948640401,57.32849001465593,59.30093765258789,98316,0.0,0.0,0.0319462476666554
2021-12-21,58.878971718631675,60.70422044085713,58.85934494551456,60.62571334838867,78674,0.0,0.0,0.022093997864450887
2021-12-22,60.62571935482102,61.243949667275984,60.007492785790646,60.37057876586914,79217,0.0,0.0,-0.004217236019280654
2021-12-23,59.61496146780546,60.400013709643126,59.61496146780546,59.86029052734375,41075,0.0,0.0,-0.008488523880619964
2021-12-28,60.40982987156045,62.16638311911524,60.1056204855518,62.019187927246094,153269,0.0,0.0,0.03543046400283682
2021-12-29,62.21545416730025,62.80424244283198,60.79254480076993,61.75423431396485,101315,0.0,0.0,-0.0042812748195048675
2021-12-30,62.31358064636149,62.31358064636149,61.27338409423828,61.27338409423828,49889,0.0,0.0,-0.00781698734782747
2022-01-03,61.175256506643095,61.9406820004121,59.86029255327676,61.881805419921875,134686,0.0,0.0,0.009880643729984102
2022-01-04,61.56777724993759,61.72478768509787,55.81235635019148,55.885955810546875,336737,0.0,0.0,-0.10191309056599489
2022-01-05,54.93408485125,55.699510351002594,52.55930125282554,52.79481506347656,275756,0.0,0.0,-0.05690012452441888
2022-01-06,53.81537833095101,54.11958768799609,52.93219229012601,53.108829498291016,184557,0.0,0.0,0.00593020866030815
2022-01-09,52.88313197729874,52.892947236091125,50.498533196468706,51.63685989379883,257893,0.0,0.0,-0.028107438499321107
2022-01-10,51.29339633007186,51.5976056884768,48.83029066266271,48.96767807006836,341104,0.0,0.0,-0.053075307260804706
2022-01-11,49.60553488020807,49.92937103427302,47.51533025362112,49.45833969116211,407828,0.0,0.0,0.009970243575768162
2022-01-12,49.55647431856714,49.99806741266505,47.8293592369477,48.02561950683594,174263,0.0,0.0,-0.029396084565650463
2022-01-13,46.6223296495654,47.07373793334838,45.38587292088151,45.719520568847656,396201,0.0,0.0,-0.04920925561930346
2022-01-16,45.964854530606594,47.06392771187928,45.739152236273554,46.946170806884766,151235,0.0,0.0,0.026476290743416123
2022-01-17,46.906913925694695,46.906913925694695,45.80784082248727,45.97466278076172,127844,0.0,0.0,-0.020911207745215408
2022-01-18,44.25735835350467,45.20923624885823,44.16903974730254,44.28680038452149,298645,0.0,0.0,-0.03740376268922695
2022-01-19,44.16904570865922,44.92465972072154,43.67838755096353,44.48307037353515,209662,0.0,0.0,0.004422002807060944
2022-01-20,44.15923376536586,45.45457098967596,44.10035343937917,44.532135009765625,384192,0.0,0.0,0.0011023878670628339
2022-01-23,44.17885281202229,44.767640995187726,43.25641699348338,44.09053421020508,227049,0.0,0.0,-0.009965947955040086
2022-01-24,43.76670068097359,44.97862677746079,42.9620217027291,43.32511138916016,381639,0.0,0.0,-0.017512709042138558
2022-01-26,44.0611029880418,44.84615527259826,40.17508762849434,40.999393463134766,520504,0.0,0.0,-0.055175133599068234
2022-01-27,41.705936690840325,44.03165493579433,41.61761808693452,43.96296310424805,615882,0.0,0.0,0.0697902588062659
2022-01-30,44.276989140371775,45.63120664376495,44.15923223590156,44.257362365722656,269424,0.0,0.0,0.006674206941336771
2022-01-31,45.51345165138089,46.151305008864135,44.6597037636873,45.837284088134766,275951,0.0,0.0,0.035076084249828804
2022-02-01,46.41625885091293,47.26019144258081,45.50363441977669,46.975608825683594,320866,0.0,0.0,0.024530682837208505
2022-02-02,46.49477003668061,47.839172397434176,43.040536011285674,44.70877456665039,406253,0.0,0.0,-0.04945872446184313
2022-02-03,44.95410349614935,46.08261505648595,44.39475347419451,44.72840118408203,194366,0.0,0.0,0.000438891715485112
2022-02-06,44.895211721977965,45.925592881666454,44.23773172966895,44.71857452392578,180496,0.0,0.0,-0.0002197203453331284
2022-02-07,45.14055098493456,46.79897422783514,44.86578361161782,45.768592834472656,301879,0.0,0.0,0.02320915716086043
2022-02-08,46.12186414409657,47.17187224109461,45.326996627171894,47.0443000793457,268648,0.0,0.0,0.02749160274721967
2022-02-09,47.780283211115254,48.71253432601102,45.85690440661764,46.612518310546875,273271,0.0,0.0,-0.00922057433415057
2022-02-10,46.67140494308686,46.803880997523045,44.97372817993164,44.97372817993164,178380,0.0,0.0,-0.035790637271321105
2022-02-13,44.424192082710555,44.97373059214512,43.5900709303496,44.68914794921875,221832,0.0,0.0,-0.006347804098765473
2022-02-14,44.159237215371554,45.748968706965954,43.66857902408965,45.46438980102539,225772,0.0,0.0,0.017198680837670895
2022-02-15,48.59478107868683,50.125635774097944,47.103179931640625,47.103179931640625,680076,0.0,0.0,0.03541113541830748
2022-02-16,47.858790859547504,48.879360591816955,43.7667004157124,44.26717376708984,543550,0.0,0.0,-0.06209710932511497
2022-02-17,43.17791759508451,43.99241192838107,42.26529312825989,43.16810607910156,582662,0.0,0.0,-0.025141466513110416
2022-02-20,42.67744819304213,43.04053418148926,41.43117602358887,42.23585510253906,335626,0.0,0.0,-0.02183243010145448
2022-02-21,41.804071354633464,42.971840104741645,41.13677599555007,42.94239807128906,282985,0.0,0.0,0.016590130641183067
2022-02-22,44.119975041043816,45.33680876477273,43.19753916930157,45.15035629272461,276580,0.0,0.0,0.05013853322651215
2022-02-23,43.7765219045705,44.93447546879755,42.73632525131197,43.52137756347656,344203,0.0,0.0,-0.03674591552433349
2022-02-24,45.003161958482394,45.356436392786414,44.17885619291444,45.05222702026367,232579,0.0,0.0,0.03457016162532009
2022-02-27,44.92465946261573,46.112055042420096,44.33587117413353,45.856910705566406,244367,0.0,0.0,0.017703494321876675
2022-02-28,45.82747044544743,47.534958654747854,45.46928836066789,46.54383087158203,245274,0.0,0.0,0.014868556447883319
2022-03-01,46.02373768024311,46.49476907256261,45.19943180782779,46.1611213684082,238465,0.0,0.0,-0.008256553033128562
2022-03-02,46.20044729134014,46.42663038694806,45.48256083535005,45.905426025390625,201863,0.1,0.0,-0.0055545908406404235
2022-03-03,45.531736458131654,45.93493311704865,44.54832960697806,45.40389251708984,147974,0.0,0.0,-0.010985484506687617
2022-03-06,44.49915999109149,45.46289825454277,42.86670476909858,43.05355072021485,292400,0.0,0.0,-0.05315313317841939
2022-03-07,42.76836520748235,43.7714368850507,42.46350773597078,43.52558517456055,247739,0.0,0.0,0.010904223670404941
2022-03-08,43.52558065753192,44.91218401074048,42.876532359251286,44.607330322265625,232557,0.0,0.0,0.024549272396493713
2022-03-09,44.754844470512325,45.66941314884113,44.67617387257622,45.06953811645508,145843,0.0,0.0,0.010308385990457563
2022-03-10,44.25330507618437,44.745008465919746,41.94230064498773,42.10947799682617,276512,0.0,0.0,-0.06793374259662008
2022-03-13,42.1488143603349,43.29939846958705,42.1488143603349,43.25022888183594,150670,0.0,0.0,0.026729679513261242
2022-03-14,42.77820133669263,43.63376431303456,42.729031740608555,43.60426330566406,155198,0.0,0.0,0.00815240238516226
2022-03-15,44.09596275267543,44.17463334896403,43.269900858948624,43.84027862548828,136079,0.0,0.0,0.00539807031334603
2022-03-16,45.23671144775173,47.18385640337837,45.020360757771286,45.30554962158203,282759,0.0,0.0,0.03287653506020053
2022-03-17,45.423553452468354,45.54156495573477,44.626996438113366,45.48255920410156,248214,0.0,0.0,0.003899405089504363
2022-03-20,46.39713769866777,46.97734791792994,45.05970371857872,45.15804290771485,145815,0.0,0.0,-0.007160536788358074
2022-03-21,45.836584540431325,46.09226861872503,44.685996809612995,45.04002380371094,154692,0.0,0.0,-0.0026168891564411745
2022-03-22,46.37746664219043,46.50531058238277,45.43339697169175,45.83659362792969,143962,0.0,0.0,0.017531247276048385
2022-03-23,44.74501545806445,45.767759568870424,44.331986346815725,45.4629020690918,95196,0.0,0.0,-0.008186105362594568
2022-03-24,46.220116225854895,46.633145251031465,45.06953215452107,45.35471725463867,103936,0.0,0.0,-0.00238246424936832
2022-03-27,45.6792433679247,45.6792433679247,44.53849171095228,45.256378173828125,165801,0.0,0.0,-0.002170575666370322
2022-03-28,46.31846218086759,46.75116360553882,45.92510168282044,46.613487243652344,127338,0.0,0.0,0.029546310754888578
2022-03-29,46.869166497092195,48.07383828949848,46.61348238756809,48.04925537109375,174162,0.0,0.0,0.030336713251200995
2022-03-30,47.105183835529544,48.47211858907624,46.90850173938349,48.17709732055664,310758,0.0,0.0,0.002657110471364044
2022-03-31,48.05909078383976,48.11809654420753,46.633150128513115,46.64298629760742,89762,0.0,0.0,-0.032361180136146125
2022-04-03,47.1346910240532,47.77390698258422,47.0068470820671,47.41987991333008,99091,0.0,0.0,0.016518979556636552
2022-04-04,48.472123774708635,49.416193435529166,47.80340682711091,48.894989013671875,185059,0.0,0.0,0.030633368843422295
2022-04-05,48.45245954936869,49.1605137344203,47.60672899531254,48.20660781860352,133767,0.0,0.0,-0.014178813739329424
2022-04-06,47.58705418763734,47.58705418763734,46.328294691072024,46.41680145263672,106634,0.0,0.0,-0.03783460937055182
2022-04-07,47.695234761728145,48.521296709719216,46.63315350656836,47.17403030395508,147133,0.0,0.0,0.016182041786210532
2022-04-10,46.97734959580163,47.73457338367397,46.259462985548566,47.69523620605469,109347,0.0,0.0,0.01098798726465295
2022-04-11,47.69522956390448,47.82307349766342,46.062774434041245,46.33812713623047,128150,0.0,0.0,-0.028866420530436757
2022-04-12,46.023438958827526,46.90850660763933,46.023438958827526,46.6036491394043,83260,0.0,0.0,0.0057137432957526536
2022-04-13,47.626392228046406,47.852575344746654,46.89375520314786,47.82307434082031,106243,0.0,0.0,0.025829404039467183
2022-04-18,47.20353228827012,48.29511457266032,47.134694103795034,48.24594497680664,179806,0.0,0.0,0.0088035325040883
2022-04-19,48.92448677133074,51.2354911785626,48.92448677133074,50.753623962402344,228135,0.0,0.0,0.05067124117680696
2022-04-20,51.80587119693371,51.80587119693371,49.5833696992857,50.27175521850586,186726,0.0,0.0,-0.009539630579007757
2022-04-21,49.9570664363227,50.08491037518417,48.72780789334528,48.91465759277344,135142,0.0,0.0,-0.027366295080231962
2022-04-25,48.86548245691099,49.229345673288606,47.49854760750102,48.68846893310547,157078,0.0,0.0,-0.004634873341361799
2022-04-26,48.11810065025275,48.81631865955509,47.67556678823026,48.639305114746094,134817,0.0,0.0,-0.0010102732343760664
2022-04-27,48.63930369712021,49.426028455897416,47.862411356590414,48.039424896240234,98845,0.0,0.0,-0.012409925475710905
2022-04-28,48.08859745172621,49.170343508350115,45.718587044679715,46.69215774536133,290084,0.0,0.0,-0.028445803579472725
2022-05-01,45.630077385755534,45.630077385755534,42.33566232854947,43.04371643066406,503974,0.0,0.0,-0.0813599617866237
2022-05-02,43.06338765630747,44.60733613917965,43.06338765630747,44.45982360839844,226628,0.0,0.0,0.03236968068391552
2022-05-03,44.25330363926712,44.25330363926712,43.397740819299685,44.0959587097168,247890,0.0,0.0,-0.008217802087520678
2022-05-04,44.479489947187474,45.28588323818389,44.27297541565409,44.94169235229492,281962,0.0,0.0,0.01899778506941008
2022-05-05,43.26990042861877,44.07629372740381,41.70628342216498,41.92263412475586,226389,0.0,0.0,-0.06954004910349185
2022-05-08,40.713039763865225,41.00806102998621,39.6804597053434,40.08365631103515,329342,0.0,0.0,-0.04485719704307976
2022-05-09,39.52312337291225,41.42109905785114,38.431544826078785,41.03757095336914,321617,0.0,0.0,0.023519333873742696
2022-05-10,40.368849792193174,41.686615100030245,39.46411730543307,41.568607330322266,282852,0.0,0.0,0.012857239092111514
2022-05-11,40.57536560665172,40.92939267833992,39.611627328944664,39.97549057006836,291078,0.0,0.0,-0.03907872034053647
2022-05-12,40.3590240588588,40.89989715695082,39.739476600331585,40.33935546875,176536,0.0,0.0,0.009061024359314126
2022-05-15,40.182002659274545,41.58827469077274,39.90664995427605,40.65403747558594,156944,0.0,0.0,0.007770599028577974
2022-05-16,40.55570119817805,40.74254715402817,39.06092229717852,39.44445037841797,273594,0.0,0.0,-0.03020479137632021
2022-05-17,39.35593970061544,40.290176889873905,39.08058700325893,39.56245422363281,376381,0.0,0.0,0.002987180261201552
2022-05-18,38.982241833530665,40.52619008591609,38.80522832357829,40.08365631103515,223895,0.0,0.0,0.013088135101908632
2022-05-19,39.33626840334261,41.07689873035839,39.33626840334261,40.85071563720703,89345,0.0,0.0,0.018955661870180076
2022-05-22,40.8703896500831,41.234249130751046,40.221341285275685,41.19491195678711,96580,0.0,0.0,0.008390412723469286
2022-05-23,41.312915789990136,41.85379250194804,40.2115012837649,41.35225296020508,234563,0.0,0.0,0.0038121525826538562
2022-05-24,40.663875188575595,40.95890026966493,38.20535785549606,38.94291305541992,430904,0.0,0.0,-0.060030099152143496
2022-05-25,39.3362689427256,40.39343192084113,39.2477621875485,39.98531723022461,172216,0.0,0.0,0.026415511517925237
2022-05-26,40.3196813581632,40.3196813581632,39.13959237301024,40.09349822998047,192196,0.0,0.0,0.0027018647802147674
2022-05-29,41.185079265221816,41.72595227373269,40.54586332245482,41.568607330322266,151244,0.0,0.0,0.03613106864355476
2022-05-30,41.95213165176052,42.276657678747085,41.224409008802134,41.43092727661133,235042,0.0,0.0,-0.0033176133009634855
2022-05-31,40.76222244784152,41.05724380876218,40.1820121457575,40.60487747192383,181546,0.0,0.0,-0.02013944343741991
2022-06-01,40.80155398021458,40.93923034615463,39.60179636033767,40.45735931396485,244627,0.0,0.0,-0.0036396311440379508
2022-06-02,40.97855580851069,42.099642609181025,40.67370212928008,40.85071563720703,272684,0.0,0.0,0.00967577678674727
2022-06-05,40.85072314113738,41.529272545235195,40.53603323621669,40.988399505615234,121297,0.0,0.0,0.003364747970874977
2022-06-06,40.949060491707726,41.42109532790212,40.45735706841364,40.8998908996582,212023,0.0,0.0,-0.0021616922269368727
2022-06-07,40.939231077364006,42.13898496726992,40.939231077364006,41.80462646484375,181117,0.0,0.0,0.02187961882796762
2022-06-08,42.08980857858005,42.335660268585066,40.61469843854991,40.624534606933594,157860,0.0,0.0,-0.028634829628190275
2022-06-09,40.3196865568984,40.870395821350264,39.20843560871872,40.693382263183594,126077,0.0,0.0,0.0016932965169352396
2022-06-13,39.23793665987588,39.385445443469635,37.733321557702254,38.46104431152344,548820,0.0,0.0,-0.056419588294162014
2022-06-14,37.91033294284658,39.20842967191562,37.59564305406617,38.76589584350586,207641,0.0,0.0,0.007894994022606835
2022-06-15,39.306770807976456,39.916481970661174,38.647886304408125,38.65772247314453,200413,0.0,0.0,-0.0027943266693135076
2022-06-16,37.37928977089008,37.625141464007065,35.93368436631365,37.231781005859375,399522,0.0,0.0,-0.037583835667967795
2022-06-19,37.23178610688523,38.500381917511504,37.13344316532526,37.94967269897461,157471,0.0,0.0,0.01909815460844414
2022-06-20,38.35287067632021,38.638059589377505,38.00867974773365,38.62822341918945,146000,0.0,0.0,0.01772230668279811
2022-06-21,38.628218130553506,38.66755530312049,37.84149343621011,38.04800796508789,187931,0.0,0.0,-0.015134456102805062
2022-06-22,38.844565786135746,39.94598027195852,38.03817256866206,39.6902961730957,214952,0.0,0.0,0.04225799907476595
2022-06-23,40.31968100380438,43.02404985162052,40.103330295531265,42.87653732299805,285734,0.0,0.0,0.07721803184702097
2022-06-26,43.201066022232105,44.46966184133732,42.974882882231896,44.33198547363281,181130,0.0,0.0,0.033381675467801304
2022-06-27,44.44998711740006,45.04986585222444,43.38790599645215,44.85318374633789,155599,0.0,0.0,0.011688136284720731
2022-06-28,44.056625263692034,44.88268715150998,41.45059941325875,41.78495788574219,207773,0.0,0.0,-0.0708581569527184
2022-06-29,42.26682529012712,42.768364876428464,41.5489387512207,41.5489387512207,166271,0.0,0.0,-0.005664436084681193
2022-06-30,42.050472494517784,42.76836274911546,41.48993092693266,41.735782623291016,185338,0.0,0.0,0.0044868778438456975
2022-07-03,42.76836248979914,42.984709430331286,41.46042967243143,42.10947799682617,140027,0.0,0.0,0.008913988583947954
2022-07-04,41.81446121203468,43.859945582677625,41.81446121203468,43.57476043701172,157094,0.0,0.0,0.034205247758465375
2022-07-05,43.88945148514253,46.06277985795918,43.76160753632989,44.46966171264648,247157,0.0,0.0,0.020329103727633753
2022-07-06,43.859941062034,44.44015121459961,42.827364689203435,44.44015121459961,145166,0.0,0.0,-0.000663829967895998
2022-07-07,46.682325310353825,47.24778125937529,45.84642722017517,46.73149490356445,202245,0.0,0.0,0.050274978998754175
2022-07-10,46.95768560778696,46.95768560778696,44.5581738089088,44.89253234863281,116960,0.0,0.0,-0.040146882919603895
2022-07-11,44.548329029527224,45.87593051221541,43.76160430908203,43.76160430908203,152266,0.0,0.0,-0.025514644529746687
2022-07-12,43.653427965115256,45.33505272025881,43.2502313205826,45.05970001220703,197587,0.0,0.0,0.029231458479427472
2022-07-13,45.25638322138232,46.27912723519195,45.08920210787528,46.072608947753906,117117,0.0,0.0,0.022230329960485986
2022-07-14,45.531739235232656,46.29879917686909,44.44015696364978,44.44999313354492,278923,0.0,0.0,-0.03585379993974337
2022-07-17,45.187544071865275,45.23671366252294,44.46965754434533,44.9023551940918,130035,0.0,0.0,0.010125440099961374
2022-07-18,44.23363993376353,45.39406032398307,42.90604217869175,45.167877197265625,199514,0.0,0.0,0.005895905124036418
2022-07-19,45.76775222366236,48.31477592179344,45.630075875341625,47.616554260253906,287778,0.0,0.0,0.05279432664521605
2022-07-20,48.34427322053821,50.3504237888156,47.587049611392366,50.320919036865234,287480,0.0,0.0,0.055240396720890775
2022-07-21,49.30802063489787,49.30802063489787,47.77390829453332,48.13776779174805,325030,0.0,0.0,-0.04435381388961758
2022-07-24,47.95091703729731,48.1869363352695,46.89867199294522,47.08552169799805,232021,0.0,0.0,-0.02210150336456057
2022-07-25,46.37746391408978,47.08551800101303,46.062774042434825,46.92817306518555,157278,0.0,0.0,-0.0033473587040829147
2022-07-26,46.92817957818328,48.23610883538477,46.87900623090076,48.18693923950195,176325,0.0,0.0,0.026469814086884865
2022-07-27,49.966902919855414,49.966902919855414,47.78373853334265,48.46228790283203,182827,0.0,0.0,0.005697912263378355
2022-07-28,49.66204916847455,49.91773331555778,48.65897366579483,48.717979431152344,148526,0.0,0.0,0.005262222987524924
2022-07-31,48.83598288107659,50.1439157617202,48.80648187671298,49.36702346801758,171158,0.0,0.0,0.013234510702239728
2022-08-01,50.11441186769552,51.18632547766425,49.66204561981131,50.6552848815918,186051,0.0,0.0,0.025760906291969865
2022-08-02,50.59628053110308,51.4420109780035,50.06523995959828,51.25516128540039,246337,0.0,0.0,0.011772754507806358
2022-08-03,52.120564933956054,53.580924759216295,52.120564933956054,52.700775146484375,249232,0.0,0.0,0.027813843145468826
2022-08-04,53.30065171699873,53.595673020040174,52.86795030456518,53.04496383666992,179884,0.0,0.0,0.006509764061774793
2022-08-07,52.60243833911653,52.877791079083266,51.50101987645008,52.17957305908203,195383,0.0,0.0,-0.01644883056743878
2022-08-08,52.17956680006315,53.30064996562324,51.94354751454558,52.858116149902344,174130,0.0,0.0,0.012920172464804942
2022-08-09,52.140232119174414,52.907288268817595,51.31417020748197,52.06155776977539,225413,0.0,0.0,-0.015184448356475517
2022-08-10,53.625174808807095,54.146382994911946,52.00255574266033,52.10089492797851,214008,0.0,0.0,0.0007553040285516089
2022-08-11,50.80279895302066,51.54035410840795,50.17341915398076,51.13715744018555,225960,0.0,0.0,-0.01867074129784555
2022-08-14,52.120557614895105,52.84828025862431,51.432172141399704,52.36640930175781,168171,0.0,0.0,0.0237539574764865
2022-08-15,52.89745767955062,53.49733648455836,51.75670583362428,52.22874069213867,158607,0.0,0.0,-0.0026324105682916992
2022-08-16,51.97304660222069,53.01545913510749,51.46167838001871,52.88761520385742,180247,0.0,0.0,0.012536262982556884
2022-08-17,53.71367681145979,53.792351153855066,51.2748284681932,53.20230484008789,218046,0.0,0.0,0.005932525145730034
2022-08-18,53.10397131336292,53.92020082125861,52.209071206101115,53.271148681640625,201733,0.0,0.0,0.001293164612764208
2022-08-21,52.10089622307948,53.182646045466434,51.776373902343074,52.83845138549805,190821,0.0,0.0,-0.008155712476429749
2022-08-22,52.85811490905319,53.08429802035659,51.83537094815152,51.943546295166016,256039,0.0,0.0,-0.01708169093858107
2022-08-23,49.367027899821686,51.26500354651963,48.91466161910603,50.8126335144043,318980,0.0,0.0,-0.022012465774364793
2022-08-24,51.6288564296037,52.695851895479706,51.19615879288787,51.92387771606445,165037,0.0,0.0,0.021633741077495015
2022-08-25,51.756701592243665,52.96629152145021,51.44201171235574,52.799110412597656,110761,0.0,0.0,0.01671558635220136
2022-08-28,51.73703412542947,52.04188784300592,50.3799316444202,51.34366989135742,251165,0.0,0.0,-0.0279526873290665
2022-08-29,51.569851771256346,53.42357570908261,51.34366865510075,52.97612380981445,224888,0.0,0.0,0.03129966289974099
2022-08-30,52.622098196005155,53.74318514133402,52.17956812048516,53.57600402832031,157451,0.0,0.0,0.011259963901942225
2022-08-31,52.7892779731679,53.497332078321335,52.45491950700092,52.858116149902344,147232,0.0,0.0,-0.013490011736413792
2022-09-01,53.595675244436165,53.595675244436165,52.641769365325864,52.7401123046875,156744,0.0,0.0,-0.002234959734861954
2022-09-04,53.16296988085258,53.16296988085258,51.96321245385984,52.720436096191406,91299,0.0,0.0,-0.0003731482345343062
2022-09-05,51.94354935385824,53.221977504565885,51.776371990554665,52.867950439453125,193261,0.0,0.0,0.002794141364875553
2022-09-06,52.41558233418144,52.858116149902344,51.31416775503109,52.858116149902344,158874,0.0,0.0,-0.0001860333954792595
2022-09-07,54.71105908217674,55.34185090679398,53.70574295373469,54.8983268737793,244292,0.12,0.0,0.037871602103412345
2022-09-08,54.94760536658225,55.27285757076239,53.498761474858675,54.07041549682617,160826,0.0,0.0,-0.015195684374873704
2022-09-11,54.91803892939137,56.07119764406816,54.14926269314678,55.08559036254883,193169,0.0,0.0,0.018600976247252928
2022-09-12,55.43055691395165,56.37673903168045,55.08559209867164,55.83465576171875,139245,0.0,0.0,0.01350658356501414
2022-09-13,53.17351230265885,54.908179421829544,52.5032990666673,54.77019500732422,206900,0.0,0.0,-0.019248588334762506
2022-09-14,54.868753380522016,55.10530077301056,53.86343730187715,53.90285873413086,168940,0.0,0.0,-0.015962645018794644
2022-09-15,53.74516068467477,54.07041287307212,52.84825826184248,53.18336486816406,260363,0.0,0.0,-0.01343785724577427
2022-09-18,52.63142705154593,53.75501868077109,52.63142705154593,53.331207275390625,132131,0.0,0.0,0.002776005183014476
2022-09-19,53.78458878609297,54.76034164428711,53.51847437022183,54.76034164428711,158287,0.0,0.0,0.026444577154839725
2022-09-20,54.701205451367635,54.701205451367635,53.203081895938745,53.46919631958008,102537,0.0,0.0,-0.023860520984113176
2022-09-22,52.42444628741969,52.877828462682274,51.22200804464393,51.54725646972656,163711,0.0,0.0,-0.03660673007060141
2022-09-25,51.00517897420803,52.18790851397446,50.27582790075077,51.783809661865234,252076,0.0,0.0,0.004578557334919717
2022-09-26,51.52755039777096,51.76409781306365,50.56658474769295,51.44870376586914,265513,0.0,0.0,-0.006492277712100672
2022-09-27,51.35013756200145,52.14848080887437,50.640502880130015,51.369850158691406,176316,0.0,0.0,-0.0015338403357681163
2022-09-28,53.30163896283731,54.19854136077962,52.04991737277839,52.39487838745117,100544,0.0,0.0,0.019757418280672977
2022-09-29,51.15301980055581,52.729989958962555,49.004395609855735,49.467628479003906,267063,0.0,0.0,-0.05749036033078981
2022-10-02,49.28036076267554,50.34481835985005,48.91568714577383,49.57604217529297,150634,0.0,0.0,0.0021892108576324733
2022-10-03,50.758771337070065,51.62610673498926,49.93086112991836,51.438838958740234,145055,0.0,0.0,0.036885812508687846
2022-10-04,52.345600747024264,53.36077499389648,51.78380492498884,53.36077499389648,146769,0.0,0.0,0.03668241648742293
2022-10-05,52.70041751644081,54.65191929642981,52.70041751644081,53.311492919921875,175411,0.0,0.0,-0.0009239904324649154
2022-10-06,52.57228604523206,53.85357460079677,52.22732504327758,52.523006439208984,175077,0.0,0.0,-0.014900643445199677
2022-10-09,50.78834079981824,51.46841221408202,49.792879123582345,50.029422760009766,175121,0.0,0.0,-0.04864000394138201
2022-10-10,50.118129836351365,50.857335313346475,49.80273580028359,50.22654724121094,145191,0.0,0.0,0.003932428866358772
2022-10-11,49.6647559386234,50.68978852983675,49.221231859752834,50.36453628540039,148886,0.0,0.0,0.00274356584912076
2022-10-12,50.07871075491396,50.07871075491396,48.89598118418598,49.329647064208984,187189,0.0,0.0,-0.020762021639190366
2022-10-13,50.80805411883168,51.24664905408123,49.999856456588034,50.7883415222168,111607,0.0,0.0,0.029141570018913158
2022-10-16,49.77316755170083,50.38424301147461,49.00439507779854,50.38424301147461,130568,0.0,0.0,-0.007988343117225781
2022-10-17,52.03020285939233,52.690557851646034,51.162867506173,52.523006439208984,182099,0.0,0.0,0.041572803963405354
2022-10-18,52.53286668352855,53.29178473180179,51.99571252664699,53.23264694213867,209875,0.0,0.0,0.01342058096070224
2022-10-19,52.87783037103696,53.11437400512604,50.14769784228634,50.58136367797851,245343,0.0,0.0,-0.05108867076604852
2022-10-20,49.822449564567094,51.47827017260604,48.54116079305432,51.16287612915039,193973,0.0,0.0,0.011430991755971946
2022-10-23,52.23718605408843,52.23718605408843,51.06431473960717,51.80352020263672,113528,0.0,0.0,0.012443911087804082
2022-10-24,52.237182318984175,53.96199494272422,52.237182318984175,53.00595474243164,186697,0.0,0.0,0.022946156335425853
2022-10-25,53.66631990582074,54.533655409534454,53.23265027406709,54.25768280029297,145638,0.0,0.0,0.023340339960493436
2022-10-26,54.86875839655409,55.4896920687824,54.21825770748422,54.3661003112793,165039,0.0,0.0,0.0019962027446057823
2022-10-27,53.42976762048817,54.75048147352893,52.81869218394491,53.065093994140625,176669,0.0,0.0,-0.024221455062593503
2022-10-30,54.5040852931788,55.38127522651549,52.779272443649134,55.0166015625,287405,0.0,0.0,0.03611563776264599
2022-10-31,55.233429296522466,56.672414929780444,55.1940041055253,56.288028717041016,148541,0.0,0.0,0.022846892458673017
2022-11-01,55.60796227841476,56.65270737401951,54.715988871566054,54.92789459228515,129815,0.0,0.0,-0.024460561038113803
2022-11-02,53.09466532554132,55.04616736979957,53.09466532554132,54.80962371826172,85522,0.0,0.0,-0.0021555238652666256
2022-11-03,54.021131595761254,54.6420614202302,53.0059536304265,53.27206802368164,101710,0.0,0.0,-0.02845365211216939
2022-11-06,53.429761586436285,53.65645077504017,52.32588265416737,52.97638320922851,98706,0.0,0.0,-0.005565927302846424
2022-11-07,52.24704085048733,53.114376319457016,51.5768313515033,52.237186431884766,140491,0.0,0.0,-0.014051589400825425
2022-11-08,53.16365540865003,53.41991540731501,52.01049669403782,52.059776306152344,124671,0.0,0.0,-0.0034020223059888412
2022-11-09,51.35013759190277,52.010496422123914,50.26597109187766,51.734527587890625,236792,0.0,0.0,-0.006267199078293646
2022-11-10,55.35169906835828,57.97341401629055,54.602639266003216,57.65802001953125,374797,0.0,0.0,0.1084039490973936
2022-11-13,57.90442719179061,58.40708524586984,56.209181481935374,57.46090316772461,196680,0.0,0.0,-0.0034245811026363568
2022-11-14,57.756583558374,58.20010757446289,56.91881889671201,58.20010757446289,117324,0.0,0.0,0.012782431467363804
2022-11-15,57.99313023301803,58.2888116534725,56.79068819540418,57.076515197753906,121589,0.0,0.0,-0.019494463544839056
2022-11-16,57.352478376986035,58.29866409301758,57.21449397834201,58.29866409301758,80068,0.0,0.0,0.021186439188121346
2022-11-17,57.6383188036764,58.29867769961646,56.89911327287717,58.022705078125,122490,0.0,0.0,-0.004744777929953345
2022-11-20,58.899886363106255,58.97873674614356,56.69212827516659,57.04694747924805,174639,0.0,0.0,-0.01695983199140489
2022-11-21,57.16522678355799,57.67774306106858,55.69667016532632,57.3032112121582,130697,0.0,0.0,0.004482095431319243
2022-11-22,57.65802945929059,58.20011274498331,56.89911135540332,58.15083312988281,98926,0.0,0.0,0.01468354186972163
2022-11-23,58.54506959277333,58.850605420639496,57.805864187611,58.19025039672851,96854,0.0,0.0,0.000677615630851866
2022-11-24,58.732335967681166,59.38283659996121,58.49578857421875,58.49578857421875,84594,0.0,0.0,0.0052369397141286194
2022-11-27,59.13642935032218,59.54052813382434,58.249381406150185,58.94916534423828,76028,0.0,0.0,0.0077207067143164705
2022-11-28,59.30397805719817,59.42225361755505,58.13110694877143,58.426788330078125,101640,0.0,0.0,-0.008900979232722029
2022-11-29,57.549604901994,59.09700793466818,57.37219530183325,58.58449172973633,252971,0.0,0.0,0.00269552636404237
2022-11-30,60.4078751070548,60.516292516625,58.29867598928637,58.84075927734375,105395,0.0,0.0,0.004364784443939734
2022-12-01,59.03788017064415,60.516291155620614,58.15083207574085,60.09247970581055,207166,0.0,0.0,0.021049904273102143
2022-12-04,60.51628459580718,60.91052522652341,59.698228801427824,60.19103240966797,72353,0.0,0.0,0.0016386738993128128
2022-12-05,60.29945409046406,60.99923436154733,59.42226420702258,59.53068161010742,168182,0.0,0.0,-0.01103154096532088
2022-12-06,58.57464043709183,58.825971344028126,56.75126848901236,57.46090316772461,182533,0.0,0.0,-0.03538706533197983
2022-12-07,58.54507114318146,58.57463815703716,57.20464470475597,57.628456115722656,106975,0.0,0.0,0.002911703869369857
2022-12-08,57.16522083651333,58.07197770715034,57.160291747492195,57.943851470947266,80166,0.0,0.0,0.005457988072913368
2022-12-11,57.658021662800486,57.658021662800486,56.63298926422257,57.20464324951172,101887,0.0,0.0,-0.012839392787124088
2022-12-12,57.46089971374423,57.46089971374423,55.745945270166246,56.07119369506836,163725,0.0,0.0,-0.020012871501333764
2022-12-13,56.50486486369078,56.8892510856544,55.696663468027026,56.23875045776367,199536,0.0,0.0,0.0029838299408964184
2022-12-14,55.174288615432005,56.32745095294539,54.47450843101399,55.805076599121094,182272,0.0,0.0,-0.007741185493664095
2022-12-15,55.12500981418798,55.57838821411133,54.08026485107536,55.57838821411133,200134,0.0,0.0,-0.004070419220245939
2022-12-18,55.9529255211909,55.9529255211909,54.36609720493794,55.12501525878906,102375,0.0,0.0,-0.008190813937199684
2022-12-19,55.223573883117666,55.223573883117666,52.97639052089987,53.380489349365234,195458,0.0,0.0,-0.03215829935681381
2022-12-20,54.19854809157299,54.9771750156436,53.08481076907069,53.49876403808594,199919,0.0,0.0,0.002213240329664038
2022-12-21,55.19400102347513,56.57385255297918,54.454795652625016,55.5882453918457,265333,0.0,0.0,0.03831321354650919
2022-12-22,54.701198587872376,55.78536498389498,54.20839499699064,55.06587219238281,110407,0.0,0.0,-0.009441620274171801
2022-12-27,54.20839739336488,54.59278360967819,52.91725057465191,53.656455993652344,122302,0.0,0.0,-0.02592834758899826
2022-12-28,54.10984103834373,54.10984103834373,53.05031246307889,53.30164337158203,97693,0.0,0.0,-0.006634634042635655
2022-12-29,54.1886841982299,54.711054818744415,53.77473097286968,54.46465301513672,155619,0.0,0.0,0.02158475954409038
2023-01-02,54.878613069805375,54.878613069805375,53.39034398728763,53.59732437133789,121741,0.0,0.0,-0.016052774342445054
2023-01-03,53.38048451808334,54.740623474121094,53.1833623308645,54.740623474121094,133274,0.0,0.0,0.021106944897566707
2023-01-04,55.2531401292523,55.4108371284167,54.25767476719518,54.5533561706543,142020,0.0,0.0,-0.003426858228379096
2023-01-05,54.4252357184927,54.92296469253988,53.49876246027929,54.78990936279297,136327,0.0,0.0,0.004326806228662795
2023-01-08,55.13486597723977,56.54428458840925,54.78990495763597,55.96277618408203,127361,0.0,0.0,0.021180717434859875
2023-01-09,56.021920017402145,56.90896810612443,55.775518188289674,56.52457809448242,144526,0.0,0.0,0.009988795366250984
2023-01-10,55.88393660120568,57.46090683201125,55.88393660120568,57.24407577514648,145067,0.0,0.0,0.012648603085266788
2023-01-11,57.933995979536846,58.59435482664016,57.22436127911027,57.48061752319336,133898,0.0,0.0,0.0041236472538743844
2023-01-12,57.65802597177409,58.30852662721775,57.34263194245555,58.11140441894531,139349,0.0,0.0,0.010914129654610187
2023-01-15,58.64363482821852,59.747513960478095,58.03255934997758,59.48139953613281,99549,0.0,0.0,0.023301716761587613
2023-01-16,59.954486245949994,60.28958907597047,59.41239929199219,59.41239929199219,83728,0.0,0.0,-0.0011607039655111304
2023-01-17,60.28959227374343,60.802108482982874,59.678516845716594,60.112186431884766,179615,0.0,0.0,0.011709643361197048
2023-01-18,60.6739850356265,60.6739850356265,59.42226334864447,60.12204360961914,92148,0.0,0.0,0.00016396624743309374
2023-01-19,60.624696826474946,61.5413118173434,59.96434181143695,61.22591781616211,166331,0.0,0.0,0.018194037115240102
2023-01-22,62.093257071563734,62.43821810693288,61.85670967602967,62.3199462890625,202178,0.0,0.0,0.01771094610671283
2023-01-23,62.66490479668786,64.05460697676276,62.507204042292656,63.98561477661133,122659,0.0,0.0,0.026376749274887472
2023-01-24,63.94619476013183,64.14332071906985,63.078863099563954,63.5716667175293,157505,0.0,0.0,-0.006490409757511827
2023-01-26,63.965906477286374,64.16302490234375,63.20698474968507,64.16302490234375,150974,0.0,0.0,0.009259229458099066
2023-01-29,64.65583412560967,65.46403177019529,64.65583412560967,64.91209411621094,141659,0.0,0.0,0.011606847687247322
2023-01-30,64.5572720457266,66.24265946701279,64.10389363294667,65.8878402709961,181707,0.0,0.0,0.014919950224443437
2023-01-31,66.24265161988407,66.82416371319772,64.1038860391769,64.42913818359375,212212,0.0,0.0,-0.022387919542318845
2023-02-01,66.11452373309852,67.01142225217546,65.30632624048172,66.12437438964844,328060,0.0,0.0,0.025971442057777534
2023-02-02,67.54366694621105,67.93791136943003,66.82417782945433,67.65208435058594,278827,0.0,0.0,0.022840735834053483
2023-02-05,66.82418252149772,67.22827763197009,66.17367804957335,66.22296142578125,136065,0.0,0.0,-0.02135091280496907
2023-02-06,65.93712280400212,66.21309161527826,64.82338186188409,65.0205078125,166808,0.0,0.0,-0.01832452719452762
2023-02-07,65.00079875013124,66.6270523071289,63.07886751341662,66.6270523071289,202443,0.0,0.0,0.02440796092877132
2023-02-08,65.84841508180915,66.6171875,65.33590264287731,66.6171875,150608,0.0,0.0,-0.00014807104849277674
2023-02-09,65.05007826354176,65.68086629968191,63.52238402376034,64.33058166503906,235987,0.0,0.0,-0.03492748754643157
2023-02-12,62.714179368676334,65.12891745953222,62.103100273823046,64.65582275390625,148790,0.0,0.0,0.005043039685198909
2023-02-13,64.41929777778805,65.23735369289697,62.79304412667405,64.11376190185547,356782,0.0,0.0,-0.008419131821373655
2023-02-14,64.06448090984985,66.56792460467759,63.275991983124314,64.52771759033203,359486,0.0,0.0,0.006435826437039746
2023-02-15,62.95073788251052,65.4640357728705,61.2259250887624,62.359375,409541,0.0,0.0,-0.03418083988780392
2023-02-16,62.04397500386227,63.57166543681946,61.31462400965799,62.63533782958984,340916,0.0,0.0,0.004415599215758859
2023-02-19,62.63533736373352,62.63533736373352,60.9598043569098,61.10764694213867,141650,0.0,0.0,-0.024692608022625687
2023-02-20,60.68383820967253,61.93555987098706,60.575420810377,61.37376403808594,122771,0.0,0.0,0.004345435157392814
2023-02-21,60.476857460601295,61.10764545730335,59.71793947713381,60.31916046142578,220076,0.0,0.0,-0.017332642516556137
2023-02-22,60.00376444142201,61.058363792837774,59.63908708828354,60.70354461669922,183262,0.0,0.0,0.006352286499720875
2023-02-23,60.65427293135972,60.80211176752709,59.73765785990711,60.66412734985352,168979,0.0,0.0,-0.0006495513606368464
2023-02-26,59.83621653526138,60.16146873947483,58.93931406881525,59.284278869628906,224720,0.0,0.0,-0.0230083816174271
2023-02-27,60.122042554415394,60.42758215698802,58.929458678227384,60.13189697265625,335376,0.0,0.0,0.01419627336641194
2023-02-28,58.91959670022347,60.42757825976225,58.643627889758385,60.02347946166992,164957,0.0,0.0,-0.0018046223752434445
2023-03-01,59.766675309493614,60.11237806496605,59.05552256809424,59.490116119384766,125564,0.13,0.0,-0.008925626923596762
2023-03-02,60.25065830349259,61.23837401338591,59.06539869805332,59.351837158203125,115118,0.0,0.0,-0.002327107890291801
2023-03-05,60.744513965043865,61.119846976244794,60.02348197499752,60.25065612792969,110349,0.0,0.0,0.0150303871796181
2023-03-06,59.84568684163827,61.0408217831411,59.76666778707482,61.001312255859375,168960,0.0,0.0,0.012381913931473214
2023-03-07,61.139602397173554,61.81124936427456,60.84328467746004,61.67296600341797,161239,0.0,0.0,0.010950306266832993
2023-03-08,61.91001951287425,62.522402183328346,61.53468649712146,61.722354888916016,109879,0.0,0.0,0.0008004985566429369
2023-03-09,60.734629688513714,60.882784757534175,59.58887982271108,60.625980377197266,234056,0.0,0.0,-0.01792266085937684
2023-03-12,59.78642415462976,60.714879231478754,58.45300959970477,60.38893127441406,109346,0.0,0.0,-0.003917689196139198
2023-03-13,59.638278620444005,60.54697531072665,58.78884246432273,60.122257232666016,183528,0.0,0.0,-0.004425721467532866
2023-03-14,60.36917991934157,61.93964796516617,60.16176053558871,61.45566940307617,2233893,0.0,0.0,0.021935982547172935
2023-03-15,60.74450920597689,62.482886998576525,59.67777455282285,62.235958099365234,473982,0.0,0.0,0.012616845017848117
2023-03-16,62.47301920485279,63.845943450927734,62.15695047631049,63.845943450927734,360391,0.0,0.0,0.025540110778253498
2023-03-19,62.89773139946181,63.20392460011004,61.73222665871832,61.82112121582031,166846,0.0,0.0,-0.03222797465595579
2023-03-20,62.86810009878367,64.42869257152103,62.660676957078294,63.70765686035156,203589,0.0,0.0,0.030059683922992436
2023-03-21,65.1892417805981,65.1892417805981,64.10275592472281,64.33980560302734,223117,0.0,0.0,0.009873743161014695
2023-03-22,63.93483601906749,64.53733562029905,63.15453599957448,63.43109893798828,192515,0.0,0.0,-0.014224239700380599
2023-03-23,63.81631349913715,64.73488942343272,63.36196517060115,64.19164276123047,177489,0.0,0.0,0.011918766459258795
2023-03-26,64.57684228131754,64.69537086444544,63.99409370286718,64.36942291259766,138711,0.0,0.0,0.002765693699819814
2023-03-27,64.96205308355283,65.60406974439734,64.30028542598222,64.39905548095703,179109,0.0,0.0,0.0004602456944764801
2023-03-28,63.994098036002015,64.45832559842991,63.37183988770834,64.13237762451172,209398,0.0,0.0,-0.004149619010228925
2023-03-29,64.13237959970682,64.92255516038931,63.559502694995665,63.81631088256836,142443,0.0,0.0,-0.0049405334049717085
2023-03-30,64.25090431788958,64.25090431788958,62.82859140874636,63.08539581298828,193519,0.0,0.0,-0.01151951650221941
2023-04-02,63.80643241460194,64.82377837513872,63.56444689206368,63.82619094848633,153384,0.0,0.0,0.011674324905313468
2023-04-03,63.87557044814118,64.33979801786069,63.38171261408595,63.608890533447266,130657,0.0,0.0,-0.003410373707524156
2023-04-04,64.38918681553523,64.53733813721378,63.480482673762495,63.608890533447266,217300,0.0,0.0,0.0
2023-04-05,63.994098012391255,64.28053645581922,62.226086090615304,62.62117385864258,111395,0.0,0.0,-0.01564978736934888
2023-04-10,63.43109500083147,63.43109500083147,62.65079879760742,62.65079879760742,117083,0.0,0.0,0.0004729699531178062
2023-04-11,63.15453596821064,63.332328850711576,62.22608463327797,62.70018768310547,108024,0.0,0.0,0.0007880095632330473
2023-04-12,62.7001850303433,63.174288060112126,61.77173373469218,63.055763244628906,117470,0.0,0.0,0.005655024775973453
2023-04-13,63.22368015929637,63.45085053627881,62.206330489047374,62.56190872192383,119195,0.0,0.0,-0.007862859728774907
2023-04-16,63.22368033484485,63.87556873981353,62.50264460071214,62.71006774902344,125728,0.0,0.0,0.00236539887617223
2023-04-17,61.75198204776863,61.91989189741676,60.53709226698153,61.68284225463867,238893,0.0,0.0,-0.016516196062958777
2023-04-18,61.29763375924717,61.81124634238122,60.83340620437222,61.68284225463867,210759,0.0,0.0,0.0
2023-04-19,61.86063070205959,62.21620893021982,61.45566744617401,61.77173614501953,172016,0.0,0.0,0.0014401070725175988
2023-04-20,61.44578918543942,62.196455183358665,61.10502985107301,62.028541564941406,111776,0.0,0.0,0.004148711020887627
2023-04-23,62.72982067158005,62.87797952951624,62.06311334653979,62.39399719238281,77463,0.0,0.0,0.005874444968781335
2023-04-25,61.979157322491815,61.979157322491815,60.93217737225658,61.30751037597656,164227,0.0,0.0,-0.017566718102258048
2023-04-26,61.277881243488864,61.64333498742293,60.714883611431745,60.93217849731445,62261,0.0,0.0,-0.006140936084435382
2023-04-27,61.505051275966565,61.890259759692086,60.62598498893426,60.685245513916016,141784,0.0,0.0,-0.004060821461046388
2023-04-30,61.060580582108216,61.228494200234536,59.60863738515515,59.73704147338867,194128,0.0,0.0,-0.01574830807673786
2023-05-01,60.388937871593406,61.42603861292586,59.55925652496016,60.08274841308594,154768,0.0,0.0,0.0057704641163334154
2023-05-02,59.509864807128906,59.57900459759413,58.32460533541142,59.509864807128906,151943,0.0,0.0,-0.009580658412917383
2023-05-03,59.31232389726817,60.07286539822022,59.095029016879145,59.45060348510742,111691,0.0,0.0,-0.0009963196644125782
2023-05-04,59.50986711209438,59.73704125639856,59.02588479225601,59.53949737548828,101097,0.0,0.0,0.0014941395338864862
2023-05-07,59.63827397867173,59.63827397867173,58.54190896797952,59.23331069946289,181242,0.0,0.0,-0.005155849377685284
2023-05-08,59.23330528687306,59.5197399451376,58.65055293659504,59.16416549682617,154593,0.0,0.0,-0.0011680183179432506
2023-05-09,58.561658906156104,59.28269084297462,58.561658906156104,58.97649765014648,127816,0.0,0.0,-0.003177026428203927
2023-05-10,59.46048080293043,59.46048080293043,58.64067503355564,59.035762786865234,142027,0.0,0.0,0.0010043895690416077
2023-05-11,59.22342774253315,60.07286377961407,58.907359045177834,60.06298828125,130247,0.0,0.0,0.017250407048437277
2023-05-14,59.440728785663296,59.6580274368101,58.47276788993804,59.46048355102539,118094,0.0,0.0,-0.010081866337999316
2023-05-15,59.608639777021914,60.2901660075932,58.59129383239512,59.08515167236328,208331,0.0,0.0,-0.006332297804559704
2023-05-16,58.58141512683175,59.24318278760401,58.29497669104849,58.897483825683594,127613,0.0,0.0,-0.0031812817905391266
2023-05-17,58.70981882548343,59.43579045514915,58.02335672740792,59.23331069946289,176819,0.0,0.0,0.0056856940617665535
2023-05-18,59.63827075062825,60.06298877264346,58.72957041242033,59.82593536376953,108207,0.0,0.0,0.00995520429176421
2023-05-21,59.66790687812717,59.855571509712654,58.91230495032279,59.608642578125,113279,0.0,0.0,-0.003638695411951084
2023-05-22,59.92470381976286,60.76920397594342,59.430846018309715,59.75679397583008,159294,0.0,0.0,0.002482317797457666
2023-05-23,59.717284488069666,59.75679401649344,59.07527160644531,59.07527160644531,138330,0.0,0.0,-0.01147047033895623
2023-05-24,58.294977220928665,59.25306259243976,58.26534695759076,58.709815979003906,145043,0.0,0.0,-0.006205485052154839
2023-05-25,58.275229702042715,59.2234359251172,58.1171953315303,59.1444206237793,199792,0.0,0.0,0.007375324423506347
2023-05-28,60.00372729943665,60.45807560598295,59.51974496049035,59.56913375854492,160136,0.0,0.0,0.007155289874330133
2023-05-29,59.756797708251206,60.24078004175276,59.41109873277598,59.65802764892578,69625,0.0,0.0,0.0014911687203384943
2023-05-30,59.22342923559498,59.30244829584397,57.88013535405155,58.62092208862305,563138,0.0,0.0,-0.017537053591830144
2023-05-31,59.17404283550946,61.21861387411732,59.1345333063006,60.892669677734375,153417,0.0,0.0,0.038021135840363186
2023-06-01,61.17910486893154,62.20633003014419,60.79389637543583,61.38652801513672,204427,0.0,0.0,0.008077596712639554
2023-06-04,62.22609442693455,64.41882467435332,62.19646415910566,64.33980560302734,277932,0.0,0.0,0.0469881027606214
2023-06-05,64.45833068907424,64.68550108713583,62.245845794677734,62.245845794677734,226006,0.0,0.0,-0.03308670150886825
2023-06-06,62.453258775830555,63.27306078870848,62.127314577502446,62.70018768310547,112822,0.0,0.0,0.007272642089414164
2023-06-07,61.48529563631079,62.640921071034406,61.48529563631079,61.98902893066406,141239,0.0,0.0,-0.011407024329474321
2023-06-08,62.719938214968465,62.719938214968465,61.70259239136227,62.30509948730469,120250,0.0,0.0,0.005085859516496046
2023-06-12,62.48289239630263,64.5472183227539,62.4236318667876,64.5472183227539,178399,0.0,0.0,0.03535374681843094
2023-06-13,64.93241544431051,64.93241544431051,63.663204933938474,63.96445846557617,171666,0.0,0.0,-0.009069430362924985
2023-06-14,63.97434066767885,65.70284309119137,63.97434066767885,65.31763458251953,175284,0.0,0.0,0.020934462058721355
2023-06-15,65.8510104738659,68.45857957891074,65.64359106047296,67.9647216796875,473362,0.0,0.0,0.03972671703869792
2023-06-18,68.15238059061474,68.40918877239375,67.08564586846113,67.64864349365234,153947,0.0,0.0,-0.004661469140261681
2023-06-19,68.5079540933811,69.03144215165831,67.50047996913236,68.95242309570312,226455,0.0,0.0,0.01908944383159696
2023-06-20,69.14009092310063,70.11792724188207,68.45856475830078,68.45856475830078,151893,0.0,0.0,-0.007188078210075691
2023-06-21,67.72765555047954,67.93013904854988,65.72259417226736,66.19669342041016,189490,0.0,0.0,-0.03359815484323555
2023-06-22,66.1769488957057,66.40412681208832,63.93483767418886,64.32991790771484,132407,0.0,0.0,-0.028605704053238454
2023-06-25,64.00397253724975,64.91266906142219,63.766915372592024,64.6558609008789,156671,0.0,0.0,0.005053947651509989
2023-06-26,64.38919986590099,64.67563837198892,63.71755277402995,64.50772094726562,175471,0.0,0.0,-0.002293835715130442
2023-06-27,64.96205831579472,66.10781214566707,64.4978382664562,64.95218658447266,199723,0.0,0.0,0.006866486961239455
2023-06-28,65.98927813488075,65.98927813488075,64.44844417970069,65.66333770751953,251970,0.0,0.0,0.01088933576779566
2023-06-29,65.09047215616557,65.45592217612882,64.24103597276289,64.83366394042969,149294,0.0,0.0,-0.01271577025986946
2023-07-02,65.89050187759085,66.31521985547108,64.94229587630109,65.00155639648438,150481,0.0,0.0,0.0025862404546319164
2023-07-03,64.36943181692607,65.30776627456142,64.20152195268822,64.8731689453125,130393,0.0,0.0,-0.001977097432241503
2023-07-04,64.31016362353323,64.52746226227023,63.263187493988056,63.411338806152344,97281,0.0,0.0,-0.022791425762893353
2023-07-05,62.98662217956527,63.90519419075554,62.581658947681184,63.282936096191406,98229,0.0,0.0,-0.002026970106154164
2023-07-06,62.324854876540954,62.67055760846745,61.307508981215456,62.16682052612305,133302,0.0,0.0,-0.017794295505240938
2023-07-09,62.12731504464277,62.14706604167749,61.18898443637549,61.68284225463867,132734,0.0,0.0,-0.007815616517967444
2023-07-10,62.482889298494264,62.94711685180664,61.426033872395294,62.94711685180664,99489,0.0,0.0,0.02028914998897963
2023-07-11,63.36195643311617,63.95458427836821,62.89772890137263,63.055763244628906,103417,0.0,0.0,0.0017245069265817553
2023-07-12,64.04349223955111,64.33981000948081,63.8459520833806,64.1027603149414,108154,0.0,0.0,0.016467959873714372
2023-07-13,64.20151492822906,64.87316184736665,63.213799313948606,64.68549346923828,111796,0.0,0.0,0.00904953851051578
2023-07-16,65.24849382238133,65.68309112242609,64.6756244690261,65.11021423339844,262619,0.0,0.0,0.0065444734279811925
2023-07-17,65.12997348392284,65.63370304833538,64.52746632428666,65.02132415771484,56723,0.0,0.0,-0.0013661575142791017
2023-07-18,65.14972590885795,65.33739430108727,64.75463812632536,64.94230651855469,68591,0.0,0.0,-0.0012159963289049996
2023-07-19,64.94229356908603,65.68308018774482,64.6756137020642,64.971923828125,57779,0.0,0.0,0.0004559517460770295
2023-07-20,64.8336466240392,66.24608012983012,64.35460399033474,65.6830825805664,152801,0.0,0.0,0.010886161888058642
2023-07-23,65.69297835480317,66.53253525705195,65.19912046693057,66.18683624267578,127282,0.0,0.0,0.007640197507574043
2023-07-24,66.67081318008998,67.06590098755107,65.08059021842213,66.06830596923828,91405,0.0,0.0,-0.0017924490978627962
2023-07-25,66.39425093705495,66.858478524401,65.68309442330549,66.1275634765625,90237,0.0,0.0,0.0008965107842109073
2023-07-26,66.91773171056545,67.95483610189835,66.40412291571508,67.10540008544922,148881,0.0,0.0,0.014678862354633948
2023-07-27,68.0338368769332,69.01168058940299,66.85846062616272,68.42892456054688,207410,0.0,0.0,0.019531090021777754
2023-07-30,69.10059482731756,69.6833510540673,67.53013035963173,67.9449691772461,257739,0.0,0.0,-0.007097508205180899
2023-07-31,67.76717488036329,68.8734191788462,67.51036668799402,68.17213439941406,152792,0.0,0.0,0.0033377941066972967
2023-08-01,69.4857895670324,70.7204340424085,69.06107156607615,70.20682525634766,225618,0.0,0.0,0.029409637343189274
2023-08-02,68.74501070808249,69.28825735336262,67.65358908757337,69.04132843017578,135461,0.0,0.0,-0.01674024413270118
2023-08-03,68.79439525428931,69.37714385986328,68.27090717520159,69.37714385986328,152674,0.0,0.0,0.004852186026808792
2023-08-06,69.83148462424313,70.29571212684024,69.4364044426614,70.15743255615234,118513,0.0,0.0,0.011184279195167075
2023-08-07,69.98954369068647,70.6216812133789,69.8512640785771,70.6216812133789,126870,0.0,0.0,0.006595443424681226
2023-08-08,69.67346075518257,70.15743929910623,69.33763352575545,70.04878997802734,132299,0.0,0.0,-0.0081451977494975
2023-08-09,69.8907676674513,69.8907676674513,68.40919406179565,69.08084106445312,108452,0.0,0.0,-0.013914570515933812
2023-08-10,68.92280125011082,69.53518770503685,68.07336513404398,68.18201446533203,128734,0.0,0.0,-0.01309661587534784
2023-08-13,67.83630780173948,68.76476287841797,67.23380068206582,68.76476287841797,173204,0.0,0.0,0.008510633719174873
2023-08-14,73.14035346661939,74.06880113676021,71.23406178945937,71.61927032470703,314674,0.0,0.0,0.040672730096640776
2023-08-15,72.40942479820505,72.57734216937,68.44869085530897,69.209228515625,302938,0.0,0.0,-0.034229962584180124
2023-08-16,68.41906211895835,70.00928497314453,68.1029934014869,70.00928497314453,188393,0.0,0.0,0.011493661942270193
2023-08-17,68.8931697272584,69.73272656088614,67.90545403224394,69.2388687133789,234595,0.0,0.0,-0.011065484180350922
2023-08-20,70.12781160339202,70.8093378177134,69.3277643331347,70.27597045898438,138949,0.0,0.0,0.014867534599352212
2023-08-21,70.32535182389252,71.83656311035156,70.1574419706212,71.83656311035156,151500,0.0,0.0,0.021963655812370992
2023-08-22,71.18466869549084,71.64889627040273,70.50314246545659,71.17478942871094,110320,0.0,0.0,-0.00925490729898895
2023-08-23,71.77730375088248,72.57735865501031,71.2241853268323,72.24153137207031,114455,0.0,0.0,0.014876432620261492
2023-08-24,71.02663552228003,71.9254528390759,70.64141948859914,71.62913513183594,101987,0.0,0.0,-0.008513200831114488
2023-08-27,72.24151850785888,72.36991882324219,70.90810395265446,72.36991882324219,61173,0.0,0.0,0.010288820738534193
2023-08-28,72.3699205005586,73.54530450527713,71.91557221751188,73.16997528076172,134395,0.0,0.0,0.010994435876231744
2023-08-29,73.930512996027,73.930512996027,72.42918856229318,73.16997528076172,113012,0.0,0.0,0.0
2023-08-30,73.83174521151955,73.98978333344289,72.00447275689736,72.4193115234375,405434,0.0,0.0,-0.010312165489227903
2023-08-31,72.59709565384885,73.00206266169351,71.41183996356497,72.06372833251953,98555,0.0,0.0,-0.0049221543121308045
2023-09-03,72.16250132101449,72.597098608453,71.54024318864117,71.90570068359375,78177,0.0,0.0,-0.0021952953966859244
2023-09-04,71.1945491151851,72.26128387451172,70.69081200066874,72.26128387451172,113959,0.0,0.0,0.004932945127062012
2023-09-05,72.28107883936171,72.95429010125825,71.92467243287393,72.23157501220703,113597,0.17,0.0,-0.00041121565387007287
2023-09-06,72.0731824821291,72.56819058282167,71.59797138204559,72.43948364257812,105855,0.0,0.0,0.0028742275813180887
2023-09-07,72.76619408814604,72.76619408814604,71.81577939827964,72.14248657226562,75441,0.0,0.0,-0.0041083613345854605
2023-09-10,71.77616957695709,72.46917784813479,71.59796637105087,72.13257598876953,105642,0.0,0.0,-0.00013738456716999483
2023-09-11,72.46918185896662,72.83549056727614,70.04364522237883,71.61776733398438,221138,0.0,0.0,-0.007162568711741511
2023-09-12,71.10295555605477,71.85536990226083,70.57824823484567,70.82575225830078,77462,0.0,0.0,-0.01112052327894792
2023-09-13,70.588149813759,71.91476774083327,70.588149813759,71.39006042480469,146791,0.0,0.0,0.00793598289140093
2023-09-14,72.48899097010514,73.0334953751941,72.25138918521587,72.6077880859375,260780,0.0,0.0,0.016913540069965885
2023-09-17,71.8355704857508,71.99397669763296,70.1822453036562,70.21194458007812,92935,0.0,0.0,-0.03355374271716246
2023-09-18,70.20205194240478,70.85545870277117,69.96444261752232,70.5881576538086,72324,0.0,0.0,0.0053439445437543295
2023-09-19,70.39015065874233,71.44946769587138,70.28124827194385,71.29106903076172,147510,0.0,0.0,0.009908668724189554
2023-09-20,70.60794863058344,71.92467186905122,70.42974542873648,71.64746856689453,145365,0.0,0.0,0.004986762572154297
2023-09-21,71.03365561591367,71.3306634690466,70.33074508693744,70.95445251464844,295849,0.0,0.0,-0.009719665806185242
2023-09-24,70.78615828115609,70.97426377613776,70.17234551815879,70.47925567626953,71672,0.0,0.0,-0.006719736512269213
2023-09-25,74.09280035756687,79.3596931937784,73.82055197610282,79.21118927001953,334569,0.0,0.0,0.1167991467105707
2023-09-26,78.75578728631191,79.9042020858188,78.29047849005808,79.85470581054688,362426,0.0,0.0,0.008091238552637383
2023-09-27,79.28048997372385,81.42882306740957,79.28048997372385,80.35960388183594,339005,0.0,0.0,0.0063028045833722415
2023-09-28,80.0824014693199,82.97324665932595,79.82499516923833,82.55744171142578,181068,0.0,0.0,0.026982703591323515
2023-10-01,83.06235672419498,83.70586873411041,82.0723405714709,82.97325134277344,178250,0.0,0.0,0.0050239686461827325
2023-10-02,82.38915528602038,83.16136676893021,81.25063506365794,81.85454559326172,291647,0.0,0.0,-0.013574444947993989
2023-10-03,81.18133116821491,81.87433951055624,79.61710370610227,81.57733917236328,260095,0.0,0.0,-0.0033923207473643964
2023-10-04,82.28023568428745,82.60694279818493,81.18131724897637,82.17133331298828,226607,0.0,0.0,0.0072549809045953755
2023-10-05,82.01292419433594,82.65643612365415,81.33972054589441,82.01292419433594,111285,0.0,0.0,-0.00192965111529051
2023-10-08,82.4683568834534,82.55745472066184,81.56743846781474,82.06244659423828,93870,0.0,0.0,0.000603654298243076
2023-10-09,83.65636244829221,83.65636244829221,82.07233816109945,82.70594787597656,135115,0.0,0.0,0.00781101928655966
2023-10-10,81.57733429852321,82.71585440996972,80.19131014342418,82.30994415283203,172474,0.0,0.0,-0.004799592069266017
2023-10-11,82.14164521978347,83.36926319134535,81.07242591234692,82.68614959716797,248291,0.0,0.0,0.004560181853111411
2023-10-12,82.37924504367837,84.11177335052388,81.31992803819323,82.65644836425781,141256,0.0,0.0,-0.0003592689796316622
2023-10-15,82.00305258460327,83.18116685464565,80.9635324401644,81.4387435913086,142629,0.0,0.0,-0.01484171609179206
2023-10-16,82.16143175884082,82.17133403447036,80.10220406806518,80.45860290527344,115913,0.0,0.0,-0.012108322739140946
2023-10-17,80.93383585194225,81.18133993711639,78.40929116187597,79.51811218261719,115530,0.0,0.0,-0.011757980620616336
2023-10-18,78.37958099731908,79.1517924273263,76.81535358343442,78.77558898925781,175223,0.0,0.0,-0.009381657437829375
2023-10-19,77.62717323744413,78.30037699688448,76.95396192477965,77.37966918945312,94309,0.0,0.0,-0.017879090349985576
2023-10-22,76.21144535583446,78.99833563820887,76.0728361480412,78.57758331298828,82723,0.0,0.0,0.015362385057257412
2023-10-23,78.62709119385656,78.96864801918552,76.88466797829187,77.02326965332031,101875,0.0,0.0,-0.01997887968838301
2023-10-24,77.02325333479799,77.73605856111527,76.10253808676208,76.54804229736328,127605,0.0,0.0,-0.006189031881670352
2023-10-25,76.0035414425009,76.65695576943592,74.17201295683273,75.10263061523438,170179,0.0,0.0,-0.019062961285483015
2023-10-26,75.1026264947888,77.77566710524763,74.00370795303431,75.27092742919922,115148,0.0,0.0,0.0022383840140847034
2023-10-29,74.44920853103227,76.12233817576889,73.756200274574,75.330322265625,95824,0.0,0.0,0.0007887695437526999
2023-10-30,75.43923761343395,76.43915617244542,73.65721283903676,73.79581451416016,243766,0.0,0.0,-0.020580723782161654
2023-10-31,74.81551641660867,77.61726379394531,74.20170371510581,77.61726379394531,324771,0.0,0.0,0.05048785791963901
2023-11-01,78.6072861547716,79.51809922704314,78.04297723464424,79.09239196777344,197855,0.0,0.0,0.01882681367482036
2023-11-02,80.28041067384562,81.55753248843597,79.79530484687268,80.85462188720703,118951,0.0,0.0,0.022036062896088743
2023-11-05,81.18132580028018,82.16143969199061,80.65661843959907,80.80512237548828,98005,0.0,0.0,-0.0006123913345460729
2023-11-06,80.63680150518266,83.45835319417519,80.63680150518266,83.26034545898438,151407,0.0,0.0,0.029932031663428112
2023-11-07,83.65635768707843,84.6364714788056,83.65635768707843,84.35926818847656,135443,0.0,0.0,0.013112289791695661
2023-11-08,84.9730926210111,85.38889761400986,83.3395643734026,84.76519012451172,164247,0.0,0.0,0.0048002839984976
2023-11-09,83.42865627759417,84.80478565263574,83.3593554503524,84.32957458496094,81732,0.0,0.0,-0.005152335780157918
2023-11-12,85.43839359566286,85.88389782534063,84.41867065429688,84.41867065429688,98450,0.0,0.0,0.0010559644930063633
2023-11-13,85.85419466485624,85.98289403459493,84.08701235711852,84.70577239990234,124244,0.0,0.0,0.0033951570359436888
2023-11-14,86.0324123389835,87.47783513581147,85.78490828021384,86.41851806640625,187942,0.0,0.0,0.020018231860745316
2023-11-15,85.63638825636679,87.02241223590057,84.64637220716024,86.86400604248047,140932,0.0,0.0,0.005141764408608228
2023-11-16,87.05211366007957,87.29961767849748,86.07199986204711,86.66600799560547,162403,0.0,0.0,-0.0022820044578014125
2023-11-19,87.40852103608825,87.80452898066518,84.94338309976236,87.1412124633789,178869,0.0,0.0,0.005468192295046155
2023-11-20,87.21052118206232,88.49754523014148,86.76501692484783,88.18074035644531,2299101,0.0,0.0,0.011858641299521498
2023-11-21,86.80461922206187,88.06193645097352,85.90370087004149,87.6164321899414,290409,0.0,0.0,-0.006420013434414538
2023-11-22,88.11143851167635,88.60644659320263,87.70552825927734,87.70552825927734,115895,0.0,0.0,0.0010163709871532046
2023-11-23,88.02233775941274,89.00245161338343,87.20062255859375,87.20062255859375,174050,0.0,0.0,-0.005773463092274753
2023-11-26,87.08181492990019,87.91343237852315,85.88389635968504,86.12149810791016,113220,0.0,0.0,-0.012452402391493004
2023-11-27,86.14130739767991,87.78473028036338,86.14130739767991,86.53731536865234,116857,0.0,0.0,0.004816644528996726
2023-11-28,86.74521299955634,88.19063559247768,86.54720524853902,87.84413146972656,131904,0.0,0.0,0.014988298230837492
2023-11-29,87.62633623024686,88.24014144195802,87.01252346531152,87.52733612060547,230414,0.0,0.0,-0.0036128533114350788
2023-11-30,86.666011594124,87.74512553368561,86.40860528937891,87.18081665039062,125904,0.0,0.0,-0.00396684320813577
2023-12-03,87.83423119210539,88.09163749767224,86.57690649251707,87.29962158203125,118459,0.0,0.0,0.0013618139798920758
2023-12-04,87.11151767843951,88.48763950301155,86.69571271415667,88.35894012451172,209134,0.0,0.0,0.012061255359140174
2023-12-05,88.5668474764613,89.03215629441085,88.01738818872447,88.54705047607422,164160,0.0,0.0,0.0021266710281721128
2023-12-06,88.26983770632107,89.70535800734133,87.85402521044375,88.28963470458984,164264,0.0,0.0,-0.0029113410833358083
2023-12-07,88.10152923153161,88.96284594407776,87.68572428887761,88.28963470458984,124059,0.0,0.0,0.0
2023-12-10,88.56684037442187,89.8241650650657,88.28963707188659,89.70536041259766,174660,0.0,0.0,0.01590781316149692
2023-12-11,89.70536994585628,91.07158960492536,89.46776816889302,90.6557846069336,214684,0.0,0.0,0.010539221089941734
2023-12-12,90.7646866797447,91.47749956138324,89.69546735728693,91.45769500732422,275568,0.0,0.0,0.008806768011250625
2023-12-13,92.05170750645532,93.06152068407673,91.42799248057314,92.32891082763672,186876,0.0,0.0,0.009480803480321704
2023-12-14,92.972419390306,94.72474463576864,92.50711059570312,92.50711059570312,756491,0.0,0.0,0.0019281936703177888
2023-12-17,92.95261127932204,93.58622098079948,90.76467659871648,90.84387969970705,192322,0.0,0.0,-0.018143087387747225
2023-12-18,92.24970859113654,93.41792799372728,91.38839178943202,92.45761108398438,269807,0.0,0.0,0.017607855453236444
2023-12-19,94.05152480512176,94.15052489953516,91.96259033413963,92.15069580078124,172667,0.0,0.0,-0.003325046106015156
2023-12-20,92.4080983483308,93.0021140457662,91.62599228293932,92.43780517578124,176726,0.0,0.0,0.00311080706559385
2023-12-21,92.16059766179822,93.88323116156496,91.74479270111948,93.75452423095705,89025,0.0,0.0,0.014143880255761108
2023-12-26,94.54653128674154,95.21974249227344,93.61591379735904,94.65543365478516,132659,0.0,0.0,0.009563361726737517
2023-12-27,95.0415519753886,95.72466554724336,94.6158447217032,95.53656005859376,89248,0.0,0.0,0.009265718189085014
2023-12-28,95.53656190015948,95.78406594653292,94.33864322209875,94.87325286865234,158397,0.0,0.0,-0.006967181605916448
2024-01-01,94.53664376252276,95.67021652861112,94.5069444853718,95.33856201171876,76489,0.0,0.0,0.00489254646494515
2024-01-02,93.74464139114748,93.95254389784073,92.95262536764734,93.01202392578124,96023,0.0,0.0,-0.024705592603896046
2024-01-03,92.8635123823426,92.8635123823426,90.24987050564972,90.36866760253906,159365,0.0,0.0,-0.028831164318262645
2024-01-04,91.08148906415546,91.18048917205864,88.84405037006803,89.57666778564453,120334,0.0,0.0,-0.008802728110597296
2024-01-07,89.33904863370473,89.56675565473134,88.57673957817319,88.85394287109375,75837,0.0,0.0,-0.008100951561094754
2024-01-08,90.58647387960684,91.70518936245682,89.70041278638857,91.08148193359376,160611,0.0,0.0,0.02476058141316417
2024-01-09,91.30918952679616,92.9724169006119,91.2101818728074,91.66558837890624,104235,0.0,0.0,0.006392534046246184
2024-01-10,93.95252599759294,94.0416238178185,92.04179469167256,93.31891632080078,124010,0.0,0.0,0.017875788788240157
2024-01-11,92.05170384555662,94.50199227675198,92.0418015692728,94.229736328125,77453,0.0,0.0,0.009712969463086736
2024-01-14,94.318834228537,95.03164705705288,93.94263081491972,94.57624053955078,15230,0.0,0.0,0.0036704833840107615
2024-01-15,95.5167656365742,95.65536729935444,94.27924539516204,95.22966003417967,106954,0.0,0.0,0.006885160829615273
2024-01-16,94.48714131378088,96.4770682851672,94.39803593492368,95.13064575195312,163513,0.0,0.0,-0.0010402829596957068
2024-01-17,94.95245307113292,95.93751431149732,94.37824188834104,95.63555908203124,133780,0.0,0.0,0.005293542528212472
2024-01-18,96.81367763236416,99.15011628829711,96.03156398834032,98.69470977783205,263233,0.0,0.0,0.031486638170623485
2024-01-21,98.8036038427922,99.64511596639886,98.57589683010607,99.2590103149414,194000,0.0,0.0,0.005701353482151673
2024-01-22,98.71450842492628,100.85294691313172,98.54620749387963,100.10053253173828,193314,0.0,0.0,0.008442306828093724
2024-01-23,98.61550497269424,99.96192748179172,97.42748866618396,99.70452117919922,224149,0.0,0.0,-0.003963982529299848
2024-01-24,99.72432182300363,99.94211901319052,98.05119225155649,99.07090759277344,231905,0.0,0.0,-0.006375191705925214
2024-01-28,98.59570089747837,100.3826802804795,98.54620462384815,99.94212341308594,164758,0.0,0.0,0.008755420500149875
2024-01-29,100.74404079684602,101.08064264645463,99.96192716877351,100.15992736816406,172347,0.0,0.0,0.0021769296240850863
2024-01-30,100.28863701106926,101.13014921109888,99.76392211735266,100.54603576660156,300309,0.0,0.0,0.003847507754268079
2024-01-31,100.971743662511,101.45685700779286,97.52649173675788,99.63522338867188,175075,0.0,0.0,-0.009099939395377926
2024-02-01,100.15992926933508,104.51600171762216,100.15992926933508,103.75369262695312,344983,0.0,0.0,0.04050399951022323
2024-02-04,106.4267403577844,109.30769109441246,106.34753724986064,107.5454559326172,326185,0.0,0.0,0.035893854015868316
2024-02-05,107.1296508901002,108.2087724636336,105.43672411353737,107.1989517211914,197759,0.0,0.0,-0.0032271342097407955
2024-02-06,106.83264862474311,107.76325868917397,106.16438468811243,106.24853515625,228655,0.0,0.0,-0.008905448923878128
2024-02-07,106.50593808121194,107.5256534961995,105.15951552747389,105.85252380371094,252084,0.0,0.0,-0.003734180438790932
2024-02-08,105.9020253947762,106.46633428014064,104.96150555035304,105.70401763916016,128243,0.0,0.0,-0.001403938520932559
2024-02-11,106.03073522028936,110.76796643927794,105.8178853594024,110.2383041381836,172653,0.0,0.0,0.04200152180005969
2024-02-12,108.33747865283794,110.24821031946358,105.8525357478384,106.7237548828125,698860,0.0,0.0,-0.03240065780261235
2024-02-13,105.4367268435269,108.40677548700651,104.95162101332802,107.01084899902344,409073,0.0,0.0,0.0026864558537642446
2024-02-14,101.67465307969388,105.23871717449808,92.8437110519537,93.06151580810548,711432,0.0,0.0,-0.1396694870492489
2024-02-15,91.1507909703472,91.57649823725475,84.82458807475587,86.36901092529297,1072046,0.0,0.0,-0.07463179316057134
2024-02-18,86.10170798585114,88.84404946837967,84.76518765966252,86.6858139038086,509302,0.0,0.0,0.0036613059789346912
2024-02-19,85.43840261683448,93.88323974609376,84.74538673244471,93.88323974609376,663302,0.0,0.0,0.07976163222057979
2024-02-20,93.28922519653784,95.04155045972048,92.06159973144533,92.06159973144533,541867,0.0,0.0,-0.019593964535433325
2024-02-21,91.7744885299612,93.91787427139067,91.130984113982,93.58621978759766,418491,0.0,0.0,0.01642523286294798
2024-02-22,94.05152691975356,98.96200573465076,94.05152691975356,97.2393798828125,425007,0.0,0.0,0.03829262409200834
2024-02-25,98.0115967566587,99.38771857150944,96.80377587093966,98.35810089111328,299463,0.0,0.0,0.011439137180374627
2024-02-26,97.93239166877564,100.25892801378843,96.64537525928216,98.9026107788086,294724,0.0,0.0,0.005520727022312344
2024-02-27,97.41759453540357,100.98165130615234,97.03148882584384,100.98165130615234,306499,0.0,0.0,0.020803193652933618
2024-02-28,100.39650829644695,102.96517944335938,99.781610451669,102.96517944335938,359677,0.18,0.0,0.01945203731542285
2024-02-29,101.1601721251631,103.52057341744916,100.86263918051708,102.53872680664062,302040,0.0,0.0,-0.004150317691206054
2024-03-03,102.5486352043576,103.48089036536794,98.78984008274126,98.8890151977539,251567,0.0,0.0,-0.036242387055516745
2024-03-04,98.77992493764822,99.831202392539,97.039377752766,99.6229248046875,335420,0.0,0.0,0.007394144157750347
2024-03-05,99.047701033227,99.047701033227,97.17326337075995,98.70057678222656,233896,0.0,0.0,-0.009301516613641415
2024-03-06,99.16671523847488,99.16671523847488,96.52862068154636,97.56005859375,230151,0.0,0.0,-0.011622616274434214
2024-03-07,98.67083278126084,101.16016845703123,98.4328109741211,100.41634368896484,234777,0.0,0.0,0.028856805816646066
2024-03-10,97.97660006506923,99.39482626908492,97.27244685420509,98.31379699707033,200765,0.0,0.0,-0.02116060642889693
2024-03-11,98.06585617095466,98.84935251307606,97.252608048316,98.690673828125,167581,0.0,0.0,0.003826078557815382
2024-03-12,99.4245697448377,101.09073740083068,98.97827794468338,99.4146499633789,238983,0.0,0.0,0.007309034854949266
2024-03-13,99.14687518921453,99.6328385427098,98.09560536467238,98.61132049560548,211180,0.0,0.0,-0.008113419393181664
2024-03-14,97.31210832790572,98.0658452389089,95.29881646060802,96.46910095214844,1441006,0.0,0.0,-0.02196330766306617
2024-03-17,96.45919104077872,98.72537306839516,96.11207435418908,98.60140228271484,315989,0.0,0.0,0.02186272375793807
2024-03-18,98.29396516662771,98.373308291908,95.70545434532944,96.31043243408205,462859,0.0,0.0,-0.023508837856337363
2024-03-19,96.64762680358788,96.87573639107504,95.20956863725992,95.22940063476562,248302,0.0,0.0,-0.011287921269141037
2024-03-20,95.1599837567836,96.20134151111208,94.77319546325069,95.66578674316406,344845,0.0,0.0,0.0045720049263556
2024-03-21,95.39800862173436,96.02281870477648,94.78311075436024,95.40792083740234,282756,0.0,0.0,-0.002699126589200404
2024-03-24,95.27898691699392,99.07745361328124,94.9120306667303,99.07745361328124,262041,0.0,0.0,0.03774030132749668
2024-03-25,97.84767291895598,100.65436597316403,97.42121308058026,99.84111785888672,355968,0.0,0.0,0.007678197080849518
2024-03-26,100.5254398680472,102.21143967040838,100.4361769601276,101.69572448730467,287245,0.0,0.0,0.018405160669598526
2024-03-27,101.43785430516104,103.03459862754288,100.75353314797565,102.895751953125,202397,0.0,0.0,0.011731097002145618
2024-04-01,102.89575204395112,105.56360577126256,102.1519273303804,104.13545989990234,357010,0.0,0.0,0.011976191929416081
2024-04-02,101.25933989576534,101.55687281879874,96.52861787225476,101.01139831542967,363582,0.0,0.0,-0.03045918558099801
2024-04-03,101.7948935515138,104.35365244976656,101.62133142046537,103.68917083740234,349159,0.0,0.0,0.026164316903177526
2024-04-04,103.8180981823121,107.62647720088891,103.68917128529804,104.11563110351562,295294,0.0,0.0,0.004104437056539591
2024-04-07,105.51401357964929,108.10252416733071,105.08755377797748,107.28927612304688,291435,0.0,0.0,0.030026582665178245
2024-04-08,106.039660231961,109.36207611352584,105.89089376066588,109.07447052001952,192757,0.0,0.0,0.016502163016721094
2024-04-09,109.29264315444068,110.78029260336632,108.89594268798828,108.89594268798828,240385,0.0,0.0,-0.0016380927055626709
2024-04-10,107.82484419771288,108.8959537254834,103.79827503579952,107.11077117919922,296555,0.0,0.0,-0.016529228386817217
2024-04-11,107.1107681783335,108.07278276984675,105.99007490191676,106.60496520996094,217770,0.0,0.0,-0.004733455029478321
2024-04-14,105.12723326585366,106.04957627547186,103.98670044823896,105.47434997558594,243734,0.0,0.0,-0.010662293439458058
2024-04-15,104.40324426610046,105.6429522502768,101.16017150878906,101.16017150878906,280336,0.0,0.0,-0.041762677940838225
2024-04-16,102.7370753555802,103.33214123500764,97.99643328444444,99.35515594482422,401089,0.0,0.0,-0.018004252792804838
2024-04-17,98.48240620752574,101.32877092311548,98.48240620752574,101.24942779541016,377407,0.0,0.0,0.01888619013879353
2024-04-18,100.4956750326165,102.53871106809969,99.0278576664078,102.11225128173828,397428,0.0,0.0,0.008485656369832579
2024-04-21,102.62798385931312,103.2428741455078,101.53703483559352,103.2428741455078,180193,0.0,0.0,0.011011502982428761
2024-04-22,104.11563576312336,106.3272705078125,103.35197142892616,106.3272705078125,204372,0.0,0.0,0.029437581403702652
2024-04-23,107.3983817591418,109.34224294800602,106.82315544511486,107.03142547607422,149936,0.0,0.0,0.006600692056457292
2024-04-25,107.09092626633849,109.4959549559013,106.09915998612875,108.4793930053711,201691,0.0,0.0,0.01343774134472399
2024-04-28,109.55050852987578,110.97865447454194,109.2430633871233,110.730712890625,136918,0.0,0.0,0.02054101506312644
2024-04-29,109.56042826361742,111.4447858138716,109.17363999820348,110.49269104003906,230753,0.0,0.0,-0.0021518694514623205
2024-04-30,108.89594600443117,110.26458081515725,108.29096793811723,108.35047149658205,188429,0.0,0.0,-0.019578294756568464
2024-05-01,108.63809007335728,111.6629729896314,108.4893236031786,111.17700958251952,197384,0.0,0.0,0.025752532502892563
2024-05-02,111.1770054990474,112.9919397220965,111.13733393735174,112.58531188964844,142690,0.0,0.0,0.012587650084675467
2024-05-05,113.50764960984796,113.50764960984796,109.3124824128598,110.94889831542967,243672,0.0,0.0,-0.014641542396820943
2024-05-06,111.22659485437158,113.00185748398798,110.83980659297448,112.16876983642578,139623,0.0,0.0,0.010934890869616447
2024-05-07,115.0250667489224,115.33251190185548,112.6646579492627,115.33251190185548,335036,0.0,0.0,0.02781475348607671
2024-05-08,114.46966857503686,116.90941285126095,113.77543516713529,116.21517944335938,266541,0.0,0.0,0.007624103802864216
2024-05-09,116.03666290088856,116.80031966077158,113.9638748622227,114.20189666748048,169256,0.0,0.0,-0.017475562548197886
2024-05-12,113.96386918183596,114.82670102035488,112.00016857825152,112.37703704833984,231087,0.0,0.0,-0.01610828551545291
2024-05-13,111.90100039567194,112.80350385011091,111.07783249956282,112.23819732666016,256137,0.0,0.0,-0.0012362450814917803
2024-05-14,117.27636116005316,119.73594483333764,114.74735415069009,115.5010986328125,392775,0.0,0.0,0.028656667105286686
2024-05-15,117.4747219670194,120.7624298619749,117.0978534753046,118.77394104003906,355507,0.0,0.0,0.027941989463647437
2024-05-16,117.5243093456427,118.39706098643605,115.93748474121094,115.93748474121094,231370,0.0,0.0,-0.024170910163110904
2024-05-19,116.53254695306612,118.10945182881456,115.05481719970705,115.05481719970705,200290,0.0,0.0,-0.007642435096173904
2024-05-20,114.95563957711724,116.29452261669611,111.26626759848986,111.7323989868164,375566,0.0,0.0,-0.029301968478350066
2024-05-21,111.83157466098072,114.00353780116195,111.79190309937594,113.8746109008789,238090,0.0,0.0,0.018991221062477612
2024-05-22,113.28947104384936,117.71274796136063,113.28947104384936,114.59860229492188,207025,0.0,0.0,0.006337669149370124
2024-05-23,113.6167472297018,115.06472514931798,112.8530904923817,114.7473602294922,128713,0.0,0.0,0.001297236313157995
2024-05-26,115.54078539376508,116.51271979332418,111.8018294017329,112.30762481689452,156300,0.0,0.0,-0.021491087844825375
2024-05-27,118.5160665467962,118.5160665467962,113.16052729831198,113.3687973022461,269391,0.0,0.0,0.009404441071221762
2024-05-28,113.4382293776334,114.93579864501952,113.26963091858754,114.93579864501952,324593,0.0,0.0,0.013727502452618999
2024-05-29,113.17045634203416,119.08138275146484,113.17045634203416,119.08138275146484,348153,0.0,0.0,0.03543344821496465
2024-05-30,123.43523603926478,123.7030171845965,119.13097381591795,119.13097381591795,5864257,0.0,0.0,0.00041636014087700397
2024-06-02,122.48314840301605,123.21705340840874,118.15904636419069,120.23184204101562,303179,0.0,0.0,0.009198387671156931
2024-06-03,120.55911140519328,121.50129394888364,116.3936958889538,116.51271057128906,196164,0.0,0.0,-0.03142152517544076
2024-06-04,118.84335893706738,121.9079132080078,117.80696495740575,121.9079132080078,407333,0.0,0.0,0.0452655792799012
2024-06-05,123.72285599877262,125.6567974146076,119.67644734932726,121.52113342285156,369900,0.0,0.0,-0.003177764658660172
2024-06-06,122.55256778712072,124.88321720049464,122.1558597330923,124.83363342285156,261953,0.0,0.0,0.026893732915804755
2024-06-10,124.0005416113063,127.64032218480716,123.16746153558933,127.0055923461914,376619,0.0,0.0,0.017249201503443504
2024-06-11,126.96593276328872,129.24699840208797,126.95600541453928,129.02880859375,368168,0.0,0.0,0.0158045821500074
2024-06-12,130.66519514573048,132.1230926513672,130.298246499125,132.1230926513672,322488,0.0,0.0,0.02369830628464585
2024-06-13,131.90493065841727,132.13303269219753,129.6437044863539,130.08999633789062,219257,0.0,0.0,-0.01550751768286197
2024-06-16,131.1015923916672,132.3809642871442,130.65530057385675,132.20245361328125,294121,0.0,0.0,0.016107996640875692
2024-06-17,132.80743043205948,133.28347402439394,131.18093428619324,132.4008026123047,312509,0.0,0.0,0.0014992184072445884
2024-06-18,132.92645579222642,134.8603973388672,132.45041213455065,134.8603973388672,192274,0.0,0.0,0.018406444097388074
2024-06-19,137.54807241809465,137.58773641204084,133.36281736515778,135.35626220703125,304506,0.0,0.0,0.003670132149514183
2024-06-20,135.8719821425798,139.333251953125,135.5248578867647,139.333251953125,432279,0.0,0.0,0.028958278030088505
2024-06-23,139.1646555096228,140.65230497063024,138.51008611482283,139.98780822753906,256751,0.0,0.0,0.004686774940263041
2024-06-24,140.83081972348938,141.8225860595703,138.92663017419244,141.8225860595703,606506,0.0,0.0,0.01302154778299268
2024-06-25,141.75315419896768,142.48706673066783,135.37610396476097,138.49024963378906,435980,0.0,0.0,-0.0237769591180724
2024-06-26,138.64896229447126,138.90681614131074,136.36789627559375,138.65887451171875,371752,0.0,0.0,0.001216853195960278
2024-06-27,140.8109694739509,143.15153845481237,136.09016752038218,142.08042907714844,543206,0.0,0.0,0.024376522618829694
2024-06-30,139.65060471449078,141.22750943667043,133.9677882793204,134.5430145263672,334259,0.0,0.0,-0.05450934068962502
2024-07-01,135.76289854897655,136.57615424087297,133.73970180136382,134.969482421875,400013,0.0,0.0,0.003164738231287473
2024-07-02,134.6124441187248,136.91334934319215,133.45207929080337,135.2670135498047,334048,0.0,0.0,0.0022020064098526616
2024-07-03,137.53814526360273,137.72658328470695,127.441971443509,128.344482421875,334132,0.0,0.0,-0.05253278529870122
2024-07-04,128.73127395966455,129.80238342285156,127.33784346260563,129.80238342285156,214104,0.0,0.0,0.011295248512206377
2024-07-07,129.92137933902978,133.8586925800327,129.62384643605043,133.16445922851562,294486,0.0,0.0,0.025571733521072695
2024-07-08,133.2338850996022,134.76121372190212,132.3115496768971,133.0057830810547,342383,0.0,0.0,-0.0011922908051731507
2024-07-09,132.8471116204376,132.94629431770633,130.81398739166784,132.57933044433594,185074,0.0,0.0,-0.003211422489512049
2024-07-10,134.27522970473856,134.83061637401434,130.6751134356913,133.13470458984375,279042,0.0,0.0,0.004180245534824066
2024-07-11,133.88845023826082,134.52318006369387,128.55274271208273,130.69496154785156,430283,0.0,0.0,-0.018495361995733844
2024-07-14,131.8751779409889,133.42233108634832,130.79415620905877,132.7181854248047,263944,0.0,0.0,0.01536190344414416
2024-07-15,133.08511882233518,136.6058921241252,133.00577570438148,133.7198486328125,251280,0.0,0.0,0.007518955997456783
2024-07-16,136.36786166620078,136.36786166620078,133.20412485424055,133.39256286621094,383078,0.0,0.0,-0.002450548280772005
2024-07-17,133.00579068354705,133.0454546804147,128.8800388842245,130.28834533691406,458289,0.0,0.0,-0.0235463460122548
2024-07-18,128.43373442460606,130.9131501470888,127.759340612004,129.89163208007812,263126,0.0,0.0,-0.0030495318526459494
2024-07-21,128.95935813632332,130.50156245087882,128.7411683610605,130.2486572265625,152381,0.0,0.0,0.0027448679448858694
2024-07-22,130.81397228610368,133.10496520996094,130.38752003003293,133.10496520996094,142826,0.0,0.0,0.02169265768332766
2024-07-23,133.7496060618479,136.84391212702738,133.7496060618479,136.78440856933594,316699,0.0,0.0,0.027267997184114576
2024-07-24,135.24716476865436,136.13976351379594,133.98763247022714,134.27523803710938,235549,0.0,0.0,-0.01851431769855549
2024-07-25,134.0074659332454,134.4735973338374,131.33961199930724,133.78927612304688,173983,0.0,0.0,-0.0036257126233045734
2024-07-28,135.2967697741655,137.37948525668466,134.72154344915398,136.5265655517578,146942,0.0,0.0,0.0202532191910451
2024-07-29,135.2769390173029,137.21089571977723,133.33308523132504,137.0422821044922,197653,0.0,0.0,0.003770291596181529
2024-07-30,138.0836093478803,142.57630920410156,136.8042375569601,142.57630920410156,336689,0.0,0.0,0.03958785285262922
2024-07-31,143.63752452442182,145.60121769073416,142.81435662511805,143.13172912597656,301812,0.0,0.0,0.0038880293659281032
2024-08-01,140.49361298618172,144.42099892812593,138.9464600312854,139.9282989501953,272376,0.0,0.0,-0.022635247870879376
2024-08-04,134.25538586050396,134.88020341008556,129.77261352539062,129.77261352539062,322764,0.0,0.0,-0.07534634884023267
2024-08-05,124.97247769093288,126.10309070478311,120.21199626777022,121.9872589111328,674243,0.0,0.0,-0.061867188094657646
2024-08-06,120.99548150779512,125.02205002847155,120.49959838686156,123.58399200439452,441786,0.0,0.0,0.013004417983430383
2024-08-07,122.79058702201247,124.9030541496895,121.98725871519255,123.51457977294922,363986,0.0,0.0,-0.0005618181665057538
2024-08-08,125.95431774067468,127.6204778295515,125.29974836297914,127.03533935546876,273945,0.0,0.0,0.028106106450407703
2024-08-11,128.35438976784204,130.30817054440465,126.77748501919072,127.3725357055664,214368,0.0,0.0,0.0026508341966308465
2024-08-12,127.7593339221394,130.5065155029297,125.7063705475098,130.5065155029297,313629,0.0,0.0,0.02430700815310041
2024-08-13,133.89836462336785,143.43916685588604,132.20245270076344,139.83905029296875,537649,0.0,0.0,0.06906896775899066
2024-08-14,141.39613967808833,147.79302978515625,139.74980385978412,147.79302978515625,431872,0.0,0.0,0.05532072712544483
2024-08-15,148.26906333395075,150.01456659148562,146.31528249274413,149.42942810058594,332751,0.0,0.0,0.01101138091345815
2024-08-18,148.72528035912086,150.55012671121983,147.21779135240084,148.7748565673828,167067,0.0,0.0,-0.004390095100239703
2024-08-19,149.45916979140307,149.75670269092933,147.27232340964005,148.06077575683594,157109,0.0,0.0,-0.004811296962237296
2024-08-20,147.28721090569172,149.08232065881745,144.83754688180497,148.65585327148438,200692,0.0,0.0,0.0040110883871843145
2024-08-21,149.0227873738374,150.58977982377274,148.22938650113989,149.558349609375,162385,0.0,0.0,0.006052690210063686
2024-08-22,148.34839859766214,150.58978489144823,147.4458876714729,150.24267578125,243635,0.0,0.0,0.004565210272344436
2024-08-25,149.9054736363502,150.24268568729497,146.3251966057545,147.1285400390625,200277,0.0,0.0,-0.02094519861800261
2024-08-26,147.27728980664804,148.46740629360667,145.89873530873345,146.61280822753906,185962,0.0,0.0,-0.0035114725557027684
2024-08-27,146.73182274540284,147.6541732842469,145.4028595200799,145.89874267578125,257083,0.0,0.0,-0.004882316393896999
2024-08-28,145.39293495159663,147.27728472989693,145.18465738531106,145.92848205566406,232141,0.0,0.0,0.00020381497999805224
2024-08-29,147.3268911853747,149.70712432148392,146.6128182179113,149.4591827392578,509814,0.0,0.0,0.023906677637776656
2024-09-01,148.29882023278685,149.58811950683594,146.09709773808166,149.58811950683594,137108,0.0,0.0,0.0008623169284551167
2024-09-02,149.17158984582028,151.1352831067316,147.8426264840497,150.8575897216797,122116,0.0,0.0,0.008450630051154697
2024-09-03,148.07660067292647,150.54968108168185,147.6097941481204,149.36776733398438,202228,0.22,0.0,-0.00992477538466277
2024-09-04,149.61606144020496,151.54287719726562,148.19578878416672,151.54287719726562,161846,0.0,0.0,0.014457100719104922
2024-09-05,150.90723252195593,154.7112009805018,150.87743765102013,154.1053466796875,163671,0.0,0.0,0.01676783518228783
2024-09-08,152.08914246311448,156.9459033205698,152.08914246311448,156.459228515625,142667,0.0,0.0,0.015159017478409559
2024-09-09,156.97569841661013,159.15081487428742,154.9694246086289,157.6610107421875,219121,0.0,0.0,0.007651771137397375
2024-09-10,157.6212892401238,158.42578112369034,154.7708019106786,155.91297912597656,224774,0.0,0.0,-0.011149201018137574
2024-09-11,159.11107634986823,163.27259826660156,157.89441208310078,163.27259826660156,221484,0.0,0.0,0.04612316044572625
2024-09-12,164.16648746602803,168.2485516628402,163.81887557203655,166.48065185546875,240044,0.0,0.0,0.019457911659049174
2024-09-15,169.04312086476503,170.0959134536404,159.130960734038,161.0677032470703,311761,0.0,0.0,-0.033054303941415106
2024-09-16,163.0640196236081,167.92079560219645,163.0640196236081,166.8779296875,235832,0.0,0.0,0.03543779152569018
2024-09-17,166.51044554836457,170.84081041953206,165.54208189866924,168.68556213378906,214548,0.0,0.0,0.01077381762565496
2024-09-18,172.24122461219557,172.24122461219557,168.56637735031418,170.185302734375,279175,0.0,0.0,0.008851456692794656
2024-09-19,171.3274687984481,172.7974045771831,169.03814380864773,170.9997100830078,1026965,0.0,0.0,0.004774001581584579
2024-09-22,169.85755100038358,172.9861338302061,168.51672112756117,172.05252075195312,174408,0.0,0.0,0.006137922331464405
2024-09-23,171.82408578168187,173.9495391845703,170.28461839828822,173.9495391845703,153268,0.0,0.0,0.01096546905698073
2024-09-24,172.1617846834733,172.75771247731532,164.53399379070584,166.97726440429688,209566,0.0,0.0,-0.04090759061160786
2024-09-25,170.0462564170613,172.32068413890514,169.2566468622094,171.58570861816406,237579,0.0,0.0,0.027225238617646245
2024-09-26,171.82410080410244,174.63486681505583,170.83089790928105,172.85702514648438,204235,0.0,0.0,0.007381908089790928
2024-09-29,173.22451110062715,177.0384063720703,171.27782686443302,177.0384063720703,278167,0.0,0.0,0.023901885624405178
2024-09-30,176.59145734880556,179.40222303535202,175.79689209363917,179.38235473632812,187044,0.0,0.0,0.013152893498803352
2024-10-01,175.6975628507048,179.27309886234244,174.56531230619814,178.00180053710938,171257,0.0,0.0,-0.007725922069754706
2024-10-02,178.18057930860664,178.47854318472247,175.6081876497819,176.55172729492188,177548,0.0,0.0,-0.008179759689471355
2024-10-03,176.17430970746986,180.0477943938098,175.7968878105701,177.80316162109375,133962,0.0,0.0,0.007063198889150725
2024-10-06,178.03160262567346,182.1782273635899,178.03160262567346,181.07080078125,140985,0.0,0.0,0.01821101450059223
2024-10-07,178.7268273264172,179.15886808696558,174.39646283936747,178.21035766601562,242703,0.0,0.0,-0.01592348214338284
2024-10-08,181.76604562232097,185.90769963124012,180.1769301772243,185.3614501953125,145594,0.0,0.0,0.03934306658782694
2024-10-09,186.52351378860791,188.28148722287497,184.74567205226649,185.8679962158203,268011,0.0,0.0,0.0027290202314612503
2024-10-10,184.7655043289118,187.21871630671583,184.5271302157196,184.96414184570312,195745,0.0,0.0,-0.004874745563907967
2024-10-13,187.715338826443,188.976710690549,183.85178034251436,185.43096923828125,159437,0.0,0.0,0.0025207008720736575
2024-10-14,185.29191081152644,189.08595275878903,183.7921800485119,189.08595275878903,158374,0.0,0.0,0.019519008879393597
2024-10-15,190.44665240980484,190.44665240980484,184.45764025047083,184.58676147460935,146155,0.0,0.0,-0.02408208333996805
2024-10-16,187.26839123107632,189.5030975341797,185.7487921573718,189.5030975341797,194562,0.0,0.0,0.026285765373982858
2024-10-17,191.5292302973296,193.39645646927673,189.70174072546396,191.4994354248047,168473,0.0,0.0,0.010479490227315829
2024-10-20,191.41997755133016,194.94585063563872,188.33111613787528,194.01223754882812,150348,0.0,0.0,0.013036376779446609
2024-10-21,191.1021542850037,193.0091018413951,185.41109133233627,186.22552490234375,217765,0.0,0.0,-0.04096279851813096
2024-10-22,185.35150850159417,187.84445732050384,182.22292562858763,186.67247009277344,152597,0.0,0.0,0.0023971456561960518
2024-10-23,186.07654899237025,188.27151867407045,184.4178869946117,184.93435668945312,198073,0.0,0.0,-0.009354650954457337
2024-10-24,186.42414676500147,186.42414676500147,182.3222298533076,184.04046630859375,105426,0.0,0.0,-0.004845274386983949
2024-10-27,185.33164854195647,188.142399129492,184.0404818709426,187.6457977294922,95577,0.0,0.0,0.019400472117174716
2024-10-28,188.7085282319839,190.35724848428055,187.22865063370728,190.32745361328125,114497,0.0,0.0,0.01418989767543816
2024-10-29,194.09169717320032,198.3823407164133,193.1680258064399,196.17742919921875,194837,0.0,0.0,0.030273471942653972
2024-10-30,195.5616133181607,196.15754102380575,190.19832458763952,193.5056915283203,319769,0.0,0.0,-0.01371257513403225
2024-10-31,190.69494244405115,195.0054390683295,190.13875128673428,194.4691162109375,122010,0.0,0.0,0.004966439282545855
2024-11-03,197.14082720755383,198.3922572669034,192.9197153508112,194.2406768798828,120419,0.0,0.0,-0.0011753722772834484
2024-11-04,192.60188171834756,194.00230127855937,190.1586113608142,193.4957733154297,107509,0.0,0.0,-0.003842323725423866
2024-11-05,195.97878474079457,197.59769500736135,194.8266658498727,196.7137451171875,107939,0.0,0.0,0.016493932636013765
2024-11-06,198.56109066796373,199.13715007781985,192.4727530005004,198.6405487060547,248093,0.0,0.0,0.009747301973936221
2024-11-07,199.63375758086676,202.88153489537856,198.85906062952583,202.6034393310547,182112,0.0,0.0,0.019753664128081626
2024-11-10,203.10998100082784,203.49732950264607,197.39906466461875,199.3457489013672,179797,0.0,0.0,-0.016209818836959034
2024-11-11,201.17324146601152,204.34156100071033,199.37554672189032,203.23910522460935,145788,0.0,0.0,0.019342395359059312
2024-11-12,200.15024508214697,203.8399900788907,199.5344490019851,203.3284912109375,143137,0.0,0.0,0.00043971033870889687
2024-11-13,204.10316318584387,206.57624346567312,201.29239761144,203.4675140380859,139156,0.0,0.0,0.000683501463961647
2024-11-14,205.83136139038336,208.21504213709267,204.20250934394835,208.4335479736328,65929,0.0,0.0,0.024113919720798824
2024-11-17,207.8972111211536,211.5521900408523,204.20249560380907,207.10264587402344,144811,0.0,0.0,-0.006405731535612005
2024-11-18,207.18208941970545,213.52865407072005,205.4340429672987,211.14495849609375,168338,0.0,0.0,0.01933036053707177
2024-11-19,211.02579864589757,213.8762858122491,209.20823571605777,213.1611785888672,105266,0.0,0.0,0.009503681855811495
2024-11-20,215.72364361347388,220.5307414944855,209.45653641431335,213.1611785888672,156654,0.0,0.0,0.0
2024-11-21,215.51506674007683,223.12298816584865,213.65776732175905,220.24270629882812,172734,0.0,0.0,0.03268156217109815
2024-11-24,223.47062713261252,228.00957114480715,221.85170173976215,226.0926818847656,382360,0.0,0.0,0.02621486332868226
2024-11-25,226.5793611091764,233.49204415596373,226.30126553574655,228.4366455078125,340837,0.0,0.0,0.010313897301218738
2024-11-26,231.10835911184324,232.1214301987924,225.5066959950032,226.85745239257812,211233,0.0,0.0,-0.0069370521402783115
2024-11-27,230.4230579012592,257.1104132490792,228.7246743838413,246.4930725097656,336001,0.0,0.0,0.08301203247742979
2024-11-28,247.27769096243577,252.17417326693732,244.34774586812333,250.17784118652344,279133,0.0,0.0,0.014838140029190337
2024-12-01,250.11826504121117,250.66452961680895,241.3482824250185,247.13865661621097,286082,0.0,0.0,-0.012222487766887892
2024-12-02,251.28031267410788,256.2463267585764,248.663228707419,254.98497009277344,2264319,0.0,0.0,0.03125506066721478
2024-12-03,253.5149894361327,263.75490685886905,252.63103963842505,259.4642639160156,972263,0.0,0.0,0.017414379207877494
2024-12-04,260.11980171366804,269.5254332415982,259.92117934398794,266.1783447265625,744357,0.0,0.0,0.025547571198121746
2024-12-05,263.5165768437543,267.70789391468014,261.21233904994375,266.2776794433594,192476,0.0,0.0,0.00037311895608337705
2024-12-08,267.7078980445227,269.4162081166125,265.09576976410375,266.54583740234375,174861,0.0,0.0,0.0010065546025905077
2024-12-09,261.22227090088495,263.19873471896267,241.44760006270724,242.6692352294922,458484,0.0,0.0,-0.09384688236389156
2024-12-10,242.16271578673783,250.78370888096367,239.46120293806985,245.49986267089844,314165,0.0,0.0,0.01159704363959961
2024-12-11,251.84644085539895,255.25311917935028,250.23744201660156,250.23744201660156,235975,0.0,0.0,0.019113847335265527
2024-12-12,250.23743482562313,252.9190792731281,247.77429619988476,247.93321228027344,210030,0.0,0.0,-0.00925083061002763
2024-12-15,248.3007035794486,252.1741884932591,246.96981544548007,248.97607421875,153564,0.0,0.0,0.004197399798796688
2024-12-16,252.27350306789225,256.2463141398275,249.4925322865232,255.4914703369141,205536,0.0,0.0,0.025832220513438718
2024-12-17,255.2530782412397,261.6890422540697,255.2530782412397,261.2321472167969,199468,0.0,0.0,0.022220440045198818
2024-12-18,252.53173504560368,253.24684226430625,244.3676069279759,248.5291290283203,377180,0.0,0.0,-0.049849406834865044
2024-12-19,248.52913162246105,250.2871048163772,244.85428430498104,246.9598693847656,657114,0.0,0.0,-0.006334206795386893
2024-12-22,245.8176876089124,253.70372009277344,245.1522435661151,253.70372009277344,139363,0.0,0.0,0.02694127854969646
2024-12-23,253.25678686072985,253.25678686072985,247.00953277587843,248.48941040039065,85732,0.0,0.0,-0.020766899305450177
2024-12-26,251.28029771334863,255.9682159423828,248.71783277971855,255.9682159423828,95697,0.0,0.0,0.029653049750699538
2024-12-29,254.7564976985425,259.4344740232433,252.5515864475763,255.9980010986328,87117,0.0,0.0,0.00011635594417046922
2024-12-30,253.0879413190312,253.17732593259495,248.4198760986328,248.4198760986328,89043,0.0,0.0,-0.030049272882306254
2025-01-01,241.844872070737,253.2468355126232,241.34827069071497,250.5949859619141,91535,0.0,0.0,0.008717670770671383
2025-01-02,249.7905108385337,252.48209716629805,247.81403175818,251.66766357421875,56788,0.0,0.0,0.0042713876661529555
2025-01-05,255.09419499411857,257.517612169983,250.2076391999481,253.1971740722656,164523,0.0,0.0,0.006059107560576024
2025-01-06,256.23637560777144,259.42457835605444,253.9520213369835,257.7460632324219,153287,0.0,0.0,0.017806319835668168
2025-01-07,256.4747966003233,259.2557526051739,253.67395713891497,257.6169738769531,186665,0.0,0.0,-0.0005009647525074855
2025-01-08,262.2849875766393,267.5489807128906,258.23273340429705,267.5489807128906,110527,0.0,0.0,0.03782877060418349
2025-01-09,264.1919282496933,267.6979327016539,260.59653918854957,266.5557556152344,88679,0.0,0.0,-0.0037192190033382864
2025-01-12,265.185141539824,265.185141539824,252.2834320068359,252.2834320068359,140246,0.0,0.0,-0.05503025037755976
2025-01-13,252.50194619687392,259.0173693621278,249.8004333406905,252.2735137939453,122933,0.0,0.0,-3.9314543083515506e-05
2025-01-14,254.15066508755984,257.23952641636856,246.4434167789417,251.9656219482422,171692,0.0,0.0,-0.0012212137541240421
2025-01-15,258.23272196484487,259.72252613002667,249.95934101559337,250.8631591796875,207979,0.0,0.0,-0.0043850494502500744
2025-01-16,252.77011609380148,253.20712775665345,245.78293066200695,247.0095367431641,157938,0.0,0.0,-0.015480661735865398
2025-01-19,249.88983355601584,256.53436279296875,247.85376476044385,256.53436279296875,110525,0.0,0.0,0.0378356774628596
2025-01-20,263.18880521848854,263.19874694592147,258.6697445176258,261.21234130859375,151413,0.0,0.0,0.018071021145918704
2025-01-21,262.314776948502,266.8736044732441,260.5170823053864,266.3174133300781,292805,0.0,0.0,0.01935523579335606
2025-01-22,267.171544954707,270.6477546474262,263.625803793699,268.4031066894531,212976,0.0,0.0,0.007801099298505671
2025-01-23,268.4031276554337,272.6739180833251,267.27089217120783,270.18096923828125,130751,0.0,0.0,0.006602011035456387
2025-01-27,263.6059300974504,271.8693837685879,263.6059300974504,267.0622863769531,155357,0.0,0.0,-0.011610077410077925
2025-01-28,271.631035411875,272.13260769643597,264.8425024773309,266.81402587890625,128903,0.0,0.0,-0.0009300300846553857
2025-01-29,269.77375941079293,271.899228107065,267.99591778196634,269.972412109375,154967,0.0,0.0,0.011767892985033446
2025-01-30,268.1647326626116,276.50762939453125,268.1647326626116,276.50762939453125,232183,0.0,0.0,0.023918636923438954
2025-02-02,271.14436168699774,271.14436168699774,266.69480227586706,268.10516357421875,146114,0.0,0.0,-0.030859108390763126
2025-02-03,271.14435527481027,282.0099959659456,271.04502893612425,281.9901428222656,233851,0.0,0.0,0.050492810858314745
2025-02-04,281.51340056301734,287.40308581948733,281.2849530102007,286.936279296875,219774,0.0,0.0,0.017388051956734003
2025-02-05,287.53222370147705,288.604869437889,282.5264728745484,286.04241943359375,229808,0.0,0.0,-0.0031200482334968354
2025-02-06,287.601750602848,288.83331241213926,281.5730021535558,281.8411560058594,122184,0.0,0.0,-0.014796483856154475
2025-02-09,278.1166373441724,286.38009192054415,275.45486111269446,283.2713623046875,137643,0.0,0.0,0.0050616799523924465
2025-02-10,284.12552631173554,290.99847256991495,283.6289249221503,289.8165588378906,143340,0.0,0.0,0.02284285148563202
2025-02-11,290.74028121307686,291.8029852269427,282.1192574387458,286.3503112792969,190392,0.0,0.0,-0.012032241203215268
2025-02-12,289.44910597598783,296.94780585250106,270.2207129054359,277.18304443359375,398574,0.0,0.0,-0.03253782772013178
2025-02-13,285.05913979165757,286.04240084531745,263.8443126343553,281.602783203125,329114,0.0,0.0,0.015819409590893386
2025-02-16,278.19613638285176,283.5594259428589,276.3785581150349,280.59967041015625,188745,0.0,0.0,-0.0035685146908064286
2025-02-17,285.01938706003386,285.29748261048616,275.3952502348897,277.9974365234375,197537,0.0,0.0,-0.009317100568655512
2025-02-18,285.04920915580703,296.3220672175517,282.2781648029571,295.12030029296875,496874,0.0,0.0,0.05977117830685145
2025-02-19,292.60749412270206,293.9781189851112,283.4203672254072,284.1454162597656,228786,0.0,0.0,-0.037896934613533356
2025-02-20,282.5761579646426,286.201342374543,274.33752682964234,283.8673095703125,201303,0.0,0.0,-0.0009792270455540328
2025-02-23,277.93789262649835,283.261475869098,275.1271417890553,281.3843078613281,158415,0.0,0.0,-0.00878553056153352
2025-02-24,281.32473482937024,285.3571363706916,278.4841889488965,281.5829772949219,156197,0.0,0.0,0.0007057939140666352
2025-02-25,273.1307634477189,276.6069731643262,266.674945402591,271.33306884765625,236695,0.0,0.0,-0.037080069938687406
2025-02-26,271.6213633360066,272.4862363379623,258.74759460835475,261.5310974121094,240999,0.25,0.0,-0.03679390677841573
2025-02-27,255.4769584213964,255.4769584213964,247.97142127690597,251.7589874267578,540468,0.0,0.0,-0.03808096502278078
2025-03-02,260.3680344698641,265.4280639587152,254.4928253686558,259.8411560058594,262812,0.0,0.0,0.031598275107770996
2025-03-03,258.4195631825916,258.9663129365464,249.8204807341903,257.8230895996094,250375,0.0,0.0,-0.007796855381533011
2025-03-04,256.779265440243,260.8551330566406,253.49870608489587,260.8551330566406,192216,0.0,0.0,0.011691556971716355
2025-03-05,259.54290423554824,264.8813143809028,254.393408249118,263.4895324707031,332893,0.0,0.0,0.010048434755715381
2025-03-06,262.4457027405266,264.80174453606406,251.80870191324283,252.50457763671875,337461,0.0,0.0,-0.042584264418077694
2025-03-09,250.61578005362588,256.46116670474754,250.61578005362588,254.4232177734375,202401,0.0,0.0,0.007569714328866996
2025-03-10,249.52224425034132,249.71610347418323,224.85831488513892,227.8406524658203,542110,0.0,0.0,-0.11035260021295996
2025-03-11,223.22797557291744,228.45700211189728,217.98899820033228,226.90618896484375,621833,0.0,0.0,-0.00410982432926755
2025-03-12,230.8329323915876,232.4632763761198,226.657662691586,230.1271209716797,300208,0.0,0.0,0.014095188525689722
2025-03-13,227.64184440433223,232.70187377929688,227.1646594458589,232.70187377929688,241962,0.0,0.0,0.011126266497133538
2025-03-16,235.20704073855097,236.39997279184877,231.2504617780602,233.33810424804688,185051,0.0,0.0,0.0027303703287303344
2025-03-17,233.37785440679417,235.18714651051525,227.9002997727522,231.6182861328125,220017,0.0,0.0,-0.0073977946931530385
2025-03-18,228.7751039854139,235.60465169308543,228.7751039854139,231.49896240234375,190305,0.0,0.0,-0.0005153067975188369
2025-03-19,234.690093148961,239.23317962476187,233.119393496175,237.64260864257812,459342,0.0,0.0,0.02619250926175806
2025-03-20,236.49935481451584,238.08000519875236,222.263671875,222.263671875,927442,0.0,0.0,-0.06690351246466293
2025-03-23,221.60756184816955,231.52880058225088,220.69298014711356,228.5464630126953,289056,0.0,0.0,0.02787514063766152
2025-03-24,228.5464499460672,235.36606207197983,227.7611077719905,228.53651428222656,243547,0.0,0.0,-4.353139786218385e-05
2025-03-25,232.9305120870744,234.550920417978,223.0291594594125,226.39920043945312,276922,0.0,0.0,-0.009396182794894386
2025-03-26,218.98310143889725,221.6870886666434,207.9583973964277,208.7636260986328,627076,0.0,0.0,-0.08109717837028217
2025-03-27,208.4156820769523,208.60456588126817,199.87625923926808,200.6119079589844,457274,0.0,0.0,-0.03983040084886111
2025-03-30,195.0945722845728,200.31366275333207,194.3638990121884,198.6137237548828,398496,0.0,0.0,-0.010010383760329103
2025-03-31,199.28974457220536,200.41309661036453,194.53788778574895,198.0471038818359,331449,0.0,0.0,-0.002856950921151686
2025-04-01,201.33761096057376,201.33761096057376,196.53604558526624,197.63951110839844,269226,0.0,0.0,-0.0020601804668635257
2025-04-02,193.85193735744983,203.1170731317341,192.4104772673004,201.5364227294922,376299,0.0,0.0,0.019525402687279047
2025-04-03,196.29745244139409,198.0769070651561,187.13173437397205,188.65272521972656,326560,0.0,0.0,-0.06606223080508165
2025-04-06,161.05615992484613,177.79702587640114,160.68834315559954,175.838623046875,657554,0.0,0.0,-0.07034123230112727
2025-04-07,180.94836946034977,187.88727076840505,180.9284829621678,187.03233337402344,410076,0.0,0.0,0.06171484774303517
2025-04-08,183.63246840395811,189.88542956541264,183.63246840395811,187.1814422607422,347885,0.0,0.0,0.0007969182553857456
2025-04-09,212.1237304973537,214.73823606231312,200.72125888769668,202.86854553222656,365513,0.0,0.0,0.08047978442344246
2025-04-10,192.72859770826645,202.3715017032048,190.8696120697771,201.40721130371097,265859,0.0,0.0,-0.007229424809520614
2025-04-13,202.79896072252072,212.37226945775197,202.79896072252072,211.66644287109375,249007,0.0,0.0,0.049682867401244044
2025-04-14,211.12961557652469,212.24301671176744,207.4215650654881,208.2864532470703,213052,0.0,0.0,-0.016097341589666633
2025-04-15,208.76362294417524,209.1662372891942,201.8048355127027,202.8088836669922,212224,0.0,0.0,-0.02665023551075876
2025-04-16,202.33171793578913,205.9502868652344,202.15278496509632,205.9502868652344,122112,0.0,0.0,0.01537073794720255
2025-04-21,202.1527857376695,205.72164602146603,200.3236071839739,204.12112426757812,194895,0.0,0.0,-0.008921249712626235
2025-04-22,209.31038615459175,209.61855859703192,201.55630575987863,207.45138549804688,221730,0.0,0.0,0.01618346140866814
2025-04-23,207.7695280721036,212.58102929217176,207.13329663117685,209.53904724121097,278519,0.0,0.0,0.010013079543054013
2025-04-27,214.85753798119325,219.2018047218424,214.27100008187804,217.3428192138672,386832,0.0,0.0,0.03656581398765044
2025-04-28,214.94701989235088,224.5799730686107,214.93708422753008,223.2379150390625,176843,0.0,0.0,0.02676216733190786
2025-04-29,223.2379049033452,228.05935668945312,220.91168524876983,228.05935668945312,254584,0.0,0.0,0.021367845102527098
2025-04-30,230.6341073758368,235.0777916064651,230.0078116267425,232.8907470703125,191399,0.0,0.0,0.020963515475269145
2025-05-01,232.28433305153376,239.23316979800785,230.74345562509131,237.1256561279297,206744,0.0,0.0,0.01802074835890083
2025-05-04,238.5273606924628,240.47581273881855,232.69192504882812,232.69192504882812,129423,0.0,0.0,-0.01887482668043854
2025-05-05,236.59878900853136,240.5155949174699,234.00415462315024,239.60101318359375,149454,0.0,0.0,0.02925972629461048
2025-05-06,235.11754847298425,238.34841418811203,228.9838759971545,235.7736663818359,489813,0.0,0.0,-0.016102790781552075
2025-05-07,240.57522116622388,248.73689133549985,240.27698438718596,243.68679809570312,268783,0.0,0.0,0.033011482295893776
2025-05-08,244.5516944070712,251.4856357124143,244.5516944070712,250.17837524414065,263193,0.0,0.0,0.026290378025253906
2025-05-11,251.6496470035459,254.0056888621158,246.5597956682899,252.6139373779297,303363,0.0,0.0,0.00968821966086784
2025-05-12,265.2391785879966,267.7940552338435,259.57272467109453,263.638671875,253863,0.0,0.0,0.04271711444693007
2025-05-13,263.99652373686564,273.0031809236488,263.99652373686564,268.7583312988281,272525,0.0,0.0,0.019233080617265204
2025-05-14,270.91552057053076,271.47222112909805,265.6666079198216,269.6828308105469,197493,0.0,0.0,0.003433988651956203
2025-05-15,272.79441304064,275.3293877644487,268.44019546410726,272.3271789550781,128195,0.0,0.0,0.009757639445356254
2025-05-18,274.8621945785868,280.339764942148,272.98333746160273,276.6317138671875,159731,0.0,0.0,0.01568286148136308
2025-05-19,278.45094828578516,280.7175238243484,273.6294960569813,277.7948303222656,221234,0.0,0.0,0.004195752074253279
2025-05-20,280.78708169444275,284.26647536927896,279.68360106756967,281.19464111328125,222270,0.0,0.0,0.012164281751535031
2025-05-21,276.26383541073466,279.7134067211553,270.1400992638659,273.1224365234375,300264,0.0,0.0,-0.029126922468262758
2025-05-22,273.1224622956511,275.1106873229771,269.4740863597353,272.864013671875,192314,0.0,0.0,-0.0009466274145369563
2025-05-25,271.88977703386706,273.56982963708697,266.42215811728107,272.9833068847656,132175,0.0,0.0,0.00043709370843198066
2025-05-26,273.38093833858574,278.35150085383276,271.27342468618593,276.9497985839844,86794,0.0,0.0,0.01442561084078392
2025-05-27,279.0672828269324,287.6763013533897,278.3813427242327,280.36956787109375,224050,0.0,0.0,0.012272360926369446
2025-05-28,281.6718609947133,281.8905669806577,275.1007912580493,276.542236328125,204168,0.0,0.0,-0.01374505539643593
2025-05-29,276.35331882120033,281.492893695461,275.52821881083935,280.34967041015625,330386,0.0,0.0,0.013674084188075631
2025-06-01,281.632053300884,283.0735285312889,276.2141584904735,280.2104797363281,125052,0.0,0.0,-0.0004966128136379135
2025-06-02,281.582396087399,284.4653165817005,277.9041673043152,280.8865051269531,161721,0.0,0.0,0.002409657281970827
2025-06-03,278.1427591643841,283.45131654666153,275.3691766522259,281.6618957519531,291394,0.0,0.0,0.0027567089865808314
2025-06-04,283.32203912013915,284.73369210232755,278.8385824069861,279.1666564941406,120844,0.0,0.0,-0.008898461794653683
2025-06-05,280.0912015167357,281.29406916705625,274.1712748298079,274.4048767089844,154405,0.0,0.0,-0.017204270635343907
2025-06-09,273.17219471384175,281.81103515625,272.54589895647547,281.81103515625,160842,0.0,0.0,0.02663209027346718
2025-06-10,282.82502645639636,283.32208274190845,276.601872053654,277.7053527832031,145667,0.0,0.0,-0.01467608868670193
2025-06-11,279.6935708552175,283.3220755801538,275.548108190155,277.4568176269531,205960,0.0,0.0,-0.0008953606210956466
2025-06-12,278.9480144938182,279.11699665438334,265.5573159406674,268.907470703125,193968,0.0,0.0,-0.03129796357501636
2025-06-15,272.3769015474133,274.69320089448536,268.76826795559236,272.7546691894531,208107,0.0,0.0,0.014205398153881872
2025-06-16,269.285219374688,271.9494337966145,261.53112308105096,270.39862060546875,380114,0.0,0.0,-0.008675500656742116
2025-06-17,273.0031996900057,277.06414120108093,270.408580344038,275.130615234375,121299,0.0,0.0,0.017348706550617217
2025-06-18,278.1327924644634,279.7233785230545,271.5915456001135,272.4663391113281,119217,0.0,0.0,-0.009730869118929366
2025-06-19,271.243590491169,275.7469187166811,271.19386666547894,275.1802673339844,355559,0.0,0.0,0.009911320210546547
2025-06-22,268.4103895370352,271.3629050354589,263.4398267678308,270.706787109375,182786,0.0,0.0,-0.01639013174143938
2025-06-23,274.3750716809129,280.8368034415141,273.5598920854006,277.6954040527344,177323,0.0,0.0,0.02548857538617583
2025-06-24,272.7844639841822,277.9737324486831,271.04476710885206,275.408935546875,135873,0.0,0.0,-0.008267812659451717
2025-06-25,278.35150363319923,283.3220661980778,273.9376416485546,276.0948791503906,142595,0.0,0.0,0.0024875402089544227
2025-06-26,278.2023873643879,281.3338356512286,276.3135796943813,278.9280700683594,139257,0.0,0.0,0.010209363525593727
2025-06-29,281.6718044211325,286.0657945878822,279.8724634000401,283.40155029296875,182080,0.0,0.0,0.015910862369994623
2025-06-30,288.3721455186778,295.2514174834698,280.0216064453125,280.0216064453125,141121,0.0,0.0,-0.011998031508490195
2025-07-01,278.3713785996963,285.31029495259395,277.586051547475,283.5209045410156,164381,0.0,0.0,0.012419091739188518
2025-07-02,293.26319257991713,314.60678953814806,292.99479312191403,305.58026123046875,341664,0.0,0.0,0.07492660718447167
2025-07-03,300.22196405172394,306.41529562251617,294.2672401020064,306.0773010253906,152724,0.0,0.0,0.0016252227880364388
2025-07-06,308.16494979292395,309.14914187954236,302.22017596483454,308.155029296875,139591,0.0,0.0,0.006765310432587098
2025-07-07,310.1631293667476,313.80158510179126,307.826958702974,312.3501892089844,177639,0.0,0.0,0.013521961486393657
2025-07-08,312.240778315676,313.71705109162514,305.98780245978196,312.8273010253906,137347,0.0,0.0,0.0015263246565495007
2025-07-09,317.5096140239085,323.0865707287543,314.9149645571138,315.8196105957031,230081,0.0,0.0,0.009519913687860171
2025-07-10,316.12776704395793,318.2949249583193,311.7635987165969,315.4716491699219,184967,0.0,0.0,-0.0011023800999511617
2025-07-13,317.45988663479875,320.09427872977045,313.055975478119,315.1336669921875,99457,0.0,0.0,-0.001071929466608552
2025-07-14,319.8656585482855,324.3292141164243,316.20730136749637,322.8280944824219,167393,0.0,0.0,0.024123077844403307
2025-07-15,320.9392820893199,329.1307595401977,319.21945650928956,328.1863708496094,145532,0.0,0.0,0.016461684506103785
2025-07-16,334.02182272711786,334.02182272711786,325.02511612513695,328.5343322753906,160179,0.0,0.0,0.001059693890225869
2025-07-17,323.33507332899796,330.4628729213927,323.18596252955547,326.04901123046875,163767,0.0,0.0,-0.007593633453133594
2025-07-20,327.7191374467079,327.7191374467079,314.52229979264644,319.61712646484375,142632,0.0,0.0,-0.019923911621361645
2025-07-21,317.12190277959587,327.17236607665336,314.1395651359006,326.31744384765625,149208,0.0,0.0,0.020746862066613882
2025-07-22,321.59541636315976,325.65138229967863,316.1973923896921,322.0726013183594,140990,0.0,0.0,-0.013093671646935432
2025-07-23,325.8203869089211,325.87008040105167,318.0364990234375,318.0364990234375,178440,0.0,0.0,-0.012610837065590064
2025-07-24,319.3288458552204,322.9573507238887,318.1458494517117,318.9610290527344,102034,0.0,0.0,0.0029027763459983486
2025-07-27,320.1042188046717,322.5895000065713,317.5294711200523,318.55340576171875,67602,0.0,0.0,-0.0012787893867319312
2025-07-28,319.129959236825,321.5655468093058,318.1159754866067,321.30706787109375,76577,0.0,0.0,0.008607123654897861
2025-07-29,317.1219038762584,320.04459720421954,313.5132704608427,317.8873596191406,156972,0.0,0.0,-0.010700158614186021
2025-07-30,318.1358572701825,322.0327914466586,316.5453016107926,319.994873046875,140866,0.0,0.0,0.006607868939842896
2025-07-31,317.1218704878225,318.7919721171316,311.7039455183077,312.141357421875,104241,0.0,0.0,-0.024848820072184405
2025-08-03,306.2959897710907,311.6343994140625,302.4487792255588,311.6343994140625,126370,0.0,0.0,-0.0016254498956578135
2025-08-04,314.84536232228027,316.4856418846062,310.5607398614948,314.4477233886719,96209,0.0,0.0,0.00898713701545607
2025-08-05,312.79749733423904,317.7978820800781,311.1969907444337,317.7978820800781,152625,0.0,0.0,0.010597748778953007
2025-08-06,317.12185630070854,319.9550827145494,315.49149739891277,317.96685791015625,108209,0.0,0.0,0.0005315671770647913
2025-08-07,313.1951407633444,316.87336926328885,306.4749606834118,306.6837158203125,146613,0.0,0.0,-0.0361301820446747
2025-08-10,306.6836974124493,307.1409806546584,298.8401354512785,302.97564697265625,118370,0.0,0.0,-0.012164545644117128
2025-08-11,302.1307097835383,304.98380804466126,298.8799422186128,301.4149475097656,261234,0.0,0.0,-0.005164550693302014
2025-08-12,302.57803716006003,302.6078593235533,293.6409748909688,295.4005432128906,248132,0.0,0.0,-0.020155669556659407
2025-08-13,287.34821773608314,316.4111136373298,287.19910692256894,313.8313903808594,366619,0.0,0.0,0.06052365937530389
2025-08-14,321.5954227721292,321.5954227721292,308.6918304360084,311.654296875,274054,0.0,0.0,-0.006961317715271395
2025-08-17,311.6542702853478,322.5795570060408,311.4554356492059,315.84942626953125,220166,0.0,0.0,0.013371050216245978
2025-08-18,311.7536881381394,316.3464830645782,308.34388952159014,316.1277770996094,173825,0.0,0.0,0.0008808888883757762
2025-08-19,318.11599675902676,318.11599675902676,304.4966435126187,305.7591857910156,274085,0.0,0.0,-0.03334867218024802
2025-08-20,300.2120112235222,305.1030578613281,294.84381002254815,305.1030578613281,228760,0.0,0.0,-0.0021482034250086416
2025-08-21,304.2978456150992,306.08723599932756,300.76872799911246,304.60601806640625,110871,0.0,0.0,-0.001630416618845882
2025-08-24,311.1572166166723,311.1572166166723,299.78954245580815,301.65350341796875,206026,0.0,0.0,-0.009740178541115583
2025-08-25,302.5780362571629,304.69550087259404,297.57765127365104,300.5997619628906,270617,0.0,0.0,-0.0034993335559462104
2025-08-26,304.1884744598293,305.6399005545194,300.59974289356785,304.19842529296875,134365,0.0,0.0,0.011900517814804779
2025-08-27,303.30377575141995,303.9399920720607,297.64727234273835,298.2337951660156,94040,0.0,0.0,-0.01980247681425765
2025-08-28,298.2436978556747,300.21202116976457,293.26318457226677,297.0507507324219,155382,0.0,0.0,-0.0039747243541441895
2025-08-31,295.2514076457887,302.80666858915424,291.5334366650455,297.1998596191406,150741,0.0,0.0,0.0005018384070649156
2025-09-01,298.13433921922046,298.2337565389814,289.92299041895694,292.9351501464844,125176,0.0,0.0,-0.014453586536972776
2025-09-02,294.696523269944,294.796011539446,288.1784320698603,289.3924865722656,177141,0.3,0.0,-0.012167402187567032
2025-09-03,294.0994681624531,296.6171350567131,291.68128954660995,294.905517578125,180559,0.0,0.0,0.01887117386902972
2025-09-04,297.94061668618923,297.94061668618923,292.5271306634496,296.7763366699219,389422,0.0,0.0,0.006323754270457856
2025-09-07,296.7763378346162,298.856146829008,292.7261690918833,298.0600280761719,110308,0.0,0.0,0.004316122803326892
2025-09-08,301.26433822575797,307.26494485305096,294.2586753138657,296.8459777832031,125027,0.0,0.0,-0.004081491752892435
2025-09-09,298.5377078758427,299.045231697256,295.09458148161264,295.6319274902344,125627,0.0,0.0,-0.0040982186217140715
2025-09-10,296.0498861235648,298.47799518211787,289.28304373112775,297.2440490722656,158690,0.0,0.0,0.005438323086162059
2025-09-11,299.1745974325898,300.1299095770745,294.5571997247334,296.9952697753906,119535,0.0,0.0,-0.000837303434891772
2025-09-14,294.48755203161613,294.48755203161613,286.87484621811427,292.706298828125,188012,0.0,0.0,-0.014546498786612874
2025-09-15,297.4032175178078,303.71234044621747,294.9850696367125,299.463134765625,256159,0.0,0.0,0.02282160750897387
2025-09-16,298.37847220723813,300.09008954547227,291.0145484474216,293.4426574707031,243856,0.0,0.0,-0.02030907542292356
2025-09-17,293.4426486958622,298.6969107728163,289.89004293170166,297.3534851074219,180435,0.0,0.0,0.013239371347118075
2025-09-18,309.92195083201625,320.00257904486045,308.4989283677232,311.762939453125,591422,0.0,0.0,0.0473214729226371
2025-09-21,314.27061869339866,319.70399605926156,309.9418161854341,318.4800109863281,134386,0.0,0.0,0.021316623625318203
2025-09-22,313.27552900211197,317.9028575783164,310.17074157985417,316.3504638671875,196427,0.0,0.0,-0.006709051286314888
2025-09-23,310.5886634168259,315.4448816256508,304.01089720651356,305.86181640625,143878,0.0,0.0,-0.03371724231435219
2025-09-24,303.5133256370555,311.18573595562617,300.6871724130875,307.6231994628906,214188,0.0,0.0,0.005742236080609835
2025-09-25,301.0255249611186,301.7221251002947,292.367919203136,300.299072265625,219599,0.0,0.0,-0.02409677004218166
2025-09-28,303.36405928713117,304.2497053203707,298.27895144377504,300.13983154296875,106525,0.0,0.0,-0.0005304144197838886
2025-09-29,299.5328180516285,307.26493335227747,298.73672968606434,306.78729248046875,201978,0.0,0.0,0.021906177873930423
2025-09-30,306.4489464540581,306.4986905874681,297.0549581831701,304.7174072265625,148365,0.0,0.0,-0.006769835653740812
2025-10-01,306.24994315459753,307.4838893407538,302.3391063274456,307.18536376953125,156084,0.0,0.0,0.008066542732755935
2025-10-02,304.5184077346923,312.509265433288,301.7221071073477,312.4694519042969,154738,0.0,0.0,0.01705535433286555
2025-10-05,312.7480830302941,313.862618881332,302.1798536565123,302.73712158203125,108357,0.0,0.0,-0.03164186709061622
2025-10-06,311.47433842252985,314.71845786342135,296.7464904785156,296.7464904785156,296768,0.0,0.0,-0.019986636507164337
2025-10-07,301.17477593374053,302.6475728482493,294.0994470444843,298.8262939453125,93818,0.0,0.0,0.0069842409711102955
2025-10-08,301.1150530793009,302.51818382617455,294.6367756747366,296.56732177734375,120552,0.0,0.0,-0.007588200302300923
2025-10-09,298.53767310523835,304.06060791015625,295.7314116895317,304.06060791015625,158642,0.0,0.0,0.024952802097541627
2025-10-12,297.98045382042005,298.5377218049498,286.0986500630769,286.9245910644531,199579,0.0,0.0,-0.05800761732981642
2025-10-13,289.22336482665617,289.88012110224145,279.6502295267177,285.6110534667969,151314,0.0,0.0,-0.004588499999398078
2025-10-14,285.6010590560028,290.9747314453125,285.15324036988346,290.9747314453125,132517,0.0,0.0,0.01860549754864368
2025-10-15,293.86060010405043,297.7316535624231,288.5964071412578,291.2135925292969,157702,0.0,0.0,0.0008205629949987323
2025-10-16,291.06428553483676,292.14896882628716,284.2078857421875,284.2078857421875,92295,0.0,0.0,-0.02435103043933339
2025-10-19,285.35228171196326,287.19327024838606,283.6108118148545,285.46173095703125,90168,0.0,0.0,0.0044020154939350764
2025-10-20,285.411989435864,289.5815684000651,284.9144266035615,286.59619140625,82179,0.0,0.0,0.003966248493602921
2025-10-21,286.5961730214279,287.7903358898798,279.441217522394,283.0037841796875,193318,0.0,0.0,-0.012613957209673577
2025-10-22,279.6303214627992,282.5062493103963,276.66483594653727,280.4363708496094,107653,0.0,0.0,-0.009113411874148847
2025-10-23,284.06854910956986,284.197920298329,278.94365827411394,280.406494140625,134940,0.0,0.0,-0.00010654217385168425
2025-10-26,279.35166003734844,285.36222717302303,277.65000376223963,280.8045349121094,65446,0.0,0.0,0.0014185068276357277
2025-10-27,278.6351912170406,282.50624470062803,274.6546884853686,280.2672119140625,129500,0.0,0.0,-0.0019153456410973236
2025-10-28,274.6546769030284,277.03304176194183,267.85798213760216,267.9972839355469,194052,0.0,0.0,-0.04476663046140216
2025-10-29,263.7082780699086,264.4048781217732,257.67781949902326,262.0563659667969,204648,0.0,0.0,-0.022417227990404624
2025-10-30,258.49386356242223,262.8823715778463,257.0210665821789,262.3250732421875,182130,0.0,0.0,0.0010248543476869796
2025-11-02,258.73268293718615,262.6634416139548,256.74243152997707,260.32489013671875,125054,0.0,0.0,-0.0076540438556105626
2025-11-03,267.6888055383473,269.6193517698771,254.72231925806437,257.02105712890625,159219,0.0,0.0,-0.012772412499813538
2025-11-04,258.22514859468015,260.4940338917502,250.055175404062,253.3291473388672,172955,0.0,0.0,-0.014468395079121295
2025-11-05,251.53791762029425,256.67275449167005,249.21927300768732,252.6623992919922,208161,0.0,0.0,-0.002635413327425529
2025-11-06,251.5279583435467,255.7373356669864,248.7913627569138,251.38864135742188,273204,0.0,0.0,-0.005054093904140377
2025-11-09,255.12037400177215,256.613062570213,253.54807355421823,256.49365234375,151075,0.0,0.0,0.02010380352493383
2025-11-10,254.75216074395368,256.24484918581277,251.1896091739205,253.6575164794922,177789,0.0,0.0,-0.011118920260914508
2025-11-11,260.46418643783574,261.6086052678518,254.66261707073625,255.95626831054688,184765,0.0,0.0,0.009021606129220523
2025-11-12,257.4688720170009,259.6083861045279,252.27429969134965,254.24465942382812,145843,0.0,0.0,-0.00670957348301591
2025-11-13,249.86608965321244,250.56267455415409,245.84578880748376,247.6171112060547,117630,0.0,0.0,-0.02641338280591766
2025-11-16,252.3041708267804,259.97659688390286,248.65206122091416,258.0957946777344,152758,0.0,0.0,0.04144716652226676
2025-11-17,251.5677599529617,257.73753576449576,249.8163291424843,249.9158477783203,221013,0.0,0.0,-0.03220656089835057
2025-11-18,252.8514811827621,256.5732415196516,248.2241528299632,249.1496124267578,156649,0.0,0.0,-0.00307068316578362
2025-11-19,254.88154473342377,259.0511237532308,251.67723883590963,251.8065948486328,141460,0.0,0.0,0.010607742943639647
2025-11-20,244.86061531828904,252.8713798477739,241.89514512918473,250.0949859619141,151321,0.0,0.0,-0.00682052253837959
2025-11-23,253.83666762338237,262.71318712376797,248.85109328867236,258.7426452636719,324866,0.0,0.0,0.03399313052433881
2025-11-24,267.0917270991795,269.30090732899936,258.8222351074219,258.8222351074219,234959,0.0,0.0,0.0003075550424529994
2025-11-25,260.7229173422346,266.0667371630998,258.4142185719076,260.1656494140625,188096,0.0,0.0,0.005177066159821352
2025-11-26,258.82223998188226,268.17641549943437,258.7525738942797,265.39007568359375,136478,0.0,0.0,0.019882186115704536
2025-11-27,265.3900464563834,268.5147250222556,263.37990369410437,265.24078369140625,87083,0.0,0.0,-0.0005626962453804725
2025-11-30,269.8780914746115,271.5200427418851,259.4591245867223,260.90203857421875,230140,0.0,0.0,-0.01649302541138126
2025-12-01,260.72292419249413,264.0566012435296,258.653076171875,258.653076171875,230911,0.0,0.0,-0.008657316172915833
2025-12-02,257.14047040626326,262.713180304673,253.09031677246097,253.09031677246097,269583,0.0,0.0,-0.021741281247651355
2025-12-03,249.77653717771844,254.85168404672785,248.7316522124033,250.6024932861328,180679,0.0,0.0,-0.009878416635738746
2025-12-04,248.7913721553041,259.35961747267487,247.7863006591797,247.7863006591797,158098,0.0,0.0,-0.011301307873193731
2025-12-07,243.8057932921826,249.36357693469913,242.8902794823578,245.4676513671875,143431,0.0,0.0,-0.009401511578044214
2025-12-08,241.5070570511624,247.39819933616624,241.5070570511624,246.34336853027344,142188,0.0,0.0,0.0035611975053537514
2025-12-09,239.90489492097944,241.56675294402615,232.96886788534133,236.3323974609375,213088,0.0,0.0,-0.04148709184452954
2025-12-10,236.35229677826237,237.55640554233125,230.99853090023504,231.85433959960935,197264,0.0,0.0,-0.019129949953634106
2025-12-11,233.85453666991157,235.4168912885224,231.18760711470483,233.2873077392578,123783,0.0,0.0,0.006161446437696323
2025-12-14,228.95851432886468,233.55599003218367,228.48085826233591,232.55091857910156,154353,0.0,0.0,-0.003161568681722486
2025-12-15,223.90328087923567,227.16729193685543,222.3807397840099,224.9481658935547,244321,0.0,0.0,-0.03323920383281745
2025-12-16,225.893525896096,225.893525896096,217.5245154113693,218.52960205078125,194295,0.0,0.0,-0.02894851800533435
2025-12-17,211.11590116407535,215.82285643451425,209.9814585272796,213.8126983642578,367073,0.0,0.0,-0.02182109336649941
2025-12-18,219.0968101487583,222.77877197671796,216.27065697784113,216.3104553222656,378458,0.0,0.0,0.011614278439608858
2025-12-21,217.46481778601523,223.11713965218584,217.46481778601523,221.21644592285156,142739,0.0,0.0,0.022426946615458007
2025-12-22,222.82854311952957,233.317176415964,222.18171749352663,231.038330078125,146463,0.0,0.0,0.04344201228978169
2025-12-23,225.06757310401733,232.85940899641145,223.5151794735473,224.5799560546875,56274,0.0,0.0,-0.02835183236428143
2025-12-28,224.5799577900761,226.29157518674677,221.88317568113985,222.9479522705078,76927,0.0,0.0,-0.007293449138115401
2025-12-29,224.2515771335165,225.39596558701433,220.9576983914441,221.81350708007812,70527,0.0,0.0,-0.005101375700681257
2025-12-30,220.9178928321341,221.9329252400253,218.6888059245566,219.79339599609375,127298,0.0,0.0,-0.009148974623343327
2026-01-01,219.57447058466784,221.9329287218993,218.73358818805957,221.5448303222656,87752,0.0,0.0,0.00793696723322007
2026-01-04,218.6291115472665,221.04727487529365,213.21562535199905,214.2505645751953,89015,0.0,0.0,-0.03347877063983921
2026-01-05,214.7680196377439,218.9176916711249,211.86223945097916,212.71804809570312,158641,0.0,0.0,-0.0071786216373806895
2026-01-06,211.00643255339264,214.82772652450515,208.9863287330291,213.95201110839844,458568,0.0,0.0,0.005784171757212972
2026-01-07,212.11102095963383,217.07670329628567,210.43921719764208,214.86752319335935,186715,0.0,0.0,0.004269924304817697
2026-01-08,211.7129916124934,215.49447229039825,209.09580617561585,209.1853790283203,177226,0.0,0.0,-0.02680082719613295
2026-01-11,210.55863068840253,213.9520127677216,210.45912723497187,212.32000732421875,273988,0.0,0.0,0.014873765253662434
2026-01-12,212.95690349205452,215.8626687643025,208.07083257608508,208.6380615234375,179853,0.0,0.0,-0.01749361739603394
2026-01-13,207.9911976152248,212.6185407975885,207.12544319630248,211.3746337890625,184698,0.0,0.0,0.013031087015507741
2026-01-14,213.29523350500375,213.29523350500375,204.36895498676617,205.3839874267578,191929,0.0,0.0,-0.028750738244132965
2026-01-15,204.4386232274543,204.99589118174325,200.80640536528537,201.91099548339844,229851,0.0,0.0,-0.017054352572922385
2026-01-18,199.94064584122629,200.01031192596383,187.42196321278075,188.1782684326172,220264,0.0,0.0,-0.07043723400087043
2026-01-19,185.9292657816189,191.03426503238163,184.59580110522543,185.64068603515625,577645,0.0,0.0,-0.01357674000176793
2026-01-20,178.12749861929214,184.05845441647284,176.8736457155115,177.5005645751953,349212,0.0,0.0,-0.04483922026407107
2026-01-21,170.61429828813405,178.82408531602198,170.61429828813405,176.58505249023438,331926,0.0,0.0,-0.005171145513735186
2026-01-22,177.0129564032475,182.54585261656783,176.04768330296545,180.0381317138672,312961,0.0,0.0,0.019366027207496545
2026-01-26,183.10313335148308,189.24305725097656,177.5801825423138,189.24305725097656,462459,0.0,0.0,0.0498635347392295
2026-01-27,193.0543806928644,193.90024358925285,183.42157146021276,185.37200927734375,320367,0.0,0.0,-0.02066753908642057
2026-01-28,186.16810898654617,186.35718529012337,177.73939349082988,180.80438232421875,371211,0.0,0.0,-0.02494898077907103
2026-01-29,180.38643512033573,184.2276208281325,177.96827183738895,183.2225341796875,313605,0.0,0.0,0.013285761656757005
2026-02-01,181.112871360738,181.112871360738,174.62464776145404,177.28163146972656,264631,0.0,0.0,-0.03296184153841049
2026-02-02,177.2816242594639,178.3862143120825,174.5350829971421,176.6945037841797,265894,0.0,0.0,-0.0033173322464557565
2026-02-03,167.06169504662478,169.1713565159292,161.39942780196805,165.53915405273438,471636,0.0,0.0,-0.06521452683967544
2026-02-04,165.53915991729994,167.65876725157315,162.59358127717516,164.12606811523438,399506,0.0,0.0,-0.008572906676216314
2026-02-05,160.81231084218993,161.28002111165304,154.87140950696974,156.85169982910156,325920,0.0,0.0,-0.04533406867021961
2026-02-08,161.21035552685427,162.10099723649304,158.52351930495584,160.3843994140625,482202,0.0,0.0,0.022272658322455213
2026-02-09,162.2054841721238,166.8427734375,161.00137543056337,166.8427734375,200701,0.0,0.0,0.03947846233583655
2026-02-10,164.19573837970336,168.73350908359998,162.70304984897876,168.64395141601562,283625,0.0,0.0,0.010737803623384973
2026-02-11,151.73676309938176,151.73676309938176,128.3712158203125,128.3712158203125,1129492,0.0,0.0,-0.27286350588025904
2026-02-12,126.33120373235602,128.27169579748218,117.64376068115234,117.64376068115234,1455798,0.0,0.0,-0.08726510938773868
2026-02-15,117.72336787965187,120.72864401351194,113.1159312436152,116.39984893798828,769492,0.0,0.0,-0.010629843369805917
2026-02-16,116.8476568725789,126.92828498638067,116.4098067310239,125.34603118896484,757291,0.0,0.0,0.0740469247550236
2026-02-17,124.88827350275302,129.3663390865171,121.6143090871141,122.40045928955078,758014,0.0,0.0,-0.023780039831116453
2026-02-18,124.03245406577524,129.1473990378275,120.91771367375298,128.53042602539062,653806,0.0,0.0,0.048867532278604
2026-02-19,128.25179922852976,128.85882648523437,122.75870136330228,125.89334869384766,510902,0.0,0.0,-0.02073054513335186
2026-02-22,126.4605703622128,126.95813319090372,114.7379913330078,114.7379913330078,517235,0.0,0.0,-0.09278391681040249
2026-02-23,111.44411974428758,113.77769061512949,107.22478910173986,107.62284088134766,783400,0.0,0.0,-0.06401829172233633
2026-02-24,109.37426585727964,115.66345977783205,108.07064606898514,115.66345977783205,601935,0.0,0.0,0.07205186458138742
2026-02-25,119.84454306259816,127.39844119695744,119.84454306259816,127.3285903930664,795477,0.32,0.0,0.09608630539204421
2026-02-26,127.32858368244489,132.40776082854717,125.1731821237132,129.72348022460938,967610,0.0,0.0,0.018634038800010917
2026-03-01,122.83816192629992,127.6479093701393,120.84241597262108,125.3528060913086,363861,0.0,0.0,-0.03427289941948405
2026-03-02,119.8245847513624,121.74049897362345,113.05900741995129,114.03691864013672,669920,0.0,0.0,-0.0946099667156299
2026-03-03,114.17662403427408,118.02841432891678,112.76962709760753,115.94286346435548,626014,0.0,0.0,0.016575269731240072
2026-03-04,121.72054586889512,122.73837292875498,118.2379637896807,121.23158264160156,497421,0.0,0.0,0.044605109122019156
2026-03-05,122.73837511945725,134.21391425664223,121.8901846189073,132.41773986816406,642461,0.0,0.0,0.0882589989062325
2026-03-08,129.14471360280606,133.19607528841067,127.77763255235313,131.2202911376953,928880,0.0,0.0,-0.009084098833764712
2026-03-09,134.71284169790374,140.5504042620124,134.71284169790374,139.3928680419922,881675,0.0,0.0,0.06041881258209636
2026-03-10,133.8746431039193,138.89394299218924,133.72495302061304,136.49903869628906,414731,0.0,0.0,-0.02097876311327515
2026-03-11,134.18397142582148,134.57314125166823,129.89311486755454,133.26593017578125,499771,0.0,0.0,-0.023970965144130853
2026-03-12,131.63939744005106,133.38567509861397,129.73345645552823,132.71710205078125,408129,0.0,0.0,-0.004126796354674015
2026-03-15,132.71709914006027,134.82261162268898,130.8810166107883,131.36996459960938,393939,0.0,0.0,-0.010202310572890257
2026-03-16,130.72135368124387,131.689291640349,125.5024749134896,127.8375015258789,546895,0.0,0.0,-0.027257561942278567
2026-03-17,127.87741255726364,130.49185004232277,124.4247806741671,125.04345703125,348361,0.0,0.0,-0.022098604934343468
2026-03-18,123.25726383250569,123.72626533862784,119.88445599134654,122.35918426513672,366026,0.0,0.0,-0.021700480552559874
2026-03-19,119.92437396210651,124.2351848924005,119.62500902553288,119.80462646484376,877479,0.0,0.0,-0.021098549408198903
2026-03-22,117.48955978550111,122.97786104713296,115.9428612705775,121.65069580078124,232400,0.0,0.0,0.01529148573411359
2026-03-23,126.31075635532972,126.7298611556136,119.27574920654295,119.27574920654295,302388,0.0,0.0,-0.019715756187175453
2026-03-24,119.33562132850786,123.55662721762174,117.64922123561418,120.53307342529295,253077,0.0,0.0,0.010486150810831112
2026-03-25,121.23158415670169,123.54664912659317,117.0804365890054,119.24581909179688,329151,0.0,0.0,-0.010737114403907328
2026-03-26,119.076183816162,119.24582039458426,116.36196810873928,117.44964599609376,384653,0.0,0.0,-0.01517737210838349
2026-03-29,113.8373487311403,114.70549333107054,111.47238708294564,114.35623931884766,330379,0.0,0.0,-0.02669121469029094
2026-03-30,114.326306077204,117.7190757040346,112.56007426687106,116.65135192871094,494463,0.0,0.0,0.019871105688020294
2026-03-31,123.31714423522016,127.02923292506968,120.6428443542766,123.70631408691406,309531,0.0,0.0,0.058720733627659755
2026-04-01,121.740501454875,124.80397114597513,118.58721923828124,118.58721923828124,384579,0.0,0.0,-0.042261604476800524
2026-04-06,122.73836994281332,127.17890141986813,120.74262409008465,121.72054290771484,279282,0.0,0.0,0.02607906815163573
2026-04-07,127.9273052075687,132.7170982654218,127.9273052075687,131.79905700683594,368293,0.0,0.0,0.07955068199589431
2026-04-08,127.54812110287324,130.20245921055528,125.79186256626548,127.10905456542967,435994,0.0,0.0,-0.03623305196019073
2026-04-09,121.66066733062152,127.10905268345792,119.82458477061788,126.65003204345705,293376,0.0,0.0,-0.003617785898913639
2026-04-12,127.91732930809464,133.4555269406061,126.12115504534334,132.09841918945312,417230,0.0,0.0,0.0421196152293334
2026-04-13,135.9102985787506,136.4192235499495,131.73919677734375,131.73919677734375,459873,0.0,0.0,-0.0027230585204006375
2026-04-14,136.43916602469275,137.8062623384811,135.1319548788292,137.12770080566406,353057,0.0,0.0,0.04008842817610457
2026-04-15,143.9032593038703,149.4514302570186,143.48413928176052,148.56332397460938,644915,0.0,0.0,0.08009867708065087
2026-04-16,148.6830712492274,151.66671688530587,147.38583335413531,148.4236297607422,395273,0.0,0.0,-0.0009407431701130671
2026-04-19,149.1520691854726,151.65672477710513,143.9531444815377,144.49200439453125,320063,0.0,0.0,-0.026846375139432284
2026-04-20,145.6894448506279,147.40578747382406,140.021534030832,141.92745971679688,224552,0.0,0.0,-0.017908093102113092
2026-04-21,142.35655281919466,143.47416560458873,137.52685159507618,140.28097534179688,198371,0.0,0.0,-0.011668701940349293
2026-04-22,138.55466503080635,142.27672686644084,137.48693366695525,141.32875061035156,188351,0.0,0.0,0.007441363042106823
2026-04-23,134.6330220493049,139.3629455056919,133.0663693719342,138.04574584960938,264703,0.0,0.0,-0.023503619221572618
2026-04-26,135.28163863586698,139.41283190226343,134.72281701235366,137.82620239257812,214853,0.0,0.0,-0.0015916333993183233
2026-04-27,137.20753333147834,138.6843810632366,135.51115232828306,135.71072387695312,170642,0.0,0.0,-0.015467898412823342
2026-04-28,134.63302380611253,137.89607279095648,133.41561752372633,134.55319213867188,230535,0.0,0.0,-0.008565988632696106
2026-04-29,133.88461396468833,136.48906301390505,132.72707767029576,134.11412048339844,391530,0.0,0.0,-0.003268518539747693
2026-04-30,136.25956170811452,137.82621440631755,134.45341400753,135.87039184570312,158066,0.0,0.0,0.013010347301987048
2026-05-03,136.20966321397174,138.3750457763672,133.03643441257205,138.3750457763672,277295,0.0,0.0,0.018266291635381425
2026-05-04,138.36507011201243,140.12132106328554,135.93025762130057,135.99012756347656,161394,0.0,0.0,-0.01738543018646095
2026-05-05,135.9901198007931,136.20965306046233,129.3243360292576,132.50753784179688,324113,0.0,0.0,-0.02594275847595039
2026-05-06,131.01072725029215,132.35786176517064,127.27869232325394,129.64364624023438,385028,0.0,0.0,-0.021850029413488865
2026-05-07,127.98717444484124,131.32008154900657,126.24090445882555,129.21456909179688,157911,0.0,0.0,-0.0033151549071697723
2026-05-10,125.34282225571675,129.40415725739248,122.15960509891713,129.3243408203125,215191,0.0,0.0,0.0008491699384761743
2026-05-11,128.9651045076036,129.14471432852673,122.74835272905187,125.66213989257812,287389,0.0,0.0,-0.028726642741892138
2026-05-12,124.84388527364204,126.37062966769128,122.57870941576309,125.2330551147461,193229,0.0,0.0,-0.003420433748477738
2026-05-13,124.39484308285556,126.53029054356855,118.98636601734763,121.34134674072266,428489,0.0,0.0,-0.03156882095345753
2026-05-14,121.54092732725935,123.11756078891752,120.96215919399472,121.85026550292967,217174,0.0,0.0,0.0041853376471985854
2026-05-17,127.72773418099524,132.41773387518717,124.28507564091458,125.25300598144533,307321,0.0,0.0,0.02754278052746263
2026-05-18,129.01498743223394,132.03855648895134,128.63580606388732,129.98292541503906,277197,0.0,0.0,0.037067359339261176
2026-05-19,129.7234768272104,131.70924937704493,127.63792612330802,128.42623901367188,177360,0.0,0.0,-0.012048374800579202
2026-05-20,131.71923116897926,131.71923116897926,127.627953541667,128.186767578125,164908,0.0,0.0,-0.0018664019275024218
2026-05-21,128.22667435549056,128.56594750491283,126.09621347089366,127.67784118652344,150918,0.0,0.0,-0.00397809658175032
2026-05-24,127.80756972321964,128.3065062000156,124.6542875355491,126.82965087890624,113330,0.0,0.0,-0.006665371152387039
2026-05-25,127.53814233196772,128.12688373212882,124.44473763614111,127.04918670654295,149483,0.0,0.0,0.0017294539745347556
2026-05-26,126.82965673658892,131.7192359576502,126.23093445941478,130.3222198486328,196653,0.0,0.0,0.025435689597585413
2026-05-27,131.9187990236838,133.19109615220586,129.00501187927537,129.90309143066406,254340,0.0,0.0,-0.0032212760421821314
2026-05-28,132.57739806129922,132.9166712031089,129.19460943835557,131.97866821289062,421830,0.0,0.0,0.015851583143345338
2026-05-31,140.48055991575458,148.56333731744215,138.8340755540159,144.15274047851562,342186,0.0,0.0,0.08823313012190018
2026-06-01,145.5796825079947,159.81933361543034,145.21047439287364,159.739501953125,1045697,0.0,0.0,0.10267094042382492
2026-06-02,158.49216489116066,162.04459021108815,154.91977784855573,159.29046630859375,421689,0.0,0.0,-0.0028150079034966135
2026-06-03,162.45372552197244,164.29978141431675,157.52423052411947,158.8913116455078,454115,0.0,0.0,-0.002508973801332534
2026-06-04,160.5278157406279,166.70465170450203,160.16858087148444,165.2876739501953,364051,0.0,0.0,0.03946704037218808
2026-06-08,164.15009802384915,167.42312003685635,159.94904626237582,165.43734741210938,341079,0.0,0.0,0.0009051233651197361
2026-06-09,166.44521087614729,167.15369214292562,160.89703971799784,161.23631286621094,294696,0.0,0.0,-0.025721487033977627
2026-06-10,160.31826662497056,162.87281885827605,159.8792001049339,162.4437255859375,294740,0.0,0.0,0.007460567082753123
2026-06-11,165.56708311889088,165.9861879435953,162.1443861039716,163.6511688232422,174469,0.0,0.0,0.007405505429055556
2026-06-14,165.64690968030357,165.83650797699428,162.0745226925684,164.1999969482422,286180,0.0,0.0,0.0033480352975119795
2026-06-15,161.75520620790968,164.76877145935185,161.75520620790968,163.76092529296875,200131,0.0,0.0,-0.0026775867966149763
2026-06-16,162.73312811555203,168.95986101939877,160.49788714911986,168.54074096679688,242999,0.0,0.0,0.028769915083853747
2026-06-17,167.84222036630965,173.7695878861421,166.90421739497828,167.25347900390625,249488,0.0,0.0,-0.007667006708786563
2026-06-18,166.1957433839499,172.4324493408203,164.25986741872404,172.4324493408203,1333236,0.0,0.0,0.030495061741489197
2026-06-21,172.41247995064816,178.17021089733936,170.1772391536343,174.26852416992188,436642,0.0,0.0,0.010591790242973069
2026-06-22,171.04540836475323,173.3504924747222,168.14159438602186,172.56216430664062,319163,0.0,0.0,-0.009839807650772739
2026-06-23,173.47022865794457,181.16383574367663,173.1409287597823,178.60928344726562,660763,0.0,0.0,0.03444310173473178
2026-06-24,179.61713188593086,185.64427783407228,178.6292321790784,184.99566650390625,363486,0.0,0.0,0.035131754421174784
2026-06-25,179.8067229034126,189.37632049933117,179.11818815618125,188.47824096679688,500441,0.0,0.0,0.018650167187568706
2026-06-28,193.13831556227288,198.0179137556384,185.60437162574615,197.0300140380859,379355,0.0,0.0,0.04437350496801236
2026-06-29,199.27522214995568,202.99728393554688,197.8981678530386,202.99728393554688,509856,0.0,0.0,0.029836526668088118
2026-06-30,205.06288724245763,212.04799775679925,202.4384765625,202.4384765625,395579,0.0,0.0,-0.0027565783847597427
2026-07-01,201.26100221925736,207.28814827235848,198.18755163741557,205.49197387695312,305987,0.0,0.0,0.014970955674051392
2026-07-02,203.5660797655132,211.84842821300407,201.58030713337965,209.2040557861328,265580,0.0,0.0,0.017903142512122525
2026-07-05,207.5476031077129,214.62251876283088,205.77139045123567,213.3153076171875,170562,0.0,0.0,0.019461269445378782
2026-07-06,213.04587186918425,216.9475587038718,210.291748046875,210.291748046875,424439,0.0,0.0,-0.0142755455916636
2026-07-07,208.5554401217883,213.04586825838183,206.37009599243297,211.6787872314453,350999,0.0,0.0,0.006574128116351077
2026-07-08,205.5618306921241,211.27963851547835,204.75355602707225,209.9724273681641,202409,0.0,0.0,-0.00809374724565059
2026-07-09,207.86691554634675,209.04441356638463,194.5952020255002,196.6508331298828,403693,0.0,0.0,-0.06554648836874108
2026-07-12,195.68288380864377,199.7541918836677,195.59306367470043,198.55674743652344,267252,0.0,0.0,0.009645205081763924
2026-07-13,196.77057521877464,197.85825311186065,190.24447740759192,194.42556762695312,277201,0.0,0.0,-0.021025536470257317
2026-07-14,192.45974960777335,194.43554899750123,190.59373207714097,192.2102813720703,306320,0.0,0.0,-0.011459415896642929
2026-07-15,192.58947621436533,194.8247170674522,190.04489718802816,193.3977508544922,202457,0.0,0.0,0.006158965254112026
2026-07-16,192.85890655370832,195.16399059905288,185.02559791762172,186.7120056152344,165057,0.0,0.0,-0.03518160065726747
2026-07-19,191.77121145156696,192.92376868837044,185.2650909423828,185.2650909423828,161446,0.0,0.0,-0.007779629357962757
2026-07-20,182.7304940427026,182.920092343889,173.23075429753652,179.65704345703125,334604,0.0,0.0,-0.030738004092492912
2026-07-21,177.62137951243835,178.18018591064632,171.67405021794124,173.0810546875,312566,0.0,0.0,-0.03728971036298663
2026-07-22,170.68616558839915,173.13095119107584,161.7651792694873,161.78514099121094,400886,0.0,0.0,-0.06749084422637305
2026-07-23,158.42229868149056,161.44585239922296,154.88983525801734,159.4800567626953,330115,0.0,0.0,-0.01435028631672503
2026-07-26,159.0809036950374,162.0046793531648,157.09513104513974,161.89491271972656,232077,0.0,0.0,0.015028559392038265
2026-07-27,160.02888681701418,162.81296099078682,157.46436114587013,162.79299926757812,207482,0.0,0.0,0.0055320127731955234
2026-07-28,168.4409564654728,171.24497700977363,161.98471728155613,163.59129333496094,235260,0.0,0.0,0.004891752926576143
2026-07-29,162.90276395830278,164.27983354290376,160.25840665226946,160.35818481445312,148583,0.0,0.0,-0.01996123525918344
2026-07-30,160.8571135695608,161.86497497558594,156.74588196274968,161.86497497558594,226654,0.0,0.0,0.009352531613954175
2026-08-02,159.64969155383454,165.24775915998708,158.02315384624393,164.33969116210938,131293,0.0,0.0,0.015173073356167787
2026-08-03,166.22567524458816,173.56003217685256,165.84647865707814,172.45240783691406,330257,0.0,0.0,0.04818572856790989
2026-08-04,175.14666769543192,182.06192005853407,173.11099831293444,179.7568359375,254846,0.0,0.0,0.0414837243210253
2026-08-05,178.9485504616659,179.16308948261755,175.47595700436707,177.6114044189453,174309,0.0,0.0,-0.012006983561299636
2026-08-06,176.08467145555386,178.46958725116315,173.96917039960348,175.70547485351562,257657,0.0,0.0,-0.010788887623204152
2026-08-09,176.07468115413252,178.0504653561308,174.2086635870415,176.23434448242188,155141,0.0,0.0,0.0030054571716306407
2026-08-10,177.16234943216145,183.3391851704785,176.51373813232803,181.94216918945312,215453,0.0,0.0,0.03187427276122476
2026-08-11,182.1118056765854,183.40404926504843,179.12816020073325,181.2835693359375,213933,0.0,0.0,-0.003626398161907858
2026-08-12,181.43326513847632,183.7882306580269,179.70693399046775,183.3192443847656,232332,0.0,0.0,0.011166651080200443
2026-08-13,181.04407874014703,185.20522226566837,178.06044841838536,178.47955322265625,201535,0.0,0.0,-0.026755090908653592
2026-08-16,172.58211756025045,177.46171550431066,168.65049583993357,175.48593139648438,260376,0.0,0.0,-0.016915170176660884
2026-08-17,171.5842457081273,201.07139356678596,166.7545444251605,196.3314971923828,628689,0.0,0.0,0.1122456660690051
2026-08-18,196.05210516986048,204.2346605426952,193.6671893619306,198.4270477294922,457076,0.0,0.0,0.01061697206178807
2026-08-19,198.0179172934865,207.9966471290677,198.0179172934865,205.57180786132812,425233,0.0,0.0,0.03537388804148819
2026-08-20,205.44208330100693,208.9446117970108,191.1924591064453,191.1924591064453,318754,0.0,0.0,-0.07251484286229926
2026-08-23,191.1724988918367,194.76483232537024,187.39055193793143,193.0185546875,256052,0.0,0.0,0.009505762541415472
2026-08-24,194.58523034126048,194.58523034126048,186.86168802469663,190.1945953369141,208178,0.0,0.0,-0.014738588537485593
2026-08-25,188.59798655077483,189.4062611997792,183.27932192829408,184.2073516845703,199364,0.0,0.0,-0.03198569957338409
2026-08-26,184.1075555180603,187.27081087785027,178.63921612702163,178.85874938964844,361096,0.0,0.0,-0.029465649675344704
2026-08-27,180.06617096042544,186.7569109239565,180.06617096042544,181.0939788818359,223412,0.0,0.0,0.012419732084334603
2026-08-30,179.50735931251523,180.9542720040116,176.33910974019898,179.0084228515625,252383,0.0,0.0,-0.011583257088856163
2026-08-31,175.2564258620923,177.8009896277533,173.13095166945874,176.04473876953125,175444,0.0,0.0,-0.016694699480781124
2026-09-01,172.78169616802782,173.11099607052896,168.78023109763456,172.05325317382812,246843,0.0,0.0,-0.022934119920126644
2026-09-02,172.0532536501225,174.34836449957513,170.90071160134443,172.33265686035156,212138,0.0,0.0,0.001622620088023281
2026-09-03,173.1309620353076,177.39188392341154,172.65198726826625,173.5800018310547,249448,0.0,0.0,0.007211938307384785
2026-09-06,170.60000610351562,171.6999969482422,168.0,168.61000061035156,106580,0.37,0.0,-0.02905023935507346
2026-09-07,169.8699951171875,170.13999938964844,167.44000244140625,169.58999633789062,129927,0.0,0.0,0.0057953783516190545
2026-09-08,169.57000732421875,171.22000122070312,165.19500732421875,166.50999450683594,187831,0.0,0.0,-0.018328403074379752
2026-09-09,165.0,167.75,162.75,166.8699951171875,193944,0.0,0.0,0.0021597022106047492
2026-09-10,163.4600067138672,166.22000122070312,160.38999938964844,164.35000610351562,179285,0.0,0.0,-0.015216699650104632
2026-09-13,165.13999938964844,166.0800018310547,162.77999877929688,165.39999389648438,174585,0.0,0.0,0.0063684084405147695
2026-09-14,165.66000366210938,168.75,164.69000244140625,165.4499969482422,187885,0.0,0.0,0.00030227023437950153
2026-09-15,165.0,166.0,162.4949951171875,165.30999755859375,128434,0.0,0.0,-0.0008465316261579002
2026-09-16,166.99000549316406,169.99000549316406,164.13999938964844,169.22000122070312,183211,0.0,0.0,0.023377166413793185
2026-09-17,169.5,170.3699951171875,167.52999877929688,169.57000732421875,267429,0.0,0.0,0.0020662134018677816
2026-09-20,168.0,169.0,164.4199981689453,165.57000732421875,104461,0.0,0.0,-0.023871753756020873
2026-09-21,166.1999969482422,167.83999633789062,163.5,164.3300018310547,126454,0.0,0.0,-0.0075174980201614
2026-09-22,164.0800018310547,164.6649932861328,159.7100067138672,161.30999755859375,160556,0.0,0.0,-0.018548647980921127
2026-09-23,159.2100067138672,163.9600067138672,158.22999572753906,163.6699981689453,148970,0.0,0.0,0.014524229975489505
2026-09-24,163.0,163.4499969482422,158.09500122070312,161.0,134378,0.0,0.0,-0.01644782934585052
2026-09-27,161.0,162.5800018310547,158.92999267578125,162.14999389648438,115600,0.0,0.0,0.007117430127693853
