Date,Open,High,Low,Close,Volume,Dividends,Stock Splits,Capital Gains
2010-02-10,79.69384135591079,80.10328784527805,78.99405244134739,79.6640625,240511500,0.0,0.0,0.0
2010-02-11,79.55981747798283,80.58716216573772,79.09825385782571,80.4978256225586,223591600,0.0,0.0,0.0
2010-02-12,79.64912251154918,80.47546680883909,79.29178781418373,80.43080139160156,304622100,0.0,0.0,0.0
2010-02-16,81.04127827439915,81.77828628394326,80.26704528589715,81.69639587402344,159317500,0.0,0.0,0.0
2010-02-17,82.09093654402147,82.19516532488538,81.69637684977845,82.08349609375,168845100,0.0,0.0,0.0
2010-02-18,81.9494998716517,82.73861931521101,81.91972102928844,82.56739807128906,193708600,0.0,0.0,0.0
2010-02-19,82.35153373799511,83.05876302557145,82.15797403665623,82.7386474609375,222684900,0.0,0.0,0.0
2010-02-22,83.0438308153265,83.06616352249317,82.50782312439746,82.75349426269531,132346900,0.0,0.0,0.0
2010-02-23,82.53019143450413,82.78330313122663,81.53261987276709,81.7485122680664,207497000,0.0,0.0,0.0
2010-02-24,81.99418291779571,82.63441396687278,81.78573665618637,82.50041198730469,176350700,0.0,0.0,0.0
2010-02-25,81.32416333254845,82.44829060058854,81.10083051302833,82.38873291015625,259634700,0.0,0.0,0.0
2010-02-26,82.46315912510372,82.7237225437519,81.97182248596779,82.44082641601562,173589300,0.0,0.0,0.0
2010-03-01,82.78327625535346,83.37884168211887,82.760943545803,83.29695129394531,147709700,0.0,0.0,0.0
2010-03-02,83.65431726300781,83.92976167132353,83.37886717495752,83.52775573730469,160992400,0.0,0.0,0.0
2010-03-03,83.74364579550961,84.10098628681607,83.39375143603344,83.60220336914062,150785000,0.0,0.0,0.0
2010-03-04,83.71386043761166,83.97442391379836,83.40119108186838,83.85530853271484,135770400,0.0,0.0,0.0
2010-03-05,84.39876123737336,85.120876925221,84.19775545478166,85.05387878417969,176118800,0.0,0.0,0.0
2010-03-08,85.06130802419437,85.25486195747894,84.91985995932792,85.0687484741211,114631200,0.0,0.0,0.0
2010-03-09,84.81567573889242,85.60479545251381,84.7710102999283,85.21023559570312,154556700,0.0,0.0,0.0
2010-03-10,85.24743372010302,85.8206608318833,85.17298945204155,85.58988189697266,186088800,0.0,0.0,0.0
2010-03-11,85.38887929782818,85.9695582416414,85.12832151006612,85.94721984863281,160791100,0.0,0.0,0.0
2010-03-12,86.31943937946026,86.33433164017151,85.71643345452044,85.95465850830078,162074800,0.0,0.0,0.0
2010-03-15,85.80579896578502,86.03657796716956,85.31445643153187,85.97702026367188,146816800,0.0,0.0,0.0
2010-03-16,86.21522638336371,86.74378810592847,85.97700130164813,86.66190338134766,168673000,0.0,0.0,0.0
2010-03-17,86.92241033419721,87.45841787446822,86.66929313807782,87.17552185058594,177468100,0.0,0.0,0.0
2010-03-18,87.18300907519026,87.30211876265909,86.78100323048301,87.13089752197266,196509100,0.0,0.0,0.0
2010-03-19,86.68984985351562,87.67657550796504,86.35346260803755,86.68984985351562,226641100,0.48,0.0,0.0
2010-03-22,86.19650354116308,87.31031211359502,86.14417738497067,87.15332794189453,184477800,0.0,0.0,0.0
2010-03-23,87.28040740969183,87.84104722092525,86.99634625533481,87.76629638671875,182941600,0.0,0.0,0.0
2010-03-24,87.43737590835318,87.78123426901647,86.39832403285777,87.34019470214844,196072600,0.0,0.0,0.0
2010-03-25,87.93070116251769,88.3343623054184,87.0934831207564,87.19813537597656,223396300,0.0,0.0,0.0
2010-03-26,87.36262489206767,87.77375728401658,86.80198514594628,87.14584350585938,205808500,0.0,0.0,0.0
2010-03-29,87.58689889772633,87.85600649826173,87.22809256576167,87.69902801513672,134513500,0.0,0.0,0.0
2010-03-30,87.80365367338403,88.08023798525454,87.39252130522861,87.75880432128906,145772500,0.0,0.0,0.0
2010-03-31,87.42241482961819,87.84850077296142,87.168260903434,87.45979309082031,161078700,0.0,0.0,0.0
2010-04-01,88.05780029296875,88.39418179020305,87.53453321567831,88.05780029296875,161215200,0.0,0.0,0.0
2010-04-05,88.39420737459729,88.83524127431616,88.14752449689543,88.77544403076172,105847600,0.0,0.0,0.0
2010-04-06,88.52129973654469,89.14174258407667,88.4241242086552,88.9847640991211,110384200,0.0,0.0,0.0
2010-04-07,88.8053739267432,89.223983281217,88.06532505678096,88.4764633178711,184576300,0.0,0.0,0.0
2010-04-08,88.16994727558499,88.93242057147847,87.9083165184148,88.78291320800781,158704000,0.0,0.0,0.0
2010-04-09,88.96979942121038,89.40336225122476,88.80534986445754,89.3659896850586,133006500,0.0,0.0,0.0
2010-04-12,89.47810939068609,89.73974585865793,89.37345708474652,89.50801086425781,110279000,0.0,0.0,0.0
2010-04-13,89.41832364492831,89.73228060311858,88.95485929965432,89.57530212402344,125043600,0.0,0.0,0.0
2010-04-14,89.90418887995524,90.59191131591797,89.76216401970679,90.59191131591797,161609000,0.0,0.0,0.0
2010-04-15,90.44243637678964,90.87599931281557,90.41253489467152,90.66669464111328,144615300,0.0,0.0,0.0
2010-04-16,90.34523281464932,90.66666651881354,88.76796576667168,89.22395324707031,366786700,0.0,0.0,0.0
2010-04-19,88.96229817967438,89.65001475778837,88.55863696127149,89.56031036376953,217947800,0.0,0.0,0.0
2010-04-20,90.12098523740771,90.4349478876924,89.60520045367815,90.36019134521484,157708000,0.0,0.0,0.0
2010-04-21,90.4125231121265,90.62183345967605,89.69490474418518,90.19574737548828,192910100,0.0,0.0,0.0
2010-04-22,89.56032281640142,90.57694994415027,89.0445381626609,90.4648208618164,115360300,0.0,0.0,0.0
2010-04-23,90.40505837183588,91.0927753098753,90.17332332511938,91.0553970336914,177335500,0.0,0.0,0.0
2010-04-26,91.08529251750932,91.28712607061605,90.62183386083609,90.71153259277344,143457300,0.0,0.0,0.0
2010-04-27,90.1882478809548,90.70403256686663,88.39419956107801,88.56613159179688,355853300,0.0,0.0,0.0
2010-04-28,88.9922372823279,89.46317271807932,88.40916702928622,89.2389144897461,300674100,0.0,0.0,0.0
2010-04-29,89.77710596039378,90.53210237968288,89.75468128410873,90.34522247314453,193775000,0.0,0.0,0.0
2010-04-30,90.3601938645425,90.45737509122343,88.79040338184575,88.81282806396484,270000900,0.0,0.0,0.0
2010-05-03,89.23890184851712,90.21067976280474,89.10434807120227,89.96399688720703,182747900,0.0,0.0,0.0
2010-05-04,88.96229599906519,88.97724387947464,87.39997730114594,87.8484878540039,360353400,0.0,0.0,0.0
2010-05-05,87.130907229574,88.05783590023333,86.68987327916838,87.32526397705078,328973200,0.0,0.0,0.0
2010-05-06,86.9066698429221,87.45983300178501,78.48959371955065,84.4249038696289,647356600,0.0,0.0,0.0
2010-05-07,84.20061191682308,85.04530705813774,81.7861266698309,83.16903686523438,637558800,0.0,0.0,0.0
2010-05-10,86.57023463565052,87.19815400423492,85.89747162354627,86.83187103271484,396159600,0.0,0.0,0.0
2010-05-11,86.01711126786999,87.72893245564131,85.89751105421787,86.5852279663086,317849800,0.0,0.0,0.0
2010-05-12,86.92905334155412,87.92325575969754,86.77954600247888,87.79617309570312,235607100,0.0,0.0,0.0
2010-05-13,87.55697542000122,87.96811351282892,86.63005264167975,86.70480346679688,234452500,0.0,0.0,0.0
2010-05-14,86.05446912695089,86.21144757813475,84.37254981739468,85.13501739501953,345601400,0.0,0.0,0.0
2010-05-17,85.36676582947393,85.60597195682561,83.55029233944829,85.17988586425781,325739800,0.0,0.0,0.0
2010-05-18,85.87506305092843,86.12922272037697,83.74463299772857,84.0212173461914,360556800,0.0,0.0,0.0
2010-05-19,83.5502643637836,84.29778397435135,82.49626467850652,83.54279327392578,394742700,0.0,0.0,0.0
2010-05-20,81.76372427821136,82.14496102254436,80.33596424061001,80.38829040527344,530418300,0.0,0.0,0.0
2010-05-21,79.16982105218541,81.76370984622777,78.75868290016776,81.56188201904297,500909400,0.0,0.0,0.0
2010-05-24,81.12084719169376,81.77119147887582,80.44060713088996,80.5153579711914,269823000,0.0,0.0,0.0
2010-05-25,78.57178722408315,80.63494295928119,78.02609539551509,80.59756469726562,396505200,0.0,0.0,0.0
2010-05-26,81.090956859297,81.83099992324847,79.87249583844246,80.11170196533203,349719300,0.0,0.0,0.0
2010-05-27,81.62168232103399,82.82518955994355,81.31519648981414,82.7952880859375,300870500,0.0,0.0,0.0
2010-05-28,82.7055730252395,82.76537596555899,81.36751217698318,81.7562255859375,297933500,0.0,0.0,0.0
2010-06-01,80.99374893564826,82.18977917593789,80.26118290858675,80.38078308105469,277909400,0.0,0.0,0.0
2010-06-02,80.79195707580384,82.48134804633006,80.36587093500746,82.473876953125,240243700,0.0,0.0,0.0
2010-06-03,82.7130699469308,83.01955011018661,81.91322396066128,82.75791931152344,226618300,0.0,0.0,0.0
2010-06-04,81.18811278962106,81.72632787098199,79.58094433920235,79.85005187988281,398475600,0.0,0.0,0.0
2010-06-07,80.13412370682366,80.44060957543415,78.79606822633139,78.85586547851562,264609100,0.0,0.0,0.0
2010-06-08,78.91565591374147,79.85753234947872,78.22793914617839,79.70055389404297,357774300,0.0,0.0,0.0
2010-06-09,80.16401204438192,80.94143322658309,78.93808017713623,79.27446746826172,268023300,0.0,0.0,0.0
2010-06-10,80.6274955355876,81.68897240726669,79.26700956823329,81.591796875,317890600,0.0,0.0,0.0
2010-06-11,80.87416558653021,82.04029460049915,80.82183943085528,81.98796844482422,214128200,0.0,0.0,0.0
2010-06-14,82.61587642632858,83.06439281801089,81.77865799518362,81.86088562011719,207196100,0.0,0.0,0.0
2010-06-15,82.43647883581745,83.79696458105069,82.29444825535757,83.72221374511719,238268700,0.0,0.0,0.0
2010-06-16,83.28864518850665,84.03616490271645,83.12418993888085,83.69230651855469,216374000,0.0,0.0,0.0
2010-06-17,83.93149554419307,83.96887380355747,83.01204967629414,83.82684326171875,263185800,0.0,0.0,0.0
2010-06-18,83.99285397253674,84.21817339747116,83.64735960343191,83.9177474975586,174006600,0.531,0.0,0.0
2010-06-21,84.96173049562648,85.02181222863253,83.21172180734995,83.6773910522461,213140700,0.0,0.0,0.0
2010-06-22,83.67739319539034,84.04541888934774,82.17524095690425,82.29541015625,239355400,0.0,0.0,0.0
2010-06-23,82.34799257782765,82.64091183195855,81.47674718176712,82.04005432128906,254639900,0.0,0.0,0.0
2010-06-24,81.63445755925764,81.73960774764538,80.47028739177921,80.68058776855469,268523600,0.0,0.0,0.0
2010-06-25,80.92095688000929,81.43168898010734,80.19241197087234,81.01860046386719,238726500,0.0,0.0,0.0
2010-06-28,81.13875983547557,81.35657261806305,80.47030248523589,80.76322174072266,169218600,0.0,0.0,0.0
2010-06-29,79.62909170240601,80.74819930294385,77.7739384066666,78.26964569091797,373649500,0.0,0.0,0.0
2010-06-30,78.0518359384347,78.77286838996046,77.27071601671766,77.52608489990234,284101700,0.0,0.0,0.0
2010-07-01,77.4735223290917,77.72888552333043,75.95634497773607,77.18060302734375,382924800,0.0,0.0,0.0
2010-07-02,77.44345358892834,77.67628533560206,76.3243518555621,76.75997161865234,233385200,0.0,0.0,0.0
2010-07-06,77.841532602622,78.38982071959823,76.51963695929037,77.2632064819336,256935300,0.0,0.0,0.0
2010-07-07,77.45849872693762,79.79434653779082,77.3758798734149,79.69670867919922,253769400,0.0,0.0,0.0
2010-07-08,80.36516896730353,80.57546942719917,79.54649850124444,80.48534393310547,210842100,0.0,0.0,0.0
2010-07-09,80.46278705183576,81.09369400670555,80.31257411176294,81.086181640625,144999900,0.0,0.0,0.0
2010-07-12,80.81579282371139,81.29648110265751,80.47781084735301,81.13875579833984,131283600,0.0,0.0,0.0
2010-07-13,81.979933400564,82.68594083078217,81.81469579021902,82.36298370361328,213025900,0.0,0.0,0.0
2010-07-14,82.10016843088287,82.67850053108859,81.76218630601582,82.35553741455078,184426800,0.0,0.0,0.0
2010-07-15,82.32546901961818,82.66345104329437,81.24391737544303,82.37804412841797,232337900,0.0,0.0,0.0
2010-07-16,81.93487316845992,82.02500434593847,79.95203310596992,80.1097640991211,282693400,0.0,0.0,0.0
2010-07-19,80.40269774955844,80.8383175268884,79.77930321941906,80.58295440673828,186709000,0.0,0.0,0.0
2010-07-20,79.51641400193732,81.53680443913217,79.47885791180995,81.47672271728516,258162400,0.0,0.0,0.0
2010-07-21,81.89736887785122,81.91990025233153,80.087272057826,80.4177474975586,264527000,0.0,0.0,0.0
2010-07-22,81.37162188186774,82.5733488161931,81.36411524296577,82.21282958984375,274781300,0.0,0.0,0.0
2010-07-23,82.04756700894214,83.04649978530085,81.81473520778219,82.92633056640625,222020800,0.0,0.0,0.0
2010-07-26,83.06900677002724,83.87265788322394,82.83617503721722,83.7900390625,184445700,0.0,0.0,0.0
2010-07-27,84.2482182154636,84.3383494247489,83.45207925600884,83.78255462646484,204855600,0.0,0.0,0.0
2010-07-28,83.609816567573,83.86518549871647,82.96389046735187,83.24179077148438,163056200,0.0,0.0,0.0
2010-07-29,83.76001744004404,83.98534259789646,82.1752518894407,82.83619689941406,220149100,0.0,0.0,0.0
2010-07-30,81.99499945534384,83.26432025397744,81.85229885290076,82.82118225097656,220070600,0.0,0.0,0.0
2010-08-02,84.1130285459122,84.82655442931036,83.77504652184687,84.69136047363281,188263200,0.0,0.0,0.0
2010-08-03,84.48104800533945,84.69885504655431,84.00786636273594,84.2857666015625,146657300,0.0,0.0,0.0
2010-08-04,84.51859997094306,84.95422552211248,84.24070545712453,84.84907531738281,158171700,0.0,0.0,0.0
2010-08-05,84.3083122879902,84.80402538247871,84.18063069586702,84.75895690917969,140473800,0.0,0.0,0.0
2010-08-06,83.92527423693679,84.54866901606816,83.30939182617973,84.4134750366211,239728300,0.0,0.0,0.0
2010-08-09,84.81153774015648,85.00681919027163,84.3608930885703,84.8641128540039,120800400,0.0,0.0,0.0
2010-08-10,84.1430768949061,84.85660281740546,83.64736951709509,84.40595245361328,242916300,0.0,0.0,0.0
2010-08-11,83.10660334328925,83.13664708639143,81.95745738835672,82.0926513671875,273406900,0.0,0.0,0.0
2010-08-12,80.85336493796812,81.88233580283678,80.81580883082013,81.58941650390625,239542600,0.0,0.0,0.0
2010-08-13,81.33402580018026,81.83724537630327,81.25140697660717,81.34904479980469,158698500,0.0,0.0,0.0
2010-08-16,80.79327136588354,81.57439134754522,80.50035208904254,81.31151580810547,147895300,0.0,0.0,0.0
2010-08-17,82.01002936327347,82.91131870076562,81.77719179571936,82.31045532226562,172270300,0.0,0.0,0.0
2010-08-18,82.27287855373517,82.90377974156839,81.79970266286026,82.46064758300781,182922100,0.0,0.0,0.0
2010-08-19,82.03252982003339,82.23531783895034,80.68810295828885,81.02608489990234,265847600,0.0,0.0,0.0
2010-08-20,80.78575310956677,81.0711657289432,80.17738322974914,80.76322174072266,209714200,0.0,0.0,0.0
2010-08-23,81.14628053811695,81.54435004260824,80.41773564261075,80.45529174804688,163490300,0.0,0.0,0.0
2010-08-24,79.57652087933684,79.90699624011131,78.84046941430216,79.26107025146484,280677800,0.0,0.0,0.0
2010-08-25,78.82545348751259,79.86944906085633,78.32974612122878,79.56902313232422,272234800,0.0,0.0,0.0
2010-08-26,79.94456057766202,80.04971079778481,78.77287769160374,79.03575897216797,224439500,0.0,0.0,0.0
2010-08-27,79.53148755551926,80.34265152455843,78.34478534862032,80.2600326538086,272649000,0.0,0.0,0.0
2010-08-30,80.04972597229724,80.2975825653958,79.08834907449975,79.09585571289062,167238600,0.0,0.0,0.0
2010-08-31,78.80293636841353,79.59908126773695,78.47997327959797,79.09585571289062,273933100,0.0,0.0,0.0
2010-09-01,80.16235721303512,81.57437826286136,80.10978211358031,81.46171569824219,256828100,0.0,0.0,0.0
2010-09-02,81.65700686563612,82.23533302883908,81.48425681518202,82.2203140258789,156112200,0.0,0.0,0.0
2010-09-03,83.0239668128162,83.36194882283334,82.5808288591921,83.2868423461914,212197300,0.0,0.0,0.0
2010-09-07,82.896310797019,83.00146104280033,82.28042833018891,82.3480224609375,141973700,0.0,0.0,0.0
2010-09-08,82.51323634151898,83.2568002160591,82.47568023734487,82.92633056640625,149924400,0.0,0.0,0.0
2010-09-09,83.85769082200609,83.88022219974846,83.08408295813786,83.30940246582031,147017900,0.0,0.0,0.0
2010-09-10,83.45958496333095,83.82761067726463,83.27181592332816,83.72997283935547,127819000,0.0,0.0,0.0
2010-09-13,84.55616570126371,84.83406024673116,84.21817795020577,84.66131591796875,178503500,0.0,0.0,0.0
2010-09-14,84.49607155606664,85.08942243506893,84.18062093085224,84.60873413085938,209823600,0.0,0.0,0.0
2010-09-15,84.3608821195637,85.02933950738966,84.1055189512962,84.93170166015625,168608400,0.0,0.0,0.0
2010-09-16,84.66881267255752,84.9617318979744,84.38340008248038,84.9091567993164,199962900,0.0,0.0,0.0
2010-09-17,85.35614723998567,85.43920835302187,84.70676349857452,84.94084167480469,195836900,0.602,0.0,0.0
2010-09-20,85.23535121392831,86.42840591153123,84.9635158205268,86.23963165283203,214555200,0.0,0.0,0.0
2010-09-21,86.30760221995351,86.71534959087784,85.71107481006483,86.06597137451172,268389100,0.0,0.0,0.0
2010-09-22,85.93002980436513,86.4132913610652,85.40145851608355,85.6430892944336,191322400,0.0,0.0,0.0
2010-09-23,84.94088033748635,85.83189524213162,84.70680205471037,84.94843292236328,202354300,0.0,0.0,0.0
2010-09-24,85.89229505238215,86.76065786883473,85.81678649463272,86.70024871826172,209671800,0.0,0.0,0.0
2010-09-27,86.73045290928815,86.82861345783412,86.20188724645031,86.28494262695312,128761800,0.0,0.0,0.0
2010-09-28,86.39821606556917,86.8663783808783,85.46189719588507,86.58699035644531,209207500,0.0,0.0,0.0
2010-09-29,86.36802762678204,86.76823403740828,86.09619213624941,86.43598937988281,179665800,0.0,0.0,0.0
2010-09-30,86.87394651760889,87.43271690557087,85.77149939191183,86.17925262451172,287106700,0.0,0.0,0.0
2010-10-01,86.82861420735111,86.92678051767813,86.02821312216359,86.54167938232422,174638700,0.0,0.0,0.0
2010-10-04,86.36046578820059,86.72290920527794,85.46189830843359,85.89230346679688,166153200,0.0,0.0,0.0
2010-10-05,86.68515635351173,87.832901502975,86.586990035622,87.62147521972656,229634100,0.0,0.0,0.0
2010-10-06,87.60640767820075,87.8404918159965,87.25906352640001,87.61396026611328,148626600,0.0,0.0,0.0
2010-10-07,87.96881128647432,87.99146327750256,86.9796359386831,87.5082015991211,164860000,0.0,0.0,0.0
2010-10-08,87.62901984602334,88.24064664714963,87.29677528198752,87.99901580810547,177760100,0.0,0.0,0.0
2010-10-11,88.13494886037087,88.32372316627094,87.78005224352921,88.08209228515625,103098300,0.0,0.0,0.0
2010-10-12,87.79513635752842,88.61064259956356,87.32697984745661,88.35391235351562,182210000,0.0,0.0,0.0
2010-10-13,88.84472504997746,89.51676098918274,88.63329302874567,89.04104614257812,194347200,0.0,0.0,0.0
2010-10-14,88.95800082893251,89.10902372810835,88.13494763192874,88.69371795654297,217764300,0.0,0.0,0.0
2010-10-15,89.31289672755423,89.36575330161001,88.16515150765673,88.87493896484375,243705000,0.0,0.0,0.0
2010-10-18,88.90513595083176,89.60737652384105,88.58044394909768,89.3128890991211,141204800,0.0,0.0,0.0
2010-10-19,88.48980756681854,88.9881685252032,87.60633981538709,88.14246368408203,280604700,0.0,0.0,0.0
2010-10-20,88.30104023727499,89.43368567588168,88.24818368057733,89.00328063964844,200051800,0.0,0.0,0.0
2010-10-21,89.40352550240816,89.92453874545896,88.50495783140236,89.19964599609375,221585500,0.0,0.0,0.0
2010-10-22,89.33554859427737,89.5016709013393,89.1014703039271,89.36575317382812,108212400,0.0,0.0,0.0
2010-10-25,89.9622646967787,90.43042695535253,89.56206417036995,89.63002014160156,151145700,0.0,0.0,0.0
2010-10-26,89.17695648925087,89.73572666835442,89.00328740159242,89.6451187133789,158982900,0.0,0.0,0.0
2010-10-27,89.01838603621812,89.48654825629191,88.5426769939171,89.38838195800781,190024000,0.0,0.0,0.0
2010-10-28,89.90186453964299,89.93962170139235,88.97309827432254,89.40350341796875,168576000,0.0,0.0,0.0
2010-10-29,89.31288111122258,89.64512566772864,89.1543114167811,89.47145080566406,144305500,0.0,0.0,0.0
2010-11-01,89.90940869133927,90.4228749339275,88.98818933602504,89.50165557861328,174074800,0.0,0.0,0.0
2010-11-02,90.17371438983153,90.422897870973,89.93208349443417,90.21147155761719,158345900,0.0,0.0,0.0
2010-11-03,90.37001701319758,90.6267472501733,89.4412450879892,90.57389068603516,226702800,0.0,0.0,0.0
2010-11-04,91.57816341450746,92.36346498733084,90.58898818610217,92.31816101074219,215039400,0.0,0.0,0.0
2010-11-05,92.37855630374747,92.81651390886609,92.2577437897786,92.66549682617188,180654100,0.0,0.0,0.0
2010-11-08,92.3785632174932,92.64285177338644,92.0765290295001,92.49182891845703,156107100,0.0,0.0,0.0
2010-11-09,92.74104430336902,92.83920487223817,91.45738127874549,91.82737731933594,186621600,0.0,0.0,0.0
2010-11-10,91.80470921023928,92.24266692235852,91.11002124262977,92.19735717773438,221387400,0.0,0.0,0.0
2010-11-11,91.40450919485085,91.98593144571254,91.1251211849421,91.85001373291016,158017600,0.0,0.0,0.0
2010-11-12,91.23084238606673,91.63104297554672,90.3473800552221,90.76268005371094,239068800,0.0,0.0,0.0
2010-11-15,91.0496442458513,91.40454093925236,90.59658696614316,90.63433837890625,163940800,0.0,0.0,0.0
2010-11-16,90.07555552377417,90.22657267590523,88.79188668691984,89.22229766845703,299566200,0.0,0.0,0.0
2010-11-17,89.26004079860236,89.63758940485359,88.99575792641342,89.26759338378906,172308900,0.0,0.0,0.0
2010-11-18,90.12840947070899,90.90615872724467,90.1208568850425,90.58146667480469,197723700,0.0,0.0,0.0
2010-11-19,90.53617806762725,90.86841700125667,90.04536361272918,90.8306655883789,156852900,0.0,0.0,0.0
2010-11-22,90.37755559076949,90.79285545579907,89.68286201998447,90.7551040649414,181361000,0.0,0.0,0.0
2010-11-23,89.68292276578097,89.87169713073128,89.09394766888583,89.44129180908203,222309000,0.0,0.0,0.0
2010-11-24,90.0075828627119,90.7853378086258,89.99248345370304,90.76268005371094,140046100,0.0,0.0,0.0
2010-11-26,89.9773866048299,90.4681951841968,89.70555114746094,89.70555114746094,76007800,0.0,0.0,0.0
2010-11-29,89.47900437556903,90.21900205205117,88.90512897917066,89.97737121582031,223642300,0.0,0.0,0.0
2010-11-30,89.08635544527768,89.98491704711273,88.95798456421538,89.47145080566406,233930700,0.0,0.0,0.0
2010-12-01,90.76267312961325,91.54797483965532,90.75512630615174,91.37430572509766,221037200,0.0,0.0,0.0
2010-12-02,91.51774545050834,92.61263945364018,91.46488889593869,92.544677734375,191213600,0.0,0.0,0.0
2010-12-03,92.22759177073888,92.89962796522784,92.20493977152128,92.79391479492188,151288900,0.0,0.0,0.0
2010-12-06,92.5975657955739,92.90715840691631,92.49940523538291,92.69573211669922,103050500,0.0,0.0,0.0
2010-12-07,93.58673150106603,93.63958806485194,92.69571673943675,92.74857330322266,206581000,0.0,0.0,0.0
2010-12-08,92.8618151559378,93.16384929372384,92.43141017256761,93.08834075927734,138019200,0.0,0.0,0.0
2010-12-09,93.60939826863621,93.64714967105236,92.99021881185533,93.4508285522461,123705100,0.0,0.0,0.0
2010-12-10,93.73777077901764,94.08511481761002,93.4281839067453,93.9945068359375,117571700,0.0,0.0,0.0
2010-12-13,94.42492586036306,94.5381858540408,94.02471942593787,94.05492401123047,133812700,0.0,0.0,0.0
2010-12-14,94.19840203439915,94.56085132653777,93.85105791660669,94.13799285888672,147249600,0.0,0.0,0.0
2010-12-15,93.96430136209722,94.33429739259154,93.54899558026248,93.70756530761719,160823100,0.0,0.0,0.0
2010-12-16,93.76797419587724,94.31919770825954,93.44328215673363,94.25123596191406,185035200,0.0,0.0,0.0
2010-12-17,94.18520739643259,94.47365130032597,93.98784799312016,94.35220336914062,141075300,0.653,0.0,0.0
2010-12-20,94.61025081014,94.80761014454625,94.10926885816131,94.57988739013672,119085500,0.0,0.0,0.0
2010-12-21,94.87591416257116,95.24026937553639,94.78482970275208,95.1795425415039,94965500,0.0,0.0,0.0
2010-12-22,95.2478918128594,95.50597225230644,95.19475726407727,95.4756088256836,78878100,0.0,0.0,0.0
2010-12-23,95.36932216126434,95.47559123925403,95.10364946629014,95.33895874023438,70053700,0.0,0.0,0.0
2010-12-27,94.98218869592205,95.46799181369686,94.91387534712402,95.37690734863281,58126000,0.0,0.0,0.0
2010-12-28,95.56669197890179,95.60464191592672,95.26306352654706,95.51355743408203,55309100,0.0,0.0,0.0
2010-12-29,95.62743433104168,95.79442450524027,95.5667074724793,95.5818862915039,58033100,0.0,0.0,0.0
2010-12-30,95.49077292174363,95.74126100291845,95.28582128387396,95.43004608154297,76616900,0.0,0.0,0.0
2010-12-31,95.28584675282929,95.54393299705086,95.1340354029802,95.45284271240234,91218900,0.0,0.0,0.0
2011-01-03,96.18156519785813,96.85713567327466,95.4149044211418,96.43965148925781,138725200,0.0,0.0,0.0
2011-01-04,96.65217790084233,96.68254133089141,95.78684041375624,96.38650512695312,137409700,0.0,0.0,0.0
2011-01-05,96.08286354256352,96.94820091189291,95.99177326481202,96.8874740600586,133975300,0.0,0.0,0.0
2011-01-06,96.92543093132673,97.03170002767219,96.40926426712105,96.69770812988281,122519000,0.0,0.0,0.0
2011-01-07,96.82675714710906,96.98616080611282,95.75647378201762,96.50794982910156,156034600,0.0,0.0,0.0
2011-01-10,96.08287661769454,96.52313766655787,95.79442692784441,96.38650512695312,122401700,0.0,0.0,0.0
2011-01-11,96.73566542461644,96.96338243851083,96.36371779016206,96.72807312011719,110287000,0.0,0.0,0.0
2011-01-12,97.32013876851865,97.70725937983897,96.75083182874894,97.60099029541016,107929200,0.0,0.0,0.0
2011-01-13,97.63895451690942,97.68449675956111,97.1986935338389,97.44158935546875,129048400,0.0,0.0,0.0
2011-01-14,97.30496335927069,98.17030072354787,97.23664999477943,98.14752960205078,117677900,0.0,0.0,0.0
2011-01-18,98.05645261311096,98.40562918144566,97.94259698347186,98.31454467773438,114401300,0.0,0.0,0.0
2011-01-19,98.23100855766631,98.32967953756362,97.09240637339296,97.3504867553711,151958400,0.0,0.0,0.0
2011-01-20,97.13035291985923,97.464338944237,96.50032500995553,97.22144317626953,175745700,0.0,0.0,0.0
2011-01-21,97.82872158293314,98.04884628323714,97.33532026179397,97.44158935546875,151462900,0.0,0.0,0.0
2011-01-24,97.3808572900116,98.10956788080605,97.35808616990509,97.99571228027344,113715500,0.0,0.0,0.0
2011-01-25,97.73761501974465,98.13233371777714,97.24422533404999,98.04883575439453,167552200,0.0,0.0,0.0
2011-01-26,98.29177137977645,98.71684783098901,98.09440618281018,98.42839813232422,141281500,0.0,0.0,0.0
2011-01-27,98.451166479232,98.83829876545417,98.27658399508209,98.67130279541016,123302700,0.0,0.0,0.0
2011-01-28,98.78513238565316,98.94454179958079,96.78878515904127,96.94818878173828,295637300,0.0,0.0,0.0
2011-01-31,97.21388982282313,97.75282186890617,96.97098238954453,97.67691040039062,149249200,0.0,0.0,0.0
2011-02-01,98.26897891183359,99.41516777830883,98.20825206306864,99.24058532714844,167194300,0.0,0.0,0.0
2011-02-02,98.98247920403105,99.31647103336189,98.92935045797957,99.0508041381836,118323600,0.0,0.0,0.0
2011-02-03,98.87624676050612,99.42277694143878,98.352499287705,99.27096557617188,145886700,0.0,0.0,0.0
2011-02-04,99.30888492175768,99.58973642370778,98.85343941038843,99.5517807006836,134634800,0.0,0.0,0.0
2011-02-07,99.77194245618745,100.50064156175223,99.7643443601635,100.17424774169922,112439100,0.0,0.0,0.0
2011-02-08,100.2653385488385,100.68282847022759,99.99207347142601,100.62969970703125,99072800,0.0,0.0,0.0
2011-02-09,100.35642003773725,100.67522731795302,99.90097444745044,100.40196228027344,146436700,0.0,0.0,0.0
2011-02-10,99.89338843994197,100.55377412498292,99.66566564364636,100.4399185180664,162708500,0.0,0.0,0.0
2011-02-11,100.04521123901547,101.16862915833329,100.02244011502324,101.03958892822266,137710300,0.0,0.0,0.0
2011-02-14,100.97886325016012,101.365983945016,100.86500762886838,101.28248596191406,101690700,0.0,0.0,0.0
2011-02-15,100.97127454886758,101.12308590145584,100.43992902357681,100.96367645263672,119575400,0.0,0.0,0.0
2011-02-16,101.30524408641448,101.72272231815698,101.10029243535789,101.60128021240234,130183500,0.0,0.0,0.0
2011-02-17,101.30522568324699,102.04151102595614,101.21412964240307,101.9048843383789,109810500,0.0,0.0,0.0
2011-02-18,101.99603130580039,102.23893878697307,101.76072192245573,102.11748504638672,130002400,0.0,0.0,0.0
2011-02-22,101.047170940711,102.14023117350116,99.7947128470759,100.06797790527344,233116400,0.0,0.0,0.0
2011-02-23,100.00723390551266,100.2501412855857,98.83827399068001,99.45311737060547,227584000,0.0,0.0,0.0
2011-02-24,99.34682911823325,99.7719053688802,98.45112280511933,99.38477325439453,260431400,0.0,0.0,0.0
2011-02-25,99.80230465650718,100.50824425367067,99.74157779785604,100.44751739501953,141686900,0.0,0.0,0.0
2011-02-28,100.8194487048613,101.19898282301098,100.48545682769566,101.06993103027344,141585500,0.0,0.0,0.0
2011-03-01,101.38872400594586,101.4798084646676,99.35441562897367,99.38477325439453,258565500,0.0,0.0,0.0
2011-03-02,99.24815937450249,100.06036784445237,98.94453675127411,99.59733581542969,200277400,0.0,0.0,0.0
2011-03-03,100.50062714284016,101.42669129274908,100.49304063036811,101.31283569335938,176480100,0.0,0.0,0.0
2011-03-04,101.23692876445773,101.43429392217189,99.89338630175068,100.55377197265625,277202300,0.0,0.0,0.0
2011-03-07,100.8498169770174,101.07753978842287,99.24059585268849,99.76434326171875,216790400,0.0,0.0,0.0
2011-03-08,99.92374207174362,100.9560753354649,99.49107920032905,100.63726806640625,174615000,0.0,0.0,0.0
2011-03-09,100.4399132392396,100.8042627446859,99.89338318983918,100.4930419921875,153806000,0.0,0.0,0.0
2011-03-10,99.43797256565131,99.57459933478378,98.53467920594434,98.63336181640625,301291800,0.0,0.0,0.0
2011-03-11,98.3145185222876,99.67324553185497,98.29174740241777,99.31648254394531,225621800,0.0,0.0,0.0
2011-03-14,98.67130802878228,99.04324414159099,97.96536837570622,98.71685028076172,234974100,0.0,0.0,0.0
2011-03-15,96.09044249117137,98.17029356853149,96.02212913165904,97.58580780029297,359585400,0.0,0.0,0.0
2011-03-16,97.27460323590842,97.59342213159731,95.0960808043044,95.77924346923828,468670300,0.0,0.0,0.0
2011-03-17,97.16075167290217,97.45678787485697,96.47758897945566,97.04689025878906,254303700,0.0,0.0,0.0
2011-03-18,98.22320721372313,98.25370836018291,97.20926511673552,97.39985656738281,230435400,0.553,0.0,0.0
2011-03-21,98.61203293056147,99.11518557911972,98.49767106692249,98.90935516357422,153992600,0.0,0.0,0.0
2011-03-22,98.89409991790562,99.02370071768465,98.47479636992655,98.56627655029297,129538600,0.0,0.0,0.0
2011-03-23,98.29179995309141,99.10753680126551,97.826768063259,98.84833526611328,148603100,0.0,0.0,0.0
2011-03-24,99.4125029850256,99.93853728699364,98.85597916723583,99.79368591308594,159129800,0.0,0.0,0.0
2011-03-25,100.05288509940411,100.53316761104661,99.78605243410858,100.09862518310547,155642800,0.0,0.0,0.0
2011-03-28,100.31206879649267,100.57127031315498,99.82415526927933,99.85464477539062,109762400,0.0,0.0,0.0
2011-03-29,99.77081211471256,100.55604798635441,99.44300039264701,100.52555847167969,129798800,0.0,0.0,0.0
2011-03-30,101.05160839536386,101.51665208739689,100.90675700448422,101.21932983398438,135835000,0.0,0.0,0.0
2011-03-31,101.08972338916564,101.36417557955212,100.97536152404932,101.08209228515625,132537100,0.0,0.0,0.0
2011-04-01,101.70722524061222,101.98167739681273,101.26505167602367,101.50900268554688,153850100,0.0,0.0,0.0
2011-04-04,101.72247342283428,101.9054454211843,101.30318149654984,101.5928726196289,100768900,0.0,0.0,0.0
2011-04-05,101.39461902101199,102.02738382888066,101.34887894886309,101.57759094238281,120791500,0.0,0.0,0.0
2011-04-06,102.06551800622623,102.15699816268932,101.48611266122191,101.89779663085938,120411600,0.0,0.0,0.0
2011-04-07,101.7148251675432,102.14174807676471,101.13543145256784,101.63859558105469,170731500,0.0,0.0,0.0
2011-04-08,102.08838910774405,102.14937975694642,100.86859938925055,101.28790283203125,147945400,0.0,0.0,0.0
2011-04-11,101.39466655469668,101.73772888941585,100.73903140339269,100.98299407958984,121385400,0.0,0.0,0.0
2011-04-12,100.4188171447945,100.61702805125253,99.86229340655524,100.22822570800781,161187400,0.0,0.0,0.0
2011-04-13,100.69327463816364,100.76950423726852,99.83942867840497,100.22061157226562,162059000,0.0,0.0,0.0
2011-04-14,99.64123215659102,100.44933824142196,99.31342036597468,100.29686737060547,161220400,0.0,0.0,0.0
2011-04-15,100.4798051733761,100.9143475888437,100.18248300507372,100.66276550292969,170006700,0.0,0.0,0.0
2011-04-18,99.55734727732118,100.65515589329154,98.73399081534342,99.53447723388672,210759300,0.0,0.0,0.0
2011-04-19,99.68694345006806,100.13674809326126,99.44299245380756,100.10624694824219,124258800,0.0,0.0,0.0
2011-04-20,101.30321053513272,101.69201305619919,101.23458874559346,101.47093200683594,156133800,0.0,0.0,0.0
2011-04-21,101.99693068961366,102.03505131193482,101.47090797959218,101.98931121826172,135935400,0.0,0.0,0.0
2011-04-25,101.91307313729907,102.05030505535917,101.54714074377387,101.88258361816406,65757100,0.0,0.0,0.0
2011-04-26,102.19513411715018,102.96511935947674,102.08840337432493,102.75927734375,146600000,0.0,0.0,0.0
2011-04-27,102.95746709901881,103.58260078424782,102.53816373118393,103.43013000488281,143031000,0.0,0.0,0.0
2011-04-28,103.24719494697734,103.90283000179166,103.23195600654324,103.76560974121094,124791100,0.0,0.0,0.0
2011-04-29,103.80373685698412,104.1163096471378,103.6665049550324,104.00956726074219,115094100,0.0,0.0,0.0
2011-05-02,104.49751834849332,104.58136744515078,103.64366047616332,103.84950256347656,126278700,0.0,0.0,0.0
2011-05-03,103.65125888098524,103.82659975712127,102.94987211088329,103.47590637207031,138375000,0.0,0.0,0.0
2011-05-04,103.43014877350011,103.4758888523322,102.33234035042206,102.78976440429688,182678500,0.0,0.0,0.0
2011-05-05,102.21800063647714,102.88125511311756,101.40989480682832,101.85968780517578,226900000,0.0,0.0,0.0
2011-05-06,102.87363358842913,103.39966780399223,101.9130453225216,102.30947875976562,222787200,0.0,0.0,0.0
2011-05-09,102.30187963009999,103.00325484604018,102.14177767635769,102.7059326171875,114104500,0.0,0.0,0.0
2011-05-10,103.0489954371965,103.76562123143788,102.91939463248183,103.58264923095703,114806900,0.0,0.0,0.0
2011-05-11,103.430222749022,103.44547333046589,102.01985223427161,102.49251556396484,193564200,0.0,0.0,0.0
2011-05-12,102.21801894399266,103.19384634318465,101.69198462370724,102.98038482666016,171550700,0.0,0.0,0.0
2011-05-13,103.0337418328641,103.17859320822161,101.82158290136685,102.18751525878906,157444900,0.0,0.0,0.0
2011-05-16,101.82158428520931,102.62207077958337,101.37179121135021,101.53951263427734,141675400,0.0,0.0,0.0
2011-05-17,101.15832151242715,101.66148574049717,100.72376741560873,101.52425384521484,192686200,0.0,0.0,0.0
2011-05-18,101.57763434205705,102.53821116592206,101.35654172184053,102.43148040771484,135217900,0.0,0.0,0.0
2011-05-19,102.76691447680348,102.94225535756712,102.11127940875335,102.67542266845703,119489500,0.0,0.0,0.0
2011-05-20,102.40859207300858,102.67541310448574,101.66909636864433,101.85968780517578,182594900,0.0,0.0,0.0
2011-05-23,100.61701838335836,101.18117316983968,100.31969623585077,100.67800903320312,168700000,0.0,0.0,0.0
2011-05-24,100.967756036886,101.18883706094854,100.40360100273912,100.59419250488281,147199600,0.0,0.0,0.0
2011-05-25,100.1900927039671,101.34889175350379,100.15960319627412,100.9295883178711,151050100,0.0,0.0,0.0
2011-05-26,100.65514240218187,101.57761001725387,100.46455097725419,101.39463806152344,164850000,0.0,0.0,0.0
2011-05-27,101.67672414715119,102.05790705136369,101.36416300660903,101.78345489501953,120921900,0.0,0.0,0.0
2011-05-31,102.74404762881136,102.85839785182735,102.03504134777357,102.84314727783203,164731200,0.0,0.0,0.0
2011-06-01,102.54579447335666,102.85836716672522,100.449289036451,100.53314971923828,233094300,0.0,0.0,0.0
2011-06-02,100.60178223399072,100.81524369797567,99.83941653896518,100.42642974853516,200466800,0.0,0.0,0.0
2011-06-03,99.22192283078434,100.19013083559692,99.1685632638192,99.42776489257812,234690200,0.0,0.0,0.0
2011-06-06,99.17615775179267,99.3819997617324,98.24607060498727,98.37567138671875,179951200,0.0,0.0,0.0
2011-06-07,98.87883283132071,99.16091606164369,98.23082894063897,98.31468963623047,161660500,0.0,0.0,0.0
2011-06-08,98.16222436776032,98.49004773801502,97.72005077112601,97.90302276611328,198696400,0.0,0.0,0.0
2011-06-09,98.16985626751121,99.05419183517174,97.93352470922349,98.65013885498047,160964400,0.0,0.0,0.0
2011-06-10,98.23084860646108,98.29182764021031,97.01868382884685,97.27788543701172,238629400,0.0,0.0,0.0
2011-06-13,97.49895444084375,97.7657871040977,96.85857000836792,97.3541030883789,207599800,0.0,0.0,0.0
2011-06-14,98.24605275508671,98.93218878596534,98.20794378068462,98.58912658691406,160570400,0.0,0.0,0.0
2011-06-15,97.76578630557277,98.57389212558874,96.57649180064874,96.835693359375,300958000,0.0,0.0,0.0
2011-06-16,96.86617661767866,97.55993214381088,96.30202767115009,97.04914855957031,308032800,0.0,0.0,0.0
2011-06-17,98.01300453077044,98.02066762325333,97.00935568890804,97.33879852294922,233284900,0.628,0.0,0.0
2011-06-20,97.00931378710061,98.04360870691852,96.9786672756333,97.83674621582031,159479000,0.0,0.0,0.0
2011-06-21,98.34239480212192,99.3690265274852,97.87504577931512,99.177490234375,193157300,0.0,0.0,0.0
2011-06-22,98.87107982895121,99.4533462046041,98.51864775260034,98.57994079589844,176703000,0.0,0.0,0.0
2011-06-23,97.42307279550106,98.55696495772685,96.67991066263896,98.29647827148438,334286500,0.0,0.0,0.0
2011-06-24,98.27347706288724,98.35008459121367,97.00933594098659,97.15489959716797,226129300,0.0,0.0,0.0
2011-06-27,97.21615985986524,98.39601827430243,97.02462356794412,98.02061462402344,168904700,0.0,0.0,0.0
2011-06-28,98.4113707957515,99.31542841466853,98.27347024006706,99.30010223388672,165556300,0.0,0.0,0.0
2011-06-29,99.75209867527991,100.31138137537826,99.31540200794073,100.15049743652344,244295500,0.0,0.0,0.0
2011-06-30,100.47232837252197,101.26911461192928,100.14289139280605,101.10823059082031,223322700,0.0,0.0,0.0
2011-07-01,101.20017828474046,102.74013855633423,100.96267499859249,102.60222625732422,202385700,0.0,0.0,0.0
2011-07-05,102.49490750860708,102.72475341474245,102.19611133776561,102.51789093017578,165936000,0.0,0.0,0.0
2011-07-06,102.27278680937575,102.77077680463383,101.98164772204987,102.64053344726562,143331600,0.0,0.0,0.0
2011-07-07,103.5521947359321,103.96590802689583,103.33767500129184,103.7054214477539,170464200,0.0,0.0,0.0
2011-07-08,102.53324337342696,103.70544493550068,102.19613751680026,102.96994018554688,194100500,0.0,0.0,0.0
2011-07-11,101.70582319298917,102.0352601727051,100.87072733745238,101.10823059082031,195918600,0.0,0.0,0.0
2011-07-12,100.89365928799693,101.72875471742584,100.64082997909277,100.67147064208984,214675700,0.0,0.0,0.0
2011-07-13,101.20016523715,102.06591346964206,100.76346834257372,101.00862884521484,204062600,0.0,0.0,0.0
2011-07-14,101.26140266978531,101.72875167704389,100.11984219226592,100.3113784790039,226111800,0.0,0.0,0.0
2011-07-15,100.87070096162978,101.03158494067056,100.18883205845356,100.89368438720703,220012800,0.0,0.0,0.0
2011-07-18,100.42632763064556,100.57955435301916,99.31541928037494,100.06623840332031,196872100,0.0,0.0,0.0
2011-07-19,100.62552627813346,101.81305389473692,100.60254285314018,101.69046783447266,166554900,0.0,0.0,0.0
2011-07-20,101.95097225833618,102.01225360169873,101.45297074252139,101.62918090820312,137145400,0.0,0.0,0.0
2011-07-21,102.20377975068862,103.29171637926001,101.64449694731577,103.03888702392578,245246300,0.0,0.0,0.0
2011-07-22,103.06186701567474,103.21509373459104,102.47958911716374,103.10783386230469,126019400,0.0,0.0,0.0
2011-07-25,102.12718514129952,103.03890004654905,102.01992525188494,102.53324127197266,136653800,0.0,0.0,0.0
2011-07-26,102.46429179776422,102.6328447239501,101.9203234104459,102.1501693725586,131278200,0.0,0.0,0.0
2011-07-27,101.58320012028751,101.61385247821475,99.92832350569404,100.05857849121094,249020100,0.0,0.0,0.0
2011-07-28,100.0585950509336,100.95498377624533,99.60656037506433,99.7674560546875,207939900,0.0,0.0,0.0
2011-07-29,98.7637916716411,100.02026947366963,98.04361323198158,99.0855712890625,307038400,0.0,0.0,0.0
2011-08-01,100.24244966964496,100.33439505645617,97.70651056110881,98.66419219970703,325790900,0.0,0.0,0.0
2011-08-02,97.92105785116922,98.44970013481698,96.14360046386719,96.14360046386719,346653800,0.0,0.0,0.0
2011-08-03,96.27382088809276,96.77181065528038,94.64192766349875,96.66455078125,370830800,0.0,0.0,0.0
2011-08-04,95.32379621480328,95.47702878096023,91.98340226050321,92.13663482666016,520721800,0.0,0.0,0.0
2011-08-05,93.28586565732095,93.5233688611458,89.53175202358118,91.99874114990234,655619200,0.0,0.0,0.0
2011-08-08,89.57004583233866,92.02937143418335,85.82359010488844,86.0074691772461,702263900,0.0,0.0,0.0
2011-08-09,87.39417893122956,90.12931694252615,84.48282495969441,90.0067367553711,717828700,0.0,0.0,0.0
2011-08-10,88.30592468434439,89.08739045799973,85.76997931372216,86.03047180175781,662607400,0.0,0.0,0.0
2011-08-11,86.77364136694447,91.11002187743026,86.05346272314993,89.89185333251953,487979700,0.0,0.0,0.0
2011-08-12,90.71160532154887,91.33218114840403,89.85352047528481,90.49708557128906,313731600,0.0,0.0,0.0
2011-08-15,91.31687970939673,92.50440167126298,91.1713102007887,92.41246795654297,258810600,0.0,0.0,0.0
2011-08-16,91.53138020846897,92.46607841258704,90.64264885202073,91.6233139038086,294095200,0.0,0.0,0.0
2011-08-17,92.128989477849,92.85682531026973,90.95678788584098,91.68462371826172,238201100,0.0,0.0,0.0
2011-08-18,89.25594339550358,91.71526954643328,86.87323061921585,87.73131561279297,512956300,0.0,0.0,0.0
2011-08-19,86.54378078794403,88.7809238782642,86.19135461715868,86.29861450195312,428281300,0.0,0.0,0.0
2011-08-22,88.23695967261645,88.28293236895098,86.12240268843485,86.36756896972656,275090600,0.0,0.0,0.0
2011-08-23,86.68936443108704,89.3095806363298,86.25266173021325,89.2099838256836,331136600,0.0,0.0,0.0
2011-08-24,89.01842414621017,90.5890185017594,88.81156164218933,90.46643829345703,246869700,0.0,0.0,0.0
2011-08-25,90.96446242152163,91.47777852982068,88.77328571226349,89.08740234375,312365400,0.0,0.0,0.0
2011-08-26,88.63540598715126,90.79593682438572,87.22569473106508,90.38221740722656,314495900,0.0,0.0,0.0
2011-08-29,91.60034417562679,93.03303820953502,90.45112605025753,92.97940826416016,190977200,0.0,0.0,0.0
2011-08-30,92.57336396819686,93.79919562299125,91.37051574361324,93.2245864868164,241315700,0.0,0.0,0.0
2011-08-31,93.82216366202228,94.62661865878975,92.9334380500484,93.63829040527344,301828400,0.0,0.0,0.0
2011-09-01,93.69191066107332,94.542332422789,92.5350296063135,92.6576156616211,254585900,0.0,0.0,0.0
2011-09-02,90.72695541904471,92.6040155400437,89.96847295459621,90.29025268554688,255517200,0.0,0.0,0.0
2011-09-06,87.63937826853706,89.7616044555724,87.63171517731166,89.63135528564453,285130500,0.0,0.0,0.0
2011-09-07,90.98742830831331,92.19793358420743,90.68096898274531,92.15962982177734,209803200,0.0,0.0,0.0
2011-09-08,91.60798321417359,92.65760426404042,90.99506470347887,91.2019271850586,250568200,0.0,0.0,0.0
2011-09-09,90.16001767242544,91.21729653402814,88.32126699749385,88.81159973144531,380195100,0.0,0.0,0.0
2011-09-12,87.70066710753213,89.45514081965683,87.37888743418847,89.38618469238281,305793500,0.0,0.0,0.0
2011-09-13,89.67731158264964,90.54305368551394,89.04140956746772,90.20594787597656,272514700,0.0,0.0,0.0
2011-09-14,90.66564588870783,92.55036875929585,89.42449405347382,91.45478057861328,319389500,0.0,0.0,0.0
2011-09-15,92.43543522680535,93.06367416355054,91.47775356437518,93.03302764892578,326777200,0.0,0.0,0.0
2011-09-16,93.40651166141787,93.93018596231431,92.65950506854713,93.58363342285156,284528300,0.625,0.0,0.0
2011-09-19,92.0511407866963,93.12929471354624,91.4273542890434,92.65182495117188,241517000,0.0,0.0,0.0
2011-09-20,93.04455541067631,93.94558139756418,92.42076909290232,92.54398345947266,218932200,0.0,0.0,0.0
2011-09-21,92.5902307383195,92.8751673790575,89.67151619561646,89.81783294677734,316251300,0.0,0.0,0.0
2011-09-22,87.21486236602084,87.95416645453112,85.713151854276,86.91452026367188,513911300,0.0,0.0,0.0
2011-09-23,86.33695301344329,87.91567940888929,86.26764012206681,87.4382095336914,307242500,0.0,0.0,0.0
2011-09-26,88.26220324181003,89.64069921744856,87.00692754074895,89.5174789428711,260673700,0.0,0.0,0.0
2011-09-27,91.28103740142974,92.07424889273743,89.97955104648803,90.51863098144531,311753900,0.0,0.0,0.0
2011-09-28,90.70345980869796,91.25023663065525,88.53945485658338,88.67037200927734,286696800,0.0,0.0,0.0
2011-09-29,90.14127150601449,90.58793031370922,87.7385290254799,89.37116241455078,298108900,0.0,0.0,0.0
2011-09-30,88.13895536058332,88.90906420908284,87.07620726482112,87.1378173828125,288392300,0.0,0.0,0.0
2011-10-03,86.62956598549944,87.75392450118068,84.5656734822784,84.65808868408203,365136800,0.0,0.0,0.0
2011-10-04,83.44131232702048,86.69887611309237,82.73281342866943,86.51404571533203,459177500,0.0,0.0,0.0
2011-10-05,86.72967498336779,88.34690265770841,85.92876094335432,88.1158676147461,284108000,0.0,0.0,0.0
2011-10-06,88.06967645883442,89.84092972519989,87.4150849040354,89.71000671386719,257800800,0.0,0.0,0.0
2011-10-07,90.2336724285551,90.29528256024311,88.60874192694332,89.10931396484375,312657900,0.0,0.0,0.0
2011-10-10,90.62644446381373,92.12815494712602,90.61874172722926,92.08965301513672,230666300,0.0,0.0,0.0
2011-10-11,91.54288928400503,92.44391570250848,91.45047405820954,92.18207550048828,209088000,0.0,0.0,0.0
2011-10-12,92.87515933599467,94.06112809401145,92.66723245736907,92.99067687988281,281544900,0.0,0.0,0.0
2011-10-13,92.44387975987698,93.08307160330666,91.73538093064808,92.80583190917969,212538800,0.0,0.0,0.0
2011-10-14,93.88398881754242,94.41536001981567,93.36031447475433,94.39225769042969,211397600,0.0,0.0,0.0
2011-10-17,93.94565179190036,94.37691708670884,92.35922817749935,92.59026336669922,202311600,0.0,0.0,0.0
2011-10-18,92.52093291149465,95.10850068769113,91.79702827307428,94.4000015258789,318857900,0.0,0.0,0.0
2011-10-19,94.24593086192597,94.78501065035226,92.9598503299576,93.28329467773438,226601300,0.0,0.0,0.0
2011-10-20,93.51435485322912,94.03032657656193,92.2744786446155,93.69148254394531,262075600,0.0,0.0,0.0
2011-10-21,94.7927438319381,95.58596128704565,94.50780717253367,95.47044372558594,278999400,0.0,0.0,0.0
2011-10-24,95.62447006142952,96.87975197666651,95.53975756866625,96.6410140991211,203215600,0.0,0.0,0.0
2011-10-25,96.17894586255211,96.22515053841147,94.55401483953399,94.76194763183594,268596800,0.0,0.0,0.0
2011-10-26,95.76307316086395,96.08651759893131,94.11504002351127,95.72457122802734,289053800,0.0,0.0,0.0
2011-10-27,98.2890129058955,99.66750876794976,97.50350428431918,99.05912780761719,393220200,0.0,0.0,0.0
2011-10-28,98.5739786638,99.22857619123789,98.41995917232461,99.03604888916016,225906500,0.0,0.0,0.0
2011-10-31,97.9270808897816,99.05143365167467,96.51007701944006,96.64869689941406,228146700,0.0,0.0,0.0
2011-11-01,93.9764028066086,95.11616674185106,93.58364556112744,93.95330047607422,416565800,0.0,0.0,0.0
2011-11-02,95.36261780514516,95.80157978724003,94.56170358114518,95.48583221435547,244717600,0.0,0.0,0.0
2011-11-03,96.47154794948747,97.41878456644493,95.18546738152826,97.22625732421875,291174800,0.0,0.0,0.0
2011-11-04,96.44078871804585,96.80273514800031,95.50125444664415,96.63331604003906,249401600,0.0,0.0,0.0
2011-11-07,96.56399638152317,97.33410561552556,95.64756451291082,97.23399353027344,196617200,0.0,0.0,0.0
2011-11-08,97.74222535771635,98.58934989298123,96.81039424438993,98.48152923583984,224426300,0.0,0.0,0.0
2011-11-09,96.17892702085835,96.87972913659594,94.61560645555608,94.84664154052734,337982000,0.0,0.0,0.0
2011-11-10,96.10190426292999,96.21742178976346,94.73880802213293,95.73995208740234,231866500,0.0,0.0,0.0
2011-11-11,96.90283831298511,97.79616189532753,96.87203324111583,97.54203033447266,189924400,0.0,0.0,0.0
2011-11-14,97.1800639728155,98.1503971561956,96.20202217825408,96.61788177490234,159258300,0.0,0.0,0.0
2011-11-15,96.39455010457834,97.61132383547957,96.04800337605886,97.09535217285156,184709400,0.0,0.0,0.0
2011-11-16,96.1172986331382,97.29556441676644,95.41650252591641,95.55512237548828,235782500,0.0,0.0,0.0
2011-11-17,95.37800538489901,95.61674318751167,93.36032341901887,94.03801727294922,331219600,0.0,0.0,0.0
2011-11-18,94.33839678767349,94.5309241280565,93.5451850853704,93.93794250488281,215580400,0.0,0.0,0.0
2011-11-21,92.56710646770003,92.68262400155096,91.37344095248267,92.15125274658203,229611600,0.0,0.0,0.0
2011-11-22,91.9510288485626,92.49010287502124,91.27332907191033,91.789306640625,216494900,0.0,0.0,0.0
2011-11-23,90.92679014552947,91.78931453753508,89.76392364501953,89.76392364501953,224329100,0.0,0.0,0.0
2011-11-25,89.62528748836877,90.64183118080045,89.48666762687964,89.594482421875,99557000,0.0,0.0,0.0
2011-11-28,92.05885640293788,92.55172583123283,91.50437682723931,92.18977355957031,210686000,0.0,0.0,0.0
2011-11-29,92.45159912109375,93.18320041049382,92.11274923945189,92.45159912109375,199241500,0.0,0.0,0.0
2011-11-30,95.100779545918,96.43307099224985,92.41310019374718,96.25594329833984,324439500,0.0,0.0,0.0
2011-12-01,96.14814720560912,96.75653427206498,95.82470270206585,96.24056243896484,176954800,0.0,0.0,0.0
2011-12-02,97.12617727839113,97.41881666783783,96.09422786476956,96.15583801269531,221109700,0.0,0.0,0.0
2011-12-05,97.68061932056715,97.94245942664371,96.60247145867892,97.20315551757812,225263900,0.0,0.0,0.0
2011-12-06,97.19548571838644,97.88858520408203,96.84893891327224,97.23399353027344,178842100,0.0,0.0,0.0
2011-12-07,96.910529480084,98.00408890305474,96.2405383015612,97.59593200683594,237802500,0.0,0.0,0.0
2011-12-08,96.95674880382579,97.17237843830267,95.22400311546481,95.45503234863281,240862800,0.0,0.0,0.0
2011-12-09,95.88631937741727,97.31872327675399,95.8016068766148,97.0722885131836,209111400,0.0,0.0,0.0
2011-12-12,96.22511428815315,96.24051975794762,94.84662439027421,95.65523529052734,215826100,0.0,0.0,0.0
2011-12-13,96.15584352462244,96.70262039900535,94.29987737137269,94.76194763183594,245159800,0.0,0.0,0.0
2011-12-14,94.38455615485894,94.7465083210794,93.5451401740203,93.75306701660156,238618800,0.0,0.0,0.0
2011-12-15,94.74651042780454,94.87742754920984,93.94559635346806,94.0919189453125,199109200,0.0,0.0,0.0
2011-12-16,94.72743119249901,95.2854213872678,94.00668720576866,94.23143005371094,220481400,0.77,0.0,0.0
2011-12-19,94.59566568628571,94.79716556870846,93.02243047646398,93.22393035888672,183903000,0.0,0.0,0.0
2011-12-20,94.68868357218906,96.20766976180974,93.28594756249814,96.044921875,225418100,0.0,0.0,0.0
2011-12-21,96.04492214350763,96.378169506782,95.13042979168932,96.23091888427734,194230900,0.0,0.0,0.0
2011-12-22,96.58740172974629,97.1841498131678,96.27740917562126,97.0833969116211,119465400,0.0,0.0,0.0
2011-12-23,97.39342740374572,97.9824240931715,97.19193335985422,97.95142364501953,92187200,0.0,0.0,0.0
2011-12-27,97.78091774898901,98.28466465127221,97.69566800032275,98.02891540527344,86075700,0.0,0.0,0.0
2011-12-28,98.04439764808772,98.05989491147658,96.66491061003862,96.7424087524414,119107100,0.0,0.0,0.0
2011-12-29,97.06013636678601,97.84288107091726,96.7656411107587,97.74213409423828,123507200,0.0,0.0,0.0
2011-12-30,97.66464396229013,97.90489588355538,97.26165008544922,97.26165008544922,95599000,0.0,0.0,0.0
2012-01-03,99.013122486025,99.49362034813008,98.75737333783705,98.8116226196289,193697900,0.0,0.0,0.0
2012-01-04,98.57911723024142,99.05186348119325,98.19937227730121,98.96661376953125,127186500,0.0,0.0,0.0
2012-01-05,98.43187414349143,99.37736074782003,97.98237673165661,99.23011016845703,173895000,0.0,0.0,0.0
2012-01-06,99.35412550418302,99.36962867925334,98.64888476943354,98.97438049316406,148050000,0.0,0.0,0.0
2012-01-09,99.19913458044113,99.33862768722486,98.74189140759441,99.21463775634766,99530200,0.0,0.0,0.0
2012-01-10,100.27638414062102,100.47787814452329,99.93538519135606,100.07489013671875,115282000,0.0,0.0,0.0
2012-01-11,99.76488732338775,100.26088257790832,99.60214534754644,100.12913513183594,111540700,0.0,0.0,0.0
2012-01-12,100.41589430013391,100.51663539458634,99.61764026810873,100.369384765625,118983700,0.0,0.0,0.0
2012-01-13,99.69512427030976,100.01287431881113,98.98213194897397,99.8501205444336,179836200,0.0,0.0,0.0
2012-01-17,100.81110137085042,100.99710396740902,99.89660338625725,100.23760223388672,132209200,0.0,0.0,0.0
2012-01-18,100.21437561948039,101.40011435013288,100.03613048247905,101.34587097167969,163395200,0.0,0.0,0.0
2012-01-19,101.69459737105076,101.96584969114917,101.36910168220655,101.88059997558594,126328900,0.0,0.0,0.0
2012-01-20,101.71012970071988,102.26036834716797,101.46212615691353,102.26036834716797,138230200,0.0,0.0,0.0
2012-01-23,101.9193602619824,102.4928595365924,101.50861477660592,101.99686431884766,129295800,0.0,0.0,0.0
2012-01-24,101.36910168220655,101.9115944969469,101.21410542448879,101.88059997558594,103083300,0.0,0.0,0.0
2012-01-25,101.72563754321436,102.97337748978617,101.33039513484505,102.7331314086914,198613200,0.0,0.0,0.0
2012-01-26,103.1903409534587,103.38408925553088,101.80310831382337,102.20610809326172,184880500,0.0,0.0,0.0
2012-01-27,101.71012466060297,102.33786733974851,101.64036627645183,102.15962219238281,135259100,0.0,0.0,0.0
2012-01-30,101.14436501077076,101.86511488400875,100.7956204126369,101.81085968017578,147311800,0.0,0.0,0.0
2012-01-31,102.31461051585126,102.43860044649077,101.27611059035469,101.7721176147461,157212000,0.0,0.0,0.0
2012-02-01,102.52387851335271,103.18262767742557,102.39988854844222,102.66338348388672,166234500,0.0,0.0,0.0
2012-02-02,102.86484760745823,103.08960226532386,102.46185964414428,102.82609558105469,113090400,0.0,0.0,0.0
2012-02-03,103.84913260006309,104.32962480257201,103.67088740001344,104.26762390136719,160598500,0.0,0.0,0.0
2012-02-06,103.83357485853243,104.24432026590627,103.7173306207687,104.19782257080078,107694500,0.0,0.0,0.0
2012-02-07,103.98083460674522,104.63958354667656,103.57008916317406,104.4613265991211,135528100,0.0,0.0,0.0
2012-02-08,104.5155750032679,104.79457300580485,104.089326412523,104.77132415771484,139361400,0.0,0.0,0.0
2012-02-09,104.94182819554317,105.0813212901998,104.28307926955624,104.903076171875,148602900,0.0,0.0,0.0
2012-02-10,103.9731164794066,104.21336253924704,103.7251129173386,104.12811279296875,167907500,0.0,0.0,0.0
2012-02-13,104.87208164821486,105.02707791743022,104.42258418967019,104.903076171875,115841900,0.0,0.0,0.0
2012-02-14,104.62407356950689,104.83332502777381,104.04282871634297,104.77132415771484,165329500,0.0,0.0,0.0
2012-02-15,105.11236019889448,105.26735651612145,104.07386004000567,104.28311157226562,195195100,0.0,0.0,0.0
2012-02-16,104.29083388356796,105.53081582843463,104.1048312703823,105.43782043457031,186567800,0.0,0.0,0.0
2012-02-17,105.80207711932412,105.88732684607011,105.36808281060199,105.71682739257812,129869400,0.0,0.0,0.0
2012-02-21,105.96486075740228,106.21286436020908,105.43787083963181,105.76336669921875,134042300,0.0,0.0,0.0
2012-02-22,105.6005855455707,105.82534023066965,105.23633773906654,105.4223403930664,124455300,0.0,0.0,0.0
2012-02-23,105.36808505503403,105.96482132950896,105.0115829650139,105.8873291015625,137704300,0.0,0.0,0.0
2012-02-24,106.1198501586914,106.3291017066967,105.88736157808762,106.1198501586914,105539100,0.0,0.0,0.0
2012-02-27,105.41458858379424,106.58482417195859,105.24408911724593,106.29808044433594,145728900,0.0,0.0,0.0
2012-02-28,106.32905710957853,106.73205685603321,106.11980564933863,106.6080551147461,129355900,0.0,0.0,0.0
2012-02-29,106.76309329696205,107.09634662933415,105.817600342969,106.18960571289062,185934700,0.0,0.0,0.0
2012-03-01,106.41434183761405,106.94134349873326,106.11984056153386,106.73983764648438,145023500,0.0,0.0,0.0
2012-03-02,106.6700863879538,106.80959134302702,106.1740911068962,106.41433715820312,120638300,0.0,0.0,0.0
2012-03-05,106.25156085329195,106.32905306955935,105.61606082243426,105.98030853271484,140765000,0.0,0.0,0.0
2012-03-06,104.89533665895303,104.95732570991458,104.12808911690094,104.43033599853516,202129900,0.0,0.0,0.0
2012-03-07,104.67057923736277,105.32932818463472,104.56982633766154,105.15882873535156,143692200,0.0,0.0,0.0
2012-03-08,105.80208251720815,106.42207948649606,105.58508535177617,106.20507049560547,116968900,0.0,0.0,0.0
2012-03-09,106.40658558887668,106.89482334094347,106.2748381430517,106.61583709716797,122836800,0.0,0.0,0.0
2012-03-12,106.60033207937057,106.76307405209691,106.24382995382332,106.62358093261719,104003500,0.0,0.0,0.0
2012-03-13,107.19706686346387,108.5998026864637,107.01880991020221,108.54554748535156,184090500,0.0,0.0,0.0
2012-03-14,108.57656427632219,108.84780483159027,108.09606039690433,108.42931365966797,145163600,0.0,0.0,0.0
2012-03-15,108.59206711934172,109.10356558117688,108.31306903338258,109.05706787109375,165118500,0.0,0.0,0.0
2012-03-16,109.2547779583396,109.34818092091723,108.97455719332254,109.20807647705078,152893500,0.614,0.0,0.0
2012-03-19,109.13800061229229,109.97087122851246,109.0601569088183,109.63616943359375,125291100,0.0,0.0,0.0
2012-03-20,109.01347562303202,109.44937193772296,108.69433300788909,109.31704711914062,121729700,0.0,0.0,0.0
2012-03-21,109.379306986845,109.48048955558158,108.9122684884461,109.13800811767578,122388400,0.0,0.0,0.0
2012-03-22,108.3362278980367,108.62424004436447,107.99374654872905,108.35179901123047,135216700,0.0,0.0,0.0
2012-03-23,108.44522171158039,108.82662493301181,107.84585852139935,108.70207977294922,120521000,0.0,0.0,0.0
2012-03-26,109.48044797103333,110.22770690917969,109.44153800868146,110.22770690917969,120164000,0.0,0.0,0.0
2012-03-27,110.32894166117397,110.39899387175704,109.81520169566691,109.88525390625,119868500,0.0,0.0,0.0
2012-03-28,109.83074401951957,110.00199062979469,108.69429032199183,109.3403549194336,148562100,0.0,0.0,0.0
2012-03-29,108.69434025608352,109.35597627039965,108.26622353371923,109.1535873413086,164963700,0.0,0.0,0.0
2012-03-30,109.69064193192439,109.79183636305751,109.0134468984166,109.60501861572266,135486800,0.0,0.0,0.0
2012-04-02,109.472726426787,110.69480395123345,109.25477826197738,110.40679168701172,151741100,0.0,0.0,0.0
2012-04-03,110.25110649576456,110.43792428240974,109.30924981935941,109.95531463623047,155806700,0.0,0.0,0.0
2012-04-04,109.14582904496724,109.23923202908335,108.46084215535076,108.86560821533203,146896000,0.0,0.0,0.0
2012-04-05,108.49194260467655,109.13021587905106,108.39852777926195,108.81107330322266,137439400,0.0,0.0,0.0
2012-04-09,107.44110860178398,108.84999178646603,107.2932126869664,107.58900451660156,127555900,0.0,0.0,0.0
2012-04-10,107.3788121704037,107.68238355231061,105.67413753458825,105.78311157226562,235360300,0.0,0.0,0.0
2012-04-11,106.86510153428523,107.05969893169271,106.4447763818894,106.63937377929688,154133000,0.0,0.0,0.0
2012-04-12,106.740581729456,108.11832292574294,106.66273800973268,108.03269958496094,154321500,0.0,0.0,0.0
2012-04-13,107.78360396764874,108.05604506619008,106.64714997725157,106.74834442138672,169246700,0.0,0.0,0.0
2012-04-16,107.2932215191127,107.44889706642115,106.31245488151485,106.67829895019531,147825300,0.0,0.0,0.0
2012-04-17,107.29318526317691,108.47634040202496,107.18421122915662,108.25839233398438,147877600,0.0,0.0,0.0
2012-04-18,107.77580157769827,108.25839920509279,107.71352900040871,107.8925552368164,123884200,0.0,0.0,0.0
2012-04-19,107.90820496933922,108.31295920069442,106.69391852069701,107.19986724853516,198666700,0.0,0.0,0.0
2012-04-20,107.67459881777364,108.06379348773858,107.31653449540325,107.3788070678711,143199600,0.0,0.0,0.0
2012-04-23,106.2813165907852,106.56932883514375,105.8142899315241,106.47591400146484,171844900,0.0,0.0,0.0
2012-04-24,106.56933278122291,107.15312503487864,106.48370944226205,106.88068389892578,137484200,0.0,0.0,0.0
2012-04-25,107.92369532229569,108.3907337554577,107.83029238657556,108.34403228759766,150252200,0.0,0.0,0.0
2012-04-26,108.11057024726018,109.22367395482651,108.04829763141919,109.09912872314453,136291600,0.0,0.0,0.0
2012-04-27,109.42602552109658,109.58948070692169,108.8188825048919,109.27812957763672,130725000,0.0,0.0,0.0
2012-04-30,109.06014690743415,109.13799060376947,108.57754924654051,108.87332916259766,115092200,0.0,0.0,0.0
2012-05-01,108.81105004108154,110.2666463095586,108.68651676262257,109.55052947998047,138832200,0.0,0.0,0.0
2012-05-02,108.91232310409747,109.33266033889711,108.55427036941903,109.22368621826172,121081000,0.0,0.0,0.0
2012-05-03,109.23921960320062,109.3248429546631,108.18840051956367,108.39077758789062,143759700,0.0,0.0,0.0
2012-05-04,107.82252928117344,108.42967221090217,106.57710118685259,106.63937377929688,193927300,0.0,0.0,0.0
2012-05-07,106.25795761137547,107.07526904830407,106.21904763408371,106.71721649169922,127765900,0.0,0.0,0.0
2012-05-08,106.07893974682271,106.46035494825034,105.02032935576477,106.28910827636719,213377700,0.0,0.0,0.0
2012-05-09,105.16044621259606,106.3358103054427,104.68562805214849,105.65861511230469,220752500,0.0,0.0,0.0
2012-05-10,106.39026917136435,106.52260583589954,105.63524229756815,105.87654113769531,150600000,0.0,0.0,0.0
2012-05-11,105.21494069293287,106.53820088757983,105.16823920847126,105.55743408203125,153032400,0.0,0.0,0.0
2012-05-14,104.54549944944208,105.55740824850618,104.23414837770638,104.38982391357422,163910000,0.0,0.0,0.0
2012-05-15,104.31976974394306,104.93469225611588,103.62700352665789,103.79045867919922,207629300,0.0,0.0,0.0
2012-05-16,104.25750659729916,104.73232473600947,103.37014291415167,103.39349365234375,207265500,0.0,0.0,0.0
2012-05-17,103.41684081668949,103.54138600093181,101.80556867342085,101.86006164550781,247992900,0.0,0.0,0.0
2012-05-18,102.25705607572371,102.43609426710073,100.84039292881562,100.98828887939453,319615900,0.0,0.0,0.0
2012-05-21,101.31519205744922,102.76299717240559,101.15172501726657,102.72407531738281,177861100,0.0,0.0,0.0
2012-05-22,102.98872238808413,103.70483936916936,102.23368355293597,102.9030990600586,197531200,0.0,0.0,0.0
2012-05-23,102.16361996560629,103.10547646900713,101.18285348975762,102.95758056640625,204958400,0.0,0.0,0.0
2012-05-24,103.23783212605446,103.40128731559786,102.29597534102311,103.15998840332031,167357600,0.0,0.0,0.0
2012-05-25,103.1210592312345,103.40907148310475,102.57618884257731,102.82527923583984,135465600,0.0,0.0,0.0
2012-05-29,103.6503459884233,104.24969733627164,102.10134664768499,104.07067108154297,152883500,0.0,0.0,0.0
2012-05-30,103.18332963216214,104.06291373337379,102.35045888665516,102.56061553955078,162370400,0.0,0.0,0.0
2012-05-31,102.52169478549672,103.09769546187398,101.45529300538014,102.33487701416016,196186000,0.0,0.0,0.0
2012-06-01,100.73140223421952,102.35823366782179,99.75841522216797,99.75841522216797,253240900,0.0,0.0,0.0
2012-06-04,99.93742817012131,100.20986924805169,98.96444128791464,99.71170043945312,202545800,0.0,0.0,0.0
2012-06-05,99.51710890040314,100.61463514531133,99.46262186609765,100.46675109863281,164149400,0.0,0.0,0.0
2012-06-06,101.1672961347322,102.77077679249712,101.13615389980095,102.72407531738281,184202800,0.0,0.0,0.0
2012-06-07,103.89167363697405,103.93837511835136,102.5761931508539,102.78636169433594,184772700,0.0,0.0,0.0
2012-06-08,102.5217221629855,103.6270342146721,102.1947880065212,103.60368347167969,143915400,0.0,0.0,0.0
2012-06-11,104.43652066414799,104.49879325113568,102.18697542232468,102.28816986083984,169756100,0.0,0.0,0.0
2012-06-12,102.58396268255294,103.53359896810579,102.09358529903716,103.46354675292969,181931800,0.0,0.0,0.0
2012-06-13,103.15997824300905,103.8060430707606,102.45164081866037,102.80192565917969,172223900,0.0,0.0,0.0
2012-06-14,103.01209366383532,104.30422346174556,102.7318728869064,103.89167785644531,230615500,0.0,0.0,0.0
2012-06-15,104.35953333123284,105.04805712143737,104.14045595178297,104.95417022705078,169444500,0.688,0.0,0.0
2012-06-18,104.51604278034618,105.41582425687372,104.28131354421838,105.15762329101562,131360900,0.0,0.0,0.0
2012-06-19,105.68969103155092,106.60512442884958,105.13416549703987,106.17478942871094,137382600,0.0,0.0,0.0
2012-06-20,106.18256740240787,106.48771171328801,105.05587704259796,106.00260162353516,206451800,0.0,0.0,0.0
2012-06-21,106.1278430260787,106.23738175591659,103.53802510440484,103.62409210205078,205272200,0.0,0.0,0.0
2012-06-22,104.16395631821311,104.6177629972382,103.76491302969835,104.42215728759766,130029200,0.0,0.0,0.0
2012-06-25,103.3189298705249,103.35805339705638,102.38002492788976,102.74776458740234,146375700,0.0,0.0,0.0
2012-06-26,103.04507510915091,103.57712879416471,102.44260624105151,103.26415252685547,141634000,0.0,0.0,0.0
2012-06-27,103.60843431628831,104.39867711169913,103.25634641492015,104.19525146484375,108088000,0.0,0.0,0.0
2012-06-28,103.50673770255212,104.05444337629156,102.71649473781046,103.89794921875,169242100,0.0,0.0,0.0
2012-06-29,105.78355193453096,106.62074999597141,105.5097111391505,106.48773956298828,212250900,0.0,0.0,0.0
2012-07-02,106.78506098582118,106.91807142989053,106.0339417794502,106.80853271484375,129524500,0.0,0.0,0.0
2012-07-03,106.78505122165153,107.59094568126912,106.6755125166207,107.51271057128906,80450000,0.0,0.0,0.0
2012-07-05,107.11364722322351,107.81783471375418,106.63636896832048,107.02758026123047,126177500,0.0,0.0,0.0
2012-07-06,105.99483861551684,106.22956788966387,105.509740204086,106.01049041748047,151192100,0.0,0.0,0.0
2012-07-09,105.92440012178007,106.07306236067608,105.39234642145881,105.87745666503906,103780500,0.0,0.0,0.0
2012-07-10,106.41729671240991,106.58943064466648,104.59425056719928,104.95417022705078,167884800,0.0,0.0,0.0
2012-07-11,105.00898742614173,105.31413189343252,104.35957495702,104.96986389160156,141733400,0.0,0.0,0.0
2012-07-12,104.3595663385462,105.02461861549982,103.74927745436499,104.46127319335938,143583200,0.0,0.0,0.0
2012-07-13,104.73511153118837,106.32342878494903,104.7194597330579,106.2138900756836,129642600,0.0,0.0,0.0
2012-07-16,105.97134047440058,106.27648487310304,105.54882549845942,105.96350860595703,97525200,0.0,0.0,0.0
2012-07-17,106.38602533503857,106.91024715997,105.274986430715,106.69116973876953,138860300,0.0,0.0,0.0
2012-07-18,106.44078349649003,107.69266464661008,106.37820018392513,107.48140716552734,113349700,0.0,0.0,0.0
2012-07-19,107.7005120324587,108.11519523215269,107.35625597029552,107.76310729980469,129847300,0.0,0.0,0.0
2012-07-20,107.15281183963832,107.31712589876588,106.65989353990722,106.77725219726562,142904500,0.0,0.0,0.0
2012-07-23,105.21239618520092,106.70682661718412,104.71946599462044,105.69749450683594,145210900,0.0,0.0,0.0
2012-07-24,105.77573150321804,105.82267495712775,104.08569552952778,104.78987121582031,173301200,0.0,0.0,0.0
2012-07-25,105.00895253166748,105.28279330479823,104.25782151010748,104.81334686279297,129122300,0.0,0.0,0.0
2012-07-26,106.32345639908246,106.76944322045223,105.83052610995313,106.54253387451172,156526500,0.0,0.0,0.0
2012-07-27,107.1058090893828,108.81149624472283,106.51899224976557,108.50634002685547,236768900,0.0,0.0,0.0
2012-07-30,108.38116150790637,109.02274171103522,108.18555589470063,108.50634002685547,106782000,0.0,0.0,0.0
2012-07-31,108.35771760882282,108.65503009882953,107.74742889404297,107.74742889404297,120575900,0.0,0.0,0.0
2012-08-01,108.52205435377181,108.54552608577637,107.5049021912121,107.653564453125,138293800,0.0,0.0,0.0
2012-08-02,106.83980212062367,107.63787646845515,106.08085128825054,106.91021728515625,199556600,0.0,0.0,0.0
2012-08-03,108.41250367810713,109.25752175363117,106.94154496084401,109.03062438964844,157825000,0.0,0.0,0.0
2012-08-06,109.32012939035558,109.67221731031911,109.19493886006708,109.24188232421875,86326200,0.0,0.0,0.0
2012-08-07,109.6800763679929,110.25907382300554,109.56271766574793,109.78962707519531,109545100,0.0,0.0,0.0
2012-08-08,109.42178125192581,110.04770964281657,109.39047766909,109.92253112792969,89754700,0.0,0.0,0.0
2012-08-09,109.7660756087329,110.23553400545455,109.6565369080076,110.0164566040039,90291700,0.0,0.0,0.0
2012-08-10,109.57047057976456,110.23553465590732,109.39051670011605,110.1964111328125,99792700,0.0,0.0,0.0
2012-08-13,110.00864453208264,110.19641835312426,109.57047775906331,110.14165496826172,79426900,0.0,0.0,0.0
2012-08-14,110.54849895091549,110.61892606800767,109.82867149357725,110.15728759765625,102379400,0.0,0.0,0.0
2012-08-15,110.0399596536498,110.47029465000553,109.96954445574424,110.28250885009766,71085900,0.0,0.0,0.0
2012-08-16,110.43895492037848,111.22920945667556,110.16511414960489,111.09619903564453,112014200,0.0,0.0,0.0
2012-08-17,111.2839736801911,111.33874899805515,110.99448111097406,111.2448501586914,90813700,0.0,0.0,0.0
2012-08-20,111.08837152690565,111.27615727275305,110.78322715166794,111.252685546875,78255700,0.0,0.0,0.0
2012-08-21,111.52651795268926,111.95685279284018,110.67368013964054,110.91622924804688,105581100,0.0,0.0,0.0
2012-08-22,110.63458296605317,111.14316496691549,110.37639393930024,110.96321105957031,133243500,0.0,0.0,0.0
2012-08-23,110.68931759764276,110.69713752506092,109.88342333721285,110.05555725097656,111466400,0.0,0.0,0.0
2012-08-24,109.78179010475294,110.97107663387536,109.71137488667571,110.72069549560547,99481200,0.0,0.0,0.0
2012-08-27,111.01799343682671,111.16665570959968,110.58765842059627,110.744140625,68785900,0.0,0.0,0.0
2012-08-28,110.46246377822234,110.97886577851624,110.29816164829114,110.63459777832031,75689600,0.0,0.0,0.0
2012-08-29,110.72852736794502,111.01802011259352,110.41555094510765,110.72069549560547,65421300,0.0,0.0,0.0
2012-08-30,110.24331524967464,110.27461883251044,109.68780201193626,109.92253112792969,96589900,0.0,0.0,0.0
2012-08-31,110.54847652717292,110.96317146122786,109.82082928834234,110.44676971435547,151970400,0.0,0.0,0.0
2012-09-04,110.3528898140976,110.68151784669529,109.64089424699637,110.3450698852539,120226200,0.0,0.0,0.0
2012-09-05,110.39201290772849,110.68933734615268,110.03210516115217,110.25118255615234,100660300,0.0,0.0,0.0
2012-09-06,110.91624475067086,112.4967420486647,110.90842482114677,112.48892211914062,158272500,0.0,0.0,0.0
2012-09-07,112.67671245849466,112.9740369675339,112.57500560447502,112.92709350585938,107272100,0.0,0.0,0.0
2012-09-10,112.81750732883066,113.01311296274878,112.24634222065944,112.28545379638672,86458500,0.0,0.0,0.0
2012-09-11,112.35590058867686,112.95835745077565,112.32459699602451,112.59844970703125,88760000,0.0,0.0,0.0
2012-09-12,112.97403717041016,113.09922769431732,112.59064566800399,112.97403717041016,87640900,0.0,0.0,0.0
2012-09-13,112.95837114764623,115.04743850465798,112.66105861433311,114.69535064697266,225470200,0.0,0.0,0.0
2012-09-14,114.92226864994244,115.88464538427945,114.82836979230171,115.20394134521484,169777000,0.0,0.0,0.0
2012-09-17,114.96919577845394,115.16480145741855,114.52320909977949,114.81271362304688,119427800,0.0,0.0,0.0
2012-09-18,114.61718805274889,114.86755728862452,114.42940217171851,114.7188949584961,98326600,0.0,0.0,0.0
2012-09-19,114.85187120096026,115.14919577247545,114.55455856827304,114.78145599365234,128318300,0.0,0.0,0.0
2012-09-20,114.25719952733844,114.85183655214917,113.9442351856116,114.78925323486328,154009800,0.0,0.0,0.0
2012-09-21,115.34694931432725,115.37054633894161,114.69407029403298,114.74126434326172,108737500,0.779,0.0,0.0
2012-09-24,114.17486904027005,114.82774781635486,114.08834264819734,114.56816864013672,95682000,0.0,0.0,0.0
2012-09-25,114.81206692662971,115.03231382378851,113.31752069298845,113.34899139404297,133165200,0.0,0.0,0.0
2012-09-26,113.3253887537617,113.3568474507016,112.44438920622815,112.71183013916016,146502200,0.0,0.0,0.0
2012-09-27,113.18378550514733,114.03331428483855,112.88487389676871,113.77373504638672,111830300,0.0,0.0,0.0
2012-09-28,113.3410998140996,113.71080247647973,112.84555037504732,113.24671173095703,150696100,0.0,0.0,0.0
2012-10-01,113.67935187017427,114.59967175394789,113.278178483171,113.5456314086914,135911200,0.0,0.0,0.0
2012-10-02,113.99400562541011,114.1749201616382,113.13661499441984,113.66363525390625,113422200,0.0,0.0,0.0
2012-10-03,113.97036809291241,114.39512641886664,113.3725569668336,114.127685546875,121283100,0.0,0.0,0.0
2012-10-04,114.5603702688846,115.11098761242886,114.40305274252309,114.94580841064453,124311600,0.0,0.0,0.0
2012-10-05,115.55932106990619,115.75597092047677,114.60753051202069,114.9536361694336,124842100,0.0,0.0,0.0
2012-10-08,114.52890506706686,114.93792821189011,114.30078446461042,114.56036376953125,78415400,0.0,0.0,0.0
2012-10-09,114.47380617335378,114.56819425761057,113.3882951941849,113.42762756347656,148872900,0.0,0.0,0.0
2012-10-10,113.4119219441885,113.52205740809677,112.55453128062894,112.70398712158203,124247500,0.0,0.0,0.0
2012-10-11,113.49057685041261,113.6557680293764,112.74330971308015,112.76690673828125,123601500,0.0,0.0,0.0
2012-10-12,112.84556901217132,113.23099508369478,112.15335761465948,112.39720153808594,124181900,0.0,0.0,0.0
2012-10-15,112.66463002485395,113.45122943409481,112.30280101803365,113.33324432373047,107689100,0.0,0.0,0.0
2012-10-16,113.86808966500708,114.56030076409637,113.7894369508246,114.48163604736328,108815500,0.0,0.0,0.0
2012-10-17,114.56038345483465,115.09527750909982,114.38733055515115,115.0008773803711,128834100,0.0,0.0,0.0
2012-10-18,114.7019729614258,115.25259034585531,114.31653479104573,114.70197296142578,148108500,0.0,0.0,0.0
2012-10-19,114.48953906284031,114.49740073550822,112.52304066602943,112.79048156738281,185645200,0.0,0.0,0.0
2012-10-22,112.60169748597721,113.01073252807022,111.9173598598739,112.80622100830078,125578600,0.0,0.0,0.0
2012-10-23,111.58701148052188,111.74432898837152,110.77681491266752,111.24090576171875,192056300,0.0,0.0,0.0
2012-10-24,111.6420352700055,111.77576771610555,110.75318620377503,110.92623901367188,120179400,0.0,0.0,0.0
2012-10-25,111.71284389184994,111.91735540347601,110.57227722624219,111.24874114990234,134457400,0.0,0.0,0.0
2012-10-26,111.14651204577106,111.57127049577487,110.43070361825612,111.18584442138672,146023500,0.0,0.0,0.0
2012-10-31,111.57914417243153,111.72072632158083,110.65881219273751,111.18584442138672,103438500,0.0,0.0,0.0
2012-11-01,111.42183516715372,112.49161116689402,111.31958537481016,112.35002899169922,100995600,0.0,0.0,0.0
2012-11-02,113.01861561858313,113.05008632146789,111.23304331295596,111.35102844238281,137702200,0.0,0.0,0.0
2012-11-05,111.18583237165706,111.83083765213922,110.85545005433534,111.57913208007812,98378500,0.0,0.0,0.0
2012-11-06,111.91737660312201,112.89276431017178,111.7993914784029,112.4522705078125,107068100,0.0,0.0,0.0
2012-11-07,111.42968378604965,111.44540713360769,109.38452036329846,109.90367889404297,264304500,0.0,0.0,0.0
2012-11-08,109.88791093345452,110.44640167246648,108.49562692419944,108.5821533203125,181517300,0.0,0.0,0.0
2012-11-09,108.25187271076467,109.68349026769178,108.19681695995459,108.67664337158203,201055300,0.0,0.0,0.0
2012-11-12,109.0148205248697,109.18787337301129,108.5192710075149,108.76311492919922,97677500,0.0,0.0,0.0
2012-11-13,108.18887109432963,109.53396128603947,108.04728897023057,108.3855209350586,123018300,0.0,0.0,0.0
2012-11-14,108.71593585009524,108.88897671950842,106.67863376690693,106.92247772216797,191505000,0.0,0.0,0.0
2012-11-15,106.96181645963033,107.36298996056722,106.33253434257011,106.74156951904297,178128400,0.0,0.0,0.0
2012-11-16,106.8988520149813,107.48093988294893,105.95493515000867,107.2685546875,239483900,0.0,0.0,0.0
2012-11-19,108.47204931947644,109.45529854101831,107.30002392903309,109.4395751953125,151495800,0.0,0.0,0.0
2012-11-20,109.26651614761386,109.66767748623084,108.61363726139564,109.48676300048828,119807400,0.0,0.0,0.0
2012-11-21,109.58113025659817,109.78565372579827,109.36088344557577,109.69125366210938,81710800,0.0,0.0,0.0
2012-11-23,110.22619206863294,111.2251647944465,110.15538899150242,111.18584442138672,65409200,0.0,0.0,0.0
2012-11-26,110.63522023176408,111.19371118493497,110.27339116567288,110.94986724853516,100124400,0.0,0.0,0.0
2012-11-27,110.83971293209117,111.21727724453443,110.31269282861435,110.38348388671875,128646200,0.0,0.0,0.0
2012-11-28,109.9351331090304,111.3352791481485,109.33732185720574,111.2723617553711,177086500,0.0,0.0,0.0
2012-11-29,111.68927701230383,112.09830014593663,111.20157711826951,111.7915267944336,151085900,0.0,0.0,0.0
2012-11-30,111.80725520805039,112.02750211327916,111.42969079945196,111.81511688232422,136568300,0.0,0.0,0.0
2012-12-03,112.3263868592206,112.42077493811676,111.17794655491988,111.26447296142578,124656300,0.0,0.0,0.0
2012-12-04,111.25658007997656,111.59481193617776,110.8082128258867,111.10712432861328,127512200,0.0,0.0,0.0
2012-12-05,111.2016245852366,111.82304523081778,110.41502468125374,111.30388641357422,147300500,0.0,0.0,0.0
2012-12-06,111.20157789370785,111.72859816778266,111.03639870466193,111.68140411376953,103220600,0.0,0.0,0.0
2012-12-07,112.11401852520765,112.2398773176827,111.43754251884815,112.0196304321289,108726400,0.0,0.0,0.0
2012-12-10,111.86228386642416,112.3342362116983,111.8150778296,112.0667953491211,98840700,0.0,0.0,0.0
2012-12-11,112.5309147249469,113.35684654302831,112.47585900510414,112.82982635498047,152570400,0.0,0.0,0.0
2012-12-12,113.27030279728882,113.70293482653909,112.7275473426433,112.8848648071289,145880100,0.0,0.0,0.0
2012-12-13,112.81412698470952,113.13663574075424,111.90954213513503,112.19271850585938,135715000,0.0,0.0,0.0
2012-12-14,111.94883255260892,112.15334407602437,111.60272689563327,111.7757797241211,137701700,0.0,0.0,0.0
2012-12-17,112.06681204479032,113.15232300497811,112.03534134888572,113.08939361572266,143238200,0.0,0.0,0.0
2012-12-18,113.2703164322584,114.4502155617611,113.10512527300399,114.34795379638672,177762800,0.0,0.0,0.0
2012-12-19,114.47381597492665,114.51314834758605,113.45910797462214,113.49842834472656,150895400,0.0,0.0,0.0
2012-12-20,113.5692530236235,114.16706439309583,113.25460598504024,114.15132904052734,168487000,0.0,0.0,0.0
2012-12-21,112.62398091408312,114.14496171115262,112.4417833002244,113.11512756347656,245883800,1.022,0.0,0.0
2012-12-24,112.8695688998723,112.93294461894244,112.6398424949652,112.76659393310547,53874600,0.0,0.0,0.0
2012-12-26,112.99629020229118,113.05174847456793,111.97438571306941,112.29125213623047,106947700,0.0,0.0,0.0
2012-12-27,112.32296760202685,112.55270610218909,110.84159789394081,112.1407699584961,167920600,0.0,0.0,0.0
2012-12-28,111.41195544198739,112.0298535479385,110.80197476745766,110.92872619628906,148806700,0.0,0.0,0.0
2012-12-31,110.63564949824115,112.93296225683683,110.54057986094672,112.81414031982422,243935200,0.0,0.0,0.0
2013-01-02,114.9530221401025,115.77688245809257,114.65199044329624,115.7055892944336,192059000,0.0,0.0,0.0
2013-01-03,115.65013459155936,115.95115417857325,115.13521135390911,115.44416046142578,144761800,0.0,0.0,0.0
2013-01-04,115.63427485212321,116.14126851321049,115.39661892930805,115.95114135742188,116817700,0.0,0.0,0.0
2013-01-07,115.53921980764864,115.74518183176248,115.20649425592858,115.63427734375,110002500,0.0,0.0,0.0
2013-01-08,115.42832615885735,115.5867594297981,114.8500271927822,115.30157470703125,121265100,0.0,0.0,0.0
2013-01-09,115.55506181835207,115.91155177614452,115.3728641669956,115.59467315673828,90745600,0.0,0.0,0.0
2013-01-10,116.23632831774066,116.52151301315298,115.63427711084022,116.51359558105469,130735400,0.0,0.0,0.0
2013-01-11,116.48187691474216,116.56901700002892,116.14124609169032,116.50565338134766,113917300,0.0,0.0,0.0
2013-01-14,116.36307691843082,116.50567530649923,115.99866956019582,116.42645263671875,89567200,0.0,0.0,0.0
2013-01-15,115.88774326624521,116.6165578455599,115.81645012946879,116.50565338134766,93172600,0.0,0.0,0.0
2013-01-16,116.26803627349318,116.67204293762059,116.1412848185059,116.4898452758789,104849500,0.0,0.0,0.0
2013-01-17,117.00472996186157,117.57509929254003,116.56902948874867,117.24238586425781,133833500,0.0,0.0,0.0
2013-01-18,117.21865284381082,117.63058904566284,116.79086968751095,117.50383758544922,169906000,0.0,0.0,0.0
2013-01-22,117.50385084547086,118.13759613037108,117.22658350592518,118.1375961303711,111797300,0.0,0.0,0.0
2013-01-23,118.13757503437094,118.43067719012716,117.92368347027879,118.32769012451172,104596100,0.0,0.0,0.0
2013-01-24,118.15337803613325,118.93763883451348,118.0424735675656,118.3593521118164,146426400,0.0,0.0,0.0
2013-01-25,118.7316858040079,119.02478790283203,118.32766714056771,119.02478790283203,147211600,0.0,0.0,0.0
2013-01-28,119.05651609557744,119.08821000858056,118.43861775656369,118.88224792480469,113357700,0.0,0.0,0.0
2013-01-29,118.6445634466114,119.50011757702272,118.56534077080762,119.34960174560547,105694400,0.0,0.0,0.0
2013-01-30,119.33378343976729,119.5714394365463,118.77133131697984,118.88224792480469,137447700,0.0,0.0,0.0
2013-01-31,118.73965008460979,119.12782195087678,118.50992360877744,118.5891342163086,108975800,0.0,0.0,0.0
2013-02-01,119.34165712585923,119.95163780685827,119.13569511758499,119.80905151367188,131173000,0.0,0.0,0.0
2013-02-04,119.08025919146449,119.83282623055321,118.37520883318753,118.46234893798828,159073600,0.0,0.0,0.0
2013-02-05,119.10400881245938,119.99916204607491,119.056467962175,119.65853118896484,113912400,0.0,0.0,0.0
2013-02-06,119.2386653131458,119.82486944141516,119.15152522817604,119.74565887451172,138762800,0.0,0.0,0.0
2013-02-07,119.78528670252453,119.8961911816107,118.71584115672954,119.58724212646484,162490000,0.0,0.0,0.0
2013-02-08,119.79321301643178,120.32397106910462,119.79321301643178,120.25267791748047,103133700,0.0,0.0,0.0
2013-02-11,120.20514796987418,120.3318873200678,119.92788071048061,120.22891235351562,73775000,0.0,0.0,0.0
2013-02-12,120.23681378645351,120.64874986089612,120.10214493451053,120.42694091796875,65392700,0.0,0.0,0.0
2013-02-13,120.67253614057549,120.89434512375591,120.18930683700033,120.52993774414062,82322600,0.0,0.0,0.0
2013-02-14,120.16553125442131,120.78342937679898,120.03086239058842,120.64083099365234,80834300,0.0,0.0,0.0
2013-02-15,120.75175130800503,120.87850275682584,120.05464251485749,120.49826049804688,215226500,0.0,0.0,0.0
2013-02-19,120.70420065666829,121.42508579251853,120.53784998696825,121.40132141113281,95105400,0.0,0.0,0.0
2013-02-20,121.31418323175288,121.35379456391476,119.82488417377259,119.88825988769531,160574800,0.0,0.0,0.0
2013-02-21,119.58726035247479,119.95165565885952,118.77923497445116,119.15947723388672,183257000,0.0,0.0,0.0
2013-02-22,119.73778102863075,120.3239974975586,119.21495238086828,120.3239974975586,106356600,0.0,0.0,0.0
2013-02-25,120.91021119557547,121.09240887035232,118.03459930419922,118.03459930419922,245824800,0.0,0.0,0.0
2013-02-26,118.6049801125573,118.98522245329147,117.82071895258738,118.84263610839844,186596200,0.0,0.0,0.0
2013-02-27,118.73960209038752,120.6725190306231,118.63661504576933,120.33980560302734,150781900,0.0,0.0,0.0
2013-02-28,120.33189163483355,121.10030563394699,119.94373196298314,120.10216522216797,126866000,0.0,0.0,0.0
2013-03-01,119.69023512141851,120.68045815092462,119.15155959545525,120.49826049804688,170634800,0.0,0.0,0.0
2013-03-04,120.22097808017183,121.13990783691406,120.03086301855754,121.13990783691406,99010200,0.0,0.0,0.0
2013-03-05,121.72608708952863,122.54994697696364,121.71024014332461,122.22515106201172,121431900,0.0,0.0,0.0
2013-03-06,122.66088587947003,122.72426159440957,122.12221043400653,122.39154815673828,94469900,0.0,0.0,0.0
2013-03-07,122.54997420333308,122.77178314875457,122.40738791885397,122.61334991455078,86101400,0.0,0.0,0.0
2013-03-08,123.15208505399916,123.30258882771831,122.51833978435644,123.13623809814453,123477800,0.0,0.0,0.0
2013-03-11,123.04113684773314,123.61149409142935,122.890621039775,123.60357666015625,83746800,0.0,0.0,0.0
2013-03-12,123.51639049650741,123.6589888200064,122.95395089386201,123.32626342773438,105755800,0.0,0.0,0.0
2013-03-13,123.38975921451402,123.67494405141004,122.96990543904052,123.50066375732422,92550900,0.0,0.0,0.0
2013-03-14,123.8254057189453,124.21357749262094,123.50853918903117,124.15811920166016,126329900,0.0,0.0,0.0
2013-03-15,124.01011146393775,124.16128458405575,123.58042575829356,123.99419403076172,138601100,0.694,0.0,0.0
2013-03-18,122.80858720329725,123.84300175515996,122.6971894602624,123.30988311767578,126704300,0.0,0.0,0.0
2013-03-19,123.57250425680772,123.73959485221413,122.21184870126275,123.02346801757812,167567300,0.0,0.0,0.0
2013-03-20,123.74758275922478,124.08972880327246,123.54069246147559,123.88285064697266,113759300,0.0,0.0,0.0
2013-03-21,123.14282272009197,123.84304428330874,122.61766868912696,122.82454681396484,128605000,0.0,0.0,0.0
2013-03-22,123.21438869914768,123.81116485595703,123.11889625787762,123.81116485595703,111163600,0.0,0.0,0.0
2013-03-25,124.1374176883755,124.34430790063709,122.81656209555128,123.29397583007812,151322300,0.0,0.0,0.0
2013-03-26,123.80324421375856,124.31249289682448,123.66797636028987,124.28067016601562,86856600,0.0,0.0,0.0
2013-03-27,123.54066115416181,124.32045768561143,123.33378305028845,124.28067016601562,99950600,0.0,0.0,0.0
2013-03-28,124.20105875768347,124.80579973898547,123.9305231299656,124.66256713867188,102932800,0.0,0.0,0.0
2013-04-01,124.59894702373188,124.85357743799858,123.86690279488475,124.16927337646484,99194100,0.0,0.0,0.0
2013-04-02,124.61484919771954,125.09227509527342,124.423876410409,124.78195190429688,101504300,0.0,0.0,0.0
2013-04-03,124.85350828440443,124.94898856614682,123.19049528971279,123.5167236328125,154167400,0.0,0.0,0.0
2013-04-04,123.67593118960863,124.26475492225461,123.40539547789825,124.0180892944336,131885000,0.0,0.0,0.0
2013-04-05,122.49828559973766,123.61227536748407,122.35506510840419,123.46109008789062,159666000,0.0,0.0,0.0
2013-04-08,123.54860068851973,124.30451484053927,123.1348324239046,124.29656219482422,86571200,0.0,0.0,0.0
2013-04-09,124.52733949116733,125.17982083588446,124.11357112967467,124.72626495361328,101922200,0.0,0.0,0.0
2013-04-10,125.06046782508425,126.41315864473961,125.02864509089896,126.25402069091797,135711100,0.0,0.0,0.0
2013-04-11,126.27787974211454,127.08154637207389,126.15056453360363,126.66777801513672,110142500,0.0,0.0,0.0
2013-04-12,126.2619370463918,126.54839013751176,125.65720813911368,126.35742950439453,116359900,0.0,0.0,0.0
2013-04-15,125.72085425613204,125.8242993505919,123.41332444598278,123.42922973632812,217259000,0.0,0.0,0.0
2013-04-16,124.36022482497378,125.31507666622957,124.0578664072586,125.25141906738281,147507800,0.0,0.0,0.0
2013-04-17,124.36020199963197,124.38408421858094,122.76084609953516,123.42127990722656,226834800,0.0,0.0,0.0
2013-04-18,123.62813877144896,123.65997363081107,122.17996834795008,122.64942932128906,167583200,0.0,0.0,0.0
2013-04-19,122.93588364221063,123.77137265835862,122.63351318229536,123.71566772460938,149687600,0.0,0.0,0.0
2013-04-22,123.9544167955156,124.55914575045743,123.1348449699392,124.26473999023438,106553500,0.0,0.0,0.0
2013-04-23,124.88538063956136,125.66516491377973,124.2647342786506,125.54581451416016,166141300,0.0,0.0,0.0
2013-04-24,125.58558633161681,125.95956705894241,125.35482606593439,125.62537384033203,96781200,0.0,0.0,0.0
2013-04-25,125.99139568609915,126.73140453026774,125.80043506162487,126.13462829589844,131060600,0.0,0.0,0.0
2013-04-26,125.98343731832762,126.19828015254649,125.50601149593969,125.91182708740234,95918800,0.0,0.0,0.0
2013-04-29,126.25398359937552,127.03376784302588,126.0550581801779,126.75527954101562,88572800,0.0,0.0,0.0
2013-04-30,126.73141161016729,127.08947494250349,126.20624558063724,127.0576400756836,116010700,0.0,0.0,0.0
2013-05-01,126.77915376702947,126.84281136022827,125.80044407216728,125.94366455078125,138874200,0.0,0.0,0.0
2013-05-02,126.26192051041083,127.22472476157766,126.14257013034337,127.11332702636719,96407600,0.0,0.0,0.0
2013-05-03,128.21939675764233,128.8082205027722,127.13724174641112,128.40240478515625,144202300,0.0,0.0,0.0
2013-05-06,128.49788951292692,128.911645711787,128.44218455839996,128.7286376953125,66882100,0.0,0.0,0.0
2013-05-07,129.00713795352038,129.42089415163787,128.64110977978225,129.38111877441406,90359200,0.0,0.0,0.0
2013-05-08,129.23788075122576,130.00971244377004,129.16627050547106,129.9699249267578,97419200,0.0,0.0,0.0
2013-05-09,129.91417438684536,130.25632016993293,129.27761082185253,129.60385131835938,106738600,0.0,0.0,0.0
2013-05-10,129.69135014733968,130.1369409014076,129.30940480833505,130.02554321289062,103203000,0.0,0.0,0.0
2013-05-13,129.8585231568684,130.3439017099707,129.55616474808565,130.12905883789062,81843200,0.0,0.0,0.0
2013-05-14,130.23252294965542,131.5693083980715,130.23252294965542,131.47381591796875,119000900,0.0,0.0,0.0
2013-05-15,131.25894117301772,132.4445287855439,131.21915366476102,132.18194580078125,120718500,0.0,0.0,0.0
2013-05-16,131.91145108697813,132.37295961473112,131.3624148704884,131.56134033203125,109913600,0.0,0.0,0.0
2013-05-17,132.04672343085153,132.91403555870275,131.87166804742964,132.83447265625,129801000,0.0,0.0,0.0
2013-05-20,132.70715714422508,133.34372106965102,132.5718892830572,132.82650756835938,85071200,0.0,0.0,0.0
2013-05-21,132.94584581330705,133.51875202724028,132.4843373553361,133.0174560546875,95804200,0.0,0.0,0.0
2013-05-22,133.15273467459593,134.5293075136532,131.4260632466218,132.03079223632812,244031800,0.0,0.0,0.0
2013-05-23,130.62239959248325,132.01487762725077,130.447344239654,131.6488494873047,211064400,0.0,0.0,0.0
2013-05-24,130.86904337821477,131.5931347495714,130.4791452225359,131.5374298095703,151573900,0.0,0.0,0.0
2013-05-28,132.91393016731794,133.50275345751862,131.93522103892266,132.3251190185547,143679800,0.0,0.0,0.0
2013-05-29,131.62501931444743,131.92738995036473,130.76565972403668,131.46588134765625,160363400,0.0,0.0,0.0
2013-05-30,131.56923858160056,132.55590060133585,131.46579350865133,131.951171875,107793800,0.0,0.0,0.0
2013-05-31,131.58519525244088,132.33315684427959,129.8028310929395,130.0574493408203,176850100,0.0,0.0,0.0
2013-06-03,130.35977613846953,130.86107196079558,129.42880685517906,130.77354431152344,168390700,0.0,0.0,0.0
2013-06-04,130.84516448474727,131.3703304203292,129.48450949554717,130.1449432373047,157631500,0.0,0.0,0.0
2013-06-05,129.77095484162413,130.03353779384105,128.21138669938227,128.32278442382812,211737800,0.0,0.0,0.0
2013-06-06,128.26707479011318,129.49246185555046,127.5111608204021,129.4844970703125,200225500,0.0,0.0,0.0
2013-06-07,130.37569307378232,131.25095742174602,129.81073967763174,131.13160705566406,188337800,0.0,0.0,0.0
2013-06-10,131.53741044178386,131.60902066143305,130.78944910382722,131.13160705566406,105667100,0.0,0.0,0.0
2013-06-11,129.9380685494558,130.92473072375967,129.49247761377762,129.7789306640625,159505400,0.0,0.0,0.0
2013-06-12,130.6701264867654,130.80539431086407,128.5853920402135,128.70474243164062,177361500,0.0,0.0,0.0
2013-06-13,128.63317388457864,130.89296439854533,128.3467207108753,130.66221618652344,163587800,0.0,0.0,0.0
2013-06-14,130.51895693413638,131.02820556790482,129.62777486040287,129.8426055908203,141197500,0.0,0.0,0.0
2013-06-17,130.7258980153632,131.46590731219467,129.87450304708295,130.8452606201172,136295600,0.0,0.0,0.0
2013-06-18,130.91681887306382,132.0785488671739,130.90886622582093,131.87962341308594,114695600,0.0,0.0,0.0
2013-06-19,131.76821539781093,131.9989635643731,130.0017565315585,130.0574493408203,206149500,0.0,0.0,0.0
2013-06-20,128.79228577371484,130.07336607720146,126.5006608478642,126.83485412597656,321255900,0.0,0.0,0.0
2013-06-21,127.69792490553506,127.7939104199564,125.96211768752842,127.24198150634766,271956800,0.839,0.0,0.0
2013-06-24,125.91415224700417,126.73005370796493,124.57029372512942,125.6341781616211,222329000,0.0,0.0,0.0
2013-06-25,126.77007016562092,128.06593610812547,125.922165265943,126.84207153320312,162262200,0.0,0.0,0.0
2013-06-26,127.88193597756126,128.3858844766547,127.38599441063712,128.09791564941406,134848000,0.0,0.0,0.0
2013-06-27,128.8658093945301,129.44174692746438,128.7458152885182,128.8498077392578,129483700,0.0,0.0,0.0
2013-06-28,128.48984049162496,129.10576380943337,127.87390496813073,128.3218536376953,160402900,0.0,0.0,0.0
2013-07-01,128.9938106767295,129.9697043382048,128.84983236881794,129.0738067626953,131954800,0.0,0.0,0.0
2013-07-02,128.88182554349913,129.82572810911566,128.38588397849932,128.95382690429688,154863700,0.0,0.0,0.0
2013-07-03,128.36986415223907,129.4017573855116,128.16189144279608,129.00979614257812,75216400,0.0,0.0,0.0
2013-07-05,129.96170306522058,130.44964987137848,129.0258074938728,130.4016571044922,122416900,0.0,0.0,0.0
2013-07-08,131.0735949480446,131.4975473773242,130.44966449719195,131.1455841064453,108092500,0.0,0.0,0.0
2013-07-09,131.96948341104073,132.24945750406926,131.4015527044134,132.0894775390625,119298000,0.0,0.0,0.0
2013-07-10,131.9614848126138,132.5854152018143,131.6895176595138,132.13746643066406,121410100,0.0,0.0,0.0
2013-07-11,133.67328345710808,134.07323942314508,132.12944708124786,133.937255859375,135592200,0.0,0.0,0.0
2013-07-12,133.89725483255916,134.329201895734,133.68928212891012,133.9932403564453,104212700,0.0,0.0,0.0
2013-07-15,134.3612554250073,134.69721708986165,134.12927404799652,134.50523376464844,69450600,0.0,0.0,0.0
2013-07-16,134.59319356915145,134.67318965430542,133.64130850767717,134.0012664794922,88702100,0.0,0.0,0.0
2013-07-17,134.5132170082266,134.76918252440572,134.16924847017674,134.34523010253906,92873900,0.0,0.0,0.0
2013-07-18,134.63318222945298,135.40110309407413,134.54519142419107,135.0811309814453,103620100,0.0,0.0,0.0
2013-07-19,134.80121366137632,135.3691445147307,134.63322672102137,135.32115173339844,103831700,0.0,0.0,0.0
2013-07-22,135.51310910839192,135.77708156085038,135.19313695131058,135.58509826660156,79428600,0.0,0.0,0.0
2013-07-23,135.8250640053991,135.8490603896444,135.22512998788912,135.297119140625,80829700,0.0,0.0,0.0
2013-07-24,135.81702671542035,135.87302640326809,134.5291681574695,134.8011474609375,112914000,0.0,0.0,0.0
2013-07-25,134.5611892236552,135.24911398897572,134.3372148540799,135.12911987304688,111088600,0.0,0.0,0.0
2013-07-26,134.5612262397982,135.31314563265374,134.00129016182845,135.2731475830078,107814600,0.0,0.0,0.0
2013-07-29,134.929151626928,135.23312209573476,134.47320812940643,134.85716247558594,79695000,0.0,0.0,0.0
2013-07-30,135.26512541123475,135.40910371391882,134.53720255471777,134.85716247558594,85209600,0.0,0.0,0.0
2013-07-31,135.13717769415948,135.86510077224435,134.7772196221953,134.9532012939453,142388700,0.0,0.0,0.0
2013-08-01,135.97701525491402,136.6329366031507,135.90501391448623,136.51295471191406,110438400,0.0,0.0,0.0
2013-08-02,136.2090249825881,136.7609662584473,136.02504862586483,136.74496459960938,91116700,0.0,0.0,0.0
2013-08-05,136.4409873975616,136.75295257035387,136.26500579181337,136.5449676513672,54072700,0.0,0.0,0.0
2013-08-06,136.28097077868654,136.57694644741616,135.46506952288627,135.76902770996094,87495000,0.0,0.0,0.0
2013-08-07,135.33710849386026,135.52907955549745,134.82516532001432,135.3291015625,84854700,0.0,0.0,0.0
2013-08-08,135.9690362824867,136.12901623892535,135.12912625407358,135.82505798339844,102181300,0.0,0.0,0.0
2013-08-09,135.64914626952117,136.06510413515502,134.9612211172283,135.43316650390625,91757700,0.0,0.0,0.0
2013-08-12,134.753209554684,135.43312757590044,134.68921511638874,135.2731475830078,68593300,0.0,0.0,0.0
2013-08-13,135.51310047882777,135.90504956346942,134.71318844559795,135.67308044433594,80806000,0.0,0.0,0.0
2013-08-14,135.60911337357896,135.82509308371377,134.94518478738047,134.97718811035156,79829200,0.0,0.0,0.0
2013-08-15,133.91326380897857,133.92925326004223,132.8573741657607,133.08935546875,152931800,0.0,0.0,0.0
2013-08-16,132.83337513277448,133.2893307984348,132.38542639817405,132.64939880371094,130868200,0.0,0.0,0.0
2013-08-19,132.49743325893067,132.95338899230467,131.793506739626,131.801513671875,96437600,0.0,0.0,0.0
2013-08-20,132.01748826053245,132.9453892304458,131.873509940558,132.44944763183594,89294400,0.0,0.0,0.0
2013-08-21,132.08147847406084,132.80940139473992,131.33756609991102,131.63352966308594,159530500,0.0,0.0,0.0
2013-08-22,131.90550355352065,133.0253878436426,131.89750882637836,132.83340454101562,101471400,0.0,0.0,0.0
2013-08-23,133.22532355156542,133.44929789730156,132.60139327334525,133.28131103515625,90888900,0.0,0.0,0.0
2013-08-26,133.41731020864745,133.82527311918668,132.69739432815962,132.78538513183594,89702100,0.0,0.0,0.0
2013-08-27,131.47356677446004,132.78542226523834,130.5536726470677,130.649658203125,158619400,0.0,0.0,0.0
2013-08-28,130.59363627232278,131.5775368772733,130.4256615778019,131.11358642578125,108113000,0.0,0.0,0.0
2013-08-29,130.82559173832868,132.0174526399439,130.70559763170306,131.321533203125,119200500,0.0,0.0,0.0
2013-08-30,131.5935340190338,131.6095356784862,130.52165474383108,130.90560913085938,134928900,0.0,0.0,0.0
2013-09-03,132.1694051903928,132.44937916431306,130.94554128050595,131.4974822998047,142375100,0.0,0.0,0.0
2013-09-04,131.52954410227244,132.80940837722392,131.28958023069805,132.58543395996094,97389400,0.0,0.0,0.0
2013-09-05,132.6653966518521,133.10533844276367,132.5693989217023,132.75338745117188,63090500,0.0,0.0,0.0
2013-09-06,133.19338833405848,133.56934807924978,131.56956739448447,132.8174285888672,159756500,0.0,0.0,0.0
2013-09-09,133.14533102570167,134.16921726365078,133.14533102570167,134.0892333984375,87559300,0.0,0.0,0.0
2013-09-10,134.89715464523877,135.10512736418147,134.5931841896634,135.0811309814453,105847200,0.0,0.0,0.0
2013-09-11,134.89715248104827,135.5050811767578,134.66518338309095,135.5050811767578,94545900,0.0,0.0,0.0
2013-09-12,135.45710682021064,135.63308845182647,134.96116524330577,135.1451416015625,83209000,0.0,0.0,0.0
2013-09-13,135.28910148448165,135.5530738721284,134.97713633647854,135.44908142089844,72727800,0.0,0.0,0.0
2013-09-16,136.91294708099602,136.97694150859138,136.0170373003503,136.23301696777344,106299200,0.0,0.0,0.0
2013-09-17,136.35304122094166,136.87297927720059,136.35304122094166,136.8409881591797,82523300,0.0,0.0,0.0
2013-09-18,136.79294685321815,138.80073378672674,136.4489905516286,138.42477416992188,203460600,0.0,0.0,0.0
2013-09-19,138.80073574056865,138.86473016621161,138.0568112224466,138.1927947998047,146616900,0.0,0.0,0.0
2013-09-20,138.52079062256598,138.52079062256598,137.11412097123537,137.22665405273438,132867100,0.838,0.0,0.0
2013-09-23,137.04175828641996,137.17035874034704,136.1575611740114,136.59161376953125,104616500,0.0,0.0,0.0
2013-09-24,136.56750200956998,137.07390693123205,136.01288264915928,136.2700958251953,106333100,0.0,0.0,0.0
2013-09-25,136.35851226123285,136.63180508707487,135.75565394618994,135.876220703125,117306500,0.0,0.0,0.0
2013-09-26,136.10130596595192,136.78453806506747,135.88427352732253,136.39871215820312,77146900,0.0,0.0,0.0
2013-09-27,135.71545585437428,135.95660162439393,135.41804968828728,135.771728515625,99141800,0.0,0.0,0.0
2013-09-30,134.62225996891223,135.47429764827524,134.35700087275885,135.04827880859375,143937000,0.0,0.0,0.0
2013-10-01,135.15286032785966,136.24604441971096,135.01621384952696,136.117431640625,127160000,0.0,0.0,0.0
2013-10-02,135.32157149348984,136.1173364440207,134.90358638638224,135.9887237548828,113350000,0.0,0.0,0.0
2013-10-03,135.67527505389828,135.79585408234712,134.10784580553917,134.7348175048828,176698000,0.0,0.0,0.0
2013-10-04,134.8393168147989,135.89230743077408,134.66247738530245,135.7556610107422,96878000,0.0,0.0,0.0
2013-10-07,134.57402807352585,135.4019523726345,134.43738168354676,134.58206176757812,96295000,0.0,0.0,0.0
2013-10-08,134.5579333021008,134.7347726728361,132.91816454140456,133.01461791992188,178015000,0.0,0.0,0.0
2013-10-09,133.27190481300786,133.59342439996112,132.25106111339292,133.11114501953125,168973000,0.0,0.0,0.0
2013-10-10,134.46960455936804,136.0531140085933,134.42137783749334,135.98077392578125,195955000,0.0,0.0,0.0
2013-10-11,135.77173493993493,136.9051115270269,135.65920187729213,136.85687255859375,105040000,0.0,0.0,0.0
2013-10-14,136.01280759460775,137.51592960858517,135.90830828362883,137.4033966064453,112106000,0.0,0.0,0.0
2013-10-15,137.05785395905008,137.5722926764638,136.22189564269775,136.40676879882812,155485000,0.0,0.0,0.0
2013-10-16,137.22658752098906,138.3840770924694,137.1622811819979,138.31173706054688,161676000,0.0,0.0,0.0
2013-10-17,137.74908973549438,139.3165310271159,137.72497638625552,139.23614501953125,129389000,0.0,0.0,0.0
2013-10-18,139.75055593450548,140.27302808490717,139.46921722879364,140.17657470703125,138316000,0.0,0.0,0.0
2013-10-21,140.2248396132414,140.46598538883404,139.87116077772995,140.1846466064453,104104000,0.0,0.0,0.0
2013-10-22,140.59452411726704,141.41440215156786,140.2086861732908,140.99642944335938,126663000,0.0,0.0,0.0
2013-10-23,140.51419584852863,140.57850219893226,139.83096387270683,140.3212890625,105484000,0.0,0.0,0.0
2013-10-24,140.60263298891064,140.96434552276693,140.2730675016529,140.78750610351562,70350000,0.0,0.0,0.0
2013-10-25,141.07681753037784,141.4706892055621,140.80352482441901,141.4304962158203,93625000,0.0,0.0,0.0
2013-10-28,141.3823315637861,141.84854346594273,141.22960549486777,141.65562438964844,84979000,0.0,0.0,0.0
2013-10-29,141.97714130296657,142.46746650512145,141.77618855233234,142.41119384765625,87401000,0.0,0.0,0.0
2013-10-30,142.58002086714436,142.68450797276833,141.19746475490732,141.703857421875,140002000,0.0,0.0,0.0
2013-10-31,141.5913133903343,142.1861379905255,141.09295445772054,141.30194091796875,133795000,0.0,0.0,0.0
2013-11-01,141.4868308159703,141.96107641314663,140.84377949402446,141.63955688476562,142805000,0.0,0.0,0.0
2013-11-04,142.0253758795562,142.1941693309506,141.4546646394144,142.13790893554688,85677000,0.0,0.0,0.0
2013-11-05,141.58332104133785,142.07364642200147,141.12515498098594,141.6878204345703,85825000,0.0,0.0,0.0
2013-11-06,142.29866079790835,142.67645295031537,141.90478899119952,142.41119384765625,87348000,0.0,0.0,0.0
2013-11-07,142.67654985794053,142.78908298412225,140.4741017995943,140.61074829101562,157000000,0.0,0.0,0.0
2013-11-08,140.56237838283064,142.52367852579764,140.54631099916452,142.50759887695312,136713000,0.0,0.0,0.0
2013-11-11,142.37101203232993,142.7005775129119,142.2022185770352,142.5317840576172,62614000,0.0,0.0,0.0
2013-11-12,142.2263519827922,142.5639512061692,141.7681737234472,142.242431640625,83990000,0.0,0.0,0.0
2013-11-13,141.54310046283447,143.42401558365245,141.54310046283447,143.3838348388672,103844000,0.0,0.0,0.0
2013-11-14,143.51242173977315,144.21977939981767,143.27932192826762,144.09921264648438,103435000,0.0,0.0,0.0
2013-11-15,144.3323548547486,144.78248721966116,144.147481690271,144.72622680664062,102818000,0.0,0.0,0.0
2013-11-18,144.96735364424748,145.08792041719036,143.89828328514068,144.2198028564453,104796000,0.0,0.0,0.0
2013-11-19,144.14744155190448,144.58149413572468,143.657116305546,143.9062957763672,93891000,0.0,0.0,0.0
2013-11-20,144.19563553080482,144.6296880161229,143.06225922861194,143.4561309814453,124909000,0.0,0.0,0.0
2013-11-21,143.85806311928383,144.7261805161721,143.76964341408643,144.6136474609375,92841000,0.0,0.0,0.0
2013-11-22,144.66993241824028,145.35317682578463,144.50113893932192,145.33709716796875,81296000,0.0,0.0,0.0
2013-11-25,145.59431890890008,145.62646595852448,144.98341457937238,145.19241333007812,79486000,0.0,0.0,0.0
2013-11-26,145.26473377335697,145.66663929790363,145.01555431056735,145.23257446289062,86994000,0.0,0.0,0.0
2013-11-27,145.38525945269978,145.68267779716697,145.20842009064248,145.58621215820312,58800000,0.0,0.0,0.0
2013-11-29,145.74701727894316,146.09265012372265,145.32903212219225,145.4897918701172,55870900,0.0,0.0,0.0
2013-12-02,145.56214701746723,145.83543984380918,144.8869486470281,145.1120147705078,99726000,0.0,0.0,0.0
2013-12-03,144.637757184458,144.99946969112975,144.01881926359482,144.4850311279297,116563000,0.0,0.0,0.0
2013-12-04,143.96263179840787,145.07188322977905,143.35977322683195,144.46902465820312,123033000,0.0,0.0,0.0
2013-12-05,144.2117154412515,144.47697450810253,143.69727695968066,143.83392333984375,106934000,0.0,0.0,0.0
2013-12-06,145.22455691383274,145.5782357771849,144.8065716875816,145.44158935546875,127728000,0.0,0.0,0.0
2013-12-09,145.86759773615634,146.02835749919382,145.61841826367072,145.8113250732422,70124000,0.0,0.0,0.0
2013-12-10,145.47372198622432,145.77917411342457,145.20042916987848,145.28884887695312,80976000,0.0,0.0,0.0
2013-12-11,145.3451279550386,145.3692413066523,143.48028032902022,143.65711975097656,130591000,0.0,0.0,0.0
2013-12-12,143.59278523155925,143.76962461883556,142.88542768245404,143.18284606933594,115565000,0.0,0.0,0.0
2013-12-13,143.4802490735368,143.608861764249,142.89347053678654,143.16676330566406,107808000,0.0,0.0,0.0
2013-12-16,143.8420190444696,144.53329720195526,143.80182602940457,144.05905151367188,96195000,0.0,0.0,0.0
2013-12-17,144.1876515806599,144.21176493454192,143.27934103381907,143.60086059570312,89886000,0.0,0.0,0.0
2013-12-18,143.81783601426218,146.07654254353855,142.5317460115453,146.05242919921875,234906000,0.0,0.0,0.0
2013-12-19,145.63449050500734,146.0524757149736,145.2567105686192,145.88368225097656,136531200,0.0,0.0,0.0
2013-12-20,146.02914571010524,147.07977569795023,145.93216865428857,146.7322540283203,197087000,0.98,0.0,0.0
2013-12-23,147.4515645961613,147.60511985914326,147.14446640197247,147.51622009277344,85598000,0.0,0.0,0.0
2013-12-24,147.52428971686447,147.90413303230497,147.51621240462458,147.8394775390625,45368800,0.0,0.0,0.0
2013-12-26,148.1708251919354,148.67190215752396,148.1546705682325,148.59107971191406,63365000,0.0,0.0,0.0
2013-12-27,148.78502104303476,148.84966419047174,148.4294220732726,148.58297729492188,61814000,0.0,0.0,0.0
2013-12-30,148.5990994368987,148.7203330583317,148.36473416629207,148.55870056152344,56857000,0.0,0.0,0.0
2013-12-31,148.7608218955652,149.2618865966797,148.64766552380337,149.2618865966797,86119900,0.0,0.0,0.0
2014-01-02,148.68805402866076,148.76079916107253,147.47579135759685,147.83139038085938,119636900,0.0,0.0,0.0
2014-01-03,148.08189016625383,148.38092327837163,147.5969926034024,147.80711364746094,81390600,0.0,0.0,0.0
2014-01-06,148.29205652482446,148.34862237044146,147.15252665125038,147.37881469726562,108028200,0.0,0.0,0.0
2014-01-07,147.96871735869115,148.53443723775675,147.85557338287802,148.28390502929688,86144200,0.0,0.0,0.0
2014-01-08,148.25975176753877,148.5668623182799,147.80717558651565,148.3163299560547,96582300,0.0,0.0,0.0
2014-01-09,148.79311231159528,148.809279265857,147.73440494525138,148.41326904296875,90683400,0.0,0.0,0.0
2014-01-10,148.66384279241976,148.88205357459069,147.90415604334615,148.81739807128906,102026400,0.0,0.0,0.0
2014-01-13,148.43754003779864,148.84970495739472,146.55449030984474,146.8373565673828,149892000,0.0,0.0,0.0
2014-01-14,147.32222970376193,148.51833769938668,147.04745313656696,148.43751525878906,105016100,0.0,0.0,0.0
2014-01-15,148.78503380178216,149.4638978940308,148.46984602096867,149.23760986328125,98525800,0.0,0.0,0.0
2014-01-16,148.9304961238281,149.23760658671952,148.5668198203776,149.04364013671875,72290600,0.0,0.0,0.0
2014-01-17,148.78503500035086,149.06788887518,148.15465943364575,148.41326904296875,107848700,0.0,0.0,0.0
2014-01-21,149.2699401785574,149.32651835544348,147.93645618130415,148.8496856689453,88621200,0.0,0.0,0.0
2014-01-22,149.1002563203975,149.16491182021426,148.63151319555783,148.9467010498047,61270900,0.0,0.0,0.0
2014-01-23,148.19510731009998,148.21935158362047,146.942445405618,147.7263641357422,132496900,0.0,0.0,0.0
2014-01-24,146.76459215683167,146.8130806861349,144.52594384374365,144.57443237304688,208677100,0.0,0.0,0.0
2014-01-27,144.71183708693155,145.08360307343705,143.14397535859013,143.86325073242188,180843100,0.0,0.0,0.0
2014-01-28,143.96828529215415,144.90577119503223,143.95211834023664,144.7198944091797,110463200,0.0,0.0,0.0
2014-01-29,143.515680214989,144.2996107452467,142.94996033020735,143.32980346679688,216597300,0.0,0.0,0.0
2014-01-30,144.5259932291866,145.3180015859094,144.06532737984858,144.84925842285156,118938100,0.0,0.0,0.0
2014-01-31,143.05510775008798,144.8977464776418,142.98237493152638,144.00067138671875,194677900,0.0,0.0,0.0
2014-02-03,143.8308938732055,144.15415891383347,140.48505014244537,140.75982666015625,254837100,0.0,0.0,0.0
2014-02-04,141.39015922078372,142.1094341999426,140.71129544238443,141.74575805664062,165012400,0.0,0.0,0.0
2014-02-05,141.2528511265482,141.88322675431115,140.38811013226785,141.5680389404297,164230500,0.0,0.0,0.0
2014-02-06,141.89934813572768,143.43487548828125,141.60840468314413,143.43487548828125,132877600,0.0,0.0,0.0
2014-02-07,144.105664440629,145.36641531149948,143.63692151883376,145.21286010742188,170787200,0.0,0.0,0.0
2014-02-10,145.22906668475696,145.52809986494242,144.83306876805457,145.47959899902344,92218800,0.0,0.0,0.0
2014-02-11,145.60082878228005,147.4434670212913,145.50383938480294,147.0717010498047,117814100,0.0,0.0,0.0
2014-02-12,147.2898747416641,147.75861766098362,146.85346572396404,147.1444091796875,94717700,0.0,0.0,0.0
2014-02-13,146.1503301298872,148.05762318061898,146.1422528211992,147.90406799316406,100542200,0.0,0.0,0.0
2014-02-14,147.7667448379369,148.99517454686247,147.62935653911504,148.72039794921875,96498400,0.0,0.0,0.0
2014-02-18,148.84964673046161,149.10019130742106,148.42131502124718,148.8981475830078,80460900,0.0,0.0,0.0
2014-02-19,148.51022725120393,149.47195743342897,147.79095202503274,147.9121856689453,126524300,0.0,0.0,0.0
2014-02-20,148.11423220691856,149.12445093307412,147.57275644951176,148.78501892089844,104998100,0.0,0.0,0.0
2014-02-21,149.06788672757,149.4234857255673,148.54257787347478,148.6153106689453,118116400,0.0,0.0,0.0
2014-02-24,148.93049726147427,150.44178065915222,148.8658417776468,149.4396514892578,114063900,0.0,0.0,0.0
2014-02-25,149.56087139530985,149.98920318130263,148.89008463020716,149.38307189941406,117085000,0.0,0.0,0.0
2014-02-26,149.6012801257392,149.99729032942503,148.97090458960082,149.3911590576172,98677200,0.0,0.0,0.0
2014-02-27,149.1729379401218,150.2154782289208,149.00321576987614,150.17507934570312,93880800,0.0,0.0,0.0
2014-02-28,150.15081366116212,151.2499320507595,149.5527721099059,150.55490112304688,150842000,0.0,0.0,0.0
2014-03-03,149.22951657663256,149.87605907660458,148.50216397152187,149.4962158203125,167748500,0.0,0.0,0.0
2014-03-04,150.95903835603823,151.92076880548925,150.92671677441015,151.59750366210938,167545900,0.0,0.0,0.0
2014-03-05,151.72672493840642,151.9934240732982,151.49234736603145,151.73480224609375,88376900,0.0,0.0,0.0
2014-03-06,152.10657775513846,152.4298427280242,151.75905619410645,152.0823211669922,82516500,0.0,0.0,0.0
2014-03-07,152.71272015721064,152.71272015721064,151.47620133135862,152.14698791503906,114513500,0.0,0.0,0.0
2014-03-10,151.91269839590527,152.12281951547254,151.1934229371928,152.06625366210938,74939200,0.0,0.0,0.0
2014-03-11,152.29253362898004,152.51074438153248,150.96712682063952,151.31463623046875,99009100,0.0,0.0,0.0
2014-03-12,150.57913954136538,151.4115586258349,150.2396952623943,151.35498046875,104824400,0.0,0.0,0.0
2014-03-13,151.80760079899065,151.9288344574442,149.23761001917646,149.65785217285156,155014300,0.0,0.0,0.0
2014-03-14,149.39116509809833,150.1589289404109,149.05981036315336,149.23760986328125,153919600,0.0,0.0,0.0
2014-03-17,149.98921101252145,150.9428640250065,149.9245555259315,150.58726501464844,98359500,0.0,0.0,0.0
2014-03-18,150.8943608441994,151.86416838535328,150.7327159775305,151.66212463378906,101804600,0.0,0.0,0.0
2014-03-19,151.67828780384946,151.8884212096537,149.8922278451491,150.8539581298828,176267300,0.0,0.0,0.0
2014-03-20,150.52254017754973,151.84794621255384,150.25584104265795,151.73480224609375,117241000,0.0,0.0,0.0
2014-03-21,152.37206992232737,153.43544977665977,151.00833715731488,151.14633178710938,163128000,0.825,0.0,0.0
2014-03-24,151.66581424770035,151.85252375428954,149.86374670665882,150.52125549316406,121411000,0.0,0.0,0.0
2014-03-25,151.2843592786469,151.74705818452145,150.39145047080902,151.23565673828125,103852000,0.0,0.0,0.0
2014-03-26,151.8281873409161,152.07171236861137,150.1072986146116,150.14788818359375,119843000,0.0,0.0,0.0
2014-03-27,149.96932398968804,150.44824876343554,149.27933838356438,149.83132934570312,142383000,0.0,0.0,0.0
2014-03-28,150.26155667060135,151.32493667027694,150.17226455838892,150.5700225830078,101642000,0.0,0.0,0.0
2014-03-31,151.52781330013437,152.0392145065274,150.59431535106881,151.80380249023438,99745000,0.0,0.0,0.0
2014-04-01,152.2989929880635,152.89968638081265,151.79571703420692,152.81039428710938,89193000,0.0,0.0,0.0
2014-04-02,153.00522902852467,153.52474332815592,152.72111442048657,153.32180786132812,78774000,0.0,0.0,0.0
2014-04-03,153.55724701422892,153.59783659526482,152.64809985279007,153.11891174316406,77435000,0.0,0.0,0.0
2014-04-04,153.95498735125653,153.98745158062394,151.0651878757686,151.30870056152344,169381000,0.0,0.0,0.0
2014-04-07,150.94333317573322,151.19497106515735,149.32797547800047,149.6364288330078,140803000,0.0,0.0,0.0
2014-04-08,149.57157579584833,150.4969611762853,149.0277101446108,150.25344848632812,112660000,0.0,0.0,0.0
2014-04-09,150.65927188990767,151.91746167787932,150.22092441406286,151.86875915527344,100254000,0.0,0.0,0.0
2014-04-10,151.86064550453344,151.93369928810918,148.4919098673664,148.67861938476562,172959000,0.0,0.0,0.0
2014-04-11,147.85069588658544,148.88972471543795,147.17694850149817,147.33929443359375,167251000,0.0,0.0,0.0
2014-04-14,148.49195094716953,148.84911939172162,147.28246335271743,148.5000762939453,132382000,0.0,0.0,0.0
2014-04-15,148.80854839218824,149.62840334768433,147.33928497758654,149.5228729248047,157093000,0.0,0.0,0.0
2014-04-16,150.55377069049783,151.09763627537166,149.88813638930404,151.0895233154297,105197000,0.0,0.0,0.0
2014-04-17,150.88662938073716,151.72272277428078,150.6268659566994,151.3006134033203,105255000,0.0,0.0,0.0
2014-04-21,151.34120920951813,151.876962003974,151.1545119821904,151.8282470703125,68329000,0.0,0.0,0.0
2014-04-22,151.98243583799837,152.93217239570822,151.90126907791813,152.5181884765625,85790000,0.0,0.0,0.0
2014-04-23,152.46139423390335,152.542561005297,152.03928490957495,152.16104125976562,73869000,0.0,0.0,0.0
2014-04-24,152.9078482028542,152.9240865122249,151.73893765218344,152.46951293945312,88170000,0.0,0.0,0.0
2014-04-25,151.9743019308565,152.06359402497654,150.8784455381289,151.21937561035156,100380000,0.0,0.0,0.0
2014-04-28,151.83631310740918,152.35582738770736,150.1397756405507,151.6983184814453,135121000,0.0,0.0,0.0
2014-04-29,152.18533676181895,152.6399101508873,151.8606450228261,152.40451049804688,84098000,0.0,0.0,0.0
2014-04-30,152.15293448593846,153.0133790921446,151.94187362209107,152.85914611816406,101508000,0.0,0.0,0.0
2014-05-01,152.7860435993198,153.28931955507173,152.38828565565322,152.87533569335938,93019000,0.0,0.0,0.0
2014-05-02,152.85910917304375,153.53285640979118,152.4288869739228,152.6561737060547,98122000,0.0,0.0,0.0
2014-05-05,151.90935106431834,153.0539099080072,151.487241884892,152.94837951660156,75883000,0.0,0.0,0.0
2014-05-06,152.60746777134267,152.7129981754061,151.58467749956588,151.6171417236328,85454000,0.0,0.0,0.0
2014-05-07,152.1285358996069,152.58310933235606,150.99208993153687,152.5100555419922,106500000,0.0,0.0,0.0
2014-05-08,152.3720809380087,153.4598121358715,151.86067956588272,152.34771728515625,93618000,0.0,0.0,0.0
2014-05-09,152.37209197154507,152.63995592413275,151.65775506811238,152.5750274658203,83679000,0.0,0.0,0.0
2014-05-12,153.25686930641265,154.13355202249957,152.60747332565958,154.06048583984375,86940000,0.0,0.0,0.0
2014-05-13,154.26347583672833,154.57194182351313,154.04431436988884,154.19854736328125,66454000,0.0,0.0,0.0
2014-05-14,154.06047884351187,154.13354502284955,153.24873700098362,153.46791076660156,72367000,0.0,0.0,0.0
2014-05-15,153.15946633500567,153.191942949522,151.3736365087855,152.1204376220703,154956000,0.0,0.0,0.0
2014-05-16,152.20972371382078,152.7130121293279,151.56845304377302,152.6480712890625,97458000,0.0,0.0,0.0
2014-05-19,152.35584415915645,153.32993199366922,152.21784951800203,153.2081756591797,63839000,0.0,0.0,0.0
2014-05-20,153.1350654129052,153.15130371489806,151.85252443795997,152.24215698242188,111644000,0.0,0.0,0.0
2014-05-21,152.68057676688665,153.59784935243803,152.65622549348282,153.52479553222656,89093000,0.0,0.0,0.0
2014-05-22,153.56531519745292,154.21471114606499,153.3055642497266,153.89813232421875,61549000,0.0,0.0,0.0
2014-05-23,154.0361233373915,154.62057843881334,153.89812871430541,154.5150604248047,61092800,0.0,0.0,0.0
2014-05-27,155.09145217232762,155.51356155567487,155.0021600409696,155.46485900878906,72010000,0.0,0.0,0.0
2014-05-28,155.46480913983154,155.7083341823464,155.09140242314902,155.35116577148438,66723000,0.0,0.0,0.0
2014-05-29,155.70833702073242,156.17913642232557,155.31057903116755,156.15478515625,64377000,0.0,0.0,0.0
2014-05-30,156.00868747681875,156.50385056216197,155.87880579202726,156.40643310546875,76316000,0.0,0.0,0.0
2014-06-02,156.62562681137751,156.6581034298036,155.83012306674956,156.5850372314453,64656000,0.0,0.0,0.0
2014-06-03,156.20344659223494,156.58496617530784,156.05733903422154,156.50379943847656,65047000,0.0,0.0,0.0
2014-06-04,156.2359489519412,156.90969614830547,156.07360306532024,156.82040405273438,55529000,0.0,0.0,0.0
2014-06-05,156.999085670305,158.00563822369355,156.42274317102215,157.84329223632812,92103000,0.0,0.0,0.0
2014-06-06,158.18413299486167,158.6387064566823,158.11107919982575,158.59812927246094,78696000,0.0,0.0,0.0
2014-06-09,158.5738465820147,159.1420636550135,158.42772654255603,158.7605438232422,65119000,0.0,0.0,0.0
2014-06-10,158.56568779875596,158.8092128890371,158.22475762684257,158.77674865722656,57129000,0.0,0.0,0.0
2014-06-11,158.20850839621696,158.3870926243482,157.86757824783905,158.22474670410156,68772000,0.0,0.0,0.0
2014-06-12,158.03806402563583,158.12735614789995,156.755510081388,157.10455322265625,106350000,0.0,0.0,0.0
2014-06-13,157.41300956242438,157.73771379911304,156.90973347830712,157.58348083496094,82017000,0.0,0.0,0.0
2014-06-16,157.38868699654614,158.04619616472803,157.20198976777652,157.71337890625,87424000,0.0,0.0,0.0
2014-06-17,157.49416342062435,158.26531573131825,157.32369217546974,158.15167236328125,84834000,0.0,0.0,0.0
2014-06-18,158.1516844477899,159.4017615917166,157.80262897102006,159.31246948242188,105267000,0.0,0.0,0.0
2014-06-19,159.45048402888924,159.58849107646066,158.93909496291542,159.49107360839844,85929000,0.0,0.0,0.0
2014-06-20,159.8882079095892,159.94530807629624,159.61904807842672,159.81480407714844,100587000,0.937,0.0,0.0
2014-06-23,159.8556348869542,159.90457078956075,159.47228705580287,159.7659149169922,70611000,0.0,0.0,0.0
2014-06-24,159.48048847606537,160.27165233565668,158.62407257752741,158.8035125732422,96237000,0.0,0.0,0.0
2014-06-25,158.46906843218514,159.68436407591295,158.43644864209807,159.521240234375,82782000,0.0,0.0,0.0
2014-06-26,159.54568406486212,159.5620001802143,158.338552885339,159.4070281982422,84312000,0.0,0.0,0.0
2014-06-27,159.0318096165163,159.76588535644285,158.95840577618796,159.71694946289062,71445100,0.0,0.0,0.0
2014-06-30,159.61913615022513,160.00248408077223,159.48048024170538,159.6354522705078,70201200,0.0,0.0,0.0
2014-07-01,160.0269730179884,161.19333308282245,159.96988525784462,160.70394897460938,90470000,0.0,0.0,0.0
2014-07-02,160.72024242647555,161.07095811296563,160.6468385542641,160.86705017089844,52475000,0.0,0.0,0.0
2014-07-03,161.32380636275994,161.73162225799933,161.2014665724095,161.65821838378906,52938800,0.0,0.0,0.0
2014-07-07,161.34823892476822,161.47873051393196,160.85885501736755,161.0953826904297,61696000,0.0,0.0,0.0
2014-07-08,160.80175504653752,160.8588552288809,159.66802769026663,160.05953979492188,108143000,0.0,0.0,0.0
2014-07-09,160.4592173741469,160.92413340692283,160.11665356104706,160.77731323242188,72992000,0.0,0.0,0.0
2014-07-10,159.22760982662376,160.56524521899127,159.09710577723396,160.14111328125,99040000,0.0,0.0,0.0
2014-07-11,160.0432323012992,160.47551605028872,159.68435240880592,160.361328125,64243000,0.0,0.0,0.0
2014-07-14,161.17697507850266,161.38088299634674,161.03831918783487,161.1688232421875,58658000,0.0,0.0,0.0
2014-07-15,161.26671421774927,161.5766582722684,160.15745451508158,160.86705017089844,111307000,0.0,0.0,0.0
2014-07-16,161.5847420792617,161.7070818147734,161.0219544048122,161.46240234375,79986400,0.0,0.0,0.0
2014-07-17,160.96486278987126,161.57658634375392,159.39883953984983,159.62722778320312,145398000,0.0,0.0,0.0
2014-07-18,160.14927018547343,161.42165349453325,160.05955021134483,161.25852966308594,124330000,0.0,0.0,0.0
2014-07-21,160.7528029485472,161.08721483716613,160.2144831930458,160.9567108154297,67592000,0.0,0.0,0.0
2014-07-22,161.50324635230956,161.95184632618358,161.38905839946466,161.65821838378906,67678000,0.0,0.0,0.0
2014-07-23,161.90287140083964,162.18834743694543,161.57662374147628,162.01705932617188,65612000,0.0,0.0,0.0
2014-07-24,162.17199712959788,162.35958887190432,161.8620532066628,162.02517700195312,56888000,0.0,0.0,0.0
2014-07-25,161.5684881347705,161.7071440368854,160.9486124937474,161.26670837402344,76837000,0.0,0.0,0.0
2014-07-28,161.29929220669374,161.5684521139276,160.36947272968115,161.33192443847656,69259000,0.0,0.0,0.0
2014-07-29,161.63368219985077,161.86205800914271,160.61414289210163,160.63861083984375,80466000,0.0,0.0,0.0
2014-07-30,161.20955753730712,161.4216296879075,159.99427459353782,160.6630859375,104222000,0.0,0.0,0.0
2014-07-31,159.54567497440098,159.6843308331207,157.39240835592946,157.4902801513672,183479000,0.0,0.0,0.0
2014-08-01,157.05803014649587,158.0367856474424,156.2505627698519,157.00909423828125,189261000,0.0,0.0,0.0
2014-08-04,157.31084412955346,158.47720365148186,156.64203276823255,158.14279174804688,91340000,0.0,0.0,0.0
2014-08-05,157.49845334345676,157.9062691082554,156.03846593596992,156.60940551757812,152690000,0.0,0.0,0.0
2014-08-06,155.8753439591924,157.32716710336967,155.8508760086596,156.65835571289062,94818000,0.0,0.0,0.0
2014-08-07,157.36796372122566,157.5229357173271,155.4186046848166,155.8101043701172,135733000,0.0,0.0,0.0
2014-08-08,156.16086261662184,157.71870982330242,155.74488245287972,157.61268615722656,117014000,0.0,0.0,0.0
2014-08-11,158.2080986592938,158.77088658339628,157.99603887515443,158.06944274902344,74544000,0.0,0.0,0.0
2014-08-12,157.9144646803908,158.35490035231814,157.36799289767143,157.84921264648438,73632000,0.0,0.0,0.0
2014-08-13,158.46909412068405,159.097134080242,158.1999465835697,158.91769409179688,69047000,0.0,0.0,0.0
2014-08-14,159.17868874028503,159.66806030273438,159.0318685596636,159.66806030273438,57371000,0.0,0.0,0.0
2014-08-15,160.24717610279959,160.39398384868406,158.48540847886647,159.6354522705078,139951000,0.0,0.0,0.0
2014-08-18,160.5163164895673,161.04647210128712,160.42659650729374,160.9730682373047,75424000,0.0,0.0,0.0
2014-08-19,161.36455624911156,161.93549589235698,161.03830858027155,161.8131561279297,59135000,0.0,0.0,0.0
2014-08-20,161.59288425569216,162.44114785637055,161.5602644766878,162.24539184570312,72763000,0.0,0.0,0.0
2014-08-21,162.38412436789233,162.9305961544889,162.2536202991535,162.71853637695312,67791000,0.0,0.0,0.0
2014-08-22,162.5880227621875,162.87349884009836,162.098651201479,162.46568298339844,76107000,0.0,0.0,0.0
2014-08-25,163.24049281075685,163.60752450766108,162.43301312112808,163.2894287109375,63855000,0.0,0.0,0.0
2014-08-26,163.39547729492188,163.79514125289558,163.35469322646736,163.39547729492188,47298000,0.0,0.0,0.0
2014-08-27,163.4770384295547,163.59123880325,163.07738690382422,163.33023071289062,47874000,0.0,0.0,0.0
2014-08-28,162.7918939441943,163.34652985579768,162.62877012744605,163.24049377441406,58330000,0.0,0.0,0.0
2014-08-29,163.49334165028287,163.72171748855774,162.97950223693934,163.70541381835938,65907000,0.0,0.0,0.0
2014-09-02,163.9174528919711,163.94192083973616,163.01210148801928,163.6238250732422,72426000,0.0,0.0,0.0
2014-09-03,164.2518477161366,164.2763156613609,163.30571234897428,163.53408813476562,57462000,0.0,0.0,0.0
2014-09-04,163.81144686472894,164.41501872657616,162.84900755466086,163.297607421875,85236000,0.0,0.0,0.0
2014-09-05,163.26493596188786,164.09688347523917,162.6450605778394,164.03163146972656,102177000,0.0,0.0,0.0
2014-09-08,163.87674972550985,164.11328993140046,163.12636991735653,163.6075897216797,64146000,0.0,0.0,0.0
2014-09-09,163.46075187406367,163.57493981416485,162.23730432488603,162.57171630859375,88591000,0.0,0.0,0.0
2014-09-10,162.6613488733943,163.28938847724865,162.12304165849403,163.18336486816406,67251000,0.0,0.0,0.0
2014-09-11,162.5309178754833,163.39548540923244,162.4085656640437,163.3710174560547,66774400,0.0,0.0,0.0
2014-09-12,163.20788114303116,163.22418481353597,161.9518015633592,162.41671752929688,117409300,0.0,0.0,0.0
2014-09-15,162.44116217334317,162.57166619195692,161.80497063953632,162.29434204101562,76401000,0.0,0.0,0.0
2014-09-16,161.9925648991911,163.81141957170584,161.90284494069675,163.51779174804688,116201000,0.0,0.0,0.0
2014-09-17,163.75438374609155,164.49659915193266,162.9224359077653,163.73806762695312,151266000,0.0,0.0,0.0
2014-09-18,164.23558278897806,164.63524676144363,164.02352304909573,164.61077880859375,94990000,0.0,0.0,0.0
2014-09-19,165.1343830434694,165.44576330744155,164.1264577702575,164.46243286132812,121649000,0.939,0.0,0.0
2014-09-22,164.17566490678607,164.2002472346494,162.84815668352988,163.19232177734375,125553000,0.0,0.0,0.0
2014-09-23,162.6022826887144,163.28242277512675,162.20895303160856,162.25811767578125,111393000,0.0,0.0,0.0
2014-09-24,162.28273105470626,163.6348215468331,161.85662905451485,163.52828979492188,107276000,0.0,0.0,0.0
2014-09-25,163.10217590060518,163.1103783453839,160.83232436026083,160.88967895507812,150300000,0.0,0.0,0.0
2014-09-26,161.18469907850437,162.56956201285246,160.9552556637432,162.16802978515625,103547000,0.0,0.0,0.0
2014-09-29,160.77500949718586,162.15987271224,160.65209782283878,161.87306213378906,95112000,0.0,0.0,0.0
2014-09-30,161.99591021567474,162.4957716294319,161.1109090649051,161.44688415527344,131302000,0.0,0.0,0.0
2014-10-01,161.1846738205826,161.24204091714753,158.89842997328216,159.2589874267578,177798000,0.0,0.0,0.0
2014-10-02,159.11967049116743,159.84078539623152,157.62009859207708,159.2835693359375,157285000,0.0,0.0,0.0
2014-10-03,160.34881261685396,161.38132016676158,159.85715366788673,161.0371551513672,121569000,0.0,0.0,0.0
2014-10-06,161.70912808453798,161.92219159559983,160.26691068099296,160.8487091064453,104778000,0.0,0.0,0.0
2014-10-07,160.02109533496304,160.38165285782262,158.33304193587384,158.36581420898438,147913000,0.0,0.0,0.0
2014-10-08,158.45591216051469,161.3649414098457,157.6282780657793,161.135498046875,186461000,0.0,0.0,0.0
2014-10-09,160.8815614436023,161.10281498888233,157.80864416256105,157.93975830078125,210705000,0.0,0.0,0.0
2014-10-10,157.89868363284594,158.68534295681224,156.09590913638834,156.13687133789062,221909000,0.0,0.0,0.0
2014-10-13,156.07137500663237,156.63678109994308,153.4819278828993,153.5720672607422,230939000,0.0,0.0,0.0
2014-10-14,154.39972391288308,155.546953661054,153.2688865549842,153.80972290039062,215847000,0.0,0.0,0.0
2014-10-15,151.72825129871546,153.8014435809489,149.0732482853589,152.76893615722656,380715000,0.0,0.0,0.0
2014-10-16,150.0074419733047,153.71133297987618,149.8681379702252,152.6378631591797,270391000,0.0,0.0,0.0
2014-10-17,154.3996686014104,155.48953084506667,153.7441107664041,154.44064331054688,214625000,0.0,0.0,0.0
2014-10-20,154.16202385269176,156.06312767901449,154.11285920686723,155.94021606445312,130011000,0.0,0.0,0.0
2014-10-21,157.07105738488724,159.13606025850163,156.90717104653953,159.029541015625,154949000,0.0,0.0,0.0
2014-10-22,159.30820343228135,159.7179256699013,157.8332008761035,157.8987579345703,151822000,0.0,0.0,0.0
2014-10-23,159.4802272266529,160.774950571412,159.18522681260995,159.7342529296875,154944000,0.0,0.0,0.0
2014-10-24,159.99645615523556,161.01257131282466,159.3736831575854,160.96339416503906,117927000,0.0,0.0,0.0
2014-10-27,160.38978951896357,160.9797902687859,159.81618115211535,160.74215698242188,82954000,0.0,0.0,0.0
2014-10-28,161.28297872700034,162.59408166252837,161.20921926204636,162.5858917236328,106736000,0.0,0.0,0.0
2014-10-29,162.70064533239935,163.1677220156245,161.26661800953158,162.340087890625,142557000,0.0,0.0,0.0
2014-10-30,161.90579619114183,163.84787505975865,161.75828972440817,163.38079833984375,113330000,0.0,0.0,0.0
2014-10-31,165.3474137541019,165.3801985170661,164.5197797932462,165.24908447265625,146903000,0.0,0.0,0.0
2014-11-03,165.46219081776553,165.89649529453078,164.9623292968453,165.3392791748047,93600000,0.0,0.0,0.0
2014-11-04,164.8967723610357,165.1999752534178,163.93802403412806,164.7656707763672,93343000,0.0,0.0,0.0
2014-11-05,165.97022178750694,166.01119649801052,165.07703061566906,165.80633544921875,91709000,0.0,0.0,0.0
2014-11-06,165.8472588439913,166.56017107200816,165.23267588777753,166.47003173828125,107089000,0.0,0.0,0.0
2014-11-07,166.4864894327522,166.83885696782158,166.02760264601483,166.62579345703125,89540000,0.0,0.0,0.0
2014-11-10,166.65856376537008,167.19938742924273,166.45370271737593,167.1502227783203,66319000,0.0,0.0,0.0
2014-11-11,167.21575762526558,167.42061864607547,166.8797825502435,167.3140869140625,54499400,0.0,0.0,0.0
2014-11-12,166.634019045173,167.3633240404695,166.60123426800862,167.13388061523438,90120300,0.0,0.0,0.0
2014-11-13,167.29772907592934,167.84675518358503,166.5192595950362,167.3223114013672,85357900,0.0,0.0,0.0
2014-11-14,167.2485748150435,167.56815756931522,166.93718200185114,167.36329650878906,80417500,0.0,0.0,0.0
2014-11-17,167.0437313259903,167.64192218460738,166.87983245734725,167.46983337402344,80441000,0.0,0.0,0.0
2014-11-18,167.527153610452,168.73992737600364,167.527153610452,168.43673706054688,76068100,0.0,0.0,0.0
2014-11-19,168.2400677695883,168.43673885679863,167.41243372206222,168.16632080078125,82373000,0.0,0.0,0.0
2014-11-20,167.37973772473126,168.5679423141641,167.31418066089327,168.46141052246094,72840300,0.0,0.0,0.0
2014-11-21,170.14938858717338,170.3132749219968,168.78910825105976,169.3627166748047,142327300,0.0,0.0,0.0
2014-11-24,169.76426571286387,169.94454445022305,169.55121470676988,169.8380126953125,65880800,0.0,0.0,0.0
2014-11-25,170.067442893027,170.272303941975,169.46106219052567,169.715087890625,79108300,0.0,0.0,0.0
2014-11-26,169.86258832275414,170.24772810976395,169.64953732506373,170.14939880371094,62167800,0.0,0.0,0.0
2014-11-28,170.02647943528194,170.3378597248582,169.55120030477224,169.78883361816406,57890100,0.0,0.0,0.0
2014-12-01,169.13331536404598,169.24803707732306,168.29749109748255,168.60887145996094,103968400,0.0,0.0,0.0
2014-12-02,168.64982751785539,169.90357628269606,168.62524518942539,169.69871520996094,74507200,0.0,0.0,0.0
2014-12-03,169.87080941830797,170.5673295855354,169.70692305565024,170.35427856445312,68952000,0.0,0.0,0.0
2014-12-04,170.06746018592466,170.66566351236247,169.3791299923625,170.16580200195312,91316600,0.0,0.0,0.0
2014-12-05,170.3378499741039,170.8295214613071,170.07563435032745,170.4443817138672,91025500,0.0,0.0,0.0
2014-12-08,170.05104074937088,170.5426997002443,168.74811514580375,169.3053436279297,108588200,0.0,0.0,0.0
2014-12-09,167.4698055059784,169.29717505669166,167.09286817977173,169.19064331054688,125180100,0.0,0.0,0.0
2014-12-10,168.73177375944923,168.78912835679273,166.2898208159152,166.47830200195312,159856400,0.0,0.0,0.0
2014-12-11,167.0682857026919,168.9611997837637,166.92898169063534,167.3223114013672,159012800,0.0,0.0,0.0
2014-12-12,166.05217618825847,167.01912686949117,164.58537653656094,164.61814880371094,202330200,0.0,0.0,0.0
2014-12-15,165.51136371815699,165.96206060433963,162.88914433999662,163.48733520507812,189965800,0.0,0.0,0.0
2014-12-16,162.72521931231313,165.85548943461473,162.1352185294361,162.1761932373047,259543800,0.0,0.0,0.0
2014-12-17,162.6105360899907,165.8063639999519,162.48761193731326,165.3556671142578,253910100,0.0,0.0,0.0
2014-12-18,167.77302606332887,174.5170489736125,167.1010757532422,169.44468688964844,257633900,0.0,0.0,0.0
2014-12-19,170.09152859345446,170.8331065540224,169.4158820847492,170.1656951904297,245084600,1.135,0.0,0.0
2014-12-22,170.35515287325197,170.9484100341797,170.11620800944846,170.9484100341797,148318900,0.0,0.0,0.0
2014-12-23,171.52518751296392,171.57462351516708,170.89072948163678,171.1791229248047,122167900,0.0,0.0,0.0
2014-12-24,171.40156358298128,171.66522640012536,171.1543710481537,171.19557189941406,42963400,0.0,0.0,0.0
2014-12-26,171.64051518473343,172.08546427954812,171.59107919036182,171.7476348876953,57326700,0.0,0.0,0.0
2014-12-29,171.56637960947597,172.18435475092608,171.50046075232626,171.97836303710938,79643900,0.0,0.0,0.0
2014-12-30,171.55813172189147,171.68995685366104,170.98134490786558,171.05551147460938,73540800,0.0,0.0,0.0
2014-12-31,171.37683697622663,171.54162780025382,169.23451854567088,169.3581085205078,130333800,0.0,0.0,0.0
2015-01-02,170.05028038689574,170.46226380671263,168.23754328151247,169.2675018310547,121465900,0.0,0.0,0.0
2015-01-05,168.2293336136723,168.39412449200552,165.90575331187634,166.2106170654297,169632600,0.0,0.0,0.0
2015-01-06,166.51547647443184,167.03457967173875,163.8540667692118,164.64508056640625,209151400,0.0,0.0,0.0
2015-01-07,165.96346233975933,167.0346221525055,165.51852560943698,166.69679260253906,125346700,0.0,0.0,0.0
2015-01-08,168.09750328662557,169.8690398817738,168.0810329989834,169.65480041503906,147217800,0.0,0.0,0.0
2015-01-09,170.06675072748448,170.08323358464872,167.68548706306586,168.29522705078125,158567300,0.0,0.0,0.0
2015-01-12,168.4270726875914,168.5836284061777,166.37539063350323,166.9768829345703,144396100,0.0,0.0,0.0
2015-01-13,168.18813502289086,169.30873061252777,165.21361373830064,166.5072479248047,214553300,0.0,0.0,0.0
2015-01-14,164.50497821214233,165.6997402147332,163.61510506928573,165.50198364257812,192991100,0.0,0.0,0.0
2015-01-15,166.13648597313863,166.44958491333952,163.87057650846512,163.98593139648438,176613900,0.0,0.0,0.0
2015-01-16,163.77986825498394,166.29296926246528,163.5985945709863,166.13641357421875,211879600,0.0,0.0,0.0
2015-01-20,166.77092947697275,167.03460497355746,164.9334864363293,166.49078369140625,130991100,0.0,0.0,0.0
2015-01-21,166.02939856493148,167.8091708176266,165.5679789229903,167.33126831054688,122942700,0.0,0.0,0.0
2015-01-22,168.08103965249495,169.95143576575208,166.71325135973154,169.81961059570312,174356000,0.0,0.0,0.0
2015-01-23,169.5641963381168,169.81963671884,168.75671204161895,168.8885498046875,117516800,0.0,0.0,0.0
2015-01-26,168.67428432824417,169.37464871062735,167.96567222959058,169.2840118408203,92009700,0.0,0.0,0.0
2015-01-27,167.24054950109263,168.1881063322217,166.2270738144371,167.05104064941406,134044600,0.0,0.0,0.0
2015-01-28,168.2292761323885,168.3281481110578,164.71918258955588,164.90869140625,168514300,0.0,0.0,0.0
2015-01-29,165.10653318029964,166.68854851946722,163.70577903803246,166.43312072753906,173585400,0.0,0.0,0.0
2015-01-30,165.26306151853458,166.58140112937033,164.07654706786562,164.3402099609375,197729700,0.0,0.0,0.0
2015-02-02,164.83458263222118,166.46603359139985,163.0300930901773,166.37539672851562,163107000,0.0,0.0,0.0
2015-02-03,167.26524579061075,168.78958926656478,166.894463277543,168.78134155273438,124212900,0.0,0.0,0.0
2015-02-04,168.02331701995527,169.2263141420528,167.68548759706135,168.138671875,134306700,0.0,0.0,0.0
2015-02-05,168.79788093032147,169.98439542763512,168.72372691742405,169.83607482910156,97953200,0.0,0.0,0.0
2015-02-06,170.19858072859728,170.75888469217193,168.84727567528097,169.3663787841797,125672000,0.0,0.0,0.0
2015-02-09,168.72369225628847,169.44053937917812,168.20458912716913,168.60833740234375,87219000,0.0,0.0,0.0
2015-02-10,169.63830363592191,170.66001451068226,168.64953333130174,170.4045867919922,96164200,0.0,0.0,0.0
2015-02-11,170.23977040584836,170.93189945711313,169.59707734785468,170.50343322753906,91087800,0.0,0.0,0.0
2015-02-12,171.2944579002742,172.20082641122664,170.53640995144835,172.1431427001953,97545900,0.0,0.0,0.0
2015-02-13,172.26676666191346,172.90121212565114,172.0113263605628,172.85177612304688,93670400,0.0,0.0,0.0
2015-02-17,172.53865049954948,173.29671105298593,172.29147050683778,173.12367248535156,76968200,0.0,0.0,0.0
2015-02-18,172.75288656616885,173.21430597391142,172.4892111487526,173.14015197753906,80652900,0.0,0.0,0.0
2015-02-19,172.54691643643517,173.3791185028344,172.40684356819395,173.01657104492188,91462500,0.0,0.0,0.0
2015-02-20,172.60457407578224,174.12891779378688,171.98659893162952,174.0547637939453,140896400,0.0,0.0,0.0
2015-02-23,173.80755474570321,174.030029296875,173.42852449454887,174.030029296875,74411100,0.0,0.0,0.0
2015-02-24,173.9558901413412,174.72218590601705,173.65926155061786,174.52442932128906,72472300,0.0,0.0,0.0
2015-02-25,174.40086241395255,174.87876479412583,174.03831491363218,174.3761444091797,73061700,0.0,0.0,0.0
2015-02-26,174.28550563543217,174.442061379114,173.56864578661225,174.17015075683594,72697900,0.0,0.0,0.0
2015-02-27,174.07126168817862,174.33493715975217,173.52745303035053,173.57688903808594,108076000,0.0,0.0,0.0
2015-03-02,173.67569377147777,174.7303701037127,173.6262577828939,174.67269897460938,87491400,0.0,0.0,0.0
2015-03-03,174.24424971497956,174.72215193894542,173.09893643481934,173.9558563232422,110325800,0.0,0.0,0.0
2015-03-04,173.36262229593285,173.43678886860448,172.25850972111044,173.22254943847656,114497200,0.0,0.0,0.0
2015-03-05,173.543858194635,173.69217873492178,172.90941290312435,173.4120330810547,76873000,0.0,0.0,0.0
2015-03-06,172.55514418880782,172.98361049096536,170.6435475463317,170.97312927246094,188128000,0.0,0.0,0.0
2015-03-09,171.1709223977097,172.0360777566986,171.01436664391485,171.68177795410156,89818900,0.0,0.0,0.0
2015-03-10,170.32224644132774,170.40463560849065,168.85557342204058,168.8967742919922,157121300,0.0,0.0,0.0
2015-03-11,169.1521183466812,169.3251568857207,168.41878848643586,168.50119018554688,110145700,0.0,0.0,0.0
2015-03-12,169.12744599474263,170.70946097729438,169.07800999102813,170.6435546875,93993500,0.0,0.0,0.0
2015-03-13,170.3716684808634,171.32746069254085,168.5671786505692,169.59713745117188,162410900,0.0,0.0,0.0
2015-03-16,170.32219260996493,171.95364344794794,169.62181576036696,171.86300659179688,136099200,0.0,0.0,0.0
2015-03-17,171.129667776224,171.731160023628,170.54464581255363,171.35214233398438,94510400,0.0,0.0,0.0
2015-03-18,170.8824493374302,174.07944408051077,170.24799147318575,173.4120330810547,228808500,0.0,0.0,0.0
2015-03-19,173.00009353333743,173.4203121205103,172.23379778880226,172.62106323242188,117917300,0.0,0.0,0.0
2015-03-20,173.56544166464516,174.64965461375428,173.38335875102342,174.14479064941406,177715100,0.931,0.0,0.0
2015-03-23,174.15305982486876,174.72413689693036,173.80545043945312,173.80545043945312,71784500,0.0,0.0,0.0
2015-03-24,173.68130020424437,174.1364948299341,172.7626137919206,172.82882690429688,77805300,0.0,0.0,0.0
2015-03-25,173.0357652492935,173.2675048644807,170.25487723818503,170.29624938964844,159521700,0.0,0.0,0.0
2015-03-26,169.63411811581813,170.80108792219932,168.93888674510126,169.89068603515625,153067200,0.0,0.0,0.0
2015-03-27,169.7748144147788,170.45347671388734,169.58444698150385,170.27967834472656,118939000,0.0,0.0,0.0
2015-03-30,171.30592790729784,172.65499305710676,171.28938410303803,172.35704040527344,96180400,0.0,0.0,0.0
2015-03-31,171.53768533953814,172.23291668553748,170.7928099467254,170.85073852539062,126768700,0.0,0.0,0.0
2015-04-01,170.81767443886756,170.84250278195904,169.26169758453625,170.24659729003906,137303600,0.0,0.0,0.0
2015-04-02,170.18033393458242,171.3059314616564,169.99825105308088,170.8590087890625,86900900,0.0,0.0,0.0
2015-04-06,169.97338789657798,172.52253508652313,169.8409743425873,172.0093994140625,114368200,0.0,0.0,0.0
2015-04-07,172.03428058373333,172.77915599053023,171.52114475366702,171.5542449951172,81236300,0.0,0.0,0.0
2015-04-08,171.77769420945268,172.57222620747424,171.3887001127006,172.13357543945312,89351900,0.0,0.0,0.0
2015-04-09,171.96807643480446,173.12677437884773,171.47976891759052,172.89503479003906,85548900,0.0,0.0,0.0
2015-04-10,173.14328240451758,173.87988574060594,172.94465574328012,173.8385009765625,72722900,0.0,0.0,0.0
2015-04-13,173.69783865100243,174.32685688473805,173.0026199357931,173.05227661132812,74436600,0.0,0.0,0.0
2015-04-14,172.85369992690414,173.56547528287413,172.23296604537902,173.38339233398438,75099900,0.0,0.0,0.0
2015-04-15,173.8467585084086,174.6661186164809,173.7639889931758,174.1612548828125,99529300,0.0,0.0,0.0
2015-04-16,173.8302828008532,174.61654304525962,173.63164344936558,174.11167907714844,68934900,0.0,0.0,0.0
2015-04-17,172.9281070316124,173.1681184676077,171.33074599599726,172.10873413085938,191113200,0.0,0.0,0.0
2015-04-20,173.0274431208199,174.01234258579933,172.94468620701252,173.68128967285156,92189500,0.0,0.0,0.0
2015-04-21,174.35998466499538,174.51723924826706,173.17645828161199,173.4744110107422,72559800,0.0,0.0,0.0
2015-04-22,173.81374049557195,174.50897196787125,172.89505394215035,174.32688903808594,78264600,0.0,0.0,0.0
2015-04-23,173.92957348475434,175.41106495177615,173.81370370204252,174.7655029296875,102585900,0.0,0.0,0.0
2015-04-24,175.17930503845338,175.43587291116663,174.7240978632245,175.1710205078125,61327400,0.0,0.0,0.0
2015-04-27,175.73387326822882,175.8580149729737,174.25238157101384,174.4427490234375,79358100,0.0,0.0,0.0
2015-04-28,174.4178892599751,175.04689483213167,173.25090693016813,174.9972381591797,86863500,0.0,0.0,0.0
2015-04-29,174.1116825690308,174.87311448837966,173.47440498267443,174.2772216796875,125684900,0.0,0.0,0.0
2015-04-30,173.7061535467671,174.09514774493385,171.83566758225587,172.53089904785156,161304900,0.0,0.0,0.0
2015-05-01,173.3088393254637,174.44272144124693,173.20952597737084,174.40133666992188,103399700,0.0,0.0,0.0
2015-05-04,174.8234210654885,175.4772675801301,174.71583582080524,174.89791870117188,70927200,0.0,0.0,0.0
2015-05-05,174.657922674561,175.01381659021314,172.75433665603813,172.89503479003906,113326200,0.0,0.0,0.0
2015-05-06,173.4412512361962,173.747475786797,171.12384315058932,172.1832275390625,135060200,0.0,0.0,0.0
2015-05-07,172.08390294042215,173.29226988854677,171.75285007650547,172.8701629638672,88244900,0.0,0.0,0.0
2015-05-08,174.53377577862886,175.3448643153034,174.4510062298649,175.14622497558594,155877300,0.0,0.0,0.0
2015-05-11,175.10484743992683,175.36968725587099,174.2358177200963,174.310302734375,75708100,0.0,0.0,0.0
2015-05-12,173.48265481073378,174.32685617798512,172.66328178114927,173.78887939453125,119727600,0.0,0.0,0.0
2015-05-13,174.1944286578797,174.81516235263751,173.59025139772936,173.82199096679688,94667900,0.0,0.0,0.0
2015-05-14,174.83173533709504,175.72559345762346,174.5586109700841,175.63455200195312,95934000,0.0,0.0,0.0
2015-05-15,175.82492065429688,175.9656188007038,175.34488499833483,175.82492065429688,76510100,0.0,0.0,0.0
2015-05-18,175.6593491846397,176.61940762185802,175.59313608054563,176.37112426757812,74549700,0.0,0.0,0.0
2015-05-19,176.48698235205978,176.76010665253426,176.03177518460228,176.31317138671875,72114600,0.0,0.0,0.0
2015-05-20,176.41246559994647,176.9338858105937,175.87450158780857,176.1890106201172,76857500,0.0,0.0,0.0
2015-05-21,176.0483298650703,176.90907489499668,175.88279080301834,176.70216369628906,64764600,0.0,0.0,0.0
2015-05-22,176.32146247360018,176.7352849201602,176.21387722511858,176.28009033203125,57433500,0.0,0.0,0.0
2015-05-26,175.79180547586134,176.21391253841256,173.97098887187707,174.3848114013672,124308600,0.0,0.0,0.0
2015-05-27,174.83998698806207,176.27180914423877,174.43443643635138,176.04006958007812,93214000,0.0,0.0,0.0
2015-05-28,175.73384804161094,175.94903117523288,175.15449912119854,175.84144592285156,74974600,0.0,0.0,0.0
2015-05-29,175.77526208308507,175.8166342330428,174.4841378086408,174.7489776611328,124919600,0.0,0.0,0.0
2015-06-01,175.41109829212778,175.7421512688393,174.31860073702902,175.10487365722656,93338800,0.0,0.0,0.0
2015-06-02,174.64966450089207,175.61800770786652,174.02893070445757,174.93106079101562,91531000,0.0,0.0,0.0
2015-06-03,175.46074436711126,176.0152650154497,174.90622371877285,175.39453125,87820900,0.0,0.0,0.0
2015-06-04,174.6909824660257,175.3448162581671,173.59848534029285,173.91299438476562,151882800,0.0,0.0,0.0
2015-06-05,173.7640518137594,174.28547216475346,172.96123521540898,173.61508178710938,121704700,0.0,0.0,0.0
2015-06-08,173.50748019391892,173.65646284624262,172.47292404588495,172.5474090576172,89063300,0.0,0.0,0.0
2015-06-09,172.5225830078125,173.06055978923862,171.89357740785732,172.5225830078125,105034700,0.0,0.0,0.0
2015-06-10,173.28400959901603,174.97241227621174,173.2260810227127,174.59169006347656,134551300,0.0,0.0,0.0
2015-06-11,175.03032567825258,175.53518953133928,174.7985861354119,175.15447998046875,73876400,0.0,0.0,0.0
2015-06-12,174.33507987250462,175.03029839264846,173.54053540030023,173.81365966796875,135382400,0.0,0.0,0.0
2015-06-15,172.67986871773456,173.35025921087504,171.976365349283,173.06886291503906,124384200,0.0,0.0,0.0
2015-06-16,172.919816678556,174.09508337176823,172.7460183480668,174.01231384277344,85308200,0.0,0.0,0.0
2015-06-17,174.29373168945312,174.8979215426942,173.27573202639746,174.29373168945312,126708600,0.0,0.0,0.0
2015-06-18,174.8896536289997,176.56977187934456,174.32686112078122,176.10629272460938,165867900,0.0,0.0,0.0
2015-06-19,175.86507165665026,175.93991896540587,174.9502289153498,175.32447814941406,130478700,1.03,0.0,0.0
2015-06-22,176.2393237332209,176.80485366221058,176.01476911304607,176.22268676757812,70696000,0.0,0.0,0.0
2015-06-23,176.43058423778723,176.68008793273884,175.95653863863575,176.347412109375,68476800,0.0,0.0,0.0
2015-06-24,176.0813201690699,176.45556944293014,175.04173180263163,175.06668090820312,92307300,0.0,0.0,0.0
2015-06-25,175.56573082290518,175.69047638090552,174.45960701090294,174.53445434570312,97107400,0.0,0.0,0.0
2015-06-26,174.89206382419744,175.13325548603285,173.95228435891167,174.50119018554688,104174800,0.0,0.0,0.0
2015-06-29,173.02909491791098,174.50946777644972,170.76694955626542,170.841796875,202621300,0.0,0.0,0.0
2015-06-30,172.37209387258633,172.42200478287117,170.72538916130435,171.19944763183594,182925100,0.0,0.0,0.0
2015-07-01,172.76295124025881,173.01245498872441,171.789898042502,172.57167053222656,135979900,0.0,0.0,0.0
2015-07-02,173.04569773601827,173.21202930825547,171.99778471938143,172.4136199951172,104373700,0.0,0.0,0.0
2015-07-06,171.13288898053196,172.69642131727892,170.93328343762698,171.9229736328125,117975400,0.0,0.0,0.0
2015-07-07,172.12259662024158,173.12891119494245,169.75232973288658,173.00416564941406,173820200,0.0,0.0,0.0
2015-07-08,171.67346540118666,171.95623039521413,169.86874149419305,170.1016082763672,164020100,0.0,0.0,0.0
2015-07-09,172.18907634353732,172.4469048907303,170.30119320864006,170.4093017578125,144113100,0.0,0.0,0.0
2015-07-10,172.39701898396842,172.97087381460608,170.45091253333575,172.55503845214844,129456900,0.0,0.0,0.0
2015-07-13,173.81087728800534,174.5676880375423,173.76929121180714,174.45957946777344,106069400,0.0,0.0,0.0
2015-07-14,174.41801846476596,175.52414226114598,174.35979541166097,175.21641540527344,81709600,0.0,0.0,0.0
2015-07-15,175.25798430141555,175.71540577991894,174.68412941841035,175.15818786621094,97914100,0.0,0.0,0.0
2015-07-16,176.20604996168944,176.5636749267578,175.96487106593966,176.5636749267578,106683300,0.0,0.0,0.0
2015-07-17,176.55537469499166,176.7716172078095,176.1478641567518,176.71339416503906,89030000,0.0,0.0,0.0
2015-07-20,176.93795623306366,177.29556857265433,176.48885960120506,176.8048858642578,70446800,0.0,0.0,0.0
2015-07-21,176.67182277991859,176.92965138896886,175.80689072759588,176.10629272460938,77965000,0.0,0.0,0.0
2015-07-22,175.42430027659478,176.12291333158248,175.3910390312564,175.7902374267578,88667900,0.0,0.0,0.0
2015-07-23,175.92332831501918,176.0231247529665,174.44295526411543,174.80056762695312,90509100,0.0,0.0,0.0
2015-07-24,174.90033274412136,174.95854308817965,172.6548246233276,172.98748779296875,117755000,0.0,0.0,0.0
2015-07-27,172.1059746773746,172.61329442396672,171.54043187759277,171.98121643066406,132361100,0.0,0.0,0.0
2015-07-28,172.8128933937297,174.23505623840128,171.98954731181183,174.0936737060547,123544800,0.0,0.0,0.0
2015-07-29,174.21844281287554,175.51584758179476,174.07706026142077,175.2913055419922,105791300,0.0,0.0,0.0
2015-07-30,174.7839189942226,175.4991563105311,174.16847810195645,175.33282470703125,91304400,0.0,0.0,0.0
2015-07-31,175.83181642306718,175.85676552863868,174.78391591820096,175.06668090820312,103266900,0.0,0.0,0.0
2015-08-03,175.03347276634796,175.09168313357893,173.52813769521094,174.4762420654297,113965700,0.0,0.0,0.0
2015-08-04,174.40136670830458,174.85878819288368,173.65286805374927,174.13523864746094,81820800,0.0,0.0,0.0
2015-08-05,175.02508688859797,175.74032415984416,174.4262830014948,174.7090606689453,85786800,0.0,0.0,0.0
2015-08-06,174.89207166726732,175.0001929474416,172.69646095255442,173.2786407470703,116030800,0.0,0.0,0.0
2015-08-07,173.12056401144787,173.27025863578,172.0477017759198,172.94590759277344,117858000,0.0,0.0,0.0
2015-08-10,174.0520461189769,175.20806790454458,174.0520461189769,175.12490844726562,80270700,0.0,0.0,0.0
2015-08-11,173.79421197816612,174.21004729175883,172.78788493554558,173.54470825195312,126081400,0.0,0.0,0.0
2015-08-12,172.24733297224856,173.93562361316572,170.7919091307483,173.75265502929688,172123700,0.0,0.0,0.0
2015-08-13,173.59463308337382,174.2766091935983,172.99582912473872,173.5364227294922,89383300,0.0,0.0,0.0
2015-08-14,173.34512893495634,174.2433348709196,173.2037464297985,174.16848754882812,72786500,0.0,0.0,0.0
2015-08-17,173.5780081437894,175.14154052734375,173.12058669236848,175.14154052734375,79072600,0.0,0.0,0.0
2015-08-18,174.86711365601124,175.2164139007703,174.4013799963325,174.63424682617188,71692700,0.0,0.0,0.0
2015-08-19,173.89405478493381,174.65919044323707,172.44695562934967,173.25367736816406,172946000,0.0,0.0,0.0
2015-08-20,171.74828668577297,173.22865930104066,169.57762596716128,169.63584899902344,194327900,0.0,0.0,0.0
2015-08-21,167.7729296552139,169.61092751768334,164.27160305430596,164.5294189453125,346588500,0.0,0.0,0.0
2015-08-24,155.92996972210037,164.23835325792018,151.69675551920068,157.60162353515625,507244300,0.0,0.0,0.0
2015-08-25,162.53346586200837,162.55010283615246,155.45594985371912,155.74703979492188,369833100,0.0,0.0,0.0
2015-08-26,159.7473344527929,162.00115529416996,156.66183009162816,161.72671508789062,339257000,0.0,0.0,0.0
2015-08-27,163.85580648970432,165.85181160061163,162.35048417077047,165.72706604003906,274143900,0.0,0.0,0.0
2015-08-28,165.086679769256,166.20111577089492,164.60430910654108,165.73538208007812,160414400,0.0,0.0,0.0
2015-08-31,164.76231477274618,165.61062260420843,163.84747174957215,164.39637756347656,163298800,0.0,0.0,0.0
2015-09-01,160.6122805745164,161.98454517734268,158.62458762583853,159.48953247070312,256000400,0.0,0.0,0.0
2015-09-02,161.8597424703319,162.5583554809262,160.03006952607157,162.5167694091797,160269300,0.0,0.0,0.0
2015-09-03,163.22370363788403,164.71240144906955,162.14254176999756,162.6332244873047,152087800,0.0,0.0,0.0
2015-09-04,160.38773608328512,161.22771911300313,159.35645961201206,160.17149353027344,207081000,0.0,0.0,0.0
2015-09-08,162.95762612954994,164.34651524795956,162.31723587341853,164.19680786132812,116025700,0.0,0.0,0.0
2015-09-09,165.76864030237743,165.89338585405417,161.63523515295364,162.00115966796875,149347700,0.0,0.0,0.0
2015-09-10,161.80988889317257,164.02213654131373,161.55207294363186,162.88275146484375,158611100,0.0,0.0,0.0
2015-09-11,162.4918368070718,163.6894447293928,161.7849115864469,163.62290954589844,119691200,0.0,0.0,0.0
2015-09-14,163.7975654478636,163.84746366661327,162.53342224828344,163.0157928466797,79452000,0.0,0.0,0.0
2015-09-15,163.51479446591247,165.4941750062351,162.97421352873837,165.0533905029297,113806200,0.0,0.0,0.0
2015-09-16,165.35279608532932,166.67514962395944,165.01180800848826,166.48385620117188,99581600,0.0,0.0,0.0
2015-09-17,166.35078023734928,168.73767113237793,165.73533933874756,166.10958862304688,276046600,0.0,0.0,0.0
2015-09-18,163.61247780284123,166.09536955900396,162.98548197154713,163.39511108398438,223657500,1.033,0.0,0.0
2015-09-21,164.22277848965334,165.25940361212471,163.19450872078528,164.239501953125,105726200,0.0,0.0,0.0
2015-09-22,162.08263297513628,162.5675113614586,160.97911400841684,162.1077117919922,153890900,0.0,0.0,0.0
2015-09-23,162.27489386503237,162.74304874679908,161.2717030103517,161.84854125976562,92790600,0.0,0.0,0.0
2015-09-24,160.6363402979542,161.72313571426344,159.30711208604234,161.26333618164062,159378800,0.0,0.0,0.0
2015-09-25,162.7179360806015,163.01889455002123,160.3520705930473,161.2215118408203,155054800,0.0,0.0,0.0
2015-09-28,160.32704193062546,160.4357253096563,156.8660248278942,157.1753387451172,178515900,0.0,0.0,0.0
2015-09-29,157.39266450039486,158.62157725173503,156.27242234351033,157.2672576904297,159045600,0.0,0.0,0.0
2015-09-30,159.1482229324308,160.36878016277768,158.3707543949144,160.2015838623047,163452000,0.0,0.0,0.0
2015-10-01,160.5778418844145,160.92060272676466,158.68849870907687,160.61964416503906,131079000,0.0,0.0,0.0
2015-10-02,158.64670311133017,163.04403023419374,158.10329895285076,163.01895141601562,211003300,0.0,0.0,0.0
2015-10-05,164.23950106479637,166.1455676897734,164.13081768721608,165.9198455810547,126320800,0.0,0.0,0.0
2015-10-06,165.7860695948451,166.3461843870021,164.6909188253841,165.35134887695312,110274500,0.0,0.0,0.0
2015-10-07,166.2793230608517,167.05680468250551,165.09221224373042,166.7056884765625,124307300,0.0,0.0,0.0
2015-10-08,166.32109359413064,168.49468427079015,166.02013508130491,168.21044921875,153055200,0.0,0.0,0.0
2015-10-09,168.35253224573506,168.78724008697563,167.68373427025523,168.31072998046875,107069200,0.0,0.0,0.0
2015-10-12,168.38604569865194,168.67028082629506,167.95969300718727,168.4696502685547,56395600,0.0,0.0,0.0
2015-10-13,167.74224477755916,169.00460428628983,167.24065587049776,167.40785217285156,88038700,0.0,0.0,0.0
2015-10-14,167.34935065802895,167.9261888274099,166.31272577973232,166.60531616210938,99106200,0.0,0.0,0.0
2015-10-15,167.26581694880204,169.17188379691905,166.89797724894325,169.1635284423828,134142200,0.0,0.0,0.0
2015-10-16,169.5647775413866,169.9493278941309,168.80401943294882,169.9326171875,114580100,0.0,0.0,0.0
2015-10-19,169.28886328208705,170.01617431640625,168.97954944105695,170.01617431640625,76523900,0.0,0.0,0.0
2015-10-20,169.58150464532827,170.40913111058862,169.33070372156925,169.79885864257812,78448500,0.0,0.0,0.0
2015-10-21,170.21687520116285,170.36734811869508,168.5783200358582,168.7455291748047,102038000,0.0,0.0,0.0
2015-10-22,169.69012535632027,171.80518998853404,168.74546043865388,171.59619140625,174911700,0.0,0.0,0.0
2015-10-23,173.25987988418584,173.8450735496707,172.46568756986602,173.47723388671875,144442300,0.0,0.0,0.0
2015-10-26,173.30161259675415,173.3601255616812,172.68297225228795,173.05081176757812,69033000,0.0,0.0,0.0
2015-10-27,172.38202528414612,173.05082328771798,172.03926455332967,172.7164306640625,77905800,0.0,0.0,0.0
2015-10-28,173.05087394998608,174.7061396073188,172.3904438602281,174.68106079101562,135906700,0.0,0.0,0.0
2015-10-29,174.17949090915843,174.94860445852228,174.0624521680871,174.5807647705078,90525500,0.0,0.0,0.0
2015-10-30,174.7730318772034,175.09071391237453,173.66952562051586,173.82835388183594,131076900,0.0,0.0,0.0
2015-11-02,174.1544460955679,176.07722396628694,174.0290392194763,175.88494873046875,86270800,0.0,0.0,0.0
2015-11-03,175.5337631262892,176.94659584766845,175.30804104346925,176.39483642578125,95246100,0.0,0.0,0.0
2015-11-04,176.68744138730514,176.812835458884,175.3247662802512,175.85980224609375,96224500,0.0,0.0,0.0
2015-11-05,175.918342610945,176.37814220541284,174.79811287625287,175.68426513671875,78408700,0.0,0.0,0.0
2015-11-06,175.34148176571142,175.82636008086558,174.27140988270324,175.59226989746094,110471500,0.0,0.0,0.0
2015-11-09,174.9819896555417,175.13247528409406,173.0090423180787,173.95372009277344,131008700,0.0,0.0,0.0
2015-11-10,173.4771990275669,174.38844264814023,173.20968744407082,174.35499572753906,75874600,0.0,0.0,0.0
2015-11-11,174.62254315060736,174.67270078187678,173.60262879391465,173.6695098876953,67846000,0.0,0.0,0.0
2015-11-12,172.6328404097794,173.10099522412602,171.22837596673946,171.24508666992188,121315200,0.0,0.0,0.0
2015-11-13,170.83545668590742,171.10296825429884,169.2387043583204,169.32229614257812,153577100,0.0,0.0,0.0
2015-11-16,169.13844464170742,171.95574254570474,169.02139314404795,171.897216796875,117645200,0.0,0.0,0.0
2015-11-17,172.20651025903064,173.0842942719435,171.27855586126068,171.77178955078125,121123700,0.0,0.0,0.0
2015-11-18,172.24834925026235,174.6392946979438,172.20655971860782,174.49717712402344,121342500,0.0,0.0,0.0
2015-11-19,174.3800833359469,174.76464640468254,174.0540460030841,174.34664916992188,88220500,0.0,0.0,0.0
2015-11-20,175.09904860954077,175.65916340382003,174.60581490721088,174.9820098876953,94011500,0.0,0.0,0.0
2015-11-23,175.04049775530277,175.54208670200444,174.3215421177286,174.78134155273438,64931200,0.0,0.0,0.0
2015-11-24,173.7781912351542,175.41674624331006,173.39364086749754,175.01547241210938,98874400,0.0,0.0,0.0
2015-11-25,175.14082931646865,175.34147256760596,174.73118746232842,174.9903564453125,51980100,0.0,0.0,0.0
2015-11-27,175.08234140123307,175.39166807474834,174.60583111671977,175.19102478027344,37317800,0.0,0.0,0.0
2015-11-30,175.3498668319891,175.46690556539272,174.35503121992556,174.46371459960938,112822700,0.0,0.0,0.0
2015-12-01,175.09069429523274,176.24437081474125,174.81481457290403,176.1273193359375,97858400,0.0,0.0,0.0
2015-12-02,176.0771509151852,176.3948328952947,174.0791246452473,174.32992553710938,108441300,0.0,0.0,0.0
2015-12-03,174.58074318982835,174.84825481223766,171.1698838993245,171.8888397216797,166224200,0.0,0.0,0.0
2015-12-04,171.8888317671986,175.53376834223343,171.8888317671986,175.2411651611328,192913900,0.0,0.0,0.0
2015-12-07,174.9151251015423,175.33312235019997,173.21805729249317,174.17945861816406,102027100,0.0,0.0,0.0
2015-12-08,172.6245438339615,174.12932403349623,172.03098200607715,173.00909423828125,103372400,0.0,0.0,0.0
2015-12-09,172.37371691936968,174.4553351681212,170.69335972337288,171.66311645507812,162401500,0.0,0.0,0.0
2015-12-10,171.72996048348293,173.41030456053363,171.49588308238916,172.1061553955078,116128900,0.0,0.0,0.0
2015-12-11,169.99951248731253,170.65994262982485,168.46127267901218,168.77059936523438,211173300,0.0,0.0,0.0
2015-12-14,168.92938116765745,169.7486520430947,167.15706450560026,169.6232452392578,182385200,0.0,0.0,0.0
2015-12-15,171.12803574731873,172.30679080687213,169.59816460207603,171.40391540527344,154069600,0.0,0.0,0.0
2015-12-16,172.5241875432432,174.21290007018928,171.21168276083145,173.9119415283203,197017000,0.0,0.0,0.0
2015-12-17,174.2212403367473,174.28812142428936,171.24510210057215,171.26182556152344,173092500,0.0,0.0,0.0
2015-12-18,170.5234364199729,170.6579818248488,168.0509833508392,168.2107696533203,251393500,1.212,0.0,0.0
2015-12-21,169.37975636885284,169.775013261799,168.26966990385102,169.59840393066406,99094300,0.0,0.0,0.0
2015-12-22,170.4813737807205,171.43167362109523,169.4974407994575,171.1373291015625,111026200,0.0,0.0,0.0
2015-12-23,172.13813080808546,173.298673375871,172.04562360583907,173.25662231445312,110987200,0.0,0.0,0.0
2015-12-24,173.00427280217568,173.51726478825648,172.75197934748087,172.9706268310547,48539600,0.0,0.0,0.0
2015-12-28,172.2811100869447,172.61749294503812,171.50741924758302,172.57545471191406,65899900,0.0,0.0,0.0
2015-12-29,173.66869730253606,174.745137796761,173.63506415117155,174.4171600341797,92640700,0.0,0.0,0.0
2015-12-30,174.1732746058439,174.25737672780107,173.03796012033254,173.18092346191406,63317700,0.0,0.0,0.0
2015-12-31,172.50816240776243,173.14729492223373,171.4485321044922,171.4485321044922,114877900,0.0,0.0,0.0
2016-01-04,168.6060904875054,169.06020866980782,167.00823968804477,169.0518035888672,222353500,0.0,0.0,0.0
2016-01-05,169.3713254091288,169.79181034096098,168.23602379249098,169.3376922607422,110845800,0.0,0.0,0.0
2016-01-06,166.79792443266626,168.24439331908383,166.17561507765387,167.20159912109375,152112600,0.0,0.0,0.0
2016-01-07,164.2666411794823,166.04108806372946,162.80334903123807,163.19020080566406,213436100,0.0,0.0,0.0
2016-01-08,164.14888515780035,164.70392826441562,161.1129838913609,161.39891052246094,209817200,0.0,0.0,0.0
2016-01-11,162.31556821009647,162.65196381226903,159.63288546378357,161.55870056152344,187941300,0.0,0.0,0.0
2016-01-12,162.99678665271762,163.61069106589846,160.74298072437495,162.8622283935547,172330500,0.0,0.0,0.0
2016-01-13,163.52655378276137,163.87135443565572,158.42187443317707,158.80030822753906,221168900,0.0,0.0,0.0
2016-01-14,159.40587911246965,162.52587088179183,157.81644619567527,161.40737915039062,240795600,0.0,0.0,0.0
2016-01-15,157.06796280692814,158.74148481243708,156.01675035836897,157.94256591796875,324846400,0.0,0.0,0.0
2016-01-19,159.7506674780919,159.87680784571734,156.588612052986,158.15281677246094,195244400,0.0,0.0,0.0
2016-01-20,155.6046860535825,157.68188308668587,152.23240080022165,156.12608337402344,286547800,0.0,0.0,0.0
2016-01-21,156.59703987018045,158.83401046805514,155.27671072200022,157.00070190429688,195772900,0.0,0.0,0.0
2016-01-22,159.59929619135528,160.42344325317322,158.8424282738754,160.22161865234375,168319600,0.0,0.0,0.0
2016-01-25,159.71701684850765,159.91043635063804,157.6061868211118,157.7996063232422,130371700,0.0,0.0,0.0
2016-01-26,158.45552839379948,160.22997518752416,158.11914560620974,159.95245361328125,141036800,0.0,0.0,0.0
2016-01-27,159.43102756991277,161.09614388163698,157.3117804617866,158.2116241455078,185681700,0.0,0.0,0.0
2016-01-28,159.75067255392162,159.952497148535,157.39595390335268,159.0358428955078,143798800,0.0,0.0,0.0
2016-01-29,159.8010732268703,163.0472169292255,159.68333797682342,162.91265869140625,210529300,0.0,0.0,0.0
2016-02-01,161.91196893240257,163.63596016770109,161.33169752241665,162.85385131835938,136061600,0.0,0.0,0.0
2016-02-02,161.43257147696843,161.44097655554074,159.39741323054122,159.9188232421875,182564900,0.0,0.0,0.0
2016-02-03,160.97002488710882,161.28117959209968,157.34544727362672,160.8775177001953,205054900,0.0,0.0,0.0
2016-02-04,160.38140471859256,162.09697798338385,159.75067717780118,161.12986755371094,139531800,0.0,0.0,0.0
2016-02-05,160.6168586201288,161.18871203825225,157.42957525911237,158.060302734375,180788300,0.0,0.0,0.0
2016-02-08,156.22697703496567,156.5213087914604,153.7292954834269,155.93263244628906,191526700,0.0,0.0,0.0
2016-02-09,154.20019377976914,157.210866632316,154.06563555757995,155.9409942626953,184513100,0.0,0.0,0.0
2016-02-10,156.76519315488096,158.3882588094194,155.68033486002952,155.80648803710938,148214100,0.0,0.0,0.0
2016-02-11,153.34244670274717,154.82256192212859,152.29123433997384,153.77975463867188,219058900,0.0,0.0,0.0
2016-02-12,155.54583779834172,156.96706651074825,154.7048676850622,156.95025634765625,127632400,0.0,0.0,0.0
2016-02-16,158.749883486931,159.62448649198512,157.79117836331056,159.59925842285156,120250700,0.0,0.0,0.0
2016-02-17,160.75979914610784,162.576297096638,160.6336459696596,162.20626831054688,136009500,0.0,0.0,0.0
2016-02-18,162.4753623648004,162.5342364100918,161.23073065709553,161.54188537597656,102343000,0.0,0.0,0.0
2016-02-19,160.76818011475066,161.61755491385702,160.1626808887134,161.4661865234375,114793000,0.0,0.0,0.0
2016-02-22,163.03880682917304,163.94705572969033,162.9715277070406,163.80409240722656,103640300,0.0,0.0,0.0
2016-02-23,163.14819035148213,163.4173069280054,161.61761869492165,161.73536682128906,111455300,0.0,0.0,0.0
2016-02-24,160.31407141872498,162.75287861972492,159.21240307277986,162.47535705566406,150812200,0.0,0.0,0.0
2016-02-25,162.92109906093668,164.45167047527613,162.16423126556654,164.44325256347656,110728300,0.0,0.0,0.0
2016-02-26,165.30944868764604,165.40194305175584,163.90501775335608,164.06480407714844,129833700,0.0,0.0,0.0
2016-02-29,164.08159701890145,165.02347896706718,162.5846719946327,162.77809143066406,125918100,0.0,0.0,0.0
2016-03-01,163.99748122862272,166.68859428250045,163.52654029384752,166.6044921875,141799700,0.0,0.0,0.0
2016-03-02,166.29336429362644,167.4034376996312,165.88128449329778,167.3529815673828,102415000,0.0,0.0,0.0
2016-03-03,167.17640731481302,168.0257951596379,166.6045539198895,168.00897216796875,95172200,0.0,0.0,0.0
2016-03-04,168.20235150334435,169.32926069685254,167.3782047588692,168.55555725097656,129293600,0.0,0.0,0.0
2016-03-07,167.63895778143177,169.09384512981356,167.5632735606768,168.69017028808594,100219000,0.0,0.0,0.0
2016-03-08,167.62210744243106,168.12668162537113,166.68863044698392,166.84840393066406,123974900,0.0,0.0,0.0
2016-03-09,167.6557844283904,168.017395379112,166.873675633659,167.672607421875,94801200,0.0,0.0,0.0
2016-03-10,168.16030168533513,169.09377853690737,165.99059838621642,167.8070831298828,156838700,0.0,0.0,0.0
2016-03-11,169.25359036882483,170.55709622569168,167.79031101667988,170.51504516601562,137964500,0.0,0.0,0.0
2016-03-14,170.0104600627481,170.75050477050704,169.6824823497622,170.29638671875,73612000,0.0,0.0,0.0
2016-03-15,169.33769158835602,170.32162478507462,169.07699298480432,170.0188751220703,93169100,0.0,0.0,0.0
2016-03-16,169.53955853525943,171.4065129772771,169.49750746847482,171.00283813476562,129303200,0.0,0.0,0.0
2016-03-17,170.91872933889795,172.5922512492663,170.5234724541356,172.08767700195312,134278500,0.0,0.0,0.0
2016-03-18,172.5863958012671,173.10203378785332,172.2736362170376,172.763916015625,138372400,1.05,0.0,0.0
2016-03-21,172.50182616434068,173.23723921418915,172.2735896356984,173.00900268554688,72926700,0.0,0.0,0.0
2016-03-22,172.2397825749512,173.48238513416123,172.07918504889994,172.91603088378906,97471900,0.0,0.0,0.0
2016-03-23,172.53567375544654,172.72164239357073,171.6058305648256,171.77490234375,81052500,0.0,0.0,0.0
2016-03-24,170.75199088439078,171.73254996725393,170.53221573755295,171.69873046875,84360900,0.0,0.0,0.0
2016-03-28,172.11305260175422,172.3243794669448,171.3522810464154,171.80029296875,62408200,0.0,0.0,0.0
2016-03-29,171.39449392325025,173.4993136259978,171.0901827963273,173.38941955566406,92922900,0.0,0.0,0.0
2016-03-30,174.38692308250992,174.86874160408692,173.78674913986507,174.15023803710938,86365300,0.0,0.0,0.0
2016-03-31,174.05728479273176,174.4799385776308,173.5670048544445,173.7276153564453,94584100,0.0,0.0,0.0
2016-04-01,172.73850202186136,175.09690303239768,172.42572964031146,174.9109344482422,114423500,0.0,0.0,0.0
2016-04-04,174.8348995022013,175.03777788495927,174.04030862602207,174.34461975097656,63497000,0.0,0.0,0.0
2016-04-05,173.00906119459614,174.35309684311477,172.3497224651958,172.6033172607422,99662200,0.0,0.0,0.0
2016-04-06,172.60334068711117,174.5475505190194,172.42582043662486,174.48837280273438,91839800,0.0,0.0,0.0
2016-04-07,173.40630819701744,173.76133565213593,171.67342596022496,172.400390625,113859000,0.0,0.0,0.0
2016-04-08,173.57536557315186,174.0064804708485,172.3327630416087,172.8653106689453,95040600,0.0,0.0,0.0
2016-04-11,173.49931906851236,174.19247722872257,172.36661040990907,172.4595947265625,83757500,0.0,0.0,0.0
2016-04-12,172.62865402950032,174.3446267787749,172.18909063165515,174.065673828125,115350600,0.0,0.0,0.0
2016-04-13,174.9785911119901,175.90843419511936,174.84333886383234,175.8238983154297,96336400,0.0,0.0,0.0
2016-04-14,175.88309621601945,176.33110805344006,175.4858007528931,175.83236694335938,65212900,0.0,0.0,0.0
2016-04-15,175.83237178485066,175.96762405227008,175.31673380138446,175.63795471191406,75761600,0.0,0.0,0.0
2016-04-18,175.63796167189994,176.90592270787863,174.97862296506034,176.8721160888672,82531000,0.0,0.0,0.0
2016-04-19,177.29478380823682,177.68361800031167,176.61853528915324,177.43002319335938,88316100,0.0,0.0,0.0
2016-04-20,177.47224098298489,178.29218998463625,176.99887102293133,177.5990447998047,81100300,0.0,0.0,0.0
2016-04-21,177.61598874235912,177.72588283306285,176.3733858186248,176.64389038085938,85695000,0.0,0.0,0.0
2016-04-22,176.28886281670205,176.91438204472652,175.74786659060032,176.64389038085938,99251700,0.0,0.0,0.0
2016-04-25,176.04372158929198,176.38185230196618,175.4350992048462,176.33958435058594,66166500,0.0,0.0,0.0
2016-04-26,176.7029952272325,177.10875193288862,176.12819257509761,176.6015625,75864200,0.0,0.0,0.0
2016-04-27,176.221228535998,177.35393731670564,175.8662009882404,176.96510314941406,77329400,0.0,0.0,0.0
2016-04-28,176.21280814152047,177.3116975791628,174.94484688420798,175.35903930664062,97216200,0.0,0.0,0.0
2016-04-29,174.7419313037964,175.08851040274934,173.313359860416,174.41226196289062,142424100,0.0,0.0,0.0
2016-05-02,174.91099343793363,175.97607604409657,174.47989133746998,175.79856872558594,62188000,0.0,0.0,0.0
2016-05-03,174.5728811144659,174.80956614545158,173.52469533555305,174.26856994628906,106422100,0.0,0.0,0.0
2016-05-04,173.27953563715295,174.00650037892598,172.79770431951002,173.2964324951172,92243800,0.0,0.0,0.0
2016-05-05,173.76137777983067,174.11640532102402,172.839995858755,173.2626495361328,67619200,0.0,0.0,0.0
2016-05-06,172.49342360262426,173.93890491198147,172.3412744639378,173.89663696289062,89315000,0.0,0.0,0.0
2016-05-09,173.769806865732,174.47140048943743,173.59228667889047,174.04029846191406,74374900,0.0,0.0,0.0
2016-05-10,174.74190681182824,176.22119442364584,174.6742806874843,176.20428466796875,77472200,0.0,0.0,0.0
2016-05-11,175.7478249814253,176.2803597523973,174.55593872070312,174.55593872070312,81727000,0.0,0.0,0.0
2016-05-12,175.2237755385305,175.39284734713166,173.60078678323023,174.60670471191406,89586300,0.0,0.0,0.0
2016-05-13,174.31086549718907,174.8603102136198,172.76395122219364,173.0851593017578,96474600,0.0,0.0,0.0
2016-05-16,173.25418056057407,175.26600305543033,173.1950028615428,174.79263305664062,77486800,0.0,0.0,0.0
2016-05-17,174.52215440321876,174.8095557954899,172.63710979883587,173.1612091064453,114924900,0.0,0.0,0.0
2016-05-18,172.81463384148617,174.38690600243459,172.1299369630414,173.21192932128906,120062100,0.0,0.0,0.0
2016-05-19,172.4934586050128,172.8992026222108,171.41146596023822,172.61180114746094,115430500,0.0,0.0,0.0
2016-05-20,173.22033244954835,174.21780155234842,173.16961608638888,173.70216369628906,104990400,0.0,0.0,0.0
2016-05-23,173.7191275679192,173.9980805712717,173.2795769853952,173.46554565429688,58682600,0.0,0.0,0.0
2016-05-24,174.2769999822592,176.02679223918366,174.25164179578482,175.71401977539062,93537800,0.0,0.0,0.0
2016-05-25,176.39027632722886,177.32011953546845,175.71402789381517,176.90591430664062,76621400,0.0,0.0,0.0
2016-05-26,177.04112461614707,177.26936114923737,176.64382923936,176.9565887451172,55280700,0.0,0.0,0.0
2016-05-27,177.11723338236027,177.72585565595264,177.0665170092885,177.7174072265625,64211200,0.0,0.0,0.0
2016-05-31,177.98794065384675,178.09783475355724,176.82141220574636,177.3793182373047,109879400,0.0,0.0,0.0
2016-06-01,176.77064103692706,177.92025936762633,176.5762239886192,177.7427520751953,69936200,0.0,0.0,0.0
2016-06-02,177.34549124942043,178.30067981979306,176.87212117943628,178.28378295898438,63044700,0.0,0.0,0.0
2016-06-03,177.72584725899813,178.09778450843905,176.5508707110088,177.75120544433594,101757100,0.0,0.0,0.0
2016-06-06,178.10625841860303,179.01074348626975,177.94564795624228,178.6557159423828,64887000,0.0,0.0,0.0
2016-06-07,178.80785566828771,179.4925525310708,178.7824974806562,178.9346466064453,60974800,0.0,0.0,0.0
2016-06-08,179.0699019646455,179.64471765707248,178.94311102429867,179.51791381835938,66170900,0.0,0.0,0.0
2016-06-09,178.79098043487605,179.39115442090275,178.52048874845266,179.27281188964844,73786900,0.0,0.0,0.0
2016-06-10,177.9033692622777,178.24148700246033,177.03269092949563,177.57369995117188,113829200,0.0,0.0,0.0
2016-06-13,176.97351732172135,177.8272729571306,176.11976168631207,176.20428466796875,117751200,0.0,0.0,0.0
2016-06-14,175.82392043367116,176.44945248631808,174.9109869913078,175.85772705078125,125059300,0.0,0.0,0.0
2016-06-15,175.85777389070537,176.97358602802487,175.42667169130613,175.61264038085938,109124500,0.0,0.0,0.0
2016-06-16,175.6126170167613,176.30577529439773,173.78674988863224,176.13670349121094,149533100,0.0,0.0,0.0
2016-06-17,176.03303010509904,176.05852016671878,174.82645298180685,175.48072814941406,117055700,1.078,0.0,0.0
2016-06-20,177.43502243949953,178.1062822399764,176.52583382287239,176.61080932617188,82789600,0.0,0.0,0.0
2016-06-21,176.9931789116003,177.5199907459401,176.55132961787942,177.1121368408203,72461700,0.0,0.0,0.0
2016-06-22,177.29062977447046,178.01288293436843,176.6788422183195,176.82330322265625,95560500,0.0,0.0,0.0
2016-06-23,178.2762123937077,179.1768956408914,177.81737840633824,179.12591552734375,102731400,0.0,0.0,0.0
2016-06-24,173.02507882083157,179.15993738952622,172.25184574324885,172.69369506835938,333444400,0.0,0.0,0.0
2016-06-27,171.29170098613423,171.30020631780508,168.79357097849353,169.60079956054688,230775800,0.0,0.0,0.0
2016-06-28,171.19822298297166,172.68520380773475,170.89232926611692,172.6597137451172,159382400,0.0,0.0,0.0
2016-06-29,174.0532194520448,175.8290962229699,173.95125920581162,175.5996856689453,137328600,0.0,0.0,0.0
2016-06-30,176.0670323889565,178.04682973460984,175.5147174462101,177.995849609375,165021900,0.0,0.0,0.0
2016-07-01,177.99586414825464,178.85407287795323,177.8344184281947,178.36973571777344,106055300,0.0,0.0,0.0
2016-07-05,177.54548870608525,177.65595427579206,176.49186499051555,177.08665466308594,109803700,0.0,0.0,0.0
2016-07-06,176.59381480621082,178.26773112085175,175.93953972228192,178.14877319335938,96021500,0.0,0.0,0.0
2016-07-07,178.3272260862545,178.98999361805443,177.27360230003075,178.038330078125,85593800,0.0,0.0,0.0
2016-07-08,179.32985951637392,180.9357980149797,179.10043602644689,180.6893768310547,133971000,0.0,0.0,0.0
2016-07-11,181.14821449870038,181.895957410873,180.94428107753305,181.32664489746094,73633900,0.0,0.0,0.0
2016-07-12,182.28687916043364,182.94115444391744,181.3522001840282,182.6437530517578,101275600,0.0,0.0,0.0
2016-07-13,183.06007442805392,183.06856679318818,182.13390097614436,182.61822509765625,87324100,0.0,0.0,0.0
2016-07-14,183.87576375457587,184.10518724448366,183.2469916965613,183.63784790039062,91230900,0.0,0.0,0.0
2016-07-15,184.19861846902998,184.3940465320664,182.94955400032418,183.3914031982422,107155400,0.0,0.0,0.0
2016-07-18,183.51043630721267,184.04575357473655,183.25552270527538,183.88430786132812,58725900,0.0,0.0,0.0
2016-07-19,183.46793365806346,183.73133960469437,183.2215254076342,183.69735717773438,54345700,0.0,0.0,0.0
2016-07-20,183.69736933902962,184.70001306876955,183.69736933902962,184.46209716796875,58159500,0.0,0.0,0.0
2016-07-21,184.35160181558447,184.57251996784868,183.3234552954601,183.7653045654297,67777300,0.0,0.0,0.0
2016-07-22,183.8842985218272,184.6405339577171,183.6208925672,184.5895538330078,62787500,0.0,0.0,0.0
2016-07-25,184.3856429616518,184.43662309260773,183.51044947238742,184.08824157714844,55873100,0.0,0.0,0.0
2016-07-26,183.98623625238693,184.5300457917998,183.3319611459951,184.1731719970703,70080500,0.0,0.0,0.0
2016-07-27,184.54702169940677,184.6149995044884,183.21298158488082,183.97772216796875,84083900,0.0,0.0,0.0
2016-07-28,183.7823338581247,184.47909683608788,183.32349974894834,184.19020080566406,65035700,0.0,0.0,0.0
2016-07-29,183.92680022473132,184.84446846995627,183.64639655212855,184.4875946044922,79519400,0.0,0.0,0.0
2016-08-01,184.54706633314595,184.93792260009536,183.88429878010672,184.3346405029297,73311400,0.0,0.0,0.0
2016-08-02,184.08821504653068,184.24116838280028,182.32084358935867,183.15354919433594,92295500,0.0,0.0,0.0
2016-08-03,183.09403788081178,183.7483129607529,182.79664954661428,183.68882751464844,53993600,0.0,0.0,0.0
2016-08-04,183.79933233886757,184.19869395663233,182.04894548591287,183.88430786132812,46585500,0.0,0.0,0.0
2016-08-05,183.88424897585895,185.43070185895252,183.88424897585895,185.38821411132812,71892200,0.0,0.0,0.0
2016-08-08,185.57514403050342,185.67711721470397,185.01434986187957,185.2777557373047,39906500,0.0,0.0,0.0
2016-08-09,185.34573932914398,185.8810434598024,185.06533575335138,185.38821411132812,51251700,0.0,0.0,0.0
2016-08-10,185.49869715161768,185.57516732528734,184.58101617125746,184.9293975830078,57941100,0.0,0.0,0.0
2016-08-11,185.4562139301453,186.0340188424602,185.1928080152213,185.78759765625,72504300,0.0,0.0,0.0
2016-08-12,185.48171396682633,185.8386007360844,185.22681336798837,185.6261749267578,61313500,0.0,0.0,0.0
2016-08-15,185.9915304612029,186.50984992494227,185.98303809687468,186.16146850585938,49813500,0.0,0.0,0.0
2016-08-16,185.74511871594618,185.81308356016547,185.20130920410156,185.20130920410156,53213600,0.0,0.0,0.0
2016-08-17,185.23529658385354,185.68563824014774,184.40259108274523,185.5496826171875,75134300,0.0,0.0,0.0
2016-08-18,185.5241846624526,186.0000163571197,185.41373206825997,185.96603393554688,52989300,0.0,0.0,0.0
2016-08-19,185.498709461304,185.87258095575433,185.014385363815,185.6941375732422,75443000,0.0,0.0,0.0
2016-08-22,185.45615397469302,185.91500081046323,185.09078794383674,185.68557739257812,61368800,0.0,0.0,0.0
2016-08-23,186.29745569083772,186.59485704345448,186.00005433822096,186.05953979492188,53399200,0.0,0.0,0.0
2016-08-24,185.9150799012492,186.00854778048802,184.6915051059202,185.1078643798828,71728900,0.0,0.0,0.0
2016-08-25,184.72547889137803,185.3967517105413,184.57253853183752,184.9803924560547,69224800,0.0,0.0,0.0
2016-08-26,185.1673056494572,186.1869468185128,183.74830296966002,184.63198852539062,122506300,0.0,0.0,0.0
2016-08-29,184.75948850539226,185.80461993903992,184.72549311258223,185.5412139892578,70502200,0.0,0.0,0.0
2016-08-30,185.45619340636233,185.73659698441068,184.6829734413154,185.2352752685547,58114500,0.0,0.0,0.0
2016-08-31,184.90390893542113,185.0228668616284,183.93524783189295,184.70848083496094,85269500,0.0,0.0,0.0
2016-09-01,184.70001280074456,185.00590652496516,183.56141342492953,184.71701049804688,97844200,0.0,0.0,0.0
2016-09-02,185.566680311418,185.9745342148569,184.98038303216353,185.5496826171875,79293900,0.0,0.0,0.0
2016-09-06,185.83011575431115,186.18698959720462,185.11636806852422,186.1105194091797,56702100,0.0,0.0,0.0
2016-09-07,185.94907310831908,186.27196452176307,185.49023901619051,186.09352111816406,76554900,0.0,0.0,0.0
2016-09-08,185.76209274014715,186.0340039631219,185.36273123480345,185.6686248779297,74102900,0.0,0.0,0.0
2016-09-09,184.36009234743784,184.41107246165055,181.19919561183895,181.2246856689453,221589100,0.0,0.0,0.0
2016-09-12,180.4684733287879,184.22416015000306,180.40049551271633,183.82479858398438,168110900,0.0,0.0,0.0
2016-09-13,182.55028933279854,182.81369533251168,180.5619863361452,181.18226623535156,182828800,0.0,0.0,0.0
2016-09-14,181.233215758906,182.4313005540661,180.5619558396386,181.1142578125,134185500,0.0,0.0,0.0
2016-09-15,180.95287358457782,183.30654308128805,180.77443013440748,182.92417907714844,134427900,0.0,0.0,0.0
2016-09-16,182.3108894549983,182.49023417845197,181.53376373585223,182.21694946289062,155236400,1.082,0.0,0.0
2016-09-19,182.86606801299845,183.5065646640157,181.92666771246473,182.25119018554688,80250500,0.0,0.0,0.0
2016-09-20,183.10518009313085,183.25889302980107,182.22556576190743,182.2597198486328,69665300,0.0,0.0,0.0
2016-09-21,182.95996619560697,184.48861211944993,182.27676731793207,184.3092803955078,110284400,0.0,0.0,0.0
2016-09-22,185.3170359558854,185.76965255883255,185.06938297785203,185.4707489013672,76678700,0.0,0.0,0.0
2016-09-23,185.077880755407,185.21452314433975,184.36052775991317,184.4544677734375,73630900,0.0,0.0,0.0
2016-09-26,183.62609155492524,183.80542328866972,182.7635478752264,182.95997619628906,89827300,0.0,0.0,0.0
2016-09-27,182.79767256716215,184.18967586233643,182.43044786029841,184.0957489013672,78494800,0.0,0.0,0.0
2016-09-28,184.31783305551744,185.1632932124232,183.36136235505222,185.0095672607422,87411000,0.0,0.0,0.0
2016-09-29,184.80458160763706,185.20596044958225,182.78915213586723,183.33570861816406,128070600,0.0,0.0,0.0
2016-09-30,184.16414857350068,185.4195231660117,183.9164955795557,184.71925354003906,117202900,0.0,0.0,0.0
2016-10-03,184.30928307819204,184.49715006712572,183.6431547153356,184.27511596679688,83512100,0.0,0.0,0.0
2016-10-04,184.3861322416042,184.60816633315358,182.74646279471364,183.33570861816406,119948100,0.0,0.0,0.0
2016-10-05,183.95916890270405,184.57404668886872,183.8908477008039,184.1470489501953,72816000,0.0,0.0,0.0
2016-10-06,183.92497474513854,184.49715006712572,183.3869665345465,184.27511596679688,62927400,0.0,0.0,0.0
2016-10-07,184.5483733258457,184.71916976465073,182.91723931875157,183.64312744140625,89788300,0.0,0.0,0.0
2016-10-10,184.5996551513672,185.06080694964336,184.4544774920777,184.5996551513672,51855000,0.0,0.0,0.0
2016-10-11,184.17263798286655,184.24095917371605,181.5423307743674,182.26821899414062,130367400,0.0,0.0,0.0
2016-10-12,182.40485118152537,183.0282771265842,181.90953234875016,182.50733947753906,73866100,0.0,0.0,0.0
2016-10-13,181.18368806096598,182.40489536878093,180.37239494370476,181.90957641601562,101357000,0.0,0.0,0.0
2016-10-14,182.88310847634645,183.3442732865908,181.92663780463312,182.0034942626953,93346200,0.0,0.0,0.0
2016-10-17,181.9778809646954,182.234082196945,181.19220674181636,181.37155151367188,58275700,0.0,0.0,0.0
2016-10-18,182.95995593955305,183.01972883387154,182.13157946433486,182.50733947753906,76869700,0.0,0.0,0.0
2016-10-19,182.77210650321214,183.30157950259496,182.41342998450736,182.994140625,66519200,0.0,0.0,0.0
2016-10-20,182.64397856230016,183.2076186121692,181.9949467972882,182.65252685546875,73639800,0.0,0.0,0.0
2016-10-21,182.65252332556983,182.8233197834896,181.69603970553706,182.7379150390625,89089100,0.0,0.0,0.0
2016-10-24,183.6090309678364,183.88231578040575,183.1649496628797,183.5150909423828,60146600,0.0,0.0,0.0
2016-10-25,183.33569463099104,183.59189581303832,182.73790056016966,182.90016174316406,66542300,0.0,0.0,0.0
2016-10-26,182.08038818350684,183.11371545193575,181.841257452556,182.5330047607422,75705500,0.0,0.0,0.0
2016-10-27,183.25035565251608,183.2845097388476,181.96936240462156,182.0462188720703,77220200,0.0,0.0,0.0
2016-10-28,182.02055056559064,182.6952010924593,180.7993435894443,181.50814819335938,140623200,0.0,0.0,0.0
2016-10-31,181.841278879758,182.06332607803347,181.35450815842108,181.5167694091797,61272500,0.0,0.0,0.0
2016-11-01,181.8412382436597,181.8924889147664,178.99744496669493,180.20156860351562,122781800,0.0,0.0,0.0
2016-11-02,179.89414564956775,180.27845404672607,178.68147361145748,179.1170196533203,103330800,0.0,0.0,0.0
2016-11-03,179.3305358158373,179.5440347099807,178.0239236261547,178.2971954345703,88939300,0.0,0.0,0.0
2016-11-04,178.408207952685,179.2451199171035,177.95559136767739,178.10076904296875,109122100,0.0,0.0,0.0
2016-11-07,178.1007726184676,182.0633114060624,178.1007726184676,182.02914428710938,109794900,0.0,0.0,0.0
2016-11-08,181.63631167367112,183.41262394284482,181.3715751438649,182.84898376464844,106772100,0.0,0.0,0.0
2016-11-09,181.36297663073972,185.4023837583954,181.33735781436422,184.78750610351562,258429000,0.0,0.0,0.0
2016-11-10,185.57319489302805,186.4357255180889,183.7968829751666,185.24867248535156,172113300,0.0,0.0,0.0
2016-11-11,184.5313000082702,185.06077290721453,183.88226829243732,184.8216552734375,100552700,0.0,0.0,0.0
2016-11-14,185.34257209636385,185.54753562984072,184.22384050020037,184.96681213378906,94580000,0.0,0.0,0.0
2016-11-15,185.35116668357506,186.41012573242188,185.14621611543055,186.41012573242188,91652600,0.0,0.0,0.0
2016-11-16,185.7952305613378,186.29054943951428,185.67567173080798,186.05996704101562,65617700,0.0,0.0,0.0
2016-11-17,186.21369124955535,187.07622187385005,186.10266768262042,187.01644897460938,69797200,0.0,0.0,0.0
2016-11-18,187.08480616568562,187.25560266472553,186.41867766683617,186.5980224609375,86265800,0.0,0.0,0.0
2016-11-21,187.17019862550617,188.03272941911158,187.02502094921246,188.00711059570312,72402600,0.0,0.0,0.0
2016-11-22,188.3145274195932,188.55364509731695,187.64841202722897,188.3743133544922,67429000,0.0,0.0,0.0
2016-11-23,187.86186799429274,188.5279832345779,187.66545273906328,188.47674560546875,56620200,0.0,0.0,0.0
2016-11-25,188.81838648715674,189.21121707036835,188.74151699832356,189.17706298828125,37872300,0.0,0.0,0.0
2016-11-28,188.86957236075463,189.1428440353603,188.1863736278425,188.28884887695312,76572500,0.0,0.0,0.0
2016-11-29,188.32310070688195,189.10877504237837,188.02419705459036,188.65615844726562,69886700,0.0,0.0,0.0
2016-11-30,189.27097000663528,189.43323118786662,188.14369003024922,188.20347595214844,113291800,0.0,0.0,0.0
2016-12-01,188.50238922501075,188.50238922501075,187.153075013537,187.5117645263672,79040500,0.0,0.0,0.0
2016-12-02,187.59719288541658,188.09251184695535,187.24705159745926,187.60572814941406,74840300,0.0,0.0,0.0
2016-12-05,188.43409807761347,189.07459468974804,188.23768276522122,188.73300170898438,67837800,0.0,0.0,0.0
2016-12-06,188.92091155790078,189.36499292769207,188.44267609702044,189.33082580566406,59877400,0.0,0.0,0.0
2016-12-07,189.1770355384427,191.86711542201004,189.05747672208267,191.80734252929688,110738100,0.0,0.0,0.0
2016-12-08,191.78176320127528,192.74676919239806,191.51701366752818,192.27706909179688,99714400,0.0,0.0,0.0
2016-12-09,192.4991654460906,193.4556364183615,192.46499832225823,193.4385528564453,88005800,0.0,0.0,0.0
2016-12-12,193.34457054945193,193.82281896198756,192.79801396606234,193.2164764404297,102016100,0.0,0.0,0.0
2016-12-13,193.87404841836303,195.00131562296514,193.85696486090256,194.50599670410156,110477500,0.0,0.0,0.0
2016-12-14,194.20712480160623,194.90739435361698,192.46496663925623,192.9005126953125,142501800,0.0,0.0,0.0
2016-12-15,193.1395798990274,194.54866692963725,192.90899751969582,193.69467163085938,124972600,0.0,0.0,0.0
2016-12-16,194.14911601109662,194.2092543255151,192.99802043664093,193.31585693359375,156420200,1.329,0.0,0.0
2016-12-19,193.4962588463833,194.15771476654723,193.3502255069753,193.73678588867188,90341100,0.0,0.0,0.0
2016-12-20,194.26940412582675,194.63020784253237,194.03747573218476,194.48416137695312,89838800,0.0,0.0,0.0
2016-12-21,194.35526227483624,194.52706540999546,193.94293212890625,193.94293212890625,67909000,0.0,0.0,0.0
2016-12-22,193.79688226232213,193.9171457574394,193.21273592336811,193.60789489746094,56219100,0.0,0.0,0.0
2016-12-23,193.6509087860366,193.90003454615945,193.4619344577355,193.89144897460938,36697800,0.0,0.0,0.0
2016-12-27,194.15770982245942,194.7676129828244,194.1405255748076,194.37246704101562,42672500,0.0,0.0,0.0
2016-12-28,194.63020244535886,194.64737358739828,192.65443316823655,192.76609802246094,64095000,0.0,0.0,0.0
2016-12-29,192.83480937821537,193.1870143832582,192.28503139062656,192.72314453125,48696100,0.0,0.0,0.0
2016-12-30,193.04953921738596,193.13544734077695,191.33148161148063,192.01870727539062,108998300,0.0,0.0,0.0
2017-01-03,193.3158546351365,193.99449479504997,192.31939108978972,193.4876708984375,91366500,0.0,0.0,0.0
2017-01-04,193.81408994305164,194.78479676307333,193.80550437311655,194.63876342773438,78744400,0.0,0.0,0.0
2017-01-05,194.37249651963222,194.63879341379015,193.69385626573714,194.48416137695312,78379000,0.0,0.0,0.0
2017-01-06,194.59581569011266,195.64383199684897,194.0546232885752,195.17996215820312,71559900,0.0,0.0,0.0
2017-01-09,194.92226597987312,195.05971376040324,194.50133706740283,194.53570556640625,46939700,0.0,0.0,0.0
2017-01-10,194.55287670816617,195.38613585448502,194.14913204519758,194.53570556640625,63771900,0.0,0.0,0.0
2017-01-11,194.44982401284642,195.08551025390625,193.78836794788157,195.08551025390625,74650000,0.0,0.0,0.0
2017-01-12,194.57007063243853,194.7848278847922,193.2471717253465,194.59584045410156,72113200,0.0,0.0,0.0
2017-01-13,194.76764592594293,195.34319379609323,194.73329053256882,195.04254150390625,62717900,0.0,0.0,0.0
2017-01-17,194.4067947548315,194.8105393168635,193.96869481012678,194.35525512695312,61240800,0.0,0.0,0.0
2017-01-18,194.6044034593869,194.8277593648899,194.05462548142256,194.78480529785156,54793300,0.0,0.0,0.0
2017-01-19,194.862153693498,194.99960149239072,193.633748398721,194.06326293945312,66608800,0.0,0.0,0.0
2017-01-20,194.74189187207705,195.26590014072343,194.1148043072195,194.77626037597656,129168600,0.0,0.0,0.0
2017-01-23,194.77620037162023,194.8363255733062,193.51342695107874,194.2693634033203,75061600,0.0,0.0,0.0
2017-01-24,194.48413895808795,195.92731433532342,194.37247411363907,195.51498413085938,95555300,0.0,0.0,0.0
2017-01-25,196.45992651817147,197.20729064941406,196.29670891355826,197.20729064941406,84437700,0.0,0.0,0.0
2017-01-26,197.0612543665033,197.32756437647967,196.72623356889608,197.00112915039062,59970700,0.0,0.0,0.0
2017-01-27,197.07840913926478,197.22444247968724,196.5114469180428,196.6918487548828,59711100,0.0,0.0,0.0
2017-01-30,196.00457846704674,196.03034827963296,194.4926926617917,195.47198486328125,79737300,0.0,0.0,0.0
2017-01-31,194.98238071531566,195.514987559318,194.41543158963867,195.45484924316406,75880800,0.0,0.0,0.0
2017-02-01,195.45479505662897,196.36536336272928,194.94797127987314,195.5321044921875,79117700,0.0,0.0,0.0
2017-02-02,195.53213329741317,195.94447656327876,194.84492073644927,195.66099548339844,69657600,0.0,0.0,0.0
2017-02-03,196.56298850611725,197.19007589886635,196.25373759461604,197.00967407226562,80563200,0.0,0.0,0.0
2017-02-06,196.60593106874376,197.00109011190023,196.32244997190676,196.657470703125,57790100,0.0,0.0,0.0
2017-02-07,197.04405146992943,197.28457851110494,196.47708925526968,196.66607666015625,57931200,0.0,0.0,0.0
2017-02-08,196.66605582795688,197.05261616691757,196.12486348876837,196.92376708984375,51566200,0.0,0.0,0.0
2017-02-09,196.92379169339242,198.3927237865184,196.92379169339242,198.09207153320312,65955200,0.0,0.0,0.0
2017-02-10,198.4356640440478,199.09711992769516,198.1092288870743,198.87376403808594,66015900,0.0,0.0,0.0
2017-02-13,199.36342945848503,200.21387279157153,199.3376596400043,199.95616149902344,55182100,0.0,0.0,0.0
2017-02-14,199.7757430563005,200.76363407766334,199.43213676662458,200.75503540039062,71109000,0.0,0.0,0.0
2017-02-15,200.54028135808088,201.99204220419728,200.4887417245899,201.8030548095703,86785800,0.0,0.0,0.0
2017-02-16,201.82892071460765,202.00932262545325,200.8839963993457,201.63134765625,84722400,0.0,0.0,0.0
2017-02-17,200.96978909393363,201.94908142089844,200.9526048474284,201.94908142089844,77204100,0.0,0.0,0.0
2017-02-21,202.31851997056626,203.3235823585384,202.30992129134683,203.1517791748047,88946100,0.0,0.0,0.0
2017-02-22,202.74798596072392,203.1946715099792,202.5847683875293,202.97132873535156,62115200,0.0,0.0,0.0
2017-02-23,203.486800553536,203.50397169653866,202.35287594370925,203.10882568359375,74615900,0.0,0.0,0.0
2017-02-24,202.266929765373,203.40942655009553,202.22397570324117,203.36648559570312,82381600,0.0,0.0,0.0
2017-02-27,203.28062725924806,203.85617513110842,203.0315146102534,203.6843719482422,56515400,0.0,0.0,0.0
2017-02-28,203.30640096446803,203.54692804662338,202.74803733255226,203.1345977783203,96961900,0.0,0.0,0.0
2017-03-01,204.7838862185403,206.44181870851824,204.76670197144094,205.97793579101562,149158200,0.0,0.0,0.0
2017-03-02,205.7889888304196,205.79758750952877,204.62930752428397,204.68084716796875,70246000,0.0,0.0,0.0
2017-03-03,204.59495037583682,204.9729252608217,204.21697549085192,204.80970764160156,81974300,0.0,0.0,0.0
2017-03-06,204.0193814731179,204.55197524290716,203.59845255676524,204.1997833251953,55391500,0.0,0.0,0.0
2017-03-07,203.8991405157803,204.25134558022862,203.38371783084403,203.5898895263672,65103700,0.0,0.0,0.0
2017-03-08,203.88197099547324,204.13968235656202,203.07448151434247,203.21192932128906,78168800,0.0,0.0,0.0
2017-03-09,203.33211096424378,203.79599384887982,202.50745067026264,203.4695587158203,90683900,0.0,0.0,0.0
2017-03-10,204.42311371958334,204.46606778725314,203.23764961215105,204.18258666992188,81991700,0.0,0.0,0.0
2017-03-13,204.12248794225042,204.3286596424068,203.79606580168246,204.28570556640625,57256800,0.0,0.0,0.0
2017-03-14,203.7444943594069,203.79604711052556,202.89406402821444,203.50396728515625,59880800,0.0,0.0,0.0
2017-03-15,204.07090396321794,205.68588249425696,203.83896248939536,205.26495361328125,96081800,0.0,0.0,0.0
2017-03-16,205.40239844996398,205.47970790422042,204.53478398969114,204.8612060546875,78344000,0.0,0.0,0.0
2017-03-17,205.12265754122024,205.31246715237873,204.50146484375,204.50146484375,89002100,1.033,0.0,0.0
2017-03-20,204.50149039691516,204.78620484922897,203.888933710081,204.2771759033203,52537000,0.0,0.0,0.0
2017-03-21,204.88104650841805,205.0018332238527,201.52488723873597,201.654296875,131809300,0.0,0.0,0.0
2017-03-22,201.68880878252267,202.41352905319255,201.06761621773012,202.12881469726562,97569200,0.0,0.0,0.0
2017-03-23,202.12882322004916,203.04335309989824,201.54214864232134,201.9131317138672,100410300,0.0,0.0,0.0
2017-03-24,202.21504508410695,202.78446048624048,200.98991927230318,201.7664031982422,112504900,0.0,0.0,0.0
2017-03-27,200.10132571992898,201.81823491644124,199.82524742676122,201.5594024658203,87454500,0.0,0.0,0.0
2017-03-28,201.25746505154598,203.4488852969795,201.14530123845407,203.02613830566406,93483900,0.0,0.0,0.0
2017-03-29,202.74147718011272,203.44893876883984,202.51714949496954,203.2159881591797,61950400,0.0,0.0,0.0
2017-03-30,203.1554995811267,204.06140646283444,202.98294902384038,203.8629608154297,56737900,0.0,0.0,0.0
2017-03-31,203.52652134276335,204.0528091997113,203.3367117442073,203.38848876953125,73733100,0.0,0.0,0.0
2017-04-03,203.44023008636267,203.6386625847675,201.80960283565494,203.03472900390625,85546500,0.0,0.0,0.0
2017-04-04,202.75004524566697,203.25045119242827,202.3704260333124,203.16416931152344,56466200,0.0,0.0,0.0
2017-04-05,203.8371626632093,204.81209280146177,202.3532035640939,202.56027221679688,108800600,0.0,0.0,0.0
2017-04-06,202.69830133079853,203.6473362903138,202.25828212555444,203.1296844482422,69135800,0.0,0.0,0.0
2017-04-07,202.87942071232564,203.61277708212893,202.43941478930236,202.9225616455078,74412300,0.0,0.0,0.0
2017-04-10,203.06063974628262,203.83712400832349,202.51709286399407,203.0433807373047,67615300,0.0,0.0,0.0
2017-04-11,202.66369685547312,202.90527024500813,201.3177842095603,202.80174255371094,88045300,0.0,0.0,0.0
2017-04-12,202.52570138392045,202.71551096254174,201.68881728675328,201.9131317138672,81864400,0.0,0.0,0.0
2017-04-13,201.57667553274217,202.3100319998575,200.60174560546875,200.60174560546875,92880400,0.0,0.0,0.0
2017-04-17,201.11942965066586,202.3790740966797,200.9209971105619,202.3790740966797,68405400,0.0,0.0,0.0
2017-04-18,201.64566056275982,202.30999403591392,201.09349087676208,201.7750701904297,83225800,0.0,0.0,0.0
2017-04-19,202.33590270620948,202.70688579774216,201.17978616556684,201.40411376953125,68699900,0.0,0.0,0.0
2017-04-20,202.01668692176702,203.48339989525888,201.6974676618917,203.0433807373047,92572200,0.0,0.0,0.0
2017-04-21,202.96573006922685,203.01749393015078,201.99943622593705,202.39630126953125,110389800,0.0,0.0,0.0
2017-04-24,204.63087634045624,204.8293220405731,202.3704331606191,204.62225341796875,119209900,0.0,0.0,0.0
2017-04-25,205.2606964055646,206.1579674025081,205.17441452528865,205.8128662109375,76698300,0.0,0.0,0.0
2017-04-26,205.77831543181875,206.65834044441524,205.64028287602605,205.68341064453125,84702500,0.0,0.0,0.0
2017-04-27,206.00262566019637,206.15791720916425,205.3210332003571,205.85595703125,57410300,0.0,0.0,0.0
2017-04-28,206.1147793456623,206.1406612708753,205.2778953244058,205.40731811523438,63532800,0.0,0.0,0.0
2017-05-01,205.925048828125,206.3478090434855,205.5109247009928,205.925048828125,66882500,0.0,0.0,0.0
2017-05-02,206.06305707084547,206.1838438011308,205.5971691582496,206.00267028808594,57375700,0.0,0.0,0.0
2017-05-03,206.0027120393435,206.0976168584285,205.07954578417394,205.75250244140625,73137700,0.0,0.0,0.0
2017-05-04,206.05444902415172,206.13209482106194,205.14854189923076,205.99404907226562,61462700,0.0,0.0,0.0
2017-05-05,206.36506291839916,206.822327980985,205.92504370230344,206.80506896972656,62001300,0.0,0.0,0.0
2017-05-08,206.84818412390703,206.99485278939494,206.34777817795415,206.77053833007812,48385700,0.0,0.0,0.0
2017-05-09,207.02934576448226,207.22777826851956,206.23558941880293,206.58070373535156,51363200,0.0,0.0,0.0
2017-05-10,206.53758187926883,206.9517059326172,206.33051327021153,206.9517059326172,54293800,0.0,0.0,0.0
2017-05-11,206.5030487370718,206.69285831151325,205.4504731569016,206.5289306640625,62358300,0.0,0.0,0.0
2017-05-12,206.2787732193799,206.5721105758289,205.916412985278,206.18386840820312,53912700,0.0,0.0,0.0
2017-05-15,206.60661064681307,207.44349486408936,206.58935163770735,207.3227081298828,61918900,0.0,0.0,0.0
2017-05-16,207.61603570807566,207.64191763813506,206.74464667828815,207.1328887939453,51241800,0.0,0.0,0.0
2017-05-17,207.13291412029378,207.13291412029378,203.3971348360046,203.45753479003906,172174100,0.0,0.0,0.0
2017-05-18,203.37989159940366,205.12268317200557,203.1210590823212,204.2771759033203,107047700,0.0,0.0,0.0
2017-05-19,204.76032767260278,206.27016869844215,204.70856380093704,205.6058349609375,115011400,0.0,0.0,0.0
2017-05-22,206.1148105771657,206.81366215810078,206.04580087598345,206.6497344970703,61010600,0.0,0.0,0.0
2017-05-23,207.0207127572947,207.27092228610908,206.64109358582823,207.10699462890625,48341700,0.0,0.0,0.0
2017-05-24,207.33996779319827,207.6936919099978,207.00347635602546,207.5901641845703,46927700,0.0,0.0,0.0
2017-05-25,208.0991590488035,208.85839735058266,207.8921036317834,208.58230590820312,64071700,0.0,0.0,0.0
2017-05-26,208.3925180071036,208.7031143297026,208.31487221764533,208.53919982910156,46629900,0.0,0.0,0.0
2017-05-30,208.2199864783797,208.60822862597266,208.06469488524934,208.3580322265625,35201900,0.0,0.0,0.0
2017-05-31,208.6513909138469,208.68590893680752,207.6160740260924,208.30628967285156,91796000,0.0,0.0,0.0
2017-06-01,208.7634938022781,209.9799970435517,208.4787794374206,209.96273803710938,68962000,0.0,0.0,0.0
2017-06-02,210.0145160210793,210.81689531507217,209.7211787156477,210.66159057617188,88666100,0.0,0.0,0.0
2017-06-05,210.48902761450537,210.77374198177247,210.3078409572391,210.50628662109375,44698800,0.0,0.0,0.0
2017-06-06,209.94552467778522,210.49769452111272,209.75571505994446,209.8333740234375,50375400,0.0,0.0,0.0
2017-06-07,210.16980902082295,210.44588730323053,209.5054754952336,210.22157287597656,54144300,0.0,0.0,0.0
2017-06-08,210.3165418713521,210.7996888866354,209.7988768322521,210.32516479492188,65950700,0.0,0.0,0.0
2017-06-09,210.59256449448196,211.38630769016876,208.7462456520709,210.00588989257812,132256400,0.0,0.0,0.0
2017-06-12,209.76430553969885,210.0145018916717,209.11723102814028,209.96273803710938,86108100,0.0,0.0,0.0
2017-06-13,210.4976579486158,211.04120477479216,210.15255679328286,210.98944091796875,60067000,0.0,0.0,0.0
2017-06-14,211.25691089926207,211.26553382107394,209.90236178312665,210.7220001220703,78602300,0.0,0.0,0.0
2017-06-15,209.37604235880931,210.43725399614152,209.09996409002758,210.31646728515625,66464900,0.0,0.0,0.0
2017-06-16,210.4751375338906,210.52715382162995,209.48678837995016,210.3624267578125,84553100,1.183,0.0,0.0
2017-06-19,211.18610140581526,212.1744508057262,211.09073377823756,212.11376953125,65123800,0.0,0.0,0.0
2017-06-20,211.75826411538486,211.7669290874146,210.66588233621394,210.68321228027344,56906400,0.0,0.0,0.0
2017-06-21,211.07334469945454,211.1860422430437,210.16302000559372,210.6311798095703,55977600,0.0,0.0,0.0
2017-06-22,210.6398276465425,211.13399552234193,210.36238985531602,210.53578186035156,44148100,0.0,0.0,0.0
2017-06-23,210.59652674301162,211.1167028826192,210.21505630325362,210.78726196289062,66986800,0.0,0.0,0.0
2017-06-26,211.45481868793817,211.8709754678572,210.7178991944742,210.92596435546875,56700500,0.0,0.0,0.0
2017-06-27,210.70924772268842,211.004028786433,209.20938717140842,209.2267303466797,82247700,0.0,0.0,0.0
2017-06-28,210.2411023664878,211.29881123877269,210.00701578551522,211.0994110107422,70042600,0.0,0.0,0.0
2017-06-29,211.24675564066692,211.29877193143605,208.0389564965759,209.24404907226562,106949700,0.0,0.0,0.0
2017-06-30,210.05034463781132,210.42315013272864,209.4434658159337,209.6342010498047,86820700,0.0,0.0,0.0
2017-07-03,210.57050989003255,211.0039966029294,209.98963928222656,209.98963928222656,39153800,0.0,0.0,0.0
2017-07-05,210.3537371815229,210.68317804165946,209.54744512898048,210.47511291503906,54427600,0.0,0.0,0.0
2017-07-06,209.7122327219339,209.83360849049384,208.3684210656846,208.5504913330078,65400800,0.0,0.0,0.0
2017-07-07,209.12269844712193,210.05035327822975,208.55915769515238,209.90296936035156,57972300,0.0,0.0,0.0
2017-07-10,209.90294859248792,210.50116240696096,209.59950258460685,210.12835693359375,36663300,0.0,0.0,0.0
2017-07-11,210.1283389012908,210.2844009924833,208.81054885703776,209.9722900390625,50354600,0.0,0.0,0.0
2017-07-12,210.93467284651766,211.71494377022336,210.93467284651766,211.5502166748047,59610400,0.0,0.0,0.0
2017-07-13,211.55885557542805,212.01835042519957,211.33343402190394,211.9056396484375,39471600,0.0,0.0,0.0
2017-07-14,211.90563280557174,213.24944419577673,211.8102652042291,212.89398193359375,60262700,0.0,0.0,0.0
2017-07-17,212.8159951790256,213.19746565192824,212.69461941300807,212.86801147460938,33531900,0.0,0.0,0.0
2017-07-18,212.46052349975758,213.0327291839186,212.12240436438347,212.980712890625,42742500,0.0,0.0,0.0
2017-07-19,213.29282371100865,214.14245403505353,213.2841455094894,214.1337890625,51034300,0.0,0.0,0.0
2017-07-20,214.38520537376544,214.50658113424,213.68295895752232,214.22915649414062,47135200,0.0,0.0,0.0
2017-07-21,213.6569816379163,214.06446029879416,213.43156002953504,214.0384521484375,82340800,0.0,0.0,0.0
2017-07-24,213.9603372726422,214.12506431811352,213.51818564713727,213.98635864257812,46622300,0.0,0.0,0.0
2017-07-25,214.73200015497065,214.8360459755248,214.28118343877938,214.506591796875,54915600,0.0,0.0,0.0
2017-07-26,214.79266611748264,214.8273392337501,214.2551468270668,214.51522827148438,47575400,0.0,0.0,0.0
2017-07-27,214.97470406923577,215.00937718029547,212.99799278580355,214.3157958984375,70766600,0.0,0.0,0.0
2017-07-28,213.8390467668939,214.1945091404839,213.38822999103976,214.06446838378906,50088400,0.0,0.0,0.0
2017-07-31,214.46318447392966,214.5585520676384,213.7349300650426,213.94300842285156,65838700,0.0,0.0,0.0
2017-08-01,214.5412671176901,214.57594023678143,213.89970196829188,214.41989135742188,55050400,0.0,0.0,0.0
2017-08-02,214.54993392803271,214.662644716735,213.59625778278055,214.52392578125,47211200,0.0,0.0,0.0
2017-08-03,214.41120560264687,214.4372137482906,213.83033496832851,214.10777282714844,40856000,0.0,0.0,0.0
2017-08-04,214.5932771568274,214.8273504690451,214.11643910218257,214.49790954589844,60191800,0.0,0.0,0.0
2017-08-07,214.56728756399264,214.896728515625,214.46324174282293,214.896728515625,31995000,0.0,0.0,0.0
2017-08-08,214.58460225771398,215.79837307266672,213.99506663851034,214.36785888671875,61719400,0.0,0.0,0.0
2017-08-09,213.68293843106287,214.41119292395376,213.32747615633122,214.3591766357422,62632600,0.0,0.0,0.0
2017-08-10,213.52693841074486,213.65699239804556,211.28147979041705,211.33349609375,120479500,0.0,0.0,0.0
2017-08-11,211.55887943410963,212.23511771301636,211.32479288249857,211.64556884765625,74869900,0.0,0.0,0.0
2017-08-14,212.92001492033617,213.96038045612352,212.88534180169498,213.74363708496094,73291900,0.0,0.0,0.0
2017-08-15,214.1250688545258,214.14241202519622,213.4141576045961,213.71759033203125,55242700,0.0,0.0,0.0
2017-08-16,214.237838020029,214.63665168038344,213.66563229259435,214.0904541015625,56715500,0.0,0.0,0.0
2017-08-17,213.48350674778274,213.79561765996075,210.75253295898438,210.75253295898438,128490400,0.0,0.0,0.0
2017-08-18,210.5878553301835,211.70625853997723,209.98097653326255,210.4231414794922,136748000,0.0,0.0,0.0
2017-08-21,210.36242127252945,210.8479242507227,209.66017494843106,210.58782958984375,65469700,0.0,0.0,0.0
2017-08-22,211.16872667254094,212.94601163751298,211.15138349966844,212.7899627685547,63140100,0.0,0.0,0.0
2017-08-23,211.8276383718895,212.4518603547137,211.68025446330125,212.02703857421875,50203800,0.0,0.0,0.0
2017-08-24,212.40847525370182,212.56452411010807,211.32475854322377,211.5328369140625,50741700,0.0,0.0,0.0
2017-08-25,212.32180639139523,212.93736340158452,211.8796546656305,212.02703857421875,64445900,0.0,0.0,0.0
2017-08-28,212.555927593951,212.5819357450615,211.61959446706976,212.03575134277344,40565600,0.0,0.0,0.0
2017-08-29,210.72650714613954,212.5384779873132,210.61379639512253,212.2783966064453,51135700,0.0,0.0,0.0
2017-08-30,212.26115714568914,213.55295262731758,212.0790868611634,213.2841796875,62030800,0.0,0.0,0.0
2017-08-31,213.89974833667154,214.810073350503,213.3188775559713,214.56732177734375,103803900,0.0,0.0,0.0
2017-09-01,214.94005648507263,215.29551877510065,214.72331312222116,214.87069702148438,62007000,0.0,0.0,0.0
2017-09-05,214.36783428767083,214.59325583417635,212.3651278861229,213.3274688720703,91398800,0.0,0.0,0.0
2017-09-06,214.00372406587485,214.38519450201161,213.4748697301334,214.0557403564453,57916900,0.0,0.0,0.0
2017-09-07,214.35913240737673,214.37647557619036,213.62219986585768,214.02967834472656,58034700,0.0,0.0,0.0
2017-09-08,213.74366447802606,214.23784577751377,213.5355992815826,213.77835083007812,63832800,0.0,0.0,0.0
2017-09-11,215.04410104355472,216.13649611970826,215.02677109841616,216.0584716796875,71364800,0.0,0.0,0.0
2017-09-12,216.42260062008793,216.82140102478192,216.24053036301225,216.78672790527344,56896000,0.0,0.0,0.0
2017-09-13,216.50061166239803,216.92543341664026,216.38790088028037,216.8907470703125,59228000,0.0,0.0,0.0
2017-09-14,216.56999462499903,217.02082457342183,216.39660256144148,216.8214111328125,95446300,0.0,0.0,0.0
2017-09-15,216.67758231186266,217.20033981867172,216.57303346942362,217.11322021484375,95432400,1.235,0.0,0.0
2017-09-18,217.47920183329117,217.92354780506648,217.1916791593366,217.57504272460938,46235200,0.0,0.0,0.0
2017-09-19,217.81895337294503,217.8799490613041,217.47044836539385,217.79281616210938,47108100,0.0,0.0,0.0
2017-09-20,217.8799981241204,217.98454699100557,216.87802273620898,217.87127685546875,59574100,0.0,0.0,0.0
2017-09-21,217.71446667763573,217.80158630708547,217.11328406757664,217.28753662109375,48211400,0.0,0.0,0.0
2017-09-22,216.99128810055586,217.49662977041757,216.96515088440927,217.33108520507812,51214000,0.0,0.0,0.0
2017-09-25,217.0784005251304,217.42691888655668,216.1461421593744,216.88671875,57064400,0.0,0.0,0.0
2017-09-26,217.31365618348264,217.55761239750964,216.78217729693458,217.01742553710938,54082000,0.0,0.0,0.0
2017-09-27,217.714464012296,218.24594293551814,216.83446669168862,217.86257934570312,81001400,0.0,0.0,0.0
2017-09-28,217.58377743703832,218.20238931967907,217.49665780352635,218.1239776611328,44778800,0.0,0.0,0.0
2017-09-29,218.11525085510596,218.9691109863301,217.93229032314218,218.89068603515625,85578000,0.0,0.0,0.0
2017-10-02,219.11717146994283,219.84033203125,218.94290566173225,219.84033203125,59023000,0.0,0.0,0.0
2017-10-03,219.84036885580198,220.33698926746806,219.76194391112475,220.31085205078125,66810200,0.0,0.0,0.0
2017-10-04,220.16271909384366,220.81617604791793,220.04944896752707,220.5722198486328,55953600,0.0,0.0,0.0
2017-10-05,220.90334260907198,221.89659685855617,220.6071119176476,221.87918090820312,63522800,0.0,0.0,0.0
2017-10-06,221.4347983118458,221.91400278857896,221.1734261378252,221.62648010253906,80646000,0.0,0.0,0.0
2017-10-09,221.85306433220842,221.9140467533558,220.99920407918685,221.26058959960938,35803100,0.0,0.0,0.0
2017-10-10,221.8269138830492,222.21898549299556,221.2867136278205,221.84432983398438,43057400,0.0,0.0,0.0
2017-10-11,221.74843556013366,222.1927947998047,221.58290429837132,222.1927947998047,47674300,0.0,0.0,0.0
2017-10-12,221.87916935636886,222.22767446994501,221.62649184860092,221.8617401123047,47065100,0.0,0.0,0.0
2017-10-13,222.29736525116894,222.41063538908594,221.86172723717084,222.13182067871094,54800400,0.0,0.0,0.0
2017-10-16,222.35839493352228,222.6197671461682,222.01859776246346,222.42808532714844,38221700,0.0,0.0,0.0
2017-10-17,222.3757888583203,222.62846636500922,222.1579698396109,222.58489990234375,31561000,0.0,0.0,0.0
2017-10-18,222.95957296746096,223.0031394361319,222.61106780733255,222.80274963378906,40888300,0.0,0.0,0.0
2017-10-19,222.02721487474184,222.89849067931505,221.60900621103855,222.86363220214844,61903800,0.0,0.0,0.0
2017-10-20,223.65653319123524,224.03989671270338,222.84623969456575,224.01373291015625,89176400,0.0,0.0,0.0
2017-10-23,224.33615704313655,224.3622942599157,223.06407492192818,223.14248657226562,63915300,0.0,0.0,0.0
2017-10-24,223.56938911874022,223.769765547753,223.17730434933702,223.53453063964844,66935900,0.0,0.0,0.0
2017-10-25,223.203520578776,223.31679073400198,221.30414492891353,222.42808532714844,103715300,0.0,0.0,0.0
2017-10-26,223.0379726265612,223.30805279459497,222.59361330899486,222.71559143066406,69798000,0.0,0.0,0.0
2017-10-27,223.4561406288865,224.69336415870453,222.72427203250467,224.53651428222656,85562500,0.0,0.0,0.0
2017-10-30,223.45620852200625,224.44075488424275,223.40393407704144,223.70016479492188,54285700,0.0,0.0,0.0
2017-10-31,224.07475171796614,224.3012919829008,223.75238385739476,224.04861450195312,60304800,0.0,0.0,0.0
2017-11-01,224.82405109475886,225.16383488509774,223.9789123690431,224.34483337402344,54202700,0.0,0.0,0.0
2017-11-02,224.27515302350042,224.57138366575603,223.2121952651795,224.43197631835938,56449500,0.0,0.0,0.0
2017-11-03,224.58881701199687,225.22485809828677,224.1793162064306,225.18130493164062,59589700,0.0,0.0,0.0
2017-11-06,225.05062833529198,225.6605323015323,224.98093793963778,225.52984619140625,49652600,0.0,0.0,0.0
2017-11-07,225.63438857013358,225.9654777657273,224.8676612938615,225.37301635742188,57502200,0.0,0.0,0.0
2017-11-08,225.1987143113861,225.8521713274261,224.9198996031262,225.75631713867188,50469600,0.0,0.0,0.0
2017-11-09,224.55399905935963,225.12904447666784,223.3603284661559,224.93736267089844,95085500,0.0,0.0,0.0
2017-11-10,224.55401386828285,225.0419263898298,224.24034062486652,224.86766052246094,59984700,0.0,0.0,0.0
2017-11-13,224.18804442702557,225.30327673794346,224.15318593908685,225.0767364501953,50228600,0.0,0.0,0.0
2017-11-14,224.27514039902618,224.65850393547925,223.49969205826346,224.553955078125,61315200,0.0,0.0,0.0
2017-11-15,223.5868617639876,224.10963272602055,222.72430695963646,223.43003845214844,80811500,0.0,0.0,0.0
2017-11-16,224.3709825760484,225.69533909325546,224.32742941239627,225.3293914794922,67777000,0.0,0.0,0.0
2017-11-17,224.98084842170252,225.30321622815907,224.58876365809243,224.66717529296875,75756800,0.0,0.0,0.0
2017-11-20,224.91118687324328,225.24224939984404,224.66720408117126,225.05056762695312,48075500,0.0,0.0,0.0
2017-11-21,225.81732454351769,226.7060431484956,225.01576545227593,226.52305603027344,69176800,0.0,0.0,0.0
2017-11-22,226.53176008503942,226.66244616724182,226.1571177863148,226.32266235351562,45033400,0.0,0.0,0.0
2017-11-24,226.81058131124078,226.94998866601145,226.67117395647008,226.8454132080078,27856500,0.0,0.0,0.0
2017-11-27,226.88898577377117,227.18521642230988,226.53175942397152,226.73216247558594,52274900,0.0,0.0,0.0
2017-11-28,227.19396878868554,229.0584858527543,227.09811458940757,229.0323486328125,98971700,0.0,0.0,0.0
2017-11-29,229.16297670152983,229.6944688247394,228.44855067428892,228.89288330078125,77512100,0.0,0.0,0.0
2017-11-30,229.8077556363253,231.8029584397677,229.72934399066108,230.8968505859375,127894400,0.0,0.0,0.0
2017-12-01,230.67907762661457,231.15826886437077,227.19397309242424,230.4176788330078,164390900,0.0,0.0,0.0
2017-12-04,232.02950900702822,232.45642573769004,230.08655395847,230.13885498046875,94040600,0.0,0.0,0.0
2017-12-05,229.31118774414062,231.01888167006166,229.18050163054153,229.31118774414062,77994500,0.0,0.0,0.0
2017-12-06,229.40694972345096,229.78161859421627,228.8929000975546,229.35467529296875,75898600,0.0,0.0,0.0
2017-12-07,230.07785034179688,230.3914969262056,229.09330424757107,230.07785034179688,77218600,0.0,0.0,0.0
2017-12-08,231.02761330271514,231.3412599894206,230.04306688737697,231.3325653076172,76563900,0.0,0.0,0.0
2017-12-11,232.02951049804688,232.0905061997429,231.3063631139898,232.02951049804688,83077500,0.0,0.0,0.0
2017-12-12,232.81366820273482,232.90952239559513,232.06438355507768,232.43902587890625,85195800,0.0,0.0,0.0
2017-12-13,232.68296574651777,233.11860374523278,232.32573939686347,232.41287231445312,102905400,0.0,0.0,0.0
2017-12-14,232.70906813284395,232.82233824983382,231.41087559953095,231.46315002441406,100666700,0.0,0.0,0.0
2017-12-15,232.46236927530703,233.8547757505301,232.40982765172419,233.39064025878906,144610300,1.351,0.0,0.0
2017-12-18,234.78304244812003,235.22090712007656,234.67795920287264,234.87062072753906,83653600,0.0,0.0,0.0
2017-12-19,235.11586193549044,235.15963771971707,233.8985851223314,233.96865844726562,82382900,0.0,0.0,0.0
2017-12-20,234.93199612543486,234.98453776922779,233.54835496363935,233.84609985351562,76751500,0.0,0.0,0.0
2017-12-21,234.46784822267168,235.0370938759789,234.08252503819358,234.32772827148438,67032300,0.0,0.0,0.0
2017-12-22,234.34521564491334,234.3802523073704,233.73219431505825,234.2664031982422,78720900,0.0,0.0,0.0
2017-12-26,233.86354532390112,234.20509264680368,233.7234521261973,233.9861602783203,45244400,0.0,0.0,0.0
2017-12-27,234.15260878205854,234.4591195185803,233.82859307279094,234.10006713867188,57751000,0.0,0.0,0.0
2017-12-28,234.5991662139045,234.62543702739384,234.2138431326338,234.58163452148438,45116100,0.0,0.0,0.0
2017-12-29,235.15963882046495,235.17714378920894,233.5045239818633,233.69715881347656,96007400,0.0,0.0,0.0
2018-01-02,234.555389977197,235.40484867534212,234.17006685277175,235.36981201171875,86655700,0.0,0.0,0.0
2018-01-03,235.53620614609844,237.007452062863,235.53620614609844,236.8585662841797,90070400,0.0,0.0,0.0
2018-01-04,237.49789269519266,238.338585679426,236.91990791692345,237.85691833496094,80636400,0.0,0.0,0.0
2018-01-05,238.64506898392446,239.56457432430008,238.15466257237145,239.44198608398438,83524000,0.0,0.0,0.0
2018-01-08,239.3456281426395,240.037461932517,239.05664916593514,239.8798370361328,57319200,0.0,0.0,0.0
2018-01-09,240.30017556615664,241.0445510051159,240.0199357049953,240.42279052734375,57254000,0.0,0.0,0.0
2018-01-10,239.6696847496715,240.31774286526394,239.0041483872401,240.0550079345703,69574300,0.0,0.0,0.0
2018-01-11,240.60671222051525,241.80645751953125,240.44032145530824,241.80645751953125,62361500,0.0,0.0,0.0
2018-01-12,242.06918758354794,243.54914601914447,241.7714160016743,243.38278198242188,90816100,0.0,0.0,0.0
2018-01-16,244.63508312865815,245.28311451775946,241.85900837845608,242.55084228515625,106555100,0.0,0.0,0.0
2018-01-17,243.4790758012206,245.24803979912306,242.55080465403827,244.8627166748047,113258800,0.0,0.0,0.0
2018-01-18,244.74890145278448,245.16923452787907,243.9607234866928,244.45115661621094,100728000,0.0,0.0,0.0
2018-01-19,245.0291302827362,245.56333923339844,244.4511722674767,245.56333923339844,140920100,0.0,0.0,0.0
2018-01-22,245.35318375679876,247.5600128173828,245.30061539152877,247.5600128173828,91322400,0.0,0.0,0.0
2018-01-23,247.60385804297235,248.37450461440503,247.2798422629734,248.0855255126953,97084700,0.0,0.0,0.0
2018-01-24,248.72469958795423,249.32021599885377,246.81561556442963,247.9890899658203,134816100,0.0,0.0,0.0
2018-01-25,248.84734918588242,248.94366662265352,247.30605639635306,248.09420776367188,84587300,0.0,0.0,0.0
2018-01-26,248.9260844533389,251.01032472232163,248.67211544174552,250.96652221679688,107743100,0.0,0.0,0.0
2018-01-29,250.39733523984498,250.83519999984549,249.14504844027815,249.30267333984375,90118300,0.0,0.0,0.0
2018-01-30,247.48113867833266,249.35518573431412,246.272627806415,246.7455291748047,131796400,0.0,0.0,0.0
2018-01-31,247.59504988607,248.09419546803977,245.79978809516038,246.86817932128906,108364800,0.0,0.0,0.0
2018-02-01,246.14130200277143,247.88399519129385,245.7997546627316,246.58790588378906,90102500,0.0,0.0,0.0
2018-02-02,245.27436315077742,245.40574398618298,241.18472040895998,241.21975708007812,173174800,0.0,0.0,0.0
2018-02-05,239.4682487852187,241.56999429566028,230.58833859278695,231.13128662109375,294681800,0.0,0.0,0.0
2018-02-06,227.6371327146444,236.18426134989403,226.55123666595557,235.68508911132812,355026800,0.0,0.0,0.0
2018-02-07,235.13333776459748,238.51364033232687,234.32765497855863,234.406494140625,167376100,0.0,0.0,0.0
2018-02-08,234.7042891940019,234.84440913137536,225.5791753705031,225.6142120361328,246449500,0.0,0.0,0.0
2018-02-09,228.39022881983215,230.85102642500632,221.48948987210917,229.0032501220703,283565300,0.0,0.0,0.0
2018-02-12,231.04368310322172,233.82852299383882,229.14336521158504,232.3660430908203,143736000,0.0,0.0,0.0
2018-02-13,231.16633135432912,233.48700932655623,230.58834664188186,232.94406127929688,81223600,0.0,0.0,0.0
2018-02-14,231.46407028619402,236.44697345743825,231.45530443883456,236.08792114257812,120735700,0.0,0.0,0.0
2018-02-15,237.82186053714875,239.10918393763797,235.36980196590403,239.1004180908203,111200300,0.0,0.0,0.0
2018-02-16,238.47870977167338,241.1058987775228,238.43490725315343,239.17051696777344,160420100,0.0,0.0,0.0
2018-02-20,238.2247486536765,239.660958186322,236.88488328487892,237.67303466796875,86369700,0.0,0.0,0.0
2018-02-21,238.1109503586543,240.58051504810305,236.39452726729823,236.4908447265625,98883700,0.0,0.0,0.0
2018-02-22,237.4102931210572,239.11794975717322,236.13173542463286,236.79727172851562,110511300,0.0,0.0,0.0
2018-02-23,238.01458526376484,240.5717010498047,237.54168373752194,240.5717010498047,92766400,0.0,0.0,0.0
2018-02-26,241.63997035516047,243.46150219754577,241.05324671204116,243.3651580810547,86491400,0.0,0.0,0.0
2018-02-27,243.54914022654583,244.25850577220086,240.26515430746772,240.3264617919922,99099200,0.0,0.0,0.0
2018-02-28,241.42112642680044,241.86775706876602,237.5766874322221,237.89193725585938,121907800,0.0,0.0,0.0
2018-03-01,237.6817492889229,239.2230417770956,232.94404943733431,234.43280029296875,176855100,0.0,0.0,0.0
2018-03-02,232.76891959437472,236.2017914238493,231.91072168086615,235.6413116455078,139083200,0.0,0.0,0.0
2018-03-05,234.45909118423782,238.9778590454444,234.35398118501777,238.36483764648438,97307400,0.0,0.0,0.0
2018-03-06,239.33686185879554,239.41570103198728,237.480319593276,238.9690704345703,79213200,0.0,0.0,0.0
2018-03-07,236.8147762535979,239.2317714301234,236.622114700202,238.88148498535156,87063500,0.0,0.0,0.0
2018-03-08,239.55571692815326,240.1599722266706,238.5661653607848,240.03738403320312,66901200,0.0,0.0,0.0
2018-03-09,241.43861333141874,244.21466064453128,241.12333684112483,244.21466064453125,113625300,0.0,0.0,0.0
2018-03-12,244.50370427918602,245.12546478485694,243.52286472111044,243.90818786621094,71924800,0.0,0.0,0.0
2018-03-13,245.06411968115552,245.56329186865372,241.72759270179995,242.33184814453125,91968900,0.0,0.0,0.0
2018-03-14,243.28646903434858,243.47036479073716,240.53669163708432,241.08837890625,105895100,0.0,0.0,0.0
2018-03-15,241.59626882680436,242.23553428441284,240.32645030871032,240.82562255859375,83433000,0.0,0.0,0.0
2018-03-16,241.35053707930095,242.13307082578123,241.03402466421792,241.08677673339844,100343700,1.097,0.0,0.0
2018-03-19,240.33933774122093,241.26252546817824,236.18053882927833,237.82470703125,109208400,0.0,0.0,0.0
2018-03-20,238.22043183337917,238.8622843868566,237.55220324796042,238.22923278808594,59757300,0.0,0.0,0.0
2018-03-21,238.18526083153392,240.26904790379376,237.5610101717847,237.7720184326172,78709600,0.0,0.0,0.0
2018-03-22,235.55637094248118,236.40043088874282,231.55582678099475,231.8284149169922,148785900,0.0,0.0,0.0
2018-03-23,232.26803765167045,232.59335103109134,226.69365175801394,226.8870849609375,183534800,0.0,0.0,0.0
2018-03-26,230.47434344958265,233.37581411607934,228.0828183137865,233.09445190429688,141956100,0.0,0.0,0.0
2018-03-27,234.02649096831001,234.55401162788922,227.5816696445901,229.12913513183594,129941400,0.0,0.0,0.0
2018-03-28,229.26102769532312,230.9227983594075,227.35307176606125,228.45211791992188,146452300,0.0,0.0,0.0
2018-03-29,229.58630518351373,233.22635835567246,228.46088317113092,231.37115478515625,111601600,0.0,0.0,0.0
2018-04-02,230.84364808375824,231.35362053546535,223.91527011290827,226.37713623046875,186286300,0.0,0.0,0.0
2018-04-03,227.60803509251616,229.75337511563475,225.82318539146522,229.27857971191406,119956900,0.0,0.0,0.0
2018-04-04,225.74404334929613,232.43502236814962,225.6121631986823,231.7316436767578,123715300,0.0,0.0,0.0
2018-04-05,233.4813919268099,234.4397839401843,232.39994750923216,233.560546875,82652600,0.0,0.0,0.0
2018-04-06,231.6085949630932,233.0944806318079,226.84311918035417,228.35540771484375,179521200,0.0,0.0,0.0
2018-04-09,229.80611776570538,232.85707053025092,228.54881558338204,229.48080444335938,105442900,0.0,0.0,0.0
2018-04-10,232.35590597309297,233.91217232519995,231.22170978854876,233.129638671875,103529000,0.0,0.0,0.0
2018-04-11,231.65254552602107,233.56050139208276,231.58221838066342,231.90753173828125,91140200,0.0,0.0,0.0
2018-04-12,233.226386513572,234.75625011906138,233.05052840233344,233.81546020507812,68890500,0.0,0.0,0.0
2018-04-13,235.11672248173076,235.23102756207518,232.12732264458262,233.129638671875,85079200,0.0,0.0,0.0
2018-04-16,234.75621987041131,235.81131473753118,233.93853610609082,235.04635620117188,63405300,0.0,0.0,0.0
2018-04-17,236.80492305243598,238.15895573784758,236.29497732613655,237.5610809326172,64682000,0.0,0.0,0.0
2018-04-18,238.00069888048665,238.53702064586165,237.27971800017716,237.7369384765625,57303900,0.0,0.0,0.0
2018-04-19,237.08617039501203,237.28840449525921,235.38925000655078,236.41796875,77655900,0.0,0.0,0.0
2018-04-20,236.34763116423247,236.5674403540978,233.53406280108553,234.41329956054688,99953100,0.0,0.0,0.0
2018-04-23,234.9848494019342,235.53877291125386,233.30550379653852,234.378173828125,65558000,0.0,0.0,0.0
2018-04-24,235.3980851293731,235.61789433591494,229.7269968677222,231.22171020507812,112885500,0.0,0.0,0.0
2018-04-25,231.16014607414323,232.2328160237843,229.3489204458902,231.79319763183594,103840900,0.0,0.0,0.0
2018-04-26,232.81313627929157,234.9760514475194,232.37351784814558,234.14956665039062,67731900,0.0,0.0,0.0
2018-04-27,234.75626643027448,235.0552037744062,233.43741100089093,234.36940002441406,57053600,0.0,0.0,0.0
2018-04-30,234.98491865457362,235.53884232714069,232.4966626067228,232.5670166015625,82182300,0.0,0.0,0.0
2018-05-01,232.00424241401504,233.08571348812194,230.45677684433647,232.98020935058594,74203400,0.0,0.0,0.0
2018-05-02,232.78676854028026,233.59565145638658,231.02829475304668,231.4151611328125,86368900,0.0,0.0,0.0
2018-05-03,230.58866949186387,231.5558085805169,227.7662998275908,230.90518188476562,136311500,0.0,0.0,0.0
2018-05-04,229.93804120526443,234.57163717893877,229.61272782167768,233.8946075439453,91222100,0.0,0.0,0.0
2018-05-07,234.65956756772937,235.6530828038007,233.97373697292065,234.68594360351562,55304900,0.0,0.0,0.0
2018-05-08,234.316652270325,235.04640714853366,233.1296769955772,234.68594360351562,67499200,0.0,0.0,0.0
2018-05-09,235.3541584090988,237.27968962403472,234.83541178862617,236.95437622070312,59666100,0.0,0.0,0.0
2018-05-10,237.69284120768543,239.4952925036921,237.5873370990751,239.16995239257812,72063900,0.0,0.0,0.0
2018-05-11,239.2931046993908,240.16354059598854,238.78313229955305,239.8997802734375,59871500,0.0,0.0,0.0
2018-05-14,240.3306115263057,240.9812382473619,239.46894970292735,240.01409912109375,54790600,0.0,0.0,0.0
2018-05-15,238.791916684162,238.80949176038607,237.4203094377163,238.36109924316406,87036100,0.0,0.0,0.0
2018-05-16,238.39634035042647,239.82070004083886,238.36993748072248,239.3634796142578,53942600,0.0,0.0,0.0
2018-05-17,239.09964083623336,240.23386374201183,238.387461224557,239.16119384765625,56536400,0.0,0.0,0.0
2018-05-18,238.81827962528072,239.17876990944694,238.21160412658338,238.56329345703125,64368000,0.0,0.0,0.0
2018-05-21,240.04052793047268,240.89338898604595,239.65366146203615,240.35704040527344,58025900,0.0,0.0,0.0
2018-05-22,240.8757723694987,241.1307586245383,239.36348358487416,239.6887969970703,52966400,0.0,0.0,0.0
2018-05-23,238.42271642164374,240.374623694903,238.26443336432084,240.3482208251953,64694200,0.0,0.0,0.0
2018-05-24,239.95256498048465,240.22512629492573,238.07978593906626,239.8558349609375,76043800,0.0,0.0,0.0
2018-05-25,239.28436279296875,239.90861359850592,238.78319122426797,239.28436279296875,56374800,0.0,0.0,0.0
2018-05-29,237.666495314586,238.42265290912437,235.42445222582273,236.5322723388672,115908600,0.0,0.0,0.0
2018-05-30,237.83361971900675,240.12841551780784,237.7632925618502,239.6887969970703,69678400,0.0,0.0,0.0
2018-05-31,239.2842975163006,239.58323481813724,237.62255386312358,238.22042846679688,93519900,0.0,0.0,0.0
2018-06-01,239.51287973354013,240.85811085094338,239.44252576944658,240.55917358398438,71258400,0.0,0.0,0.0
2018-06-04,241.37686564837566,241.95716512742996,241.13948138374377,241.70217895507812,45385200,0.0,0.0,0.0
2018-06-05,241.8340433059834,242.2560865810495,241.0691116710681,241.87802124023438,51135000,0.0,0.0,0.0
2018-06-06,242.48474061016057,244.00580320208965,241.86926407661431,243.90029907226562,62732200,0.0,0.0,0.0
2018-06-07,244.3838890162866,244.67402536567218,242.96830375923162,243.87391662597656,72969400,0.0,0.0,0.0
2018-06-08,243.41668991336655,244.6476159479274,243.2496327909431,244.59486389160156,72139700,0.0,0.0,0.0
2018-06-11,244.81470766443206,245.6323914852019,244.7004025821823,244.9202117919922,58892500,0.0,0.0,0.0
2018-06-12,245.33344328087912,245.59720358806197,244.59488758858944,245.2367401123047,72329000,0.0,0.0,0.0
2018-06-13,245.47418757980134,245.72917383050293,244.25203523349435,244.4542694091797,79070600,0.0,0.0,0.0
2018-06-14,245.31588739846273,245.59722280407743,244.48060164006642,245.0697021484375,77097600,0.0,0.0,0.0
2018-06-15,244.2889016966198,245.0926030351997,243.18492078417364,244.75698852539062,120041600,1.246,0.0,0.0
2018-06-18,243.3087084097919,244.37738202317433,242.8318077561932,244.25372314453125,52917600,0.0,0.0,0.0
2018-06-19,241.99272717927633,243.5383011667352,241.5776290873948,243.3175048828125,97531500,0.0,0.0,0.0
2018-06-20,243.9975191915361,244.39496323717256,243.39695983816085,243.73257446289062,53785500,0.0,0.0,0.0
2018-06-21,243.72373018902312,243.74141113910272,241.71006942469776,242.20465087890625,71061400,0.0,0.0,0.0
2018-06-22,243.4587669902237,243.5735853463572,242.4254287376879,242.64622497558594,54898500,0.0,0.0,0.0
2018-06-25,241.4980670579802,241.65703386202372,237.66504805095363,239.3430938720703,137854200,0.0,0.0,0.0
2018-06-26,239.90835129900807,240.72086628684778,239.15763876811513,239.87301635742188,68547400,0.0,0.0,0.0
2018-06-27,240.45598188744574,241.87789694896222,237.73575670929327,237.8859100341797,105110700,0.0,0.0,0.0
2018-06-28,237.83288561084004,240.0055130673899,237.12632147068877,239.24598693847656,76650500,0.0,0.0,0.0
2018-06-29,240.33228043700777,241.69239278499663,239.47558997110553,239.5904083251953,97592500,0.0,0.0,0.0
2018-07-02,238.02719794520482,240.2616549168198,237.78872074552748,240.1026611328125,63554800,0.0,0.0,0.0
2018-07-03,240.9946973830279,241.0918617527472,238.83091020814945,239.25482177734375,42187100,0.0,0.0,0.0
2018-07-05,240.3764958576425,241.26849446350255,239.3078225014754,241.2066650390625,56925900,0.0,0.0,0.0
2018-07-06,241.23324109899542,243.61782519112506,240.85345094332988,243.2469024658203,66493700,0.0,0.0,0.0
2018-07-09,244.244737406083,245.49003116632477,244.2005889486392,245.43704223632812,50550400,0.0,0.0,0.0
2018-07-10,245.88746904538482,246.41738528497618,245.59600298491276,246.32022094726562,51966800,0.0,0.0,0.0
2018-07-11,244.77467057650426,245.56071801354992,244.21825982042242,244.51853942871094,77054700,0.0,0.0,0.0
2018-07-12,245.77265289491376,246.78830997408488,245.1720937292929,246.73532104492188,60124700,0.0,0.0,0.0
2018-07-13,246.55879537036097,247.2299977162154,246.10836234606992,246.92971801757812,48216000,0.0,0.0,0.0
2018-07-16,246.9738797670635,247.11516565639909,246.26731555704208,246.7089080810547,48201000,0.0,0.0,0.0
2018-07-17,245.94046335026505,248.09543633975994,245.88747442041353,247.7068328857422,52315500,0.0,0.0,0.0
2018-07-18,247.78626720066868,248.33383733578194,247.34467490426707,248.2278594970703,44593500,0.0,0.0,0.0
2018-07-19,247.56551790745996,247.9452808856033,246.81480547096416,247.29173278808594,61412100,0.0,0.0,0.0
2018-07-20,247.0886386829849,247.71571939052308,246.85018845434266,247.0091552734375,82337700,0.0,0.0,0.0
2018-07-23,246.80604086418674,247.67154485077174,246.46158580226108,247.4684295654297,47047600,0.0,0.0,0.0
2018-07-24,248.87266257780593,249.55270519882606,247.84816493333693,248.7136688232422,68026900,0.0,0.0,0.0
2018-07-25,248.46637245588386,251.15126184359085,248.4222239961432,250.8333282470703,78882900,0.0,0.0,0.0
2018-07-26,250.11802154849315,250.9216962404491,250.0208571758155,250.2416534423828,57919500,0.0,0.0,0.0
2018-07-27,250.56841853650917,250.66558290567048,247.6274242314407,248.5459442138672,76768700,0.0,0.0,0.0
2018-07-30,248.62541658255552,248.78438341302518,246.7265472810554,247.24765014648438,63742500,0.0,0.0,0.0
2018-07-31,248.00713846330046,249.0757845975121,247.6273754420126,248.4663848876953,68570500,0.0,0.0,0.0
2018-08-01,248.6696320457284,249.17305409717716,247.40668363118806,248.0513916015625,53853300,0.0,0.0,0.0
2018-08-02,246.7530785758447,249.57041402631015,246.5499363158962,249.4026336669922,63426400,0.0,0.0,0.0
2018-08-03,249.52620769182317,250.52421085714974,249.34955994564325,250.47122192382812,53935400,0.0,0.0,0.0
2018-08-06,250.50653996544557,251.69881783741715,250.11793651219287,251.3897247314453,39400900,0.0,0.0,0.0
2018-08-07,252.05211409955874,252.59968434377706,251.91961482211352,252.2198944091797,43196600,0.0,0.0,0.0
2018-08-08,252.0521959432252,252.511442469155,251.65475188715615,252.11399841308594,42114600,0.0,0.0,0.0
2018-08-09,252.17580404927884,252.56440759328345,251.6370741534844,251.76954650878906,35717000,0.0,0.0,0.0
2018-08-10,250.3388033202759,250.877533242226,249.37610793543428,250.08267211914062,77076000,0.0,0.0,0.0
2018-08-13,250.35645879925394,250.96585861951505,248.85503348357662,249.14649963378906,65732900,0.0,0.0,0.0
2018-08-14,249.8707324513381,250.97471379143497,249.48212886341045,250.73623657226562,43842000,0.0,0.0,0.0
2018-08-15,249.39380804187925,249.53512088947505,247.43313607957606,248.8638916015625,102925400,0.0,0.0,0.0
2018-08-16,250.29459716866356,251.74303335293288,250.25926222564948,250.87750244140625,69967900,0.0,0.0,0.0
2018-08-17,250.67430846203015,252.20222773816732,250.26805103555913,251.76063537597656,65618500,0.0,0.0,0.0
2018-08-20,252.21119086458458,252.56445953560558,251.7607578112464,252.2995147705078,39807500,0.0,0.0,0.0
2018-08-21,252.81167565155732,253.74784948203643,252.33474826253425,252.8911590576172,67272000,0.0,0.0,0.0
2018-08-22,252.48483569793504,253.26204251357566,252.2198641275174,252.740966796875,44993300,0.0,0.0,0.0
2018-08-23,252.5644386476694,253.4211292541969,252.08751115726497,252.4054718017578,49204900,0.0,0.0,0.0
2018-08-24,252.97953080501227,254.0658581320411,252.92654185761273,253.92454528808594,57487400,0.0,0.0,0.0
2018-08-27,255.1168705774636,256.0353907561286,254.957903705966,255.92941284179688,57072400,0.0,0.0,0.0
2018-08-28,256.38856613797486,256.49457096639844,255.59370511711555,256.052978515625,46943500,0.0,0.0,0.0
2018-08-29,256.2648842688511,257.6603042818709,256.02643409491515,257.4306945800781,61485500,0.0,0.0,0.0
2018-08-30,256.9538622126653,257.32478484249407,255.79689194613198,256.38861083984375,61229500,0.0,0.0,0.0
2018-08-31,255.98236286771518,256.83905348183833,255.49662185001102,256.3974609375,66140800,0.0,0.0,0.0
2018-09-04,255.9823355361778,256.3091096716709,254.95783770837934,255.95584106445312,57594400,0.0,0.0,0.0
2018-09-05,255.602674069883,255.80581640230756,254.26024204771636,255.26705932617188,72452400,0.0,0.0,0.0
2018-09-06,255.37297135050923,255.67325105615745,253.47412873830004,254.49862670898438,65909900,0.0,0.0,0.0
2018-09-07,253.45653402571708,254.9756138613513,253.21805673848493,254.0041046142578,73524800,0.0,0.0,0.0
2018-09-10,255.01085738370165,255.27582908554754,254.25133113428478,254.4456329345703,50210900,0.0,0.0,0.0
2018-09-11,253.8009081505276,255.72624527784026,253.45647996297086,255.28465270996094,50530500,0.0,0.0,0.0
2018-09-12,255.29355339396986,255.94710192370763,254.56052141758917,255.34654235839844,59810800,0.0,0.0,0.0
2018-09-13,256.4062834173273,257.0421777146509,256.1236577401461,256.856689453125,51034200,0.0,0.0,0.0
2018-09-14,257.0598152146336,257.24527651158894,256.1236413026373,256.9008483886719,55079900,0.0,0.0,0.0
2018-09-17,256.8478644508368,256.8831724444053,255.26695577697322,255.54074096679688,68244000,0.0,0.0,0.0
2018-09-18,255.75262581060497,257.51899529516726,255.7261313464429,256.9272766113281,61930400,0.0,0.0,0.0
2018-09-19,256.98031461211065,257.61620882608855,256.8566557873011,257.20111083984375,49080600,0.0,0.0,0.0
2018-09-20,258.4551705755734,259.60329984689514,257.21869049549554,259.28533935546875,100360600,0.0,0.0,0.0
2018-09-21,260.024368276411,260.1397063566886,258.8887755296782,259.0484619140625,105479700,1.323,0.0,0.0
2018-09-24,258.4719238918122,258.61387643830426,257.6113551925466,258.1880187988281,53409600,0.0,0.0,0.0
2018-09-25,258.64045746369817,258.74691509115587,257.7089261487671,257.9484558105469,44370000,0.0,0.0,0.0
2018-09-26,258.0904332322394,259.27037481660574,256.75965861130874,257.1766357421875,79739700,0.0,0.0,0.0
2018-09-27,257.64688396910503,258.97765880840194,257.37185933495834,257.8952941894531,59249500,0.0,0.0,0.0
2018-09-28,257.2741607004745,258.4186342232433,257.23869287821276,257.92181396484375,70091400,0.0,0.0,0.0
2018-10-01,259.1549472877912,259.8824436608705,258.1524534952341,258.8178405761719,62078900,0.0,0.0,0.0
2018-10-02,258.6670837402344,259.3768193389714,258.29448202703463,258.6670837402344,47258200,0.0,0.0,0.0
2018-10-03,259.713968516545,260.1309456508911,258.45418369340865,258.8090515136719,64694600,0.0,0.0,0.0
2018-10-04,258.3299446701572,258.38317348526033,255.20707019384005,256.7862548828125,111545900,0.0,0.0,0.0
2018-10-05,257.007996065215,257.5225501935124,253.92947056360697,255.34896850585938,105951700,0.0,0.0,0.0
2018-10-08,254.66582039929787,255.70383622275463,253.29069784332697,255.34896850585938,87742200,0.0,0.0,0.0
2018-10-09,254.96752597563736,256.2716589459179,254.41744979316786,254.97637939453125,74339000,0.0,0.0,0.0
2018-10-10,254.4707478597282,254.5417376782525,246.53047438601243,246.903076171875,214731000,0.0,0.0,0.0
2018-10-11,245.8206752119577,247.43535491100366,239.85880384790093,241.46463012695312,274840500,0.0,0.0,0.0
2018-10-12,245.5456151938126,245.82952023558337,241.64201563082707,244.81814575195312,183186500,0.0,0.0,0.0
2018-10-15,244.46326345220731,245.78518452559038,243.35428470841273,243.44300842285156,102263700,0.0,0.0,0.0
2018-10-16,245.39478348063147,249.1386962174045,244.9245776497542,248.7660675048828,118255800,0.0,0.0,0.0
2018-10-17,248.80159008760788,249.4314824048031,246.24649884503972,248.8104705810547,110626000,0.0,0.0,0.0
2018-10-18,247.87892571901244,248.47335024410975,243.9487115121267,245.21737670898438,134557500,0.0,0.0,0.0
2018-10-19,245.86501487749734,247.7901867141416,244.39228793386016,245.08428955078125,139901600,0.0,0.0,0.0
2018-10-22,245.74969267143155,246.069065557759,243.45189193476455,243.9842071533203,82415800,0.0,0.0,0.0
2018-10-23,240.38222841148024,243.85997037429763,238.30619650626488,242.7421112060547,146352700,0.0,0.0,0.0
2018-10-24,242.49372297586885,242.875232251274,234.8373562549833,235.3874053955078,177806700,0.0,0.0,0.0
2018-10-25,237.2150192376304,241.14523383340236,236.1947640977696,239.6103973388672,138061500,0.0,0.0,0.0
2018-10-26,235.919686707921,240.42656388937482,232.69920847590527,235.39622497558594,201574600,0.0,0.0,0.0
2018-10-29,238.4748194879425,239.7612458831454,230.53454655364234,234.09213256835938,160749100,0.0,0.0,0.0
2018-10-30,233.92359067943056,237.87153941171934,233.43562370711567,237.56101989746094,157116000,0.0,0.0,0.0
2018-10-31,240.11610732869826,242.40505495266066,239.64590135550912,240.09837341308594,128296300,0.0,0.0,0.0
2018-11-01,240.95887406762216,242.84857792177237,239.87650987802155,242.6533966064453,99495000,0.0,0.0,0.0
2018-11-02,243.75351677776416,244.17937434285767,239.1756494830406,241.2161865234375,122634100,0.0,0.0,0.0
2018-11-05,241.70416230807044,243.09704625212134,240.73713599252275,242.5469970703125,65622500,0.0,0.0,0.0
2018-11-06,242.48489882784148,244.2415040919282,242.42278951101324,244.08181762695312,60085900,0.0,0.0,0.0
2018-11-07,246.24645944145698,249.3870941807821,245.82060194428163,249.3072509765625,102752100,0.0,0.0,0.0
2018-11-08,248.50887447033813,249.49366190638094,247.71929549699757,248.85488891601562,65584900,0.0,0.0,0.0
2018-11-09,247.55069347645488,247.7369943421544,245.02221628610278,246.42398071289062,98812600,0.0,0.0,0.0
2018-11-12,245.91819226494155,246.15772186409302,241.30483106704241,241.8194122314453,99673600,0.0,0.0,0.0
2018-11-13,242.280801799956,244.26808305260565,240.64838833175432,241.36700439453125,98176600,0.0,0.0,0.0
2018-11-14,243.2300640514488,243.62928010661983,238.16425733712018,239.71682739257812,125335900,0.0,0.0,0.0
2018-11-15,238.45704177005678,242.68004144511647,236.88673763253698,242.21868896484375,135101400,0.0,0.0,0.0
2018-11-16,241.12751063205505,243.7535651175612,240.6129292545172,242.84864807128906,126668000,0.0,0.0,0.0
2018-11-19,242.2453700864228,242.53815571410303,237.82721492946231,238.7410125732422,103061700,0.0,0.0,0.0
2018-11-20,235.42289807982084,236.87789138228501,233.4622309792524,234.3227996826172,136021300,0.0,0.0,0.0
2018-11-21,235.86646155700558,237.01093521845814,235.11237765980002,235.12123107910156,75563700,0.0,0.0,0.0
2018-11-23,233.48880927282028,234.94380235022106,233.3912321412432,233.55091857910156,42807900,0.0,0.0,0.0
2018-11-26,235.79544039513638,237.54319157110197,235.40507780230456,237.32139587402344,79981400,0.0,0.0,0.0
2018-11-27,236.2923088135213,238.11990356445312,235.6890308922706,238.11990356445312,75502400,0.0,0.0,0.0
2018-11-28,239.18459764936952,243.60275268554688,238.05785765043854,243.60275268554688,127629600,0.0,0.0,0.0
2018-11-29,242.8308320751664,244.4632454166376,241.69523900828753,243.0703887939453,82346400,0.0,0.0,0.0
2018-11-30,242.9195429217145,245.11088572475035,242.60017007981762,244.5519561767578,98204200,0.0,0.0,0.0
2018-12-03,248.65961007956355,248.7660676904571,246.20212331252992,247.7901611328125,103176300,0.0,0.0,0.0
2018-12-04,246.96515283950714,247.39101047029547,239.45071097180096,239.76123046875,177986000,0.0,0.0,0.0
2018-12-06,235.91971868896132,239.51279906111833,232.83231205737232,239.3974609375,204185400,0.0,0.0,0.0
2018-12-07,239.0603640603553,240.62181506852934,233.00091505764368,233.83486938476562,161018900,0.0,0.0,0.0
2018-12-10,233.65734252371468,235.24540740375193,229.44322399250612,234.27838134765625,151445900,0.0,0.0,0.0
2018-12-11,237.46340468272,237.64970553153896,232.86780324734315,234.33164978027344,121504400,0.0,0.0,0.0
2018-12-12,237.2948278377277,238.65221668607788,235.43173820331026,235.51158142089844,97976700,0.0,0.0,0.0
2018-12-13,236.45201779242177,237.3125864377424,234.3227838778724,235.4317626953125,96662700,0.0,0.0,0.0
2018-12-14,233.293641283114,234.2429336202688,230.53451506399446,231.08456420898438,116961100,0.0,0.0,0.0
2018-12-17,230.1352693427575,231.2442481147202,224.92750936156915,226.55105590820312,165492300,0.0,0.0,0.0
2018-12-18,228.18348000060263,228.8488672551829,224.70571070380527,226.30264282226562,134515100,0.0,0.0,0.0
2018-12-19,226.38249365580683,230.13527410736953,221.21909542606414,222.91360473632812,214992800,0.0,0.0,0.0
2018-12-20,221.6715587646981,223.23299606876677,217.04932908961484,219.2850341796875,252053400,0.0,0.0,0.0
2018-12-21,220.18186223190455,222.8321839675242,214.14947386453696,214.79197692871094,255345600,1.435,0.0,0.0
2018-12-24,213.31063854385062,214.91689612055552,209.05407298607153,209.1165313720703,147311600,0.0,0.0,0.0
2018-12-26,210.57105762691342,219.6820831298828,208.5989279125675,219.6820831298828,218485400,0.0,0.0,0.0
2018-12-27,216.46068221719528,221.56499036001438,213.23924852248155,221.36868286132812,186267300,0.0,0.0,0.0
2018-12-28,222.7161572592034,224.3402522831674,219.9230542277577,221.0831298828125,153100200,0.0,0.0,0.0
2018-12-31,222.698295014504,223.2604885336004,220.8332580470889,223.01954650878906,144299400,0.0,0.0,0.0
2019-01-02,219.50366137573045,224.1707342291096,219.47689154888744,223.2515869140625,126925200,0.0,0.0,0.0
2019-01-03,221.5114719055297,221.81488595919683,217.4422949789893,217.92417907714844,144140700,0.0,0.0,0.0
2019-01-04,220.94033001258038,225.8661815561297,220.56553888440885,225.2236785888672,142628800,0.0,0.0,0.0
2019-01-07,225.49142984951663,228.40053118136873,224.59906597413217,226.99952697753906,103139100,0.0,0.0,0.0
2019-01-08,229.1768824554094,229.6141320120839,226.66040995079652,229.1322479248047,102512600,0.0,0.0,0.0
2019-01-09,229.83723728481584,231.04193396167105,228.61470313427708,230.20310974121094,95006600,0.0,0.0,0.0
2019-01-10,228.67717821153101,231.26502803517397,227.99897294347033,231.01516723632812,96823900,0.0,0.0,0.0
2019-01-11,229.94431128528677,231.13117046106527,229.36428022693917,231.10440063476562,73858100,0.0,0.0,0.0
2019-01-14,229.2125586590983,230.4975647437102,228.81101127814628,229.69444274902344,70908200,0.0,0.0,0.0
2019-01-15,230.06925535334858,232.6392676098816,230.06032300031862,232.32693481445312,85208300,0.0,0.0,0.0
2019-01-16,232.75520752359222,233.77251519424797,232.54998130541944,232.8890838623047,77636700,0.0,0.0,0.0
2019-01-17,232.02356375539918,235.51271013402146,231.97892921738054,234.65602111816406,96118400,0.0,0.0,0.0
2019-01-18,236.45852457830043,238.24325183903332,234.69163478637523,237.77920532226562,127900300,0.0,0.0,0.0
2019-01-22,236.31576390264777,236.52992247827257,232.96046764303685,234.56671142578125,115531200,0.0,0.0,0.0
2019-01-23,235.59301047584734,236.28905325371463,232.60358585615072,235.05758666992188,86030300,0.0,0.0,0.0
2019-01-24,234.87909465890846,235.76255343882323,233.8707190939541,235.1824951171875,59204100,0.0,0.0,0.0
2019-01-25,237.02080199837349,237.99350277670078,235.28070844238547,237.17251586914062,96883400,0.0,0.0,0.0
2019-01-28,235.03970281433,235.43231781289492,233.61191535787162,235.369873046875,85613700,0.0,0.0,0.0
2019-01-29,235.51270098987644,236.07486739167285,234.22769474876972,235.05758666992188,66136300,0.0,0.0,0.0
2019-01-30,236.56567202894044,239.61754127391015,235.80715727798884,238.77871704101562,92473700,0.0,0.0,0.0
2019-01-31,238.7162879576313,241.35767761314972,238.50210209225284,240.87579345703125,104012100,0.0,0.0,0.0
2019-02-01,241.07213078167035,242.00912932767181,240.20653660651251,240.9918212890625,85782500,0.0,0.0,0.0
2019-02-04,241.03634704265647,242.74969733695082,240.36707426458165,242.68722534179688,60744800,0.0,0.0,0.0
2019-02-05,243.11562639382325,244.00799030593308,242.6159047816646,243.70458984375,79552800,0.0,0.0,0.0
2019-02-06,243.42785900420793,243.91864806072422,242.651507077498,243.3832244873047,58347800,0.0,0.0,0.0
2019-02-07,241.77708214565385,242.32141106395105,239.41232320927514,241.06320190429688,95482000,0.0,0.0,0.0
2019-02-08,239.82275352737142,241.4557671782695,239.00176690961732,241.3576202392578,75788900,0.0,0.0,0.0
2019-02-11,242.0090871381183,242.26785304714784,240.96500945065426,241.4915008544922,68021400,0.0,0.0,0.0
2019-02-12,243.09771367928155,244.97165552848838,243.02630933805298,244.5968780517578,72270200,0.0,0.0,0.0
2019-02-13,245.42683071953022,246.2299527449873,245.00741861705612,245.39112854003906,65277200,0.0,0.0,0.0
2019-02-14,244.31139321741082,245.9712042716236,243.49933878131554,244.84681701660156,83234400,0.0,0.0,0.0
2019-02-15,246.61358140546326,247.55057948706278,246.40835521477726,247.51487731933594,97088700,0.0,0.0,0.0
2019-02-19,246.7207946036442,248.5947371116846,246.711862249656,247.94332885742188,59120800,0.0,0.0,0.0
2019-02-20,247.90761514897304,248.89815324808566,247.40789353902292,248.4430389404297,76610800,0.0,0.0,0.0
2019-02-21,247.80938525748803,248.1663252547418,246.60468893807754,247.5595245361328,64214700,0.0,0.0,0.0
2019-02-22,248.17532142337902,249.29077634452136,247.54175065335028,249.094482421875,78114600,0.0,0.0,0.0
2019-02-25,250.51326660281055,251.03082555667353,249.3531774749174,249.43348693847656,69030700,0.0,0.0,0.0
2019-02-26,249.08549936705506,250.12954971036925,248.88024589954088,249.2550506591797,56844100,0.0,0.0,0.0
2019-02-27,248.54113644381616,249.4959721714288,247.6130977715903,249.14796447753906,56921600,0.0,0.0,0.0
2019-02-28,248.93379021020638,249.3710669767745,248.36269155717653,248.68392944335938,69268300,0.0,0.0,0.0
2019-03-01,250.25445551057405,250.6470976815869,248.8088308049251,250.2366180419922,78880500,0.0,0.0,0.0
2019-03-04,251.28964245666796,251.53057087017055,247.0419822074901,249.32643127441406,106494600,0.0,0.0,0.0
2019-03-05,249.45144295437018,249.64776412586107,248.44306726592998,248.98739624023438,59114600,0.0,0.0,0.0
2019-03-06,249.1034642596292,249.11239661624083,247.15811681391475,247.47935485839844,75039800,0.0,0.0,0.0
2019-03-07,247.03306276860576,247.1758442468498,244.57015715904734,245.4089813232422,94885100,0.0,0.0,0.0
2019-03-08,243.5617990820547,245.08773368851894,243.09777966921686,244.91818237304688,85795800,0.0,0.0,0.0
2019-03-11,245.6320620628198,248.6303912829194,245.6052922388111,248.4697723388672,65098900,0.0,0.0,0.0
2019-03-12,249.0229826948177,249.92427864044683,248.83559396500522,249.4066925048828,79667500,0.0,0.0,0.0
2019-03-13,250.29018221282456,251.98566780868583,250.12953604873607,251.05760192871094,80639200,0.0,0.0,0.0
2019-03-14,251.08431559116428,251.50372752873818,250.45967747596836,250.8969268798828,67518400,0.0,0.0,0.0
2019-03-15,251.44638369551652,252.94317969894598,251.2581422186772,252.1365203857422,81309000,1.233,0.0,0.0
2019-03-18,252.35168794163573,253.34658899070135,252.12761433225663,253.05079650878906,62199800,0.0,0.0,0.0
2019-03-19,254.10847232408358,254.87030079650296,252.22624833038137,253.1135711669922,90268100,0.0,0.0,0.0
2019-03-20,252.8983925177677,254.09942354780006,251.24921435625774,252.3516387939453,84609200,0.0,0.0,0.0
2019-03-21,251.5361989841815,255.60535789546617,251.49136783018398,255.20204162597656,79550400,0.0,0.0,0.0
2019-03-22,253.84858956459607,254.36842846263104,250.22755126738147,250.29029846191406,122659300,0.0,0.0,0.0
2019-03-25,249.94963816631585,251.13275344885716,248.84721345767517,250.10202026367188,85575200,0.0,0.0,0.0
2019-03-26,251.84967916873634,252.91627137306432,250.5679851257964,251.96620178222656,68125900,0.0,0.0,0.0
2019-03-27,251.95726358737582,252.539876732289,249.10705443590894,250.648681640625,72224700,0.0,0.0,0.0
2019-03-28,251.27626970890665,252.0470701599155,250.12901338113286,251.5989227294922,56238500,0.0,0.0,0.0
2019-03-29,253.1045937427433,253.50790981906596,251.98422572062216,253.1852569580078,82186800,0.0,0.0,0.0
2019-04-01,255.17501552412202,256.4835976324492,254.90611080417543,256.18780517578125,77617900,0.0,0.0,0.0
2019-04-02,256.3761627256717,256.54646091956437,255.52467175620833,256.31341552734375,40070400,0.0,0.0,0.0
2019-04-03,257.52333435925203,257.9177061153034,256.1161454730113,256.7166748046875,68243200,0.0,0.0,0.0
2019-04-04,257.0392843728794,257.64875794671855,256.34914759244964,257.3977966308594,48997500,0.0,0.0,0.0
2019-04-05,258.0610604303663,258.69742170866954,257.77423969689164,258.6436462402344,58621700,0.0,0.0,0.0
2019-04-08,258.2224359901956,258.9484323049997,257.56813119604186,258.84088134765625,53566300,0.0,0.0,0.0
2019-04-09,257.8818883722807,258.2045413051788,256.9676777096618,257.514404296875,66142300,0.0,0.0,0.0
2019-04-10,257.9266705627704,258.4823961552368,257.51438273212386,258.39276123046875,52601500,0.0,0.0,0.0
2019-04-11,258.8767125839089,258.88568428123676,257.756344527357,258.3210144042969,55093100,0.0,0.0,0.0
2019-04-12,259.9254067353859,260.34666624730795,258.36586304784964,260.0688171386719,69727800,0.0,0.0,0.0
2019-04-15,260.1404576397442,260.23906423948523,259.1007529344028,259.8984680175781,49596700,0.0,0.0,0.0
2019-04-16,260.77689745716583,260.8306729393059,259.47725948239383,260.0688171386719,52153200,0.0,0.0,0.0
2019-04-17,261.1801918114328,261.2070795502625,259.020118949662,259.43243408203125,58268300,0.0,0.0,0.0
2019-04-18,260.0150172111129,260.21220307800036,258.72435105561925,259.94329833984375,68708500,0.0,0.0,0.0
2019-04-22,259.1814564680707,260.31974047739857,259.09182156001907,260.1673583984375,40160100,0.0,0.0,0.0
2019-04-23,260.5348552038877,262.73975916905067,260.30183725475945,262.5067138671875,52246600,0.0,0.0,0.0
2019-04-24,262.42605599753017,262.7576805629462,261.7807229084622,261.92413330078125,50392900,0.0,0.0,0.0
2019-04-25,261.82547299248705,262.4170304822071,260.5796382033679,261.7627258300781,57770900,0.0,0.0,0.0
2019-04-26,261.8076069798987,263.0534420070687,261.03677955107406,262.98175048828125,50916400,0.0,0.0,0.0
2019-04-29,263.07139009934167,263.91390906199985,262.98175518470526,263.39404296875,57197700,0.0,0.0,0.0
2019-04-30,263.0534379566247,263.81529367659437,261.64627651929874,263.5284729003906,81111700,0.0,0.0,0.0
2019-05-01,264.1559192830297,264.3620768674727,261.53872727662645,261.5476989746094,71671900,0.0,0.0,0.0
2019-05-02,261.43105720742267,262.34529469755904,259.4950586640298,260.98291015625,65030200,0.0,0.0,0.0
2019-05-03,262.45296687976565,263.81532469782667,261.09058170896674,263.5374755859375,56543700,0.0,0.0,0.0
2019-05-06,259.2530737741224,262.89202570698626,258.9393653621047,262.4528503417969,107198100,0.0,0.0,0.0
2019-05-07,260.0599354985557,260.65149335968806,256.1700192778493,258.0701599121094,144729900,0.0,0.0,0.0
2019-05-08,257.71148681640625,259.41444043545084,257.11992932401034,257.71148681640625,91568300,0.0,0.0,0.0
2019-05-09,255.6500378691589,257.53223405255756,253.92016904937915,256.9317321777344,103471100,0.0,0.0,0.0
2019-05-10,255.99956198160442,258.9752654873306,253.0238584758782,258.2223815917969,112429300,0.0,0.0,0.0
2019-05-13,253.1315517289226,254.0905662339205,250.8997594096421,251.73330688476562,127290500,0.0,0.0,0.0
2019-05-14,252.74604827795415,255.53353807627536,252.62058128578565,254.00982666015625,77003200,0.0,0.0,0.0
2019-05-15,252.38752291444266,256.1340267354628,252.18136536681158,255.49766540527344,73956400,0.0,0.0,0.0
2019-05-16,256.19680023221036,259.2173081278269,256.12510871199436,257.8639221191406,76749600,0.0,0.0,0.0
2019-05-17,255.56938770151973,258.67055853759854,255.55144430851703,256.19677734375,100353000,0.0,0.0,0.0
2019-05-20,254.60146319606775,256.3044176080445,253.7589440133358,254.5028839111328,62877600,0.0,0.0,0.0
2019-05-21,256.1877708565927,257.17369999218766,255.93680956323482,256.7972717285156,46847100,0.0,0.0,0.0
2019-05-22,255.8471575160653,256.95855342864434,255.53344911575599,256.00848388671875,49482500,0.0,0.0,0.0
2019-05-23,253.7946728977069,253.83947666731174,251.47327416596514,252.88046264648438,98733800,0.0,0.0,0.0
2019-05-24,254.31455174403163,254.72686684163855,252.83567152761165,253.45411682128906,55268100,0.0,0.0,0.0
2019-05-28,253.73200127216015,254.68207123353233,251.0789772679172,251.09689331054688,70029400,0.0,0.0,0.0
2019-05-29,249.98558332361114,250.38889956772536,248.0137238432318,249.4119415283203,104972900,0.0,0.0,0.0
2019-05-30,250.16473961902375,250.998314274955,248.9995677340899,250.09304809570312,62523800,0.0,0.0,0.0
2019-05-31,247.5565513560174,248.38112697686873,246.6960889437325,246.7229766845703,86862800,0.0,0.0,0.0
2019-06-03,246.75886081445609,247.87025735061096,244.76908573514459,246.09561157226562,96428000,0.0,0.0,0.0
2019-06-04,248.38111733847322,251.57192344018316,247.93297010674164,251.43748474121094,77231900,0.0,0.0,0.0
2019-06-05,253.05082384134988,253.64238151633432,251.24929042721467,253.61549377441406,71169700,0.0,0.0,0.0
2019-06-06,253.91133830720477,255.93694576990882,253.26600501617003,255.2647247314453,69430400,0.0,0.0,0.0
2019-06-07,256.2774339212914,258.8946254277593,256.10713580857265,257.8190612792969,74272200,0.0,0.0,0.0
2019-06-10,259.36070955978926,260.6603473979614,258.9125623539002,259.002197265625,60799100,0.0,0.0,0.0
2019-06-11,260.8127051852287,261.1801891806901,258.29412004685184,258.939453125,58641300,0.0,0.0,0.0
2019-06-12,258.706403900747,259.26210199894365,257.9714359986725,258.4823303222656,47096300,0.0,0.0,0.0
2019-06-13,259.38762374939733,259.907489878774,258.6885151310274,259.5489501953125,48945200,0.0,0.0,0.0
2019-06-14,259.2621765136719,259.8626785590629,258.50032065732336,259.2621765136719,52324700,0.0,0.0,0.0
2019-06-17,259.4951870023116,260.1226041253445,259.1904501391278,259.3607482910156,39205700,0.0,0.0,0.0
2019-06-18,261.1712687189415,263.12518417352123,260.81272903505663,262.0765075683594,85434800,0.0,0.0,0.0
2019-06-19,262.21091089679237,263.19684018898215,261.24292499801845,262.66802978515625,78674400,0.0,0.0,0.0
2019-06-20,265.3389049907181,265.5808945434118,262.7306859563442,265.17755126953125,116570000,0.0,0.0,0.0
2019-06-21,264.9092951972342,266.1611896327849,264.57605770329127,264.7922058105469,83309500,1.432,0.0,0.0
2019-06-24,264.99933890935563,265.3145457048724,264.3148333255094,264.46795654296875,47582700,0.0,0.0,0.0
2019-06-25,264.52207026113314,264.5490887796047,261.7660714339262,261.8741455078125,82028700,0.0,0.0,0.0
2019-06-26,262.7657201720802,263.27008405135524,261.5048104738926,261.6128845214844,51584900,0.0,0.0,0.0
2019-06-27,262.3694009589699,263.0448911665439,261.99114183475797,262.54052734375,40355200,0.0,0.0,0.0
2019-06-28,263.51322339656014,264.3868585052382,262.9998717236081,263.8915100097656,59350900,0.0,0.0,0.0
2019-07-01,267.20601066133787,267.4221863023944,265.08946835497335,266.287353515625,78705600,0.0,0.0,0.0
2019-07-02,266.24229214980755,267.0348719972859,265.40469060063094,266.9808349609375,61504500,0.0,0.0,0.0
2019-07-03,267.6563319741,269.1334176326338,267.51222404503983,269.1153869628906,40898900,0.0,0.0,0.0
2019-07-05,267.890486025087,268.97128165021803,266.6025576032776,268.80914306640625,51677300,0.0,0.0,0.0
2019-07-08,267.5031881847624,268.6290054105684,266.79166400203684,267.3320617675781,45841800,0.0,0.0,0.0
2019-07-09,266.1792403995563,267.962517390623,266.12520336866174,267.6653137207031,41101300,0.0,0.0,0.0
2019-07-10,268.7280352609248,269.8898862091427,268.1966528857291,268.9441833496094,58448500,0.0,0.0,0.0
2019-07-11,269.5836918467792,269.81784313562406,268.5749640265412,269.5746765136719,50826100,0.0,0.0,0.0
2019-07-12,270.06101270514915,270.85359234497,269.7547937508127,270.7815246582031,40326000,0.0,0.0,0.0
2019-07-15,271.21386536805954,271.21386536805954,270.36724865283577,270.8716125488281,33900000,0.0,0.0,0.0
2019-07-16,270.7815196152054,270.98867985359067,269.6917363736322,269.9979553222656,36650100,0.0,0.0,0.0
2019-07-17,269.9709674033634,270.1330784852856,268.16064453125,268.16064453125,36036300,0.0,0.0,0.0
2019-07-18,267.6653065540941,269.52065119386003,267.22399498501346,269.1423645019531,51392600,0.0,0.0,0.0
2019-07-19,270.2321187961376,270.2591373052025,267.47612092845327,267.6472473144531,58678600,0.0,0.0,0.0
2019-07-22,268.0435207619146,268.8451157071079,267.53016906834114,268.3047180175781,43638100,0.0,0.0,0.0
2019-07-23,269.42154655627746,270.2231140136719,268.59293310299523,270.2231140136719,44564500,0.0,0.0,0.0
2019-07-24,269.4665409634946,271.4930114746094,269.37647011029196,271.4930114746094,47213200,0.0,0.0,0.0
2019-07-25,271.0427226212248,271.09675964355466,269.39451098285616,270.19610595703125,55394100,0.0,0.0,0.0
2019-07-26,270.8805916659106,272.2045535873242,270.75448696588677,272.00640869140625,45084100,0.0,0.0,0.0
2019-07-29,271.8893034379059,272.0063927994392,270.9616313625273,271.5110168457031,38126500,0.0,0.0,0.0
2019-07-30,270.11504669745034,271.24987912226163,269.7367600605903,270.8445739746094,45849000,0.0,0.0,0.0
2019-07-31,271.0877334885615,271.2768905449335,265.8729686415346,267.88140869140625,104245200,0.0,0.0,0.0
2019-08-01,268.03464201720794,270.9797707695739,264.75624818917834,265.548828125,142646600,0.0,0.0,0.0
2019-08-02,264.6570998538528,264.900266462213,262.0001603982473,263.5492858886719,116749700,0.0,0.0,0.0
2019-08-05,259.4693164915534,259.5773905358963,253.73215692294193,255.62353515625,178745400,0.0,0.0,0.0
2019-08-06,257.5058783257292,259.42427492312476,256.03780853576865,259.2080993652344,120711700,0.0,0.0,0.0
2019-08-07,256.14592653629853,260.1268282910362,254.02039683355144,259.36126708984375,140572300,0.0,0.0,0.0
2019-08-08,260.8473662533496,264.4499816894531,260.2979805925156,264.4499816894531,87713900,0.0,0.0,0.0
2019-08-09,263.5133016745195,264.10773653712675,260.8743923871046,262.648681640625,93730000,0.0,0.0,0.0
2019-08-12,261.1535457059839,262.63961885110217,258.5056215627096,259.4513244628906,65527600,0.0,0.0,0.0
2019-08-13,259.1540043011932,264.92719597770594,258.8117516064786,263.48614501953125,94299800,0.0,0.0,0.0
2019-08-14,259.4514027016452,260.05482548571354,255.56958618556735,255.69566345214844,135622100,0.0,0.0,0.0
2019-08-15,256.5781929304247,257.2626984377654,254.33557434084287,256.37103271484375,99556600,0.0,0.0,0.0
2019-08-16,258.019294138563,260.5861353169893,256.42511942287445,260.1538391113281,83018300,0.0,0.0,0.0
2019-08-19,263.1620087111855,263.9635762174009,262.4865184312846,263.2880859375,53571800,0.0,0.0,0.0
2019-08-20,262.783813592977,263.31519616663,261.1446441653174,261.2707214355469,51596400,0.0,0.0,0.0
2019-08-21,263.4231977101356,263.7654230198255,262.73869211921766,263.39617919921875,49524700,0.0,0.0,0.0
2019-08-22,264.09868577575924,264.7291268538394,261.54982049544003,263.3150939941406,51666400,0.0,0.0,0.0
2019-08-23,262.0181829782447,263.67538246569245,255.30830200906564,256.55120849609375,149161500,0.0,0.0,0.0
2019-08-26,258.73075758618586,259.38824462890625,257.208650757384,259.38824462890625,72423800,0.0,0.0,0.0
2019-08-27,260.7752097054269,261.144480921187,257.6139072750688,258.3704528808594,66668900,0.0,0.0,0.0
2019-08-28,257.71305228068184,260.3519609162439,256.91145732757764,260.1898498535156,59696700,0.0,0.0,0.0
2019-08-29,262.7386652204971,264.0356085832633,261.7389254473887,263.5132141113281,57899400,0.0,0.0,0.0
2019-08-30,264.99032631484863,265.00832949353685,262.46850701004956,263.39617919921875,62901200,0.0,0.0,0.0
2019-09-03,261.70292234690453,262.61256378979675,260.5320561790313,261.85601806640625,69101400,0.0,0.0,0.0
2019-09-04,264.0176641596419,264.8462502511639,263.2701061248375,264.8282470703125,46887300,0.0,0.0,0.0
2019-09-05,267.3050851284011,269.142399338986,264.7922529907369,268.2327575683594,83258100,0.0,0.0,0.0
2019-09-06,268.5479208659887,269.07930324088835,267.8724306034567,268.4398193359375,49584300,0.0,0.0,0.0
2019-09-09,269.42153725651303,269.51158062995825,267.63823319286826,268.5749206542969,51260300,0.0,0.0,0.0
2019-09-10,267.81838089006624,268.57495421337273,266.5664864936177,268.51190185546875,57947100,0.0,0.0,0.0
2019-09-11,268.8181325505572,270.5023507072399,268.16966073499134,270.4212951660156,68821100,0.0,0.0,0.0
2019-09-12,271.32187631898194,272.4116593959006,270.56533065094027,271.35791015625,72908700,0.0,0.0,0.0
2019-09-13,271.79924860741954,272.150516712728,270.8085241273065,271.17779541015625,62104800,0.0,0.0,0.0
2019-09-16,270.0519941888065,271.2228604559255,269.7007535487089,270.3402099609375,58191200,0.0,0.0,0.0
2019-09-17,270.1420991494671,271.11479314596744,269.97097273102594,271.0247497558594,41475500,0.0,0.0,0.0
2019-09-18,270.6374460314941,271.2949331869254,268.6109750229394,271.1868591308594,73375800,0.0,0.0,0.0
2019-09-19,271.5740367408274,272.56476104414935,270.8354943069181,271.1687316894531,76560500,0.0,0.0,0.0
2019-09-20,271.7696025331954,272.0501199494442,269.1004209167277,269.8876037597656,89565000,1.384,0.0,0.0
2019-09-23,269.2270389853923,270.53902859724644,268.97369250459167,269.82421875,43476800,0.0,0.0,0.0
2019-09-24,270.91001539595555,271.2990782896173,266.74787081467014,267.70697021484375,94869400,0.0,0.0,0.0
2019-09-25,267.7883822298212,269.73372418132254,266.31353298263394,269.2903747558594,71854000,0.0,0.0,0.0
2019-09-26,269.29952886168803,269.507618203709,267.3270429198188,268.7294921875,56179700,0.0,0.0,0.0
2019-09-27,269.4804578779437,269.5890586383506,265.7345462186397,267.2817687988281,84746600,0.0,0.0,0.0
2019-09-30,267.7974620299853,269.2270541925325,267.7522324322751,268.52130126953125,51662400,0.0,0.0,0.0
2019-10-01,269.39911362222296,270.05058032816214,265.11030724887206,265.32745361328125,88242400,0.0,0.0,0.0
2019-10-02,263.7529700767548,263.7620270421523,259.35559247468234,260.6404113769531,122539500,0.0,0.0,0.0
2019-10-03,260.4141809676894,262.802900116598,257.7087994153073,262.7757568359375,85278800,0.0,0.0,0.0
2019-10-04,263.42722355353567,266.5850115298141,263.37290937944215,266.3316650390625,65091200,0.0,0.0,0.0
2019-10-07,265.53541588400043,267.1550385419711,264.90203587328466,265.1825256347656,59610500,0.0,0.0,0.0
2019-10-08,263.3367631205743,264.06965938553134,261.02947357933596,261.065673828125,95708100,0.0,0.0,0.0
2019-10-09,263.0743071151631,264.47675583286633,262.4499841085226,263.5447998046875,62359400,0.0,0.0,0.0
2019-10-10,263.4635403515382,266.20512365305046,263.3006805782313,265.32745361328125,55296300,0.0,0.0,0.0
2019-10-11,268.06894596333944,270.3038352478275,267.9513434643262,268.0780029296875,98720400,0.0,0.0,0.0
2019-10-14,267.7613050131464,268.4308854111592,267.4355855865738,267.7794189453125,40394800,0.0,0.0,0.0
2019-10-15,268.8199454533121,271.1724647551186,268.7023153463166,270.4305114746094,46754500,0.0,0.0,0.0
2019-10-16,269.968950474554,270.6837602115542,269.5618013428636,269.99609375,48928200,0.0,0.0,0.0
2019-10-17,271.1543085338405,271.66100152133464,270.10472231326054,270.7923889160156,45736600,0.0,0.0,0.0
2019-10-18,270.2586137211803,270.901023258945,268.7566207357212,269.6071472167969,64304000,0.0,0.0,0.0
2019-10-21,270.91912254267635,271.6339049366315,270.48480235900485,271.4348449707031,39048600,0.0,0.0,0.0
2019-10-22,271.96863087406336,272.2581776094596,270.45760889672664,270.548095703125,48594700,0.0,0.0,0.0
2019-10-23,270.2948585209599,271.3896747668472,270.08674154335006,271.33538818359375,34352200,0.0,0.0,0.0
2019-10-24,272.26732386565135,272.4120972808288,270.9553337743407,271.7787170410156,35453100,0.0,0.0,0.0
2019-10-25,271.2086957119938,273.4345560321508,271.15440912981506,272.89166259765625,45205400,0.0,0.0,0.0
2019-10-28,274.10402913693105,274.92741221048794,274.0768858537456,274.42974853515625,42147000,0.0,0.0,0.0
2019-10-29,274.15835514466437,275.2712851407752,274.0316680631073,274.3483581542969,44284900,0.0,0.0,0.0
2019-10-30,274.5473822708717,275.56076834015374,273.2444494353092,275.1898193359375,49643900,0.0,0.0,0.0
2019-10-31,275.18074553352045,275.18074553352045,273.0092001446827,274.4568786621094,69053800,0.0,0.0,0.0
2019-11-01,275.8954561925844,277.0445581959188,275.732568947176,276.99932861328125,71141500,0.0,0.0,0.0
2019-11-04,278.546747031095,278.68246348752467,277.74145003509966,278.1124267578125,60606900,0.0,0.0,0.0
2019-11-05,278.311380485651,278.6099841884755,277.51514076171463,277.8046875,42933200,0.0,0.0,0.0
2019-11-06,277.80475948454966,278.13953590688425,276.92708969043014,277.86810302734375,46487100,0.0,0.0,0.0
2019-11-07,279.1980745498013,280.17526016200947,278.3746916406929,278.8451843261719,54272300,0.0,0.0,0.0
2019-11-08,278.50139799497526,279.5871845138949,277.80470200649904,279.53289794921875,49032100,0.0,0.0,0.0
2019-11-11,278.15764546419433,279.1710316821398,278.0219014138559,278.9991149902344,35797300,0.0,0.0,0.0
2019-11-12,279.36104647935787,280.48300589473985,278.8181530932133,279.5872497558594,46484600,0.0,0.0,0.0
2019-11-13,278.6010045783601,280.0758543475074,278.3748013036493,279.677734375,53917700,0.0,0.0,0.0
2019-11-14,279.3971693561255,280.16626580577037,278.76378931225406,280.0848083496094,51219900,0.0,0.0,0.0
2019-11-15,281.4149096673068,282.1568629025422,280.7272706119639,282.11163330078125,62023600,0.0,0.0,0.0
2019-11-18,281.8763526775857,282.554962331027,281.42394624195816,282.3197021484375,49228000,0.0,0.0,0.0
2019-11-19,282.9168603339979,282.9259172980814,281.5958413744846,282.2382507324219,67804700,0.0,0.0,0.0
2019-11-20,281.6501230250607,282.16587294031694,279.6414375348948,281.18865966796875,79406200,0.0,0.0,0.0
2019-11-21,281.29733539676613,281.4059085420427,279.94011585540426,280.736328125,54664700,0.0,0.0,0.0
2019-11-22,281.4782868521623,281.6140032863701,280.3563275124406,281.36065673828125,44850200,0.0,0.0,0.0
2019-11-25,282.2835536082596,283.5412292480469,282.2835536082596,283.5412292480469,48647200,0.0,0.0,0.0
2019-11-26,283.57741508601435,284.3645978931575,283.2607250475997,284.1836242675781,37569000,0.0,0.0,0.0
2019-11-27,284.66322888151734,285.450439453125,284.44608257911733,285.450439453125,44444600,0.0,0.0,0.0
2019-11-29,284.88942079536815,285.13373798853377,284.1655814077503,284.39178466796875,36592700,0.0,0.0,0.0
2019-12-02,284.6450416588715,284.70838517885187,281.5505974957822,281.9758605957031,75767800,0.0,0.0,0.0
2019-12-03,279.27048230227246,280.16626580577037,277.8951767026078,280.0848083496094,73941700,0.0,0.0,0.0
2019-12-04,281.1254102128774,282.4102292100744,280.78157685476225,281.81304931640625,49080000,0.0,0.0,0.0
2019-12-05,282.5097327325432,282.52781904939724,281.0167694048144,282.3197021484375,40709000,0.0,0.0,0.0
2019-12-06,284.21976692547145,285.2964962702909,284.2107099622181,284.89837646484375,48927000,0.0,0.0,0.0
2019-12-09,284.5094091482941,285.1789619492192,283.9303155595032,284.0027160644531,34838500,0.0,0.0,0.0
2019-12-10,283.9484081271428,284.60890391207636,283.03453820665106,283.6860046386719,52649800,0.0,0.0,0.0
2019-12-11,284.1384121824113,284.7446490140432,283.6045758505534,284.4913024902344,53429100,0.0,0.0,0.0
2019-12-12,284.5003834172899,287.7215159236564,284.2651507821318,286.9433898925781,96389600,0.0,0.0,0.0
2019-12-13,286.7080880016024,288.33676795280417,285.93899143681557,287.1152648925781,81503900,0.0,0.0,0.0
2019-12-16,288.834361024335,289.67583035344785,287.0518785933374,289.08770751953125,82749700,0.0,0.0,0.0
2019-12-17,289.46778259690007,289.7663587326568,289.0696626740905,289.1510925292969,61097700,0.0,0.0,0.0
2019-12-18,289.54019666119984,289.76639993984145,289.11493339284556,289.1692199707031,48133000,0.0,0.0,0.0
2019-12-19,289.35910110545524,290.4268011165482,289.10575464460294,290.3544006347656,85310500,0.0,0.0,0.0
2019-12-20,291.38186206644457,292.75485547897176,290.4089735855106,291.62738037109375,147142100,1.57,0.0,0.0
2019-12-23,292.409389830018,292.4639432977859,291.92748236576335,292.0729675292969,52990000,0.0,0.0,0.0
2019-12-24,292.3002756332288,292.3457276057537,291.7819899538515,292.0820617675781,20270000,0.0,0.0,0.0
2019-12-26,292.4640075788948,293.6460643867393,292.45493383124426,293.636962890625,30911200,0.0,0.0,0.0
2019-12-27,294.3642718901657,294.4188253533874,293.0367580376793,293.5641174316406,42528800,0.0,0.0,0.0
2019-12-30,293.6459596835143,293.78234333428065,291.46371027743766,291.94561767578125,49729100,0.0,0.0,0.0
2019-12-31,291.44551040796875,292.90033397291086,291.09998668959423,292.6548156738281,57077300,0.0,0.0,0.0
2020-01-02,294.18253984463786,295.4100486962451,293.2641766429561,295.391845703125,59151200,0.0,0.0,0.0
2020-01-03,292.01842192277303,294.2734003955614,291.9638684535366,293.1549987792969,77709700,0.0,0.0,0.0
2020-01-06,291.4092714821987,294.35529824023683,291.29106302220333,294.2734680175781,55653900,0.0,0.0,0.0
2020-01-07,293.7096802968142,294.1825141011181,293.0004573388211,293.4460144042969,40496400,0.0,0.0,0.0
2020-01-08,293.63692440584015,296.2192238536559,293.39143377910256,295.0099182128906,68296000,0.0,0.0,0.0
2020-01-09,296.5647551368362,297.08304088810894,295.9828144164329,297.0102844238281,48473300,0.0,0.0,0.0
2020-01-10,297.59219676942917,297.74675568148257,295.69184361108466,296.1555480957031,53029300,0.0,0.0,0.0
2020-01-13,296.77387604888196,298.20139552344506,296.34652203143133,298.19232177734375,47086800,0.0,0.0,0.0
2020-01-14,297.75584613787055,298.80149124864306,297.18300698847196,297.7376708984375,62832800,0.0,0.0,0.0
2020-01-15,297.64677659951207,299.1652278624306,297.56494638909675,298.4105529785156,72056600,0.0,0.0,0.0
2020-01-16,299.78355255111995,300.8928527832031,299.55623715723783,300.8928527832031,54050300,0.0,0.0,0.0
2020-01-17,301.602060838024,302.0384886137536,300.8291829872231,301.8293762207031,95846000,0.0,0.0,0.0
2020-01-21,300.8746127318583,302.0384662952364,300.80188402409743,301.2383117675781,77742400,0.0,0.0,0.0
2020-01-22,302.09307968566543,302.7386754317191,301.1201908155379,301.2747497558594,48914900,0.0,0.0,0.0
2020-01-23,300.62911709140155,302.02938749135257,299.51981701453644,301.6202087402344,51963000,0.0,0.0,0.0
2020-01-24,302.27483696389464,302.35666715329256,297.65577389588447,298.9378356933594,87578400,0.0,0.0,0.0
2020-01-27,293.7187336425929,295.61908679865473,293.3823113360426,294.1460876464844,84062500,0.0,0.0,0.0
2020-01-28,295.56449078822,298.1013377120743,294.2369769931781,297.22845458984375,63834000,0.0,0.0,0.0
2020-01-29,298.5832802273967,298.8105955905337,296.78293256190744,296.98297119140625,53888900,0.0,0.0,0.0
2020-01-30,294.92805295887075,298.155948000126,294.1824796021824,297.9468078613281,75491800,0.0,0.0,0.0
2020-01-31,297.3285728012533,297.4831594979668,291.62751199111693,292.5367736816406,113845600,0.0,0.0,0.0
2020-02-03,294.00971748755245,296.5647401340601,293.89150905042175,294.7098388671875,69083000,0.0,0.0,0.0
2020-02-04,298.3014390790439,300.06540868055777,297.9831919914277,299.20159912109375,62573200,0.0,0.0,0.0
2020-02-05,302.1203078450114,302.8659089327399,300.66551164748887,302.6567687988281,65951100,0.0,0.0,0.0
2020-02-06,303.61142439918666,303.8660164368016,302.6021299921927,303.6750793457031,50359700,0.0,0.0,0.0
2020-02-07,302.6204088136821,303.6842291934215,301.5111087114118,302.0566711425781,64139400,0.0,0.0,0.0
2020-02-10,301.1746796413046,304.3752699512729,301.13830141378867,304.3116149902344,42070000,0.0,0.0,0.0
2020-02-11,305.6573495767884,306.4393011485693,304.31163256555146,304.8390197753906,54864500,0.0,0.0,0.0
2020-02-12,306.2665508261337,307.0121519449544,305.9028517615865,306.80303955078125,43992700,0.0,0.0,0.0
2020-02-13,305.3845221871912,307.43946184215287,305.1117548650529,306.47564697265625,54501900,0.0,0.0,0.0
2020-02-14,306.8849056218924,307.084944293039,305.6937750909398,306.96673583984375,64582200,0.0,0.0,0.0
2020-02-18,305.97562052387593,307.0303672773859,304.79356383100367,306.1756591796875,57226200,0.0,0.0,0.0
2020-02-19,307.13944365167055,308.31237098409207,306.8575748122398,307.6395263671875,48814700,0.0,0.0,0.0
2020-02-20,307.0939068095637,307.91226418959036,303.402308100626,306.3756103515625,74163400,0.0,0.0,0.0
2020-02-21,305.02997213526146,305.33911773127744,302.40219294643487,303.2205505371094,113788200,0.0,0.0,0.0
2020-02-24,293.81879296639795,303.2932828550101,292.0911738086347,293.16412353515625,161088400,0.0,0.0,0.0
2020-02-25,294.5462110971591,295.15540084278814,283.40775626371243,284.2806396484375,218913200,0.0,0.0,0.0
2020-02-26,285.67170741329534,289.2450976481431,282.50749586116564,283.2348937988281,194773800,0.0,0.0,0.0
2020-02-27,277.7430167478903,283.28951758192875,270.514404296875,270.514404296875,284353500,0.0,0.0,0.0
2020-02-28,262.5037634964114,270.8598775435434,259.63049429346006,269.3777770996094,384975800,0.0,0.0,0.0
2020-03-02,271.1508409072188,281.1072645783154,267.7411105744401,281.0436096191406,238703600,0.0,0.0,0.0
2020-03-03,281.4163813351624,285.36257217334344,270.5689003394488,272.9966125488281,300139100,0.0,0.0,0.0
2020-03-04,278.343143597917,284.68979925998445,275.8062960824147,284.4715576171875,176613400,0.0,0.0,0.0
2020-03-05,277.3065850334191,280.4798988206558,272.78755422327566,275.0152282714844,186366800,0.0,0.0,0.0
2020-03-06,266.5500180417733,271.66916501204014,263.89498985282967,270.46893310546875,228667200,0.0,0.0,0.0
2020-03-09,250.31967519710847,258.4030231010972,248.63756365214644,249.34678649902344,309417300,0.0,0.0,0.0
2020-03-10,258.8121691635351,262.34007996344667,248.68298420253547,262.2491760253906,276444100,0.0,0.0,0.0
2020-03-11,255.22964556471337,256.35712064223424,246.30069337444888,249.46490478515625,255316300,0.0,0.0,0.0
2020-03-12,232.7709037137879,242.46363295605934,225.20584268346082,225.59683227539062,392220700,0.0,0.0,0.0
2020-03-13,239.21759993839407,246.84631709064,225.96966736197948,244.88230895996094,329566100,0.0,0.0,0.0
2020-03-16,219.29570095436807,233.58929408558546,215.82232893733405,218.08639526367188,297240000,0.0,0.0,0.0
2020-03-17,222.80540507714687,232.92550266983105,215.55860455740523,229.8612823486328,262070500,0.0,0.0,0.0
2020-03-18,214.81304740905762,225.83329327447962,207.32982852060815,218.2227783203125,327597100,0.0,0.0,0.0
2020-03-19,217.54079799071988,224.93309788570622,211.14869122239375,218.68646240234375,289322000,0.0,0.0,0.0
2020-03-20,221.81992633759734,223.5942684841913,208.98797436710205,209.26235961914062,347158800,1.406,0.0,0.0
2020-03-23,208.70443213492814,210.0671893215918,199.6223661157914,203.91188049316406,326025200,0.0,0.0,0.0
2020-03-24,214.40243776362843,223.2558517852743,213.8353851846469,222.386962890625,235494500,0.0,0.0,0.0
2020-03-25,223.96012504187064,234.45983814371337,219.2773351144632,225.71617126464844,299430300,0.0,0.0,0.0
2020-03-26,228.21300077805662,240.35898040936877,227.78313388518464,238.8956298828125,257632800,0.0,0.0,0.0
2020-03-27,231.64282838705617,238.53896824316124,229.6123970169316,231.78001403808594,224341200,0.0,0.0,0.0
2020-03-30,233.8652897641229,240.0205984059561,231.88059185006412,239.3072052001953,171369500,0.0,0.0,0.0
2020-03-31,238.31031171628476,240.8437663965274,234.34091545507368,235.74026489257812,194881100,0.0,0.0,0.0
2020-04-01,226.8045329870279,235.6579474427776,223.07292993104878,225.13079833984375,189554600,0.0,0.0,0.0
2020-04-02,224.25277750810542,231.1031837108158,223.70400702849605,230.32577514648438,177660400,0.0,0.0,0.0
2020-04-03,229.3471021274164,231.68851038207237,224.28017983592915,226.99656677246094,135561200,0.0,0.0,0.0
2020-04-06,235.82256381439876,244.20037788059636,226.9783046122972,242.24310302734375,188061200,0.0,0.0,0.0
2020-04-07,250.79472792333289,251.54471340957025,242.27059999105026,242.49009704589844,201427200,0.0,0.0,0.0
2020-04-08,245.07838784415037,252.4318450589487,242.5998076155295,250.63006591796875,153774500,0.0,0.0,0.0
2020-04-09,253.87687406713079,257.18777844300485,251.94706460212936,254.44395446777344,189999200,0.0,0.0,0.0
2020-04-13,253.47449486500906,253.81289538631447,248.23378055613196,252.12086486816406,114839100,0.0,0.0,0.0
2020-04-14,256.9866545266391,260.5719034927361,251.9837459245979,259.55670166015625,134143400,0.0,0.0,0.0
2020-04-15,253.86777191417943,259.69382092824196,251.937934347916,254.0415496826172,121775000,0.0,0.0,0.0
2020-04-16,255.31287012366016,256.1177297950417,252.21236288007296,255.26715087890625,131798300,0.0,0.0,0.0
2020-04-17,261.01094510010387,262.7669775669255,258.28540206750915,262.1633605957031,146684800,0.0,0.0,0.0
2020-04-20,258.477384853948,262.3004679707895,257.3249976139845,257.54449462890625,100109300,0.0,0.0,0.0
2020-04-21,253.09948464714034,254.29761890727113,248.79166082381494,249.72457885742188,126385700,0.0,0.0,0.0
2020-04-22,254.581194737837,257.0049008539564,253.26415671405383,255.26715087890625,92951600,0.0,0.0,0.0
2020-04-23,256.53844122401114,259.69385063115635,254.94703191169103,255.24884033203125,104709700,0.0,0.0,0.0
2020-04-24,256.7580486318894,259.4744369338839,254.71846167335374,258.8067626953125,85063200,0.0,0.0,0.0
2020-04-27,260.77305162758813,263.6540615008413,260.3157475870202,262.5382385253906,77896600,0.0,0.0,0.0
2020-04-28,266.1692506121664,266.5168061709099,261.02915733590845,261.33099365234375,105270000,0.0,0.0,0.0
2020-04-29,266.6356759130228,269.69961837336587,265.61131939279846,268.1722106933594,118745600,0.0,0.0,0.0
2020-04-30,266.80036532536803,268.27289912485736,263.94679204552654,265.6754150390625,122901700,0.0,0.0,0.0
2020-05-01,260.9468311402784,265.839989989389,257.4804586743474,258.64202880859375,125180000,0.0,0.0,0.0
2020-05-04,256.767021126971,259.65718553280703,255.2945157584496,259.3553771972656,80873200,0.0,0.0,0.0
2020-05-05,262.1632632514369,264.55037684980624,259.4834404684399,261.7516784667969,79569900,0.0,0.0,0.0
2020-05-06,263.44379036734006,263.82791023422936,259.5475499619621,259.9774169921875,73632600,0.0,0.0,0.0
2020-05-07,263.1784701811811,265.0351234329796,262.6114176478668,263.11444091796875,75250400,0.0,0.0,0.0
2020-05-08,266.2332605798592,267.9344461094257,265.10828260205517,267.4679870605469,76452400,0.0,0.0,0.0
2020-05-11,265.5472403217298,268.8947084084535,265.12652852518687,267.5227966308594,79514200,0.0,0.0,0.0
2020-05-12,268.7028030813547,269.11436010431197,262.0535823124858,262.1907958984375,95870800,0.0,0.0,0.0
2020-05-13,261.6328872690551,262.666399268781,255.13916178368657,257.5537414550781,144721100,0.0,0.0,0.0
2020-05-14,255.1299635672098,260.7639254068416,249.67887870539946,260.6358947753906,121977900,0.0,0.0,0.0
2020-05-15,258.257984049645,261.87982570324516,257.31593846082666,261.8341064453125,111146300,0.0,0.0,0.0
2020-05-18,268.0259812100901,271.4100434642727,267.7058905984954,269.8094787597656,119703800,0.0,0.0,0.0
2020-05-19,269.2149188705736,270.9160766593907,267.0198648575471,267.03814697265625,95189300,0.0,0.0,0.0
2020-05-20,270.55938333564245,272.4343188348608,270.3307313034634,271.5745849609375,85861700,0.0,0.0,0.0
2020-05-21,271.4465201336419,272.25137965135684,268.6112297095541,269.6996154785156,78293900,0.0,0.0,0.0
2020-05-22,269.41620920229957,270.38569189537526,268.1814822519457,270.2119140625,63958200,0.0,0.0,0.0
2020-05-26,276.14762383993184,276.3854308835985,270.23010816848546,273.5409851074219,88951400,0.0,0.0,0.0
2020-05-27,276.32142205120357,277.6476150920947,271.51972905102286,277.61102294921875,104817400,0.0,0.0,0.0
2020-05-28,278.63538150701766,280.63837569046694,276.4311724038547,277.0988464355469,90405200,0.0,0.0,0.0
2020-05-29,276.63231080462043,278.918830663609,273.8976419849883,278.33349609375,119090800,0.0,0.0,0.0
2020-06-01,277.69340011943615,280.0622325446133,277.181221644351,279.4585876464844,55758300,0.0,0.0,0.0
2020-06-02,280.37317234448284,281.8182691361264,279.0470070132092,281.77252197265625,74267200,0.0,0.0,0.0
2020-06-03,283.7480879729792,286.47363092722657,283.4737166303105,285.5224304199219,92567600,0.0,0.0,0.0
2020-06-04,284.54365636978923,286.2722787348064,282.6870034101145,284.7723083496094,75794400,0.0,0.0,0.0
2020-06-05,290.14117395158814,293.83617104202,290.0771446777787,292.07098388671875,150524700,0.0,0.0,0.0
2020-06-08,292.8759276374673,295.79353091218815,292.336311985404,295.6014709472656,73641200,0.0,0.0,0.0
2020-06-09,292.9490397309873,295.6745826285939,292.08930565964937,293.397216796875,77479200,0.0,0.0,0.0
2020-06-10,293.9733123467785,294.8604832133015,291.046555614928,291.75994873046875,95000800,0.0,0.0,0.0
2020-06-11,284.8639052224834,285.49498720882065,274.3916564962647,274.9403991699219,209243600,0.0,0.0,0.0
2020-06-12,281.91884136581535,282.68710895546064,273.1020322461087,278.23297119140625,194678900,0.0,0.0,0.0
2020-06-15,272.5715924204111,281.9554837805879,271.4008947543793,280.83050537109375,135782700,0.0,0.0,0.0
2020-06-16,288.54054784445304,288.68688847686843,281.3974614499298,286.2357177734375,137627500,0.0,0.0,0.0
2020-06-17,287.25102322318884,287.5437045654918,284.3151106090864,285.04681396484375,83398900,0.0,0.0,0.0
2020-06-18,283.53761761058155,285.63204970567585,283.08031363864694,285.1564636230469,80828700,0.0,0.0,0.0
2020-06-19,288.6069871864401,288.79989229703216,281.5886165097205,283.5269470214844,135549600,1.366,0.0,0.0
2020-06-22,282.92975500160884,285.740769602764,281.7906591077808,285.34576416015625,74649400,0.0,0.0,0.0
2020-06-23,287.9822576249924,288.91008594994315,286.25522305494576,286.659423828125,68471200,0.0,0.0,0.0
2020-06-24,284.62918451943716,285.24468083304134,277.5189755901933,279.3470458984375,132813500,0.0,0.0,0.0
2020-06-25,278.77761765240314,282.6083304223183,276.7658087065028,282.3419189453125,89468000,0.0,0.0,0.0
2020-06-26,281.2487273580822,281.4600230740783,275.0571489247479,275.6358642578125,127961000,0.0,0.0,0.0
2020-06-29,276.88516190649545,279.82477053732015,274.6069420891826,279.6869812011719,79773300,0.0,0.0,0.0
2020-06-30,279.2552617532368,284.9599933798619,279.09910982852165,283.2696838378906,113394800,0.0,0.0,0.0
2020-07-01,284.3812521535075,286.51248764873316,283.9219356089049,285.2539367675781,72396500,0.0,0.0,0.0
2020-07-02,288.6712626090192,290.01248714880245,286.16341213389586,286.8248291015625,69344200,0.0,0.0,0.0
2020-07-06,290.6278998033505,291.83130671638787,289.8838093619901,291.2525634765625,61713800,0.0,0.0,0.0
2020-07-07,289.71850628424903,291.68436650450917,287.87204481586895,288.2486877441406,82910000,0.0,0.0,0.0
2020-07-08,289.01107826646074,290.5635700836482,287.2565141278047,290.4533386230469,54638600,0.0,0.0,0.0
2020-07-09,291.0597259556873,291.298579547416,285.400942347233,288.7998962402344,83354200,0.0,0.0,0.0
2020-07-10,288.73557224712687,292.01509919724424,287.3117021320966,291.7486877441406,57550400,0.0,0.0,0.0
2020-07-13,294.081988558485,296.45204937769444,288.57019052506786,289.222412109375,102997500,0.0,0.0,0.0
2020-07-14,287.80768781432056,293.74207676938335,286.6134762105575,292.9704284667969,93657000,0.0,0.0,0.0
2020-07-15,296.17641945606164,296.7551626349699,293.2918988610107,295.6619873046875,87196500,0.0,0.0,0.0
2020-07-16,293.76966043976955,295.13841466446394,293.12660611390436,294.68829345703125,54622500,0.0,0.0,0.0
2020-07-17,295.6896482450568,296.32350737296974,293.723759811365,295.54266357421875,62774900,0.0,0.0,0.0
2020-07-20,295.27619796890855,298.6751512770174,294.53210748290684,297.9310607910156,56308800,0.0,0.0,0.0
2020-07-21,299.8877446097255,300.3286704937744,297.5819668813905,298.5649108886719,57292200,0.0,0.0,0.0
2020-07-22,298.2066144886055,300.5767031253431,298.09638302353903,300.26434326171875,57792900,0.0,0.0,0.0
2020-07-23,299.9061124158589,300.6042824570707,295.32214278131715,296.68170166015625,75738000,0.0,0.0,0.0
2020-07-24,294.8353071395609,295.79066538679007,293.2736196426377,294.77099609375,73766600,0.0,0.0,0.0
2020-07-27,295.4599699891878,297.0951357943914,294.66993094112354,296.92059326171875,48293000,0.0,0.0,0.0
2020-07-28,296.1948119559722,297.3063779975777,294.74338424671515,295.037353515625,57495000,0.0,0.0,0.0
2020-07-29,295.9099951352713,299.22627414454865,295.8732419733669,298.6658935546875,48454200,0.0,0.0,0.0
2020-07-30,295.70792971724495,298.0137073048075,293.63183839287296,297.6003112792969,61861700,0.0,0.0,0.0
2020-07-31,299.38244795338665,300.0530600436379,295.1842889920088,299.9519958496094,84986800,0.0,0.0,0.0
2020-08-03,301.6055644080118,302.79977597987823,301.0635743540446,302.0373229980469,53077900,0.0,0.0,0.0
2020-08-04,301.1830061675054,303.2040100097656,301.1830061675054,303.2040100097656,41917900,0.0,0.0,0.0
2020-08-05,304.49921726773294,305.344371784248,304.23280590439856,305.0871276855469,42697700,0.0,0.0,0.0
2020-08-06,304.50847479244663,307.2459831711578,304.1869476378153,307.1265563964844,43679400,0.0,0.0,0.0
2020-08-07,306.16203189273534,307.631850428163,305.2617613816024,307.3470764160156,57308300,0.0,0.0,0.0
2020-08-10,307.79711328642304,308.4493347450377,305.86797873960825,308.265625,44282100,0.0,0.0,0.0
2020-08-11,309.441519138521,310.07537812563476,304.9953389625245,305.7210388183594,69601100,0.0,0.0,0.0
2020-08-12,308.1462545152505,310.755168860554,308.11869664674026,309.9835205078125,53774400,0.0,0.0,0.0
2020-08-13,309.22096485372293,310.7275360608558,308.50443241079194,309.4230651855469,41816100,0.0,0.0,0.0
2020-08-14,309.0372456238224,309.96507366883924,308.31151790441976,309.4322509765625,47260400,0.0,0.0,0.0
2020-08-17,310.4427800314214,310.81022755560656,309.4414736133761,310.41522216796875,35481000,0.0,0.0,0.0
2020-08-18,310.81033073952744,311.5085008913745,309.22108532762326,311.0859375,38733900,0.0,0.0,0.0
2020-08-19,311.46244829769483,311.97688043726134,309.2301772598134,309.7905578613281,68054200,0.0,0.0,0.0
2020-08-20,308.0727973930236,311.23289764783453,307.9442033309167,310.7552185058594,42207800,0.0,0.0,0.0
2020-08-21,310.42444831688175,312.077976357265,310.0845305879196,311.8575134277344,55106600,0.0,0.0,0.0
2020-08-24,314.28274638944663,315.0911479893347,311.8300117530821,315.0176696777344,48588700,0.0,0.0,0.0
2020-08-25,315.5780049913605,316.20266872609784,314.4205183977049,316.1199951171875,38463400,0.0,0.0,0.0
2020-08-26,316.70785911362395,319.5555984201468,316.1658691154648,319.2892150878906,50790200,0.0,0.0,0.0
2020-08-27,320.1528630739039,321.42974863429623,318.33395925929887,319.98748779296875,58034100,0.0,0.0,0.0
2020-08-28,321.0071551601329,322.1830044157413,319.8221106024278,322.05438232421875,48588900,0.0,0.0,0.0
2020-08-31,321.8430814950249,322.7157660361152,320.6580370594044,320.8876953125,66099200,0.0,0.0,0.0
2020-09-01,321.71445732028485,324.0110398362748,320.8233821827026,323.9100036621094,54908700,0.0,0.0,0.0
2020-09-02,325.8115748999467,329.55958516400403,324.6724509289128,328.59503173828125,69540000,0.0,0.0,0.0
2020-09-03,326.9138442060116,327.3823558966591,314.71440196148785,317.2865905761719,148011100,0.0,0.0,0.0
2020-09-04,317.96643711549046,319.52809635719643,307.62262081365446,314.69610595703125,139156300,0.0,0.0,0.0
2020-09-08,309.31287135263426,314.76038567556583,305.7945197326243,306.09765625,114465300,0.0,0.0,0.0
2020-09-09,310.0845768752643,314.5950685448863,309.2210595597669,312.142333984375,91462300,0.0,0.0,0.0
2020-09-10,314.00704072581084,314.6592621024789,305.76690416777643,306.7222900390625,90569500,0.0,0.0,0.0
2020-09-11,308.49543513729907,309.55185780350035,304.06761599484327,306.8786315917969,84680200,0.0,0.0,0.0
2020-09-14,310.0294874826099,312.68435069692356,307.0255672262538,310.9205627441406,65605700,0.0,0.0,0.0
2020-09-15,313.3641091586168,314.19087331685137,310.92973712374885,312.4914245605469,52920900,0.0,0.0,0.0
2020-09-16,313.72237632422525,315.1462463127431,310.9756444899073,311.2512512207031,82096000,0.0,0.0,0.0
2020-09-17,306.419280901288,310.2224357183526,305.89565326106145,308.5137634277344,91523300,0.0,0.0,0.0
2020-09-18,309.3152200755453,309.4258928149711,302.49012905972876,304.9619140625,105877900,1.339,0.0,0.0
2020-09-21,300.39645567196135,301.7153525566458,296.7348829024936,301.5677795410156,99450800,0.0,0.0,0.0
2020-09-22,303.04352022017224,305.1924909636533,300.5440388915025,304.63909912109375,63612100,0.0,0.0,0.0
2020-09-23,305.1923890488942,305.46909895110974,297.07607189061287,297.5741271972656,93112200,0.0,0.0,0.0
2020-09-24,296.26450432799584,301.4109832200537,294.9548113676943,298.36737060546875,76681300,0.0,0.0,0.0
2020-09-25,297.5188098317548,303.97498118619103,296.65186414481286,303.1910400390625,71069400,0.0,0.0,0.0
2020-09-28,307.33213431177614,308.93694467866027,306.3452558726768,308.2267761230469,64584600,0.0,0.0,0.0
2020-09-29,308.02395029629054,308.7617872255907,305.85651561479375,306.5482482910156,51304000,0.0,0.0,0.0
2020-09-30,307.21229184325324,312.00831599678094,307.0186145881831,308.8724670410156,104081100,0.0,0.0,0.0
2020-10-01,311.454934234135,312.4233486871583,308.9831496490162,310.8554382324219,88698700,0.0,0.0,0.0
2020-10-02,305.9302627773023,310.8277270180738,305.4598756326697,307.90399169921875,89431100,0.0,0.0,0.0
2020-10-05,309.95163697043023,313.54864197302436,309.90553270818015,313.36419677734375,45713100,0.0,0.0,0.0
2020-10-06,313.5025398765093,315.5869704435292,308.40216435314886,308.909423828125,90128900,0.0,0.0,0.0
2020-10-07,311.85152550936397,315.08884337216455,311.82385732877054,314.28643798828125,56999600,0.0,0.0,0.0
2020-10-08,316.2140356726997,317.136345808454,315.30092949856623,317.07177734375,45242500,0.0,0.0,0.0
2020-10-09,318.7135625963804,320.36450600551524,318.09563042343444,319.9033508300781,59528600,0.0,0.0,0.0
2020-10-12,322.43047714589153,326.51630530793193,321.9416537782736,325.0498352050781,80388500,0.0,0.0,0.0
2020-10-13,324.9114587531888,325.08669995512446,321.96928675859624,322.9284973144531,73255500,0.0,0.0,0.0
2020-10-14,323.50030508369025,324.588624372676,320.1707787470456,320.8993835449219,57727900,0.0,0.0,0.0
2020-10-15,317.0072439350563,320.98239880801316,316.4723163816997,320.5028076171875,60357700,0.0,0.0,0.0
2020-10-16,321.84947745543866,323.5004211995098,320.1339933651881,320.3092346191406,89501900,0.0,0.0,0.0
2020-10-19,321.5634563511587,322.1906205529244,314.54468900491094,315.4393310546875,68425600,0.0,0.0,0.0
2020-10-20,316.77665329081066,319.9309665581509,316.0203803185693,316.702880859375,60051900,0.0,0.0,0.0
2020-10-21,316.65678774336294,318.8150186473506,315.79904590648505,316.1034240722656,63575000,0.0,0.0,0.0
2020-10-22,316.3155349317443,318.4184013053326,314.1850003748197,317.83734130859375,55399300,0.0,0.0,0.0
2020-10-23,319.05475325093767,319.1100896099065,316.47229601014976,318.9164123535156,49143900,0.0,0.0,0.0
2020-10-26,315.54997848902946,316.33394775174224,309.54573036057326,313.0228576660156,91473000,0.0,0.0,0.0
2020-10-27,313.3641216886395,313.6961398493141,311.7316146253023,311.9437561035156,65994100,0.0,0.0,0.0
2020-10-28,306.2992612343689,311.9714640421637,300.79306752806804,301.2818908691406,127094300,0.0,0.0,0.0
2020-10-29,301.51240377305834,307.49818742638644,299.8337926046557,304.3439025878906,90597700,0.0,0.0,0.0
2020-10-30,302.77604515722487,304.07650614801975,297.5373290450951,301.1712341308594,120287300,0.0,0.0,0.0
2020-11-02,304.5469055175781,306.5390712136703,301.816846466365,304.5469055175781,86068300,0.0,0.0,0.0
2020-11-03,307.76562610294224,311.9713574505421,304.6297777327729,309.923828125,93294200,0.0,0.0,0.0
2020-11-04,314.3787116216634,320.9086850612525,313.2073875383157,316.85052490234375,126959700,0.0,0.0,0.0
2020-11-05,322.107657910906,324.8284847044749,321.75717547412864,323.02996826171875,82039700,0.0,0.0,0.0
2020-11-06,322.7440657543736,324.2013319224955,320.64119920578634,322.9562072753906,74973000,0.0,0.0,0.0
2020-11-09,335.6932553819829,336.071405953707,326.5531576293563,327.0143127441406,172304200,0.0,0.0,0.0
2020-11-10,326.0273805377353,327.5860868216353,323.2789145185533,326.53466796875,85552000,0.0,0.0,0.0
2020-11-11,328.7114074071208,329.78129080470626,327.47551489956834,328.96044921875,58649000,0.0,0.0,0.0
2020-11-12,327.9550970682561,329.0065443622718,323.9707378060497,325.76922607421875,67546200,0.0,0.0,0.0
2020-11-13,327.66908262589186,331.01707262409263,327.1525912475838,330.27923583984375,62892200,0.0,0.0,0.0
2020-11-16,332.9355686346887,334.59571584824243,331.65354385962263,334.40203857421875,74541100,0.0,0.0,0.0
2020-11-17,332.0040805209926,333.8025970851637,330.5007100442092,332.60357666015625,66111000,0.0,0.0,0.0
2020-11-18,332.87100914114745,333.41516883301097,328.56380771525403,328.6007080078125,70591300,0.0,0.0,0.0
2020-11-19,327.9735317794911,330.3530798490243,326.63617065322336,329.9841613769531,59940900,0.0,0.0,0.0
2020-11-20,329.7258822189603,329.9287915800389,327.650684358841,327.7244567871094,70417300,0.0,0.0,0.0
2020-11-23,329.52304728538064,330.94341313374053,327.30027592000744,329.6890563964844,63230600,0.0,0.0,0.0
2020-11-24,332.2253327900278,335.5456549747492,331.376823210232,335.0014953613281,62415900,0.0,0.0,0.0
2020-11-25,334.918533340122,334.9462015223956,333.3967270217236,334.48504638671875,45330900,0.0,0.0,0.0
2020-11-27,335.573402977946,335.8869851273918,334.41128290018645,335.4166259765625,28514100,0.0,0.0,0.0
2020-11-30,334.6418093714301,334.90928722000234,331.2661786885653,333.931640625,83872700,0.0,0.0,0.0
2020-12-01,337.16896165443563,339.1150227531008,336.57866958962217,337.583984375,74231400,0.0,0.0,0.0
2020-12-02,336.47717640069897,338.45090537235035,335.90534864392777,338.29412841796875,45927000,0.0,0.0,0.0
2020-12-03,338.1927027053722,339.5854001362347,337.1043834074392,338.2019348144531,62882000,0.0,0.0,0.0
2020-12-04,338.7830112476437,341.116455078125,338.690774592366,341.116455078125,50749900,0.0,0.0,0.0
2020-12-07,340.35083681619807,340.90422846300885,339.1518450369984,340.4154052734375,48944300,0.0,0.0,0.0
2020-12-08,339.1519798828569,341.9742474423822,339.1058756217369,341.4116516113281,42458900,0.0,0.0,0.0
2020-12-09,342.0664269707274,342.2232039496902,337.5194442340086,338.3495178222656,74098300,0.0,0.0,0.0
2020-12-10,336.9845044596191,339.2810480632366,336.1175305396437,338.2388610839844,57735400,0.0,0.0,0.0
2020-12-11,336.5509954355729,338.2480428717824,335.03842130301246,337.84222412109375,57698600,0.0,0.0,0.0
2020-12-14,340.00048656717314,341.070341758888,336.15444018565523,336.3296813964844,69216200,0.0,0.0,0.0
2020-12-15,338.8567558775116,340.8766174316406,337.49175481944405,340.8766174316406,63865300,0.0,0.0,0.0
2020-12-16,341.0888373434494,342.32472989626876,340.21263120873294,341.4116516113281,58420500,0.0,0.0,0.0
2020-12-17,343.04408843782375,343.52367965151916,342.2232187766809,343.3207702636719,64119500,0.0,0.0,0.0
2020-12-18,343.607962623695,343.7746793835647,339.9492957710369,341.9499816894531,136542300,1.58,0.0,0.0
2020-12-21,338.05047081899306,350.54546365353127,335.3273176661251,340.727294921875,96386700,0.0,0.0,0.0
2020-12-22,341.05137898066283,341.16252343936156,339.0321792699085,340.1529235839844,47949000,0.0,0.0,0.0
2020-12-23,341.116302912313,342.35746343749054,340.13448894065533,340.45867919921875,46201400,0.0,0.0,0.0
2020-12-24,340.9310178427268,341.8109587265613,340.34750934079955,341.7831726074219,26457900,0.0,0.0,0.0
2020-12-28,344.3210549674562,345.1083660073762,343.70048890382196,344.7193603515625,39000400,0.0,0.0,0.0
2020-12-29,346.2384414390911,346.41442964061537,343.47823072745575,344.061767578125,53680500,0.0,0.0,0.0
2020-12-30,344.87680252607737,345.5807552049066,344.16360665234055,344.5526123046875,49455300,0.0,0.0,0.0
2020-12-31,344.3581095939101,347.02568999178754,343.8486880077347,346.30322265625,78520700,0.0,0.0,0.0
2021-01-04,347.6278008405059,347.75748825794324,337.91153359546706,341.5887145996094,110210800,0.0,0.0,0.0
2021-01-05,340.949602377982,345.0250605268472,340.9032733293273,343.94134521484375,66426200,0.0,0.0,0.0
2021-01-06,342.4408544416183,349.17465054566816,341.8943751612788,345.99761962890625,107997700,0.0,0.0,0.0
2021-01-07,348.3595497218485,351.87925728639124,348.1835615169557,351.1382751464844,68766800,0.0,0.0,0.0
2021-01-08,352.5183825734694,353.3519945857857,349.2858075597877,353.13897705078125,71677200,0.0,0.0,0.0
2021-01-11,349.9804746734245,352.5090967320955,349.86005871507695,350.7585144042969,51034700,0.0,0.0,0.0
2021-01-12,350.94378384862574,351.8422112962133,348.60036486061927,350.8326110839844,52547700,0.0,0.0,0.0
2021-01-13,350.7585330833306,352.7684620951219,349.98049331102504,351.77740478515625,45303600,0.0,0.0,0.0
2021-01-14,352.51837079015854,353.0185492874925,350.2120377042884,350.54547119140625,49989100,0.0,0.0,0.0
2021-01-15,348.9337700181384,349.7303243022452,346.13653029489757,347.989013671875,107160000,0.0,0.0,0.0
2021-01-19,350.43427237101565,351.25864103080227,348.96155149790013,350.7214050292969,51233300,0.0,0.0,0.0
2021-01-20,352.999972027398,356.40856307524916,352.61096633026204,355.574951171875,61836100,0.0,0.0,0.0
2021-01-21,356.13066931635393,356.5567608588735,354.9821386306928,355.89910888671875,47840100,0.0,0.0,0.0
2021-01-22,354.0558675399395,355.79720634900036,353.6761050748442,354.639404296875,52860500,0.0,0.0,0.0
2021-01-25,355.371129814601,356.38997296903665,350.5453906898766,356.03802490234375,70402000,0.0,0.0,0.0
2021-01-26,356.98283743956097,357.3903860722406,355.25076988400014,355.4823303222656,42665300,0.0,0.0,0.0
2021-01-27,352.17565195238956,352.2682817840443,344.57121482669146,346.794189453125,123351100,0.0,0.0,0.0
2021-01-28,348.6003576792307,353.7595313987344,348.1650511599813,349.7767028808594,94198100,0.0,0.0,0.0
2021-01-29,347.9242248487391,348.8875242713741,341.1070702475137,342.7743225097656,126765100,0.0,0.0,0.0
2021-02-01,346.1550740721614,349.5080647438886,343.0614299643618,348.4799499511719,75817600,0.0,0.0,0.0
2021-02-02,351.64767805001776,354.95436791269526,348.563305430762,353.40753173828125,64450700,0.0,0.0,0.0
2021-02-03,354.2318734911407,355.3989470635839,352.4164476969592,353.6853942871094,52427100,0.0,0.0,0.0
2021-02-04,354.7135208194631,357.75159252733863,353.79655056291546,357.7052917480469,47142600,0.0,0.0,0.0
2021-02-05,359.56706738711136,359.8171424896875,357.6590115971153,359.1131896972656,48669800,0.0,0.0,0.0
2021-02-08,360.558136499525,361.7529963401308,359.7060098700413,361.7066955566406,38365200,0.0,0.0,0.0
2021-02-09,360.8730425291398,362.05865913101644,360.4655221555642,361.4658508300781,35551100,0.0,0.0,0.0
2021-02-10,363.1979212677015,363.346123344099,358.918688778351,361.3083801269531,59154400,0.0,0.0,0.0
2021-02-11,362.3828137358075,362.79963383055735,359.4744293353658,361.89190673828125,42913300,0.0,0.0,0.0
2021-02-12,361.09534309546916,363.92036905749677,361.0212279279476,363.6795654296875,50593300,0.0,0.0,0.0
2021-02-16,364.90218870691695,365.09671982469814,362.6514280582041,363.3646240234375,50972400,0.0,0.0,0.0
2021-02-17,361.62339184114336,363.69816474823375,360.61376324856224,363.4480895996094,52290600,0.0,0.0,0.0
2021-02-18,360.85443507542806,362.64207444826945,359.1408825878246,361.9010925292969,59712800,0.0,0.0,0.0
2021-02-19,363.15162613106077,363.43875882521473,360.8174787248331,361.2620849609375,83241000,0.0,0.0,0.0
2021-02-22,358.51112352371484,360.88230010289743,358.2147193846534,358.48333740234375,67414200,0.0,0.0,0.0
2021-02-23,356.28817782496253,360.26176310227765,352.1571472693643,358.918701171875,107284100,0.0,0.0,0.0
2021-02-24,357.83496090759934,363.2998098164091,356.85314691923423,362.87371826171875,72433900,0.0,0.0,0.0
2021-02-25,361.6141477308182,362.97572462075846,352.6944326218894,354.1300964355469,146670500,0.0,0.0,0.0
2021-02-26,356.0010524866953,357.14031184524765,350.3324570181541,352.3053283691406,152701600,0.0,0.0,0.0
2021-03-01,357.1496102666347,362.0864954151904,352.4998861119535,360.8453063964844,105348800,0.0,0.0,0.0
2021-03-02,361.0675824477177,361.29914289591414,357.52933201527884,358.0295104980469,79595300,0.0,0.0,0.0
2021-03-03,357.3348118079067,358.29808287365273,353.18523860165686,353.2871398925781,119940200,0.0,0.0,0.0
2021-03-04,353.1018549094259,355.6768056530186,344.4507609972597,348.9152526855469,183433000,0.0,0.0,0.0
2021-03-05,352.397907830953,356.38076408471085,345.15471924913305,355.3341064453125,152039600,0.0,0.0,0.0
2021-03-08,356.28821695684354,359.0854573526908,353.2872022098644,353.5650634765625,123149200,0.0,0.0,0.0
2021-03-09,357.39039119381505,361.15093050380403,356.89021272533046,358.613037109375,113633600,0.0,0.0,0.0
2021-03-10,360.94720770398686,362.53107343582826,359.53933019420117,360.8453063964844,109899400,0.0,0.0,0.0
2021-03-11,363.29980330973046,366.4675341915617,362.8459256414853,364.50390625,86245000,0.0,0.0,0.0
2021-03-12,363.15163038715974,365.1337731463777,362.3458045414346,364.9948425292969,64653600,0.0,0.0,0.0
2021-03-15,365.24491005005603,367.4308553577761,363.11456525466946,367.1715087890625,73427200,0.0,0.0,0.0
2021-03-16,367.782879057633,368.4868036822963,365.9396384500891,366.70843505859375,73722500,0.0,0.0,0.0
2021-03-17,365.43015115301284,368.75535559488856,364.2908636411773,367.95880126953125,97959300,0.0,0.0,0.0
2021-03-18,365.38379682361085,367.4585689638705,361.92890547697283,362.6050720214844,115349100,0.0,0.0,0.0
2021-03-19,362.305939150035,363.87641702535865,359.76900680699566,361.9342346191406,113624500,1.278,0.0,0.0
2021-03-22,362.44533667840955,366.1996177896849,362.3895824149107,364.82427978515625,73778600,0.0,0.0,0.0
2021-03-23,364.1923465537259,365.6327121636265,361.17220132844585,361.9527893066406,90686600,0.0,0.0,0.0
2021-03-24,363.34661998833695,364.9728516634766,360.06627951513883,360.11273193359375,97588600,0.0,0.0,0.0
2021-03-25,358.681705445465,362.9284721903629,356.7487968597733,362.13861083984375,116128600,0.0,0.0,0.0
2021-03-26,363.28156920877854,368.3740078236016,362.6868477914323,367.97442626953125,114409100,0.0,0.0,0.0
2021-03-29,366.506169777318,368.6899723870586,365.0286254649994,367.78857421875,108107600,0.0,0.0,0.0
2021-03-30,366.52476262984527,367.4819150187668,365.2237545709977,366.8128356933594,76262200,0.0,0.0,0.0
2021-03-31,367.379739547907,369.85161555750506,367.35186241979716,368.2997131347656,112734200,0.0,0.0,0.0
2021-04-01,370.2232566445008,372.33272962738533,370.0188149536316,372.2769470214844,99682900,0.0,0.0,0.0
2021-04-05,374.92546817300206,378.15935697469143,374.85113861446,377.620361328125,91684800,0.0,0.0,0.0
2021-04-06,377.0628133197033,378.43812282723076,376.72825941298316,377.3973388671875,62021000,0.0,0.0,0.0
2021-04-07,377.2300830672533,378.17793382855064,376.7747471661256,377.8341064453125,55836300,0.0,0.0,0.0
2021-04-08,379.0792944120443,379.68331772995526,378.15001904318626,379.6275634765625,57863100,0.0,0.0,0.0
2021-04-09,379.50684182818276,382.55486438819275,379.3860314735494,382.3875732421875,61104600,0.0,0.0,0.0
2021-04-12,381.7927810410096,382.79638593522094,381.1887577388025,382.52691650390625,56704900,0.0,0.0,0.0
2021-04-13,382.42472067416116,384.2832715540899,382.04371434066746,383.66064453125,56551000,0.0,0.0,0.0
2021-04-14,383.6327485367833,384.68283426978144,381.81137670460754,382.3503723144531,61659900,0.0,0.0,0.0
2021-04-15,384.4784328546867,386.7272920226282,384.43198042379737,386.4577941894531,60229800,0.0,0.0,0.0
2021-04-16,387.74014885492164,388.3534740033724,386.32766049921406,387.74945068359375,82037300,0.0,0.0,0.0
2021-04-19,386.82017754821817,387.26621157931834,384.52486623240225,385.84442138671875,78498500,0.0,0.0,0.0
2021-04-20,384.63640040393466,385.73293861586444,381.55119913988244,383.01947021484375,81851800,0.0,0.0,0.0
2021-04-21,382.4060920583846,386.8480269077358,382.26667807443886,386.6435852050781,66793000,0.0,0.0,0.0
2021-04-22,386.4763357663494,387.3033760742911,382.0529760615345,383.1123352050781,97582800,0.0,0.0,0.0
2021-04-23,383.6699439588904,388.66945033208026,383.59561440222234,387.2662353515625,73209200,0.0,0.0,0.0
2021-04-26,387.9167155807785,388.6415492403517,387.33126755588586,388.0746765136719,52182400,0.0,0.0,0.0
2021-04-27,388.3720341226582,388.5672023617423,386.8573107884589,387.99102783203125,51303100,0.0,0.0,0.0
2021-04-28,388.2606145321749,389.37575653373204,387.4149703801879,387.8796081542969,51238900,0.0,0.0,0.0
2021-04-29,390.5930916563602,390.96479619087927,386.98749811712497,390.3514709472656,78544300,0.0,0.0,0.0
2021-04-30,388.0933284049745,388.93897250611576,386.89455507926465,387.7866516113281,85527000,0.0,0.0,0.0
2021-05-03,389.76597643845156,390.1469827577325,388.1304710094045,388.62298583984375,68128300,0.0,0.0,0.0
2021-05-04,386.64361861912283,387.13613344183,382.55481257184357,386.2254333496094,101591200,0.0,0.0,0.0
2021-05-05,387.8608839883818,388.09320278627035,385.78859010189365,386.3461608886719,60162200,0.0,0.0,0.0
2021-05-06,386.4205253076762,389.5614802761364,384.4225891373288,389.431396484375,74321400,0.0,0.0,0.0
2021-05-07,390.1935113301949,392.9162817949607,389.5151299919211,392.2657775878906,67733800,0.0,0.0,0.0
2021-05-10,392.6188718952487,392.84188892503846,388.2605678296134,388.3813781738281,81852400,0.0,0.0,0.0
2021-05-11,383.8835877287383,385.90009901548007,381.05858320269573,384.9150695800781,116888000,0.0,0.0,0.0
2021-05-12,382.14603140850886,383.40983266568554,375.4273583261664,376.7376403808594,134811000,0.0,0.0,0.0
2021-05-13,378.2802169243702,383.1867908493856,378.2337361298547,381.26318359375,106394000,0.0,0.0,0.0
2021-05-14,383.9858999881605,387.9631977718594,383.95802285908553,387.1175537109375,82201600,0.0,0.0,0.0
2021-05-17,386.0117253429356,386.94100075093894,384.12526903982337,386.13250732421875,65129200,0.0,0.0,0.0
2021-05-18,386.3926838620524,386.6343045309309,382.6477052906037,382.8056945800781,59810200,0.0,0.0,0.0
2021-05-19,378.1407743642917,381.9786581081242,376.66320145918377,381.8020935058594,106467100,0.0,0.0,0.0
2021-05-20,382.67556601783144,387.1639817014691,382.55478404780166,385.9094543457031,78022200,0.0,0.0,0.0
2021-05-21,387.3870617505494,388.62301401036063,385.13823098788333,385.59356689453125,76578700,0.0,0.0,0.0
2021-05-24,387.82376329020775,390.59301398629543,387.5821426291598,389.52435302734375,51376700,0.0,0.0,0.0
2021-05-25,390.6023692130514,390.9554984502717,388.08404047916116,388.6601867675781,57451400,0.0,0.0,0.0
2021-05-26,389.2455300855949,389.9331847144658,388.21404814228856,389.431396484375,43088600,0.0,0.0,0.0
2021-05-27,390.4537228372941,390.9648130493914,389.35715612820707,389.6359558105469,56707700,0.0,0.0,0.0
2021-05-28,391.19704397355315,391.4572399363522,390.10050587027376,390.33282470703125,58520200,0.0,0.0,0.0
2021-06-01,392.68390661909086,392.8232922551266,389.55225310614026,389.989013671875,54216600,0.0,0.0,0.0
2021-06-02,390.639473876416,391.43866542326464,389.63586897767476,390.602294921875,49097100,0.0,0.0,0.0
2021-06-03,388.2977314392226,390.2863660477926,386.8387622554671,389.15264892578125,58138800,0.0,0.0,0.0
2021-06-04,390.99265720434005,393.00919746881766,389.2177376389968,392.7118225097656,55938800,0.0,0.0,0.0
2021-06-07,392.7025150607527,392.87907966771104,391.4015350825624,392.330810546875,51555000,0.0,0.0,0.0
2021-06-08,393.18571484226,393.27864805740666,390.59305680285246,392.4144287109375,47134300,0.0,0.0,0.0
2021-06-09,393.2507697660974,393.32512768168914,391.6059624638834,391.8289794921875,48436300,0.0,0.0,0.0
2021-06-10,393.0463367362392,394.5982392171646,391.7360549474813,393.6503601074219,51020100,0.0,0.0,0.0
2021-06-11,394.1987271327008,394.41244237418545,392.916322246828,394.3009338378906,45570800,0.0,0.0,0.0
2021-06-14,394.4123098852329,395.28583093843525,393.17638621080886,395.1836242675781,42358500,0.0,0.0,0.0
2021-06-15,395.33238351653245,395.36953411673755,393.58534109284255,394.4588623046875,51508500,0.0,0.0,0.0
2021-06-16,394.59826214861766,394.82127919481803,390.2213824615084,392.2564697265625,80386100,0.0,0.0,0.0
2021-06-17,391.84760199223103,393.10210119599844,389.66379895429577,392.1263732910156,90949700,0.0,0.0,0.0
2021-06-18,388.85956550548985,389.54947004298504,386.6313456995703,386.8364562988281,118676300,1.376,0.0,0.0
2021-06-21,388.5890691181396,392.56074204937937,387.7779592270013,392.374267578125,72822000,0.0,0.0,0.0
2021-06-22,392.36500160297555,395.30178987033617,391.64710042623443,394.4720153808594,57700300,0.0,0.0,0.0
2021-06-23,394.54667538647084,395.3484532153009,393.9127075517657,393.9966125488281,49445400,0.0,0.0,0.0
2021-06-24,396.13158375367453,396.74688700384473,395.879840335682,396.3273620605469,45110300,0.0,0.0,0.0
2021-06-25,397.0732323076562,398.1826902147583,396.74691613756454,397.73516845703125,58129500,0.0,0.0,0.0
2021-06-28,398.25727348362227,398.7047667692016,397.0639106353862,398.5369567871094,53159600,0.0,0.0,0.0
2021-06-29,398.91924432286936,399.5532121672935,398.2200075512794,398.7514343261719,35970500,0.0,0.0,0.0
2021-06-30,398.294470766451,399.75821283430224,398.26650244135874,399.0869445800781,64827900,0.0,0.0,0.0
2021-07-01,399.8421598624358,401.45507598441856,399.7768909463528,401.29656982421875,53441000,0.0,0.0,0.0
2021-07-02,402.4527776449218,404.7182982314906,401.3805917033417,404.364013671875,57697700,0.0,0.0,0.0
2021-07-06,404.4198848881772,404.6343277321894,400.90506510112056,403.6274108886719,68710400,0.0,0.0,0.0
2021-07-07,404.30802236006286,405.333575301401,402.3035493327299,405.0538635253906,63549500,0.0,0.0,0.0
2021-07-08,399.7582794572034,402.5086218416847,398.5835527035313,401.7534484863281,97595200,0.0,0.0,0.0
2021-07-09,403.25446917430344,406.34043156356205,401.5576479376436,406.0420837402344,76238600,0.0,0.0,0.0
2021-07-12,405.9580842197252,407.74814229085024,405.5292271060628,407.49639892578125,52889600,0.0,0.0,0.0
2021-07-13,406.7133297443053,408.20504032687353,405.84628310421715,406.1073303222656,52911300,0.0,0.0,0.0
2021-07-14,407.7948073005834,408.27962958567196,405.47335073456526,406.71331787109375,64130400,0.0,0.0,0.0
2021-07-15,405.3801859332363,406.0514543731517,403.4316495407636,405.3242492675781,55126400,0.0,0.0,0.0
2021-07-16,406.4989768804911,406.5455812846176,401.7534933885176,402.1450500488281,75874700,0.0,0.0,0.0
2021-07-19,397.34360297120685,402.2102917266134,393.40922985130334,396.2061767578125,147987000,0.0,0.0,0.0
2021-07-20,396.86807940233047,403.15190560272424,396.0756054886236,401.8839416503906,99608200,0.0,0.0,0.0
2021-07-21,403.0773770798175,405.27765698558056,401.8374096846167,405.1377868652344,64724400,0.0,0.0,0.0
2021-07-22,405.31490711357736,406.2285867170565,404.33598703643406,405.9861755371094,47878500,0.0,0.0,0.0
2021-07-23,407.90668669595885,410.4985227710104,407.2261145579136,410.16290283203125,63766600,0.0,0.0,0.0
2021-07-26,409.5755481567641,411.17913206497195,409.52894375936796,411.1697998046875,43719200,0.0,0.0,0.0
2021-07-27,410.1349768235407,410.16294515467484,406.48028699392114,409.2958984375,67397100,0.0,0.0,0.0
2021-07-28,409.9205257266722,410.4985568598125,407.71094225553276,409.1280517578125,52472400,0.0,0.0,0.0
2021-07-29,410.051019737145,411.8969862615193,410.04168747728073,410.8248291015625,47435300,0.0,0.0,0.0
2021-07-30,408.2702864028163,410.2747590491166,408.13974857508884,408.8296813964844,68951200,0.0,0.0,0.0
2021-08-02,410.53585279390853,411.08591559023773,407.6177003787268,407.97198486328125,58783300,0.0,0.0,0.0
2021-08-03,408.76450901033223,411.4122822568077,406.58289362665914,411.29107666015625,58053900,0.0,0.0,0.0
2021-08-04,410.0138160666502,411.2631157472607,409.0348959179088,409.2679748535156,46732200,0.0,0.0,0.0
2021-08-05,410.42399765718676,411.94367672299376,410.1070137495975,411.8597717285156,38969700,0.0,0.0,0.0
2021-08-06,412.17678641929984,412.95992821159984,411.8970746314669,412.5403747558594,46930000,0.0,0.0,0.0
2021-08-09,412.5123024707758,412.8292863221601,411.44014535097375,412.20465087890625,41222600,0.0,0.0,0.0
2021-08-10,412.6521383148961,413.4259760914882,411.97156622812196,412.7174072265625,43339300,0.0,0.0,0.0
2021-08-11,413.78034258511013,413.83627924848605,412.66155241355983,413.7430419921875,44034300,0.0,0.0,0.0
2021-08-12,413.5937996763557,415.1228107611535,412.69878475833394,414.9829406738281,38909400,0.0,0.0,0.0
2021-08-13,415.43050961256574,415.75682576675683,414.9457157376628,415.7381896972656,39470300,0.0,0.0,0.0
2021-08-16,414.4422193750275,416.84758091171517,412.89457218859576,416.7170715332031,73740000,0.0,0.0,0.0
2021-08-17,414.17188917128794,414.8431575675143,411.0113539592329,413.9854431152344,92673900,0.0,0.0,0.0
2021-08-18,412.9785282041807,414.53550784290934,409.2119935015114,409.4543762207031,89351900,0.0,0.0,0.0
2021-08-19,406.7412478119721,411.28164791613506,406.60140618601434,410.0882568359375,92812200,0.0,0.0,0.0
2021-08-20,410.4333164331078,413.67775658772473,409.94849410047595,413.3514404296875,72008700,0.0,0.0,0.0
2021-08-23,415.02958895216034,417.89180448672965,413.4260050862399,416.9874572753906,54973000,0.0,0.0,0.0
2021-08-24,417.64947509765625,418.18090188764904,417.1367128313938,417.64947509765625,38744700,0.0,0.0,0.0
2021-08-25,417.83588293403466,419.03854953793854,417.4629339431671,418.5257873535156,40529700,0.0,0.0,0.0
2021-08-26,418.2461560731721,418.4792350112977,415.96199955075224,416.05523681640625,57829600,0.0,0.0,0.0
2021-08-27,416.85693316240236,420.14800598686645,416.80099650435585,419.77508544921875,77235100,0.0,0.0,0.0
2021-08-30,420.44633655758804,422.40420486497374,420.203925414651,421.6210632324219,48357400,0.0,0.0,0.0
2021-08-31,421.5278867191652,421.8635067020357,420.3997927296068,420.9964599609375,59300200,0.0,0.0,0.0
2021-09-01,421.9287838685606,422.4415461141893,420.987135922643,421.22021484375,48721400,0.0,0.0,0.0
2021-09-02,422.63737991545406,423.3179521993094,421.3228113021193,422.51617431640625,42501000,0.0,0.0,0.0
2021-09-03,421.3879584056777,422.92627324819495,420.9870411281163,422.4134826660156,47170500,0.0,0.0,0.0
2021-09-07,422.06856215515467,422.16179940000075,420.2318993945348,420.9031677246094,51671500,0.0,0.0,0.0
2021-09-08,420.3717753085308,421.0989803051799,418.47914741318687,420.3904113769531,56181900,0.0,0.0,0.0
2021-09-09,420.1945871393745,421.9380124886916,418.348592294916,418.59100341796875,57970400,0.0,0.0,0.0
2021-09-10,420.5116222919028,420.9311472268283,415.16944383774626,415.2906494140625,89948200,0.0,0.0,0.0
2021-09-13,418.2741120636888,418.5351593108477,414.0506948028417,416.353515625,83738600,0.0,0.0,0.0
2021-09-14,417.789288718798,417.99439930193716,413.2209476783512,414.1066589355469,78197100,0.0,0.0,0.0
2021-09-15,414.5261935331129,418.05967793066094,413.426067858019,417.5655517578125,78792200,0.0,0.0,0.0
2021-09-16,417.04340609771833,418.01299380157405,413.9667476565997,416.903564453125,77786700,0.0,0.0,0.0
2021-09-17,416.13478169530885,416.55565067502687,412.4870792787578,412.8424987792969,118425000,1.428,0.0,0.0
2021-09-20,406.74432982392835,408.31563107334745,401.1137908654286,405.95867919921875,166445500,0.0,0.0,0.0
2021-09-21,408.2876280809987,409.57835018926,405.0514891940385,405.57525634765625,92526100,0.0,0.0,0.0
2021-09-22,407.838568692879,411.5610822337272,405.687384755819,409.5314636230469,102350100,0.0,0.0,0.0
2021-09-23,411.39277968477785,416.1067119256756,411.1589540771979,414.50732421875,76396000,0.0,0.0,0.0
2021-09-24,412.8798048689393,415.90084124621393,412.6646750877059,415.19000244140625,62094800,0.0,0.0,0.0
2021-09-27,414.16127425016805,415.32104015057223,413.31014559826434,414.0022888183594,61371100,0.0,0.0,0.0
2021-09-28,411.2431502653508,411.57051184242243,404.9298585168966,405.6593933105469,130436300,0.0,0.0,0.0
2021-09-29,407.03427776898445,408.7645930197675,405.7809759041746,406.3421630859375,82329200,0.0,0.0,0.0
2021-09-30,407.81062071451305,408.5120976496136,401.0390391681567,401.3757629394531,140506000,0.0,0.0,0.0
2021-10-01,403.0966548978282,407.819920791209,399.5892707562588,406.1457214355469,129240100,0.0,0.0,0.0
2021-10-04,404.9859554641585,405.88383781213133,398.7755335780304,400.9080505371094,128570000,0.0,0.0,0.0
2021-10-05,402.4045184317474,407.31485631227736,401.60953418086086,405.0794982910156,90682500,0.0,0.0,0.0
2021-10-06,401.4972133847707,406.968737621166,399.8791586518761,406.7629699707031,113032200,0.0,0.0,0.0
2021-10-07,410.0272332659466,413.1043576140897,409.84952352630745,410.2797546386719,72437500,0.0,0.0,0.0
2021-10-08,411.04667737060987,411.4301547502559,408.90482704747944,409.5314636230469,74557400,0.0,0.0,0.0
2021-10-11,408.8768487322521,411.77629222213716,406.5011723645591,406.566650390625,65233300,0.0,0.0,0.0
2021-10-12,407.48327480593025,407.8854480523545,404.780236733796,405.5658874511719,71181200,0.0,0.0,0.0
2021-10-13,406.5853090624002,407.83861088635894,403.62041636017756,407.02490234375,72974000,0.0,0.0,0.0
2021-10-14,410.6725606418157,414.0209591805535,410.2049094470439,413.8713073730469,70236800,0.0,0.0,0.0
2021-10-15,415.97578121085803,417.38809710044063,415.35847814408345,417.0233154296875,66260200,0.0,0.0,0.0
2021-10-18,415.24622902810097,418.59459923333367,414.5915058971594,418.2579040527344,62213200,0.0,0.0,0.0
2021-10-19,419.8759589330048,421.5501296498801,419.26798954865865,421.48468017578125,46996800,0.0,0.0,0.0
2021-10-20,421.9430117230665,423.4395013974078,421.830779992545,423.14019775390625,49571600,0.0,0.0,0.0
2021-10-21,422.5415781375362,424.468298903712,422.1113470020355,424.24383544921875,41305400,0.0,0.0,0.0
2021-10-22,423.8135918943795,425.2539656192229,421.86814686856104,423.8042297363281,58845100,0.0,0.0,0.0
2021-10-25,424.8891720800844,426.40435739743305,423.1214653908989,426.0769958496094,45214500,0.0,0.0,0.0
2021-10-26,427.6203353375782,428.826855070524,426.0864254618151,426.4605407714844,56075100,0.0,0.0,0.0
2021-10-27,426.91878511269175,427.58284181405264,424.496326817205,424.5711669921875,72438000,0.0,0.0,0.0
2021-10-28,425.9928970266798,428.74268884325414,425.98356341041193,428.6678771972656,51437900,0.0,0.0,0.0
2021-10-29,426.3763014877547,429.8275696350324,426.08636002655044,429.5376281738281,70162400,0.0,0.0,0.0
2021-11-01,430.5196789876019,430.893822778383,428.55556680181957,430.2765197753906,48433600,0.0,0.0,0.0
2021-11-02,430.44481231627395,432.3247790148604,430.3138562976126,432.01611328125,48908400,0.0,0.0,0.0
2021-11-03,431.45500068055804,435.05592075419565,431.0154073955712,434.65374755859375,52509800,0.0,0.0,0.0
2021-11-04,435.252290589815,436.7862001540291,434.90623328507866,436.7020263671875,52847100,0.0,0.0,0.0
2021-11-05,438.91876204081126,440.20012191636965,436.7114618114456,438.21728515625,66390600,0.0,0.0,0.0
2021-11-08,439.3116319161153,439.807341140291,437.90867805035356,438.5914306640625,50405200,0.0,0.0,0.0
2021-11-09,438.9561516297501,439.1899772416883,435.7387089260269,437.14166259765625,51149100,0.0,0.0,0.0
2021-11-10,435.45809321974474,437.14165472126496,432.1471431654352,433.6249084472656,69429700,0.0,0.0,0.0
2021-11-11,435.11203553677166,435.1868757153558,433.7465019808427,433.76519775390625,34848500,0.0,0.0,0.0
2021-11-12,435.0278628031356,437.59058233417034,434.08319821257237,437.03875732421875,53466700,0.0,0.0,0.0
2021-11-15,438.32012144161854,438.47910686218404,436.06603927869656,437.1883850097656,46980500,0.0,0.0,0.0
2021-11-16,436.92650252909095,440.05040906326917,436.85169089743965,438.918701171875,48857500,0.0,0.0,0.0
2021-11-17,438.65685496204304,438.83456471339144,437.23520549442225,437.8525085449219,47858300,0.0,0.0,0.0
2021-11-18,438.88134300282934,439.60154420700337,436.16897141797494,439.33966064453125,50625600,0.0,0.0,0.0
2021-11-19,439.2274065320901,440.4713748786704,438.18923442659184,438.55401611328125,57315600,0.0,0.0,0.0
2021-11-22,440.42466959295706,442.90321585636394,437.11369028727466,437.3194580078125,72762000,0.0,0.0,0.0
2021-11-23,436.99201694576334,438.7503901392518,434.4012394044777,437.8992614746094,73206500,0.0,0.0,0.0
2021-11-24,435.9070933030563,439.1900143055321,435.09338467174774,439.06842041015625,61858800,0.0,0.0,0.0
2021-11-26,432.4277521953583,433.88682180438246,428.1534129420354,429.2757873535156,112669600,0.0,0.0,0.0
2021-11-29,434.04579477237445,436.37468863148496,431.8571905656505,434.54150390625,86268800,0.0,0.0,0.0
2021-11-30,432.10968361693193,434.00834623655254,425.84314648487594,426.0863342285156,148559600,0.0,0.0,0.0
2021-12-01,431.77301163649753,434.6069767536424,421.1573237370427,421.3537292480469,131939200,0.0,0.0,0.0
2021-12-02,421.56889106102784,429.369310207567,421.1760514660489,427.8073425292969,127637800,0.0,0.0,0.0
2021-12-03,429.46279691605116,430.5196646058951,419.875947732394,424.0848083496094,137331600,0.0,0.0,0.0
2021-12-06,426.61954425695245,430.9780574380259,424.21580992319184,429.1074523925781,98977500,0.0,0.0,0.0
2021-12-07,434.36381305031244,438.5446161321875,428.976461819127,437.9834289550781,95484700,0.0,0.0,0.0
2021-12-08,438.37632310215554,439.59220501791617,436.62728333146055,439.14324951171875,72238800,0.0,0.0,0.0
2021-12-09,437.8618166085867,439.24607444800387,435.98187817780683,436.17828369140625,61272600,0.0,0.0,0.0
2021-12-10,438.871953514165,440.43389253118346,436.32792985552976,440.28424072265625,77159800,0.0,0.0,0.0
2021-12-13,439.7698232123747,440.115880522037,436.10342536649597,436.384033203125,87724700,0.0,0.0,0.0
2021-12-14,433.1291924903542,435.60773818463684,430.47293705354144,433.3817138671875,97264100,0.0,0.0,0.0
2021-12-15,433.43782580010543,440.39644899556384,430.9311938196878,440.1532897949219,116899300,0.0,0.0,0.0
2021-12-16,441.9958353261995,442.27641461198965,434.7285178494483,436.27178955078125,116568600,0.0,0.0,0.0
2021-12-17,433.2053919298383,436.19949071531244,429.9297281289503,431.6285705566406,135511600,1.633,0.0,0.0
2021-12-20,426.56961576775086,427.4331009530433,423.43473432064894,427.0389099121094,107134800,0.0,0.0,0.0
2021-12-21,430.4460118667737,434.76352423036354,428.2872700067012,434.62274169921875,69806300,0.0,0.0,0.0
2021-12-22,434.3693066437573,439.08100980710736,434.1721824687357,438.9683837890625,58890200,0.0,0.0,0.0
2021-12-23,439.96331276152887,443.19205915092374,439.860081786321,441.69970703125,56439700,0.0,0.0,0.0
2021-12-27,443.07001273264143,447.9976015537163,443.0230947726751,447.95068359375,56808600,0.0,0.0,0.0
2021-12-28,448.382431076323,449.4054889482958,446.8243709664045,447.5846252441406,47274600,0.0,0.0,0.0
2021-12-29,447.6878408773432,449.1707977326842,446.6929396080829,448.1571350097656,54503000,0.0,0.0,0.0
2021-12-30,448.57950388680786,449.5838002524032,446.4583137848695,446.918212890625,55329000,0.0,0.0,0.0
2021-12-31,446.43016246165064,447.5752127148281,445.5197306451295,445.7919006347656,65237400,0.0,0.0,0.0
2022-01-03,447.04963382232506,448.50446299701963,444.7501094779795,448.373046875,72668200,0.0,0.0,0.0
2022-01-04,449.79032507237594,450.50366140781244,446.3738496168056,448.2228698730469,71178700,0.0,0.0,0.0
2022-01-05,447.8568326219161,448.62648196413437,439.5221632658069,439.61602783203125,104538900,0.0,0.0,0.0
2022-01-06,439.15611548728646,441.9061724699496,436.8471675300687,439.2030334472656,86858900,0.0,0.0,0.0
2022-01-07,439.21240288799294,440.38563825349837,436.11504433699366,437.46661376953125,85111600,0.0,0.0,0.0
2022-01-10,434.28484075797536,437.1381287170904,428.5594460975087,436.9222717285156,119362000,0.0,0.0,0.0
2022-01-11,436.65941642560045,440.99568950369195,433.6746840587262,440.9018249511719,74303100,0.0,0.0,0.0
2022-01-12,442.62887430153415,444.140016431985,440.1416209152974,442.0938720703125,67605400,0.0,0.0,0.0
2022-01-13,443.1920625646944,443.8396908575435,434.9794139965531,436.0024719238281,91173100,0.0,0.0,0.0
2022-01-14,432.8676006358353,436.52808978679013,431.6568135400959,436.1808166503906,95890900,0.0,0.0,0.0
2022-01-18,431.50668102889443,431.71317165095127,427.34874072108227,428.4562683105469,109709100,0.0,0.0,0.0
2022-01-19,429.9954920501737,431.3845844979552,423.735095055278,424.0072937011719,109357600,0.0,0.0,0.0
2022-01-20,425.8844802762519,430.5680271579056,417.2025377031272,419.3143615722656,122379700,0.0,0.0,0.0
2022-01-21,418.1974651021742,420.5439362137734,411.0548207873205,411.0829772949219,202271200,0.0,0.0,0.0
2022-01-24,405.4983919140663,413.3356116835618,394.92050974188936,412.8287658691406,251783900,0.0,0.0,0.0
2022-01-25,406.4651000702844,412.7161024030997,400.9180390545414,407.78851318359375,167997300,0.0,0.0,0.0
2022-01-26,413.65470828881433,416.77082885836546,402.5230342303155,406.7654724121094,186391100,0.0,0.0,0.0
2022-01-27,411.3457755828655,414.4712624598946,403.07681378422694,404.7568664550781,149878300,0.0,0.0,0.0
2022-01-28,406.10838063603705,414.856030506667,401.54685522592445,414.8091125488281,164457400,0.0,0.0,0.0
2022-01-31,414.1427300497246,422.62757707476004,412.800555532894,422.2803039550781,152251400,0.0,0.0,0.0
2022-02-01,423.0030224285111,425.77186972605006,419.49271090214194,425.1336364746094,123155400,0.0,0.0,0.0
2022-02-02,427.52703339584536,429.98613051980317,425.2274802659756,429.263427734375,117361000,0.0,0.0,0.0
2022-02-03,423.25641842670075,425.1523565396717,418.338196105121,419.1735534667969,118024400,0.0,0.0,0.0
2022-02-04,418.9389647113515,424.9740816327315,416.5737034611267,421.1446533203125,118454400,0.0,0.0,0.0
2022-02-07,421.90488421960123,423.293976730891,418.46964721095105,419.7930603027344,84472900,0.0,0.0,0.0
2022-02-08,419.29559079665904,424.16686670467533,417.87831319896964,423.2470397949219,81012000,0.0,0.0,0.0
2022-02-09,427.26420999418116,429.76085856020444,427.06711445154485,429.4417419433594,92589900,0.0,0.0,0.0
2022-02-10,423.62250082711057,429.6013045752705,419.73675960069767,421.7265625,140103700,0.0,0.0,0.0
2022-02-11,421.8109600128864,423.8758370313711,411.98393963004395,413.41058349609375,153214600,0.0,0.0,0.0
2022-02-14,412.9038345326054,414.4806562198295,408.6050834849175,412.05908203125,123006300,0.0,0.0,0.0
2022-02-15,416.4798044209463,418.8731931731084,415.96356366027453,418.7042541503906,88482700,0.0,0.0,0.0
2022-02-16,416.667510025212,420.54388440699483,414.79972841637374,419.1735534667969,84863600,0.0,0.0,0.0
2022-02-17,416.0011290518587,419.1454057486569,409.618739738148,410.21942138671875,102259100,0.0,0.0,0.0
2022-02-18,410.4728334127503,411.72117196742954,405.3012310451236,407.563232421875,132642900,0.0,0.0,0.0
2022-02-22,405.36692386987266,408.7552139612039,399.70720879424357,403.18939208984375,124391800,0.0,0.0,0.0
2022-02-23,406.0896264136833,406.65278513498924,395.47419479431903,396.037353515625,132578000,0.0,0.0,0.0
2022-02-24,385.77862865421275,402.42920784966424,385.4219890905369,401.9974365234375,213942900,0.0,0.0,0.0
2022-02-25,403.22694222886923,410.9515349471028,401.58441255553527,410.8670654296875,121804500,0.0,0.0,0.0
2022-02-28,405.49831437664733,411.2894169660434,404.2500045029786,409.8158264160156,145615000,0.0,0.0,0.0
2022-03-01,408.32347338837735,410.32267110583143,400.88044619372215,403.57421875,137785900,0.0,0.0,0.0
2022-03-02,405.8174781319554,412.71610887615117,405.0666188393467,410.9985046386719,117726500,0.0,0.0,0.0
2022-03-03,413.4199905086059,414.0206721272684,407.15959393144027,408.9523010253906,105501700,0.0,0.0,0.0
2022-03-04,405.23554101174136,406.7560496342077,401.6032084928617,405.6297607421875,113978200,0.0,0.0,0.0
2022-03-07,405.04777437562143,405.7517156092554,393.6063805668149,393.6720886230469,137896600,0.0,0.0,0.0
2022-03-08,393.8503851373364,400.9742663051877,389.62673813828656,390.6873474121094,164772700,0.0,0.0,0.0
2022-03-09,399.0314934618867,403.1331202623526,396.85396145942144,401.1620788574219,116990800,0.0,0.0,0.0
2022-03-10,396.57234376713836,400.2422276939095,394.620092580412,399.3505859375,93972700,0.0,0.0,0.0
2022-03-11,401.82838993543686,402.4384665585123,393.7659204470378,394.27276611328125,95636300,0.0,0.0,0.0
2022-03-14,395.04244919429476,398.4776572170098,390.2556430646185,391.3913269042969,95729200,0.0,0.0,0.0
2022-03-15,393.99124132149103,400.62706816648796,392.72416989957503,399.99822998046875,106219100,0.0,0.0,0.0
2022-03-16,403.4897960044395,408.9242024189119,398.71235566484523,408.8678894042969,144954800,0.0,0.0,0.0
2022-03-17,406.96253340051334,413.9831848144531,406.587103776138,413.9831848144531,102676900,0.0,0.0,0.0
2022-03-18,412.3788887995638,418.8375945905653,411.6445165852454,418.5174865722656,106345500,1.366,0.0,0.0
2022-03-21,418.34795760108,420.34394183547073,414.9020489062175,418.3950500488281,88349800,0.0,0.0,0.0
2022-03-22,419.77910261257296,424.223004155329,419.77910261257296,423.2909240722656,74650400,0.0,0.0,0.0
2022-03-23,420.76766221116077,422.25522626407883,417.754837158317,417.8395690917969,79426100,0.0,0.0,0.0
2022-03-24,419.8543513228499,424.1476078293655,418.7433833523975,424.13818359375,64736900,0.0,0.0,0.0
2022-03-25,424.7690942601519,426.4826390256011,422.19877711197813,426.2095947265625,77101300,0.0,0.0,0.0
2022-03-28,425.61644404723825,429.2412414550781,423.7334353919897,429.2412414550781,68529800,0.0,0.0,0.0
2022-03-29,433.11073878007403,435.04083957177517,430.4368703799773,434.5512390136719,86581500,0.0,0.0,0.0
2022-03-30,433.4120635055574,434.2217721023706,429.76844665097167,431.8680114746094,79666900,0.0,0.0,0.0
2022-03-31,431.105441011295,431.92454519936246,424.7691063862662,425.2210388183594,121699900,0.0,0.0,0.0
2022-04-01,426.7933192033268,426.9345391042458,422.86726229562163,426.4261474609375,89048800,0.0,0.0,0.0
2022-04-04,426.6237367380908,430.18262091418086,425.80463280800694,430.07904052734375,59601000,0.0,0.0,0.0
2022-04-05,428.59151104712674,431.0488230339406,423.50739449351903,424.6466064453125,74214500,0.0,0.0,0.0
2022-04-06,420.74877126914623,422.6694189011954,417.5288146796591,420.400390625,106898000,0.0,0.0,0.0
2022-04-07,419.5248831878406,424.32656069949695,417.5853866950133,422.51885986328125,78097200,0.0,0.0,0.0
2022-04-08,421.7656645610829,424.2700693409283,419.8544120623101,421.3890686035156,79272700,0.0,0.0,0.0
2022-04-11,418.13136863276185,418.96932106645863,413.68749690030825,414.1864929199219,89770500,0.0,0.0,0.0
2022-04-12,417.16173214238097,419.67556138340314,411.1078661055898,412.6519470214844,84363600,0.0,0.0,0.0
2022-04-13,412.40706356027755,418.1313961761753,412.22817547236576,417.3782043457031,74070400,0.0,0.0,0.0
2022-04-14,417.6041972684777,418.7151941165963,412.0775719357156,412.18115234375,97869500,0.0,0.0,0.0
2022-04-18,411.2584985167614,414.02652350805334,410.128681843096,412.35064697265625,66002500,0.0,0.0,0.0
2022-04-19,412.24702736869455,419.7225732355812,412.0775635034835,419.0070495605469,77821000,0.0,0.0,0.0
2022-04-20,420.77700318532357,421.3889750720909,417.53822695074984,418.6962585449219,65224400,0.0,0.0,0.0
2022-04-21,422.30233899562865,423.68635144045646,411.5315277032449,412.43536376953125,85417300,0.0,0.0,0.0
2022-04-22,411.35261559680123,412.4541594531157,400.55356095514185,401.11846923828125,132471800,0.0,0.0,0.0
2022-04-25,398.8870627211197,403.6134030546147,394.33958173639525,403.4439392089844,119647700,0.0,0.0,0.0
2022-04-26,400.9207048061077,401.11844136754604,391.73164371973945,391.7598876953125,103996300,0.0,0.0,0.0
2022-04-27,392.83320621839357,398.1809719519438,390.7336702250882,392.8614501953125,122030000,0.0,0.0,0.0
2022-04-28,397.58781923542455,404.5078808966821,393.17216221026155,402.784912109375,105449100,0.0,0.0,0.0
2022-04-29,398.81168640225906,400.9583144294261,387.1558619784824,387.899658203125,145491100,0.0,0.0,0.0
2022-05-02,387.96565155346553,391.5904485536996,381.328029550651,390.23468017578125,158312500,0.0,0.0,0.0
2022-05-03,390.73361204296634,394.42429189547653,389.1801073464656,392.0234680175781,100028200,0.0,0.0,0.0
2022-05-04,392.6825612700032,404.52670026180385,389.5096966956075,403.9617919921875,144247900,0.0,0.0,0.0
2022-05-05,399.7156598672005,400.13934831721525,385.4895429456549,389.6039123535156,172929100,0.0,0.0,0.0
2022-05-06,387.0524600062871,390.53600900560394,381.9965860353054,387.2784118652344,151770800,0.0,0.0,0.0
2022-05-09,381.40337111087143,382.63673935937004,373.30642894835574,374.8787536621094,155586100,0.0,0.0,0.0
2022-05-10,380.8290513721074,382.32603970720356,371.72472120975783,375.74493408203125,132497200,0.0,0.0,0.0
2022-05-11,374.7846276976837,380.4054095794836,369.03202142087446,369.77581787109375,142361000,0.0,0.0,0.0
2022-05-12,366.5935320489902,372.647397923669,362.62038267397736,369.3898010253906,125090800,0.0,0.0,0.0
2022-05-13,373.50415422453636,379.59568805484594,372.4684937718504,378.2210998535156,104174400,0.0,0.0,0.0
2022-05-16,376.5828802088455,380.33947297147097,374.3420954969533,376.6864318847656,78622400,0.0,0.0,0.0
2022-05-17,382.74969701428194,384.67037360597254,379.03074397272616,384.43499755859375,83029700,0.0,0.0,0.0
2022-05-18,379.89692735498426,380.17936710911766,367.70443702868755,368.93780517578125,117674500,0.0,0.0,0.0
2022-05-19,365.8873321136663,371.08445332431154,364.4656516763447,366.6781921386719,98510700,0.0,0.0,0.0
2022-05-20,370.24649717138874,373.8053816147372,358.2799877872286,366.8382568359375,131432200,0.0,0.0,0.0
2022-05-23,369.85112637485844,374.46452049127714,367.5444580490805,373.701904296875,76414900,0.0,0.0,0.0
2022-05-24,369.5969043569321,372.035396905163,364.32447483504643,370.84912109375,91448800,0.0,0.0,0.0
2022-05-25,369.36150985252755,376.08386362206704,368.966094179277,374.1255187988281,91472900,0.0,0.0,0.0
2022-05-26,375.34950112064234,383.2298868677585,375.14236904234315,381.60107421875,82168300,0.0,0.0,0.0
2022-05-27,384.0489633714319,391.08200055963175,383.85125554393176,390.9690246582031,84768700,0.0,0.0,0.0
2022-05-31,389.35905760743515,392.0988383279228,386.04497310590705,388.77532958984375,95937000,0.0,0.0,0.0
2022-06-01,390.8842854474684,391.89167303805095,383.1262718156382,385.63067626953125,86585800,0.0,0.0,0.0
2022-06-02,385.47069700399817,393.0215510259649,383.2299122085265,392.9744873046875,79609600,0.0,0.0,0.0
2022-06-03,388.2762998678674,389.8203804421854,385.55536785619387,386.5251159667969,71874300,0.0,0.0,0.0
2022-06-06,390.517114758432,392.2400548190691,386.5345416096812,387.7020263671875,57508900,0.0,0.0,0.0
2022-06-07,384.22788209472355,391.8728918468309,383.76652548386954,391.42095947265625,59272400,0.0,0.0,0.0
2022-06-08,389.7169046387873,391.4963617246331,386.3745755525621,387.1654357910156,64350000,0.0,0.0,0.0
2022-06-09,385.39527389306596,387.6548779223624,377.9573974609375,377.9573974609375,86289800,0.0,0.0,0.0
2022-06-10,371.78124073607813,372.6285889009698,366.95131884403355,366.9983825683594,132893900,0.0,0.0,0.0
2022-06-13,357.63038818463684,359.47572843382756,351.4635182270805,353.0640869140625,170004900,0.0,0.0,0.0
2022-06-14,354.80590682519255,355.83214308056677,348.91208061939693,352.0002136230469,104011800,0.0,0.0,0.0
2022-06-15,355.28600909693944,361.4434545749502,350.3525363114145,357.0184020996094,125666800,0.0,0.0,0.0
2022-06-16,348.83676669769454,349.2416066501107,342.7828722240161,345.2025451660156,134473300,0.0,0.0,0.0
2022-06-17,345.61578942511153,349.2751458907682,342.45758461496894,345.94671630859375,111113900,1.577,0.0,0.0
2022-06-21,351.64851628810544,356.03595201089433,351.5728544262298,354.6554260253906,76811900,0.0,0.0,0.0
2022-06-22,350.44759870939254,358.1067313139649,350.0315450667165,354.0124206542969,90059400,0.0,0.0,0.0
2022-06-23,356.1399101885615,358.21068433345846,352.59401859110676,357.48260498046875,79292100,0.0,0.0,0.0
2022-06-24,360.6408676942553,368.85788413601364,360.6125017111181,368.8484191894531,98050300,0.0,0.0,0.0
2022-06-27,369.7656112640716,370.05873603154885,366.3521130366236,367.43951416015625,66009600,0.0,0.0,0.0
2022-06-28,368.99022810339807,371.76074455610546,359.8181767077826,359.931640625,86548900,0.0,0.0,0.0
2022-06-29,360.48012203098745,361.46349531064214,357.8230692449071,359.6385498046875,65676000,0.0,0.0,0.0
2022-06-30,355.7617301279105,359.94116789384236,352.2820347335468,356.7167663574219,112508300,0.0,0.0,0.0
2022-07-01,356.0643267434046,360.9245770809683,353.4545407189356,360.4895935058594,74839700,0.0,0.0,0.0
2022-07-05,355.42140934129657,361.18940108902996,352.6035959677347,361.17047119140625,81438000,0.0,0.0,0.0
2022-07-06,361.31220220280136,364.8675591963436,358.93883808157653,362.3901672363281,70426200,0.0,0.0,0.0
2022-07-07,364.15842313963157,368.61205598920736,362.4091104215268,367.8177795410156,64525900,0.0,0.0,0.0
2022-07-08,366.191374892305,369.37797430776754,364.66901900062675,367.51519775390625,72397800,0.0,0.0,0.0
2022-07-11,364.84868487322194,365.81315719235283,362.6265865895648,363.3168640136719,58366900,0.0,0.0,0.0
2022-07-12,362.7683239002848,365.1417164459258,358.3619593889674,360.101806640625,62219200,0.0,0.0,0.0
2022-07-13,354.68376178018957,361.1325642695577,354.2677081449695,358.2107238769531,84224600,0.0,0.0,0.0
2022-07-14,353.27481661524047,358.41872587951195,350.8447207380731,357.3407897949219,89704800,0.0,0.0,0.0
2022-07-15,361.7282870982627,364.2813411355363,359.82770841913714,364.1678771972656,79060400,0.0,0.0,0.0
2022-07-18,367.2409659059459,367.91231341217645,359.94115471730987,361.16094970703125,63203600,0.0,0.0,0.0
2022-07-19,365.06610164986904,371.4865379218226,364.41368409588983,370.919189453125,78506000,0.0,0.0,0.0
2022-07-20,371.1083701548272,374.6920934702504,369.7467451710396,373.2831726074219,71843800,0.0,0.0,0.0
2022-07-21,372.70635127041953,377.13161760377886,370.31405726547354,377.0843505859375,64903900,0.0,0.0,0.0
2022-07-22,377.20721612451024,378.39861602557465,371.3730300466334,373.5856628417969,72197300,0.0,0.0,0.0
2022-07-25,374.20980770925064,374.89062013717165,371.8080487473427,374.03961181640625,53631500,0.0,0.0,0.0
2022-07-26,372.40379790822186,372.6118247488071,368.7255405509069,369.6143798828125,52946400,0.0,0.0,0.0
2022-07-27,372.8954459743451,380.9517310966384,372.60232120977315,379.2118835449219,82342100,0.0,0.0,0.0
2022-07-28,380.0156585921788,384.6583882201372,376.4792023544064,383.9681396484375,73966600,0.0,0.0,0.0
2022-07-29,385.39597518556786,390.54935081366597,384.63006466670873,389.5659484863281,87003700,0.0,0.0,0.0
2022-08-01,386.880471670519,390.90861443486426,386.17129323209457,388.41229248046875,69997500,0.0,0.0,0.0
2022-08-02,386.85209567230385,390.52091664915406,384.67729339338854,385.84979248046875,63435400,0.0,0.0,0.0
2022-08-03,387.96788490865407,393.05506301560587,387.6842250670768,391.89202880859375,67820600,0.0,0.0,0.0
2022-08-04,391.8163247050197,392.49713710795265,389.9913792556796,391.6272277832031,45656600,0.0,0.0,0.0
2022-08-05,387.362738241362,391.60834410065166,387.3060062724685,390.9653625488281,56814900,0.0,0.0,0.0
2022-08-08,392.64847494128367,394.8894742630945,389.41460845921597,390.511474609375,53886100,0.0,0.0,0.0
2022-08-09,389.78339679657284,390.2845484240548,387.89225422395475,388.96075439453125,44931800,0.0,0.0,0.0
2022-08-10,395.9863903656601,397.2723824771048,394.0385155870953,397.1305236816406,68665700,0.0,0.0,0.0
2022-08-11,399.9672378861389,401.8205786097931,396.39297914273305,397.1305236816406,59489700,0.0,0.0,0.0
2022-08-12,399.0594018073081,403.9574535679473,398.1138306323642,403.85345458984375,61694500,0.0,0.0,0.0
2022-08-15,401.6502867542093,406.03775117563913,401.593554788117,405.5176696777344,54048300,0.0,0.0,0.0
2022-08-16,404.4492350458775,408.23152036285336,403.64549364471077,406.31201171875,59289000,0.0,0.0,0.0
2022-08-17,402.7282345419043,406.1228316979683,401.43280661081104,403.4279479980469,63563400,0.0,0.0,0.0
2022-08-18,403.62652829890396,405.28127797974213,402.3405652552225,404.6004943847656,49023200,0.0,0.0,0.0
2022-08-19,401.8488709739081,402.1136297635589,398.29351392155985,399.1634521484375,68016900,0.0,0.0,0.0
2022-08-22,394.3504330682569,394.52065780471906,389.9535330310516,390.8518371582031,77695600,0.0,0.0,0.0
2022-08-23,390.42639423875585,392.80925244544267,389.35789402468396,389.9063415527344,49105200,0.0,0.0,0.0
2022-08-24,389.6793622511617,392.51607606132626,388.99857863900553,391.15447998046875,49177800,0.0,0.0,0.0
2022-08-25,392.639057923634,396.7239332870282,391.5516565876531,396.6766662597656,50942300,0.0,0.0,0.0
2022-08-26,396.5631405668187,397.102094248587,383.1927492346699,383.2494812011719,103087000,0.0,0.0,0.0
2022-08-29,380.3087738309777,383.7506382256978,379.36320256720757,380.7153625488281,65370800,0.0,0.0,0.0
2022-08-30,381.8689548878579,382.1053477002366,374.44621480785787,376.5359191894531,85652400,0.0,0.0,0.0
2022-08-31,378.16233169722864,379.40102781992005,373.53850294031076,373.6708679199219,76029700,0.0,0.0,0.0
2022-09-01,371.5055182868605,375.1837756026024,368.8106343368199,374.8433837890625,78740100,0.0,0.0,0.0
2022-09-02,378.4932391584454,379.70356914138836,369.08479416646423,370.8908386230469,99632100,0.0,0.0,0.0
2022-09-06,371.7324237676469,372.6685300550319,367.2787913361997,369.4914245605469,76637400,0.0,0.0,0.0
2022-09-07,369.17937898507915,376.89524390582346,368.96191606413413,376.12933349609375,70964200,0.0,0.0,0.0
2022-09-08,373.8693477763064,379.04159366863433,372.66845408597436,378.5877380371094,80821700,0.0,0.0,0.0
2022-09-09,380.81934883699086,385.329742082949,380.5545900462263,384.4692687988281,76706900,0.0,0.0,0.0
2022-09-12,386.53060660794216,389.32005328167793,386.2280168884876,388.6014099121094,69256300,0.0,0.0,0.0
2022-09-13,379.95892093775177,381.1598150143237,370.5883343007562,371.7041015625,122947100,0.0,0.0,0.0
2022-09-14,372.9995076387831,374.6353563576037,369.8318380483669,373.1224365234375,85023700,0.0,0.0,0.0
2022-09-15,371.57167994308946,374.40839376655435,367.6191989412992,368.8862609863281,87633800,0.0,0.0,0.0
2022-09-16,364.72378063805104,366.72711745579204,362.79635852182116,366.0719909667969,103084800,1.596,0.0,0.0
2022-09-19,362.9388650171461,368.9109191894531,362.86289235187127,368.9109191894531,73278500,0.0,0.0,0.0
2022-09-20,365.5973034872937,366.60372391938756,361.9324194562877,364.67633056640625,77274900,0.0,0.0,0.0
2022-09-21,366.5942260628629,369.6324950611645,358.3054986149796,358.31500244140625,106746600,0.0,0.0,0.0
2022-09-22,357.54599929864446,359.17906419104327,354.5647235965844,355.3052978515625,89472600,0.0,0.0,0.0
2022-09-23,351.8492165492308,351.8872028833452,344.92770661744225,349.3521728515625,122346900,0.0,0.0,0.0
2022-09-26,347.8899804357397,351.49789961299837,344.6808163277676,345.8961181640625,92581200,0.0,0.0,0.0
2022-09-27,349.41858073488055,351.6782893189801,342.62998013123286,345.01312255859375,108294100,0.0,0.0,0.0
2022-09-28,345.9626120741058,353.48228367645163,344.2725823827886,351.8017578125,110802200,0.0,0.0,0.0
2022-09-29,348.26971141788147,348.5545364302352,341.51909784939903,344.4529113769531,112952300,0.0,0.0,0.0
2022-09-30,343.51291314028146,347.4151894584033,338.9935256522987,339.1264343261719,153711200,0.0,0.0,0.0
2022-10-03,342.82934672559077,349.92177979795235,341.0538697447387,348.079833984375,89756500,0.0,0.0,0.0
2022-10-04,353.57721811383504,358.8941746443229,348.04190536505,358.8656921386719,103602800,0.0,0.0,0.0
2022-10-05,354.51724403133267,360.28041756142954,352.20057002554404,358.03021240234375,88065700,0.0,0.0,0.0
2022-10-06,356.6344579970455,359.57777574073987,353.8430566051313,354.3367919921875,82333500,0.0,0.0,0.0
2022-10-07,350.32053843206126,354.42219246042094,342.69641320056473,344.4529113769531,107789500,0.0,0.0,0.0
2022-10-10,345.56382461416007,345.8011884953058,339.5917702265936,341.8229675292969,76042800,0.0,0.0,0.0
2022-10-11,340.13290031732214,344.68079989118917,337.73077926422997,339.6581726074219,92482800,0.0,0.0,0.0
2022-10-12,340.066449523059,341.63304512033494,338.29094360606194,338.5378112792969,76991800,0.0,0.0,0.0
2022-10-13,331.5593165001294,348.9343679346623,330.5149097513193,347.4721984863281,147254500,0.0,0.0,0.0
2022-10-14,349.9217782616768,351.5453678678568,338.91759358407694,339.5537414550781,123737000,0.0,0.0,0.0
2022-10-17,345.61129877486803,349.38063819195844,339.22145295922246,348.2792663574219,93168200,0.0,0.0,0.0
2022-10-18,356.1691898052574,356.47302247104045,348.94381953032115,352.3713684082031,97162900,0.0,0.0,0.0
2022-10-19,350.3396136218043,353.05507171298586,347.0734840300101,349.8743896484375,79746900,0.0,0.0,0.0
2022-10-20,349.4280898959749,353.83357711460013,346.18093949129155,346.9405212402344,88283100,0.0,0.0,0.0
2022-10-21,346.66515472372885,355.8558761401148,345.1650279247019,355.3716735839844,131038400,0.0,0.0,0.0
2022-10-24,356.8908558861546,360.85006925134127,354.2513416759188,359.72021484375,85436900,0.0,0.0,0.0
2022-10-25,359.6442798008037,365.77775460734784,359.5303497695806,365.4644470214844,78846300,0.0,0.0,0.0
2022-10-26,362.3312221104294,367.9899690715865,362.0748795431326,362.71099853515625,104087300,0.0,0.0,0.0
2022-10-27,363.707984416407,365.5404268750324,360.15700056656175,360.774169921875,81971800,0.0,0.0,0.0
2022-10-28,360.66966547964233,369.83190549665636,360.4892666119688,369.357177734375,100302000,0.0,0.0,0.0
2022-10-31,366.9075331139263,368.7684575139983,365.7871827386335,366.68914794921875,96631300,0.0,0.0,0.0
2022-11-01,370.42058959281826,370.65795347224923,363.9168135013934,365.0846252441406,85407600,0.0,0.0,0.0
2022-11-02,364.49591366436715,368.986848031428,355.817906580174,355.9223327636719,126990400,0.0,0.0,0.0
2022-11-03,352.69424875731005,355.2862727989772,350.1497148774445,352.25750732421875,87100100,0.0,0.0,0.0
2022-11-04,357.94474652084614,359.72022378402096,351.29855759340336,357.3276062011719,103505200,0.0,0.0,0.0
2022-11-07,358.61886625865293,361.33432433939305,356.5490600064299,360.74566650390625,68286900,0.0,0.0,0.0
2022-11-08,361.8469872621732,365.6543132529755,358.628348045763,362.6920166015625,84641100,0.0,0.0,0.0
2022-11-09,360.72664884786775,361.8755109531058,354.72608267328593,355.2198181152344,78495500,0.0,0.0,0.0
2022-11-10,368.43620204058976,375.07291581213747,366.14803974108565,374.7406005859375,141455800,0.0,0.0,0.0
2022-11-11,375.59513065911824,379.1650929237687,373.7151981734616,378.3675537109375,93839900,0.0,0.0,0.0
2022-11-14,376.61103437675337,379.9531074146063,374.87351452909996,375.14886474609375,71903500,0.0,0.0,0.0
2022-11-15,380.8740965559295,381.9754684954277,374.55071897532395,378.3485412597656,93194500,0.0,0.0,0.0
2022-11-16,376.7249517855088,377.67440728463805,374.8355446142679,375.4621887207031,68508500,0.0,0.0,0.0
2022-11-17,370.7243229231331,374.9873970910537,370.4205192362281,374.3132629394531,74496300,0.0,0.0,0.0
2022-11-18,377.63640863793864,377.7028774747301,373.1739853225882,376.0128479003906,92922500,0.0,0.0,0.0
2022-11-21,374.693120041292,375.81347054023524,372.81318778240984,374.6456298828125,51243200,0.0,0.0,0.0
2022-11-22,376.58251647845884,379.84864551592176,375.1773119937102,379.6872253417969,60429000,0.0,0.0,0.0
2022-11-23,379.35490309581445,382.5640670651727,379.12704306606406,382.0798645019531,68261600,0.0,0.0,0.0
2022-11-25,381.5196875372828,382.54511569451665,381.2443663067082,381.9944152832031,30545400,0.0,0.0,0.0
2022-11-28,378.9181872794732,380.5512518780544,375.13934400569946,375.89892578125,67881600,0.0,0.0,0.0
2022-11-29,376.031857943791,377.218677377997,373.4208551885378,375.2533264160156,52310000,0.0,0.0,0.0
2022-11-30,375.50014044810706,387.0740051269531,373.5917546265289,387.0740051269531,144566700,0.0,0.0,0.0
2022-12-01,388.10888202091604,389.2767226198042,384.2920816594287,386.7891540527344,76398200,0.0,0.0,0.0
2022-12-02,381.91849025775207,387.24492191924827,381.8140640565856,386.34295654296875,85342700,0.0,0.0,0.0
2022-12-05,383.5325856510467,384.46303355724604,378.044733664679,379.3929443359375,77289800,0.0,0.0,0.0
2022-12-06,379.23152341918535,379.7726910257881,371.8447608883039,373.9240417480469,77972200,0.0,0.0,0.0
2022-12-07,373.0790519775326,375.64259345528575,372.15807896997796,373.2879333496094,65927900,0.0,0.0,0.0
2022-12-08,375.16784142056355,377.2756047091014,373.39233538526526,376.21221923828125,60737900,0.0,0.0,0.0
2022-12-09,374.9779244191876,377.5224579807687,373.2783911110442,373.4018249511719,81447700,0.0,0.0,0.0
2022-12-12,374.1898882628355,378.7852783203125,373.52528680664847,378.7852783203125,75405800,0.0,0.0,0.0
2022-12-13,389.4856883640399,389.7420309522311,378.8992639208041,381.6526794433594,123782500,0.0,0.0,0.0
2022-12-14,381.31081297545614,385.00420881267286,376.27871036892407,379.2125244140625,108111300,0.0,0.0,0.0
2022-12-15,374.37025027855924,375.2722444929256,368.28426670085497,369.9363098144531,117705900,0.0,0.0,0.0
2022-12-16,367.39060804195844,368.72594377762675,363.4418274301868,365.5688171386719,119858000,1.781,0.0,0.0
2022-12-19,365.759577222778,366.0934184203677,360.8092731762787,362.4689025878906,79878100,0.0,0.0,0.0
2022-12-20,361.7154089937889,364.5768550701663,360.39913914135377,362.96490478515625,74427200,0.0,0.0,0.0
2022-12-21,365.5497098013311,369.51758489971746,365.01557556771496,368.39208984375,78167400,0.0,0.0,0.0
2022-12-22,365.35900443658744,368.37306481720873,357.4614135029072,363.1366271972656,100120900,0.0,0.0,0.0
2022-12-23,362.1160163012456,365.36853035773834,360.57083998702353,365.2254638671875,59857300,0.0,0.0,0.0
2022-12-27,365.11100414194533,365.45436371312377,362.1160098220325,363.7851867675781,51638200,0.0,0.0,0.0
2022-12-28,363.71843147410067,365.6833180737436,359.03522324607314,359.2641296386719,70911500,0.0,0.0,0.0
2022-12-29,362.09689269287287,366.59890189536134,361.5722768337163,365.7309265136719,66970900,0.0,0.0,0.0
2022-12-30,363.0603304456531,364.9107056574417,360.952377322475,364.76763916015625,84022200,0.0,0.0,0.0
2023-01-03,366.61802772104494,368.5828851543406,360.38006673429567,363.23199462890625,74850700,0.0,0.0,0.0
2023-01-04,365.4829951067627,368.05830845065526,362.44986897863134,366.0362243652344,85934100,0.0,0.0,0.0
2023-01-05,364.0904452321647,364.2048984321615,361.26715956907026,361.8585205078125,76970500,0.0,0.0,0.0
2023-01-06,364.9392756207187,371.27262349109685,361.88708397790117,370.1566467285156,104189600,0.0,0.0,0.0
2023-01-09,372.3408937056104,375.5171151232303,369.76560972422254,369.9468078613281,73978100,0.0,0.0,0.0
2023-01-10,369.3650063190875,372.60797279309605,368.43025676671084,372.54119873046875,65358100,0.0,0.0,0.0
2023-01-11,374.11508061681747,377.3294343369076,373.3043315842744,377.25311279296875,68881100,0.0,0.0,0.0
2023-01-12,378.35000138117096,380.0859234423217,374.2962855684355,378.6265869140625,90157700,0.0,0.0,0.0
2023-01-13,375.4408047607676,380.66772351572655,375.1737376190185,380.0954284667969,63903900,0.0,0.0,0.0
2023-01-17,380.0764304370912,381.74560764780887,378.72199954995557,379.3992004394531,62677300,0.0,0.0,0.0
2023-01-18,380.58192119114887,381.6406423942581,373.20891710602956,373.4092102050781,99632300,0.0,0.0,0.0
2023-01-19,371.3774844034351,373.0180477652269,369.3744957046609,370.6907653808594,86958900,0.0,0.0,0.0
2023-01-20,372.08338384027553,377.749049499946,370.44282022993093,377.596435546875,91806400,0.0,0.0,0.0
2023-01-23,378.3976232018816,384.05374118740224,377.4438078609924,382.1270446777344,84178800,0.0,0.0,0.0
2023-01-24,380.45787568340137,382.6230260729778,379.27515395089165,381.7169189453125,59524900,0.0,0.0,0.0
2023-01-25,377.66320358749766,382.19382654932406,375.383570904274,381.8599853515625,84800300,0.0,0.0,0.0
2023-01-26,384.5115864864833,386.21892411230044,381.55475308151983,386.0567626953125,72287400,0.0,0.0,0.0
2023-01-27,385.01712054618537,389.3092897646847,384.80727999784443,386.9438171386719,68346200,0.0,0.0,0.0
2023-01-30,384.196790848311,386.4191967958499,381.79318677341877,382.0888671875,74202000,0.0,0.0,0.0
2023-01-31,382.6039305400102,387.75452726560434,382.2605419006332,387.70684814453125,86811800,0.0,0.0,0.0
2023-02-01,386.495567469355,394.56486749175457,383.7676691333913,391.827392578125,101459200,0.0,0.0,0.0
2023-02-02,395.6998505537126,398.990525390848,393.811314654258,397.53118896484375,101654500,0.0,0.0,0.0
2023-02-03,392.5808161913244,397.71234690587056,392.1039085651864,393.30572509765625,94736800,0.0,0.0,0.0
2023-02-06,390.86399847100074,392.2947214888418,389.25204820891577,390.9021301269531,60295300,0.0,0.0,0.0
2023-02-07,389.9864375049832,397.254505069358,388.7464893203908,396.0145568847656,90990700,0.0,0.0,0.0
2023-02-08,394.0497990721952,395.3851349400619,390.9975778529523,391.684326171875,76227500,0.0,0.0,0.0
2023-02-09,395.27066286428095,395.4232768287697,387.06784419886776,388.2887268066406,78694900,0.0,0.0,0.0
2023-02-10,387.1154846300712,389.57634453776467,386.30476486771545,389.19482421875,70769700,0.0,0.0,0.0
2023-02-13,389.84338297011766,393.8970979159843,389.38554115612743,393.7635498046875,64913500,0.0,0.0,0.0
2023-02-14,392.2470630392104,395.88109763709383,389.6431654454688,393.5824279785156,88389300,0.0,0.0,0.0
2023-02-15,391.3981496403728,394.9367965737248,390.55878744301873,394.8605041503906,61555700,0.0,0.0,0.0
2023-02-16,389.9101611679617,393.8398755116949,389.2901870501047,389.4237060546875,76431500,0.0,0.0,0.0
2023-02-17,387.3063070107498,388.6893510840452,385.38912860346915,388.4508972167969,89257800,0.0,0.0,0.0
2023-02-21,384.4448207915137,385.4940235203808,380.40065293639157,380.6581726074219,82655900,0.0,0.0,0.0
2023-02-22,381.06829584759197,382.60395368803114,378.68375748701857,380.1335754394531,83742300,0.0,0.0,0.0
2023-02-23,383.01409817857655,383.62455398812614,377.94934088551855,382.1556701660156,96242400,0.0,0.0,0.0
2023-02-24,377.1577400402733,378.9032096079787,375.45994960459336,378.0733947753906,108194400,0.0,0.0,0.0
2023-02-27,381.4021728412389,382.7566035647617,378.4262733452024,379.36102294921875,80444700,0.0,0.0,0.0
2023-02-28,378.8840949077096,380.8394047987781,377.8539579939496,377.9588928222656,96438600,0.0,0.0,0.0
2023-03-01,377.1481633851746,378.3690459735666,375.2119192229247,376.50909423828125,99706800,0.0,0.0,0.0
2023-03-02,374.54420891841545,380.2766485518157,374.2103677204858,379.4372863769531,85127800,0.0,0.0,0.0
2023-03-03,381.24960098401937,385.7707064328963,380.60101340338394,385.522705078125,90120000,0.0,0.0,0.0
2023-03-06,386.34290347544555,388.63208364699216,385.35095644978605,385.7897033691406,72795900,0.0,0.0,0.0
2023-03-07,385.74208739761093,385.9805412788421,379.2656718330934,379.8760986328125,108310600,0.0,0.0,0.0
2023-03-08,379.99054222005736,381.24955646245974,378.2736569852848,380.4960632324219,74746600,0.0,0.0,0.0
2023-03-09,381.27809275015903,382.9377510527006,372.49346258548985,373.47589111328125,111945300,0.0,0.0,0.0
2023-03-10,372.93231453200684,375.00210698292204,366.57038142194835,368.0869445800781,189253000,0.0,0.0,0.0
2023-03-13,364.17625337042944,372.3600057541109,363.0698240200609,367.5622863769531,157790000,0.0,0.0,0.0
2023-03-14,372.4648886988362,375.2786555832206,369.17421414646356,373.6380920410156,149752400,0.0,0.0,0.0
2023-03-15,368.06788061068585,371.50159315536877,365.98854067961,371.3013000488281,172996900,0.0,0.0,0.0
2023-03-16,368.9548421813165,378.159154025879,368.44932123547807,377.8157653808594,143254200,0.0,0.0,0.0
2023-03-17,376.49072469808146,377.62051539098667,372.019393803673,373.39813232421875,140553400,1.506,0.0,0.0
2023-03-20,374.17369470613346,377.4003451216976,373.4747707102602,376.9886169433594,93055800,0.0,0.0,0.0
2023-03-21,380.33963500083723,382.41732640991324,378.75025527455585,381.9385986328125,91524200,0.0,0.0,0.0
2023-03-22,381.7663604355686,385.3663743630111,375.3897013215942,375.427978515625,111746600,0.0,0.0,0.0
2023-03-23,378.2811083450335,382.3024333278602,373.7427784049594,376.44281005859375,119351300,0.0,0.0,0.0
2023-03-24,375.169400500622,378.9992229180059,372.8332064884797,378.9130554199219,107682400,0.0,0.0,0.0
2023-03-27,381.18220877571866,381.9481907671168,378.73112484169525,379.6215515136719,74010400,0.0,0.0,0.0
2023-03-28,378.9321602551606,379.62152939764496,376.9406656319968,378.7694091796875,62871700,0.0,0.0,0.0
2023-03-29,382.9151805733512,384.5141441543579,381.7183611687493,384.2747802734375,77497900,0.0,0.0,0.0
2023-03-30,386.8982643494234,387.14721217774354,384.6674054592339,386.5248718261719,69840000,0.0,0.0,0.0
2023-03-31,387.44397246110736,392.2695566903632,387.3386371549544,391.9727478027344,112062600,0.0,0.0,0.0
2023-04-03,391.45570713175425,393.8684845968019,391.0631468502778,393.46636962890625,67391100,0.0,0.0,0.0
2023-04-04,394.10789340859714,394.3951476376342,389.9142329500153,391.2834167480469,66601500,0.0,0.0,0.0
2023-04-05,390.555750574138,391.3121487439596,388.612116709327,390.2589416503906,65200200,0.0,0.0,0.0
2023-04-06,389.4642553207361,392.05898137720516,388.4206320852357,391.78131103515625,63743300,0.0,0.0,0.0
2023-04-10,389.3110132842087,392.2599929388598,388.69825688508763,392.1833801269531,63681000,0.0,0.0,0.0
2023-04-11,392.8057915925013,393.68663448889265,391.52280443872803,392.28875732421875,59297900,0.0,0.0,0.0
2023-04-12,394.3472458215589,394.63450004221784,390.1057243914606,390.68975830078125,86420400,0.0,0.0,0.0
2023-04-13,391.7716880699347,396.2334348165877,390.6323135315357,395.8791809082031,85814800,0.0,0.0,0.0
2023-04-14,395.2472552060106,397.4302528676945,392.6142522306835,394.9121398925781,78161500,0.0,0.0,0.0
2023-04-17,394.82598073584927,396.348331709265,393.600438675659,396.3291931152344,66436400,0.0,0.0,0.0
2023-04-18,397.89944773956887,398.0335055698033,395.2185833271868,396.5877380371094,63560000,0.0,0.0,0.0
2023-04-19,394.6823936174116,397.4207029205089,394.62494861239765,396.5207214355469,55227300,0.0,0.0,0.0
2023-04-20,393.7153948280209,396.0994796602405,392.8153840305012,394.3569030761719,75840400,0.0,0.0,0.0
2023-04-21,394.6536851353828,395.12282909940683,392.7196350530014,394.66326904296875,73457400,0.0,0.0,0.0
2023-04-24,394.462104556598,395.4961729182456,393.1312565298119,395.07489013671875,64332100,0.0,0.0,0.0
2023-04-25,393.11207770668204,393.6674182755135,388.7460828379071,388.80352783203125,97766700,0.0,0.0,0.0
2023-04-26,389.4163794213185,390.48872511908525,386.6014573550663,387.1567687988281,80447000,0.0,0.0,0.0
2023-04-27,389.6844497545518,395.1323747434497,389.4355019352683,394.8642883300781,92968400,0.0,0.0,0.0
2023-04-28,393.98336171566496,398.24405045806503,393.92591672212814,398.2344665527344,89433100,0.0,0.0,0.0
2023-05-01,397.7940910544224,399.85261481140054,397.6025882410736,397.8323974609375,62122300,0.0,0.0,0.0
2023-05-02,397.12381613612365,397.17170644373317,390.46951779319113,393.36102294921875,103998500,0.0,0.0,0.0
2023-05-03,393.85890883632186,396.2621316646499,390.4216468499389,390.6610107421875,91531800,0.0,0.0,0.0
2023-05-04,389.6174209347764,389.94295234971383,386.56313507144216,387.8940124511719,94901900,0.0,0.0,0.0
2023-05-05,391.51315430513483,396.1185131848387,391.2546518243353,395.07489013671875,87891800,0.0,0.0,0.0
2023-05-08,395.40040106631903,395.6589035337472,393.7822989253406,395.18017578125,50046800,0.0,0.0,0.0
2023-05-09,393.6387379211536,394.55788714476665,393.21745510632536,393.4472351074219,49220100,0.0,0.0,0.0
2023-05-10,396.2717004907046,396.90362464850057,391.47483892243093,395.2855224609375,96142900,0.0,0.0,0.0
2023-05-11,394.42388691061444,394.88344694585095,392.5281141075764,394.5962219238281,70157100,0.0,0.0,0.0
2023-05-12,395.83135343149405,396.0419948569671,391.6664152391856,394.0791931152344,70481500,0.0,0.0,0.0
2023-05-15,394.68235310668433,395.8408662145273,392.7770257910844,395.4387512207031,54289400,0.0,0.0,0.0
2023-05-16,394.3376626382598,395.25684108298174,392.78658918922883,392.7961730957031,57705500,0.0,0.0,0.0
2023-05-17,394.80685403141115,398.16750358670436,393.16961300605146,397.5643310546875,87287000,0.0,0.0,0.0
2023-05-18,397.24830507598523,401.81538678686417,397.0281089980014,401.39410400390625,97177200,0.0,0.0,0.0
2023-05-19,402.29410167469877,402.8206905269098,399.59407007568564,400.8100280761719,103793300,0.0,0.0,0.0
2023-05-22,400.8292573658007,402.5048047952054,399.59413136502695,400.9728698730469,60745400,0.0,0.0,0.0
2023-05-23,399.33559189738094,400.9058331974647,396.0802485128697,396.4728088378906,86383500,0.0,0.0,0.0
2023-05-24,394.8738657064858,395.2568421165078,392.44192021304394,393.6004333496094,89213700,0.0,0.0,0.0
2023-05-25,397.09513966858555,398.4547395231807,394.86428090134467,397.00897216796875,90961600,0.0,0.0,0.0
2023-05-26,397.6599528165341,402.8685127185653,397.5833692382194,402.1504211425781,93830000,0.0,0.0,0.0
2023-05-30,404.0749484428724,404.60153728662965,400.92491162792754,402.30364990234375,72216000,0.0,0.0,0.0
2023-05-31,400.4845443720238,401.38455501215435,398.51218808898716,400.0728454589844,110811800,0.0,0.0,0.0
2023-06-01,400.3025514498588,404.9270777038864,399.057871034309,403.8738708496094,88865000,0.0,0.0,0.0
2023-06-02,406.4399660164613,410.49956904772046,405.9133770414703,409.7144775390625,91426200,0.0,0.0,0.0
2023-06-05,410.0591119636998,411.34209905139056,408.23036813311154,408.9293212890625,65460200,0.0,0.0,0.0
2023-06-06,408.51760703277364,410.34632157550055,407.8665149969257,409.8197326660156,64022200,0.0,0.0,0.0
2023-06-07,410.2123152273252,411.3421059208301,407.9814271228122,408.4027099609375,85373300,0.0,0.0,0.0
2023-06-08,408.46970190729934,411.32293010381545,407.7037491177831,410.8729248046875,61952800,0.0,0.0,0.0
2023-06-09,411.6676134571485,413.6112472123868,410.62399032938276,411.61016845703125,85742800,0.0,0.0,0.0
2023-06-12,412.58679062643665,415.4208510939883,411.86869890795646,415.34423828125,76104300,0.0,0.0,0.0
2023-06-13,416.79956309947863,418.72402891389044,416.1389164228339,418.0825500488281,95899700,0.0,0.0,0.0
2023-06-14,418.41769324198367,420.38046559122165,415.1431821385499,418.5804443359375,100612100,0.0,0.0,0.0
2023-06-15,417.7665713681598,425.0145169652863,417.6708491876016,423.76983642578125,110303100,0.0,0.0,0.0
2023-06-16,425.7476478890072,426.31464161242656,421.8555599029222,422.3264465332031,114165800,1.638,0.0,0.0
2023-06-20,420.39477647392715,421.278891227802,418.0691141682308,420.1352844238281,76160400,0.0,0.0,0.0
2023-06-21,419.15510212154635,419.9527293765365,417.3964332987813,417.982666015625,76982300,0.0,0.0,0.0
2023-06-22,417.03123579350665,419.59712182011833,416.69487567418776,419.4914245605469,70637200,0.0,0.0,0.0
2023-06-23,416.0510471242086,418.09800801134094,415.60898967891455,416.32012939453125,92074500,0.0,0.0,0.0
2023-06-26,415.75309747622674,417.66550238868285,414.3788570549921,414.6191101074219,72823600,0.0,0.0,0.0
2023-06-27,415.493629733563,419.77973592551575,415.0419528273242,419.1647033691406,72813700,0.0,0.0,0.0
2023-06-28,418.088316566666,420.38514964096186,417.47328405222373,419.3760986328125,75636000,0.0,0.0,0.0
2023-06-29,418.962851943863,421.1924071877769,418.55924326128763,421.0290222167969,67882300,0.0,0.0,0.0
2023-06-30,424.22929936725353,426.9777806448537,423.9121488642875,425.99755859375,104964000,0.0,0.0,0.0
2023-07-03,425.65159486229857,426.76634335863787,425.3728930743293,426.4876708984375,32793400,0.0,0.0,0.0
2023-07-05,424.68089648543395,426.58371116207974,424.67127697873804,425.85333251953125,58418400,0.0,0.0,0.0
2023-07-06,422.2880126868195,422.94149397333916,420.0200085430969,422.5186462402344,80658300,0.0,0.0,0.0
2023-07-07,421.5288627455838,425.3825317542833,421.2117122382773,421.45196533203125,86134200,0.0,0.0,0.0
2023-07-10,421.0963375627214,422.69162140529556,420.52934385873226,422.5186462402344,62443500,0.0,0.0,0.0
2023-07-11,423.27782759435644,425.69956773672544,422.3071959049608,425.2094421386719,64463800,0.0,0.0,0.0
2023-07-12,428.9861838112243,430.03368342818635,427.56387541679567,428.6305847167969,91924500,0.0,0.0,0.0
2023-07-13,430.4374308044974,432.8207520187609,430.0049928385303,432.03271484375,72425200,0.0,0.0,0.0
2023-07-14,432.9167455493579,433.76241157020985,431.00431150899965,431.7635192871094,69815800,0.0,0.0,0.0
2023-07-17,431.6194032211896,434.3102255823968,431.5713350157398,433.2627258300781,52680200,0.0,0.0,0.0
2023-07-18,432.9360400104872,437.12603955013026,432.5035727455183,436.482177734375,80668200,0.0,0.0,0.0
2023-07-19,437.27013362266524,438.6347544080096,436.40519925341147,437.4527282714844,65891700,0.0,0.0,0.0
2023-07-20,436.4629408876448,437.35667523001575,433.8393669208048,434.5505065917969,70591600,0.0,0.0,0.0
2023-07-21,436.26110720174216,436.4629408876448,434.54091641230104,434.5505065917969,71275600,0.0,0.0,0.0
2023-07-24,435.6941036910491,437.29900699604326,434.6658135812287,436.49176025390625,54023400,0.0,0.0,0.0
2023-07-25,436.22265220298175,438.9326842027925,436.17458399836414,437.6833801269531,55191200,0.0,0.0,0.0
2023-07-26,436.7511800509619,439.17292003925695,435.7036803578111,437.7506408691406,71052900,0.0,0.0,0.0
2023-07-27,441.12379698695344,441.5274350037331,433.94503488324995,434.848388671875,92194400,0.0,0.0,0.0
2023-07-28,438.1062519781901,439.93216931576706,434.8484065015939,439.105712890625,80011800,0.0,0.0,0.0
2023-07-31,439.5765831414508,440.29734227377537,438.2695913310648,439.9417724609375,62040400,0.0,0.0,0.0
2023-08-01,438.4810581528829,439.42286073607613,437.7314697549184,438.6828918457031,55291500,0.0,0.0,0.0
2023-08-02,435.57882856176263,435.8382913269027,431.8308864264539,432.5804748535156,93933400,0.0,0.0,0.0
2023-08-03,430.5719307015857,433.21471435225743,429.92803959884134,431.3407287597656,64276100,0.0,0.0,0.0
2023-08-04,433.14742331097347,435.2424228845315,428.87090725675444,429.3898620605469,100128900,0.0,0.0,0.0
2023-08-07,431.21576252551705,433.29155233174345,430.5238325901082,433.1377868652344,58357500,0.0,0.0,0.0
2023-08-08,430.61038131148536,433.128258189368,427.9099390769486,431.2542724609375,71361300,0.0,0.0,0.0
2023-08-09,431.5233041246725,431.6866891018031,427.61197745800644,428.3711853027344,78789600,0.0,0.0,0.0
2023-08-10,430.7160393980688,434.08920144153984,427.36211636743525,428.5249328613281,93005500,0.0,0.0,0.0
2023-08-11,426.6606527804213,429.2842270451731,426.06482981785047,428.275146484375,68690900,0.0,0.0,0.0
2023-08-14,427.3621343832933,430.63916015625,427.0546034425639,430.63916015625,47867400,0.0,0.0,0.0
2023-08-15,428.8708770611947,429.22647618823385,425.0556576931614,425.6226806640625,75707500,0.0,0.0,0.0
2023-08-16,425.2094830101528,426.8624252963623,422.39372408289853,422.49945068359375,80107200,0.0,0.0,0.0
2023-08-17,423.96015411160533,424.2196168527754,418.76107448676936,419.280029296875,95711300,0.0,0.0,0.0
2023-08-18,416.4738387437825,420.5101015823301,416.12788844047134,419.4818115234375,98852000,0.0,0.0,0.0
2023-08-21,420.49096124367065,422.95115062597245,418.34792237492553,422.211181640625,68719000,0.0,0.0,0.0
2023-08-22,423.9793707816351,423.9793707816351,420.5101306907519,421.0675048828125,64994200,0.0,0.0,0.0
2023-08-23,422.12460773274086,426.37229454971487,421.98046176867535,425.7572326660156,68441000,0.0,0.0,0.0
2023-08-24,427.3525117447883,427.86184703074184,419.8277698977074,419.85662841796875,88517300,0.0,0.0,0.0
2023-08-25,421.5768448293855,424.09469222022517,418.0403268045078,422.8165588378906,102325100,0.0,0.0,0.0
2023-08-28,424.9980575834004,426.11283533772524,422.81657028498825,425.497802734375,61595400,0.0,0.0,0.0
2023-08-29,425.3919952759013,431.92689507692256,425.20940063279374,431.648193359375,83081900,0.0,0.0,0.0
2023-08-30,431.9845682431216,434.060357945483,431.2830188362327,433.42608642578125,69053900,0.0,0.0,0.0
2023-08-31,434.0411436980902,435.17513102782067,432.6092449398333,432.7918395996094,66084600,0.0,0.0,0.0
2023-09-01,435.5019052625726,435.9824113556043,432.1479527903315,433.5990905761719,58944100,0.0,0.0,0.0
2023-09-05,433.15708696932927,433.4742081258921,431.6579101191323,431.72515869140625,55166200,0.0,0.0,0.0
2023-09-06,430.91784492057485,431.0235715081806,426.50680264350075,428.8228454589844,70758500,0.0,0.0,0.0
2023-09-07,425.8341358343982,428.17900813567496,425.4881854921281,427.5063171386719,70355400,0.0,0.0,0.0
2023-09-08,427.5543236104539,429.67815236910445,427.19875378748577,428.150146484375,61659700,0.0,0.0,0.0
2023-09-11,430.7641697069155,431.2735050832395,429.06318839227185,430.96600341796875,60180100,0.0,0.0,0.0
2023-09-12,429.5243994362143,431.042785754672,428.02522280308654,428.601806640625,67565400,0.0,0.0,0.0
2023-09-13,428.8228912507801,430.2547901313596,427.72732319853264,429.1015930175781,60199300,0.0,0.0,0.0
2023-09-14,431.5617375492493,433.4933520471616,430.26436526823954,432.8014221191406,83430800,0.0,0.0,0.0
2023-09-15,431.22275924982887,431.5506524245771,427.15298130374185,427.5869445800781,111848900,1.583,0.0,0.0
2023-09-18,427.2783073434339,429.12997218957395,426.80575976702727,427.8376770019531,55752200,0.0,0.0,0.0
2023-09-19,426.92150856778005,427.50980914474906,424.2790562688864,426.950439453125,66514600,0.0,0.0,0.0
2023-09-20,428.2041638924205,428.61884971067485,422.8227839687489,423.02532958984375,82562600,0.0,0.0,0.0
2023-09-21,420.1899872517448,420.45036521142913,415.8791088874586,416.0334167480469,104095800,0.0,0.0,0.0
2023-09-22,417.05566583396023,418.64692328267273,414.6832156713709,415.0979309082031,100829700,0.0,0.0,0.0
2023-09-25,413.8924379607471,416.8820607506406,413.458445268684,416.843505859375,70874500,0.0,0.0,0.0
2023-09-26,413.8152964968598,414.51932063009883,409.8901728584851,410.7195739746094,96168400,0.0,0.0,0.0
2023-09-27,411.88643967289465,412.4458093049011,407.2573219237748,410.8834533691406,104705800,0.0,0.0,0.0
2023-09-28,410.333802865898,414.93399013925836,409.745502299644,413.26556396484375,92258300,0.0,0.0,0.0
2023-09-29,416.30341993440965,416.47700522910236,410.7484550545368,412.2625732421875,115111300,0.0,0.0,0.0
2023-10-02,411.4332235195831,413.34275029290137,409.3501114299314,412.0986633300781,83798600,0.0,0.0,0.0
2023-10-03,409.92869029746174,412.15645644629615,405.22240407493666,406.58221435546875,103760600,0.0,0.0,0.0
2023-10-04,407.0451406977265,410.28551714342467,405.588884325945,409.5429382324219,87453000,0.0,0.0,0.0
2023-10-05,409.2537024754974,410.2277581131325,406.1772865416576,409.38873291015625,70142700,0.0,0.0,0.0
2023-10-06,406.9487669268842,415.78269394671395,405.6275407211765,414.2492980957031,113273300,0.0,0.0,0.0
2023-10-09,412.3590123769111,417.47036086082164,411.80932558041656,416.9013671875,80374400,0.0,0.0,0.0
2023-10-10,417.5282094394434,421.6558488736504,417.1328010827686,419.0712585449219,78607300,0.0,0.0,0.0
2023-10-11,420.1320860419277,421.03859681205853,417.7596360182193,420.7878723144531,62451700,0.0,0.0,0.0
2023-10-12,421.39545544096734,421.7715569076046,415.879074957657,418.2225646972656,81154200,0.0,0.0,0.0
2023-10-13,419.7174193113071,420.9132978989336,414.5771691952751,416.1394958496094,95143100,0.0,0.0,0.0
2023-10-16,418.3769399083744,421.57876204965237,418.13583937540864,420.5179138183594,75433200,0.0,0.0,0.0
2023-10-17,417.4028130821822,422.54309204899533,417.0556425009614,420.49853515625,75324700,0.0,0.0,0.0
2023-10-18,418.733685585988,419.6884340997793,413.8152297481562,414.8953552246094,93559800,0.0,0.0,0.0
2023-10-19,415.60908569425885,417.4125128642148,410.5749056891377,411.2499694824219,121323000,0.0,0.0,0.0
2023-10-20,410.81605848520843,411.3561213610466,406.09046417479595,406.1965637207031,123919900,0.0,0.0,0.0
2023-10-23,404.67274501676764,409.3404770106009,402.92717959630676,405.49249267578125,92035100,0.0,0.0,0.0
2023-10-24,407.6044970323164,409.6972623098232,405.76248569133276,408.54962158203125,78564200,0.0,0.0,0.0
2023-10-25,406.8715656507854,406.9004965329498,402.1749032838704,402.68603515625,94223200,0.0,0.0,0.0
2023-10-26,401.62526644318154,402.4739155692253,396.9479103704744,397.86407470703125,115156800,0.0,0.0,0.0
2023-10-27,399.4456683619361,399.8410767152927,394.64293578713176,396.06060791015625,107367700,0.0,0.0,0.0
2023-10-30,398.8381024524088,401.84703208667196,397.5458072598068,400.79583740234375,86562700,0.0,0.0,0.0
2023-10-31,401.3648771149318,403.6312280389458,399.4650037145309,403.31298828125,79665200,0.0,0.0,0.0
2023-11-01,404.27731320299,408.4242298564383,403.7468744665271,407.6141357421875,98068100,0.0,0.0,0.0
2023-11-02,411.39455884918044,415.5800890892324,411.37528140598056,415.42578125,94938900,0.0,0.0,0.0
2023-11-03,417.72110052299064,420.75896096668146,417.59572355276106,419.2159118652344,100167800,0.0,0.0,0.0
2023-11-06,419.96812824031423,420.62391451827705,418.24184046839486,420.1802978515625,67831700,0.0,0.0,0.0
2023-11-07,420.18031060348386,422.0126685210308,419.04232330462156,421.37615966796875,64256100,0.0,0.0,0.0
2023-11-08,421.9740622310195,422.4948475257227,419.3894720637267,421.68475341796875,61746000,0.0,0.0,0.0
2023-11-09,422.822781049031,422.86136537152765,417.9718399454001,418.39617919921875,83174400,0.0,0.0,0.0
2023-11-10,420.45998395564305,425.23375607657056,418.386496162944,424.9251403808594,89462200,0.0,0.0,0.0
2023-11-13,423.5942934214088,425.61951403994044,422.81313016998365,424.5201110839844,52236100,0.0,0.0,0.0
2023-11-14,430.43195196006246,434.03880639292726,430.21012888201807,432.75616455078125,97176900,0.0,0.0,0.0
2023-11-15,434.08698805976627,435.3117974864374,432.82362374197305,433.67230224609375,77327600,0.0,0.0,0.0
2023-11-16,433.22867282179436,434.52096798557363,432.1678247228073,434.2027282714844,66665800,0.0,0.0,0.0
2023-11-17,434.2123590781554,435.3503758373704,433.29619481153003,434.7427978515625,83133200,0.0,0.0,0.0
2023-11-20,434.4920035775441,438.92825837478466,434.4823501401847,438.0892333984375,69936200,0.0,0.0,0.0
2023-11-21,437.0476983171483,437.9638920043512,435.87112668099957,437.1344909667969,49244600,0.0,0.0,0.0
2023-11-22,438.7836191839142,440.1337760565273,437.7324245676935,438.8221740722656,59394900,0.0,0.0,0.0
2023-11-24,438.87039999223333,439.28508576492015,438.542506862815,439.0921936035156,29737400,0.0,0.0,0.0
2023-11-27,438.4654455611085,439.2755398611356,437.91572925462685,438.301513671875,50506000,0.0,0.0,0.0
2023-11-28,437.91566497815336,440.02770779834395,437.3563247451927,438.73541259765625,62115000,0.0,0.0,0.0
2023-11-29,440.87640839051414,442.0047717825631,438.0314398912728,438.42681884765625,63146000,0.0,0.0,0.0
2023-11-30,439.2658732507552,440.5003067450598,437.2020386572685,440.1531066894531,79752700,0.0,0.0,0.0
2023-12-01,439.5455132066452,443.28739788218263,438.95724208115644,442.7569885253906,89183400,0.0,0.0,0.0
2023-12-04,439.38160552881834,442.77629034785133,438.16644945685704,440.43280029296875,72430900,0.0,0.0,0.0
2023-12-05,439.05365215206086,441.3006958020075,438.6775212551753,440.345947265625,69793500,0.0,0.0,0.0
2023-12-06,442.4773193670441,442.5062502524176,438.1375099737289,438.5715026855469,69124700,0.0,0.0,0.0
2023-12-07,440.6448901016337,442.5640405275411,440.04696561303206,441.91790771484375,66995400,0.0,0.0,0.0
2023-12-08,441.1752679062005,444.3481582754824,440.9341674405057,443.8177490234375,83194400,0.0,0.0,0.0
2023-12-11,443.32592420547695,445.71765157982594,443.11375460427496,445.5440368652344,65002200,0.0,0.0,0.0
2023-12-12,445.1969357013274,447.67545610374924,444.20360273884916,447.5790100097656,68327600,0.0,0.0,0.0
2023-12-13,447.9550638637653,454.00188308183056,447.5982398420778,453.7511291503906,93278000,0.0,0.0,0.0
2023-12-14,455.6799144737148,456.8661394494857,452.545608183684,455.2073669433594,119026000,0.0,0.0,0.0
2023-12-15,454.61284974570634,455.7845286924067,452.6181291338484,454.4579162597656,141553700,1.906,0.0,0.0
2023-12-18,456.0556626634462,457.9922869448393,455.00020597615196,457.0142822265625,70375300,0.0,0.0,0.0
2023-12-19,457.5565059029809,459.87078595804843,457.47905393883144,459.7933044433594,55761800,0.0,0.0,0.0
2023-12-20,458.9412058569742,460.8197337409229,452.9957847839671,453.4218444824219,102921000,0.0,0.0,0.0
2023-12-21,456.39451800386655,457.99225657048584,453.98343038961036,457.72113037109375,86667500,0.0,0.0,0.0
2023-12-22,458.84435899601766,460.3162123050925,456.7528308577729,458.6410217285156,67160400,0.0,0.0,0.0
2023-12-26,459.0477470448917,461.4781904417408,458.97026552475677,460.5776672363281,55387000,0.0,0.0,0.0
2023-12-27,460.374329818143,461.5556718202345,459.84176995718065,461.4104309082031,68000300,0.0,0.0,0.0
2023-12-28,461.76866793794215,462.4174204811319,461.16831917837936,461.5846862792969,77158100,0.0,0.0,0.0
2023-12-29,461.39104484329897,461.91394167612276,458.3021267345069,460.2484436035156,122283100,0.0,0.0,0.0
2024-01-02,457.19826599724024,458.66042679258095,455.58117171261154,457.6727294921875,123623700,0.0,0.0,0.0
2024-01-03,455.5230445204575,456.25897115713644,453.3346793148978,453.9350280761719,103585900,0.0,0.0,0.0
2024-01-04,453.4605375615008,456.03625125353045,452.2501474553143,452.4728698730469,84232200,0.0,0.0,0.0
2024-01-05,452.67622417899463,455.53275675735284,451.6498156943496,453.0926208496094,86118900,0.0,0.0,0.0
2024-01-08,453.58644474883687,459.7061845131588,453.4605594436324,459.5609436035156,74879100,0.0,0.0,0.0
2024-01-09,456.9174526401683,459.8804854755376,456.4139409568945,458.86376953125,65931400,0.0,0.0,0.0
2024-01-10,459.134858193739,462.32061320272817,458.854039417125,461.45880126953125,67310600,0.0,0.0,0.0
2024-01-11,462.4561601628175,462.9693643803347,457.2950698074294,461.2554626464844,77940700,0.0,0.0,0.0
2024-01-12,462.69825780727723,463.43418447136196,460.1709773696293,461.57501220703125,58026400,0.0,0.0,0.0
2024-01-16,460.2000221906259,461.507219896807,458.0697237314841,459.8804626464844,85014900,0.0,0.0,0.0
2024-01-17,456.868988843808,457.80825269443005,454.98076856609674,457.3240966796875,68843900,0.0,0.0,0.0
2024-01-18,458.9896569986018,461.9429972701223,457.4500442083185,461.39105224609375,91856200,0.0,0.0,0.0
2024-01-19,462.514291382207,467.42364106257526,461.4394790826515,467.142822265625,110834500,0.0,0.0,0.0
2024-01-22,468.6727761250073,469.8444255597238,467.4817415348223,468.1305236816406,75844900,0.0,0.0,0.0
2024-01-23,468.67274693324026,469.737866598163,467.5882421140563,469.49578857421875,49945300,0.0,0.0,0.0
2024-01-24,472.3523319806955,473.2819033399484,469.51518456670595,470.009033203125,81765000,0.0,0.0,0.0
2024-01-25,472.12967735155286,472.83655593748745,470.00910069483916,472.5654296875,72525000,0.0,0.0,0.0
2024-01-26,472.13928542085506,473.6208017271318,471.122569553023,471.9649963378906,76641600,0.0,0.0,0.0
2024-01-29,472.27486373270614,475.8479376894722,471.73261132928997,475.7026672363281,61322800,0.0,0.0,0.0
2024-01-30,475.0151572718124,476.04156568160744,474.5794050287412,475.334716796875,58618400,0.0,0.0,0.0
2024-01-31,473.136623371545,473.58203863496095,467.55913657540736,467.5785217285156,126011100,0.0,0.0,0.0
2024-02-01,469.27310972065493,473.72735140437555,468.4693941088524,473.69830322265625,91891600,0.0,0.0,0.0
2024-02-02,474.1340709086256,480.33126318424115,473.79515572273505,478.6851501464844,99228200,0.0,0.0,0.0
2024-02-05,478.0556906983339,478.7141358274664,474.69564656369516,476.9421081542969,75757100,0.0,0.0,0.0
2024-02-06,477.88139839933996,478.6560658444282,476.45797836644056,478.32684326171875,55918600,0.0,0.0,0.0
2024-02-07,480.5636415654776,482.73265130891053,479.66308881437243,482.3162841796875,70556500,0.0,0.0,0.0
2024-02-08,482.3162670291635,482.9069232309363,481.5028884042988,482.529296875,52343600,0.0,0.0,0.0
2024-02-09,483.0328221928446,485.7537769299286,482.693907035265,485.31805419921875,63979400,0.0,0.0,0.0
2024-02-12,485.2889926510743,487.5451468627196,484.38843993132826,485.1050109863281,56502300,0.0,0.0,0.0
2024-02-13,478.8593972990049,481.3382739920692,475.1701304413372,478.42364501953125,113099200,0.0,0.0,0.0
2024-02-14,481.0477679790003,483.2555183461787,478.73348791641325,482.7713623046875,68387800,0.0,0.0,0.0
2024-02-15,483.4685762738627,486.28636814510776,482.9940832312684,486.1023864746094,61683000,0.0,0.0,0.0
2024-02-16,485.8022467252244,486.9351554606331,482.9457138905167,483.681640625,75532900,0.0,0.0,0.0
2024-02-20,481.9482480001481,482.6163856416654,478.78187841031104,481.0186767578125,71736700,0.0,0.0,0.0
2024-02-21,479.7211799226085,481.609370733512,477.92010410161913,481.4544372558594,59293400,0.0,0.0,0.0
2024-02-22,488.0390264949041,492.3770461062639,487.08037735176976,491.4184265136719,76402500,0.0,0.0,0.0
2024-02-23,493.1323109036816,493.9650747069926,491.03109011668937,491.75732421875,61321800,0.0,0.0,0.0
2024-02-26,492.19303641539864,492.62878868752523,489.83035248988597,489.95623779296875,50386700,0.0,0.0,0.0
2024-02-27,490.64373169951057,491.089146972122,488.755511365846,490.8664245605469,48854500,0.0,0.0,0.0
2024-02-28,489.3171596556616,490.798676044666,488.9588888927158,490.21771240234375,56506600,0.0,0.0,0.0
2024-02-29,491.9703479594554,493.5874126583201,489.3365378000111,491.9800109863281,83924800,0.0,0.0,0.0
2024-03-01,492.85151281479995,497.02490613181874,492.4448087227075,496.5988464355469,76844800,0.0,0.0,0.0
2024-03-04,495.80484959614716,497.9060702059494,495.77577186599717,496.0662536621094,49799300,0.0,0.0,0.0
2024-03-05,494.07152244829007,494.5169672600257,488.9104323126882,491.1084899902344,72855600,0.0,0.0,0.0
2024-03-06,494.37177538075554,495.8436288177244,492.309295244367,493.5971374511719,68382400,0.0,0.0,0.0
2024-03-07,496.8796395912252,499.54249762191694,493.65514404575936,498.4967041015625,58652100,0.0,0.0,0.0
2024-03-08,499.1262072798715,501.7986991966138,494.93339907868494,495.50469970703125,86532500,0.0,0.0,0.0
2024-03-11,494.3039754152461,495.6596064560232,492.38670680365675,495.07861328125,62557200,0.0,0.0,0.0
2024-03-12,497.1798014108618,500.9852604266135,494.67184736073796,500.404296875,73114400,0.0,0.0,0.0
2024-03-13,500.72391574507606,500.8982048517955,498.1869424676809,499.6200256347656,55104100,0.0,0.0,0.0
2024-03-14,500.5883050955873,500.7432681365898,495.6015329710001,498.6323547363281,110171800,0.0,0.0,0.0
2024-03-15,495.57751113868864,497.0247990949515,493.5474544938414,495.2084045410156,107646300,1.595,0.0,0.0
2024-03-18,499.25883960128044,500.69637526560086,497.74358168127196,498.1515197753906,88893300,0.0,0.0,0.0
2024-03-19,497.4619006203073,501.201461454095,496.4614118820625,500.9197998046875,60755300,0.0,0.0,0.0
2024-03-20,500.9781262063219,505.68900816762243,500.30791251207177,505.5530090332031,69594600,0.0,0.0,0.0
2024-03-21,508.37950670617295,509.0788290865272,506.9419118942698,507.2236328125,60256100,0.0,0.0,0.0
2024-03-22,507.13623802282444,507.621898374332,506.02891819305677,506.2620849609375,79070800,0.0,0.0,0.0
2024-03-25,504.8923900373024,506.00943233944366,504.7078367687234,504.86328125,48512100,0.0,0.0,0.0
2024-03-26,506.28145712240774,506.62145492992863,503.5326622935472,503.9308776855469,65463700,0.0,0.0,0.0
2024-03-27,506.7478031087625,508.20478432945873,504.59144007407906,508.1658935546875,82999800,0.0,0.0,0.0
2024-03-28,508.20475523799445,509.56456872863964,507.78709442613604,508.0687561035156,96294900,0.0,0.0,0.0
2024-04-01,508.80690155295423,509.3411160418204,506.02887949837907,507.18475341796875,62477500,0.0,0.0,0.0
2024-04-02,503.3772549881494,504.0960228561583,501.6677209860127,503.9600830078125,74230300,0.0,0.0,0.0
2024-04-03,502.8721374777498,506.00954373427334,502.8235832984241,504.513671875,59155800,0.0,0.0,0.0
2024-04-04,508.50578090533,508.84571940239897,498.05436173454603,498.35546875,96858100,0.0,0.0,0.0
2024-04-05,499.70559240907556,505.5140703375904,499.26848630383614,503.56170654296875,74546500,0.0,0.0,0.0
2024-04-08,504.26116489557916,505.26159438808656,503.03729132856745,503.84344482421875,48401800,0.0,0.0,0.0
2024-04-09,505.57239024819654,505.81522040681716,499.5987446322458,504.4262390136719,68049200,0.0,0.0,0.0
2024-04-10,498.75370676862974,501.3568389879978,497.4036161258989,499.3753662109375,82652800,0.0,0.0,0.0
2024-04-11,500.89063294902877,504.5816396156678,497.3939022721514,503.14410400390625,70099000,0.0,0.0,0.0
2024-04-12,499.61822644383983,501.0266533234711,494.47993161292834,496.1991882324219,92561100,0.0,0.0,0.0
2024-04-15,500.3563935965436,500.5215015015242,489.13762269781876,489.9826965332031,92101400,0.0,0.0,0.0
2024-04-16,490.45861586737846,491.97387360026755,487.80690001364667,489.08905029296875,73484000,0.0,0.0,0.0
2024-04-17,491.5368440989878,491.7019816659058,484.8055985468662,486.194580078125,75910300,0.0,0.0,0.0
2024-04-18,487.5835926622845,489.6719263116465,484.26166270979206,485.1941223144531,74548100,0.0,0.0,0.0
2024-04-19,485.1163881622374,486.1071245547147,479.6964023315547,480.9591369628906,102212600,0.0,0.0,0.0
2024-04-22,483.55258680560587,487.972113920127,481.2214229780645,485.3883972167969,67961000,0.0,0.0,0.0
2024-04-23,487.38924842347393,491.575637828991,485.2037770782218,491.14825439453125,64633600,0.0,0.0,0.0
2024-04-24,492.032173924217,492.8189412598712,488.70055129127593,490.9151611328125,55928100,0.0,0.0,0.0
2024-04-25,484.8638724968989,489.8078914311426,483.222338099903,489.0502624511719,69122400,0.0,0.0,0.0
2024-04-26,491.8282151706386,495.25697586630093,491.19686267902955,493.6834411621094,64306100,0.0,0.0,0.0
2024-04-29,495.4609621651781,496.1020373711397,492.70241499072074,495.43182373046875,46415400,0.0,0.0,0.0
2024-04-30,493.97486496700367,494.9461856908876,487.5835876464844,487.5835876464844,77483600,0.0,0.0,0.0
2024-05-01,487.00079486473084,493.6154866987963,485.5340910693037,486.0003356933594,80242800,0.0,0.0,0.0
2024-05-02,489.6912841378985,491.38140217174987,485.2232033620505,490.5460510253906,62550200,0.0,0.0,0.0
2024-05-03,496.5002494560944,497.8503696978336,493.9748099269168,496.62652587890625,72756700,0.0,0.0,0.0
2024-05-06,499.01605624422,501.79401947741314,498.57895003144245,501.75518798828125,47264700,0.0,0.0,0.0
2024-05-07,502.71677601484447,503.6978194793967,501.6386241870498,502.308837890625,52561300,0.0,0.0,0.0
2024-05-08,500.4826885782833,502.89154482386346,500.36613484283316,502.3573303222656,42047200,0.0,0.0,0.0
2024-05-09,502.541928571153,505.2907828616112,501.89116027589216,505.25189208984375,43643700,0.0,0.0,0.0
2024-05-10,506.8448931772194,507.65110602328485,504.68858950510435,505.9027404785156,52233200,0.0,0.0,0.0
2024-05-13,507.57328373764415,507.68011477392025,504.8341525672422,505.9705810546875,36716400,0.0,0.0,0.0
2024-05-14,506.16494992736375,508.80697323781544,505.63073536323316,508.2921447753906,57535900,0.0,0.0,0.0
2024-05-15,510.7496962878672,514.8778102004903,510.11831397557637,514.58642578125,59504900,0.0,0.0,0.0
2024-05-16,514.683461995483,516.2764423102767,513.3818660590745,513.527587890625,50244800,0.0,0.0,0.0
2024-05-17,513.644148566722,514.3338076754613,512.1968900639675,514.2658081054688,59187600,0.0,0.0,0.0
2024-05-20,514.3823386833988,516.3152574978291,513.9937866680089,514.8582763671875,37764200,0.0,0.0,0.0
2024-05-21,514.100788827741,516.2765383038518,513.8967900825829,516.12109375,33437000,0.0,0.0,0.0
2024-05-22,515.4313166919542,516.1403617816678,512.4687413388463,514.6348266601562,48390000,0.0,0.0,0.0
2024-05-23,517.6751612100837,517.7819922710518,509.67142792152424,510.87591552734375,57211200,0.0,0.0,0.0
2024-05-24,512.7116164560648,515.0622552748287,511.7694638177849,514.2560424804688,41291100,0.0,0.0,0.0
2024-05-28,515.0621852566261,515.2952927113275,511.99277901051346,514.6153564453125,36269600,0.0,0.0,0.0
2024-05-29,510.60381121104734,512.1870685483111,510.3027041932999,511.0117492675781,45190300,0.0,0.0,0.0
2024-05-30,509.47711227930006,510.13760318894674,506.3785971197376,507.6218566894531,46377600,0.0,0.0,0.0
2024-05-31,508.5738001358681,512.3716377541396,503.49375287353905,512.245361328125,90785800,0.0,0.0,0.0
2024-06-03,513.8480669180504,514.1297285627861,507.61214568816797,512.6630249023438,46835700,0.0,0.0,0.0
2024-06-04,511.3614424211813,513.9742970941719,509.90446158385646,513.236083984375,34632700,0.0,0.0,0.0
2024-06-05,515.5478835476441,519.3554439193825,513.566351467224,519.3359985351562,47610400,0.0,0.0,0.0
2024-06-06,519.637123680227,520.0645071551455,517.4030979505338,519.3262939453125,30808500,0.0,0.0,0.0
2024-06-07,518.3550094881825,521.4924158492759,517.2671349822953,518.6950073242188,43224500,0.0,0.0,0.0
2024-06-10,517.8888118681492,520.6182209175571,517.2963204143864,520.2976684570312,35686100,0.0,0.0,0.0
2024-06-11,518.7532508345464,521.608936050015,516.791164059003,521.5506591796875,36383400,0.0,0.0,0.0
2024-06-12,526.0964430443454,528.5150221365492,524.8045698950608,525.8341674804688,63251300,0.0,0.0,0.0
2024-06-13,527.5729418210138,527.747772459327,524.1150419766954,526.8930053710938,44760900,0.0,0.0,0.0
2024-06-14,525.367907030757,527.2425487322553,524.3674183253244,527.2134399414062,40089900,0.0,0.0,0.0
2024-06-17,526.533556163689,532.7985867082562,526.0770045940598,531.4095458984375,55839500,0.0,0.0,0.0
2024-06-18,531.4677705153928,532.8859199795279,531.0501097581155,532.7596435546875,41376400,0.0,0.0,0.0
2024-06-20,533.6824639158926,534.3429548976981,529.5446281232266,531.3124389648438,70328200,0.0,0.0,0.0
2024-06-21,530.4929219620788,531.7109897848462,529.148170327666,530.60009765625,64338600,1.759,0.0,0.0
2024-06-24,530.4246524328222,532.9777175877437,528.75831439887,528.875244140625,45528700,0.0,0.0,0.0
2024-06-25,530.0933585291979,531.2724695843536,528.5829663352164,530.9119262695312,37936200,0.0,0.0,0.0
2024-06-26,529.8010709636176,532.2859175813455,529.1579572826417,531.5745849609375,38550600,0.0,0.0,0.0
2024-06-27,531.4380824208646,532.9874907686532,530.6974877125363,532.4125366210938,35041500,0.0,0.0,0.0
2024-06-28,533.1823416161415,536.2226934820135,529.0799274394088,530.3174438476562,76144500,0.0,0.0,0.0
2024-07-01,531.6915669508893,531.9351805545184,528.6610279959765,531.4089965820312,40297800,0.0,0.0,0.0
2024-07-02,529.8107580224772,534.985107421875,529.7620472078919,534.985107421875,40434800,0.0,0.0,0.0
2024-07-03,534.6733620352073,537.7331629819162,534.6344052723863,537.3726196289062,32789900,0.0,0.0,0.0
2024-07-05,537.6746345682784,540.8708135451888,537.0412155224441,540.4713134765625,41488400,0.0,0.0,0.0
2024-07-08,541.2507961569877,542.0401016113069,540.0327285129174,541.0949096679688,36110500,0.0,0.0,0.0
2024-07-09,542.0499170234392,542.9463982576794,541.3288304126829,541.6211547851562,27289700,0.0,0.0,0.0
2024-07-10,542.8392819787523,547.3217481165079,542.5469575742852,546.980712890625,38701200,0.0,0.0,0.0
2024-07-11,547.097658299037,547.9649369537367,541.6309836132551,542.2643432617188,53054200,0.0,0.0,0.0
2024-07-12,543.3848727911708,549.2705544498172,542.917153831161,545.6845703125,53084400,0.0,0.0,0.0
2024-07-15,547.6725298408394,550.4107438001307,545.3338159394242,547.185302734375,40584300,0.0,0.0,0.0
2024-07-16,548.4910822924977,550.722561208659,547.7407334557406,550.4302368164062,36475300,0.0,0.0,0.0
2024-07-17,544.5250561904461,546.1913944708481,542.3909988738491,542.7125854492188,57119000,0.0,0.0,0.0
2024-07-18,544.2424015949905,545.2266098112565,536.3687953408241,538.5418090820312,56270400,0.0,0.0,0.0
2024-07-19,538.3079467810027,539.9255739822243,533.9131490329083,534.965576171875,65509100,0.0,0.0,0.0
2024-07-22,538.8732057821688,541.0852359846874,536.9438053796708,540.4810791015625,43346700,0.0,0.0,0.0
2024-07-23,540.3738360482369,542.5176472841652,539.1460736583557,539.63330078125,34439600,0.0,0.0,0.0
2024-07-24,534.8389605250121,535.1410389720269,526.4878802289309,527.4038696289062,74515300,0.0,0.0,0.0
2024-07-25,527.520781647899,533.4747422855404,523.7204457786454,524.6558837890625,61158300,0.0,0.0,0.0
2024-07-26,528.4270046031144,533.2115481254169,527.6571477897303,530.5317993164062,53763800,0.0,0.0,0.0
2024-07-29,532.0715719711993,533.0752290029756,528.8558251034021,530.84375,39515800,0.0,0.0,0.0
2024-07-30,532.3052976854228,533.3577247498921,524.7630325879668,528.1541137695312,46853600,0.0,0.0,0.0
2024-07-31,534.9559286681133,539.3604813512061,533.5917282671721,536.7391967773438,65663400,0.0,0.0,0.0
2024-08-01,538.4542703754322,540.6955035812163,525.6499253938641,529.1384887695312,76428700,0.0,0.0,0.0
2024-08-02,522.0637915280138,523.2721051131105,515.0964208231638,519.28662109375,82789100,0.0,0.0,0.0
2024-08-05,498.5698192467497,510.2048061292907,497.23479185731094,504.1631774902344,146267400,0.0,0.0,0.0
2024-08-06,505.95607618021586,516.2171073533713,504.6405868135895,508.811279296875,84826300,0.0,0.0,0.0
2024-08-07,514.9698561147811,518.0102083711349,504.8160585530724,505.41046142578125,70698300,0.0,0.0,0.0
2024-08-08,510.52636582888704,517.7178438799879,508.50929760994603,517.09423828125,63276600,0.0,0.0,0.0
2024-08-09,516.2756321007693,520.8555792219031,515.05756422153,519.3743896484375,45619600,0.0,0.0,0.0
2024-08-12,520.5632672781688,522.044397411093,517.3865366569688,519.6472778320312,42542100,0.0,0.0,0.0
2024-08-13,522.8238623196474,528.4269731320612,522.5802488060642,528.1930541992188,52333100,0.0,0.0,0.0
2024-08-14,528.9824644571885,531.0386081211183,526.3222233938623,529.8594970703125,42446900,0.0,0.0,0.0
2024-08-15,535.4625975238755,539.22397656437,534.8584406614526,538.94140625,60846800,0.0,0.0,0.0
2024-08-16,537.3335929699142,540.8416642629177,537.1777064456791,540.1497802734375,44430700,0.0,0.0,0.0
2024-08-19,540.5589895349276,545.3143310546875,539.7112190916396,545.3143310546875,39121800,0.0,0.0,0.0
2024-08-20,544.8661286211883,546.5129587158026,543.0926147134523,544.4276123046875,33732300,0.0,0.0,0.0
2024-08-21,545.4701997056032,547.7503890311748,540.558912894909,546.2984619140625,41514600,0.0,0.0,0.0
2024-08-22,548.1889915317105,548.79314842079,540.8026115148097,542.0109252929688,56121500,0.0,0.0,0.0
2024-08-23,545.2364013003757,548.7054559638492,543.053573875613,547.7699584960938,50639400,0.0,0.0,0.0
2024-08-26,548.7931935686311,549.5045262116546,544.7686923459864,546.4642333984375,35788600,0.0,0.0,0.0
2024-08-27,545.1974719043471,547.7018267996916,544.0573769322793,547.214599609375,32693900,0.0,0.0,0.0
2024-08-28,546.8735372102509,547.3022994954773,540.8611111576025,544.037841796875,41066000,0.0,0.0,0.0
2024-08-29,545.9964384879656,549.2803444323956,542.9463920388357,544.0864868164062,38715200,0.0,0.0,0.0
2024-08-30,546.4447596496766,549.7871307787254,542.9074857644326,549.2803955078125,62700100,0.0,0.0,0.0
2024-09-03,546.1522480402451,546.483588595878,535.4722694199106,537.9766235351562,60600100,0.0,0.0,0.0
2024-09-04,536.144830576085,540.2667537157464,535.4237438257495,536.8756713867188,47224900,0.0,0.0,0.0
2024-09-05,536.817154296066,539.6527901961324,533.1239343608661,535.56982421875,44264300,0.0,0.0,0.0
2024-09-06,535.8914419191495,537.5090100138885,525.6596709710985,526.55615234375,68493800,0.0,0.0,0.0
2024-09-09,530.7365485093424,533.718376233379,528.8168426461983,532.4515380859375,40445800,0.0,0.0,0.0
2024-09-10,534.3516827554222,535.1215396263949,529.4989199451313,534.7706909179688,36394600,0.0,0.0,0.0
2024-09-11,534.683107736862,541.1729474655668,526.1663863296421,540.2569580078125,75248600,0.0,0.0,0.0
2024-09-12,540.8318274541291,545.1096956062142,538.6197974189213,544.8076171875,51819600,0.0,0.0,0.0
2024-09-13,545.4118431545087,548.6470386001909,545.1584755178029,547.653076171875,39310500,0.0,0.0,0.0
2024-09-16,547.3898567571744,548.7248541652143,545.5968944537451,548.4617919921875,36656100,0.0,0.0,0.0
2024-09-17,550.6641466211254,552.1063795479049,546.4642506202782,548.68603515625,49321000,0.0,0.0,0.0
2024-09-18,549.3389057758787,554.1624668793891,546.5032696834501,547.0587158203125,59044900,0.0,0.0,0.0
2024-09-19,556.4231830771506,558.2454079377469,553.5680389935643,556.3939208984375,75315500,0.0,0.0,0.0
2024-09-20,555.0314034219361,556.4682163688195,552.4215869805491,555.43212890625,77503100,1.746,0.0,0.0
2024-09-23,556.4975550473902,557.4652143001452,555.2854753286341,556.820068359375,44116900,0.0,0.0,0.0
2024-09-24,557.6116975399481,558.4718522050518,554.7966567556792,558.4132080078125,46805700,0.0,0.0,0.0
2024-09-25,558.2569861308538,558.9900686130115,556.0772469828556,557.1817626953125,38428600,0.0,0.0,0.0
2024-09-26,561.4238456875147,561.7464186568862,557.0449191197562,559.3907470703125,48336000,0.0,0.0,0.0
2024-09-27,560.4561405350975,561.2673753932927,557.5531033653197,558.5794067382812,42100900,0.0,0.0,0.0
2024-09-30,557.5531842584909,561.4238811603136,555.266000370726,560.81787109375,63557400,0.0,0.0,0.0
2024-10-01,560.465907913519,561.1109941219235,553.232804974523,555.793701171875,72668800,0.0,0.0,0.0
2024-10-02,554.904357347643,557.0449605610858,552.5193933091881,556.0283813476562,38097800,0.0,0.0,0.0
2024-10-03,554.5622564279636,556.9472206385742,552.7344420976066,555.0119018554688,40846500,0.0,0.0,0.0
2024-10-04,559.4395649274686,560.4267920576441,555.2854315259468,560.0553588867188,42939100,0.0,0.0,0.0
2024-10-07,558.4132383947003,559.0583842578297,553.8485957624074,554.9921875,49964700,0.0,0.0,0.0
2024-10-08,557.5531808736639,560.8374356454558,556.6833016920415,560.2411499023438,37398700,0.0,0.0,0.0
2024-10-09,560.2312569183572,564.6786707180951,559.6350309496581,564.1215209960938,37912200,0.0,0.0,0.0
2024-10-10,562.7824731556751,564.5516429072721,561.5313172618801,563.1343383789062,44138100,0.0,0.0,0.0
2024-10-11,563.0560670625003,567.2395520271365,562.9192107150462,566.5064697265625,42268000,0.0,0.0,0.0
2024-10-14,568.1095385598273,572.0682314590191,567.6306009114653,571.1396484375,36217200,0.0,0.0,0.0
2024-10-15,571.4034640590625,571.7064690209895,565.4898858259329,566.7019653320312,54203600,0.0,0.0,0.0
2024-10-16,566.7019840754366,569.6831735720418,565.9004735816125,569.1651000976562,30725400,0.0,0.0,0.0
2024-10-17,572.6937458614649,572.8990304200946,569.0283336899422,569.2140502929688,34393700,0.0,0.0,0.0
2024-10-18,570.8952139016382,572.1854459872815,569.4388331888846,571.4035034179688,37416800,0.0,0.0,0.0
2024-10-21,570.6802188403536,571.6576620923939,567.5035282712228,570.4652099609375,36439000,0.0,0.0,0.0
2024-10-22,567.9433552717076,571.3155462187071,567.288485036852,570.1621704101562,34183800,0.0,0.0,0.0
2024-10-23,568.1486509721636,568.5885123492586,561.4629131521561,564.952392578125,49314600,0.0,0.0,0.0
2024-10-24,566.897492764615,566.9757049256177,563.5644376745634,566.1741943359375,34979900,0.0,0.0,0.0
2024-10-25,568.393014498126,571.2764839191195,565.0403914237966,565.9786987304688,47268200,0.0,0.0,0.0
2024-10-28,569.4389192842264,569.5659916825215,567.4253885260767,567.7283935546875,30174700,0.0,0.0,0.0
2024-10-29,566.7703001757486,569.7612733719943,565.382347818899,568.6470336914062,42899700,0.0,0.0,0.0
2024-10-30,568.1779150746601,570.1621533327376,566.2230287475197,566.9268188476562,41435800,0.0,0.0,0.0
2024-10-31,562.5771216497128,562.6455498224844,555.6177318794403,555.813232421875,60182500,0.0,0.0,0.0
2024-11-01,558.4328313722141,562.5673968338307,557.748609230934,558.1591186523438,45667500,0.0,0.0,0.0
2024-11-04,558.2960627771841,559.586295105694,555.0802957635589,556.9569702148438,38217000,0.0,0.0,0.0
2024-11-05,557.8658847297456,563.7305435334926,557.6508758763042,563.6914672851562,39478300,0.0,0.0,0.0
2024-11-06,575.9094848869298,578.5778854519942,572.1854290723838,577.7079467773438,68182000,0.0,0.0,0.0
2024-11-07,579.7020264980958,583.1915058614667,579.6238143381844,582.1749267578125,47233200,0.0,0.0,0.0
2024-11-08,582.7222620683345,586.1140207981344,582.7222620683345,584.6967163085938,46444900,0.0,0.0,0.0
2024-11-11,586.2802096893201,586.6320749270757,583.5335966542183,585.25390625,37586800,0.0,0.0,0.0
2024-11-12,585.1757310882224,585.7719571662951,580.9629529710414,583.4359130859375,43006100,0.0,0.0,0.0
2024-11-13,583.8952929846365,585.7133231848053,581.5396809070076,583.7193603515625,47388600,0.0,0.0,0.0
2024-11-14,583.846300313338,584.3252378711322,579.2816578918741,579.9658203125,38904100,0.0,0.0,0.0
2024-11-15,576.4178358264271,576.8870491794336,570.6900323906797,572.5374145507812,75988800,0.0,0.0,0.0
2024-11-18,572.9967218779136,576.1929802203847,572.1366267509276,574.8832397460938,37001700,0.0,0.0,0.0
2024-11-19,571.520745912538,577.7079174505996,570.8560917990914,576.984619140625,49412000,0.0,0.0,0.0
2024-11-20,577.0629483995475,577.463673880748,571.4426497345274,577.1802368164062,50032600,0.0,0.0,0.0
2024-11-21,580.0148784351488,581.6960522761343,574.1990788649406,580.2787475585938,46750300,0.0,0.0,0.0
2024-11-22,580.2689646034843,582.7028485393122,579.7705186323628,582.0772705078125,38226400,0.0,0.0,0.0
2024-11-25,585.9967993093868,587.3065398623395,581.7742372889147,584.0516967773438,42441400,0.0,0.0,0.0
2024-11-26,585.2930125321725,587.7659726175935,584.5794980426031,587.101318359375,45621300,0.0,0.0,0.0
2024-11-27,586.9155638447446,587.2967213513849,583.807301635719,585.3223266601562,34000200,0.0,0.0,0.0
2024-11-29,586.1335489255529,589.7403166328984,585.8598958585202,588.9583740234375,30177400,0.0,0.0,0.0
2024-12-02,589.3688921712513,590.6884762739834,588.8801705758093,590.0140380859375,31746000,0.0,0.0,0.0
2024-12-03,589.7795507930211,590.5321415965333,588.7532472184814,590.2877807617188,26906600,0.0,0.0,0.0
2024-12-04,591.9690071030493,594.1975468669885,591.3043527994741,593.9531860351562,42787600,0.0,0.0,0.0
2024-12-05,593.9531512779432,594.7546619184587,592.6238427485821,592.9757080078125,28762200,0.0,0.0,0.0
2024-12-06,593.738143242676,595.3313805479372,593.3276337729875,594.0997924804688,31241500,0.0,0.0,0.0
2024-12-09,593.982457801793,594.1486064406603,590.4539021843977,591.0403442382812,34742700,0.0,0.0,0.0
2024-12-10,591.7147950136848,592.1350884376395,588.5478885385655,589.2027587890625,37234500,0.0,0.0,0.0
2024-12-11,592.115471217255,594.7056594686418,591.8417585310408,593.757568359375,28677700,0.0,0.0,0.0
2024-12-12,592.8975505621333,593.4644247000379,590.6983032226562,590.6983032226562,31543800,0.0,0.0,0.0
2024-12-13,592.7215967057723,593.4351111707817,589.2125492712078,590.5809936523438,35904700,0.0,0.0,0.0
2024-12-16,592.3306244931046,594.0705021581772,591.5584657830842,593.102783203125,43695200,0.0,0.0,0.0
2024-12-17,590.5614592226143,591.5193345487469,589.2907948870824,590.6591796875,55773500,0.0,0.0,0.0
2024-12-18,590.3560537155035,592.7312332463192,572.6741417666346,573.0553588867188,108248700,0.0,0.0,0.0
2024-12-19,578.0208781053541,579.6238994978684,572.6351557670356,572.8795166015625,85919500,0.0,0.0,0.0
2024-12-20,570.561095027684,584.2717241370053,569.7176190978377,579.7603759765625,125716700,1.966,0.0,0.0
2024-12-23,579.5053432293004,583.8303494697157,576.337534899556,583.2321166992188,57635800,0.0,0.0,0.0
2024-12-24,584.5756905048978,589.7539893082886,583.997031715741,589.7147216796875,33160100,0.0,0.0,0.0
2024-12-26,587.9493923534018,590.8719573339298,586.5567683514358,589.7539672851562,41219100,0.0,0.0,0.0
2024-12-27,586.0271828680434,586.2626090728168,579.3778441686201,583.5459594726562,64969300,0.0,0.0,0.0
2024-12-30,576.5630589676712,580.3388565581548,573.1500678896946,576.8866577148438,56578800,0.0,0.0,0.0
2024-12-31,578.5441892688881,579.2601650774656,573.1599745686183,574.7880249023438,57052700,0.0,0.0,0.0
2025-01-02,578.0342139844852,579.740679758371,569.3154835989945,573.375732421875,50204000,0.0,0.0,0.0
2025-01-03,576.2099775379395,581.1822402167261,575.1311355296597,580.5447998046875,37888500,0.0,0.0,0.0
2025-01-06,584.7815995417147,588.1455060566466,582.1629997160619,583.8890991210938,47679400,0.0,0.0,0.0
2025-01-07,585.9094391002772,586.2330977215739,575.4744864171694,577.288818359375,60393100,0.0,0.0,0.0
2025-01-08,577.357566647636,579.2013495963691,573.9250009242365,578.13232421875,47304700,0.0,0.0,0.0
2025-01-10,574.5917674597674,574.6604259424307,567.4029789022777,569.3056030273438,73105000,0.0,0.0,0.0
2025-01-13,564.6766400021115,570.5414039943755,564.2646890570356,570.1883544921875,47910100,0.0,0.0,0.0
2025-01-14,573.101074063849,573.7287574980859,567.2068596443902,570.972900390625,48420600,0.0,0.0,0.0
2025-01-15,578.9560183196553,582.4964494087538,577.8477854521145,581.3588256835938,56900200,0.0,0.0,0.0
2025-01-16,582.7220679112103,582.8985926554029,579.5445027973688,580.2408447265625,43319700,0.0,0.0,0.0
2025-01-17,585.458295644929,587.8120185370946,584.1342704001028,586.0663452148438,58070600,0.0,0.0,0.0
2025-01-21,589.0968809186732,591.4408471810177,587.1354148968001,591.4310302734375,42532900,0.0,0.0,0.0
2025-01-22,594.2457369774064,596.1091536661693,593.6965288784859,594.7557373046875,48196000,0.0,0.0,0.0
2025-01-23,594.1279851220985,598.0018920898438,593.8534110339756,598.0018920898438,41152100,0.0,0.0,0.0
2025-01-24,598.0607394613536,599.0120815203885,595.1087237951253,596.2561645507812,34604700,0.0,0.0,0.0
2025-01-27,583.3497595871564,588.1357411390088,583.1830517473746,587.8218994140625,70361100,0.0,0.0,0.0
2025-01-28,589.0478589949998,593.7063408187366,585.742793521421,592.8727416992188,44433300,0.0,0.0,0.0
2025-01-29,592.0880784150642,592.4902124528912,587.6747800612517,590.2149047851562,37177400,0.0,0.0,0.0
2025-01-30,592.3235418567856,594.9126315608507,589.1459165604987,593.3826904296875,39281300,0.0,0.0,0.0
2025-01-31,595.7952876097377,598.2079122989969,589.4695478929073,590.2247314453125,66566900,0.0,0.0,0.0
2025-02-03,581.2509121761593,588.7240915852041,579.1129217803689,586.252685546875,65857200,0.0,0.0,0.0
2025-02-04,586.3115788306599,590.695426254437,585.7721876960313,590.1854858398438,33457800,0.0,0.0,0.0
2025-02-05,589.0674493379312,592.7255640609287,587.0471418694162,592.5784301757812,30653100,0.0,0.0,0.0
2025-02-06,594.3143418590737,594.7655005585997,591.0190935628144,594.6380004882812,35771500,0.0,0.0,0.0
2025-02-07,595.1970887375172,596.4131881290857,588.4888484089631,589.1950073242188,50788500,0.0,0.0,0.0
2025-02-10,592.3921407355843,593.8337894109928,591.1269569453736,593.1962890625,26048700,0.0,0.0,0.0
2025-02-11,590.9406891686515,594.1869131800177,590.8230059910161,593.6475219726562,30056700,0.0,0.0,0.0
2025-02-12,587.6551628450902,592.9020598913557,586.9784547529548,591.7349853515625,45076100,0.0,0.0,0.0
2025-02-13,592.8333911581238,598.1882142232939,591.5780842005947,597.9822387695312,40921300,0.0,0.0,0.0
2025-02-14,598.1882471856823,599.2180047928703,597.3350143232245,597.952880859375,26910400,0.0,0.0,0.0
2025-02-18,599.1101412981178,599.7083740234375,596.6583089558027,599.7083740234375,26749000,0.0,0.0,0.0
2025-02-19,598.3254799134808,601.4147523000511,597.815479705502,601.1205444335938,31011100,0.0,0.0,0.0
2025-02-20,599.7573748000233,599.8946917719264,595.3245028060013,598.6197509765625,36554000,0.0,0.0,0.0
2025-02-21,598.403858140564,598.5411750894118,587.9198228284766,588.3807983398438,76519800,0.0,0.0,0.0
2025-02-24,590.420875386549,591.4114252530362,584.997393388531,585.7035522460938,50737200,0.0,0.0,0.0
2025-02-25,585.6446767168586,586.3704094872951,578.200887648266,582.7907104492188,58266500,0.0,0.0,0.0
2025-02-26,584.4481941378576,588.0278934374002,580.4566037497201,583.0849609375,43321600,0.0,0.0,0.0
2025-02-27,585.3504695068715,586.4979702201956,573.3855747451564,573.77783203125,74196700,0.0,0.0,0.0
2025-02-28,574.2780198233005,583.2615078706541,571.2181376161361,582.73193359375,88744100,0.0,0.0,0.0
2025-03-03,584.6933298193593,585.8310134980443,568.727029424783,572.5224609375,74249200,0.0,0.0,0.0
2025-03-04,568.5407303426414,574.1112864169365,561.2244408531591,565.74560546875,109648200,0.0,0.0,0.0
2025-03-05,565.5788471805596,573.611051865237,562.038415848593,571.8261108398438,71230500,0.0,0.0,0.0
2025-03-06,564.3921877543482,568.9918277562862,559.1354734261878,561.6755981445312,80094900,0.0,0.0,0.0
2025-03-07,559.9004915315724,566.2654391000913,554.7320094861279,564.82373046875,81158800,0.0,0.0,0.0
2025-03-10,556.6541826711317,558.56656383442,544.885388513382,549.7792358398438,99326600,0.0,0.0,0.0
2025-03-11,548.6219753669684,553.1529563050404,541.3841622094388,545.208984375,88102100,0.0,0.0,0.0
2025-03-12,551.3385793423611,552.2604706321457,543.0219837811946,548.1021728515625,69588200,0.0,0.0,0.0
2025-03-13,547.7295040716507,548.3375536768395,539.0892496749408,540.7957153320312,74079400,0.0,0.0,0.0
2025-03-14,545.3953255555126,552.966614210826,540.8643446212099,551.9662475585938,62660300,0.0,0.0,0.0
2025-03-17,551.9467366903547,558.7334525568257,551.5152117500542,556.2227783203125,49008700,0.0,0.0,0.0
2025-03-18,553.9179548314441,554.1337472059147,548.2885573100283,550.2108154296875,66041400,0.0,0.0,0.0
2025-03-19,551.9859849662871,559.9495323368723,550.8090933649922,556.203125,66556000,0.0,0.0,0.0
2025-03-20,552.4763086964069,559.5768056668136,551.7603329396793,554.5946655273438,62958200,0.0,0.0,0.0
2025-03-21,550.1543252489805,555.6727731535583,548.9247213465745,554.777587890625,83763000,1.696,0.0,0.0
2025-03-24,561.4863807824129,565.7654388953832,560.8961948547495,564.712890625,58766800,0.0,0.0,0.0
2025-03-25,565.9129505962637,567.0048245728844,564.3292350043083,566.0703735351562,38355700,0.0,0.0,0.0
2025-03-26,565.8046621149444,566.9260752136204,557.9351976289363,559.3123779296875,51848300,0.0,0.0,0.0
2025-03-27,557.9254317069114,561.5847644413973,555.7219909391279,557.8270874023438,42164200,0.0,0.0,0.0
2025-03-28,556.3023301483869,557.0302460332103,546.0129833491962,546.5933227539062,71662700,0.0,0.0,0.0
2025-03-31,540.8586240116566,551.5611034821372,537.9468997306712,550.2626342773438,95328200,0.0,0.0,0.0
2025-04-01,548.3541875419536,553.7545984642982,544.6456828297712,551.8167114257812,54609600,0.0,0.0,0.0
2025-04-02,545.993387136237,558.1615443859063,545.7573127576624,555.3088989257812,76014500,0.0,0.0,0.0
2025-04-03,536.2155597389653,539.02887941269,527.9428100585938,527.9428100585938,125986000,0.0,0.0,0.0
2025-04-04,515.1253487932553,517.2894637749819,496.8190194100305,497.0354309082031,217965100,0.0,0.0,0.0
2025-04-07,481.20799599577117,514.6335325434056,473.93856260259804,496.150146484375,256611400,0.0,0.0,0.0
2025-04-08,513.344881818952,516.413968489066,481.1784603514281,488.3790283203125,165816600,0.0,0.0,0.0
2025-04-09,485.38869689536773,539.6683349609375,485.0050459934576,539.6683349609375,241867300,0.0,0.0,0.0
2025-04-10,523.4866290700438,524.7949444304113,501.0094937975821,516.0205078125,162331200,0.0,0.0,0.0
2025-04-11,514.4761933704091,527.6772059586904,511.5841621734685,525.2278442382812,97866300,0.0,0.0,0.0
2025-04-14,535.172792794898,535.3990807406135,525.149059337469,530.3232421875,68034000,0.0,0.0,0.0
2025-04-15,530.8643368073726,534.3662468687544,528.0510170471207,528.8379516601562,56892900,0.0,0.0,0.0
2025-04-16,523.0046778330362,529.1133721339063,511.80051174858437,517.0828857421875,83484800,0.0,0.0,0.0
2025-04-17,519.0306499479765,522.5030206369137,515.3614705598376,517.8206787109375,79868100,0.0,0.0,0.0
2025-04-21,512.656330465215,513.1875578394483,500.1635713405903,505.4951477050781,69368100,0.0,0.0,0.0
2025-04-22,511.6529994400941,520.6635112296127,510.71848838241135,518.64697265625,75948100,0.0,0.0,0.0
2025-04-23,531.6119789480975,536.5303956362238,525.1688650945055,526.6837158203125,90590700,0.0,0.0,0.0
2025-04-24,527.9624225863133,538.4976913582739,526.7131857388315,537.769775390625,64150400,0.0,0.0,0.0
2025-04-25,537.7304480905381,542.0586181694788,534.8187241892716,541.6553344726562,61119600,0.0,0.0,0.0
2025-04-28,542.393043710064,544.5177728075638,536.1269871108482,541.86181640625,47613800,0.0,0.0,0.0
2025-04-29,539.953448479556,546.3867741937128,539.5993369831574,545.2752075195312,47775100,0.0,0.0,0.0
2025-04-30,538.6355159100974,547.4394941741617,532.6842434654291,545.4917602539062,93101500,0.0,0.0,0.0
2025-05-01,551.2265048528457,554.8661444027258,548.7574506167018,549.3574829101562,63186100,0.0,0.0,0.0
2025-05-02,555.5153624660799,559.105829955879,553.203731094349,557.5122680664062,60717300,0.0,0.0,0.0
2025-05-05,553.390643044351,557.4040871519024,552.5348434974896,554.3153076171875,38659200,0.0,0.0,0.0
2025-05-06,548.8263293740373,554.157875203981,547.872185543118,549.68212890625,48264700,0.0,0.0,0.0
2025-05-07,551.0101522781708,554.6202527049248,546.9671688153295,551.9938354492188,55588000,0.0,0.0,0.0
2025-05-08,556.0170215722441,561.0043020556944,552.5348050390884,555.8399658203125,65130800,0.0,0.0,0.0
2025-05-09,557.2368724786456,558.2402486138279,553.5775995797053,555.1318359375,37603400,0.0,0.0,0.0
2025-05-12,571.9821994255728,573.4872634297448,567.6244903747194,573.4774169921875,78993600,0.0,0.0,0.0
2025-05-13,573.890562385163,579.4680890959,573.3299158219985,577.2646484375,67947200,0.0,0.0,0.0
2025-05-14,578.2187618347115,579.3696542531599,575.9857819804191,578.0023803710938,66283500,0.0,0.0,0.0
2025-05-15,576.0054901792878,581.3271894858746,575.5529743261593,580.8255615234375,71268100,0.0,0.0,0.0
2025-05-16,581.6027608803485,584.799731658972,579.6649335656915,584.504638671875,76052100,0.0,0.0,0.0
2025-05-19,578.5041197159628,585.8227258062999,578.5041197159628,585.1439819335938,68168500,0.0,0.0,0.0
2025-05-20,583.4126480536456,584.3569454237166,579.9795435318993,583.176513671875,60614500,0.0,0.0,0.0
2025-05-21,578.8385171464103,582.910979810613,572.3265394745135,573.3495483398438,95197700,0.0,0.0,0.0
2025-05-22,573.1527690961759,577.0481757894836,571.9231652201731,573.5758056640625,70860400,0.0,0.0,0.0
2025-05-23,566.5818333658885,572.3167232636762,566.2080289447406,569.6607666015625,76029000,0.0,0.0,0.0
2025-05-27,576.507266661779,581.6617574386509,568.9919119990551,581.50439453125,72588500,0.0,0.0,0.0
2025-05-28,581.9076603733905,583.0979387188073,577.4122207207761,578.14013671875,68445500,0.0,0.0,0.0
2025-05-29,583.3831371525944,583.5208672055215,576.5072014152614,580.4222412109375,69973300,0.0,0.0,0.0
2025-05-30,579.3204944032111,581.4846092815853,573.7233350319688,579.7730102539062,90601200,0.0,0.0,0.0
2025-06-02,578.1696356443219,583.1175308206884,575.51367904973,583.0388793945312,61630500,0.0,0.0,0.0
2025-06-03,582.6748967264019,587.3375451970118,582.1928415555221,586.3637084960938,63606200,0.0,0.0,0.0
2025-06-04,587.2195824432733,588.1934192676081,585.7735368258813,586.2063598632812,57314200,0.0,0.0,0.0
2025-06-05,587.8786382444381,589.2262795230108,581.4059855081334,583.3733520507812,92278700,0.0,0.0,0.0
2025-06-06,588.8918048716712,591.0264408134955,587.1211869788787,589.364013671875,66588700,0.0,0.0,0.0
2025-06-09,589.9344673159251,591.4395314497265,588.7245561772476,589.8951416015625,53016400,0.0,0.0,0.0
2025-06-10,590.4262447121249,593.623214804717,589.3147380391201,593.2396240234375,66247000,0.0,0.0,0.0
2025-06-11,594.3315698285918,595.1873694307895,589.491865174911,591.5477294921875,73658200,0.0,0.0,0.0
2025-06-12,590.2197163908625,593.898681640625,589.7377212700143,593.898681640625,64129000,0.0,0.0,0.0
2025-06-13,588.7344360351562,592.0297509680191,585.7636933525403,587.2589111328125,89506000,0.0,0.0,0.0
2025-06-16,590.6034857060379,594.587391119647,590.4263698749754,592.8462524414062,79984100,0.0,0.0,0.0
2025-06-17,590.4164759991057,591.9313264126861,587.0227571759267,587.7802124023438,82209400,0.0,0.0,0.0
2025-06-18,588.675394655937,591.4100028153547,586.7375074721152,587.6917114257812,76605000,0.0,0.0,0.0
2025-06-20,590.3564623402502,591.421997724495,584.9104595060545,586.3114624023438,94051400,1.761,0.0,0.0
2025-06-23,587.0612559769497,592.4875080391681,583.9535295622766,592.102783203125,87426000,0.0,0.0,0.0
2025-06-24,596.2266992885851,599.699459496435,595.3189919942236,598.6438598632812,67735300,0.0,0.0,0.0
2025-06-25,599.7587556505753,600.4493816787314,597.4205388336513,598.9793701171875,62114800,0.0,0.0,0.0
2025-06-26,600.8242007377552,604.0996909412141,600.2125189749694,603.6655883789062,78548400,0.0,0.0,0.0
2025-06-27,604.6620460106875,608.1249909093486,602.6395460052738,606.664794921875,86258400,0.0,0.0,0.0
2025-06-30,609.1016386885779,610.9169326524568,606.7929889413094,609.5653076171875,92502500,0.0,0.0,0.0
2025-07-01,608.0953617899536,610.5322734636828,607.2666588703396,609.3681030273438,70030100,0.0,0.0,0.0
2025-07-02,608.9635746030316,612.1699961712587,608.3420172970813,612.1305541992188,66510400,0.0,0.0,0.0
2025-07-03,614.1037538406599,617.8824153010514,614.0840027457131,616.9550170898438,51065800,0.0,0.0,0.0
2025-07-07,615.0014790783108,615.6625385416997,609.5851029977032,612.357421875,74814500,0.0,0.0,0.0
2025-07-08,613.0184402574613,613.7682592313246,611.2130216520668,612.0220336914062,59024600,0.0,0.0,0.0
2025-07-09,614.4193967168262,616.3432013077288,612.5842913923066,615.6920776367188,66113300,0.0,0.0,0.0
2025-07-10,615.8303157415752,618.4644977127873,614.6562696587606,617.4285888671875,57529000,0.0,0.0,0.0
2025-07-11,614.38979053738,616.48135905139,613.1960537313187,615.2579956054688,63670200,0.0,0.0,0.0
2025-07-14,614.8042291186631,616.7774117864018,613.4624793566222,616.43212890625,51898500,0.0,0.0,0.0
2025-07-15,619.1057784945341,619.4411858079188,613.7189684346675,613.7979125976562,74317300,0.0,0.0,0.0
2025-07-16,615.3764310442137,616.3531467698953,609.7627242916457,615.8499755859375,88987500,0.0,0.0,0.0
2025-07-17,616.0276278697462,619.9739930445255,615.8105464724214,619.6187744140625,68885700,0.0,0.0,0.0
2025-07-18,620.8618249379944,621.0295285799061,618.0599396747441,619.1649169921875,65621600,0.0,0.0,0.0
2025-07-21,620.3389892578125,623.0718060276608,619.9147622533486,620.3389892578125,63375000,0.0,0.0,0.0
2025-07-22,620.6645066309135,621.2860639110608,617.7935527028395,620.427734375,60046300,0.0,0.0,0.0
2025-07-23,623.0816882564411,625.7060546875,621.2860849659141,625.7060546875,70511000,0.0,0.0,0.0
2025-07-24,626.0907872079496,627.6200518287297,625.488980993582,625.9132080078125,71307100,0.0,0.0,0.0
2025-07-25,626.5742531786653,629.0308557161836,626.3276053702117,628.5572509765625,56865400,0.0,0.0,0.0
2025-07-28,628.9320905563593,629.4845791772158,627.0181013668307,628.3993530273438,54917100,0.0,0.0,0.0
2025-07-29,629.7904764849706,630.1061928990167,625.8342963044605,626.741943359375,60556300,0.0,0.0,0.0
2025-07-30,627.393143596463,629.129553977157,623.0718687407492,625.9527587890625,80418900,0.0,0.0,0.0
2025-07-31,630.8856007534994,631.2703255386737,622.3121212201215,623.6045532226562,103385200,0.0,0.0,0.0
2025-08-01,617.9020271938194,617.9415293786636,610.9860135753424,613.3834228515625,140103600,0.0,0.0,0.0
2025-08-04,617.2805351933534,622.7561046288977,617.191775701563,622.706787109375,73218000,0.0,0.0,0.0
2025-08-05,623.3184070376644,624.1274190145356,618.6320990296246,619.5496215820312,68051400,0.0,0.0,0.0
2025-08-06,620.6151401423151,624.9462896680084,619.7074931606843,624.295166015625,64357500,0.0,0.0,0.0
2025-08-07,627.7087670325432,628.4388348760696,620.6743670535704,623.7722778320312,74205800,0.0,0.0,0.0
2025-08-08,625.5581311998726,629.1000207675974,625.2424147306436,628.6362915039062,64051600,0.0,0.0,0.0
2025-08-11,628.912516593768,630.3825280073482,626.1500127592028,627.3931274414062,58742300,0.0,0.0,0.0
2025-08-12,629.7313617332716,634.2302158135884,628.2514747303153,634.0723876953125,64730800,0.0,0.0,0.0
2025-08-13,636.262488727692,637.5253543368295,634.0624096748859,636.2427978515625,60092800,0.0,0.0,0.0
2025-08-14,634.1709920856589,636.9630622902898,633.7270741796365,636.3020629882812,59327500,0.0,0.0,0.0
2025-08-15,637.328112699525,637.4268079608856,633.9046697471923,634.8123168945312,68592500,0.0,0.0,0.0
2025-08-18,634.2399697526556,635.3646981112688,633.5690949992928,634.674072265625,43804900,0.0,0.0,0.0
2025-08-19,634.4965717210093,635.4732874420525,629.9187737835771,631.23095703125,69750700,0.0,0.0,0.0
2025-08-20,630.8264521540534,631.0829152899969,624.4629267215348,629.5537109375,88890300,0.0,0.0,0.0
2025-08-21,627.7483287539096,629.4156102095885,625.3114169787772,627.028076171875,54805800,0.0,0.0,0.0
2025-08-22,629.2084140029245,637.8312114652382,628.70524285572,636.6571655273438,84083200,0.0,0.0,0.0
2025-08-25,635.4041800322128,636.6374190424261,633.7368384817344,633.855224609375,51274300,0.0,0.0,0.0
2025-08-26,633.5889446007113,636.8545593934813,632.9673872646679,636.5092163085938,51581600,0.0,0.0,0.0
2025-08-27,635.9270971923372,638.6895405097797,635.7790844255956,637.95947265625,48341100,0.0,0.0,0.0
2025-08-28,638.5612839961418,640.7712386679527,636.6867968305069,640.21875,61519500,0.0,0.0,0.0
2025-08-29,638.7881685836082,639.1532627231435,634.5162720889837,636.400634765625,74522200,0.0,0.0,0.0
2025-09-02,628.9518765829083,631.9017745733,626.406454480519,631.6847534179688,81983500,0.0,0.0,0.0
2025-09-03,634.0524945785448,635.5718834333111,631.8721667546157,635.108154296875,70820900,0.0,0.0,0.0
2025-09-04,635.7790859642552,640.4457033002755,634.8813144651941,640.4160766601562,65219200,0.0,0.0,0.0
2025-09-05,642.7443549194211,643.4646073746923,634.7036735299132,638.5612182617188,85178900,0.0,0.0,0.0
2025-09-08,639.922799046398,641.1264716601992,638.5514227841185,640.1300048828125,63133100,0.0,0.0,0.0
2025-09-09,640.2680535026645,642.1327252974712,638.5415189260096,641.60986328125,66133900,0.0,0.0,0.0
2025-09-10,644.8557277247635,645.7732503039375,641.9058297062181,643.4646606445312,78034500,0.0,0.0,0.0
2025-09-11,645.4082598463015,649.502637640468,644.8262047273438,648.81201171875,69934400,0.0,0.0,0.0
2025-09-12,648.7824254618777,650.272187984056,648.0918597139254,648.594970703125,72780100,0.0,0.0,0.0
2025-09-15,650.7950437367242,652.1762353081463,650.499078415473,652.0479736328125,63772400,0.0,0.0,0.0
2025-09-16,652.6004677140577,652.9063688014267,650.3708221309846,651.1502075195312,61169000,0.0,0.0,0.0
2025-09-17,651.1601352003632,652.8471677889224,645.5266771850337,650.3412475585938,101952200,0.0,0.0,0.0
2025-09-18,653.0148488941834,655.9746224265324,651.4165760040546,653.3798828125,90459200,0.0,0.0,0.0
2025-09-19,655.2605944120114,657.4568701129051,653.321492861841,656.615966796875,97945600,1.831,0.0,0.0
2025-09-22,655.1320445581616,660.1676828141602,655.1023357778903,659.7225341796875,69452200,0.0,0.0,0.0
2025-09-23,659.6037721086419,660.2172101260659,654.914373896894,656.1312866210938,81708900,0.0,0.0,0.0
2025-09-24,657.4173382288552,657.5162467217733,652.6289715744526,654.043701171875,68082200,0.0,0.0,0.0
2025-09-25,650.91749472694,652.3717757310584,647.4251431178142,651.0263061523438,89622100,0.0,0.0,0.0
2025-09-26,652.4707007820219,655.3001599546333,650.8580938277397,654.7560424804688,69179200,0.0,0.0,0.0
2025-09-29,657.2689261670223,658.1791500054463,654.7956099654933,656.59619140625,73499000,0.0,0.0,0.0
2025-09-30,655.8542079251938,659.5345338964465,654.5482897020846,659.0695190429688,86288000,0.0,0.0,0.0
2025-10-01,656.0916952927918,662.2255322042525,655.9828838603935,661.3153686523438,72545400,0.0,0.0,0.0
2025-10-02,663.2939389771905,663.4126533220159,659.6631277666079,662.0770263671875,56896000,0.0,0.0,0.0
2025-10-03,662.838842966907,665.5001336306916,661.0283585893458,662.0671997070312,70494400,0.0,0.0,0.0
2025-10-06,664.451431246289,665.3319462864663,662.314512664693,664.4415283203125,54623300,0.0,0.0,0.0
2025-10-07,665.3615678230638,665.8067767881695,660.5435529952065,661.9780883789062,72020100,0.0,0.0,0.0
2025-10-08,663.0960778489103,666.0245059882836,662.2749199573431,665.925537109375,60702200,0.0,0.0,0.0
2025-10-09,666.3411584665431,666.7467557943302,662.0672604073742,663.9963989257812,66501900,0.0,0.0,0.0
2025-10-10,664.9560648769805,666.7566464602573,645.8719772935636,646.050048828125,159422600,0.0,0.0,0.0
2025-10-13,653.5985682812151,658.030731623523,652.7279561413051,655.9630126953125,79560500,0.0,0.0,0.0
2025-10-14,650.1556923521978,658.7232938317348,646.1983862715207,655.1616821289062,88779600,0.0,0.0,0.0
2025-10-15,659.70272543157,663.076302337462,651.8969246006144,658.0703125,81702600,0.0,0.0,0.0
2025-10-16,659.7027763115389,661.5726180936518,650.0963932050812,653.5887451171875,110563300,0.0,0.0,0.0
2025-10-17,652.46076337718,658.6539563270334,651.1152939599514,657.298583984375,96500900,0.0,0.0,0.0
2025-10-20,660.197387427611,665.0352086527322,660.1479331778372,664.1348876953125,60493400,0.0,0.0,0.0
2025-10-21,664.2733620876278,665.8068060270512,662.8289237149189,664.1249389648438,56249000,0.0,0.0,0.0
2025-10-22,664.8274246920023,664.8274246920023,656.2202718491607,660.6722412109375,80564000,0.0,0.0,0.0
2025-10-23,660.988802941274,665.5298380529869,660.6722112216523,664.5899658203125,65604500,0.0,0.0,0.0
2025-10-24,669.2397551553117,671.2282504877203,668.4384031904034,670.0213012695312,74356500,0.0,0.0,0.0
2025-10-27,675.442806418656,678.2228112394536,674.8393317954225,677.926025390625,63339800,0.0,0.0,0.0
2025-10-28,679.7167206093349,681.5568533012904,677.520444889974,679.7266235351562,61738100,0.0,0.0,0.0
2025-10-29,681.3688612448931,682.338442194909,675.5813258562629,680.0531005859375,85657100,0.0,0.0,0.0
2025-10-30,676.6004800474726,678.6186845559015,672.5739135742188,672.5739135742188,76335800,0.0,0.0,0.0
2025-10-31,677.7282029402567,677.7678146457715,671.9901213244605,674.780029296875,87164100,0.0,0.0,0.0
2025-11-03,678.3514127088982,678.480029971011,672.6825917853487,676.0463256835938,57315000,0.0,0.0,0.0
2025-11-04,668.8934850512616,672.702428076588,667.3798469971412,668.0327758789062,78427000,0.0,0.0,0.0
2025-11-05,667.7755543304748,673.5927987432043,666.9742023136038,670.3478393554688,74402400,0.0,0.0,0.0
2025-11-06,669.2496197351962,670.1499405995044,661.5823399185376,663.1553955078125,85035300,0.0,0.0,0.0
2025-11-07,660.781013040124,663.9172214121945,654.1525740278607,663.808349609375,100592400,0.0,0.0,0.0
2025-11-10,670.0113821047929,674.898656794851,667.8250094695628,674.1665649414062,75842900,0.0,0.0,0.0
2025-11-11,672.6925881240425,676.2739453424548,671.4855783543771,675.7100219726562,58953400,0.0,0.0,0.0
2025-11-12,677.4809224347684,677.6491514285055,673.6819422079296,676.0859985351562,62312500,0.0,0.0,0.0
2025-11-13,673.2367288900627,673.5928719621189,663.3632690735044,664.8670043945312,103457800,0.0,0.0,0.0
2025-11-14,658.2780414721369,668.4482860302248,656.1905771441307,664.7581176757812,96846700,0.0,0.0,0.0
2025-11-17,662.551894702408,666.5191031831638,655.1022380100518,658.5648803710938,90456100,0.0,0.0,0.0
2025-11-18,655.0330664835586,658.0208519047019,648.8596786437042,653.03466796875,114467500,0.0,0.0,0.0
2025-11-19,653.7271433162842,660.217122241199,651.718781691756,655.557373046875,94703000,0.0,0.0,0.0
2025-11-20,665.7276649913678,668.3494043558474,644.9320631333248,645.5652465820312,165293500,0.0,0.0,0.0
2025-11-21,648.0582892153691,657.4568906385811,643.9031059831046,651.995849609375,123956200,0.0,0.0,0.0
2025-11-24,655.6167748873626,662.9081062970187,654.5285399004904,661.59228515625,80437900,0.0,0.0,0.0
2025-11-25,661.4933747936815,668.9924864834618,657.3876457131933,667.815185546875,81077100,0.0,0.0,0.0
2025-11-26,670.3973078307199,674.4238738525114,669.4969869185696,672.4254150390625,71879600,0.0,0.0,0.0
2025-11-28,673.5928002628821,676.3728052050843,673.2366572287348,676.0958251953125,49212000,0.0,0.0,0.0
2025-12-01,671.5647168500374,675.7000943604489,671.4954567492206,673.0091552734375,61201200,0.0,0.0,0.0
2025-12-02,674.6414676887413,676.5212120744054,672.0791460292079,674.2556762695312,62953800,0.0,0.0,0.0
2025-12-03,673.3059439079583,677.5995871066391,672.4353317565424,676.5905151367188,57238500,0.0,0.0,0.0
2025-12-04,677.9854045442221,678.05466464181,674.0677104452674,677.0851440429688,61970300,0.0,0.0,0.0
2025-12-05,678.153654645799,681.0425317051524,677.273199890512,678.371337890625,79241000,0.0,0.0,0.0
2025-12-08,679.2617413091358,679.3111955598065,674.2953027143022,676.3333129882812,55231500,0.0,0.0,0.0
2025-12-09,675.8584445640498,678.0745263345831,675.3044241214166,675.7495727539062,58310100,0.0,0.0,0.0
2025-12-10,675.2747265375898,681.616283144729,674.0380683519487,680.2312622070312,85671300,0.0,0.0,0.0
2025-12-11,677.8271327535609,681.8932499368323,674.8888018222121,681.8140869140625,86173700,0.0,0.0,0.0
2025-12-12,680.8247713558317,681.5272148787925,671.9208332382598,674.4832153320312,113160300,0.0,0.0,0.0
2025-12-15,678.4207075198718,678.4405133715769,671.999988545765,673.4641723632812,90811000,0.0,0.0,0.0
2025-12-16,671.9802275249427,673.8105178026394,667.7755898483048,671.6240844726562,122030600,0.0,0.0,0.0
2025-12-17,672.6331978735437,673.1773153631458,664.035948310003,664.2338256835938,110625200,0.0,0.0,0.0
2025-12-18,670.3676386439364,673.47413846835,667.6965052957117,669.2496948242188,108650100,0.0,0.0,0.0
2025-12-19,671.3463691548195,675.8114935895343,671.2272434527378,675.3153686523438,103599500,1.993,0.0,0.0
2025-12-22,678.6394050189502,680.0483829319917,675.3153920494597,679.5225219726562,69556700,0.0,0.0,0.0
2025-12-23,678.6195066727895,682.8663651395233,678.5699062922599,682.6282348632812,64840000,0.0,0.0,0.0
2025-12-24,682.6183200290311,685.4760045408373,682.4694583215327,685.0294799804688,39445600,0.0,0.0,0.0
2025-12-26,685.2874813951044,686.2995351048382,683.9281038851597,684.9600219726562,41613300,0.0,0.0,0.0
2025-12-29,682.2114479341877,683.8586166189733,680.7528697076866,682.51904296875,62559500,0.0,0.0,0.0
2025-12-30,682.1221392108215,683.2235219572843,681.2588867271484,681.685546875,47160700,0.0,0.0,0.0
2025-12-31,681.8145855439083,682.0328514439952,676.4266760541103,676.635009765625,74144800,0.0,0.0,0.0
2026-01-02,680.3956585252009,681.5466416904673,674.5512924418268,677.8753051757812,89377200,0.0,0.0,0.0
2026-01-05,681.2192280630002,684.0868448237256,681.0604947255163,682.3900756835938,71927200,0.0,0.0,0.0
2026-01-06,682.5984906991714,686.9544824498945,682.4496895461597,686.4484252929688,69273800,0.0,0.0,0.0
2026-01-07,686.8254142672773,688.5817158514149,683.9776620917838,684.2356567382812,75588300,0.0,0.0,0.0
2026-01-08,683.4815439165204,685.2675815209567,682.1618346683338,684.1661987304688,64019200,0.0,0.0,0.0
2026-01-09,685.2775757782119,689.9212981952004,683.8388012635544,688.69091796875,80125500,0.0,0.0,0.0
2026-01-12,685.3271398200249,690.6952455853734,685.2775394384523,689.7723999023438,63976000,0.0,0.0,0.0
2026-01-13,690.0998291255927,690.6952153647912,685.9919002674054,688.3931884765625,78309700,0.0,0.0,0.0
2026-01-14,685.6445758579941,686.3589666067269,680.7229953056234,685.009521484375,94676700,0.0,0.0,0.0
2026-01-15,689.1869590187856,690.0601436981007,685.8926823763012,686.875,77862000,0.0,0.0,0.0
2026-01-16,688.28406040864,688.8695145151978,684.7516530771834,686.299560546875,79289200,0.0,0.0,0.0
2026-01-20,676.2083446056304,679.4629532027941,671.3264922720098,672.3286743164062,111623300,0.0,0.0,0.0
2026-01-21,674.3826975966588,683.4022156585446,672.8744583042852,680.088134765625,127844500,0.0,0.0,0.0
2026-01-22,684.5035112839386,685.7736201181282,681.5962265907631,683.6402587890625,77112200,0.0,0.0,0.0
2026-01-23,682.8167194920136,685.6049389887335,681.8343413244536,683.8883056640625,63059600,0.0,0.0,0.0
2026-01-26,685.138576123168,688.7503800429489,684.5729864520383,687.3612060546875,60473800,0.0,0.0,0.0
2026-01-27,688.8000086063018,691.1318321418594,688.1947507195304,690.099853515625,55506100,0.0,0.0,0.0
2026-01-28,691.6477676593287,692.4316838253299,688.5618850633444,690.0303955078125,61172200,0.0,0.0,0.0
2026-01-29,690.9928952881424,691.657685737667,679.5224893166136,688.6610717773438,97486200,0.0,0.0,0.0
2026-01-30,686.4285189892349,688.8298072906449,681.7947290319643,686.6071166992188,101835100,0.0,0.0,0.0
2026-02-02,684.2356131892069,691.5286247721026,684.0768193112581,690.0203857421875,79286500,0.0,0.0,0.0
2026-02-03,690.8142565672537,691.5584439188771,678.7286612443456,684.18603515625,107904600,0.0,0.0,0.0
2026-02-04,684.9996810996682,686.0911923060062,676.4762885369656,680.8719482421875,105204600,0.0,0.0,0.0
2026-02-05,675.6625626456348,678.3912495205631,670.5524520913757,672.3682861328125,113610800,0.0,0.0,0.0
2026-02-06,676.1786564838608,686.944543957853,675.5733380016845,685.2676391601562,89127600,0.0,0.0,0.0
2026-02-09,684.0769172088077,690.4769412520913,683.0053309088385,688.5718383789062,73885200,0.0,0.0,0.0
2026-02-10,689.5640655604284,691.1417089533321,686.2995246985826,686.7559814453125,65185700,0.0,0.0,0.0
2026-02-11,690.9928885783248,691.7370759669038,683.8387453470867,686.5972290039062,76353900,0.0,0.0,0.0
2026-02-12,688.859502308346,689.9608850687785,675.0970022106213,675.9900512695312,118829000,0.0,0.0,0.0
2026-02-13,676.4068370573647,680.961290747747,672.2691719299015,676.4663696289062,96267500,0.0,0.0,0.0
2026-02-17,674.8688419019007,679.6316291710169,670.5426469985775,677.5578002929688,81354700,0.0,0.0,0.0
2026-02-18,678.7187643851827,683.8090109802145,677.53798463666,680.9711303710938,73570300,0.0,0.0,0.0
2026-02-19,678.5401160314528,680.86194660128,676.2678252760687,679.1751098632812,58649400,0.0,0.0,0.0
2026-02-20,677.0319102464942,684.7119142291095,676.4464562003476,684.0867919921875,100034000,0.0,0.0,0.0
2026-02-23,682.4992209190492,684.6523861034582,675.0970153480879,677.1013793945312,90558100,0.0,0.0,0.0
2026-02-24,676.6152356763558,683.0151991255567,674.7299366285719,682.02294921875,73798700,0.0,0.0,0.0
2026-02-25,684.8309407846423,688.3038149887374,684.7515438454409,687.7779541015625,56369500,0.0,0.0,0.0
2026-02-26,687.9069589925494,687.926762805978,679.0461151309984,683.957763671875,71671000,0.0,0.0,0.0
2026-02-27,677.795973699009,681.5367144347911,676.35719931042,680.6734619140625,83308900,0.0,0.0,0.0
2026-03-02,673.4400139353526,683.2831159083878,672.765291276125,681.0604858398438,87477200,0.0,0.0,0.0
2026-03-03,669.8281968363514,677.3196712649806,664.4700232973693,675.057373046875,105003100,0.0,0.0,0.0
2026-03-04,676.3473157204403,681.7650220692323,674.3528836974749,679.8201904296875,79182200,0.0,0.0,0.0
2026-03-05,676.7937758642711,680.2170498641997,670.3738880206191,676.0297241210938,106606500,0.0,0.0,0.0
2026-03-06,668.1909922733983,670.8700791710008,664.5693164010845,667.1690063476562,100687000,0.0,0.0,0.0
2026-03-09,661.2253729422058,674.650481531912,657.2563736570586,673.0133056640625,102667700,0.0,0.0,0.0
2026-03-10,672.4674947413112,678.0637980596332,669.5304741395607,671.9317016601562,81505300,0.0,0.0,0.0
2026-03-11,672.3286912573745,674.8093159596237,668.1215614523004,671.08837890625,68441700,0.0,0.0,0.0
2026-03-12,665.9583993556241,666.4446526664856,660.7094193200438,660.89794921875,108882200,0.0,0.0,0.0
2026-03-13,664.0831110227487,667.1293254881115,656.2343803863124,657.1571655273438,97200200,0.0,0.0,0.0
2026-03-16,663.199923076128,666.8613272435379,661.9496786440191,663.8449096679688,82023100,0.0,0.0,0.0
2026-03-17,667.1788836379297,669.2129836950214,664.5097291491037,665.5912475585938,87128000,0.0,0.0,0.0
2026-03-18,663.1801174312507,664.5295627375546,656.0657027257738,656.3038330078125,82062600,0.0,0.0,0.0
2026-03-19,651.8783782687178,657.8418097710767,650.0923405870744,654.6864624023438,111272500,0.0,0.0,0.0
2026-03-20,653.2009461223761,653.3800315656541,641.4703334037762,645.3009643554688,163617500,1.797,0.0,0.0
2026-03-23,654.7531040433624,659.2801583045331,650.6439158314106,652.07666015625,134802700,0.0,0.0,0.0
2026-03-24,648.0371459178807,653.7183875512989,646.604401549905,649.8877563476562,96457500,0.0,0.0,0.0
2026-03-25,655.3501116680137,657.5589538580906,650.9424473291369,653.5094604492188,90653800,0.0,0.0,0.0
2026-03-26,648.7734634761676,651.5493793651953,641.5699644768796,641.838623046875,96494400,0.0,0.0,0.0
2026-03-27,639.2616275919053,639.420794428861,629.9189411370072,630.89404296875,103649400,0.0,0.0,0.0
2026-03-30,636.8836547011163,637.1423539459004,626.108284608157,628.78466796875,99275900,0.0,0.0,0.0
2026-03-31,635.7195686416,648.2560368761451,634.7643854444117,647.0621337890625,152534100,0.0,0.0,0.0
2026-04-01,650.6041659517412,655.2008748639518,649.7086779392242,651.9373779296875,97841500,0.0,0.0,0.0
2026-04-02,643.1618697673937,654.8825248659317,641.858474913505,652.5244750976562,68358700,0.0,0.0,0.0
2026-04-06,652.554231190157,656.3947609217337,652.2159789115307,655.6087646484375,39105800,0.0,0.0,0.0
2026-04-07,653.3402849463747,656.285326673986,647.7784337275787,655.8972778320312,69980400,0.0,0.0,0.0
2026-04-08,672.980811715349,673.6673363432215,668.0756676404139,672.6027221679688,93606100,0.0,0.0,0.0
2026-04-09,671.4386399182858,677.7267318686964,670.3740257373166,676.4830322265625,57134400,0.0,0.0,0.0
2026-04-10,677.885949822129,678.5923930707559,675.0304203424645,676.0353393554688,42253500,0.0,0.0,0.0
2026-04-13,673.9955829678383,682.840788741459,673.1698101905051,682.6417846679688,54185800,0.0,0.0,0.0
2026-04-14,684.2238203737314,691.0791070995066,684.193942434314,690.959716796875,63480500,0.0,0.0,0.0
2026-04-15,691.7557051691649,696.7504224001667,690.7010502942645,696.412109375,58240400,0.0,0.0,0.0
2026-04-16,697.5264615426626,699.2378238459212,695.0092450197437,698.1234130859375,49972400,0.0,0.0,0.0
2026-04-17,702.5808909886877,708.7993894133457,702.2028014262665,706.5607299804688,70661900,0.0,0.0,0.0
2026-04-20,705.20752199003,706.3317705126415,702.5808139687996,705.1477661132812,43546800,0.0,0.0,0.0
2026-04-21,706.7000123508461,707.6949720613851,699.098505587723,700.53125,58941400,0.0,0.0,0.0
2026-04-22,705.5756906371417,707.8640857857167,704.6503246823615,707.6253051757812,42518500,0.0,0.0,0.0
2026-04-23,705.9239069650033,708.7694771316526,698.7403270820959,704.8792114257812,56174000,0.0,0.0,0.0
2026-04-24,707.1675680011435,710.8687887329964,705.4363479344694,710.3414916992188,45182000,0.0,0.0,0.0
2026-04-27,709.5754490929214,712.0230720129201,708.7098389427747,711.5653686523438,33135900,0.0,0.0,0.0
2026-04-28,708.2322548988411,709.2869098023077,705.6752010599358,708.1029052734375,43117400,0.0,0.0,0.0
2026-04-29,707.4163145996059,708.6102783309316,704.7995658491443,707.993408203125,41859200,0.0,0.0,0.0
2026-04-30,711.0280636665188,716.1620290590424,706.8691393587039,715.0377197265625,67240900,0.0,0.0,0.0
2026-05-01,717.6146516977453,721.216400793299,716.8385540170647,717.0177001953125,43049800,0.0,0.0,0.0
2026-05-04,716.4406056700121,718.4802608161392,711.3861936216806,714.3909912109375,51950600,0.0,0.0,0.0
2026-05-05,718.1320898558575,721.3855668152729,717.8534719876392,720.1220092773438,36933200,0.0,0.0,0.0
2026-05-06,724.489821452625,730.8874657022126,724.1515691652952,730.1312866210938,53288900,0.0,0.0,0.0
2026-05-07,731.3451201928577,732.4196936796947,726.0718458933673,727.8926391601562,51724600,0.0,0.0,0.0
2026-05-08,731.2257166531052,734.359863963193,730.8675457398152,733.9021606445312,47227100,0.0,0.0,0.0
2026-05-11,732.7380586745534,737.0561496205491,732.7380586745534,735.5736694335938,44024000,0.0,0.0,0.0
2026-05-12,733.1758744234386,735.1160580011854,728.1413807257971,734.4593505859375,54185300,0.0,0.0,0.0
2026-05-13,734.7478704606156,740.1604537310201,731.7629913201908,738.5685424804688,44200200,0.0,0.0,0.0
2026-05-14,739.9018102364839,745.7521781705404,739.8122371427646,744.3989868164062,45307600,0.0,0.0,0.0
2026-05-15,738.0511867146383,739.712813256131,734.2405345152865,735.4443969726562,60410800,0.0,0.0,0.0
2026-05-18,736.1010471042457,737.682999009625,729.6935042484962,734.927001953125,47843900,0.0,0.0,0.0
2026-05-19,731.0764945153984,733.9320239063612,727.8428755921286,730.03173828125,54255900,0.0,0.0,0.0
2026-05-20,732.0018002736176,738.1307251173267,730.1909663879147,737.5138549804688,45768000,0.0,0.0,0.0
2026-05-21,734.9170485709385,741.1156280791548,733.3151780259534,738.9764404296875,43332200,0.0,0.0,0.0
2026-05-22,742.4787264390759,745.1651298094138,740.7275876279662,741.8817749023438,41762000,0.0,0.0,0.0
2026-05-26,746.2297301040182,748.3390397979183,744.5979816306177,746.8068237304688,41123600,0.0,0.0,0.0
2026-05-27,747.0952952420212,747.5927750592914,744.4486686067338,746.6774291992188,42106300,0.0,0.0,0.0
2026-05-28,746.4685193943138,751.3438462445121,745.4536410614309,750.7965698242188,41562600,0.0,0.0,0.0
2026-05-29,752.0900813404212,754.2590862562773,750.8861582097875,752.6671142578125,55075700,0.0,0.0,0.0
2026-06-01,751.5527103892452,756.4479556154175,750.886104424133,754.7166748046875,43634900,0.0,0.0,0.0
2026-06-02,753.2144012702464,756.5674107365072,752.9357833937803,755.7415771484375,31581900,0.0,0.0,0.0
2026-06-03,754.3287420712209,754.9754294579049,749.7718095132926,750.4384155273438,51402500,0.0,0.0,0.0
2026-06-04,748.3091480570178,754.4878695071194,747.6823186029123,753.2740478515625,49923000,0.0,0.0,0.0
2026-06-05,748.5181345185488,749.0255736853693,731.82274221843,733.83251953125,93989400,0.0,0.0,0.0
2026-06-08,739.6132273185567,741.5832888174093,734.4693026781229,735.4940795898438,49319100,0.0,0.0,0.0
2026-06-09,739.881935268434,743.1354731343894,718.9480036644643,733.3350830078125,87683500,0.0,0.0,0.0
2026-06-10,729.69352181897,734.6583610930755,721.6741489247238,721.7736206054688,60341300,0.0,0.0,0.0
2026-06-11,725.0868662900759,736.2702039965386,720.7587550057447,734.04150390625,86330500,0.0,0.0,0.0
2026-06-12,736.9766163198905,740.6877965432628,731.3252525489901,738.0113525390625,57079500,0.0,0.0,0.0
2026-06-15,748.0604304424444,752.8661028247,747.9709180763429,751.0254516601562,60176400,0.0,0.0,0.0
2026-06-16,750.7468576807364,751.6323864215939,746.100412710964,746.5481567382812,67093100,0.0,0.0,0.0
2026-06-17,747.5032315039188,748.3589429763433,735.4940609532621,737.225341796875,85945200,0.0,0.0,0.0
2026-06-18,745.907751654771,746.3765582049119,742.0173878962117,744.8902587890625,80875700,1.904,0.0,0.0
2026-06-22,745.8479411927095,748.321778689857,741.2892538871644,742.546142578125,46628100,0.0,0.0,0.0
2026-06-23,731.9922892059834,737.7978798883457,730.4860198600484,731.7628784179688,66846800,0.0,0.0,0.0
2026-06-24,733.3489180103626,738.1171068570358,729.0296875445486,731.4237060546875,57439500,0.0,0.0,0.0
2026-06-25,737.0796452204372,737.5385276888334,727.7927091295785,732.4810791015625,53934400,0.0,0.0,0.0
2026-06-26,727.144386135875,734.7056273477464,714.8050317832251,727.1842651367188,71034000,0.0,0.0,0.0
2026-06-29,734.7055914816465,739.7231001504891,730.27658724538,739.1644897460938,58035200,0.0,0.0,0.0
2026-06-30,739.4537599262709,746.1671307285668,739.0547872797607,744.9202270507812,55626000,0.0,0.0,0.0
2026-07-01,743.1545925484338,747.5835968507926,740.541087308444,743.9127197265625,47100900,0.0,0.0,0.0
2026-07-02,745.5486859530862,749.4489739445169,738.1969465958291,742.9351806640625,57447800,0.0,0.0,0.0
2026-07-06,746.885320136641,750.5462122974698,745.5585975722108,749.4190673828125,50673300,0.0,0.0,0.0
2026-07-07,748.3616416292718,749.0998597580657,743.364102770238,745.85791015625,43721500,0.0,0.0,0.0
2026-07-08,741.3191472958572,744.3017921335774,737.6782249675691,743.5536499023438,43767400,0.0,0.0,0.0
2026-07-09,745.4987759890873,750.1073272936331,743.7431866839036,749.8480224609375,41441700,0.0,0.0,0.0
2026-07-10,750.187115173852,753.5487626123848,746.2468873823584,753.0799560546875,42191300,0.0,0.0,0.0
2026-07-13,750.6060836597362,752.0425191788765,746.1471851864706,747.3142700195312,44013600,0.0,0.0,0.0
2026-07-14,749.0499474324819,751.4739818301254,746.8055207475287,749.9677124023438,35143100,0.0,0.0,0.0
2026-07-15,752.3717122204262,753.7084197839658,748.3417413555546,752.9403076171875,43844800,0.0,0.0,0.0
2026-07-16,750.8953984161742,752.7009125511715,746.0274814662645,748.8604125976562,46409800,0.0,0.0,0.0
2026-07-17,740.241827732839,745.438883195828,738.9649691671198,741.4487915039062,62651000,0.0,0.0,0.0
2026-07-20,745.2094908804986,746.8753371556621,739.6732506975046,740.2518310546875,50422300,0.0,0.0,0.0
2026-07-21,744.4413918284653,747.1845799829406,742.3366329839115,746.426513671875,34324300,0.0,0.0,0.0
2026-07-22,744.7705725456777,748.1621748950539,744.5211918106933,745.55859375,32836200,0.0,0.0,0.0
2026-07-23,737.5385562389782,740.7206569606348,733.3888874570794,736.3515014648438,55437300,0.0,0.0,0.0
2026-07-24,736.6806667930385,741.8777222786117,735.4636571620507,737.099609375,44782000,0.0,0.0,0.0
2026-07-27,743.0648074406847,743.6833276942111,734.0472217265344,737.25927734375,41461200,0.0,0.0,0.0
2026-07-28,737.3589950224286,740.9500533043114,734.156924420905,739.0248413085938,47322200,0.0,0.0,0.0
2026-07-29,738.1370526174048,740.8403618199718,727.2939826612791,727.6531372070312,70697200,0.0,0.0,0.0
2026-07-30,734.2267392747757,740.6109103701467,732.7703947650456,739.852783203125,66811300,0.0,0.0,0.0
2026-07-31,742.835410914187,747.0449895804718,735.8527500027326,745.1796264648438,62445900,0.0,0.0,0.0
2026-08-03,747.5836183167282,756.7009928898597,746.9451890027125,755.793212890625,59927500,0.0,0.0,0.0
2026-08-04,758.7458651152236,771.494176400126,758.6361522059436,769.4193725585938,69154800,0.0,0.0,0.0
2026-08-05,773.928165423025,774.9256883846499,767.6039039413469,767.8831787109375,44689100,0.0,0.0,0.0
2026-08-06,768.3021872511085,769.9081846177485,765.5589990885744,766.65625,38416900,0.0,0.0,0.0
2026-08-07,769.1101628301597,772.0029428489042,767.703621378493,771.3446044921875,43586300,0.0,0.0,0.0
2026-08-10,770.6861849056471,773.1301282404592,769.7086319253093,771.1151733398438,39249500,0.0,0.0,0.0
2026-08-11,772.6115040483734,772.6912620504304,767.2946895097219,768.6513061523438,36740600,0.0,0.0,0.0
2026-08-12,772.7910096110111,772.9805414027246,769.369513273419,770.5764770507812,33179100,0.0,0.0,0.0
2026-08-13,772.9506321027081,777.4394855444215,772.1925048911166,775.9531860351562,35634500,0.0,0.0,0.0
2026-08-14,776.6114939657781,776.8708596736758,773.509212209858,774.4169921875,31367900,0.0,0.0,0.0
2026-08-17,774.2573577843602,774.8559080861019,770.5964655970525,770.7560424804688,34356600,0.0,0.0,0.0
2026-08-18,766.7959149360092,767.5939211307613,765.0202948350139,765.5490112304688,43920900,0.0,0.0,0.0
2026-08-19,768.4517358705159,770.5564946026684,766.1973243479778,767.1549682617188,40306000,0.0,0.0,0.0
2026-08-20,764.0627220124634,766.2472997692572,760.1523881029335,760.7109985351562,45520300,0.0,0.0,0.0
2026-08-21,764.1524418077088,765.9479709365374,762.2770937955632,763.8232421875,39188700,0.0,0.0,0.0
2026-08-24,762.8856098637509,763.3244615010249,760.1922857963137,761.5787963867188,32430900,0.0,0.0,0.0
2026-08-25,764.262137078792,764.8806573052586,761.159855395616,764.0127563476562,27422300,0.0,0.0,0.0
2026-08-26,762.8356805789958,765.449185749943,762.0376744224566,764.182373046875,28751600,0.0,0.0,0.0
2026-08-27,766.5964060257239,770.4468300957561,765.2596984507333,769.18994140625,34557100,0.0,0.0,0.0
2026-08-28,769.8483393622295,773.3795487683207,766.4068729286823,767.4442749023438,36744300,0.0,0.0,0.0
2026-08-31,765.4292990280279,766.097622354185,762.8257178677422,765.1499633789062,38810800,0.0,0.0,0.0
2026-09-01,760.1224772031874,762.7758614763637,757.5987149009983,759.89306640625,41126300,0.0,0.0,0.0
2026-09-02,760.5614001563074,764.5315220914426,759.8431519587122,763.2646484375,29566200,0.0,0.0,0.0
2026-09-03,765.99791709853,772.112737807933,765.5490195828438,771.2548217773438,43531600,0.0,0.0,0.0
2026-09-04,770.0977256925568,770.9555808433835,767.0951717806925,768.2822265625,34054200,0.0,0.0,0.0
2026-09-08,767.1649647963771,767.7934091111229,763.2447069992287,764.0626831054688,44746100,0.0,0.0,0.0
2026-09-09,762.1873669257697,762.5763546117217,759.055130192088,760.5115356445312,32812400,0.0,0.0,0.0
2026-09-10,756.1523365872063,758.2271404471661,754.7657651010062,755.9528198242188,42740400,0.0,0.0,0.0
2026-09-11,762.8257171109622,764.4816392943262,761.7084962835214,762.3967895507812,45512700,0.0,0.0,0.0
2026-09-14,757.119891309806,761.6287143614769,756.0525344863368,758.9952392578125,43992400,0.0,0.0,0.0
2026-09-15,758.2371341657202,758.4665449596201,754.2769973083872,755.513916015625,46195000,0.0,0.0,0.0
2026-09-16,757.6187023523285,759.7833101686804,747.7432005092232,752.1821899414062,59217700,0.0,0.0,0.0
2026-09-17,761.2596848801362,761.6786274833105,758.0775841455181,760.7109985351562,49652800,0.0,0.0,0.0
2026-09-18,761.3099975585938,762.0,757.969970703125,761.6900024414062,65395100,1.889,0.0,0.0
2026-09-21,766.25,774.8900146484375,766.030029296875,773.5,50484700,0.0,0.0,0.0
2026-09-22,774.030029296875,775.1400146484375,772.5700073242188,773.3800048828125,34802300,0.0,0.0,0.0
2026-09-23,772.7899780273438,773.0499877929688,766.5,767.8099975585938,54931700,0.0,0.0,0.0
2026-09-24,764.0700073242188,768.9500122070312,763.25,767.1799926757812,43983700,0.0,0.0,0.0
2026-09-25,768.780029296875,772.280029296875,766.2899780273438,771.3499755859375,36629600,0.0,0.0,0.0
